date,open,high,low,close,volume,quote_volume,trades
2021-04-17,441.31800000,462.17600000,418.26200000,425.00000000,144154.81600000,63467114.43141000,112357
2021-04-18,425.00100000,428.77500000,280.72700000,381.49800000,467760.75700000,173470065.00993100,368810
2021-04-19,381.30000000,398.32900000,340.54600000,344.14200000,232671.51900000,86100304.06410300,184240
2021-04-20,344.60200000,371.35700000,309.05000000,360.44900000,256030.58700000,88642100.56217300,272646
2021-04-21,360.69900000,384.70100000,341.44700000,351.43100000,214484.79200000,78136819.90616700,226588
2021-04-22,351.43100000,415.13400000,343.06200000,359.70900000,435741.36100000,166196984.53306600,420839
2021-04-23,359.82100000,372.27100000,308.12000000,343.38600000,418595.21800000,139283758.94175800,278209
2021-04-24,343.81600000,344.44200000,314.13700000,317.33100000,147934.68100000,48588917.20932400,102354
2021-04-25,317.33200000,353.79100000,314.75300000,348.53000000,145310.17460000,48982869.22446910,113015
2021-04-26,348.98000000,409.11000000,345.43000000,405.65000000,321545.86880000,125008959.85110630,261753
2021-04-27,405.21000000,453.01000000,394.06000000,440.70000000,318605.47650000,135316576.29316900,307183
2021-04-28,440.86000000,486.71200000,423.01000000,460.88000000,427915.33540000,196809183.84495420,356730
2021-04-29,460.99000000,463.23000000,423.77000000,438.96000000,244980.12990000,109095041.92787500,138634
2021-04-30,438.95000000,462.08000000,429.07000000,444.72000000,234640.05390000,103171295.55306100,138383
2021-05-01,444.72000000,512.00000000,436.27000000,504.47000000,352307.57670000,169248097.74987380,320855
2021-05-02,504.60000000,510.00000000,470.60000000,482.41000000,212962.02130000,103724763.07757600,134436
2021-05-03,482.41000000,535.00000000,481.04000000,518.22000000,280956.00900000,144481534.84124800,267001
2021-05-04,518.62000000,519.95000000,442.14000000,448.10000000,374734.92990000,178709503.75679900,274589
2021-05-05,448.03000000,485.00000000,439.43000000,480.40000000,219568.82680000,101671908.06717000,159950
2021-05-06,480.79000000,482.31000000,440.00000000,452.93000000,196776.23380000,90858464.41462700,152931
2021-05-07,452.94000000,469.64000000,432.15000000,445.13000000,157154.56230000,70866368.14702300,127533
2021-05-08,445.33000000,475.65000000,440.27000000,466.90000000,118733.59780000,54400512.75032700,104189
2021-05-09,466.86000000,469.98000000,440.64000000,459.51000000,108532.97560000,49517583.53833200,86590
2021-05-10,459.44000000,482.46000000,400.00000000,433.48000000,193342.49050000,88043397.83148800,180557
2021-05-11,433.02000000,459.34000000,417.40000000,457.28000000,141927.16960000,62184834.88040800,127998
2021-05-12,457.73000000,598.00000000,455.98000000,513.81000000,1027598.07860000,561350359.76867600,1107486
2021-05-13,513.81000000,621.00000000,450.00000000,509.33000000,976961.41740000,536546277.55163900,890105
2021-05-14,508.87000000,634.32000000,505.61000000,594.78000000,443099.65820000,255286597.19882500,485997
2021-05-15,594.80000000,611.00000000,508.31000000,517.89000000,336189.73370000,186997832.41528800,258370
2021-05-16,517.20000000,562.72000000,477.35000000,527.88000000,299952.73420000,155998209.75380000,241228
2021-05-17,527.84000000,593.89000000,470.00000000,572.26000000,546539.80500000,299656211.19428300,531132
2021-05-18,572.45000000,668.00000000,562.04000000,628.75000000,706129.49830000,445857191.58806500,700479
2021-05-19,628.37000000,649.86000000,350.00000000,414.36000000,1181213.45150000,619811608.05115000,886816
2021-05-20,413.95000000,509.00000000,351.56000000,467.22000000,613938.92880000,271436186.75378600,509129
2021-05-21,466.85000000,494.42000000,310.00000000,373.29000000,562543.93430000,223854691.15596100,408906
2021-05-22,372.88000000,382.78000000,310.00000000,334.87000000,436067.29220000,147637222.11198100,288165
2021-05-23,334.85000000,350.68000000,208.09000000,293.31000000,777740.89030000,212346102.34859400,378236
2021-05-24,293.08000000,397.67000000,286.39000000,387.06000000,603161.20790000,203883029.48440200,367331
2021-05-25,387.37000000,404.93000000,321.64000000,370.66000000,414097.34710000,148382244.21298200,336835
2021-05-26,370.30000000,418.00000000,357.29000000,414.57000000,402571.48350000,153263389.88108500,433911
2021-05-27,414.54000000,415.07000000,364.47000000,371.90000000,316297.03370000,121879650.50306500,369507
2021-05-28,372.00000000,376.60000000,304.00000000,319.80000000,386903.23780000,130038611.72540600,354765
2021-05-29,320.21000000,335.81000000,280.30000000,298.02000000,252141.73860000,77780908.13744200,186552
2021-05-30,297.87000000,339.30000000,281.43000000,324.38000000,188588.28380000,59984265.54123300,166800
2021-05-31,324.38000000,385.41000000,304.36000000,382.44000000,338881.08280000,118139646.42226300,318290
2021-06-01,382.40000000,393.56000000,360.70000000,373.13000000,311375.34660000,117021562.56014100,315933
2021-06-02,372.85000000,402.30000000,361.51000000,384.24000000,208923.16780000,80171518.97442100,215133
2021-06-03,384.23000000,409.38000000,376.16000000,398.36000000,177686.94520000,70139683.68615200,214132
2021-06-04,398.19000000,398.86000000,346.42000000,373.11000000,229261.99470000,84339158.27177000,205383
2021-06-05,373.11000000,391.70000000,347.03000000,356.22000000,178930.13690000,66547425.81219100,180612
2021-06-06,356.24000000,368.46000000,354.49000000,365.48000000,68754.66350000,24889692.04588000,56918
2021-06-07,365.73000000,387.76000000,331.54000000,334.54000000,182850.34440000,67541485.34755600,186603
2021-06-08,334.51000000,339.21000000,296.37000000,329.30000000,213810.62300000,68644754.49865600,169911
2021-06-09,329.31000000,343.89000000,305.57000000,338.85000000,188262.96760000,61801739.21123700,155945
2021-06-10,338.99000000,339.99000000,303.84000000,310.29000000,118220.47120000,37991085.30223600,90449
2021-06-11,310.41000000,315.20000000,280.52000000,285.33000000,128679.16190000,38633840.46074200,90031
2021-06-12,285.53000000,289.37000000,265.68000000,278.49000000,136891.93890000,37933654.53376600,90002
2021-06-13,278.55000000,318.18000000,266.68000000,316.27000000,182230.20440000,52851713.60130000,121417
2021-06-14,316.30000000,336.49000000,308.57000000,318.19000000,180494.17620000,57677237.16530700,156798
2021-06-15,318.20000000,327.48000000,306.78000000,311.78000000,106084.08460000,33714257.34246100,81102
2021-06-16,311.69000000,313.98000000,287.35000000,290.71000000,95598.85350000,28715714.17457300,79973
2021-06-17,290.72000000,305.49000000,285.16000000,293.21000000,69912.57600000,20656676.92666700,55339
2021-06-18,293.25000000,293.77000000,252.74000000,265.11000000,146028.06760000,39383666.56182700,91478
2021-06-19,265.08000000,270.10000000,254.38000000,254.59000000,80174.91780000,21093061.42022400,55859
2021-06-20,254.68000000,277.24000000,242.07000000,272.67000000,148498.38310000,38591783.89756200,102766
2021-06-21,272.85000000,275.75000000,206.00000000,212.64000000,299648.88680000,69942372.47652500,169606
2021-06-22,212.69000000,224.00000000,170.10000000,206.12000000,572892.02200000,113226864.54545700,249620
2021-06-23,206.14000000,229.65000000,196.90000000,207.65000000,365959.38910000,79080107.41542700,170021
2021-06-24,207.53000000,218.38000000,193.08000000,211.28000000,223463.37880000,45714740.05148700,105356
2021-06-25,211.37000000,214.86000000,185.12000000,186.86000000,192411.99390000,37857787.83280500,103483
2021-06-26,186.76000000,193.37000000,176.32000000,187.29000000,163389.72620000,29985620.50739200,85013
2021-06-27,187.17000000,203.29000000,183.06000000,202.87000000,206406.77830000,39949093.86929300,99464
2021-06-28,202.93000000,233.22000000,200.62000000,227.37000000,261935.83800000,57188272.73353400,135658
2021-06-29,227.32000000,253.32000000,226.04000000,238.22000000,280295.68930000,67977222.40982100,156439
2021-06-30,238.03000000,252.58000000,219.71000000,251.08000000,273789.07010000,63957746.60711000,137684
2021-07-01,250.96000000,253.02000000,227.22000000,230.17000000,234518.73540000,56171198.44029400,120428
2021-07-02,230.18000000,234.96000000,215.62000000,234.12000000,183917.22910000,41470830.35063900,88933
2021-07-03,234.05000000,267.08000000,227.75000000,259.42000000,275045.42190000,69695918.49256300,174013
2021-07-04,259.41000000,289.90000000,248.03000000,277.00000000,287632.63230000,78466324.73447100,178073
2021-07-05,277.00000000,318.40000000,260.42000000,308.22000000,595969.28720000,170563848.06794000,326017
2021-07-06,308.10000000,347.53000000,308.06000000,316.49000000,680686.43980000,223166172.36131400,478196
2021-07-07,316.49000000,331.70000000,310.06000000,314.83000000,301732.43670000,96893100.02579500,218858
2021-07-08,314.76000000,315.68000000,275.96000000,291.36000000,541972.36490000,160217718.58474500,272599
2021-07-09,291.34000000,314.72000000,276.00000000,303.00000000,414420.67900000,122798463.46435800,239538
2021-07-10,303.07000000,311.87000000,288.21000000,294.70000000,181454.03350000,54179514.59655600,112592
2021-07-11,294.66000000,311.00000000,286.03000000,305.09000000,171310.89250000,51440949.51391700,115461
2021-07-12,305.10000000,321.95000000,291.18000000,296.73000000,249947.84670000,76845224.29023500,164225
2021-07-13,296.73000000,297.74000000,267.45000000,271.23000000,196443.93730000,55666837.56645800,112939
2021-07-14,271.23000000,285.59000000,251.85000000,279.29000000,300658.57600000,81160253.65118100,164677
2021-07-15,279.34000000,288.38000000,265.38000000,272.30000000,247936.75410000,68226002.62688500,138754
2021-07-16,272.28000000,279.79000000,252.20000000,253.13000000,159349.19790000,42179701.92945900,100794
2021-07-17,253.14000000,259.06000000,245.01000000,253.14000000,132529.37760000,33426748.88187700,79306
2021-07-18,253.14000000,267.96000000,250.69000000,253.68000000,107331.60640000,27840295.87866000,70082
2021-07-19,253.88000000,255.99000000,232.93000000,238.51000000,147774.60780000,35753233.45389900,81768
2021-07-20,238.45000000,242.41000000,212.54000000,223.03000000,191015.86020000,42535420.79510400,99444
2021-07-21,223.39000000,263.48000000,216.99000000,259.45000000,247998.96930000,60787289.50323000,153030
2021-07-22,259.45000000,280.33000000,256.67000000,278.66000000,225622.72760000,60639509.46295700,155722
2021-07-23,278.54000000,293.00000000,268.00000000,290.00000000,218991.40700000,61590177.07872000,152300
2021-07-24,289.99000000,299.05000000,280.85000000,287.67000000,176431.36280000,51277465.80241400,120951
2021-07-25,287.89000000,293.18000000,271.90000000,288.07000000,142260.15450000,40243201.41141600,91626
2021-07-26,287.89000000,335.52000000,285.66000000,302.43000000,462405.86750000,147006462.78677100,379875
2021-07-27,302.53000000,312.36000000,283.29000000,299.94000000,323347.19870000,96433274.08535400,196196
2021-07-28,299.98000000,309.00000000,292.02000000,297.92000000,188239.94380000,56483669.56335400,130197
2021-07-29,298.04000000,315.75000000,292.41000000,312.00000000,164845.90960000,50283555.02565400,120218
2021-07-30,312.00000000,323.85000000,300.00000000,320.49000000,178825.66180000,55873978.49019700,142413
2021-07-31,320.39000000,333.00000000,312.69000000,331.10000000,129435.47440000,41475499.95359700,129362
2021-08-01,331.11000000,339.59000000,313.51000000,316.38000000,152042.08040000,50057603.13138700,163308
2021-08-02,316.38000000,329.02000000,309.01000000,320.40000000,113543.72480000,36347154.85973500,102966
2021-08-03,320.32000000,324.04000000,301.97000000,308.74000000,113981.44500000,35319962.11965600,87510
2021-08-04,308.49000000,343.00000000,300.26000000,339.02000000,162734.42320000,52520612.01708800,175910
2021-08-05,339.01000000,383.00000000,336.87000000,372.78000000,381289.32820000,137264631.10597800,459655
2021-08-06,372.97000000,379.48000000,356.95000000,369.60000000,175602.38330000,64646978.01601500,163306
2021-08-07,369.76000000,400.02000000,365.10000000,385.07000000,201211.63160000,76759978.80515000,279063
2021-08-08,385.12000000,389.45000000,352.00000000,360.72000000,123004.40700000,45681191.21073300,125461
2021-08-09,360.82000000,384.86000000,347.36000000,374.01000000,141330.96130000,52228161.59904800,152714
2021-08-10,374.02000000,400.00000000,367.86000000,384.14000000,168365.75130000,64753883.08116400,202519
2021-08-11,383.99000000,420.00000000,382.60000000,402.42000000,202514.70590000,82492607.50860600,255007
2021-08-12,402.62000000,417.92000000,375.93000000,392.17000000,140282.89850000,55653757.91529900,163664
2021-08-13,392.27000000,428.28000000,387.87000000,427.50000000,145749.78850000,60713991.82022400,173837
2021-08-14,427.52000000,428.25000000,404.15000000,414.38000000,104107.12260000,43243307.29044300,143490
2021-08-15,414.39000000,416.11000000,391.24000000,410.27000000,124038.81210000,49855767.14458200,129651
2021-08-16,410.14000000,446.66000000,407.87000000,412.59000000,265650.03730000,113798127.87421200,366423
2021-08-17,412.59000000,448.44000000,380.52000000,381.46000000,263870.28270000,109974342.61550600,374022
2021-08-18,381.44000000,397.55000000,361.27000000,380.22000000,218560.94580000,83450095.44835800,174837
2021-08-19,380.25000000,405.40000000,370.49000000,405.40000000,148762.63760000,57204503.62092800,133587
2021-08-20,405.31000000,420.82000000,403.22000000,409.20000000,143871.08600000,59095970.63553100,176343
2021-08-21,409.27000000,415.84000000,393.25000000,399.91000000,137607.94900000,55854244.36707700,149849
2021-08-22,399.91000000,408.63000000,385.75000000,400.98000000,83066.01890000,33080104.73412900,102877
2021-08-23,400.98000000,415.49000000,399.13000000,408.35000000,130982.40440000,53580151.49513400,158106
2021-08-24,408.35000000,414.01000000,370.00000000,377.97000000,117344.30490000,46059176.89694600,137880
2021-08-25,377.98000000,386.12000000,363.50000000,384.16000000,103418.25010000,38951050.22287400,107721
2021-08-26,384.17000000,389.30000000,340.90000000,350.70000000,112812.22710000,40594565.64854800,103328
2021-08-27,350.50000000,375.40000000,343.80000000,372.80000000,113318.63670000,40963736.11122700,94130
2021-08-28,372.60000000,375.90000000,361.70000000,367.20000000,64113.91200000,23541975.33171900,53407
2021-08-29,367.10000000,377.50000000,355.50000000,364.10000000,83041.75660000,30223758.69333900,80047
2021-08-30,363.90000000,377.00000000,345.90000000,357.60000000,114782.01100000,41475623.01740000,110633
2021-08-31,357.90000000,398.20000000,350.50000000,391.70000000,216322.43960000,81712273.24081100,243432
2021-09-01,391.70000000,414.20000000,381.90000000,413.10000000,231975.59850000,93103821.74781900,273028
2021-09-02,413.20000000,415.00000000,398.80000000,399.40000000,103052.85140000,41829070.55465600,119139
2021-09-03,399.30000000,408.00000000,387.80000000,395.00000000,127761.84900000,50821151.64210000,129750
2021-09-04,395.00000000,406.70000000,390.60000000,397.80000000,89592.69600000,35728090.40450000,90092
2021-09-05,398.00000000,425.70000000,394.60000000,416.80000000,178856.84990000,74452946.80622800,233034
2021-09-06,416.90000000,425.00000000,395.00000000,408.70000000,143054.61500000,59054289.26080000,154397
2021-09-07,408.70000000,409.40000000,309.10000000,346.70000000,328526.73290000,117357868.48903100,299951
2021-09-08,346.70000000,353.20000000,311.80000000,330.50000000,239682.59500000,80291045.51070000,164533
2021-09-09,330.60000000,350.70000000,324.30000000,330.50000000,150482.95700000,50819332.60730000,124305
2021-09-10,330.60000000,340.20000000,304.30000000,312.20000000,155908.73120000,50258545.44327700,113379
2021-09-11,312.10000000,340.10000000,310.70000000,328.60000000,99820.36900000,32468190.07510000,92113
2021-09-12,328.60000000,348.70000000,321.60000000,333.30000000,112163.68500000,37724902.75160000,107985
2021-09-13,333.30000000,337.40000000,303.10000000,330.90000000,137457.19000000,43746151.27886900,114158
2021-09-14,331.00000000,390.70000000,327.60000000,384.70000000,292237.49500000,106229863.05378000,312869
2021-09-15,384.70000000,418.00000000,376.10000000,414.50000000,277562.71700000,109021540.95970000,312130
2021-09-16,414.50000000,414.90000000,370.60000000,384.00000000,238619.16800000,94199663.42880000,254354
2021-09-17,383.90000000,390.00000000,350.20000000,353.90000000,159639.02300000,58750695.11860000,129034
2021-09-18,353.90000000,369.00000000,346.80000000,355.10000000,103616.38200000,37216389.39060000,72645
2021-09-19,355.30000000,358.00000000,335.00000000,340.00000000,88851.51500000,30890186.22420000,70324
2021-09-20,340.00000000,341.00000000,287.70000000,291.90000000,217271.39220000,66848771.91725300,152718
2021-09-21,291.90000000,306.90000000,259.90000000,271.70000000,172544.37240000,49432313.63500700,118811
2021-09-22,271.50000000,303.70000000,266.00000000,301.90000000,165992.04800000,47961251.56740000,98491
2021-09-23,301.80000000,309.70000000,294.00000000,308.90000000,99137.57100000,30030140.75690000,73961
2021-09-24,308.90000000,311.90000000,262.10000000,280.80000000,180971.26000000,51326134.16420000,119292
2021-09-25,280.70000000,284.10000000,268.00000000,274.30000000,82396.75800000,22807494.26560000,67685
2021-09-26,274.30000000,300.60000000,252.00000000,293.30000000,199488.43610000,55991778.18759900,147368
2021-09-27,293.40000000,309.50000000,272.90000000,273.40000000,121832.49700000,35656692.04730000,93211
2021-09-28,273.20000000,277.70000000,259.70000000,260.90000000,103469.35800000,27893729.83930000,67358
2021-09-29,261.00000000,277.60000000,259.10000000,265.10000000,78559.27400000,21086487.43340000,55645
2021-09-30,265.10000000,281.50000000,263.70000000,276.30000000,74430.13100000,20411601.84540000,52111
2021-10-01,276.40000000,304.40000000,271.90000000,302.50000000,133316.66000000,38860683.17270000,102755
2021-10-02,302.60000000,323.70000000,297.00000000,313.80000000,116618.89800000,36206764.39900000,110936
2021-10-03,313.80000000,323.50000000,308.40000000,310.60000000,103424.99300000,32579591.48110000,79720
2021-10-04,310.50000000,311.30000000,290.70000000,300.70000000,118833.01200000,35965122.36990000,88506
2021-10-05,300.80000000,310.00000000,296.10000000,307.50000000,98805.70200000,29999296.33520000,77265
2021-10-06,307.60000000,318.00000000,284.40000000,311.80000000,154231.11400000,46965843.52590000,139733
2021-10-07,311.80000000,313.70000000,298.70000000,305.90000000,93383.70200000,28652083.31100000,80149
2021-10-08,305.80000000,324.90000000,303.20000000,307.00000000,104166.53400000,32817915.69900000,105214
2021-10-09,307.60000000,313.20000000,304.00000000,307.10000000,46230.58900000,14289809.08110000,36874
2021-10-10,307.40000000,307.90000000,286.70000000,287.90000000,55289.41700000,16544989.09380000,53903
2021-10-11,287.80000000,302.00000000,283.00000000,290.60000000,62940.68300000,18379028.59060000,55551
2021-10-12,290.50000000,290.60000000,270.80000000,284.00000000,94921.81900000,26570918.42710000,77257
2021-10-13,284.00000000,302.80000000,282.00000000,297.40000000,126532.22100000,36772716.53580000,115907
2021-10-14,297.40000000,320.00000000,293.20000000,303.70000000,124887.08600000,37786455.14290000,126491
2021-10-15,303.60000000,305.10000000,292.10000000,301.50000000,89407.89200000,26869431.87560000,74649
2021-10-16,301.50000000,319.90000000,299.50000000,304.70000000,92924.88100000,28702472.78660000,97535
2021-10-17,304.90000000,321.20000000,291.60000000,304.40000000,95845.84100000,29657246.08640000,106955
2021-10-18,304.50000000,308.30000000,289.70000000,294.20000000,65271.96000000,19445148.80450000,62527
2021-10-19,294.10000000,304.30000000,292.60000000,303.40000000,65804.57000000,19690152.84770000,56186
2021-10-20,303.60000000,317.60000000,296.40000000,316.60000000,84115.77700000,25836183.85450000,99193
2021-10-21,316.60000000,338.00000000,310.40000000,315.00000000,144828.40600000,46901812.43280000,218533
2021-10-22,314.80000000,326.90000000,305.80000000,310.20000000,80197.24900000,25373765.41280000,80288
2021-10-23,310.20000000,324.30000000,307.30000000,324.00000000,53868.19100000,17052398.39230000,62665
2021-10-24,324.10000000,325.30000000,299.80000000,307.80000000,74284.83400000,23042617.65870000,76618
2021-10-25,307.70000000,316.90000000,306.40000000,312.80000000,65895.45200000,20520973.05240000,59090
2021-10-26,312.80000000,345.50000000,312.20000000,328.80000000,200765.33500000,66894971.01540000,305679
2021-10-27,329.20000000,459.00000000,322.80000000,324.40000000,1345047.82810000,513139740.60545000,1112958
2021-10-28,324.60000000,349.70000000,317.10000000,339.10000000,349511.77800000,115779883.46590000,274484
2021-10-29,339.10000000,347.90000000,324.70000000,328.10000000,197835.86900000,66176289.46910000,182865
2021-10-30,328.10000000,328.60000000,312.40000000,319.00000000,138900.95600000,44546800.63200000,119371
2021-10-31,318.90000000,323.00000000,300.30000000,314.20000000,113464.75300000,35417650.45290000,102831
2021-11-01,314.30000000,324.40000000,301.90000000,324.10000000,125073.51600000,39633359.00350000,135869
2021-11-02,324.20000000,328.20000000,317.50000000,324.80000000,84076.80300000,27181732.67670000,100476
2021-11-03,324.90000000,326.30000000,311.10000000,325.20000000,150808.62600000,48088518.75750000,217469
2021-11-04,325.20000000,335.70000000,313.00000000,332.80000000,160758.02200000,52010484.06580000,318626
2021-11-05,332.80000000,347.00000000,323.90000000,326.40000000,171235.49400000,57646264.14720000,327274
2021-11-06,326.40000000,327.30000000,307.10000000,318.20000000,114167.60300000,36125214.72560000,133699
2021-11-07,318.30000000,323.80000000,316.20000000,319.90000000,65511.14500000,20971595.09470000,81805
2021-11-08,319.90000000,335.40000000,318.50000000,332.00000000,123587.06500000,40362299.31610000,193347
2021-11-09,332.20000000,349.90000000,326.30000000,336.50000000,260663.84300000,88723308.79230000,470570
2021-11-10,336.50000000,346.70000000,295.20000000,312.60000000,262918.80400000,86019110.92610000,395805
2021-11-11,312.40000000,319.20000000,307.10000000,311.90000000,97829.48000000,30681964.23750000,129018
2021-11-12,311.80000000,313.80000000,295.90000000,308.60000000,117436.98600000,35935673.64000000,162857
2021-11-13,308.50000000,314.50000000,302.80000000,312.60000000,79659.77400000,24605248.75550000,92933
2021-11-14,312.60000000,317.60000000,309.60000000,315.10000000,84935.86400000,26603527.08310000,92004
2021-11-15,315.30000000,317.30000000,299.10000000,301.70000000,119735.53400000,37099479.18930000,112393
2021-11-16,301.70000000,301.80000000,263.70000000,278.20000000,226930.15600000,64048136.51490000,237771
2021-11-17,278.10000000,287.90000000,267.50000000,284.50000000,130514.08500000,36271005.22850000,143993
2021-11-18,284.40000000,288.40000000,255.20000000,262.50000000,130065.39000000,35369082.87490000,141408
2021-11-19,262.70000000,280.60000000,257.80000000,279.10000000,102580.89900000,27783180.43620000,98970
2021-11-20,279.30000000,280.90000000,267.20000000,274.10000000,101858.04400000,27953995.92090000,85158
2021-11-21,274.10000000,274.30000000,264.00000000,266.40000000,96813.61500000,25987710.18600000,85367
2021-11-22,266.70000000,268.80000000,256.20000000,263.80000000,112151.33900000,29448809.62750000,112804
2021-11-23,263.60000000,277.60000000,261.30000000,269.80000000,181310.95600000,49031019.67300000,191454
2021-11-24,269.80000000,272.10000000,251.10000000,254.30000000,111013.89070000,28725483.90425700,100262
2021-11-25,254.20000000,264.10000000,252.20000000,263.10000000,123678.93500000,31985969.39710000,102524
2021-11-26,263.20000000,263.80000000,225.40000000,232.80000000,194860.05630000,46460360.71855200,179899
2021-11-27,232.80000000,243.40000000,229.90000000,232.90000000,66464.06900000,15777786.55200000,65818
2021-11-28,232.90000000,239.10000000,218.30000000,238.60000000,76326.88500000,17485662.79010000,83988
2021-11-29,238.60000000,251.20000000,233.10000000,249.70000000,80993.38700000,19514534.81384000,101215
2021-11-30,249.70000000,264.10000000,244.40000000,256.70000000,153718.10600000,39239328.51750000,234277
2021-12-01,256.80000000,268.80000000,249.10000000,250.70000000,112982.83500000,29625730.37350000,158416
2021-12-02,250.50000000,250.80000000,240.10000000,244.70000000,75737.59600000,18544424.33410000,81558
2021-12-03,244.60000000,246.10000000,217.60000000,225.60000000,99595.34330000,23366255.46146000,105643
2021-12-04,225.50000000,226.20000000,159.20000000,202.80000000,408188.72910000,77185739.40305200,258161
2021-12-05,202.80000000,206.20000000,186.60000000,191.60000000,110471.44900000,21658859.49320000,79519
2021-12-06,191.60000000,191.80000000,167.90000000,184.60000000,300726.60300000,53604585.33450000,129382
2021-12-07,184.50000000,197.30000000,180.60000000,186.90000000,163957.82900000,30938833.84580000,104623
2021-12-08,186.80000000,203.60000000,179.30000000,203.40000000,166148.65900000,31389773.57360000,115872
2021-12-09,203.40000000,203.90000000,176.50000000,176.70000000,136213.30800000,25762105.33480000,92338
2021-12-10,176.60000000,181.40000000,166.30000000,166.90000000,135380.54600000,23708209.33400000,78257
2021-12-11,166.80000000,181.10000000,162.70000000,181.10000000,79190.29900000,13747428.65950000,55552
2021-12-12,181.10000000,182.50000000,175.60000000,179.90000000,54676.03500000,9832460.84080000,35633
2021-12-13,179.70000000,180.80000000,157.60000000,162.30000000,92835.47400000,15525043.57295000,69242
2021-12-14,162.30000000,170.30000000,158.40000000,169.50000000,87941.22700000,14448485.09590000,61710
2021-12-15,169.30000000,175.70000000,158.90000000,172.90000000,128094.66800000,21566030.15820000,81297
2021-12-16,172.80000000,181.00000000,172.20000000,174.20000000,88461.73900000,15629383.85890000,67507
2021-12-17,174.10000000,188.70000000,162.00000000,187.30000000,144892.63400000,25237465.94710000,121660
2021-12-18,187.40000000,202.00000000,182.70000000,193.10000000,389522.75000000,75432188.92680000,290668
2021-12-19,193.00000000,193.30000000,182.10000000,183.30000000,92553.82900000,17342458.41290000,66798
2021-12-20,183.30000000,186.30000000,167.20000000,181.00000000,105734.13200000,18586271.95580000,93545
2021-12-21,181.00000000,186.70000000,178.80000000,185.90000000,92763.40600000,16933766.43500000,72602
2021-12-22,185.90000000,216.50000000,185.70000000,206.50000000,285902.03700000,58575112.51340000,284192
2021-12-23,206.60000000,248.40000000,203.80000000,246.90000000,448038.80000000,103364029.60250000,525321
2021-12-24,247.00000000,279.40000000,243.10000000,270.40000000,374399.92700000,97844944.55130000,583081
2021-12-25,270.30000000,280.80000000,257.40000000,263.70000000,211797.81300000,56749240.04360000,258085
2021-12-26,263.70000000,277.50000000,250.10000000,267.80000000,182402.86300000,47888604.56260000,213973
2021-12-27,268.10000000,293.30000000,265.60000000,277.50000000,229930.46000000,65153713.21510000,367915
2021-12-28,277.50000000,296.80000000,252.20000000,252.70000000,439629.19400000,121975669.35480000,623351
2021-12-29,252.60000000,259.50000000,234.80000000,236.30000000,256243.71700000,63677790.90080000,188500
2021-12-30,236.40000000,265.80000000,230.80000000,262.80000000,205841.28900000,51591046.27180000,187640
2021-12-31,262.70000000,275.60000000,249.00000000,253.90000000,220819.58100000,58305203.13710000,229019
2022-01-01,253.90000000,266.80000000,250.20000000,266.40000000,110355.45200000,28423195.09580000,109120
2022-01-02,266.30000000,269.10000000,253.10000000,265.30000000,122031.04100000,31733597.88170000,117211
2022-01-03,265.30000000,286.40000000,262.70000000,267.20000000,252013.49500000,69035139.98620000,318650
2022-01-04,267.20000000,269.50000000,249.80000000,252.10000000,173580.45300000,45173923.18110000,195741
2022-01-05,252.00000000,259.40000000,214.90000000,230.30000000,189611.08400000,46148761.67360000,208999
2022-01-06,230.10000000,233.10000000,214.30000000,221.00000000,222989.25200000,49931787.37560000,165705
2022-01-07,221.00000000,222.10000000,199.70000000,211.70000000,215595.28100000,45309212.98980000,172871
2022-01-08,211.80000000,231.10000000,200.50000000,212.30000000,244685.02400000,53329524.22260000,196274
2022-01-09,212.30000000,219.20000000,207.70000000,209.50000000,125345.26900000,26806164.24260000,93493
2022-01-10,209.50000000,213.70000000,186.70000000,199.90000000,206153.55800000,41060505.58220000,134614
2022-01-11,199.90000000,216.90000000,196.60000000,213.30000000,108697.97900000,22561158.25200000,102215
2022-01-12,213.20000000,222.60000000,210.50000000,218.50000000,104713.62100000,22826330.06830000,89902
2022-01-13,218.70000000,222.10000000,207.10000000,209.30000000,137541.45000000,29526827.36010000,117885
2022-01-14,209.40000000,227.00000000,204.00000000,223.90000000,145344.43900000,31322786.42540000,133137
2022-01-15,223.80000000,243.70000000,222.30000000,238.40000000,182510.09000000,42763065.71140000,187542
2022-01-16,238.40000000,245.50000000,230.30000000,242.50000000,121073.73100000,28776986.92760000,152255
2022-01-17,242.40000000,244.30000000,221.30000000,226.60000000,152666.48100000,35076677.51990000,153176
2022-01-18,226.60000000,240.50000000,222.70000000,232.40000000,219683.61900000,50857093.12090000,234948
2022-01-19,232.40000000,236.90000000,210.00000000,210.20000000,147663.61200000,32479309.22650000,132448
2022-01-20,210.40000000,221.40000000,197.00000000,198.40000000,104323.14300000,22013580.47570000,94586
2022-01-21,198.30000000,200.60000000,163.10000000,171.00000000,295579.02200000,54170237.36850000,205204
2022-01-22,170.90000000,175.40000000,135.00000000,146.90000000,279002.33290000,42414244.43286600,171397
2022-01-23,147.10000000,163.30000000,145.40000000,158.40000000,171630.42600000,26310785.18190000,99775
2022-01-24,158.50000000,158.60000000,131.10000000,152.50000000,250523.71160000,35676919.06630000,136867
2022-01-25,152.40000000,156.30000000,145.80000000,151.80000000,137214.35800000,20695724.66750000,82952
2022-01-26,151.80000000,164.00000000,142.60000000,146.50000000,197539.94700000,30511480.97160000,131280
2022-01-27,146.40000000,151.40000000,137.40000000,144.50000000,124221.86400000,17913288.91410000,81039
2022-01-28,144.60000000,150.70000000,139.30000000,149.00000000,129453.70300000,18743246.21440000,81180
2022-01-29,149.00000000,157.00000000,147.70000000,154.00000000,68369.12400000,10451101.55380000,56386
2022-01-30,154.00000000,155.40000000,145.90000000,148.90000000,61333.87500000,9295113.27590000,46112
2022-01-31,149.00000000,158.70000000,141.60000000,157.50000000,90536.94300000,13699976.38670000,69552
2022-02-01,157.50000000,168.30000000,157.30000000,163.70000000,111357.63600000,18219682.84240000,94891
2022-02-02,163.80000000,164.40000000,149.30000000,151.20000000,94165.14100000,14785104.95390000,70613
2022-02-03,151.20000000,153.80000000,145.30000000,153.00000000,76172.29400000,11367729.38190000,56609
2022-02-04,153.00000000,167.10000000,151.30000000,166.80000000,118649.12900000,18951322.26370000,94565
2022-02-05,166.80000000,173.50000000,164.10000000,166.20000000,100784.20700000,17005676.81000000,104656
2022-02-06,166.20000000,174.50000000,165.30000000,173.50000000,91113.37400000,15450900.89510000,121641
2022-02-07,173.60000000,184.20000000,169.80000000,182.10000000,119127.01000000,21300968.96530000,158198
2022-02-08,182.30000000,192.70000000,173.50000000,183.90000000,154091.74600000,28160750.50020000,163112
2022-02-09,184.10000000,190.70000000,176.30000000,188.00000000,89960.44100000,16561965.08730000,75405
2022-02-10,188.00000000,188.90000000,174.70000000,175.40000000,108341.64100000,19708972.46740000,107778
2022-02-11,175.30000000,181.20000000,160.20000000,163.60000000,83810.02000000,14474828.12360000,77060
2022-02-12,163.70000000,168.70000000,159.80000000,162.40000000,60007.50000000,9841696.97910000,53984
2022-02-13,162.50000000,165.40000000,155.80000000,158.10000000,39191.01800000,6308250.85160000,38704
2022-02-14,158.10000000,161.40000000,152.80000000,161.00000000,50377.87400000,7906740.95990000,50032
2022-02-15,161.00000000,172.90000000,160.50000000,172.20000000,64268.81700000,10659733.59750000,58595
2022-02-16,172.30000000,174.50000000,162.90000000,170.50000000,71443.65900000,12080621.56530000,67336
2022-02-17,170.40000000,174.10000000,150.40000000,153.00000000,112872.32200000,18122242.55110000,79434
2022-02-18,153.10000000,155.50000000,143.90000000,145.50000000,136887.68000000,20589447.33080000,78744
2022-02-19,145.50000000,148.80000000,140.80000000,146.20000000,44043.63300000,6403890.21890000,32519
2022-02-20,146.20000000,146.30000000,135.10000000,137.60000000,57594.73300000,7987577.67630000,42973
2022-02-21,137.50000000,144.70000000,127.80000000,128.60000000,128162.90800000,17566007.53580000,74462
2022-02-22,128.60000000,137.00000000,125.80000000,134.70000000,94375.61300000,12416421.38660000,51256
2022-02-23,134.70000000,143.10000000,130.10000000,130.60000000,94147.90000000,12910160.11740000,55646
2022-02-24,130.60000000,131.80000000,112.40000000,125.40000000,285671.86470000,34451414.56302300,124775
2022-02-25,125.40000000,143.00000000,121.80000000,139.50000000,214469.70200000,28697633.76970000,97874
2022-02-26,139.50000000,144.80000000,134.90000000,136.60000000,103099.32800000,14356118.52860000,58314
2022-02-27,136.70000000,144.70000000,129.40000000,131.60000000,248248.89600000,33880515.43680000,103768
2022-02-28,131.60000000,147.20000000,128.00000000,145.80000000,221466.15600000,30304521.58710000,88841
2022-03-01,145.80000000,150.90000000,139.50000000,143.30000000,236428.12500000,34115890.27140000,119132
2022-03-02,143.20000000,146.30000000,136.10000000,137.70000000,242506.59200000,34167524.50290000,115380
2022-03-03,137.70000000,137.80000000,126.30000000,130.00000000,204432.53500000,27029992.93420000,98207
2022-03-04,129.90000000,132.00000000,122.00000000,124.20000000,214193.24800000,27314640.89180000,94723
2022-03-05,124.30000000,126.50000000,121.90000000,124.60000000,90706.43900000,11277710.67410000,56713
2022-03-06,124.60000000,125.70000000,116.30000000,116.70000000,123221.74600000,14826953.96910000,63628
2022-03-07,116.70000000,124.10000000,113.30000000,116.80000000,189413.40800000,22262232.52720000,79278
2022-03-08,116.80000000,125.40000000,115.70000000,121.60000000,195420.30200000,23676330.85270000,69123
2022-03-09,121.70000000,130.50000000,121.30000000,127.60000000,101881.95700000,12993190.15190000,53336
2022-03-10,127.50000000,128.40000000,116.30000000,119.20000000,103241.59100000,12464264.00010000,46817
2022-03-11,119.20000000,121.10000000,114.60000000,116.60000000,82915.90300000,9752620.19120000,40668
2022-03-12,116.70000000,121.60000000,116.40000000,120.40000000,64492.58500000,7731743.02920000,31782
2022-03-13,120.40000000,120.80000000,115.00000000,115.70000000,87243.07000000,10307492.66360000,38151
2022-03-14,115.60000000,121.40000000,113.40000000,118.40000000,100571.56100000,11809184.42880000,48587
2022-03-15,118.30000000,123.00000000,113.90000000,122.10000000,70362.78100000,8345179.39650000,44003
2022-03-16,122.00000000,142.10000000,121.00000000,141.70000000,335373.48100000,44302858.09250000,172984
2022-03-17,141.70000000,156.90000000,136.80000000,155.60000000,366515.49100000,53459449.88050000,184654
2022-03-18,155.60000000,164.30000000,147.30000000,160.10000000,349565.04800000,54365539.80340000,203333
2022-03-19,160.20000000,165.60000000,154.80000000,157.20000000,180754.50600000,29066184.42510000,104757
2022-03-20,157.20000000,159.20000000,146.30000000,152.60000000,176293.52900000,27062605.45840000,105147
2022-03-21,152.70000000,162.70000000,146.80000000,153.90000000,197380.32500000,30644399.51130000,126565
2022-03-22,153.90000000,162.00000000,151.60000000,152.90000000,135898.69300000,21336958.32840000,85111
2022-03-23,152.90000000,157.30000000,149.70000000,156.00000000,110917.83400000,16985085.11220000,76954
2022-03-24,156.00000000,172.80000000,153.40000000,168.10000000,298012.10700000,48804535.92130000,195084
2022-03-25,168.10000000,174.40000000,159.50000000,162.40000000,227607.76800000,38127641.13590000,146589
2022-03-26,162.50000000,166.90000000,160.80000000,163.40000000,79044.56600000,12950813.41430000,40900
2022-03-27,163.40000000,169.40000000,158.60000000,169.20000000,104845.81800000,17149257.32430000,80968
2022-03-28,169.20000000,179.00000000,164.80000000,167.70000000,185956.82000000,32054099.84430000,158760
2022-03-29,167.70000000,227.00000000,167.10000000,222.70000000,869814.08300000,176200852.84310000,662046
2022-03-30,222.90000000,242.30000000,210.50000000,223.20000000,727337.35900000,165195080.94410000,545035
2022-03-31,223.30000000,227.80000000,204.00000000,207.10000000,352550.10500000,76120515.09080000,248013
2022-04-01,207.00000000,261.20000000,206.20000000,244.60000000,786879.07400000,185161189.98750000,671977
2022-04-02,244.50000000,257.40000000,235.20000000,238.10000000,316276.23600000,77260220.05950000,261970
2022-04-03,238.10000000,253.00000000,231.30000000,243.00000000,243458.01700000,59219671.54940000,202285
2022-04-04,243.00000000,243.00000000,224.70000000,237.90000000,174361.48000000,41068688.81800000,141894
2022-04-05,237.90000000,238.30000000,220.00000000,221.00000000,117604.07600000,26957880.94260000,99740
2022-04-06,221.10000000,221.10000000,190.40000000,191.30000000,364585.32700000,74311175.50330000,217633
2022-04-07,191.20000000,207.30000000,189.70000000,202.20000000,268122.77100000,53714326.24710000,158672
2022-04-08,202.20000000,202.20000000,181.10000000,183.40000000,271148.73500000,52765596.29380000,142755
2022-04-09,183.30000000,185.60000000,176.90000000,184.80000000,137126.06400000,24890548.21750000,64149
2022-04-10,184.90000000,188.90000000,175.00000000,176.30000000,145809.45400000,26532610.60690000,65933
2022-04-11,176.30000000,178.20000000,155.60000000,157.80000000,196721.82700000,32741964.84190000,92202
2022-04-12,157.90000000,171.40000000,157.00000000,164.60000000,182435.11100000,30169484.62710000,90569
2022-04-13,164.50000000,179.80000000,162.60000000,178.20000000,169380.47000000,29008029.48760000,86550
2022-04-14,178.30000000,180.30000000,166.40000000,171.90000000,147866.39100000,25684159.95060000,76401
2022-04-15,172.10000000,176.80000000,168.70000000,175.90000000,80485.60800000,13940397.77380000,46409
2022-04-16,176.00000000,176.30000000,169.80000000,172.40000000,50978.97000000,8819506.53960000,27351
2022-04-17,172.30000000,177.70000000,165.90000000,166.70000000,82209.93900000,14235143.86220000,44947
2022-04-18,166.70000000,170.00000000,157.40000000,169.00000000,173846.47700000,28404139.31060000,82307
2022-04-19,169.10000000,184.20000000,166.20000000,183.00000000,152809.88400000,26886008.74530000,88350
2022-04-20,183.00000000,198.80000000,178.60000000,186.20000000,299082.10200000,56546621.34840000,169217
2022-04-21,186.30000000,196.30000000,169.70000000,173.70000000,234031.11500000,43515841.24640000,121282
2022-04-22,173.80000000,180.60000000,171.10000000,176.90000000,162970.24800000,28748546.43650000,79480
2022-04-23,176.90000000,179.30000000,172.10000000,173.40000000,79491.23500000,13989026.66820000,41985
2022-04-24,173.40000000,174.90000000,165.50000000,166.40000000,93006.70000000,15771304.75260000,41966
2022-04-25,166.40000000,170.70000000,153.60000000,168.90000000,181848.01700000,29336808.71830000,88941
2022-04-26,168.80000000,179.00000000,154.50000000,158.00000000,304338.54400000,50994547.92520000,140069
2022-04-27,157.90000000,175.50000000,156.20000000,168.40000000,432886.81300000,73345476.95650000,173794
2022-04-28,168.50000000,176.00000000,163.90000000,166.10000000,253730.26800000,43139171.39900000,108372
2022-04-29,166.20000000,168.30000000,151.30000000,157.30000000,184509.48600000,29392732.54930000,76869
2022-04-30,157.30000000,162.80000000,137.80000000,142.30000000,221613.02200000,33610151.99500000,91108
2022-05-01,142.30000000,148.80000000,138.90000000,146.50000000,160643.04900000,23075035.91590000,66491
2022-05-02,146.50000000,149.00000000,138.90000000,144.20000000,142896.98800000,20594953.89260000,62816
2022-05-03,144.30000000,146.70000000,139.00000000,141.10000000,189742.65200000,27272206.95100000,52115
2022-05-04,141.20000000,160.00000000,140.80000000,159.50000000,196238.61800000,29255097.92010000,80455
2022-05-05,159.60000000,162.20000000,136.20000000,141.40000000,283592.25000000,41787776.88410000,114843
2022-05-06,141.40000000,142.80000000,132.80000000,138.40000000,166577.14300000,22955305.42930000,72912
2022-05-07,138.40000000,138.90000000,128.60000000,132.10000000,125400.39600000,16944391.69380000,53748
2022-05-08,132.20000000,133.40000000,125.10000000,125.90000000,144086.20800000,18640624.93660000,60529
2022-05-09,125.90000000,128.90000000,98.70000000,99.30000000,418075.01400000,46547699.22844900,150976
2022-05-10,99.40000000,118.40000000,96.60000000,105.20000000,610184.92700000,66173211.94500000,195900
2022-05-11,105.30000000,108.60000000,76.10000000,82.50000000,848405.06310000,79426878.49029900,229026
2022-05-12,82.60000000,89.00000000,64.80000000,77.10000000,762180.12400000,57319655.71419900,205475
2022-05-13,77.10000000,92.90000000,75.70000000,82.50000000,425935.38700000,36832457.19890000,129503
2022-05-14,82.50000000,87.40000000,77.60000000,86.70000000,177665.69300000,14575265.80930000,55783
2022-05-15,86.60000000,92.50000000,82.20000000,92.10000000,177630.53600000,15513812.31150000,58377
2022-05-16,92.10000000,92.10000000,80.80000000,83.90000000,232371.86300000,19693561.96190000,63403
2022-05-17,84.00000000,93.80000000,83.80000000,92.60000000,211199.18000000,18876076.27380000,64115
2022-05-18,92.70000000,97.30000000,81.30000000,81.90000000,283348.36100000,25038004.07730000,79263
2022-05-19,81.90000000,92.00000000,79.20000000,91.80000000,236645.47400000,20254336.06840000,67342
2022-05-20,91.90000000,98.20000000,84.50000000,90.20000000,344544.24300000,31598793.41180000,105173
2022-05-21,90.20000000,93.20000000,88.50000000,91.30000000,146556.21900000,13350920.86730000,43579
2022-05-22,91.20000000,96.90000000,90.50000000,94.10000000,185323.01000000,17259548.79960000,44182
2022-05-23,94.20000000,109.80000000,92.00000000,99.30000000,438387.15300000,44606408.87650000,120932
2022-05-24,99.40000000,108.20000000,93.10000000,106.60000000,333612.19600000,33259676.51110000,85470
2022-05-25,106.50000000,108.00000000,98.30000000,102.10000000,299646.22300000,30707087.69410000,70096
2022-05-26,102.10000000,107.00000000,92.30000000,101.00000000,509031.75600000,51195673.30800000,133617
2022-05-27,101.00000000,102.00000000,89.50000000,92.40000000,484645.55500000,45711306.36430000,115083
2022-05-28,92.50000000,97.00000000,90.70000000,95.50000000,197711.16200000,18552264.27950000,47838
2022-05-29,95.50000000,97.30000000,91.70000000,95.50000000,132405.92400000,12514232.35280000,35140
2022-05-30,95.50000000,123.10000000,94.40000000,117.40000000,439967.89000000,48109754.30160000,126874
2022-05-31,117.30000000,124.10000000,112.20000000,112.90000000,423146.07900000,49605144.84820000,134336
2022-06-01,112.90000000,121.00000000,100.70000000,106.30000000,395430.01400000,44386808.35350000,115843
2022-06-02,106.40000000,112.10000000,103.10000000,110.90000000,203685.03900000,21672614.91650000,58801
2022-06-03,111.00000000,113.40000000,103.70000000,106.90000000,160603.63800000,17263041.45450000,54501
2022-06-04,106.90000000,108.00000000,102.60000000,106.90000000,98421.31800000,10357049.57920000,33455
2022-06-05,106.90000000,107.50000000,103.20000000,103.70000000,89511.47300000,9435294.10000000,28519
2022-06-06,103.70000000,111.90000000,103.50000000,106.00000000,189493.95400000,20462843.97080000,60138
2022-06-07,106.00000000,106.30000000,95.80000000,99.30000000,186716.71500000,18635211.18620000,66148
2022-06-08,99.20000000,101.80000000,95.40000000,96.50000000,97294.42500000,9531412.36510000,36503
2022-06-09,96.50000000,99.70000000,94.40000000,95.90000000,67220.05200000,6515395.54180000,24365
2022-06-10,95.80000000,96.90000000,85.40000000,88.20000000,155536.82600000,13994654.38850000,47514
2022-06-11,88.10000000,89.20000000,75.60000000,77.20000000,185116.05800000,15029440.22690000,57256
2022-06-12,77.30000000,77.70000000,69.20000000,70.30000000,249385.86900000,18364649.50960000,64287
2022-06-13,70.30000000,71.10000000,55.20000000,59.90000000,627172.10600000,38184085.23150000,136356
2022-06-14,59.90000000,64.30000000,53.40000000,62.10000000,436453.96010000,26166237.77680000,97633
2022-06-15,62.20000000,67.20000000,52.70000000,66.60000000,479832.66900000,28221762.64210000,99099
2022-06-16,66.60000000,69.80000000,55.20000000,56.60000000,276230.02100000,16708372.65560000,57664
2022-06-17,56.60000000,59.80000000,55.60000000,57.40000000,133940.66700000,7751561.81680000,31240
2022-06-18,57.50000000,58.70000000,45.60000000,49.60000000,344720.55500000,17548556.13220000,64367
2022-06-19,49.70000000,55.40000000,46.00000000,54.10000000,304717.86700000,15294345.97540000,55575
2022-06-20,54.10000000,63.30000000,50.40000000,61.60000000,546763.42900000,32109961.37980000,96789
2022-06-21,61.60000000,77.90000000,59.90000000,66.40000000,659342.54300000,45487410.41250000,125217
2022-06-22,66.40000000,67.80000000,61.40000000,61.90000000,432493.43400000,27687020.01970000,77162
2022-06-23,62.00000000,69.90000000,61.80000000,68.00000000,380671.72000000,25185441.37230000,70463
2022-06-24,68.00000000,73.00000000,65.40000000,71.00000000,415191.43400000,28406998.61360000,72368
2022-06-25,71.10000000,75.80000000,66.60000000,70.00000000,328636.95600000,23255066.68190000,64042
2022-06-26,69.90000000,73.20000000,65.10000000,65.50000000,230174.21900000,16091502.01970000,45479
2022-06-27,65.50000000,68.20000000,62.70000000,65.50000000,206479.49600000,13539347.90140000,37404
2022-06-28,65.60000000,69.30000000,59.50000000,60.10000000,252775.94700000,16443434.34150000,51566
2022-06-29,60.20000000,62.30000000,57.90000000,59.90000000,237392.18900000,14297761.33860000,42584
2022-06-30,60.00000000,60.30000000,53.00000000,57.00000000,294692.45200000,16331782.86760000,49020
2022-07-01,57.00000000,59.30000000,54.80000000,56.40000000,266182.85200000,15201304.26740000,43657
2022-07-02,56.40000000,58.50000000,54.80000000,57.90000000,172300.42900000,9771940.74580000,26682
2022-07-03,57.90000000,58.60000000,54.70000000,57.70000000,137330.87800000,7785902.98670000,22321
2022-07-04,57.70000000,63.40000000,56.10000000,63.10000000,222520.27000000,13248688.31540000,38865
2022-07-05,63.10000000,64.40000000,57.90000000,60.70000000,242432.29000000,14769014.26610000,38400
2022-07-06,60.60000000,64.00000000,59.70000000,63.00000000,238577.72200000,14687816.15370000,35735
2022-07-07,62.90000000,72.50000000,62.10000000,71.20000000,392109.66700000,26715922.00300000,68876
2022-07-08,71.20000000,75.80000000,67.80000000,71.60000000,435815.99900000,31192259.45450000,75210
2022-07-09,71.60000000,83.20000000,71.10000000,81.90000000,388706.55500000,29731849.98830000,71853
2022-07-10,81.90000000,82.30000000,74.70000000,77.80000000,516647.02700000,40617103.73230000,82344
2022-07-11,77.80000000,78.20000000,69.40000000,69.90000000,295944.78400000,22300417.14150000,51478
2022-07-12,69.90000000,71.90000000,65.70000000,68.40000000,299986.06200000,20645118.57220000,51211
2022-07-13,68.40000000,81.00000000,67.30000000,79.70000000,553312.11500000,40466604.98530000,97959
2022-07-14,79.80000000,92.80000000,77.40000000,91.30000000,553650.77400000,46396433.11710000,120649
2022-07-15,91.30000000,95.60000000,86.80000000,90.40000000,458615.59700000,41929561.14510000,97596
2022-07-16,90.50000000,96.00000000,87.30000000,92.90000000,395399.28100000,36148669.04510000,76144
2022-07-17,92.90000000,93.70000000,86.30000000,88.20000000,257556.65700000,23141121.76710000,59840
2022-07-18,88.30000000,99.50000000,87.70000000,96.20000000,426128.97500000,40474112.94000000,101908
2022-07-19,96.20000000,102.50000000,92.10000000,95.70000000,458791.14400000,44854038.73660000,121966
2022-07-20,95.70000000,101.00000000,89.40000000,90.80000000,326968.57600000,31299977.54150000,90167
2022-07-21,90.80000000,97.70000000,87.90000000,95.40000000,242158.49000000,22403227.08610000,65589
2022-07-22,95.30000000,96.50000000,88.30000000,89.60000000,188952.17800000,17577429.92200000,52354
2022-07-23,89.50000000,93.10000000,85.30000000,89.40000000,152124.69700000,13469982.17460000,40277
2022-07-24,89.30000000,93.50000000,88.10000000,90.60000000,127914.54700000,11657897.01330000,37827
2022-07-25,90.50000000,91.30000000,81.20000000,81.30000000,213513.33200000,18191388.56650000,47419
2022-07-26,81.40000000,82.80000000,76.50000000,81.10000000,153279.37300000,12242342.50090000,39255
2022-07-27,81.20000000,95.70000000,79.00000000,94.70000000,275165.44500000,24236856.21430000,75483
2022-07-28,94.70000000,103.60000000,89.60000000,100.50000000,454306.03200000,43659712.89270000,118451
2022-07-29,100.50000000,102.30000000,93.70000000,95.50000000,249010.61800000,24388092.50240000,76123
2022-07-30,95.60000000,100.90000000,93.50000000,95.20000000,206510.94900000,19954297.56170000,64193
2022-07-31,95.30000000,109.60000000,93.70000000,97.60000000,454838.13000000,46960959.60740000,132917
2022-08-01,97.60000000,100.50000000,94.10000000,96.60000000,201425.73300000,19596354.42530000,56505
2022-08-02,96.60000000,99.50000000,88.40000000,93.50000000,271427.26500000,25278503.71180000,79238
2022-08-03,93.40000000,101.10000000,91.60000000,94.90000000,218641.12900000,21191214.77330000,58840
2022-08-04,94.90000000,99.60000000,93.40000000,96.40000000,183341.68500000,17631280.16610000,54641
2022-08-05,96.40000000,103.80000000,96.40000000,102.80000000,254908.97000000,25756207.21760000,76508
2022-08-06,102.80000000,103.40000000,98.60000000,99.10000000,112602.56100000,11363178.20700000,30861
2022-08-07,99.00000000,104.60000000,97.00000000,101.30000000,124227.82500000,12574175.25320000,40598
2022-08-08,101.30000000,106.90000000,101.00000000,102.40000000,169915.88800000,17692738.55280000,53411
2022-08-09,102.40000000,103.40000000,95.30000000,97.90000000,145960.99400000,14518987.17910000,38755
2022-08-10,97.80000000,113.10000000,95.10000000,111.10000000,357430.82000000,38165375.84670000,116780
2022-08-11,111.10000000,113.90000000,106.20000000,107.50000000,250385.74800000,27566227.84530000,69443
2022-08-12,107.50000000,115.80000000,105.50000000,114.70000000,172207.45100000,19055077.36980000,57582
2022-08-13,114.70000000,115.80000000,109.50000000,110.50000000,161864.56900000,18230678.66740000,46856
2022-08-14,110.60000000,113.20000000,105.80000000,107.50000000,115148.34500000,12626690.10050000,37158
2022-08-15,107.40000000,112.40000000,103.80000000,107.10000000,186767.30600000,20148390.19160000,64518
2022-08-16,107.10000000,110.50000000,105.50000000,109.80000000,216416.16700000,23374041.84930000,60205
2022-08-17,109.80000000,112.30000000,99.20000000,100.20000000,240659.37200000,25346101.27340000,62590
2022-08-18,100.30000000,101.70000000,94.20000000,94.90000000,140447.32100000,13898768.67740000,44775
2022-08-19,94.90000000,95.40000000,82.80000000,83.40000000,368146.77300000,32432101.49430000,83476
2022-08-20,83.40000000,86.90000000,79.90000000,82.80000000,152743.54900000,12768527.21480000,43665
2022-08-21,82.90000000,87.10000000,81.70000000,86.00000000,114088.52600000,9655311.43050000,34331
2022-08-22,85.90000000,88.70000000,81.90000000,88.40000000,190616.58100000,16231749.93950000,54265
2022-08-23,88.50000000,91.20000000,85.10000000,89.40000000,167019.00900000,14801085.65640000,46070
2022-08-24,89.50000000,91.90000000,86.80000000,88.50000000,114060.90500000,10183074.46960000,38581
2022-08-25,88.50000000,95.80000000,87.70000000,93.20000000,180095.58000000,16506225.20730000,51248
2022-08-26,93.20000000,94.20000000,81.80000000,82.80000000,221902.31000000,19804881.28460000,58350
2022-08-27,82.70000000,83.60000000,80.40000000,82.00000000,129020.11600000,10576130.81290000,26703
2022-08-28,82.10000000,83.60000000,78.20000000,78.60000000,103340.60000000,8403435.31550000,23477
2022-08-29,78.60000000,86.20000000,78.00000000,85.80000000,111809.62400000,9225041.38450000,29169
2022-08-30,85.70000000,88.10000000,81.40000000,84.50000000,155436.21500000,13245420.09840000,40835
2022-08-31,84.50000000,88.80000000,84.30000000,84.80000000,136119.45200000,11787944.65280000,36552
2022-09-01,84.80000000,87.00000000,82.00000000,86.40000000,100488.44200000,8462463.14110000,27042
2022-09-02,86.50000000,92.10000000,84.80000000,88.40000000,148802.31700000,13132619.55270000,41490
2022-09-03,88.30000000,88.70000000,85.70000000,87.10000000,58850.79100000,5120374.35780000,16045
2022-09-04,87.20000000,89.00000000,85.80000000,88.80000000,53304.27600000,4681064.90920000,14337
2022-09-05,88.90000000,91.80000000,86.70000000,91.10000000,72817.19600000,6480055.50110000,21366
2022-09-06,91.20000000,93.80000000,83.00000000,83.60000000,176542.93100000,15839433.28370000,47350
2022-09-07,83.60000000,89.30000000,82.00000000,87.50000000,121689.18900000,10304849.53740000,29400
2022-09-08,87.50000000,90.00000000,85.50000000,88.20000000,91022.42100000,7983694.44660000,28587
2022-09-09,88.30000000,94.10000000,88.20000000,91.20000000,116375.44200000,10610747.99410000,35718
2022-09-10,91.20000000,94.00000000,89.70000000,92.70000000,115100.57300000,10535083.61170000,32357
2022-09-11,92.70000000,94.50000000,89.20000000,91.60000000,148221.06200000,13640419.81090000,34683
2022-09-12,91.50000000,97.00000000,89.30000000,90.90000000,213336.76500000,19708784.93100000,60830
2022-09-13,91.00000000,93.80000000,82.30000000,83.00000000,422344.91800000,37469478.54010000,87011
2022-09-14,82.90000000,86.00000000,81.10000000,83.70000000,192224.33200000,16049458.97740000,40727
2022-09-15,83.70000000,84.20000000,77.70000000,78.50000000,214634.37000000,17292306.32790000,49392
2022-09-16,78.60000000,80.50000000,77.20000000,79.30000000,129579.45500000,10194950.59780000,33053
2022-09-17,79.40000000,81.70000000,79.10000000,81.40000000,54439.15000000,4369319.34120000,13895
2022-09-18,81.40000000,82.00000000,70.70000000,73.00000000,133739.12500000,10311444.54660000,34393
2022-09-19,73.10000000,77.00000000,70.70000000,76.40000000,159042.06600000,11704424.12020000,39375
2022-09-20,76.30000000,77.20000000,73.70000000,74.00000000,95897.76400000,7222714.22470000,25404
2022-09-21,74.10000000,79.60000000,70.40000000,71.60000000,171833.49300000,12965610.97700000,50509
2022-09-22,71.60000000,77.70000000,71.50000000,76.70000000,96991.20300000,7281859.20810000,28389
2022-09-23,76.70000000,78.80000000,72.80000000,77.10000000,89220.26500000,6746734.15610000,28062
2022-09-24,77.00000000,77.40000000,74.60000000,75.00000000,48703.74400000,3723028.61990000,15413
2022-09-25,74.90000000,77.60000000,72.70000000,73.60000000,46457.15100000,3498191.68360000,16825
2022-09-26,73.60000000,76.60000000,72.60000000,76.20000000,92569.99600000,6916875.58890000,26859
2022-09-27,76.20000000,80.90000000,74.60000000,76.60000000,112577.46000000,8800668.90910000,37238
2022-09-28,76.70000000,78.10000000,73.00000000,76.80000000,126074.50000000,9531435.58870000,34016
2022-09-29,76.90000000,77.60000000,74.30000000,76.90000000,62809.83300000,4784467.97210000,22280
2022-09-30,77.00000000,78.00000000,73.70000000,74.60000000,87081.01900000,6618040.34480000,26694
2022-10-01,74.60000000,76.10000000,73.90000000,74.50000000,60557.73200000,4545283.13710000,12500
2022-10-02,74.50000000,75.90000000,72.10000000,72.60000000,90772.12100000,6735861.23530000,19156
2022-10-03,72.60000000,76.20000000,71.80000000,75.50000000,69920.29600000,5220559.92960000,21104
2022-10-04,75.60000000,79.80000000,75.50000000,78.90000000,67929.10400000,5285874.30450000,22487
2022-10-05,78.90000000,79.20000000,75.80000000,78.80000000,58332.84500000,4537772.55390000,17050
2022-10-06,78.80000000,80.40000000,77.20000000,77.50000000,77223.94600000,6099357.27520000,22942
2022-10-07,77.40000000,78.30000000,75.00000000,75.80000000,53599.96100000,4102229.66760000,14925
2022-10-08,75.70000000,76.20000000,73.90000000,74.60000000,22752.31500000,1711492.07100000,8027
2022-10-09,74.60000000,76.10000000,74.20000000,75.50000000,23731.37600000,1785560.59470000,7249
2022-10-10,75.50000000,76.50000000,73.30000000,73.60000000,31014.76200000,2312995.82560000,12589
2022-10-11,73.50000000,73.60000000,71.20000000,71.40000000,50595.16200000,3656052.08260000,16160
2022-10-12,71.40000000,72.80000000,71.10000000,71.60000000,32958.90900000,2369629.33550000,10803
2022-10-13,71.50000000,72.00000000,64.70000000,71.00000000,168837.39000000,11536436.45290000,39876
2022-10-14,71.00000000,74.70000000,70.80000000,72.90000000,90460.55900000,6607982.75270000,24134
2022-10-15,72.90000000,73.40000000,71.40000000,71.90000000,26605.73200000,1923602.51430000,9729
2022-10-16,71.80000000,76.30000000,71.80000000,75.80000000,45262.25900000,3371414.80220000,15700
2022-10-17,75.90000000,79.70000000,74.70000000,78.90000000,84774.67200000,6584804.16100000,24993
2022-10-18,78.90000000,83.70000000,77.90000000,82.50000000,138966.21800000,11172249.99630000,41906
2022-10-19,82.40000000,85.80000000,81.20000000,82.80000000,158135.67700000,13179349.76270000,42362
2022-10-20,82.80000000,83.90000000,80.00000000,80.70000000,97828.06700000,8005505.03860000,28403
2022-10-21,80.80000000,83.30000000,78.30000000,82.10000000,118974.47700000,9643207.53940000,32111
2022-10-22,82.10000000,84.40000000,81.30000000,82.20000000,47539.08800000,3935842.58610000,16455
2022-10-23,82.10000000,90.10000000,81.50000000,88.80000000,95579.84400000,8168541.69700000,33583
2022-10-24,88.90000000,90.00000000,84.60000000,85.10000000,137506.90500000,12032239.24240000,37177
2022-10-25,85.10000000,86.40000000,81.50000000,81.90000000,233080.24500000,19569062.30840000,52752
2022-10-26,81.90000000,85.30000000,80.80000000,83.50000000,191678.39400000,15976211.43980000,45864
2022-10-27,83.50000000,87.10000000,80.50000000,81.40000000,195605.98200000,16512409.64240000,49153
2022-10-28,81.40000000,85.00000000,80.50000000,84.10000000,94671.47700000,7824308.03990000,28271
2022-10-29,84.10000000,87.40000000,83.80000000,85.40000000,111401.65000000,9503203.43930000,36714
2022-10-30,85.40000000,86.90000000,82.80000000,83.90000000,64194.96800000,5445108.11150000,22319
2022-10-31,83.90000000,87.20000000,82.40000000,83.90000000,108644.04100000,9174183.78510000,31924
2022-11-01,83.90000000,86.30000000,83.50000000,84.20000000,92036.05400000,7833381.70180000,25248
2022-11-02,84.20000000,85.70000000,79.10000000,80.50000000,137280.90200000,11366993.01110000,44875
2022-11-03,80.40000000,86.60000000,79.80000000,83.70000000,133482.77400000,11211136.14360000,39833
2022-11-04,83.70000000,97.70000000,83.30000000,94.60000000,335363.33100000,31016395.15330000,107932
2022-11-05,94.70000000,98.40000000,93.50000000,96.30000000,184998.27500000,17748637.11750000,61592
2022-11-06,96.30000000,96.40000000,86.30000000,86.40000000,201022.88300000,18365669.63370000,50278
2022-11-07,86.30000000,90.50000000,83.80000000,87.30000000,193318.74000000,16900123.71850000,56660
2022-11-08,87.20000000,88.40000000,65.60000000,72.20000000,602566.69100000,47067427.60950000,158111
2022-11-09,72.20000000,73.10000000,56.90000000,58.10000000,457924.57900000,30284205.80420000,124463
2022-11-10,58.20000000,70.90000000,57.00000000,68.00000000,474350.32100000,30825328.78700000,113308
2022-11-11,68.00000000,68.90000000,60.50000000,64.00000000,281627.93400000,18179080.71120000,64302
2022-11-12,64.10000000,64.10000000,56.80000000,58.10000000,499358.20100000,29409401.21890000,77983
2022-11-13,58.00000000,61.00000000,55.70000000,56.60000000,307122.87400000,17920916.81720000,58591
2022-11-14,56.70000000,59.80000000,53.40000000,59.20000000,285264.12800000,16249718.16210000,67317
2022-11-15,59.20000000,63.00000000,58.40000000,61.00000000,215254.24100000,13053791.58020000,52419
2022-11-16,61.00000000,62.20000000,57.00000000,58.40000000,158757.76900000,9392725.12870000,33521
2022-11-17,58.30000000,59.60000000,56.80000000,58.50000000,111201.69200000,6496669.40370000,23489
2022-11-18,58.60000000,61.40000000,57.40000000,58.40000000,125846.51300000,7461979.46700000,24342
2022-11-19,58.40000000,59.20000000,56.90000000,58.70000000,70747.16300000,4100077.85700000,13622
2022-11-20,58.80000000,62.10000000,55.50000000,56.10000000,213779.70500000,12658377.89400000,37308
2022-11-21,56.00000000,57.90000000,53.90000000,55.90000000,185280.61200000,10394238.91980000,37789
2022-11-22,55.90000000,57.90000000,50.20000000,57.50000000,725741.20100000,39239233.22250000,115414
2022-11-23,57.40000000,59.40000000,56.50000000,58.50000000,235567.72600000,13619143.99590000,37857
2022-11-24,58.50000000,60.10000000,57.30000000,58.20000000,131257.36200000,7678936.14370000,24651
2022-11-25,58.10000000,60.50000000,56.70000000,59.20000000,172823.62500000,10158945.65030000,27956
2022-11-26,59.10000000,62.50000000,59.10000000,61.80000000,201160.87400000,12209499.32440000,34262
2022-11-27,61.70000000,63.40000000,59.90000000,61.50000000,301776.95800000,18692126.88650000,39192
2022-11-28,61.50000000,62.60000000,58.50000000,60.20000000,158701.23400000,9541123.39510000,29576
2022-11-29,60.10000000,62.50000000,59.50000000,61.60000000,116656.42400000,7152763.58850000,19822
2022-11-30,61.60000000,66.00000000,61.60000000,65.30000000,183829.88700000,11779141.51770000,37313
2022-12-01,65.30000000,65.50000000,63.00000000,63.60000000,101872.21800000,6529389.06070000,19557
2022-12-02,63.70000000,65.80000000,62.20000000,65.70000000,118425.76500000,7627979.91090000,23027
2022-12-03,65.70000000,66.40000000,62.50000000,62.80000000,87857.44300000,5650582.33330000,15111
2022-12-04,62.70000000,64.60000000,62.70000000,64.40000000,61920.91800000,3953705.55150000,10482
2022-12-05,64.40000000,67.30000000,63.80000000,64.40000000,114181.53300000,7457402.60050000,24043
2022-12-06,64.40000000,65.60000000,62.70000000,64.00000000,77089.10900000,4915192.71310000,14702
2022-12-07,64.00000000,64.10000000,60.10000000,61.40000000,138823.25000000,8613585.06180000,24959
2022-12-08,61.40000000,63.50000000,60.40000000,62.80000000,78099.43500000,4824845.59370000,12509
2022-12-09,62.90000000,63.40000000,61.00000000,61.50000000,92191.06500000,5745601.79320000,14092
2022-12-10,61.50000000,62.10000000,61.10000000,61.40000000,31571.55000000,1947420.99160000,6083
2022-12-11,61.40000000,61.60000000,59.20000000,59.60000000,44747.72000000,2716619.21410000,8134
2022-12-12,59.60000000,60.90000000,58.10000000,60.10000000,84621.67300000,5014726.09240000,13304
2022-12-13,60.20000000,63.90000000,58.10000000,62.00000000,146228.95100000,8952378.12170000,25849
2022-12-14,62.00000000,63.50000000,61.10000000,62.60000000,95833.18200000,5988562.47600000,19759
2022-12-15,62.60000000,63.10000000,60.50000000,60.90000000,84783.06600000,5230924.21720000,14467
2022-12-16,60.90000000,61.20000000,53.70000000,54.80000000,130649.16100000,7494312.82710000,28935
2022-12-17,54.70000000,55.90000000,53.10000000,55.50000000,88781.86800000,4857979.36940000,20531
2022-12-18,55.60000000,56.60000000,54.80000000,55.80000000,34034.88900000,1894949.07860000,9207
2022-12-19,55.90000000,56.60000000,53.00000000,53.70000000,69955.39700000,3841940.55820000,16556
2022-12-20,53.80000000,56.30000000,53.10000000,55.70000000,113843.75400000,6281042.21960000,18400
2022-12-21,55.70000000,56.50000000,54.70000000,56.00000000,67834.06800000,3770874.07240000,10798
2022-12-22,56.00000000,56.10000000,53.60000000,55.70000000,50998.14600000,2806161.96070000,11580
2022-12-23,55.70000000,56.20000000,54.20000000,54.60000000,38115.43900000,2101732.08880000,8369
2022-12-24,54.60000000,54.80000000,54.10000000,54.40000000,14562.21500000,792358.55700000,3359
2022-12-25,54.30000000,55.50000000,53.80000000,54.40000000,62436.69400000,3409566.34890000,10496
2022-12-26,54.50000000,56.10000000,54.20000000,56.00000000,32855.90500000,1819934.76040000,6367
2022-12-27,55.90000000,58.30000000,55.50000000,57.50000000,85177.53600000,4856029.99350000,16914
2022-12-28,57.50000000,57.80000000,53.20000000,53.80000000,75188.81100000,4157631.15840000,15135
2022-12-29,53.80000000,55.00000000,53.50000000,54.50000000,54957.20400000,2985662.93140000,10367
2022-12-30,54.50000000,54.80000000,51.40000000,52.40000000,162992.99700000,8568037.42140000,16673
2022-12-31,52.50000000,53.40000000,51.60000000,52.00000000,61852.71600000,3235242.67620000,8575
2023-01-01,52.00000000,52.40000000,51.10000000,52.20000000,37387.11300000,1934278.62840000,6314
2023-01-02,52.20000000,54.10000000,51.30000000,53.00000000,77655.56200000,4134302.55810000,13562
2023-01-03,52.90000000,53.60000000,52.10000000,53.00000000,44009.77700000,2324404.17500000,11134
2023-01-04,53.10000000,58.10000000,52.60000000,56.90000000,190267.26600000,10643928.84710000,30860
2023-01-05,56.80000000,57.00000000,54.90000000,55.40000000,77565.32000000,4315664.42540000,15460
2023-01-06,55.40000000,56.80000000,54.00000000,56.40000000,81416.28900000,4504549.88110000,17417
2023-01-07,56.40000000,56.90000000,55.70000000,56.00000000,61934.25300000,3480506.65560000,12184
2023-01-08,56.00000000,59.70000000,55.30000000,59.30000000,129194.41100000,7492075.43220000,25308
2023-01-09,59.30000000,63.10000000,59.00000000,61.10000000,200379.19300000,12311809.62980000,32154
2023-01-10,61.20000000,62.90000000,59.60000000,61.90000000,113253.41000000,6956468.58250000,21912
2023-01-11,61.90000000,64.70000000,59.90000000,64.20000000,88200.14700000,5464478.03200000,21478
2023-01-12,64.10000000,68.60000000,63.40000000,67.80000000,280684.82100000,18657326.26780000,61584
2023-01-13,67.70000000,73.20000000,66.70000000,71.10000000,194695.40800000,13459644.57490000,45593
2023-01-14,71.20000000,81.20000000,71.10000000,75.90000000,388827.37300000,29743043.69810000,98335
2023-01-15,75.80000000,82.90000000,72.80000000,79.20000000,361135.53700000,28158180.05740000,90563
2023-01-16,79.30000000,82.60000000,76.40000000,80.50000000,245922.65000000,19581387.26560000,69491
2023-01-17,80.60000000,91.30000000,78.50000000,85.60000000,418816.12500000,35965744.72020000,107152
2023-01-18,85.60000000,90.70000000,77.30000000,81.90000000,395265.09000000,33026097.42690000,104640
2023-01-19,82.00000000,83.70000000,77.70000000,81.30000000,176307.81300000,14137710.58280000,45889
2023-01-20,81.20000000,88.50000000,79.70000000,87.60000000,176045.82700000,14741344.14340000,51955
2023-01-21,87.60000000,89.20000000,84.10000000,84.50000000,167010.36300000,14474756.87590000,53027
2023-01-22,84.50000000,90.20000000,83.40000000,85.40000000,194156.22700000,16855600.50200000,63716
2023-01-23,85.30000000,90.20000000,84.50000000,86.60000000,165259.17000000,14366733.00830000,54460
2023-01-24,86.60000000,88.50000000,78.80000000,79.90000000,188893.01300000,15935081.59660000,54707
2023-01-25,79.90000000,87.60000000,78.10000000,85.70000000,187792.42300000,15421481.07960000,61883
2023-01-26,85.70000000,90.70000000,85.10000000,88.80000000,226599.70300000,19811611.91520000,69662
2023-01-27,88.80000000,89.70000000,85.20000000,87.20000000,154505.25500000,13475057.58220000,48261
2023-01-28,87.30000000,88.20000000,83.20000000,84.30000000,133647.24800000,11432290.71700000,33488
2023-01-29,84.20000000,88.50000000,83.40000000,87.60000000,121578.55000000,10558476.09550000,35471
2023-01-30,87.70000000,88.40000000,79.20000000,81.20000000,150957.55500000,12544834.30400000,45491
2023-01-31,81.20000000,83.80000000,80.20000000,82.90000000,100339.27600000,8214265.60070000,29319
2023-02-01,82.90000000,88.50000000,80.30000000,88.30000000,163145.60600000,13698886.54370000,50975
2023-02-02,88.40000000,93.40000000,87.70000000,88.30000000,272475.04300000,24748971.61300000,78289
2023-02-03,88.30000000,94.50000000,86.90000000,91.20000000,258109.59300000,23340505.99700000,65357
2023-02-04,91.10000000,92.10000000,88.10000000,89.00000000,136311.89300000,12250193.87350000,29840
2023-02-05,89.00000000,89.20000000,83.30000000,85.70000000,114957.49300000,9881393.45980000,36594
2023-02-06,85.60000000,87.80000000,83.30000000,84.10000000,62131.20200000,5336015.84390000,29664
2023-02-07,84.10000000,89.30000000,84.00000000,88.70000000,96193.12300000,8341582.33070000,33767
2023-02-08,88.70000000,90.20000000,84.50000000,87.00000000,111547.48500000,9838697.55560000,37014
2023-02-09,87.00000000,91.00000000,76.20000000,77.80000000,394508.62300000,33534664.52950000,100222
2023-02-10,77.80000000,80.60000000,76.60000000,78.70000000,167721.29000000,13192349.74840000,41886
2023-02-11,78.70000000,79.50000000,77.70000000,79.40000000,49325.62000000,3875251.66620000,15958
2023-02-12,79.50000000,80.50000000,76.20000000,77.40000000,55876.81500000,4412837.58800000,19966
2023-02-13,77.40000000,84.10000000,73.60000000,82.40000000,458619.61400000,36656212.49570000,125084
2023-02-14,82.50000000,83.80000000,78.50000000,83.10000000,301472.95000000,24576260.91570000,74800
2023-02-15,83.10000000,89.60000000,82.20000000,89.50000000,180128.98400000,15313669.26740000,50463
2023-02-16,89.50000000,90.60000000,83.70000000,84.00000000,216360.63100000,19123880.72980000,61523
2023-02-17,84.10000000,88.40000000,83.40000000,86.40000000,229219.52000000,19604245.55160000,53441
2023-02-18,86.40000000,91.40000000,86.40000000,91.00000000,136386.17900000,12152746.17980000,40624
2023-02-19,91.00000000,95.50000000,89.10000000,90.10000000,213443.98500000,19632322.75490000,70218
2023-02-20,90.00000000,93.10000000,86.90000000,92.00000000,143575.39900000,13036575.74040000,47217
2023-02-21,92.00000000,92.80000000,85.60000000,87.80000000,144322.35800000,12928150.51490000,47448
2023-02-22,87.80000000,87.80000000,82.00000000,85.00000000,115832.83500000,9811058.69220000,40150
2023-02-23,85.10000000,87.60000000,83.80000000,85.60000000,94497.29600000,8134899.92710000,32017
2023-02-24,85.60000000,86.80000000,79.90000000,81.60000000,149888.72300000,12448761.51250000,42445
2023-02-25,81.60000000,83.70000000,77.20000000,80.00000000,85875.66400000,6909779.46410000,31762
2023-02-26,80.00000000,82.50000000,79.70000000,82.20000000,48003.55700000,3896937.84440000,16260
2023-02-27,82.30000000,83.60000000,79.50000000,80.20000000,57737.94500000,4701640.16330000,23409
2023-02-28,80.20000000,80.30000000,76.70000000,77.70000000,76616.71300000,6036815.08830000,22657
2023-03-01,77.60000000,83.20000000,77.00000000,82.90000000,124370.30900000,10128150.97030000,32996
2023-03-02,82.90000000,83.10000000,78.30000000,79.90000000,71442.28700000,5712739.39090000,21633
2023-03-03,80.00000000,80.00000000,73.00000000,76.80000000,112005.32900000,8464047.30680000,34135
2023-03-04,76.80000000,77.50000000,73.80000000,75.30000000,45537.41300000,3445681.30640000,15302
2023-03-05,75.30000000,77.20000000,74.70000000,75.00000000,40751.02500000,3108567.90700000,14133
2023-03-06,75.10000000,77.50000000,74.20000000,76.60000000,49930.42700000,3793264.88530000,17317
2023-03-07,76.60000000,77.80000000,73.70000000,75.20000000,78279.43000000,5906788.36390000,25152
2023-03-08,75.20000000,75.50000000,71.10000000,71.70000000,72326.74800000,5304869.57560000,24871
2023-03-09,71.70000000,74.00000000,67.00000000,68.60000000,106937.57500000,7610841.69320000,32681
2023-03-10,68.70000000,68.80000000,64.60000000,68.30000000,97267.74000000,6523426.52310000,33426
2023-03-11,68.30000000,70.90000000,63.90000000,66.80000000,146086.21400000,9782666.61840000,38102
2023-03-12,66.80000000,73.00000000,65.70000000,72.70000000,104606.72600000,7172373.20950000,36723
2023-03-13,72.80000000,77.10000000,70.80000000,76.00000000,150175.93900000,11140993.95670000,50903
2023-03-14,76.00000000,81.60000000,74.20000000,79.10000000,174997.50400000,13625170.78670000,57687
2023-03-15,79.00000000,80.60000000,71.50000000,73.90000000,139351.75300000,10582502.80330000,55600
2023-03-16,73.80000000,75.70000000,73.10000000,74.80000000,63589.34000000,4733666.67640000,30317
2023-03-17,74.80000000,80.60000000,73.70000000,80.60000000,111122.03700000,8596426.51500000,44526
2023-03-18,80.60000000,81.90000000,77.30000000,77.80000000,111038.78100000,8894718.45930000,42572
2023-03-19,77.80000000,81.60000000,77.50000000,79.40000000,73363.55400000,5826618.19360000,34006
2023-03-20,79.40000000,80.10000000,75.70000000,76.10000000,80376.76500000,6273301.32360000,42419
2023-03-21,76.00000000,79.60000000,74.20000000,79.00000000,87555.25000000,6718772.11540000,39436
2023-03-22,79.00000000,79.40000000,72.60000000,75.10000000,91428.20100000,6970284.28190000,48176
2023-03-23,75.10000000,80.50000000,74.30000000,77.10000000,153790.43500000,11946959.68840000,43285
2023-03-24,77.10000000,77.40000000,72.10000000,73.00000000,109271.38900000,8126514.23100000,29862
2023-03-25,73.00000000,73.60000000,70.10000000,71.30000000,89820.11000000,6458424.52430000,19861
2023-03-26,71.40000000,73.50000000,70.90000000,72.90000000,80681.30100000,5843712.62770000,17299
2023-03-27,72.90000000,73.70000000,68.10000000,69.80000000,109761.14300000,7811159.10450000,26880
2023-03-28,69.80000000,71.60000000,68.70000000,70.60000000,78422.95600000,5490171.56550000,22205
2023-03-29,70.60000000,73.50000000,70.50000000,72.90000000,83778.42900000,6072842.04020000,22537
2023-03-30,72.90000000,74.40000000,70.10000000,71.30000000,77936.77800000,5617217.25280000,29509
2023-03-31,71.40000000,74.50000000,70.70000000,74.20000000,130445.40500000,9480735.29050000,31361
2023-04-01,74.20000000,74.90000000,73.40000000,74.10000000,32827.92200000,2433063.07030000,12895
2023-04-02,74.20000000,74.80000000,71.60000000,73.00000000,34932.50500000,2559164.15780000,15586
2023-04-03,73.00000000,75.10000000,70.90000000,73.70000000,75830.82200000,5557680.14710000,32711
2023-04-04,73.80000000,77.00000000,73.00000000,76.40000000,56491.44700000,4250848.66340000,23630
2023-04-05,76.40000000,79.40000000,75.90000000,78.20000000,67594.75000000,5287461.83560000,27295
2023-04-06,78.30000000,81.50000000,77.50000000,80.60000000,110608.28300000,8770987.43480000,33734
2023-04-07,80.60000000,81.00000000,77.40000000,78.30000000,67339.84300000,5326546.82600000,23114
2023-04-08,78.20000000,78.90000000,75.90000000,76.30000000,33740.80300000,2612547.90170000,12508
2023-04-09,76.30000000,77.50000000,74.70000000,76.20000000,33652.46800000,2551239.06260000,14814
2023-04-10,76.30000000,78.70000000,75.10000000,78.50000000,44393.55400000,3407367.13510000,16253
2023-04-11,78.50000000,80.40000000,78.00000000,79.10000000,65806.71600000,5223200.21500000,22906
2023-04-12,79.00000000,79.60000000,75.40000000,78.90000000,78237.37000000,6049440.55580000,26123
2023-04-13,78.90000000,81.80000000,76.60000000,81.20000000,154620.90600000,12192898.78060000,40775
2023-04-14,81.30000000,83.90000000,80.10000000,82.50000000,136339.40000000,11225238.73850000,40332
2023-04-15,82.60000000,84.30000000,80.90000000,82.40000000,73889.43600000,6112490.74830000,24494
2023-04-16,82.40000000,83.70000000,80.70000000,83.40000000,81136.17600000,6683739.77280000,23258
2023-04-17,83.40000000,84.50000000,80.10000000,81.10000000,83906.78200000,6866436.44760000,31186
2023-04-18,81.00000000,84.30000000,79.50000000,82.00000000,90285.47300000,7408843.52950000,31187
2023-04-19,81.90000000,82.10000000,71.70000000,74.00000000,146285.22900000,11122080.65830000,50834
2023-04-20,73.90000000,75.40000000,71.50000000,72.40000000,64911.66800000,4779343.75970000,26050
2023-04-21,72.40000000,73.40000000,68.10000000,69.20000000,59572.55400000,4221934.71860000,26714
2023-04-22,69.10000000,71.00000000,68.60000000,70.90000000,28874.71000000,2018061.24430000,13197
2023-04-23,70.80000000,71.10000000,68.30000000,70.40000000,31138.63700000,2177093.63960000,14931
2023-04-24,70.40000000,71.50000000,68.00000000,69.90000000,32704.06500000,2280515.03750000,16947
2023-04-25,69.80000000,71.40000000,68.30000000,71.30000000,38830.91600000,2701016.14040000,17580
2023-04-26,71.20000000,74.70000000,65.90000000,69.40000000,117744.96500000,8349621.40200000,44032
2023-04-27,69.40000000,72.10000000,68.80000000,71.40000000,61645.38700000,4351304.45900000,29858
2023-04-28,71.40000000,72.30000000,70.10000000,72.10000000,41334.99500000,2946308.55610000,17939
2023-04-29,72.20000000,72.80000000,71.30000000,71.80000000,28775.06800000,2073237.80130000,11992
2023-04-30,71.80000000,72.60000000,70.20000000,70.20000000,33289.51500000,2376213.33350000,14214
2023-05-01,70.20000000,70.80000000,67.60000000,68.90000000,44700.69200000,3083503.18670000,18441
2023-05-02,68.90000000,69.60000000,68.00000000,69.10000000,35335.69400000,2437451.98510000,14554
2023-05-03,69.10000000,71.90000000,67.40000000,71.70000000,47897.21400000,3318454.31630000,20983
2023-05-04,71.80000000,72.10000000,70.20000000,70.80000000,29784.45800000,2120211.45440000,10632
2023-05-05,70.80000000,74.30000000,70.00000000,73.50000000,59796.86000000,4326501.78510000,22159
2023-05-06,73.40000000,74.10000000,68.50000000,69.80000000,64316.53600000,4566501.07580000,20857
2023-05-07,69.70000000,70.20000000,68.20000000,68.70000000,25554.57200000,1775258.05400000,11069
2023-05-08,68.70000000,69.20000000,62.40000000,64.50000000,125630.10600000,8259394.09880000,45684
2023-05-09,64.50000000,64.90000000,63.70000000,64.50000000,32606.74800000,2097571.95820000,13876
2023-05-10,64.50000000,65.90000000,61.50000000,64.70000000,78836.87200000,5046242.28170000,29688
2023-05-11,64.70000000,64.70000000,60.80000000,62.30000000,55279.56100000,3472905.94590000,22854
2023-05-12,62.30000000,63.30000000,60.10000000,63.20000000,82555.96300000,5099121.74110000,28298
2023-05-13,63.20000000,63.20000000,61.90000000,62.10000000,19541.93200000,1221896.32600000,11006
2023-05-14,62.10000000,63.40000000,61.60000000,62.30000000,34520.03000000,2152978.60200000,12302
2023-05-15,62.30000000,64.60000000,61.40000000,62.80000000,67928.77500000,4311668.91320000,19466
2023-05-16,62.80000000,63.30000000,61.90000000,62.90000000,30726.52300000,1920901.05440000,13040
2023-05-17,62.90000000,65.10000000,61.80000000,65.00000000,55184.78600000,3509020.24350000,22768
2023-05-18,65.00000000,67.40000000,64.50000000,64.90000000,132096.25700000,8694533.16830000,41955
2023-05-19,65.00000000,65.70000000,64.00000000,65.30000000,31795.66900000,2065433.36840000,12393
2023-05-20,65.40000000,65.40000000,64.60000000,65.30000000,19753.94100000,1282991.74730000,5633
2023-05-21,65.30000000,65.50000000,63.40000000,63.90000000,20495.52200000,1317834.16630000,7013
2023-05-22,64.00000000,64.80000000,62.90000000,64.30000000,21056.33700000,1347236.85470000,9120
2023-05-23,64.30000000,66.30000000,64.00000000,65.50000000,30475.07100000,1995405.45890000,10858
2023-05-24,65.40000000,65.50000000,62.30000000,63.90000000,43387.39800000,2769466.42850000,15119
2023-05-25,63.90000000,64.30000000,62.40000000,63.50000000,38919.50600000,2470328.49100000,13546
2023-05-26,63.50000000,65.70000000,62.80000000,64.70000000,49733.50800000,3186370.75530000,13030
2023-05-27,64.60000000,65.80000000,64.40000000,65.70000000,26419.59900000,1717528.20940000,6479
2023-05-28,65.70000000,69.50000000,65.40000000,69.00000000,48432.81800000,3256448.35880000,13471
2023-05-29,69.10000000,69.50000000,66.70000000,67.40000000,34818.91500000,2361775.29790000,15151
2023-05-30,67.30000000,67.90000000,66.20000000,66.60000000,44856.15800000,3010086.64870000,17038
2023-05-31,66.60000000,67.00000000,63.20000000,63.80000000,50433.47600000,3257912.81230000,17338
2023-06-01,63.80000000,64.30000000,62.30000000,62.60000000,39554.25600000,2495819.66570000,13289
2023-06-02,62.60000000,64.70000000,62.20000000,63.60000000,83240.68600000,5322544.27390000,19598
2023-06-03,63.60000000,64.40000000,62.80000000,63.50000000,25609.54300000,1627631.52140000,9563
2023-06-04,63.50000000,64.70000000,62.50000000,62.80000000,103804.81800000,6587818.36160000,23076
2023-06-05,62.80000000,62.90000000,56.70000000,59.90000000,129545.96900000,7798116.95030000,37626
2023-06-06,59.80000000,62.90000000,59.40000000,61.70000000,76827.91100000,4692745.13180000,18126
2023-06-07,61.70000000,61.90000000,58.60000000,59.10000000,56874.03600000,3427861.84110000,14787
2023-06-08,59.20000000,62.00000000,58.30000000,59.80000000,45320.13100000,2702716.72810000,12453
2023-06-09,59.90000000,60.70000000,59.10000000,60.00000000,22635.33900000,1358031.94300000,7493
2023-06-10,60.00000000,63.20000000,47.30000000,52.70000000,207762.99800000,10989133.71510000,58577
2023-06-11,52.60000000,53.50000000,51.60000000,52.20000000,67360.29300000,3526364.08070000,15446
2023-06-12,52.20000000,54.10000000,50.60000000,53.70000000,75214.78700000,3958263.71620000,15121
2023-06-13,53.80000000,56.10000000,53.20000000,55.10000000,64873.39000000,3544130.66410000,15152
2023-06-14,55.10000000,56.10000000,51.50000000,52.10000000,75754.30000000,4081313.07420000,19626
2023-06-15,52.00000000,52.60000000,49.00000000,50.10000000,146526.02400000,7369109.08580000,23961
2023-06-16,50.20000000,51.25000000,49.07000000,50.73000000,76682.14000000,3840748.73669000,17190
2023-06-17,50.72000000,52.30000000,50.30000000,51.06000000,96344.00600000,4950984.00392000,17354
2023-06-18,51.10000000,51.97000000,50.57000000,50.93000000,42817.25700000,2194048.05469000,12605
2023-06-19,50.94000000,52.19000000,50.48000000,51.96000000,50039.54800000,2568460.66776000,13388
2023-06-20,51.97000000,53.19000000,50.16000000,53.10000000,63899.43100000,3309109.04633000,19738
2023-06-21,53.14000000,55.55000000,52.83000000,55.02000000,100875.98300000,5459315.79391000,28621
2023-06-22,55.00000000,58.89000000,54.86000000,55.60000000,106667.20400000,6009364.38179000,30257
2023-06-23,55.59000000,57.80000000,55.20000000,57.10000000,68728.28600000,3891456.95847000,26381
2023-06-24,57.12000000,58.32000000,56.02000000,57.08000000,73183.12700000,4200019.47156000,23376
2023-06-25,57.11000000,76.90000000,56.92000000,68.76000000,1232442.49500000,85643214.94348000,462040
2023-06-26,68.75000000,69.37000000,62.30000000,63.17000000,404672.98000000,26498540.61752000,103546
2023-06-27,63.18000000,66.67000000,62.61000000,64.97000000,304369.84300000,19636683.11281000,75246
2023-06-28,64.95000000,65.38000000,57.37000000,59.42000000,227983.51000000,13982120.76266000,59464
2023-06-29,59.42000000,67.23000000,59.00000000,62.99000000,387218.14900000,24496226.42193000,106853
2023-06-30,63.02000000,71.70000000,61.28000000,70.54000000,577756.99500000,38537417.00930000,158792
2023-07-01,70.54000000,70.70000000,66.45000000,68.14000000,162143.97200000,11028842.21175000,43783
2023-07-02,68.15000000,73.41000000,67.28000000,70.69000000,260804.62600000,18351228.92502000,84693
2023-07-03,70.70000000,74.71000000,68.71000000,72.95000000,262943.74900000,18793431.50263000,79276
2023-07-04,72.97000000,81.50000000,71.58000000,77.08000000,507915.42800000,39013475.24952000,164912
2023-07-05,77.08000000,80.62000000,71.67000000,74.60000000,414643.85900000,31586430.00068000,126572
2023-07-06,74.61000000,78.12000000,70.25000000,70.25000000,262193.28800000,19463109.85067000,97015
2023-07-07,70.24000000,74.99000000,69.26000000,74.76000000,160615.25100000,11656130.17894000,65254
2023-07-08,74.76000000,77.36000000,72.72000000,73.60000000,193248.82800000,14511238.75382000,66424
2023-07-09,73.61000000,74.56000000,71.45000000,71.84000000,159888.14600000,11641785.73297000,50256
2023-07-10,71.85000000,71.96000000,68.71000000,69.32000000,159844.47500000,11252184.31519000,58679
2023-07-11,69.32000000,74.45000000,68.92000000,73.31000000,214270.91600000,15466154.44161000,72296
2023-07-12,73.32000000,77.17000000,73.19000000,75.60000000,234585.80800000,17729155.27568000,81003
2023-07-13,75.64000000,79.33000000,74.56000000,79.18000000,217187.92100000,16793511.19076000,89161
2023-07-14,79.17000000,88.00000000,77.89000000,81.12000000,419509.84200000,34547315.40518000,173903
2023-07-15,81.11000000,82.81000000,77.90000000,79.04000000,180109.80200000,14483429.29123000,68378
2023-07-16,79.02000000,79.69000000,76.21000000,76.83000000,126773.54000000,9908011.24497000,53581
2023-07-17,76.82000000,79.44000000,73.48000000,75.15000000,155337.71300000,11822594.10812000,75997
2023-07-18,75.18000000,75.73000000,70.76000000,72.06000000,173194.81800000,12624359.03502000,86343
2023-07-19,72.03000000,73.67000000,71.06000000,71.71000000,113731.37900000,8235053.20748000,45669
2023-07-20,71.73000000,75.30000000,71.25000000,72.52000000,159632.97100000,11701960.02730000,54119
2023-07-21,72.52000000,75.66000000,71.72000000,74.36000000,127148.00400000,9423575.90373000,50347
2023-07-22,74.36000000,75.03000000,70.82000000,71.74000000,67810.77300000,4942829.48700000,25671
2023-07-23,71.74000000,73.38000000,71.29000000,72.28000000,45612.47600000,3305287.45375000,21087
2023-07-24,72.27000000,72.69000000,68.01000000,70.28000000,93709.72800000,6564628.52584000,50201
2023-07-25,70.29000000,71.68000000,69.73000000,70.09000000,60985.66100000,4300836.55897000,30747
2023-07-26,70.10000000,73.64000000,69.10000000,72.00000000,119429.61300000,8488472.58454000,52796
2023-07-27,72.03000000,75.14000000,71.58000000,72.48000000,133923.07900000,9815342.31831000,47327
2023-07-28,72.49000000,74.04000000,72.31000000,72.80000000,74733.57000000,5461408.64474000,22974
2023-07-29,72.81000000,75.00000000,72.09000000,74.37000000,67211.83200000,4919198.67099000,30496
2023-07-30,74.37000000,75.12000000,69.23000000,70.86000000,151210.26700000,10977387.28350000,65775
2023-07-31,70.85000000,72.31000000,63.94000000,65.37000000,377657.22800000,25350737.46750000,118628
2023-08-01,65.38000000,65.62000000,61.48000000,65.60000000,509262.79200000,32465826.90351000,133004
2023-08-02,65.60000000,67.25000000,62.47000000,64.46000000,317226.91900000,20474184.22703000,86654
2023-08-03,64.45000000,65.04000000,62.89000000,62.99000000,149646.01400000,9557077.74296000,48989
2023-08-04,63.00000000,66.99000000,62.76000000,64.20000000,120484.22900000,7786122.08308000,51259
2023-08-05,64.20000000,66.00000000,63.12000000,64.49000000,104775.90100000,6742112.63040000,37308
2023-08-06,64.49000000,66.20000000,64.15000000,65.94000000,75617.00600000,4944239.51786000,38257
2023-08-07,65.94000000,67.21000000,62.87000000,64.94000000,129256.49100000,8448443.32966000,47002
2023-08-08,64.92000000,67.11000000,64.58000000,66.27000000,99721.79200000,6573634.47170000,40677
2023-08-09,66.27000000,67.99000000,65.85000000,67.34000000,114533.63300000,7654948.83833000,38480
2023-08-10,67.34000000,69.56000000,66.80000000,67.09000000,92660.27100000,6283214.11481000,35573
2023-08-11,67.09000000,67.12000000,65.34000000,65.96000000,66671.44800000,4412770.88298000,33540
2023-08-12,65.97000000,66.69000000,65.74000000,66.20000000,37690.93200000,2495055.26093000,15454
2023-08-13,66.20000000,66.43000000,65.21000000,65.65000000,37258.71600000,2453210.13229000,16932
2023-08-14,65.63000000,66.65000000,65.30000000,65.56000000,42858.02500000,2834013.83977000,21879
2023-08-15,65.54000000,65.84000000,61.63000000,63.52000000,88571.96800000,5683979.64327000,34312
2023-08-16,63.51000000,66.33000000,58.12000000,60.38000000,200113.85600000,12328084.15320000,67487
2023-08-17,60.38000000,60.60000000,50.00000000,55.43000000,230016.58600000,13090678.15207000,91522
2023-08-18,55.42000000,56.82000000,54.75000000,55.84000000,101826.22300000,5690649.18668000,43881
2023-08-19,55.85000000,57.15000000,55.57000000,56.59000000,30493.19200000,1712504.47156000,17346
2023-08-20,56.58000000,57.46000000,56.23000000,57.12000000,27152.02300000,1541017.64698000,15048
2023-08-21,57.13000000,57.60000000,55.05000000,55.55000000,52414.69400000,2963207.35294000,24646
2023-08-22,55.55000000,55.66000000,52.66000000,54.94000000,78603.06600000,4293119.49568000,45780
2023-08-23,54.93000000,57.71000000,54.83000000,57.18000000,56823.60800000,3189379.47460000,26566
2023-08-24,57.18000000,58.97000000,56.26000000,57.49000000,80267.27500000,4641828.18127000,33590
2023-08-25,57.45000000,58.79000000,55.69000000,56.96000000,62878.57600000,3586402.35712000,27500
2023-08-26,56.97000000,57.37000000,56.30000000,56.69000000,19938.44500000,1133206.83502000,11263
2023-08-27,56.70000000,58.35000000,56.62000000,58.35000000,39079.78500000,2248691.68940000,20102
2023-08-28,58.36000000,58.50000000,56.10000000,58.27000000,63941.76400000,3686954.48743000,27351
2023-08-29,58.26000000,60.74000000,56.61000000,59.58000000,144854.84700000,8529462.63033000,51810
2023-08-30,59.58000000,59.66000000,57.35000000,57.77000000,44318.92100000,2589164.10104000,24622
2023-08-31,57.77000000,57.99000000,54.21000000,55.56000000,65051.24100000,3660470.94725000,32201
2023-09-01,55.57000000,55.87000000,53.57000000,54.53000000,40290.80900000,2204846.97281000,19324
2023-09-02,54.53000000,55.33000000,53.91000000,55.22000000,47191.31700000,2579088.23735000,20980
2023-09-03,55.21000000,55.21000000,54.08000000,54.80000000,26931.78200000,1473730.74241000,13285
2023-09-04,54.78000000,55.58000000,54.10000000,54.70000000,41696.38700000,2292844.27067000,18894
2023-09-05,54.70000000,55.86000000,54.14000000,55.54000000,34650.78300000,1912919.49644000,14827
2023-09-06,55.55000000,55.94000000,54.02000000,55.13000000,49876.87500000,2747916.81011000,19564
2023-09-07,55.14000000,56.50000000,54.83000000,56.33000000,33067.48800000,1836707.16064000,15931
2023-09-08,56.33000000,57.40000000,55.70000000,56.50000000,52037.15600000,2934530.23324000,22347
2023-09-09,56.50000000,56.63000000,55.94000000,56.21000000,19044.22200000,1073634.33570000,9077
2023-09-10,56.22000000,56.22000000,53.56000000,54.03000000,48223.60500000,2636037.49918000,26493
2023-09-11,54.02000000,54.19000000,51.39000000,52.12000000,65524.77800000,3446475.37447000,33030
2023-09-12,52.12000000,54.35000000,52.05000000,53.04000000,61646.80500000,3286057.89602000,26972
2023-09-13,53.03000000,54.66000000,52.85000000,53.59000000,82583.80900000,4443486.85754000,31183
2023-09-14,53.59000000,55.13000000,53.34000000,54.37000000,54604.52200000,2961695.46320000,26616
2023-09-15,54.37000000,56.17000000,53.93000000,55.85000000,49048.32400000,2688819.22703000,24457
2023-09-16,55.87000000,62.83000000,55.80000000,59.17000000,212224.42300000,12691314.36949000,100470
2023-09-17,59.17000000,61.64000000,57.59000000,59.34000000,140248.79300000,8410757.09777000,60402
2023-09-18,59.36000000,62.50000000,58.18000000,60.56000000,99901.42100000,6086235.35660000,52579
2023-09-19,60.53000000,64.50000000,60.52000000,61.83000000,117175.39700000,7297797.74912000,47630
2023-09-20,61.84000000,65.94000000,61.26000000,65.50000000,147045.85200000,9358312.59822000,73342
2023-09-21,65.49000000,66.11000000,62.09000000,62.50000000,106268.29000000,6773485.30679000,54632
2023-09-22,62.50000000,64.57000000,61.71000000,64.40000000,79227.47500000,5024488.44074000,36428
2023-09-23,64.36000000,64.93000000,62.30000000,62.97000000,50537.95800000,3204807.36858000,25063
2023-09-24,62.97000000,63.21000000,61.46000000,61.74000000,38690.80700000,2416721.94401000,23479
2023-09-25,61.75000000,62.97000000,61.04000000,62.23000000,49520.59500000,3081325.73975000,30436
2023-09-26,62.26000000,62.32000000,60.30000000,61.12000000,40862.63300000,2509332.17678000,27798
2023-09-27,61.12000000,62.89000000,59.87000000,60.70000000,64111.00600000,3942419.10708000,39381
2023-09-28,60.71000000,66.90000000,60.50000000,65.69000000,187258.24500000,12013360.15004000,84187
2023-09-29,65.68000000,67.95000000,64.96000000,66.06000000,98883.30400000,6539863.64429000,47317
2023-09-30,66.07000000,68.68000000,66.01000000,67.56000000,92852.31100000,6263965.21093000,41523
2023-10-01,67.56000000,72.40000000,67.31000000,72.21000000,110691.23400000,7688981.88559000,67484
2023-10-02,72.24000000,72.38000000,68.00000000,69.15000000,110759.53900000,7738225.77532000,68457
2023-10-03,69.15000000,70.27000000,64.50000000,65.07000000,117687.03700000,7874980.92005000,71413
2023-10-04,65.07000000,66.82000000,63.00000000,66.67000000,95000.83400000,6160273.85326000,53343
2023-10-05,66.67000000,72.80000000,66.18000000,66.91000000,261926.85100000,18153489.36651000,147651
2023-10-06,66.92000000,69.77000000,66.89000000,68.88000000,126632.49200000,8623724.78478000,59839
2023-10-07,68.89000000,69.22000000,65.89000000,66.74000000,109431.12900000,7330814.72169000,52258
2023-10-08,66.72000000,67.38000000,65.13000000,66.04000000,40382.90000000,2667690.99732000,25634
2023-10-09,66.03000000,66.12000000,62.00000000,63.30000000,60295.99700000,3865690.98778000,45346
2023-10-10,63.29000000,65.00000000,63.04000000,64.08000000,50849.67900000,3256800.24071000,36009
2023-10-11,64.10000000,64.51000000,62.63000000,63.29000000,48717.70000000,3089201.12459000,30025
2023-10-12,63.28000000,64.19000000,61.74000000,62.96000000,43628.29100000,2739626.15904000,32568
2023-10-13,62.95000000,64.70000000,62.90000000,63.69000000,35906.73600000,2280035.24235000,25232
2023-10-14,63.70000000,65.04000000,63.58000000,64.27000000,27521.20200000,1773595.32406000,18063
2023-10-15,64.28000000,64.80000000,63.79000000,63.96000000,25479.00000000,1635729.96157000,15293
2023-10-16,63.95000000,67.17000000,63.48000000,64.79000000,116691.17400000,7592793.07729000,64897
2023-10-17,64.82000000,64.86000000,61.06000000,62.60000000,91009.40100000,5732345.81715000,38847
2023-10-18,62.59000000,63.60000000,61.86000000,62.03000000,55951.65500000,3513599.68168000,29157
2023-10-19,62.01000000,65.61000000,61.09000000,63.91000000,198570.20200000,12699257.16662000,72383
2023-10-20,63.91000000,70.13000000,63.37000000,65.90000000,361388.52300000,24170626.10916000,139888
2023-10-21,65.91000000,70.94000000,65.21000000,70.06000000,174981.76300000,11953068.35205000,64419
2023-10-22,70.06000000,80.50000000,68.91000000,79.27000000,764251.29300000,57441511.47572000,298569
2023-10-23,79.30000000,87.76000000,78.31000000,84.88000000,635678.77100000,52858481.49360000,299130
2023-10-24,84.93000000,90.90000000,80.64000000,83.51000000,408930.80600000,35185584.47410000,195835
2023-10-25,83.45000000,86.49000000,81.23000000,86.09000000,321271.16100000,26885390.43079000,132974
2023-10-26,86.09000000,89.09000000,77.34000000,80.73000000,206768.13000000,17072647.07869000,136192
2023-10-27,80.75000000,80.76000000,75.67000000,78.33000000,104761.80800000,8194505.56612000,70243
2023-10-28,78.37000000,81.52000000,78.19000000,80.02000000,79464.42700000,6368419.55302000,41715
2023-10-29,80.03000000,85.96000000,79.23000000,84.49000000,151118.66900000,12590917.10055000,94165
2023-10-30,84.50000000,87.50000000,81.19000000,83.68000000,159337.57800000,13443003.06621000,90225
2023-10-31,83.68000000,84.83000000,79.00000000,81.44000000,206736.27200000,16964191.90788000,120294
2023-11-01,81.39000000,91.83000000,80.67000000,89.16000000,366619.02100000,31666028.05194000,215057
2023-11-02,89.18000000,102.70000000,87.54000000,91.97000000,762798.06200000,73422201.30525000,427082
2023-11-03,91.96000000,93.14000000,87.84000000,90.12000000,228940.20800000,20740849.04670000,143389
2023-11-04,90.12000000,92.82000000,88.06000000,90.06000000,172398.73700000,15490683.68057000,103493
2023-11-05,90.01000000,92.25000000,87.00000000,89.09000000,294850.18800000,26375938.24963000,144457
2023-11-06,89.09000000,100.79000000,87.54000000,100.22000000,670177.59900000,63850293.76086000,308214
2023-11-07,100.25000000,105.00000000,95.48000000,97.46000000,524047.46700000,52034091.42887000,297668
2023-11-08,97.46000000,101.50000000,95.11000000,100.30000000,193710.96600000,18971250.31270000,100835
2023-11-09,100.32000000,110.00000000,92.33000000,100.81000000,673704.23700000,69403467.27506000,319597
2023-11-10,100.82000000,100.97000000,95.41000000,100.26000000,222750.19800000,21898217.08190000,133819
2023-11-11,100.29000000,100.60000000,94.07000000,96.98000000,219251.58800000,21381399.22573000,138601
2023-11-12,96.97000000,99.95000000,93.10000000,99.86000000,199956.48000000,19293576.93377000,136415
2023-11-13,99.81000000,104.76000000,92.08000000,92.95000000,268194.71400000,26383701.48602000,183926
2023-11-14,92.98000000,95.45000000,85.88000000,90.79000000,186440.97000000,17098533.70676000,130244
2023-11-15,90.79000000,95.81000000,90.10000000,95.50000000,169326.19100000,15835166.14568000,95546
2023-11-16,95.49000000,98.50000000,90.04000000,91.06000000,288220.59600000,27305500.68807000,156456
2023-11-17,91.06000000,93.55000000,85.00000000,88.74000000,155967.30600000,13915240.88015000,94372
2023-11-18,88.76000000,88.91000000,82.81000000,88.11000000,126899.07800000,10928092.63100000,68608
2023-11-19,88.08000000,91.81000000,86.04000000,91.52000000,92354.88300000,8208219.69022000,43980
2023-11-20,91.57000000,93.17000000,88.73000000,90.24000000,148293.78400000,13531375.82123000,75995
2023-11-21,90.22000000,92.59000000,83.50000000,84.49000000,233819.54000000,20682449.79823000,142965
2023-11-22,84.47000000,96.29000000,84.23000000,95.41000000,220456.97600000,20307083.09995000,110116
2023-11-23,95.42000000,101.20000000,94.98000000,96.01000000,170630.07200000,16503508.97583000,94477
2023-11-24,96.01000000,100.00000000,95.65000000,99.17000000,146306.11500000,14292719.00969000,83460
2023-11-25,99.19000000,101.85000000,97.19000000,99.57000000,113920.53200000,11340046.02055000,73458
2023-11-26,99.57000000,103.26000000,96.14000000,97.91000000,198466.86500000,19899709.49799000,97534
2023-11-27,97.90000000,99.11000000,93.32000000,96.20000000,102725.46600000,9840676.94131000,62713
2023-11-28,96.23000000,99.12000000,92.88000000,96.92000000,156387.30300000,15075987.15896000,112199
2023-11-29,96.92000000,98.85000000,95.39000000,96.50000000,79862.24800000,7752225.46454000,48168
2023-11-30,96.51000000,98.39000000,95.00000000,98.26000000,84717.91300000,8181826.54398000,48494
2023-12-01,98.29000000,101.86000000,98.00000000,100.12000000,100934.85600000,10097695.04548000,61622
2023-12-02,100.12000000,104.87000000,99.76000000,104.19000000,86077.69300000,8823072.44525000,49459
2023-12-03,104.19000000,106.00000000,101.20000000,102.72000000,88971.32700000,9181973.35302000,52700
2023-12-04,102.71000000,104.91000000,97.69000000,100.00000000,225749.26400000,22762756.50030000,127286
2023-12-05,100.00000000,100.68000000,95.38000000,98.69000000,160354.52400000,15633579.25038000,96764
2023-12-06,98.73000000,100.49000000,95.23000000,96.30000000,128163.30900000,12513487.14647000,69616
2023-12-07,96.26000000,99.66000000,94.50000000,98.65000000,112303.92100000,10959833.12537000,62510
2023-12-08,98.66000000,100.84000000,95.80000000,99.49000000,215890.70700000,21231442.10673000,110212
2023-12-09,99.49000000,104.97000000,97.31000000,98.65000000,263323.30500000,26571822.55462000,128990
2023-12-10,98.68000000,100.08000000,95.50000000,97.98000000,110203.02400000,10807194.51616000,54601
2023-12-11,97.96000000,98.41000000,87.00000000,91.62000000,236472.37400000,21641509.02358000,118090
2023-12-12,91.60000000,93.82000000,90.44000000,92.68000000,131123.65200000,12076804.90670000,58489
2023-12-13,92.66000000,95.27000000,88.23000000,94.75000000,142803.71300000,13122555.86005000,62965
2023-12-14,94.80000000,107.64000000,92.19000000,107.12000000,261528.83300000,26159479.47692000,127065
2023-12-15,107.13000000,119.00000000,103.90000000,108.20000000,639830.04500000,71289838.16408000,335185
2023-12-16,108.20000000,109.30000000,103.57000000,104.77000000,221640.82600000,23603529.89356000,107116
2023-12-17,104.80000000,106.10000000,99.68000000,100.10000000,144918.30200000,14981439.57129000,70226
2023-12-18,100.09000000,100.95000000,93.15000000,99.37000000,194117.20100000,18846900.47624000,93784
2023-12-19,99.37000000,108.65000000,98.55000000,101.33000000,243307.96200000,25136089.01689000,123439
2023-12-20,101.33000000,105.76000000,99.26000000,100.11000000,177808.60900000,18167675.29295000,78430
2023-12-21,100.14000000,102.08000000,98.50000000,101.71000000,271895.16800000,27190725.31245000,84045
2023-12-22,101.73000000,102.61000000,98.25000000,100.02000000,243573.58500000,24358189.02390000,115428
2023-12-23,100.01000000,102.06000000,95.45000000,99.44000000,268726.38000000,26327053.35005000,124001
2023-12-24,99.42000000,103.77000000,97.59000000,99.61000000,324058.02000000,32769665.09127000,135145
2023-12-25,99.58000000,105.12000000,98.29000000,102.77000000,401955.24100000,40775581.67515000,163781
2023-12-26,102.77000000,109.74000000,98.10000000,102.90000000,472317.52300000,49140615.29590000,215931
2023-12-27,102.86000000,113.28000000,99.02000000,112.00000000,434108.16000000,46379967.67805000,213275
2023-12-28,112.01000000,129.88000000,111.98000000,118.88000000,692153.63700000,83284523.92888000,507843
2023-12-29,118.91000000,122.29000000,108.24000000,112.47000000,324473.62700000,36619748.51166000,183710
2023-12-30,112.43000000,117.50000000,110.81000000,111.02000000,206355.63800000,23460092.03417000,151154
2023-12-31,111.05000000,118.88000000,106.00000000,108.69000000,260625.03000000,29826132.41149000,184424
2024-01-01,108.68000000,116.65000000,107.70000000,116.17000000,144362.94700000,16144094.75038000,93810
2024-01-02,116.18000000,120.00000000,108.57000000,110.28000000,245841.15000000,28321943.24855000,132136
2024-01-03,110.29000000,113.08000000,92.39000000,102.66000000,337085.69900000,34973216.33897000,167217
2024-01-04,102.62000000,105.50000000,101.18000000,103.77000000,142988.98500000,14796102.13144000,59748
2024-01-05,103.81000000,108.59000000,99.00000000,102.94000000,167063.53700000,17283186.58024000,89965
2024-01-06,102.93000000,103.27000000,96.98000000,99.43000000,93242.43900000,9280958.80588000,59868
2024-01-07,99.43000000,100.54000000,93.66000000,94.94000000,65520.41300000,6404600.96334000,36912
2024-01-08,94.92000000,100.00000000,88.45000000,99.00000000,184206.47900000,17469491.18685000,78870
2024-01-09,99.02000000,99.26000000,92.39000000,96.46000000,143617.62300000,13702682.93961000,69638
2024-01-10,96.41000000,110.07000000,96.00000000,107.08000000,296386.21200000,30431533.48836000,137482
2024-01-11,107.09000000,118.03000000,106.23000000,109.63000000,350714.93100000,39104238.81631000,205614
2024-01-12,109.61000000,113.96000000,99.81000000,103.00000000,198988.31200000,21543889.10860000,117970
2024-01-13,103.00000000,107.75000000,100.66000000,106.00000000,90475.52100000,9492240.62092000,56439
2024-01-14,106.01000000,106.10000000,99.15000000,99.42000000,76594.84400000,7873785.71978000,49831
2024-01-15,99.43000000,103.36000000,99.28000000,101.80000000,90527.49000000,9214673.11798000,41196
2024-01-16,101.88000000,112.09000000,101.74000000,103.59000000,254677.23400000,26994861.14319000,128118
2024-01-17,103.61000000,104.20000000,99.94000000,101.38000000,101846.57800000,10372906.59775000,54226
2024-01-18,101.40000000,101.74000000,95.00000000,96.89000000,103546.50600000,10231554.74044000,48091
2024-01-19,96.92000000,97.88000000,91.52000000,97.07000000,136203.69900000,12993329.79333000,57601
2024-01-20,97.07000000,98.64000000,96.02000000,97.43000000,53713.70200000,5223061.75294000,25101
2024-01-21,97.45000000,98.78000000,96.34000000,96.49000000,56765.92100000,5540466.69499000,30858
2024-01-22,96.46000000,97.24000000,90.42000000,91.73000000,114897.17500000,10733837.55173000,48703
2024-01-23,91.77000000,93.56000000,84.25000000,89.66000000,163084.32600000,14272226.02676000,60780
2024-01-24,89.69000000,90.75000000,88.31000000,89.95000000,67259.58800000,6002206.79975000,27236
2024-01-25,89.97000000,89.97000000,86.90000000,88.82000000,53671.76300000,4747504.32182000,27131
2024-01-26,88.82000000,91.77000000,87.50000000,91.35000000,63139.92400000,5680169.39782000,30404
2024-01-27,91.44000000,92.19000000,90.32000000,91.60000000,27276.19100000,2494463.75512000,17650
2024-01-28,91.61000000,93.51000000,90.06000000,91.16000000,65557.99700000,6035991.78847000,30829
2024-01-29,91.21000000,93.93000000,90.27000000,93.62000000,50912.24500000,4705328.08938000,25638
2024-01-30,93.64000000,95.41000000,92.22000000,93.10000000,70042.64200000,6560158.41391000,32777
2024-01-31,93.07000000,93.41000000,85.12000000,85.88000000,362100.40900000,31649429.58226000,143307
2024-02-01,85.87000000,86.16000000,82.83000000,83.93000000,348791.02100000,29233593.29241000,91584
2024-02-02,83.94000000,86.49000000,82.30000000,85.86000000,477614.02000000,39964340.48154000,133866
2024-02-03,85.86000000,86.85000000,84.88000000,85.64000000,65090.67800000,5592051.77619000,24806
2024-02-04,85.64000000,85.81000000,82.68000000,83.24000000,67695.53200000,5717008.28964000,25981
2024-02-05,83.24000000,85.97000000,81.45000000,84.19000000,97818.23700000,8216533.21693000,37430
2024-02-06,84.19000000,85.42000000,82.51000000,84.49000000,138952.33700000,11667700.33550000,53962
2024-02-07,84.53000000,85.03000000,82.27000000,84.20000000,292221.14700000,24450800.03268000,106804
2024-02-08,84.21000000,86.77000000,84.02000000,85.16000000,158041.06800000,13493210.35718000,43761
2024-02-09,85.16000000,89.99000000,85.15000000,87.61000000,284200.55500000,24845963.31292000,85143
2024-02-10,87.61000000,89.26000000,86.09000000,88.38000000,92109.21000000,8109608.04840000,30230
2024-02-11,88.40000000,89.87000000,86.66000000,87.28000000,105765.88800000,9347424.69521000,30881
2024-02-12,87.27000000,91.04000000,85.05000000,90.81000000,151032.54900000,13323120.98747000,47884
2024-02-13,90.81000000,91.49000000,87.19000000,89.58000000,192430.19000000,17221078.93859000,65072
2024-02-14,89.58000000,92.72000000,88.99000000,91.00000000,167800.84300000,15228014.61810000,54895
2024-02-15,91.02000000,93.47000000,89.99000000,92.24000000,194204.32900000,17885708.00183000,65202
2024-02-16,92.24000000,94.96000000,89.99000000,94.51000000,186916.13800000,17376672.92616000,67291
2024-02-17,94.54000000,94.82000000,91.06000000,93.91000000,138555.20600000,12907779.16355000,53329
2024-02-18,93.93000000,95.50000000,92.61000000,94.65000000,127550.60800000,12021855.80680000,53664
2024-02-19,94.66000000,98.04000000,94.23000000,96.22000000,170511.54700000,16474495.19814000,65446
2024-02-20,96.23000000,97.12000000,89.91000000,93.85000000,190663.89100000,17900618.87510000,85601
2024-02-21,93.87000000,94.24000000,88.05000000,91.72000000,160136.51300000,14502458.45229000,65480
2024-02-22,91.72000000,93.91000000,90.07000000,91.95000000,102996.81300000,9494794.97465000,49687
2024-02-23,92.02000000,101.90000000,89.46000000,94.64000000,482935.36600000,46270216.02767000,214618
2024-02-24,94.60000000,104.00000000,93.69000000,101.14000000,450708.75300000,45085571.83153000,187553
2024-02-25,101.17000000,101.76000000,97.24000000,100.32000000,165415.79500000,16370594.88086000,62134
2024-02-26,100.32000000,103.91000000,97.83000000,102.79000000,198696.45900000,20179094.35226000,98542
2024-02-27,102.77000000,105.75000000,101.01000000,104.75000000,221922.54900000,22933640.73642000,103697
2024-02-28,104.77000000,108.54000000,97.57000000,104.42000000,344813.09800000,36144688.37273000,167067
2024-02-29,104.38000000,114.88000000,103.06000000,105.78000000,353886.43300000,38687818.48444000,187997
2024-03-01,105.79000000,110.60000000,105.72000000,110.52000000,141011.10300000,15302295.55370000,78110
2024-03-02,110.54000000,118.59000000,109.69000000,116.02000000,225267.99300000,25797629.93541000,134119
2024-03-03,116.02000000,119.11000000,105.20000000,112.65000000,236834.70800000,26972493.07306000,127185
2024-03-04,112.56000000,115.43000000,110.16000000,114.14000000,287089.39800000,32377365.79176000,153152
2024-03-05,114.22000000,119.98000000,93.86000000,105.75000000,508463.06200000,56597738.63691000,300517
2024-03-06,105.75000000,128.00000000,102.06000000,127.53000000,562883.13400000,66592490.63993000,326245
2024-03-07,127.57000000,134.04000000,120.55000000,133.91000000,331006.37000000,41822659.83420000,194165
2024-03-08,133.96000000,138.13000000,126.75000000,132.63000000,351953.51000000,46398841.58401000,212902
2024-03-09,132.61000000,135.17000000,128.65000000,131.31000000,178096.12200000,23464204.32581000,94580
2024-03-10,131.32000000,134.04000000,122.50000000,126.86000000,190999.01800000,24571252.93589000,106369
2024-03-11,126.85000000,138.51000000,120.02000000,136.74000000,313911.96300000,41583246.04784000,200345
2024-03-12,136.74000000,138.63000000,123.00000000,135.36000000,310122.85000000,40806666.45794000,171854
2024-03-13,135.36000000,153.72000000,133.82000000,142.69000000,388628.61900000,56406687.77103000,233928
2024-03-14,142.71000000,145.82000000,131.93000000,139.42000000,259652.68900000,36162790.25838000,152364
2024-03-15,139.39000000,141.63000000,122.00000000,129.13000000,292127.41400000,37664105.77429000,181439
2024-03-16,129.17000000,130.37000000,116.10000000,118.76000000,175626.94500000,21603818.51356000,110066
2024-03-17,118.75000000,129.60000000,113.29000000,126.91000000,199980.72300000,24498957.53472000,106712
2024-03-18,126.83000000,129.64000000,118.83000000,123.42000000,162768.15900000,20258292.61498000,89750
2024-03-19,123.38000000,124.67000000,107.13000000,109.44000000,265828.79800000,30208839.58110000,132322
2024-03-20,109.28000000,120.90000000,105.00000000,120.11000000,241865.71800000,27178962.03814000,105267
2024-03-21,120.11000000,124.94000000,116.20000000,123.38000000,199009.22400000,24094771.35081000,96667
2024-03-22,123.39000000,125.15000000,114.56000000,118.92000000,141439.34000000,16900045.84765000,72944
2024-03-23,118.92000000,124.72000000,118.00000000,121.40000000,88281.36900000,10771120.63463000,50533
2024-03-24,121.33000000,125.68000000,120.00000000,124.85000000,98291.76300000,12082595.02380000,50536
2024-03-25,124.89000000,130.32000000,123.81000000,127.03000000,139943.56100000,17814289.44339000,70275
2024-03-26,127.02000000,131.98000000,125.39000000,130.82000000,148058.51500000,19123561.03654000,87289
2024-03-27,130.81000000,132.23000000,123.72000000,125.00000000,142415.98100000,18157397.08602000,76364
2024-03-28,124.97000000,128.44000000,122.48000000,127.87000000,101897.81600000,12822191.30757000,53571
2024-03-29,127.86000000,130.43000000,124.44000000,127.45000000,128316.58500000,16400338.35689000,67812
2024-03-30,127.46000000,129.04000000,123.20000000,123.96000000,60374.14200000,7622489.83160000,35825
2024-03-31,123.91000000,128.40000000,123.43000000,128.31000000,64209.33300000,8124184.50051000,34613
2024-04-01,128.32000000,131.77000000,121.04000000,129.27000000,250789.79200000,31719739.21158000,131691
2024-04-02,129.37000000,129.83000000,112.80000000,115.49000000,202890.23900000,24026622.17858000,101561
2024-04-03,115.48000000,119.05000000,111.44000000,114.50000000,121257.74300000,14057583.77629000,55401
2024-04-04,114.48000000,119.70000000,112.03000000,116.35000000,71996.80800000,8367137.08628000,41676
2024-04-05,116.35000000,116.67000000,109.37000000,113.68000000,81431.32100000,9185590.44713000,42090
2024-04-06,113.68000000,121.64000000,113.09000000,118.56000000,285335.26800000,33779712.94094000,100607
2024-04-07,118.54000000,123.04000000,118.30000000,122.84000000,85823.35400000,10362816.67281000,34364
2024-04-08,122.83000000,129.83000000,121.30000000,129.18000000,111636.40300000,14075135.92080000,60772
2024-04-09,129.13000000,133.94000000,125.17000000,126.50000000,237987.05400000,30806264.24358000,99104
2024-04-10,126.48000000,129.47000000,122.15000000,128.50000000,268541.97200000,33731380.19784000,112600
2024-04-11,128.51000000,132.57000000,115.45000000,117.60000000,286373.42500000,35167498.35096000,122285
2024-04-12,117.60000000,120.08000000,86.86000000,99.81000000,312663.65300000,33049165.05021000,154278
2024-04-13,99.81000000,100.02000000,70.00000000,82.56000000,523555.82500000,44337964.42913000,228624
2024-04-14,82.49000000,89.58000000,79.77000000,87.94000000,316163.86000000,26532387.25999000,128264
2024-04-15,87.94000000,91.62000000,80.90000000,84.89000000,225545.52100000,19540266.58395000,76568
2024-04-16,84.93000000,89.57000000,80.86000000,86.72000000,143031.82700000,12095526.66346000,50335
2024-04-17,86.72000000,87.77000000,81.08000000,83.67000000,105619.88000000,8917469.81446000,42177
2024-04-18,83.66000000,86.73000000,82.00000000,85.42000000,75218.65000000,6360283.97133000,41209
2024-04-19,85.43000000,88.90000000,78.69000000,85.76000000,155006.56700000,13148004.18023000,66703
2024-04-20,85.77000000,92.36000000,84.78000000,91.79000000,110228.91800000,9797154.70272000,36648
2024-04-21,91.79000000,93.22000000,89.10000000,91.10000000,61504.21000000,5629667.36839000,26345
2024-04-22,91.07000000,97.45000000,90.42000000,96.44000000,132405.60900000,12564889.37364000,45317
2024-04-23,96.44000000,97.48000000,93.66000000,94.65000000,89793.49700000,8560037.38328000,34866
2024-04-24,94.63000000,97.13000000,89.78000000,90.72000000,158137.34700000,14852135.59603000,56123
2024-04-25,90.76000000,91.97000000,87.98000000,91.52000000,96758.28200000,8701978.73998000,39814
2024-04-26,91.48000000,91.66000000,88.15000000,89.56000000,100155.46900000,9018711.04008000,33077
2024-04-27,89.63000000,93.12000000,86.19000000,91.77000000,102866.05100000,9156821.40285000,35195
2024-04-28,91.77000000,93.29000000,89.87000000,90.29000000,47000.19200000,4321945.00096000,16825
2024-04-29,90.23000000,91.85000000,86.70000000,89.40000000,91016.41600000,8079322.28470000,30611
2024-04-30,89.42000000,90.42000000,80.76000000,83.42000000,162043.12200000,13692564.00487000,53174
2024-05-01,83.42000000,84.52000000,78.52000000,83.67000000,136494.21000000,11137844.82051000,59740
2024-05-02,83.67000000,86.00000000,80.99000000,84.92000000,104298.40000000,8757917.80711000,34980
2024-05-03,84.91000000,89.26000000,83.54000000,88.79000000,85223.26300000,7368372.97702000,35337
2024-05-04,88.80000000,89.95000000,87.76000000,89.01000000,60926.34800000,5416158.35114000,27315
2024-05-05,89.01000000,90.60000000,87.28000000,90.01000000,72308.73000000,6442519.02561000,25952
2024-05-06,89.99000000,92.85000000,87.77000000,87.88000000,113349.55300000,10198613.79995000,43863
2024-05-07,87.90000000,91.48000000,86.09000000,87.93000000,154587.48400000,13804308.73348000,56907
2024-05-08,87.92000000,89.22000000,85.51000000,86.17000000,133167.16800000,11622182.30679000,43026
2024-05-09,86.14000000,90.68000000,85.00000000,89.92000000,80109.65400000,7021621.87637000,29085
2024-05-10,89.94000000,90.72000000,83.59000000,83.76000000,76260.87300000,6591770.48056000,36138
2024-05-11,83.74000000,84.61000000,82.08000000,82.31000000,55659.55100000,4642740.76238000,24592
2024-05-12,82.31000000,84.37000000,82.21000000,83.00000000,26474.67900000,2199894.67388000,16597
2024-05-13,83.03000000,85.97000000,80.17000000,82.80000000,71989.44400000,5975465.51616000,34046
2024-05-14,82.80000000,82.92000000,80.08000000,80.44000000,49000.11100000,3996139.63719000,22811
2024-05-15,80.45000000,86.79000000,80.00000000,86.07000000,61825.78000000,5188326.92014000,25357
2024-05-16,86.11000000,86.84000000,83.93000000,85.89000000,45965.44600000,3941334.20262000,21687
2024-05-17,85.89000000,89.40000000,84.90000000,88.29000000,43751.00800000,3836612.56252000,26942
2024-05-18,88.24000000,90.04000000,87.67000000,88.24000000,39244.42100000,3480557.39489000,21723
2024-05-19,88.24000000,88.76000000,84.46000000,85.33000000,36305.35500000,3146139.13835000,19224
2024-05-20,85.35000000,98.08000000,84.16000000,98.03000000,147973.28100000,13594058.84847000,77966
2024-05-21,98.04000000,100.00000000,95.44000000,97.14000000,150407.20200000,14749731.70518000,71157
2024-05-22,97.13000000,97.89000000,92.95000000,94.43000000,85367.34700000,8160777.36742000,40599
2024-05-23,94.42000000,99.98000000,91.16000000,97.91000000,171120.76800000,16424331.95706000,96107
2024-05-24,97.91000000,105.11000000,95.16000000,99.43000000,259628.34000000,25906819.79013000,114976
2024-05-25,99.45000000,108.52000000,99.23000000,105.19000000,218872.51300000,23055374.61341000,99849
2024-05-26,105.20000000,112.88000000,103.52000000,109.59000000,242587.53100000,26303573.08576000,99483
2024-05-27,109.59000000,114.72000000,107.28000000,108.63000000,156653.17000000,17298419.14262000,82052
2024-05-28,108.63000000,109.06000000,103.70000000,106.37000000,123624.91200000,13144254.74368000,62164
2024-05-29,106.36000000,107.69000000,102.51000000,103.79000000,105979.06400000,11146744.42662000,51225
2024-05-30,103.77000000,107.30000000,102.04000000,102.86000000,94231.20100000,9794753.80136000,53588
2024-05-31,102.82000000,104.73000000,100.02000000,103.81000000,96435.47000000,9907848.56511000,50059
2024-06-01,103.79000000,105.40000000,103.54000000,104.07000000,32836.55600000,3432880.30450000,17677
2024-06-02,104.06000000,105.28000000,102.02000000,103.11000000,52734.95700000,5486778.65548000,25033
2024-06-03,103.11000000,105.59000000,100.72000000,101.07000000,56909.87000000,5882454.50960000,30216
2024-06-04,101.07000000,104.25000000,99.70000000,103.02000000,91340.54400000,9278771.02580000,38391
2024-06-05,103.06000000,105.47000000,102.14000000,104.37000000,86012.05100000,8902714.66817000,26751
2024-06-06,104.41000000,104.46000000,101.00000000,102.43000000,74638.17700000,7686528.40781000,26176
2024-06-07,102.43000000,104.87000000,89.00000000,97.44000000,242108.20600000,23830937.30409000,102371
2024-06-08,97.45000000,98.11000000,92.11000000,92.85000000,82088.06800000,7769812.44958000,36196
2024-06-09,92.84000000,94.19000000,91.92000000,93.45000000,35953.49600000,3353911.49472000,19527
2024-06-10,93.44000000,93.89000000,90.33000000,90.81000000,81763.26000000,7539062.73347000,40789
2024-06-11,90.81000000,91.12000000,84.78000000,87.77000000,140010.71700000,12279390.81421000,70448
2024-06-12,87.77000000,93.67000000,86.74000000,89.98000000,167229.82000000,15127776.49486000,103464
2024-06-13,89.96000000,90.05000000,83.05000000,83.74000000,172076.34100000,14734122.58484000,85792
2024-06-14,83.73000000,86.20000000,80.65000000,83.65000000,110715.43700000,9284701.81833000,66367
2024-06-15,83.66000000,87.14000000,83.41000000,85.89000000,44796.25800000,3823397.47101000,31137
2024-06-16,85.90000000,86.84000000,84.24000000,85.80000000,57700.75500000,4927191.57111000,33825
2024-06-17,85.77000000,88.00000000,81.47000000,84.94000000,219108.90700000,18630782.76163000,93793
2024-06-18,84.95000000,85.57000000,74.80000000,82.05000000,206525.53200000,16446538.00294000,99047
2024-06-19,82.03000000,88.88000000,81.45000000,87.31000000,171294.93800000,14831273.41117000,91380
2024-06-20,87.30000000,90.14000000,84.64000000,84.85000000,112438.19700000,9840836.31407000,66290
2024-06-21,84.84000000,86.70000000,81.73000000,82.00000000,138234.74000000,11610011.20547000,96538
2024-06-22,82.00000000,82.37000000,79.64000000,81.66000000,103869.59700000,8375752.37052000,54274
2024-06-23,81.66000000,82.86000000,80.10000000,80.75000000,55388.04300000,4530655.13283000,26185
2024-06-24,80.72000000,90.59000000,76.51000000,86.28000000,248283.18100000,20833173.54686000,140010
2024-06-25,86.25000000,95.33000000,86.17000000,92.09000000,234916.74100000,21480041.26012000,132999
2024-06-26,92.07000000,95.63000000,90.05000000,94.46000000,122317.15100000,11339879.01499000,83912
2024-06-27,94.48000000,96.50000000,91.02000000,93.46000000,187099.73600000,17453911.76636000,118858
2024-06-28,93.53000000,96.98000000,92.91000000,93.64000000,138041.51900000,13109972.29374000,74060
2024-06-29,93.62000000,97.45000000,93.62000000,96.59000000,84244.40400000,8078245.31226000,46500
2024-06-30,96.54000000,98.15000000,94.50000000,97.43000000,80358.34700000,7730050.12250000,50495
2024-07-01,97.45000000,99.97000000,96.35000000,98.34000000,84803.87900000,8361225.03798000,55242
2024-07-02,98.30000000,99.61000000,88.60000000,91.51000000,190464.42800000,17582596.97860000,106011
2024-07-03,91.55000000,92.42000000,83.85000000,84.27000000,289527.95400000,25521047.60282000,143969
2024-07-04,84.29000000,85.93000000,78.82000000,79.53000000,207248.57700000,17104312.68429000,103702
2024-07-05,79.50000000,80.41000000,71.06000000,79.92000000,339480.14600000,25856226.93541000,190191
2024-07-06,79.89000000,83.61000000,78.47000000,83.16000000,80549.17600000,6505565.69115000,36559
2024-07-07,83.15000000,83.36000000,77.97000000,78.20000000,66681.18700000,5359649.70277000,30188
2024-07-08,78.30000000,84.12000000,75.46000000,82.04000000,126652.63900000,10229005.19687000,67586
2024-07-09,82.04000000,86.17000000,81.26000000,85.29000000,106333.19700000,8883710.88030000,45114
2024-07-10,85.27000000,91.20000000,83.84000000,91.09000000,95922.86000000,8423501.31146000,51497
2024-07-11,91.14000000,95.99000000,88.20000000,92.77000000,144496.20300000,13374095.57191000,77199
2024-07-12,92.80000000,98.39000000,91.93000000,97.49000000,133547.67500000,12718896.20416000,72883
2024-07-13,97.48000000,101.72000000,95.58000000,99.26000000,108145.65100000,10645758.71312000,61485
2024-07-14,99.26000000,105.00000000,99.11000000,104.40000000,122452.41700000,12527185.45523000,59658
2024-07-15,104.39000000,106.71000000,101.32000000,104.06000000,157901.79100000,16399352.38015000,89855
2024-07-16,104.06000000,106.82000000,99.29000000,100.62000000,196597.22700000,20303819.71874000,104214
2024-07-17,100.64000000,103.59000000,97.40000000,98.08000000,159851.58800000,16023661.32367000,119806
2024-07-18,98.08000000,100.50000000,95.43000000,98.57000000,97540.34100000,9609656.25465000,78838
2024-07-19,98.55000000,101.36000000,95.70000000,100.77000000,68507.09600000,6773764.13044000,51703
2024-07-20,100.77000000,100.82000000,98.11000000,99.00000000,47338.81800000,4718983.36149000,35784
2024-07-21,99.02000000,100.19000000,93.93000000,98.34000000,76311.14500000,7453279.19377000,53658
2024-07-22,98.34000000,100.31000000,93.43000000,94.09000000,104445.77600000,10027552.30109000,53431
2024-07-23,94.16000000,96.30000000,91.57000000,94.45000000,99136.46800000,9353127.00603000,66502
2024-07-24,94.47000000,94.80000000,89.36000000,89.94000000,56474.24800000,5220796.49428000,44834
2024-07-25,89.89000000,97.20000000,85.75000000,92.78000000,341270.46000000,31193432.34167000,177638
2024-07-26,92.79000000,103.21000000,92.66000000,97.74000000,238894.76300000,23651525.32436000,145073
2024-07-27,97.74000000,103.00000000,97.07000000,101.14000000,128963.75700000,12899887.22842000,82099
2024-07-28,101.12000000,101.16000000,97.91000000,98.69000000,55008.56600000,5486744.02672000,40677
2024-07-29,98.71000000,106.43000000,98.71000000,104.96000000,127629.84700000,13141034.08497000,85758
2024-07-30,104.98000000,106.73000000,102.59000000,105.21000000,154184.02000000,16153664.08275000,95038
2024-07-31,105.21000000,112.33000000,104.06000000,107.52000000,250216.47100000,27062749.00382000,124090
2024-08-01,107.52000000,117.46000000,103.64000000,116.82000000,510594.23100000,56552085.86542000,298447
2024-08-02,116.83000000,118.10000000,106.88000000,110.33000000,508184.97000000,57743310.90397000,294870
2024-08-03,110.33000000,116.94000000,103.02000000,105.57000000,451514.93500000,49909734.64771000,242591
2024-08-04,105.55000000,112.01000000,96.86000000,97.19000000,511242.49600000,53195917.29345000,271695
2024-08-05,97.17000000,99.00000000,76.15000000,95.64000000,879926.98900000,76568506.36184000,415557
2024-08-06,95.67000000,107.97000000,95.34000000,103.64000000,472699.65000000,48145198.06524000,208833
2024-08-07,103.65000000,106.49000000,96.55000000,98.32000000,385078.21100000,39052480.41878000,183467
2024-08-08,98.34000000,103.96000000,95.04000000,101.44000000,427652.14900000,42130758.39812000,196803
2024-08-09,101.46000000,101.52000000,93.57000000,96.28000000,203610.91800000,19780094.94975000,89077
2024-08-10,96.29000000,97.12000000,92.51000000,93.31000000,90999.41900000,8597729.51193000,57638
2024-08-11,93.32000000,96.20000000,90.82000000,91.16000000,124030.92700000,11614577.73592000,68205
2024-08-12,91.16000000,97.20000000,90.19000000,95.66000000,204156.52100000,19189184.01370000,86489
2024-08-13,95.67000000,100.01000000,93.66000000,97.78000000,265231.18600000,25625096.92093000,92302
2024-08-14,97.75000000,106.77000000,96.24000000,106.02000000,343894.34000000,35330136.42126000,139018
2024-08-15,106.02000000,112.15000000,104.18000000,107.80000000,429368.29500000,46121221.41646000,236808
2024-08-16,107.78000000,114.89000000,105.71000000,112.67000000,394467.12800000,43375664.21894000,202224
2024-08-17,112.68000000,116.72000000,109.47000000,110.93000000,196408.49700000,22058599.66462000,120450
2024-08-18,110.92000000,113.50000000,109.34000000,111.38000000,185143.09900000,20611396.54256000,122029
2024-08-19,111.37000000,122.47000000,107.55000000,118.12000000,407396.36500000,46811225.98588000,268561
2024-08-20,118.13000000,132.25000000,117.63000000,128.89000000,505920.20400000,63864311.09543000,334925
2024-08-21,128.87000000,143.78000000,127.75000000,140.16000000,660848.12000000,90097356.35196000,452613
2024-08-22,140.16000000,141.95000000,133.25000000,135.84000000,309008.54100000,42197830.01418000,224330
2024-08-23,135.85000000,148.77000000,132.01000000,143.32000000,366770.71800000,50706673.73460000,309560
2024-08-24,143.32000000,143.42000000,135.35000000,137.02000000,196740.64200000,27309348.91682000,164022
2024-08-25,137.08000000,139.99000000,133.51000000,135.47000000,138514.78200000,18904909.34555000,113997
2024-08-26,135.47000000,136.80000000,127.87000000,128.76000000,173792.02500000,22923500.37736000,114085
2024-08-27,128.73000000,131.80000000,117.15000000,119.98000000,246509.05200000,30770733.58131000,162547
2024-08-28,120.00000000,129.00000000,118.29000000,125.51000000,331431.70300000,41084570.89993000,185307
2024-08-29,125.50000000,128.36000000,121.68000000,123.28000000,179183.10700000,22308620.74143000,126687
2024-08-30,123.26000000,131.91000000,118.35000000,131.20000000,256453.95900000,31862339.79180000,152524
2024-08-31,131.20000000,134.06000000,128.08000000,129.71000000,178221.57500000,23396253.09035000,110506
2024-09-01,129.68000000,130.08000000,120.15000000,120.70000000,163920.23700000,20459032.26078000,118178
2024-09-02,120.64000000,135.34000000,117.80000000,134.90000000,296372.83200000,37424833.75378000,174244
2024-09-03,134.90000000,135.25000000,118.62000000,118.78000000,391255.65600000,49392824.02123000,229894
2024-09-04,118.78000000,140.90000000,116.00000000,135.27000000,830363.51200000,107897425.16535000,428583
2024-09-05,135.24000000,137.36000000,127.44000000,128.96000000,358177.57700000,47358355.29946000,213361
2024-09-06,128.97000000,130.93000000,119.56000000,126.85000000,433303.25300000,54262094.97712000,227409
2024-09-07,126.86000000,130.83000000,123.94000000,125.13000000,229905.30200000,29230052.73663000,136026
2024-09-08,125.16000000,127.57000000,123.18000000,125.98000000,184815.60000000,23210473.77095000,127128
2024-09-09,125.98000000,142.28000000,124.15000000,139.97000000,466110.57000000,63020745.18670000,267517
2024-09-10,139.97000000,153.00000000,136.19000000,150.59000000,452339.61500000,65277569.98263000,271900
2024-09-11,150.60000000,160.01000000,144.92000000,149.47000000,574762.81600000,86407630.51552000,350592
2024-09-12,149.47000000,151.95000000,141.63000000,145.01000000,468098.74400000,68729272.28795000,281107
2024-09-13,145.01000000,146.45000000,139.34000000,144.33000000,331885.75100000,47297287.64157000,241541
2024-09-14,144.33000000,144.35000000,137.46000000,140.06000000,167604.56200000,23440972.84122000,132021
2024-09-15,140.06000000,149.96000000,139.88000000,143.37000000,321936.21300000,46854216.79854000,245144
2024-09-16,143.34000000,143.80000000,138.00000000,140.30000000,265919.99200000,37417731.89660000,194204
2024-09-17,140.30000000,147.50000000,136.45000000,140.60000000,259492.69200000,36840039.77206000,162378
2024-09-18,140.58000000,142.03000000,134.14000000,141.76000000,242120.92200000,33272536.53213000,129162
2024-09-19,141.78000000,153.01000000,141.49000000,150.38000000,258493.26300000,38031067.27309000,149759
2024-09-20,150.39000000,157.71000000,147.57000000,153.41000000,164697.67200000,25197465.63173000,107848
2024-09-21,153.40000000,154.94000000,149.73000000,154.57000000,69547.97000000,10549375.08016000,56534
2024-09-22,154.57000000,162.98000000,154.20000000,162.11000000,326480.85700000,51766410.25721000,202896
2024-09-23,162.16000000,180.74000000,158.60000000,171.95000000,393303.30400000,67577683.27298000,292028
2024-09-24,171.96000000,173.62000000,163.64000000,166.09000000,240434.58300000,40336807.42105000,174273
2024-09-25,166.15000000,173.86000000,164.10000000,165.06000000,229190.22200000,38546037.29339000,184007
2024-09-26,165.06000000,170.00000000,163.06000000,165.21000000,180050.74900000,30017779.64349000,159903
2024-09-27,165.18000000,173.98000000,163.55000000,170.39000000,239959.52100000,40389621.61045000,155216
2024-09-28,170.38000000,171.14000000,161.75000000,163.93000000,116012.28500000,19293639.27819000,79565
2024-09-29,163.92000000,164.98000000,158.00000000,161.50000000,128971.08900000,20801803.92225000,93152
2024-09-30,161.50000000,161.73000000,154.62000000,156.73000000,143364.09800000,22595610.72535000,105041
2024-10-01,156.76000000,164.32000000,143.30000000,144.81000000,307625.84900000,47313576.74481000,229512
2024-10-02,144.80000000,150.23000000,136.82000000,139.14000000,248375.00300000,35554858.70125000,184282
2024-10-03,139.16000000,146.80000000,134.70000000,143.73000000,343883.21300000,48397771.57111000,195134
2024-10-04,143.73000000,152.95000000,141.52000000,151.25000000,297529.59700000,44259169.46662000,155721
2024-10-05,151.29000000,151.89000000,146.07000000,148.46000000,69951.68200000,10440221.45639000,54922
2024-10-06,148.49000000,150.57000000,146.19000000,150.12000000,77951.97600000,11558229.68383000,50218
2024-10-07,150.13000000,154.90000000,145.45000000,146.68000000,193093.63900000,28906156.71318000,104433
2024-10-08,146.69000000,147.75000000,141.77000000,143.15000000,125955.95900000,18220636.39681000,75174
2024-10-09,143.14000000,144.23000000,138.42000000,139.44000000,163378.50500000,23089791.01085000,94462
2024-10-10,139.44000000,145.34000000,136.00000000,140.70000000,234816.63100000,32998748.46917000,140847
2024-10-11,140.72000000,145.85000000,140.36000000,143.91000000,94223.55400000,13484535.19920000,71775
2024-10-12,143.91000000,157.04000000,143.27000000,154.73000000,174033.13300000,26208558.13814000,131756
2024-10-13,154.74000000,155.99000000,150.54000000,154.64000000,112460.16400000,17187239.26008000,94078
2024-10-14,154.63000000,165.39000000,153.04000000,162.93000000,215465.31200000,34740088.24635000,175304
2024-10-15,162.95000000,165.84000000,152.81000000,156.79000000,242676.98700000,38585867.54330000,215135
2024-10-16,156.79000000,159.95000000,153.52000000,155.80000000,117223.02200000,18365113.57054000,117989
2024-10-17,155.81000000,157.69000000,150.20000000,153.14000000,98597.96900000,15234112.99366000,92491
2024-10-18,153.13000000,159.05000000,152.07000000,159.00000000,97053.17200000,15151010.38426000,80300
2024-10-19,159.02000000,159.91000000,155.77000000,158.15000000,65337.17200000,10322776.04672000,59464
2024-10-20,158.18000000,160.58000000,156.04000000,158.88000000,82687.27100000,13094839.92152000,71758
2024-10-21,158.91000000,159.89000000,151.30000000,153.25000000,103541.13100000,16049464.61439000,74811
2024-10-22,153.26000000,155.26000000,149.99000000,152.67000000,72677.47000000,11100209.21680000,51282
2024-10-23,152.68000000,153.01000000,143.88000000,149.61000000,84456.01400000,12536704.65485000,85159
2024-10-24,149.61000000,153.16000000,145.90000000,147.44000000,104300.32300000,15624353.08232000,79264
2024-10-25,147.48000000,149.66000000,132.00000000,138.10000000,148032.65000000,20960991.24083000,128974
2024-10-26,138.08000000,143.88000000,136.63000000,142.69000000,85873.91800000,12084414.67722000,69610
2024-10-27,142.70000000,148.06000000,141.83000000,147.94000000,59667.95900000,8613524.73815000,48191
2024-10-28,147.95000000,154.40000000,146.40000000,151.69000000,142180.39200000,21428936.72356000,121588
2024-10-29,151.67000000,155.38000000,149.19000000,151.49000000,116859.04900000,17812159.74706000,103594
2024-10-30,151.51000000,158.32000000,148.65000000,156.25000000,137311.72600000,21274046.58620000,104803
2024-10-31,156.19000000,157.70000000,140.86000000,143.51000000,144313.97400000,21211042.63460000,110473
2024-11-01,143.51000000,147.09000000,140.03000000,141.45000000,84272.53300000,12063147.20471000,72863
2024-11-02,141.41000000,143.77000000,136.95000000,138.42000000,68486.30900000,9570080.90977000,50758
2024-11-03,138.45000000,138.65000000,128.63000000,132.87000000,119709.01700000,15947137.71799000,115284
2024-11-04,132.86000000,134.92000000,125.73000000,128.27000000,131983.10100000,17134170.01417000,120435
2024-11-05,128.27000000,136.85000000,127.87000000,135.83000000,217528.77600000,28661174.31924000,192107
2024-11-06,135.83000000,176.36000000,135.79000000,173.71000000,695053.89500000,110609666.10601000,469006
2024-11-07,173.65000000,190.81000000,173.23000000,183.40000000,500583.52100000,92016693.93055000,373193
2024-11-08,183.54000000,185.40000000,165.85000000,181.94000000,228363.34800000,41122779.71610000,178251
2024-11-09,181.97000000,199.49000000,181.03000000,195.35000000,300785.62900000,57479886.02604000,275495
2024-11-10,195.21000000,198.66000000,181.35000000,190.06000000,333343.57300000,64136757.50189000,310598
2024-11-11,190.06000000,195.16000000,183.14000000,193.47000000,310377.74200000,58654501.90282000,238736
2024-11-12,193.44000000,196.86000000,172.51000000,179.17000000,445954.98300000,81939083.72140000,349136
2024-11-13,179.28000000,187.85000000,167.13000000,173.21000000,364844.34800000,64304093.90031000,364605
2024-11-14,173.20000000,176.89000000,155.63000000,158.13000000,265381.38300000,44165743.14736000,247698
2024-11-15,158.16000000,166.49000000,150.60000000,164.40000000,490115.66800000,77683754.82340000,320698
2024-11-16,164.40000000,175.73000000,163.05000000,168.95000000,241607.47300000,40786489.56080000,225082
2024-11-17,168.96000000,172.40000000,159.44000000,161.98000000,217380.75700000,36124912.85945000,211228
2024-11-18,162.00000000,173.24000000,161.14000000,170.78000000,229339.92600000,38436385.66843000,220982
2024-11-19,170.77000000,173.43000000,158.55000000,161.95000000,213799.68700000,34941195.20748000,155081
2024-11-20,161.99000000,168.00000000,153.24000000,156.77000000,200571.66100000,32171088.85996000,172377
2024-11-21,156.78000000,170.85000000,151.86000000,169.23000000,285392.26500000,46614281.16707000,232521
2024-11-22,169.27000000,173.49000000,161.14000000,173.46000000,270150.29100000,45062872.43918000,202553
2024-11-23,173.49000000,184.27000000,169.84000000,174.45000000,343983.15100000,60628434.52092000,291436
2024-11-24,174.43000000,183.56000000,160.52000000,171.14000000,356410.72800000,60956505.13781000,284580
2024-11-25,171.18000000,189.69000000,165.93000000,181.45000000,499107.27000000,89674941.22535000,400024
2024-11-26,181.38000000,184.22000000,165.42000000,181.60000000,381168.62400000,66321051.37601000,311682
2024-11-27,181.60000000,211.09000000,180.58000000,210.52000000,539039.04900000,105750520.24874000,490605
2024-11-28,210.53000000,211.43000000,197.61000000,200.19000000,222480.05400000,45320195.76334000,228029
2024-11-29,200.20000000,202.32000000,194.68000000,198.97000000,162329.08600000,32277894.12777000,175129
2024-11-30,198.98000000,213.11000000,197.60000000,211.77000000,280391.67800000,57595673.02959000,278899
2024-12-01,211.88000000,214.74000000,202.73000000,209.24000000,224809.27800000,46613510.08870000,196473
2024-12-02,209.23000000,241.41000000,203.92000000,235.39000000,702383.00600000,155848022.14882000,690068
2024-12-03,235.40000000,249.35000000,221.05000000,240.40000000,606070.20400000,143378317.37202000,625000
2024-12-04,240.42000000,273.36000000,236.02000000,256.43000000,537039.58900000,136562407.27621000,552532
2024-12-05,256.36000000,266.80000000,240.05000000,247.59000000,369175.29800000,93138347.15120000,446440
2024-12-06,247.67000000,290.97000000,246.35000000,281.75000000,434666.97200000,116977659.89499000,528231
2024-12-07,281.71000000,297.25000000,278.00000000,282.20000000,236385.84200000,67351381.37942000,301416
2024-12-08,282.08000000,285.08000000,273.82000000,282.62000000,153458.02500000,42971799.87124000,187783
2024-12-09,282.67000000,284.32000000,224.63000000,260.56000000,480620.99300000,125750861.51868000,580069
2024-12-10,260.48000000,288.09000000,245.80000000,276.49000000,797541.23100000,213974914.61545000,867844
2024-12-11,276.48000000,307.68000000,259.81000000,302.76000000,411174.82200000,115968425.84773000,451383
2024-12-12,302.82000000,388.52000000,294.76000000,367.11000000,1140491.47800000,406204173.72345000,1162810
2024-12-13,367.15000000,390.95000000,352.91000000,377.70000000,585463.49200000,216620689.04597000,750799
2024-12-14,377.71000000,396.45000000,359.14000000,365.57000000,473324.01500000,178329031.69153000,752749
2024-12-15,365.60000000,381.50000000,355.00000000,368.48000000,325592.66200000,119707819.97263000,498586
2024-12-16,368.57000000,399.85000000,359.40000000,379.32000000,614418.43200000,234513584.77648000,1163704
2024-12-17,379.28000000,388.01000000,356.71000000,361.30000000,382758.42400000,141977619.19143000,452643
2024-12-18,361.31000000,380.46000000,336.00000000,339.73000000,549452.50200000,199912445.44268000,927955
2024-12-19,339.64000000,350.59000000,298.96000000,314.98000000,653836.06900000,213277207.62364000,773542
2024-12-20,315.00000000,341.00000000,271.50000000,329.40000000,731741.59800000,222568647.25449000,809088
2024-12-21,329.41000000,344.10000000,294.69000000,299.13000000,346105.73300000,110009399.56337000,382404
2024-12-22,299.20000000,323.74000000,291.02000000,318.97000000,307067.67500000,93806513.98755000,358380
2024-12-23,318.96000000,389.11000000,308.84000000,383.53000000,651988.39100000,222773060.24908000,638626
2024-12-24,383.51000000,390.15000000,365.21000000,375.14000000,319465.82300000,120484627.78689000,334889
2024-12-25,375.11000000,386.00000000,364.61000000,369.99000000,210873.22800000,78984641.19971000,240773
2024-12-26,370.06000000,371.92000000,330.53000000,337.74000000,225633.18600000,77963461.73466000,240209
2024-12-27,337.71000000,352.08000000,320.38000000,324.01000000,284815.52500000,95503899.02988000,326225
2024-12-28,324.01000000,362.29000000,318.74000000,354.40000000,225926.45500000,76129666.66946000,263122
2024-12-29,354.53000000,355.83000000,326.45000000,332.74000000,164666.20500000,55709724.95564000,171195
2024-12-30,332.77000000,344.86000000,318.99000000,322.06000000,288106.73300000,95664464.18732000,271976
2024-12-31,322.08000000,328.50000000,306.00000000,308.82000000,251212.13600000,79210890.51666000,238684
2025-01-01,308.82000000,322.99000000,306.25000000,319.84000000,173943.89700000,54582953.44294000,171362
2025-01-02,319.84000000,339.83000000,318.83000000,333.50000000,218282.59200000,72471960.21647000,228530
2025-01-03,333.61000000,356.30000000,317.18000000,350.80000000,207955.40300000,70337550.61607000,198427
2025-01-04,350.77000000,361.28000000,339.00000000,351.60000000,183545.15500000,64358209.49905000,178847
2025-01-05,351.66000000,352.69000000,339.38000000,341.70000000,122069.21000000,42010885.89473000,115437
2025-01-06,341.80000000,355.39000000,335.86000000,341.50000000,169723.77000000,58343284.20902000,164366
2025-01-07,341.52000000,343.32000000,305.51000000,306.88000000,185392.37500000,59830099.98306000,204630
2025-01-08,306.89000000,312.52000000,275.82000000,293.31000000,261567.74300000,76864461.05180000,246032
2025-01-09,293.30000000,299.86000000,273.29000000,281.13000000,227904.15100000,64897158.59789000,220178
2025-01-10,281.12000000,300.90000000,276.36000000,285.80000000,249623.20400000,71608732.99548000,234619
2025-01-11,285.78000000,293.84000000,280.07000000,287.20000000,80313.22900000,22931240.36113000,82861
2025-01-12,287.30000000,296.04000000,284.64000000,287.92000000,78375.50500000,22755384.74195000,93886
2025-01-13,287.99000000,297.03000000,256.18000000,289.57000000,316087.27200000,86309171.17754000,305610
2025-01-14,289.62000000,301.54000000,285.43000000,295.52000000,166640.49600000,48713514.08173000,184950
2025-01-15,295.48000000,323.91000000,285.65000000,319.92000000,238759.85200000,72865334.06959000,254325
2025-01-16,319.99000000,321.49000000,305.10000000,311.23000000,161303.47900000,50644648.25147000,178116
2025-01-17,311.25000000,336.61000000,310.86000000,335.19000000,167317.24100000,54555995.52539000,196144
2025-01-18,335.16000000,341.91000000,306.25000000,315.57000000,220504.43100000,70139879.53533000,244367
2025-01-19,315.50000000,348.18000000,292.59000000,309.41000000,542806.16100000,173939854.59869000,706439
2025-01-20,309.41000000,365.39000000,296.13000000,337.53000000,1016783.78400000,343849502.24212000,1296003
2025-01-21,337.48000000,378.49000000,327.09000000,370.80000000,684136.84200000,243640938.81770000,752175
2025-01-22,370.71000000,372.40000000,345.22000000,346.65000000,233350.26300000,83697748.28198000,346592
2025-01-23,346.64000000,350.44000000,324.31000000,337.41000000,275833.04300000,92947274.07023000,517175
2025-01-24,337.41000000,357.56000000,327.81000000,334.97000000,239363.70800000,82641994.59997000,452095
2025-01-25,334.98000000,338.60000000,326.05000000,326.42000000,113108.82200000,37595030.50680000,208650
2025-01-26,326.45000000,336.27000000,315.79000000,316.56000000,111837.02200000,36636301.59570000,199521
2025-01-27,316.52000000,320.56000000,288.09000000,305.07000000,321955.98400000,96857925.44649000,607637
2025-01-28,305.07000000,307.82000000,280.84000000,284.16000000,181046.33300000,53622816.79930000,200696
2025-01-29,284.14000000,301.96000000,282.55000000,290.99000000,216684.91200000,63522776.53118000,407878
2025-01-30,291.00000000,322.42000000,286.89000000,315.44000000,174687.44500000,54072326.15725000,318343
2025-01-31,315.49000000,349.23000000,312.56000000,332.71000000,335111.11000000,111611456.44787000,582642
2025-02-01,332.68000000,333.54000000,295.00000000,296.06000000,167928.93500000,52745811.45746000,309049
2025-02-02,296.07000000,304.77000000,245.24000000,258.44000000,366449.87100000,100309347.05615000,732389
2025-02-03,258.45000000,284.98000000,192.63000000,276.45000000,1127436.26300000,271839379.76652000,1802313
2025-02-04,276.45000000,278.33000000,248.92000000,272.30000000,459215.10800000,120462915.93371000,817869
2025-02-05,272.30000000,283.38000000,256.00000000,259.71000000,263653.71900000,70815671.46264000,627960
2025-02-06,259.71000000,266.89000000,239.23000000,241.48000000,213477.23300000,54104385.15391000,555432
2025-02-07,241.44000000,262.10000000,231.08000000,238.05000000,256448.60700000,63558216.90992000,614468
2025-02-08,238.06000000,241.88000000,231.08000000,238.84000000,123643.09900000,29141573.91782000,295776
2025-02-09,238.83000000,252.72000000,229.75000000,241.25000000,184419.34600000,44850487.30802000,406361
2025-02-10,241.23000000,258.00000000,234.51000000,252.61000000,210359.43200000,52223768.87974000,504010
2025-02-11,252.62000000,262.77000000,242.02000000,243.75000000,196526.24900000,50127596.19955000,384890
2025-02-12,243.72000000,261.09000000,231.76000000,252.81000000,212497.20100000,51683072.93968000,449058
2025-02-13,252.81000000,258.17000000,246.44000000,256.42000000,181007.59200000,45720367.95274000,392088
2025-02-14,256.42000000,270.28000000,253.03000000,262.61000000,135543.12600000,35460408.73271000,293322
2025-02-15,262.60000000,263.67000000,249.59000000,253.38000000,63140.46900000,16219910.82834000,147223
2025-02-16,253.36000000,259.00000000,249.97000000,253.95000000,59418.35300000,15101096.29292000,172689
2025-02-17,253.91000000,278.68000000,249.56000000,264.57000000,255620.39500000,67458650.24924000,533121
2025-02-18,264.60000000,266.12000000,241.59000000,249.60000000,177667.03100000,44721809.93425000,419638
2025-02-19,249.63000000,258.41000000,246.78000000,252.98000000,139948.51700000,35393548.46799000,321473
2025-02-20,253.01000000,263.45000000,251.09000000,261.28000000,125911.83900000,32472579.64933000,253398
2025-02-21,261.27000000,269.11000000,238.59000000,242.92000000,258217.28500000,65684384.36194000,673822
2025-02-22,242.94000000,251.76000000,239.00000000,247.14000000,132479.04800000,32479364.20143000,293545
2025-02-23,247.15000000,254.24000000,243.27000000,247.70000000,83526.17900000,20691906.17009000,190969
2025-02-24,247.71000000,249.36000000,205.22000000,210.78000000,232853.20400000,53023499.28008000,471318
2025-02-25,210.73000000,213.55000000,189.51000000,205.13000000,475176.50800000,94662401.46963000,931060
2025-02-26,205.14000000,211.65000000,192.08000000,202.55000000,295382.83800000,60106552.43312000,620205
2025-02-27,202.57000000,210.08000000,196.61000000,203.97000000,146454.59200000,29997254.20002000,355189
2025-02-28,203.97000000,204.56000000,178.21000000,192.25000000,304630.91700000,57132041.03261000,769374
2025-03-01,192.25000000,197.02000000,183.47000000,194.99000000,125176.08600000,23929834.94104000,288301
2025-03-02,195.00000000,227.00000000,190.06000000,223.52000000,312986.77500000,65883822.49490000,641080
2025-03-03,223.50000000,224.42000000,177.73000000,180.91000000,301482.22300000,60480566.89103000,639478
2025-03-04,180.94000000,216.88000000,167.52000000,206.70000000,654727.54100000,125055567.33283000,1204838
2025-03-05,206.65000000,226.28000000,204.27000000,220.89000000,379318.70000000,81729507.31360000,550897
2025-03-06,220.91000000,241.83000000,208.20000000,208.46000000,456119.80000000,102988608.62040000,578325
2025-03-07,208.49000000,212.25000000,195.30000000,196.64000000,372747.70600000,76523340.09206000,467176
2025-03-08,196.65000000,199.33000000,185.13000000,195.74000000,246080.73700000,47058898.33796000,362693
2025-03-09,195.73000000,198.23000000,176.22000000,178.60000000,265698.51000000,49642171.05625000,386078
2025-03-10,178.61000000,202.01000000,175.30000000,180.36000000,478366.00900000,89484975.09577000,683322
2025-03-11,180.37000000,186.08000000,166.98000000,182.08000000,509954.74300000,90074872.18785000,709531
2025-03-12,182.08000000,184.37000000,163.85000000,174.83000000,441159.09700000,76416268.80873000,512894
2025-03-13,174.79000000,176.26000000,160.13000000,162.81000000,298320.16800000,50667318.18613000,370071
2025-03-14,162.84000000,177.40000000,162.06000000,173.13000000,248730.99800000,42283924.52680000,242444
2025-03-15,173.13000000,177.35000000,171.78000000,173.01000000,102136.57400000,17784078.62804000,116598
2025-03-16,173.00000000,174.04000000,163.28000000,164.72000000,132975.51800000,22404883.54762000,161003
2025-03-17,164.71000000,178.13000000,164.55000000,174.71000000,173909.92000000,29878608.03788000,183891
2025-03-18,174.72000000,175.33000000,164.84000000,170.08000000,141000.83400000,23971685.87669000,181057
2025-03-19,170.09000000,184.64000000,169.65000000,182.49000000,227825.46700000,40554975.47400000,321084
2025-03-20,182.50000000,183.01000000,171.52000000,178.77000000,175786.77300000,31045482.95962000,214963
2025-03-21,178.78000000,183.32000000,174.00000000,178.26000000,153103.75300000,27316369.64667000,186717
2025-03-22,178.27000000,183.84000000,178.23000000,179.77000000,84609.27400000,15316349.08500000,100125
2025-03-23,179.78000000,186.53000000,179.45000000,185.05000000,112878.78500000,20752781.88133000,152631
2025-03-24,185.06000000,194.73000000,181.29000000,190.77000000,134165.59500000,25526690.12570000,187974
2025-03-25,190.76000000,192.53000000,185.33000000,186.67000000,114808.32100000,21588934.61383000,99525
2025-03-26,186.69000000,190.37000000,175.13000000,177.43000000,185901.17600000,34123683.12782000,140504
2025-03-27,177.45000000,186.23000000,177.08000000,184.72000000,111413.71500000,20424742.97322000,103940
2025-03-28,184.76000000,187.01000000,168.44000000,175.83000000,161365.10400000,28378115.00495000,123298
2025-03-29,175.92000000,180.61000000,165.82000000,168.15000000,176026.56800000,30716936.44494000,169551
2025-03-30,168.16000000,169.57000000,161.33000000,163.67000000,132333.99200000,21914692.16086000,139010
2025-03-31,163.68000000,164.61000000,151.86000000,159.59000000,174133.21200000,27536905.74863000,249825
2025-04-01,159.62000000,171.46000000,159.16000000,166.04000000,153539.60900000,25565557.84774000,165305
2025-04-02,166.06000000,168.99000000,149.50000000,150.29000000,280168.93200000,44843821.05634000,267702
2025-04-03,150.24000000,157.27000000,146.31000000,151.13000000,154185.86000000,23243097.90303000,148601
2025-04-04,151.13000000,154.07000000,144.38000000,152.02000000,196022.17900000,29454737.31206000,172162
2025-04-05,151.98000000,155.46000000,149.47000000,152.53000000,69132.94800000,10522448.07650000,94046
2025-04-06,152.52000000,152.59000000,126.33000000,129.00000000,214453.04600000,29358640.07418000,190727
2025-04-07,129.05000000,136.29000000,114.05000000,132.03000000,596014.99300000,75031948.70312000,435995
2025-04-08,132.02000000,136.14000000,123.54000000,125.30000000,361650.13700000,47351859.71261000,286215
2025-04-09,125.32000000,145.15000000,119.84000000,143.15000000,345619.11900000,45868478.56064000,397195
2025-04-10,143.15000000,143.37000000,128.21000000,131.95000000,290061.21300000,39337978.84374000,229374
2025-04-11,131.94000000,139.47000000,131.30000000,136.49000000,224809.00600000,30416363.15410000,166992
2025-04-12,136.48000000,150.16000000,133.73000000,148.10000000,174860.52800000,25076457.34238000,144056
2025-04-13,148.11000000,148.42000000,136.60000000,139.18000000,159795.96500000,22781572.29458000,148107
2025-04-14,139.18000000,147.23000000,136.84000000,137.65000000,178287.76100000,25280716.18457000,178932
2025-04-15,137.66000000,142.18000000,133.54000000,134.23000000,148674.59700000,20478144.33511000,130385
2025-04-16,134.21000000,137.51000000,129.81000000,133.98000000,160676.00400000,21564203.98506000,152029
2025-04-17,133.99000000,141.57000000,133.85000000,138.94000000,112434.12600000,15521131.06323000,119772
2025-04-18,138.93000000,141.19000000,137.19000000,138.42000000,76592.91300000,10658010.50750000,72752
2025-04-19,138.42000000,143.00000000,137.93000000,141.99000000,66400.56000000,9299558.31322000,58253
2025-04-20,142.00000000,143.52000000,136.81000000,140.94000000,64713.51000000,9075809.82426000,69158
2025-04-21,140.94000000,146.06000000,139.05000000,142.86000000,136874.98000000,19631675.72092000,138369
2025-04-22,142.87000000,159.03000000,139.75000000,158.20000000,204783.65200000,30660190.43228000,223585
2025-04-23,158.22000000,168.91000000,157.73000000,168.14000000,248577.84000000,40828852.82342000,256731
2025-04-24,168.12000000,170.70000000,158.27000000,167.92000000,238796.66200000,39327190.39146000,235889
2025-04-25,167.91000000,170.61000000,162.87000000,166.46000000,216716.79700000,36181832.88953000,227857
2025-04-26,166.48000000,173.20000000,164.41000000,172.91000000,143654.91000000,24282516.92268000,157044
2025-04-27,172.95000000,179.39000000,165.42000000,166.62000000,167845.33400000,28678052.01950000,195342
2025-04-28,166.60000000,174.96000000,161.78000000,166.25000000,203546.06100000,34239848.03773000,203560
2025-04-29,166.26000000,171.31000000,163.34000000,165.63000000,138619.23900000,23259797.36167000,165319
2025-04-30,165.61000000,166.99000000,155.43000000,164.19000000,142427.48500000,23045665.07012000,162916
2025-05-01,164.18000000,179.36000000,164.15000000,172.99000000,177027.89700000,30627642.38980000,196259
2025-05-02,172.98000000,179.30000000,171.90000000,174.59000000,107171.47500000,18747852.27917000,124327
2025-05-03,174.60000000,181.10000000,169.55000000,178.06000000,120276.64800000,21037032.29144000,122828
2025-05-04,178.05000000,178.99000000,170.88000000,171.11000000,102426.49300000,17931649.18462000,135198
2025-05-05,171.11000000,180.91000000,169.63000000,176.94000000,153785.30200000,27177050.64351000,180578
2025-05-06,176.91000000,178.99000000,163.26000000,177.82000000,172834.33200000,29516058.03745000,215962
2025-05-07,177.84000000,180.03000000,167.42000000,172.12000000,157627.16300000,27208897.27638000,178945
2025-05-08,172.10000000,208.46000000,172.06000000,206.28000000,337309.17400000,64326383.58745000,407322
2025-05-09,206.27000000,220.72000000,202.43000000,211.24000000,283918.98500000,59397139.64822000,383645
2025-05-10,211.22000000,230.38000000,208.83000000,228.64000000,208941.79200000,46030694.67693000,375664
2025-05-11,228.62000000,230.54000000,213.80000000,221.15000000,139746.80900000,30944276.90955000,258451
2025-05-12,221.19000000,229.64000000,211.91000000,221.87000000,242807.23600000,53760339.36625000,413983
2025-05-13,221.88000000,238.36000000,210.29000000,236.41000000,179353.00200000,40106655.58279000,293182
2025-05-14,236.40000000,239.27000000,223.93000000,229.54000000,132042.66300000,30470241.45141000,202377
2025-05-15,229.55000000,235.32000000,216.80000000,223.86000000,191709.54900000,43315172.32087000,350785
2025-05-16,223.87000000,245.12000000,221.52000000,230.98000000,202070.58400000,47585876.08257000,327837
2025-05-17,230.96000000,232.13000000,219.79000000,222.17000000,118983.17700000,26812501.36194000,216516
2025-05-18,222.18000000,244.08000000,218.42000000,232.12000000,206116.90800000,47307322.00452000,340409
2025-05-19,232.12000000,249.84000000,211.97000000,247.76000000,292232.54000000,67025244.82931000,459356
2025-05-20,247.77000000,270.43000000,246.46000000,259.46000000,453430.28100000,118697149.76264000,611834
2025-05-21,259.47000000,262.06000000,243.23000000,247.54000000,272646.76100000,69157110.45266000,395764
2025-05-22,247.57000000,260.05000000,246.53000000,256.83000000,239386.16300000,60923865.47007000,321709
2025-05-23,256.85000000,264.19000000,239.25000000,256.11000000,338570.16200000,86441081.49747000,502533
2025-05-24,256.14000000,276.96000000,250.72000000,261.85000000,288994.85200000,76214135.87571000,415101
2025-05-25,261.87000000,270.82000000,256.38000000,269.28000000,222579.02200000,58987379.69495000,338364
2025-05-26,269.29000000,276.89000000,259.34000000,267.52000000,207351.89800000,55387303.29316000,295406
2025-05-27,267.52000000,282.84000000,263.00000000,271.57000000,170465.69200000,46941254.85661000,312368
2025-05-28,271.59000000,274.64000000,260.31000000,264.99000000,131408.88300000,35214344.55194000,197708
2025-05-29,265.01000000,274.34000000,248.88000000,250.00000000,205370.91500000,53920626.22621000,335766
2025-05-30,250.01000000,256.31000000,240.00000000,250.96000000,215505.52700000,53599877.18109000,354226
2025-05-31,250.95000000,254.40000000,242.12000000,247.09000000,167004.29600000,41593757.60619000,324300
2025-06-01,247.10000000,254.52000000,237.60000000,246.13000000,139665.72000000,34250825.19749000,233627
2025-06-02,246.14000000,258.20000000,239.13000000,257.81000000,148460.57400000,36721858.29370000,215716
2025-06-03,257.79000000,272.96000000,254.19000000,266.43000000,152350.51900000,40141995.05143000,235245
2025-06-04,266.43000000,275.94000000,262.70000000,264.13000000,199537.28900000,53546701.79133000,277277
2025-06-05,264.12000000,267.00000000,240.10000000,241.72000000,199094.62900000,50544512.93692000,323230
2025-06-06,241.72000000,255.12000000,239.48000000,250.89000000,136129.78400000,33877411.67213000,222687
2025-06-07,250.90000000,260.52000000,249.33000000,257.44000000,63294.54800000,16167371.03991000,128161
2025-06-08,257.45000000,257.57000000,252.16000000,253.80000000,62246.44100000,15857791.96632000,114094
2025-06-09,253.79000000,285.70000000,250.32000000,283.31000000,166118.03300000,44123840.63675000,248848
2025-06-10,283.31000000,317.78000000,282.71000000,308.34000000,427174.50800000,128833216.63949000,522306
2025-06-11,308.32000000,325.41000000,300.32000000,303.83000000,216952.42300000,67376948.69041000,332354
2025-06-12,303.83000000,309.57000000,286.82000000,293.92000000,207729.73300000,61835129.19031000,302083
2025-06-13,293.94000000,294.22000000,261.56000000,291.17000000,529097.90900000,147390239.05783000,683852
2025-06-14,291.18000000,291.24000000,267.96000000,275.11000000,166336.99500000,46269342.92409000,273573
2025-06-15,275.18000000,278.92000000,266.41000000,274.97000000,98219.22400000,26875767.59655000,193353
2025-06-16,274.97000000,295.75000000,271.84000000,275.12000000,249880.54500000,71195250.90865000,368930
2025-06-17,275.11000000,283.80000000,262.11000000,266.56000000,286884.27300000,77941103.89404000,361841
2025-06-18,266.56000000,270.18000000,255.16000000,259.06000000,145068.06200000,37952830.55325000,269921
2025-06-19,259.06000000,266.60000000,248.88000000,255.62000000,154272.42300000,39647876.89071000,228385
2025-06-20,255.67000000,264.51000000,241.98000000,247.31000000,165238.36300000,41908824.15663000,196654
2025-06-21,247.32000000,250.16000000,226.94000000,234.74000000,141134.97100000,33949387.36059000,171607
2025-06-22,234.75000000,238.97000000,213.00000000,227.90000000,306273.96900000,68954704.72142000,358139
2025-06-23,227.89000000,258.36000000,221.68000000,257.04000000,350889.69000000,83555951.31694000,358645
2025-06-24,257.05000000,269.63000000,253.02000000,264.12000000,208497.59000000,54500031.08896000,238132
2025-06-25,264.14000000,271.00000000,254.29000000,255.95000000,138698.61300000,36263926.69574000,166315
2025-06-26,255.93000000,265.58000000,248.98000000,250.30000000,178809.87400000,45839090.79909000,184525
2025-06-27,250.31000000,268.00000000,248.63000000,259.26000000,140571.75300000,36467801.65142000,182626
2025-06-28,259.29000000,261.90000000,253.12000000,259.92000000,59226.65100000,15208937.41802000,101745
2025-06-29,259.92000000,280.73000000,256.38000000,278.61000000,144538.61400000,39153522.59242000,219206
2025-06-30,278.61000000,284.86000000,268.51000000,274.48000000,154839.82800000,42578065.23902000,195238
2025-07-01,274.50000000,277.46000000,259.58000000,259.93000000,101132.55500000,27048036.98582000,130461
2025-07-02,259.95000000,283.43000000,257.37000000,276.16000000,179381.17100000,48623385.64293000,206776
2025-07-03,276.15000000,285.58000000,272.82000000,279.37000000,173027.33800000,48400086.16577000,220925
2025-07-04,279.38000000,282.97000000,258.56000000,265.95000000,156226.38600000,41925917.28819000,171303
2025-07-05,265.95000000,276.71000000,265.07000000,273.56000000,75134.43200000,20352970.36897000,118339
2025-07-06,273.58000000,291.84000000,269.86000000,287.35000000,114798.08700000,32122003.51459000,152867
2025-07-07,287.35000000,290.80000000,277.52000000,283.22000000,140078.88300000,39988673.83222000,193446
2025-07-08,283.23000000,295.00000000,277.49000000,293.00000000,134841.35600000,38726578.83713000,177238
2025-07-09,292.96000000,306.76000000,290.14000000,301.68000000,207147.58000000,61996958.45656000,267392
2025-07-10,301.68000000,315.99000000,292.30000000,308.76000000,232006.34700000,70149732.75406000,264442
2025-07-11,308.77000000,318.17000000,294.28000000,297.41000000,235570.34300000,72562600.86219000,359579
2025-07-12,297.42000000,306.85000000,292.86000000,302.19000000,143181.97300000,42906105.31903000,182289
2025-07-13,302.20000000,317.70000000,299.95000000,305.80000000,132111.14500000,40828232.85554000,206562
2025-07-14,305.81000000,332.00000000,305.25000000,315.14000000,261896.29300000,84226739.19495000,350567
2025-07-15,315.14000000,331.48000000,305.62000000,327.52000000,243488.14000000,77467203.51147000,376043
2025-07-16,327.52000000,335.00000000,321.10000000,323.23000000,228870.54200000,75348302.57118000,321024
2025-07-17,323.26000000,331.84000000,312.24000000,321.68000000,241112.90700000,77560006.10317000,341356
2025-07-18,321.68000000,337.98000000,311.47000000,324.44000000,419466.31200000,136637386.95862000,510441
2025-07-19,324.46000000,325.79000000,311.93000000,319.18000000,99200.51600000,31449728.83038000,158293
2025-07-20,319.20000000,335.30000000,317.28000000,324.31000000,217838.82900000,71196372.70510000,229943
2025-07-21,324.31000000,334.73000000,317.97000000,322.16000000,189540.21600000,61985826.45505000,245357
2025-07-22,322.17000000,324.39000000,300.14000000,310.53000000,261436.18300000,81004023.35969000,315054
2025-07-23,310.54000000,311.71000000,282.21000000,290.39000000,246334.09400000,72935028.88875000,410626
2025-07-24,290.43000000,295.57000000,276.20000000,286.05000000,185389.04800000,53412462.77114000,374590
2025-07-25,286.06000000,295.32000000,280.04000000,294.18000000,186273.10900000,53805403.91942000,374364
2025-07-26,294.19000000,299.74000000,292.28000000,294.92000000,69026.64600000,20460650.63626000,123183
2025-07-27,294.94000000,306.07000000,293.93000000,304.93000000,99274.81000000,29612264.85478000,143049
2025-07-28,304.92000000,309.00000000,285.70000000,288.96000000,140535.82200000,41860181.20000000,209562
2025-07-29,288.96000000,295.59000000,279.13000000,282.35000000,115665.64800000,33078276.09370000,180952
2025-07-30,282.37000000,284.82000000,263.57000000,274.58000000,151419.82900000,41648132.54414000,214751
2025-07-31,274.60000000,280.25000000,260.00000000,260.99000000,134667.18400000,36461352.51074000,175231
2025-08-01,260.99000000,262.84000000,249.09000000,255.36000000,205487.14800000,52922498.03219000,299470
2025-08-02,255.37000000,258.00000000,245.00000000,249.45000000,87719.31900000,22095069.90988000,150203
2025-08-03,249.48000000,261.01000000,246.60000000,260.06000000,66369.98300000,16971114.41801000,88572
2025-08-04,260.05000000,271.17000000,259.58000000,267.82000000,105360.98800000,27912480.80760000,138726
2025-08-05,267.83000000,268.31000000,249.93000000,255.39000000,106421.00200000,27426365.75225000,166377
2025-08-06,255.40000000,264.57000000,251.22000000,263.52000000,78144.91700000,20203128.03316000,108311
2025-08-07,263.53000000,286.43000000,262.43000000,285.08000000,124492.76200000,34073981.31692000,156428
2025-08-08,285.08000000,295.06000000,279.23000000,290.93000000,161349.33800000,46056259.97824000,258641
2025-08-09,290.94000000,311.47000000,290.16000000,307.77000000,155347.30900000,46958543.06892000,206992
2025-08-10,307.80000000,311.45000000,298.04000000,306.19000000,126135.38800000,38454404.95861000,201259
2025-08-11,306.20000000,312.95000000,291.08000000,293.19000000,205193.20400000,61900747.31345000,274435
2025-08-12,293.19000000,324.23000000,292.43000000,322.26000000,198659.91400000,61093201.12732000,320594
2025-08-13,322.24000000,335.63000000,316.84000000,332.15000000,206556.06400000,67282277.57285000,307711
2025-08-14,332.16000000,340.49000000,303.70000000,312.58000000,269906.89900000,86486706.14546000,406634
2025-08-15,312.57000000,317.70000000,293.66000000,300.00000000,158398.65400000,48257477.87380000,262836
2025-08-16,300.00000000,303.67000000,290.22000000,295.60000000,71925.76100000,21248673.73918000,112673
2025-08-17,295.62000000,310.71000000,294.01000000,303.20000000,99177.88700000,30138150.50687000,144777
2025-08-18,303.18000000,304.41000000,284.22000000,288.58000000,137118.47400000,39934240.96804000,232059
2025-08-19,288.58000000,292.75000000,275.76000000,277.42000000,116969.27100000,33063532.36496000,202789
2025-08-20,277.41000000,299.63000000,276.80000000,299.35000000,159605.20500000,46304977.43044000,244857
2025-08-21,299.36000000,305.21000000,293.79000000,300.10000000,124865.71000000,37449004.64377000,205919
2025-08-22,300.14000000,346.66000000,294.12000000,345.61000000,286095.88400000,91658942.44879000,485712
2025-08-23,345.67000000,385.99000000,339.90000000,357.78000000,443289.63600000,158967283.10205000,621791
2025-08-24,357.78000000,360.51000000,343.51000000,348.67000000,177381.18000000,62269755.68991000,323549
2025-08-25,348.70000000,350.67000000,310.33000000,318.56000000,200797.86800000,65943297.95177000,330837
2025-08-26,318.54000000,339.09000000,314.16000000,335.73000000,212758.42000000,70094379.05016000,383424
2025-08-27,335.73000000,336.42000000,319.51000000,320.63000000,161177.42800000,52779687.89096000,324500
2025-08-28,320.63000000,328.90000000,312.80000000,317.56000000,161583.38000000,51828609.03841000,252590
2025-08-29,317.55000000,321.68000000,304.00000000,319.20000000,233659.93600000,72813847.40233000,439513
2025-08-30,319.20000000,319.78000000,310.25000000,319.39000000,96835.42100000,30568543.63332000,171366
2025-08-31,319.40000000,325.13000000,315.16000000,315.69000000,87367.95600000,28041507.09547000,152855
2025-09-01,315.69000000,319.52000000,299.11000000,304.87000000,123593.01600000,38237611.32001000,235584
2025-09-02,304.87000000,318.27000000,303.81000000,315.74000000,141958.63700000,44232907.62576000,320462
2025-09-03,315.73000000,328.95000000,312.81000000,327.87000000,107198.69400000,34531566.41760000,204591
2025-09-04,327.85000000,331.83000000,306.00000000,306.54000000,155854.11000000,49465821.30356000,236942
2025-09-05,306.51000000,313.64000000,298.27000000,302.30000000,141152.62100000,43327450.41146000,194792
2025-09-06,302.30000000,304.68000000,297.36000000,298.31000000,45607.19400000,13700944.90809000,68174
2025-09-07,298.32000000,304.15000000,298.02000000,301.56000000,52079.84400000,15674223.36659000,51505
2025-09-08,301.52000000,308.08000000,298.44000000,302.92000000,103477.99300000,31365009.37474000,148784
2025-09-09,302.93000000,310.00000000,294.86000000,298.00000000,127892.49100000,38682759.04950000,215629
2025-09-10,298.01000000,306.62000000,295.79000000,300.15000000,107837.56600000,32431570.66397000,170226
2025-09-11,300.13000000,310.36000000,299.13000000,309.54000000,96856.91700000,29528286.70551000,157876
2025-09-12,309.56000000,321.83000000,308.01000000,321.57000000,106230.30700000,33407048.01243000,157299
2025-09-13,321.53000000,321.70000000,309.57000000,315.02000000,82754.59400000,26193296.13999000,133606
2025-09-14,315.00000000,315.50000000,302.17000000,306.18000000,73208.84800000,22579665.56843000,123477
2025-09-15,306.16000000,310.18000000,295.25000000,299.34000000,77785.67800000,23358641.89392000,158325
2025-09-16,299.33000000,301.85000000,289.48000000,298.88000000,116292.10800000,34372814.74625000,172435
2025-09-17,298.89000000,308.57000000,290.62000000,305.99000000,120089.26800000,35655135.16426000,198142
2025-09-18,306.00000000,313.01000000,302.60000000,309.26000000,95459.04700000,29411764.31770000,146724
2025-09-19,309.25000000,312.04000000,296.64000000,298.62000000,102846.70500000,31287755.69051000,172223
2025-09-20,298.61000000,300.99000000,294.75000000,296.85000000,44883.63300000,13363886.32883000,84000
2025-09-21,296.85000000,299.14000000,292.81000000,294.02000000,36261.03200000,10731794.77403000,77496
2025-09-22,294.02000000,295.58000000,248.68000000,270.32000000,265238.41300000,71638726.39111000,402701
2025-09-23,270.32000000,280.45000000,263.03000000,274.55000000,111249.57300000,30459915.97058000,192099
2025-09-24,274.56000000,281.33000000,268.46000000,278.20000000,86870.67400000,24001525.52477000,152392
2025-09-25,278.20000000,279.43000000,255.70000000,260.20000000,217501.49000000,57637949.77864000,299282
2025-09-26,260.26000000,272.68000000,256.30000000,270.77000000,130078.73900000,34322071.69201000,213781
2025-09-27,270.77000000,272.22000000,265.45000000,266.42000000,42131.36900000,11316802.10801000,79475
2025-09-28,266.43000000,277.10000000,260.97000000,275.10000000,62028.15400000,16592617.91081000,113570
2025-09-29,275.11000000,280.32000000,268.63000000,277.06000000,90679.79800000,24896707.14486000,158127
2025-09-30,277.07000000,279.14000000,266.10000000,274.39000000,83792.49900000,22825781.93041000,167240
2025-10-01,274.40000000,288.08000000,269.83000000,286.76000000,107569.64800000,30350480.42727000,172434
2025-10-02,286.78000000,294.41000000,278.80000000,288.98000000,117808.71300000,33713237.97906000,191410
2025-10-03,288.98000000,302.19000000,283.89000000,290.52000000,133934.40600000,38899520.06078000,186642
2025-10-04,290.53000000,292.02000000,279.91000000,283.18000000,56843.40900000,16142091.38669000,118548
2025-10-05,283.17000000,296.14000000,281.09000000,285.67000000,93848.05800000,27115975.04624000,176673
2025-10-06,285.68000000,301.95000000,282.86000000,297.15000000,100641.00600000,29654215.52199000,183261
2025-10-07,297.18000000,298.28000000,275.46000000,276.13000000,131234.34500000,37439228.24944000,199076
2025-10-08,276.13000000,287.26000000,274.60000000,285.46000000,59562.61800000,16719545.12085000,172277
2025-10-09,285.46000000,286.72000000,268.54000000,273.70000000,80379.24200000,22148653.24305000,224999
2025-10-10,273.70000000,280.00000000,79.51000000,224.45000000,430454.42900000,97253437.60821000,690659
2025-10-11,224.65000000,245.14000000,217.12000000,234.38000000,553601.31100000,128993990.16371000,667226
2025-10-12,234.39000000,256.37000000,225.23000000,250.99000000,241316.16700000,59023008.01560000,484281
2025-10-13,250.99000000,262.99000000,244.25000000,261.12000000,143913.12200000,36282126.66404000,438938
2025-10-14,261.11000000,263.65000000,238.12000000,255.36000000,180282.06200000,44756392.48894000,530429
2025-10-15,255.35000000,262.69000000,236.64000000,242.27000000,114500.43600000,28544852.70135000,351265
2025-10-16,242.28000000,246.33000000,222.53000000,223.16000000,143715.97200000,33845805.69280000,472920
2025-10-17,223.17000000,227.47000000,200.17000000,206.57000000,361871.54200000,76161790.70023000,640106
2025-10-18,206.59000000,216.96000000,205.39000000,214.87000000,77042.35200000,16195843.85830000,189559
2025-10-19,214.86000000,226.52000000,211.64000000,222.44000000,124120.65500000,27319185.44942000,240133
2025-10-20,222.43000000,235.94000000,217.72000000,228.92000000,112081.02100000,25630930.64076000,259930
2025-10-21,228.94000000,236.80000000,218.00000000,218.75000000,147564.90600000,33367862.55504000,337726
2025-10-22,218.75000000,225.67000000,208.21000000,216.49000000,216313.04100000,47148490.41693000,404504
2025-10-23,216.49000000,228.42000000,215.99000000,224.52000000,75047.65100000,16658379.52637000,190274
2025-10-24,224.53000000,235.18000000,223.27000000,228.94000000,89339.13600000,20466438.90859000,185760
2025-10-25,228.93000000,229.07000000,224.78000000,226.28000000,34790.50300000,7895737.13254000,83845
2025-10-26,226.29000000,242.48000000,223.52000000,240.76000000,78385.19200000,18438160.48715000,156067
2025-10-27,240.75000000,249.00000000,233.24000000,235.17000000,68688.20400000,16531714.65539000,208184
2025-10-28,235.13000000,239.16000000,224.44000000,228.36000000,94769.68100000,22081830.74118000,166810
2025-10-29,228.35000000,235.36000000,221.94000000,227.63000000,110867.03300000,25409464.71228000,270685
2025-10-30,227.62000000,231.24000000,207.40000000,215.14000000,141091.63700000,31134224.60887000,345233
2025-10-31,215.14000000,235.70000000,212.31000000,228.45000000,147461.36100000,33029740.05237000,316707
2025-11-01,228.45000000,229.39000000,221.36000000,222.96000000,63123.78900000,14197067.86906000,125038
2025-11-02,222.96000000,237.07000000,218.33000000,231.37000000,114316.24800000,25938763.10302000,262585
2025-11-03,231.36000000,233.01000000,195.00000000,199.65000000,228140.42700000,48139128.62415000,494015
2025-11-04,199.67000000,206.12000000,176.71000000,188.10000000,341245.20700000,65474916.03557000,713635
2025-11-05,188.10000000,206.52000000,180.67000000,202.02000000,248859.58200000,49074612.15162000,497764
2025-11-06,202.01000000,206.00000000,192.79000000,197.28000000,175948.13000000,34989890.75822000,344051
2025-11-07,197.27000000,212.88000000,189.90000000,208.10000000,248263.65700000,49790399.26034000,474342
2025-11-08,208.10000000,212.00000000,198.31000000,202.79000000,522758.60600000,106188903.15002000,489950
2025-11-09,202.79000000,215.08000000,196.66000000,212.32000000,142294.29500000,29457006.81550000,244227
2025-11-10,212.31000000,229.51000000,210.67000000,228.41000000,222389.94500000,49179768.62103000,339571
2025-11-11,228.42000000,232.25000000,207.06000000,207.74000000,156987.00400000,34631429.30831000,383148
2025-11-12,207.74000000,219.57000000,202.90000000,205.16000000,157687.85400000,33515480.00562000,306532
2025-11-13,205.15000000,217.13000000,190.66000000,198.76000000,171316.44400000,34711546.19927000,184578
2025-11-14,198.77000000,199.90000000,172.86000000,173.93000000,501942.84700000,92832445.71114000,735499
2025-11-15,173.93000000,182.80000000,173.88000000,178.49000000,98326.77500000,17591667.66407000,220050
2025-11-16,178.48000000,182.46000000,167.75000000,172.90000000,153771.30800000,26756117.28565000,349923
2025-11-17,172.89000000,182.63000000,164.91000000,169.18000000,191194.38200000,33239176.78288000,508985
2025-11-18,169.19000000,179.75000000,165.26000000,178.33000000,158389.87100000,27307477.24301000,279682
2025-11-19,178.32000000,179.09000000,163.69000000,174.51000000,142049.05400000,24317998.83871000,265691
2025-11-20,174.51000000,179.65000000,159.45000000,164.63000000,186586.66800000,31589664.75048000,294772
2025-11-21,164.66000000,168.06000000,147.13000000,157.83000000,283024.36500000,44399425.62561000,463163
2025-11-22,157.83000000,163.54000000,155.20000000,161.20000000,118984.50700000,18880094.96013000,176823
2025-11-23,161.19000000,172.25000000,160.36000000,167.46000000,108533.15900000,18056098.15735000,147399
2025-11-24,167.46000000,180.18000000,165.56000000,178.49000000,153214.63900000,26416254.19397000,245044
2025-11-25,178.49000000,181.49000000,174.20000000,178.98000000,99571.67700000,17730999.62667000,191728
2025-11-26,178.99000000,188.89000000,174.80000000,185.83000000,101090.99200000,18460622.80411000,179057
2025-11-27,185.83000000,187.98000000,181.92000000,185.95000000,99837.49100000,18465625.85631000,134441
2025-11-28,185.96000000,189.43000000,182.29000000,185.32000000,76847.61900000,14250246.86715000,142941
2025-11-29,185.33000000,186.68000000,180.86000000,182.07000000,39197.99000000,7181016.02035000,80225
2025-11-30,182.06000000,190.82000000,176.32000000,177.46000000,109211.32500000,19900091.93878000,192366
2025-12-01,177.46000000,178.08000000,162.29000000,171.40000000,176219.55700000,29612063.36347000,267628
2025-12-02,171.40000000,190.88000000,167.24000000,189.86000000,149502.80000000,26620054.39837000,239794
2025-12-03,189.88000000,200.61000000,189.41000000,197.87000000,135802.13900000,26269730.70751000,235413
2025-12-04,197.87000000,199.48000000,187.34000000,190.54000000,71015.05300000,13746105.08306000,165969
2025-12-05,190.55000000,193.53000000,181.36000000,183.45000000,75689.01500000,14195326.97863000,177164
2025-12-06,183.47000000,191.49000000,182.18000000,187.46000000,37091.96900000,6924879.18327000,98041
2025-12-07,187.44000000,195.00000000,181.93000000,187.53000000,97989.16800000,18418362.81160000,196172
2025-12-08,187.53000000,200.06000000,185.90000000,191.52000000,101193.53600000,19601219.33504000,228335
2025-12-09,191.50000000,206.36000000,187.28000000,202.44000000,146288.54300000,28965625.83576000,261716
2025-12-10,202.45000000,207.16000000,196.23000000,196.98000000,141954.14300000,28471829.21001000,269958
2025-12-11,196.97000000,203.30000000,187.00000000,202.45000000,97755.37600000,18910365.94390000,246241
2025-12-12,202.44000000,206.82000000,189.36000000,191.34000000,145380.14200000,28910152.80883000,270442
2025-12-13,191.35000000,202.66000000,191.26000000,197.55000000,49895.99600000,9852545.59985000,101538
2025-12-14,197.55000000,198.12000000,185.60000000,188.59000000,60358.67300000,11608662.38104000,122010
2025-12-15,188.58000000,196.73000000,178.40000000,192.95000000,143040.29600000,26919313.15983000,318142
2025-12-16,192.96000000,193.32000000,183.34000000,186.24000000,91052.03500000,17084575.82260000,248731
2025-12-17,186.25000000,193.28000000,176.81000000,179.99000000,106121.69200000,19461598.63886000,229109
2025-12-18,180.00000000,185.23000000,169.42000000,173.55000000,122323.97200000,21690926.73269000,258043
2025-12-19,173.55000000,187.58000000,171.74000000,181.59000000,96727.51600000,17558792.72622000,208471
2025-12-20,181.60000000,183.29000000,179.75000000,179.91000000,39601.51100000,7188176.17707000,61327
2025-12-21,179.90000000,180.13000000,156.20000000,165.15000000,172741.40500000,28815159.24333000,235408
2025-12-22,165.13000000,166.58000000,148.16000000,150.60000000,385088.40200000,60447534.28668000,414656
2025-12-23,150.60000000,155.57000000,147.69000000,150.84000000,175706.35600000,26622169.79927000,234787
2025-12-24,150.84000000,151.83000000,146.40000000,148.76000000,93240.24900000,13847471.64376000,124332
2025-12-25,148.75000000,154.57000000,148.09000000,149.13000000,71816.97100000,10865447.09359000,105072
2025-12-26,149.12000000,157.44000000,148.55000000,154.29000000,93606.34100000,14429261.77939000,134343
2025-12-27,154.30000000,157.68000000,153.85000000,157.12000000,48432.32500000,7558600.87234000,59820
2025-12-28,157.12000000,157.36000000,152.64000000,153.64000000,42032.21900000,6506984.75290000,56956
2025-12-29,153.65000000,159.50000000,148.47000000,149.50000000,124621.49200000,19129000.26692000,160311
2025-12-30,149.49000000,152.59000000,148.96000000,149.52000000,65329.14800000,9832829.34578000,81124
2025-12-31,149.51000000,150.95000000,143.63000000,146.02000000,80860.73000000,11919343.05174000,98027
2026-01-01,146.02000000,149.59000000,145.10000000,148.93000000,37922.55900000,5567015.76309000,53351
2026-01-02,148.93000000,166.00000000,147.89000000,165.22000000,156075.81200000,24473661.55420000,191807
2026-01-03,165.22000000,168.06000000,157.86000000,163.14000000,107111.36000000,17412559.60778000,111996
2026-01-04,163.14000000,166.16000000,160.74000000,164.23000000,67949.14800000,11137109.35498000,116382
2026-01-05,164.22000000,175.22000000,161.77000000,170.91000000,123420.37200000,20715093.69041000,214443
2026-01-06,170.93000000,177.09000000,167.73000000,176.21000000,101106.14200000,17533441.68255000,183330
2026-01-07,176.23000000,176.25000000,165.72000000,167.85000000,62516.04800000,10608239.72290000,128447
2026-01-08,167.85000000,169.23000000,161.16000000,164.33000000,95915.26100000,15784690.63376000,145366
2026-01-09,164.34000000,170.40000000,162.69000000,165.70000000,56712.88100000,9424349.05694000,121816
2026-01-10,165.70000000,167.29000000,163.42000000,164.94000000,21698.94900000,3590704.82561000,39396
2026-01-11,164.93000000,171.69000000,164.67000000,167.95000000,38285.36800000,6410557.72495000,73428
2026-01-12,167.95000000,171.54000000,160.82000000,165.00000000,85118.09300000,14073345.49241000,132434
2026-01-13,165.00000000,180.12000000,164.75000000,177.74000000,108291.55000000,18664372.06588000,164977
2026-01-14,177.74000000,180.37000000,174.15000000,178.46000000,102896.80500000,18283568.45470000,149103
2026-01-15,178.45000000,178.53000000,169.16000000,171.75000000,90045.93300000,15657167.07710000,150489
2026-01-16,171.75000000,176.49000000,168.38000000,175.35000000,47785.76100000,8231049.47894000,94157
2026-01-17,175.35000000,177.51000000,173.40000000,173.84000000,41267.83100000,7240433.48189000,67861
2026-01-18,173.84000000,177.30000000,168.61000000,168.84000000,73953.84200000,12858990.93001000,129234
2026-01-19,168.84000000,168.84000000,156.83000000,163.96000000,93905.45700000,15321929.45373000,157917
2026-01-20,163.93000000,164.52000000,151.72000000,153.29000000,80976.96100000,12799822.02272000,137351
2026-01-21,153.30000000,163.55000000,151.88000000,159.46000000,108073.58100000,16977060.62541000,186712
2026-01-22,159.47000000,161.90000000,155.11000000,157.28000000,40976.38800000,6502521.22683000,88305
2026-01-23,157.29000000,161.40000000,154.82000000,157.08000000,54537.24200000,8610150.98820000,121752
2026-01-24,157.08000000,158.14000000,155.34000000,156.22000000,16087.56500000,2519937.11894000,28930
2026-01-25,156.22000000,156.80000000,145.52000000,147.96000000,71837.66100000,10783535.32764000,111858
2026-01-26,147.95000000,155.25000000,147.61000000,154.21000000,60413.55100000,9211978.15668000,120598
2026-01-27,154.22000000,159.86000000,152.91000000,159.01000000,89282.20600000,13874024.47619000,125944
2026-01-28,159.02000000,163.94000000,156.40000000,160.20000000,94562.56300000,15103006.81105000,154597
2026-01-29,160.20000000,160.35000000,143.13000000,147.26000000,117291.78100000,17588650.56321000,159508
2026-01-30,147.26000000,147.80000000,135.44000000,138.01000000,162804.53100000,22938316.02448000,244725
2026-01-31,138.02000000,138.61000000,115.66000000,129.05000000,355223.83000000,45269997.97994000,446133
2026-02-01,129.05000000,130.42000000,121.49000000,124.23000000,158594.97200000,20001887.07402000,329133
2026-02-02,124.24000000,131.03000000,120.40000000,128.38000000,150800.88900000,19015424.37341000,323684
2026-02-03,128.38000000,131.04000000,120.89000000,125.29000000,145436.14800000,18408639.65477000,258342
2026-02-04,125.29000000,128.80000000,119.50000000,123.75000000,136285.28800000,16890094.02883000,258656
2026-02-05,123.75000000,125.52000000,98.64000000,100.97000000,458255.27700000,50808817.64784000,693084
2026-02-06,100.97000000,115.40000000,92.25000000,114.02000000,405210.25000000,42169409.07799000,634496
2026-02-07,114.01000000,116.42000000,110.14000000,113.97000000,140350.73900000,15926584.12453000,291497
2026-02-08,113.98000000,115.21000000,111.02000000,112.52000000,68699.04800000,7791358.14069000,130602
2026-02-09,112.51000000,115.17000000,108.95000000,112.70000000,90183.68500000,10161075.42067000,172526
2026-02-10,112.71000000,113.22000000,107.91000000,109.44000000,118090.40400000,12976785.61187000,158230
2026-02-11,109.43000000,114.00000000,104.70000000,107.54000000,121183.01100000,13115456.63364000,221887
2026-02-12,107.55000000,115.61000000,105.61000000,114.98000000,157628.67600000,17370399.99578000,239548
2026-02-13,114.98000000,120.57000000,109.73000000,118.88000000,105696.87900000,12177286.17859000,180108
2026-02-14,118.89000000,130.96000000,118.42000000,128.27000000,115640.83800000,14623853.21653000,163037
2026-02-15,128.27000000,131.98000000,122.61000000,125.81000000,97292.25900000,12389916.53049000,174422
2026-02-16,125.80000000,129.36000000,123.21000000,127.04000000,50640.34600000,6391507.37272000,117607
2026-02-17,127.04000000,130.77000000,123.83000000,126.59000000,70975.34700000,8987151.69836000,146434
2026-02-18,126.60000000,129.31000000,120.82000000,122.98000000,161543.62600000,20427139.54126000,204354
2026-02-19,122.98000000,125.16000000,119.94000000,124.84000000,61060.51800000,7479059.42613000,114908
2026-02-20,124.84000000,126.93000000,114.60000000,115.94000000,183113.25700000,21760526.63698000,242710
2026-02-21,115.94000000,124.99000000,114.64000000,121.49000000,110141.66900000,13290396.15856000,125692
2026-02-22,121.50000000,121.60000000,117.09000000,117.95000000,69505.14500000,8275084.38478000,66535
2026-02-23,117.96000000,119.80000000,111.30000000,114.62000000,146246.35600000,16823118.04260000,169075
2026-02-24,114.63000000,116.53000000,111.54000000,114.39000000,114065.25800000,13003869.94502000,133235
2026-02-25,114.38000000,124.34000000,113.90000000,119.15000000,181692.16400000,21746842.31469000,201691
2026-02-26,119.15000000,120.62000000,110.64000000,114.55000000,230307.12800000,26440496.92813000,242870
2026-02-27,114.56000000,121.62000000,110.22000000,112.99000000,169386.89900000,19727197.58873000,202582
2026-02-28,112.98000000,113.69000000,104.70000000,111.94000000,109578.82200000,11906452.03074000,191479
2026-03-01,111.94000000,118.71000000,110.63000000,113.68000000,157095.35600000,17958421.28166000,232182
2026-03-02,113.64000000,126.96000000,112.22000000,122.21000000,165097.77000000,19705408.64455000,283596
2026-03-03,122.20000000,123.01000000,107.90000000,111.16000000,245780.56400000,27544815.38547000,294373
2026-03-04,111.16000000,118.91000000,109.30000000,115.86000000,229307.28300000,26265538.39495000,322664
2026-03-05,115.88000000,119.89000000,114.00000000,116.82000000,161022.33900000,18817415.13293000,222451
2026-03-06,116.82000000,118.60000000,109.29000000,110.98000000,110532.30500000,12588811.99374000,157003
2026-03-07,110.98000000,111.47000000,108.21000000,108.79000000,33102.13800000,3636663.97158000,53853
2026-03-08,108.80000000,109.60000000,103.82000000,105.53000000,61790.83000000,6611408.69691000,107071
2026-03-09,105.55000000,109.35000000,104.91000000,106.71000000,114668.25100000,12283390.67620000,167726
2026-03-10,106.68000000,114.81000000,106.46000000,111.73000000,125049.06500000,13932350.22647000,183683
2026-03-11,111.73000000,114.03000000,108.90000000,110.30000000,72940.19500000,8107232.96635000,126853
2026-03-12,110.30000000,112.92000000,107.00000000,111.66000000,105914.73600000,11625904.75756000,134322
2026-03-13,111.63000000,119.18000000,111.17000000,112.28000000,141949.77400000,16294038.41507000,194923
2026-03-14,112.31000000,113.43000000,109.83000000,111.17000000,59833.54500000,6671657.53789000,86110
2026-03-15,111.18000000,117.89000000,109.94000000,116.36000000,73056.49700000,8330785.64545000,110904
2026-03-16,116.36000000,125.00000000,115.90000000,122.33000000,144190.08500000,17371953.70458000,179977
2026-03-17,122.34000000,123.65000000,119.42000000,119.67000000,87515.23500000,10642390.49597000,132007
2026-03-18,119.66000000,122.16000000,112.57000000,115.31000000,88113.66700000,10241497.94596000,126148
2026-03-19,115.31000000,119.13000000,110.71000000,111.63000000,83417.76100000,9486671.51093000,117169
2026-03-20,111.61000000,113.39000000,108.47000000,111.26000000,48868.53300000,5438519.80699000,82715
2026-03-21,111.26000000,112.63000000,107.69000000,108.37000000,18546.45800000,2060296.97908000,35789
2026-03-22,108.36000000,110.18000000,104.99000000,106.32000000,38263.58700000,4121273.07514000,76963
2026-03-23,106.33000000,112.23000000,104.61000000,110.30000000,101002.40500000,11059354.16400000,145207
2026-03-24,110.30000000,112.53000000,107.95000000,112.31000000,66511.92100000,7320346.19541000,105349
2026-03-25,112.31000000,116.51000000,111.27000000,112.59000000,93814.81000000,10683920.75221000,117330
2026-03-26,112.59000000,112.80000000,104.00000000,105.22000000,95146.98600000,10159906.07715000,105495
2026-03-27,105.22000000,106.74000000,97.67000000,98.71000000,80673.78100000,8224949.08734000,98502
2026-03-28,98.71000000,98.73000000,96.22000000,96.83000000,71290.83200000,6951039.75361000,78766
2026-03-29,96.83000000,98.00000000,92.74000000,95.43000000,48628.33600000,4652083.50184000,73662
2026-03-30,95.43000000,100.00000000,95.25000000,96.86000000,71611.03300000,7021331.34237000,102233
2026-03-31,96.87000000,99.35000000,95.40000000,98.20000000,58338.60500000,5684633.47992000,101439
2026-04-01,98.21000000,101.17000000,97.00000000,98.10000000,73734.80300000,7327630.60241000,89724
2026-04-02,98.11000000,99.03000000,92.36000000,94.35000000,68744.05300000,6510196.44671000,92565
2026-04-03,94.36000000,96.18000000,93.92000000,94.81000000,27250.26700000,2588184.46014000,43642
2026-04-04,94.80000000,95.52000000,94.24000000,94.48000000,19038.65900000,1804432.65113000,25673
2026-04-05,94.49000000,94.77000000,90.64000000,94.14000000,73049.83600000,6728835.05924000,60357
2026-04-06,94.15000000,98.05000000,92.59000000,93.00000000,90990.99300000,8716611.04397000,104470
2026-04-07,92.99000000,97.13000000,85.05000000,95.79000000,270018.68000000,24167191.30805000,202823
2026-04-08,95.80000000,96.44000000,91.40000000,91.96000000,117039.04000000,11058011.73342000,103120
2026-04-09,91.95000000,93.26000000,89.40000000,90.58000000,103116.88900000,9380505.45395000,98347
2026-04-10,90.57000000,95.47000000,89.19000000,93.62000000,92598.16600000,8492914.39305000,98502
2026-04-11,93.62000000,96.64000000,90.94000000,94.52000000,93184.01500000,8703738.03909000,93096
2026-04-12,94.51000000,94.74000000,88.73000000,89.84000000,101800.62000000,9204195.18438000,97000
2026-04-13,89.85000000,103.73000000,89.68000000,103.26000000,258368.76900000,24903975.89764000,217794
2026-04-14,103.26000000,104.27000000,97.19000000,99.99000000,165604.85200000,16629040.45730000,147491
2026-04-15,99.99000000,108.84000000,99.00000000,105.53000000,207480.88000000,21642127.78575000,190356
2026-04-16,105.53000000,117.57000000,103.16000000,115.46000000,279069.31200000,30654239.33501000,308236
2026-04-17,115.46000000,118.87000000,111.50000000,114.86000000,211903.14000000,24486701.09351000,248866
2026-04-18,114.86000000,116.08000000,99.22000000,101.15000000,374109.68600000,39987962.65687000,491984
2026-04-19,101.16000000,101.28000000,88.70000000,90.28000000,737915.03300000,68992336.42614000,617193
2026-04-20,90.29000000,94.99000000,86.34000000,90.65000000,566381.15200000,51562567.13356000,365325
2026-04-21,90.65000000,95.65000000,89.96000000,91.88000000,359674.71600000,33292562.93577000,273343
2026-04-22,91.89000000,96.34000000,91.50000000,93.96000000,241303.72200000,22643345.79170000,205870
2026-04-23,93.97000000,95.35000000,90.91000000,94.32000000,224309.11200000,20845713.82501000,184231
2026-04-24,94.32000000,96.81000000,92.44000000,94.31000000,244910.76800000,23137881.83158000,187866
2026-04-25,94.31000000,96.39000000,93.15000000,94.13000000,150944.99900000,14330605.79971000,101150
2026-04-26,94.14000000,97.78000000,93.07000000,96.53000000,144530.06900000,13830936.08203000,122318
2026-04-27,96.52000000,100.94000000,95.24000000,97.63000000,254428.87800000,24769229.47494000,227748
2026-04-28,97.63000000,98.46000000,95.64000000,96.48000000,136051.12400000,13176137.20656000,119747
2026-04-29,96.47000000,98.79000000,91.97000000,93.31000000,197667.00900000,18931412.39622000,176334
2026-04-30,93.32000000,93.88000000,91.73000000,92.87000000,94979.99100000,8815082.33326000,91608
2026-05-01,92.88000000,94.19000000,91.51000000,92.05000000,141342.41800000,13138209.52982000,116587
2026-05-02,92.04000000,93.93000000,91.63000000,93.33000000,76936.05000000,7133230.39856000,54778
2026-05-03,93.34000000,93.59000000,91.83000000,92.43000000,111385.52900000,10318874.34468000,76621
2026-05-04,92.42000000,95.11000000,91.04000000,92.26000000,180295.41500000,16758309.54907000,156974
2026-05-05,92.27000000,94.30000000,92.13000000,93.47000000,101268.76500000,9447781.07001000,96851
2026-05-06,93.47000000,96.61000000,92.26000000,94.34000000,177271.13600000,16706779.25961000,148171
2026-05-07,94.33000000,94.38000000,91.70000000,92.42000000,169262.15100000,15757488.73786000,150011
2026-05-08,92.43000000,96.54000000,91.91000000,95.85000000,152501.17900000,14278187.33859000,138438
2026-05-09,95.84000000,99.59000000,94.02000000,95.76000000,162702.04000000,15707497.88083000,129725
2026-05-10,95.76000000,103.51000000,94.86000000,102.15000000,285973.74000000,28311303.51842000,221821
2026-05-11,102.15000000,102.89000000,98.63000000,101.20000000,214991.75600000,21655677.49973000,182283
2026-05-12,101.20000000,101.40000000,94.61000000,96.65000000,169101.38600000,16530336.30514000,143724
2026-05-13,96.66000000,99.97000000,94.42000000,96.44000000,144035.85700000,13966276.04120000,133251
2026-05-14,96.44000000,101.24000000,95.46000000,98.37000000,156289.07200000,15341270.70373000,129992
2026-05-15,98.37000000,99.16000000,92.30000000,92.89000000,209143.49800000,19911532.64396000,140589
2026-05-16,92.89000000,93.42000000,87.89000000,90.04000000,125833.32900000,11343051.72560000,83642
2026-05-17,90.03000000,91.62000000,86.62000000,89.19000000,111362.89500000,10017882.42515000,79341
2026-05-18,89.18000000,89.95000000,87.08000000,89.46000000,206027.03300000,18246069.14165000,152392
2026-05-19,89.47000000,90.11000000,87.22000000,87.43000000,90739.94600000,8051010.28843000,76684
2026-05-20,87.43000000,89.22000000,86.66000000,88.06000000,119177.26500000,10473951.05230000,87949
2026-05-21,88.06000000,90.20000000,87.68000000,88.16000000,127087.86500000,11293108.65442000,109235
2026-05-22,88.16000000,89.59000000,84.78000000,86.17000000,173913.76000000,15221752.14966000,126784
2026-05-23,86.17000000,89.14000000,82.55000000,86.69000000,112295.09100000,9579776.63361000,97447
2026-05-24,86.68000000,87.95000000,83.89000000,85.59000000,87825.79200000,7575195.79148000,67632
2026-05-25,85.60000000,87.40000000,85.22000000,86.38000000,80281.57700000,6947275.23776000,52476
2026-05-26,86.38000000,88.53000000,85.03000000,85.80000000,108858.54100000,9446959.18904000,87440
2026-05-27,85.81000000,87.03000000,82.72000000,83.26000000,130411.01800000,11089701.11993000,98805
2026-05-28,83.25000000,83.47000000,78.09000000,80.82000000,229573.89000000,18541091.63407000,148058
2026-05-29,80.82000000,83.84000000,80.20000000,82.49000000,125280.52700000,10254644.95343000,97803
2026-05-30,82.48000000,84.04000000,82.03000000,82.81000000,66763.16800000,5549099.89574000,49459
2026-05-31,82.82000000,83.64000000,80.92000000,82.16000000,65546.01300000,5393776.57017000,46278
2026-06-01,82.16000000,83.03000000,78.40000000,80.30000000,129641.27400000,10462654.19850000,104544
2026-06-02,80.29000000,80.37000000,72.13000000,73.67000000,227472.97900000,17388199.89885000,169648
2026-06-03,73.67000000,76.96000000,72.30000000,74.37000000,201062.68100000,15082964.43297000,155279
2026-06-04,74.37000000,75.01000000,68.21000000,71.35000000,259142.66200000,18479684.05767000,231864
2026-06-05,71.34000000,71.75000000,59.30000000,62.27000000,612634.97400000,39846870.29596000,478998
2026-06-06,62.28000000,63.29000000,57.83000000,60.96000000,193944.08500000,11790214.31993000,185121
2026-06-07,60.96000000,65.45000000,60.65000000,63.72000000,235449.32300000,14773053.65363000,161512
2026-06-08,63.72000000,65.12000000,61.83000000,63.47000000,143753.58900000,9142356.46615000,122615
2026-06-09,63.47000000,63.57000000,59.69000000,62.10000000,135487.92000000,8380319.81912000,127550
2026-06-10,62.10000000,64.05000000,60.09000000,61.29000000,164855.06300000,10219300.74099000,149768
2026-06-11,61.31000000,65.04000000,61.29000000,64.34000000,134830.17700000,8552590.08598000,108360
2026-06-12,64.35000000,65.58000000,63.08000000,64.23000000,78065.33500000,5038734.87549000,78516
2026-06-13,64.24000000,67.56000000,64.12000000,67.15000000,82623.95200000,5487250.77512000,68881
2026-06-14,67.15000000,68.41000000,65.21000000,68.36000000,72957.54700000,4871634.78054000,64327
2026-06-15,68.35000000,77.72000000,67.90000000,73.75000000,263147.17200000,19233979.60182000,211587
2026-06-16,73.75000000,77.03000000,72.29000000,75.93000000,169784.24600000,12703793.34384000,154706
2026-06-17,75.93000000,77.99000000,72.59000000,73.91000000,236243.28200000,17894025.99851000,168068
2026-06-18,73.92000000,76.00000000,70.65000000,74.88000000,138443.52600000,10183099.50503000,144888
2026-06-19,74.88000000,76.45000000,71.83000000,73.65000000,134285.82700000,9861086.96245000,114728
2026-06-20,73.65000000,77.12000000,72.81000000,75.99000000,94426.75800000,7056700.49502000,109571
2026-06-21,75.99000000,76.79000000,73.32000000,73.97000000,91641.58300000,6873557.31635000,78886
2026-06-22,73.98000000,77.05000000,73.98000000,75.07000000,126625.71500000,9598367.65381000,120941
2026-06-23,75.07000000,76.07000000,70.54000000,72.46000000,209114.12000000,15212748.77365000,153616
2026-06-24,72.46000000,80.55000000,71.17000000,80.36000000,443447.34400000,33512108.76754000,434017
2026-06-25,80.37000000,88.57000000,77.50000000,82.47000000,545384.38700000,44779969.60555000,566904
2026-06-26,82.47000000,98.23000000,80.75000000,95.19000000,576660.94400000,51507164.03038000,662310
2026-06-27,95.20000000,99.22000000,92.50000000,94.02000000,315831.31400000,30140790.26923000,319569
2026-06-28,94.02000000,95.38000000,88.18000000,91.70000000,275270.22000000,25101742.51975000,278485
2026-06-29,91.71000000,94.75000000,89.00000000,91.50000000,225237.34600000,20744722.67909000,285212
2026-06-30,91.49000000,91.78000000,84.65000000,85.17000000,162436.85500000,14311986.32062000,198388
2026-07-01,85.17000000,87.98000000,83.00000000,83.21000000,188190.19700000,16204970.15552000,223949
2026-07-02,83.22000000,88.54000000,82.70000000,86.24000000,164385.77100000,14186965.98092000,208367
2026-07-03,86.24000000,91.05000000,85.16000000,87.60000000,241835.03400000,21195633.35948000,219282
2026-07-04,87.59000000,90.29000000,86.92000000,88.66000000,124112.49500000,10989572.87484000,137610
2026-07-05,88.65000000,90.20000000,87.07000000,89.12000000,86289.89900000,7633940.41233000,104011
2026-07-06,89.13000000,97.41000000,87.96000000,94.25000000,248408.34000000,23038056.69156000,287309
2026-07-07,94.25000000,94.64000000,89.50000000,89.94000000,215632.86500000,19876358.65966000,206587
2026-07-08,89.94000000,90.31000000,85.89000000,88.32000000,214562.70100000,18847815.27087000,179524
2026-07-09,88.31000000,93.13000000,86.83000000,91.31000000,212361.15800000,19036645.20642000,167411
2026-07-10,91.31000000,98.33000000,90.84000000,95.78000000,236981.64100000,22539739.99551000,184197
2026-07-11,95.78000000,102.22000000,94.49000000,98.11000000,250119.03300000,24625226.74196000,222641
2026-07-12,98.10000000,101.02000000,96.65000000,96.91000000,148041.93400000,14567811.06450000,144303
2026-07-13,96.91000000,97.94000000,93.33000000,94.54000000,175366.40500000,16684516.06319000,188955
2026-07-14,94.53000000,101.14000000,94.31000000,98.96000000,178248.85600000,17459385.26080000,165083
2026-07-15,98.97000000,100.20000000,95.57000000,95.79000000,148103.62500000,14504103.17473000,143174
2026-07-16,95.79000000,96.81000000,90.93000000,91.19000000,149023.48500000,13973282.00336000,130187
2026-07-17,91.20000000,91.90000000,89.40000000,89.99000000,127052.11100000,11542427.34150000,99325
2026-07-18,90.00000000,90.27000000,87.47000000,89.99000000,119198.76800000,10569981.54125000,71826
2026-07-19,89.98000000,91.02000000,88.67000000,89.56000000,65554.86900000,5883947.04816000,53758
2026-07-20,89.56000000,91.36000000,88.22000000,89.86000000,121442.06000000,10894788.82770000,105230
2026-07-21,89.86000000,96.66000000,89.69000000,95.70000000,170923.37900000,16100709.30774000,139821
2026-07-22,95.70000000,98.96000000,94.98000000,97.43000000,265120.47800000,25658997.09800000,187604
2026-07-23,97.43000000,98.72000000,94.94000000,94.97000000,92924.86600000,8979722.35817000,85978
2026-07-24,94.98000000,96.81000000,92.63000000,93.13000000,95572.28300000,9065910.91058000,77759
2026-07-25,93.14000000,93.16000000,90.73000000,92.02000000,88836.61100000,8133331.05323000,60522
2026-07-26,92.03000000,101.83000000,91.87000000,101.47000000,214207.11300000,20599652.76138000,175170
2026-07-27,101.47000000,102.54000000,96.94000000,98.00000000,160470.09900000,16068867.74361000,179220
2026-07-28,98.00000000,101.93000000,96.47000000,100.86000000,143899.17900000,14230370.94928000,142590
2026-07-29,100.87000000,102.12000000,94.56000000,96.07000000,263988.49100000,25936977.87161000,271381
2026-07-30,96.08000000,100.50000000,94.14000000,99.52000000,144502.68600000,14136833.56682000,136359
2026-07-31,99.51000000,101.57000000,93.03000000,93.75000000,154828.31100000,15086734.97156000,146216
2026-08-01,93.75000000,94.13000000,88.88000000,90.63000000,255354.78200000,23355146.78031000,232561
2026-08-02,90.64000000,93.50000000,90.47000000,92.17000000,103490.19900000,9520624.88743000,87978
2026-08-03,92.15000000,94.06000000,90.93000000,92.41000000,92042.55200000,8513634.80878000,84195
2026-08-04,92.39000000,93.20000000,89.52000000,90.48000000,78052.38800000,7135101.95600000,86831
2026-08-05,90.49000000,92.23000000,89.60000000,89.83000000,82649.88000000,7518650.53595000,95622
2026-08-06,89.84000000,90.50000000,87.19000000,89.78000000,100586.02000000,8928031.31445000,87905
2026-08-07,89.78000000,91.26000000,88.92000000,89.93000000,88042.80700000,7942569.35986000,85506
2026-08-08,89.92000000,92.08000000,89.24000000,91.24000000,43324.20300000,3935243.19616000,40811
2026-08-09,91.25000000,92.35000000,90.20000000,90.65000000,59236.29700000,5406720.98687000,56291
2026-08-10,90.65000000,92.88000000,88.99000000,89.33000000,57932.46000000,5272963.88338000,71850
2026-08-11,89.33000000,89.62000000,86.18000000,88.30000000,61373.11200000,5419859.50148000,65277
2026-08-12,88.29000000,90.39000000,87.57000000,88.00000000,66618.65100000,5946456.35216000,69291
2026-08-13,88.00000000,89.62000000,86.91000000,87.93000000,62835.42000000,5546818.74652000,59606
2026-08-14,87.93000000,88.57000000,85.12000000,86.50000000,69578.80400000,6018426.94128000,58671
2026-08-15,86.50000000,87.40000000,86.13000000,86.20000000,33002.42000000,2863996.98945000,26532
2026-08-16,86.19000000,87.30000000,85.33000000,86.03000000,27136.50100000,2340948.40746000,28346
2026-08-17,86.03000000,89.62000000,85.68000000,89.27000000,68564.81700000,6000485.98798000,65161
2026-08-18,89.27000000,90.02000000,86.78000000,87.53000000,73216.46500000,6506324.75755000,62578
2026-08-19,87.54000000,97.55000000,87.01000000,95.34000000,154721.47400000,14342244.83876000,154166
2026-08-20,95.35000000,99.38000000,94.86000000,99.20000000,145607.64000000,14120279.28015000,149476
2026-08-21,99.20000000,122.99000000,98.53000000,122.69000000,430163.35300000,47286963.07959000,502515
2026-08-22,122.70000000,129.02000000,111.49000000,126.44000000,365389.48000000,45066200.42594000,629080
2026-08-23,126.43000000,145.09000000,120.87000000,141.51000000,364439.46400000,48928859.29243000,653581
2026-08-24,141.50000000,144.68000000,130.36000000,132.32000000,362847.06000000,50144682.35860000,683349
2026-08-25,132.32000000,136.41000000,124.35000000,126.60000000,226492.77300000,29403163.43983000,369136
2026-08-26,126.61000000,129.32000000,121.20000000,127.05000000,123714.05700000,15496905.66136000,204938
2026-08-27,127.04000000,130.47000000,123.00000000,128.09000000,150210.03400000,19152428.25863000,222501
2026-08-28,128.09000000,131.79000000,119.72000000,122.22000000,162695.94400000,20304186.45117000,225580
2026-08-29,122.22000000,126.98000000,120.41000000,126.75000000,75531.34500000,9286929.15880000,89396
2026-08-30,126.75000000,130.18000000,120.89000000,122.43000000,138571.15400000,17458114.78672000,189335
2026-08-31,122.41000000,125.42000000,121.00000000,124.13000000,96621.74500000,11915331.53597000,150052
2026-09-01,124.13000000,129.04000000,123.97000000,127.94000000,136676.20600000,17256282.38465000,202455
2026-09-02,127.94000000,135.49000000,125.13000000,127.21000000,196108.82500000,25356215.76987000,265209
2026-09-03,127.21000000,135.52000000,126.00000000,132.77000000,149227.09100000,19543238.63607000,214837
2026-09-04,132.76000000,136.26000000,128.91000000,130.37000000,136461.35800000,18084183.53948000,204527
2026-09-05,130.38000000,135.90000000,128.52000000,134.42000000,97869.39800000,12899274.35133000,135221
2026-09-06,134.42000000,140.19000000,132.25000000,136.87000000,111099.11300000,15084680.71562000,178912
2026-09-07,136.89000000,136.98000000,130.27000000,132.16000000,96794.43800000,12928895.25898000,162983
2026-09-08,132.17000000,133.03000000,126.51000000,128.81000000,98684.92000000,12837781.95640000,135550
2026-09-09,128.82000000,131.19000000,124.16000000,125.81000000,83753.52000000,10734145.93377000,149631
2026-09-10,125.82000000,125.95000000,120.29000000,120.64000000,91839.71000000,11312938.28223000,130053
2026-09-11,120.65000000,130.22000000,120.59000000,125.08000000,105167.48200000,13166399.04110000,197334
2026-09-12,125.09000000,127.99000000,124.51000000,125.56000000,42425.36800000,5347845.63446000,62881
2026-09-13,125.55000000,128.17000000,123.60000000,124.35000000,59205.99200000,7455792.76592000,103832
2026-09-14,124.36000000,133.67000000,123.96000000,128.24000000,91106.65900000,11655090.70968000,157033
2026-09-15,128.23000000,129.28000000,120.55000000,122.22000000,113364.08400000,14220262.14680000,194128
2026-09-16,122.22000000,122.90000000,113.19000000,119.57000000,125958.32000000,14831505.50788000,228276
2026-09-17,119.56000000,129.92000000,119.35000000,128.61000000,115679.83700000,14447877.19840000,200751
2026-09-18,128.61000000,142.04000000,127.37000000,139.52000000,195080.35300000,26513286.63942000,339673
2026-09-19,139.52000000,147.00000000,139.32000000,141.07000000,138800.08900000,19841479.92491000,284240
2026-09-20,141.07000000,141.86000000,133.25000000,137.59000000,122537.89100000,16780430.76721000,237583
2026-09-21,137.58000000,149.36000000,136.57000000,145.90000000,204018.19800000,29245799.01731000,407422
2026-09-22,145.89000000,148.98000000,139.75000000,148.06000000,140981.09800000,20264502.81068000,301301
2026-09-23,148.04000000,155.48000000,137.27000000,138.98000000,236657.52700000,34731929.21475000,425952
2026-09-24,138.97000000,147.82000000,134.93000000,146.93000000,152863.56900000,21513121.98949000,300938
2026-09-25,146.93000000,156.13000000,142.88000000,153.62000000,202271.34000000,30344939.85835000,358216
2026-09-26,153.59000000,156.71000000,151.96000000,155.64000000,112829.69600000,17425951.41530000,203759
2026-09-27,155.63000000,157.42000000,151.72000000,154.58000000,100342.39700000,15568836.42050000,186804
2026-09-28,154.58000000,156.35000000,144.01000000,149.47000000,149831.11700000,22323603.03165000,345130
2026-09-29,149.48000000,176.28000000,146.09000000,165.28000000,450400.48400000,74898658.72893000,728560
2026-09-30,165.29000000,166.73000000,157.59000000,159.49000000,252764.21700000,40773036.81145000,406558
2026-10-01,159.49000000,173.41000000,158.50000000,171.44000000,235030.00900000,39199996.43478000,330112
2026-10-02,171.44000000,187.50000000,170.77000000,179.59000000,326802.37700000,59250834.98634000,398101
2026-10-03,179.60000000,183.49000000,176.33000000,181.57000000,134033.02400000,24126674.12241000,142235
2026-10-04,181.57000000,183.20000000,177.44000000,179.13000000,90425.95600000,16311248.09580000,108479
2026-10-05,179.13000000,187.36000000,177.29000000,184.08000000,158363.55800000,28897141.42952000,180893
2026-10-06,184.08000000,187.59000000,179.02000000,179.71000000,97914.17800000,17882237.90971000,120538
2026-10-07,179.71000000,179.73000000,170.00000000,174.08000000,156793.18900000,27194754.29170000,173741
2026-10-08,174.10000000,176.15000000,159.85000000,166.17000000,189792.01900000,32034855.56965000,221223
2026-10-09,166.19000000,172.28000000,164.41000000,167.35000000,114269.52100000,19185082.64193000,141490
