date,open,high,low,close,volume,quote_volume,trades
2021-04-17,1.40989000,1.45805000,1.35501000,1.36802000,323840975.10000000,456752579.92140000,658242
2021-04-18,1.36861000,1.38654000,1.07204000,1.27693000,804838502.10000000,984038054.80923900,1427081
2021-04-19,1.27655000,1.32443000,1.17122000,1.19450000,477279604.90000000,594173873.63740200,862505
2021-04-20,1.19451000,1.28241000,1.12685000,1.26689000,470266399.20000000,564969805.94758900,795662
2021-04-21,1.26665000,1.29000000,1.19704000,1.20358000,404434984.00000000,504722890.00897300,716832
2021-04-22,1.20312000,1.27984000,1.11380000,1.14400000,522618869.40000000,628558727.83462200,840300
2021-04-23,1.14443000,1.16895000,0.92000000,1.15866000,989280841.90000000,1054521883.39240300,1402192
2021-04-24,1.15872000,1.19800000,1.09270000,1.10287000,434215610.40000000,494679064.79040100,737205
2021-04-25,1.10300000,1.14678000,1.01830000,1.09130000,305075283.55000000,333834052.87689050,490000
2021-04-26,1.09100000,1.25090000,1.07930000,1.23750000,473369883.13000000,568714660.97052500,773997
2021-04-27,1.23770000,1.33330000,1.22320000,1.30630000,392979049.07000000,504918084.18420200,760259
2021-04-28,1.30630000,1.34880000,1.23260000,1.33790000,388598645.07000000,505426307.53277500,690474
2021-04-29,1.33730000,1.41170000,1.26610000,1.30630000,578529650.82000000,777246168.05842700,1273495
2021-04-30,1.30660000,1.37090000,1.28550000,1.35320000,308696257.77000000,413990419.81015600,605811
2021-05-01,1.35300000,1.36780000,1.31280000,1.35160000,208656399.38000000,279891124.59557500,379435
2021-05-02,1.35160000,1.35560000,1.29410000,1.32670000,218990273.64000000,290399347.53604500,369059
2021-05-03,1.32670000,1.38000000,1.32080000,1.36220000,271187623.29000000,367143914.77338400,465569
2021-05-04,1.36270000,1.36730000,1.25570000,1.26980000,421500877.62000000,549879320.53417400,693784
2021-05-05,1.26990000,1.49700000,1.25980000,1.47980000,579064616.22000000,809182895.29661900,1020356
2021-05-06,1.47990000,1.70000000,1.42880000,1.64910000,1342973403.72000000,2120775489.36973100,2264654
2021-05-07,1.64910000,1.74780000,1.52600000,1.65300000,789059200.98000000,1301803083.51220000,1468918
2021-05-08,1.65290000,1.65430000,1.56110000,1.62110000,393498897.98000000,633842537.10449000,872816
2021-05-09,1.62060000,1.83300000,1.57260000,1.76630000,883091328.46000000,1536088014.64972100,1884477
2021-05-10,1.76620000,1.82430000,1.51700000,1.64230000,712304913.86000000,1220328155.18519200,1624887
2021-05-11,1.64180000,1.77910000,1.59540000,1.76320000,524326718.11000000,888681876.91392100,1065832
2021-05-12,1.76330000,1.82100000,1.54620000,1.56940000,599710080.80000000,1034165276.43195100,1305448
2021-05-13,1.56690000,1.97190000,1.50000000,1.92960000,1567655289.16000000,2830787027.32820300,2971018
2021-05-14,1.92890000,2.04300000,1.81120000,2.00690000,695033070.96000000,1330783387.91631200,1650812
2021-05-15,2.00730000,2.37890000,1.96280000,2.17440000,1376815760.83000000,3028162677.85756100,3130966
2021-05-16,2.17540000,2.47000000,2.01040000,2.30020000,1190745903.78000000,2680581605.66352300,2799042
2021-05-17,2.30020000,2.32900000,1.91590000,2.03070000,1137971306.33000000,2387549270.07503700,2394748
2021-05-18,2.03010000,2.14920000,1.97120000,2.00360000,612259916.93000000,1258577627.76608000,1431670
2021-05-19,2.00360000,2.03170000,1.01000000,1.46630000,2261842102.36000000,3616451442.95899300,3500994
2021-05-20,1.46760000,1.94870000,1.32180000,1.80060000,1331716279.01000000,2253383023.85136300,2679300
2021-05-21,1.80020000,1.87000000,1.32000000,1.54930000,1158826530.96000000,1851576033.77843800,2368984
2021-05-22,1.54930000,1.60200000,1.36610000,1.46290000,800713185.45000000,1195051726.84074700,1593249
2021-05-23,1.46360000,1.53970000,1.05100000,1.31390000,1461270087.31000000,1839005520.81646900,2445334
2021-05-24,1.31350000,1.59740000,1.24760000,1.55000000,1034255631.11000000,1503761177.41083900,2078079
2021-05-25,1.54970000,1.64990000,1.43540000,1.55320000,807717267.52000000,1239076344.28471000,1776216
2021-05-26,1.55250000,1.83200000,1.55200000,1.77910000,857080518.13000000,1472382792.51447800,2010480
2021-05-27,1.77880000,1.78850000,1.60770000,1.65520000,590119092.56000000,998105646.13212700,1445249
2021-05-28,1.65520000,1.67800000,1.45000000,1.51330000,817239543.16000000,1262486208.23907600,1626406
2021-05-29,1.51330000,1.56240000,1.33500000,1.40290000,576104659.27000000,831031429.59733400,1181284
2021-05-30,1.40350000,1.70000000,1.34570000,1.57510000,764079031.67000000,1205767972.90871100,1702526
2021-05-31,1.57510000,1.75000000,1.52490000,1.73730000,600116070.88000000,975900758.70213900,1460887
2021-06-01,1.73760000,1.77960000,1.65310000,1.73630000,530252586.94000000,912156549.51821800,1214297
2021-06-02,1.73620000,1.80420000,1.71730000,1.75340000,431644801.42000000,763167515.81342100,986804
2021-06-03,1.75340000,1.88970000,1.71340000,1.84530000,417400945.02000000,758107289.09490300,1023322
2021-06-04,1.84540000,1.84800000,1.60800000,1.70770000,596433033.05000000,1016313544.25717800,1453396
2021-06-05,1.70800000,1.78230000,1.61000000,1.65510000,369328430.60000000,627802619.93586600,924743
2021-06-06,1.65550000,1.70770000,1.64510000,1.67710000,191999153.68000000,321777694.70292700,410877
2021-06-07,1.67710000,1.74140000,1.55000000,1.56590000,341267094.73000000,568701714.62711100,763147
2021-06-08,1.56590000,1.59660000,1.40000000,1.58190000,612223590.99000000,926353837.47530400,1115207
2021-06-09,1.58180000,1.63500000,1.48270000,1.62790000,471664344.33000000,738213512.45641000,1039122
2021-06-10,1.62820000,1.63780000,1.50640000,1.53280000,312406121.42000000,488331366.50816200,604598
2021-06-11,1.53280000,1.54740000,1.41920000,1.43710000,323101330.00000000,482059658.00754000,570406
2021-06-12,1.43680000,1.49340000,1.35620000,1.47890000,362965214.53000000,517749782.78785300,731362
2021-06-13,1.47890000,1.58000000,1.40010000,1.55660000,330722303.94000000,490536333.04058400,941882
2021-06-14,1.55630000,1.59500000,1.50560000,1.57690000,280791163.74000000,435453250.96621000,595345
2021-06-15,1.57690000,1.61090000,1.54410000,1.55520000,216159062.78000000,340383009.23460800,486601
2021-06-16,1.55500000,1.57540000,1.47400000,1.48510000,203580536.01000000,309694677.49405900,499540
2021-06-17,1.48510000,1.53880000,1.45680000,1.48260000,165078770.77000000,247086065.75776700,443396
2021-06-18,1.48250000,1.49270000,1.37400000,1.41630000,220933715.72000000,316537834.82389100,460555
2021-06-19,1.41640000,1.44110000,1.38340000,1.38390000,145492869.00000000,206002750.66439400,405822
2021-06-20,1.38400000,1.46000000,1.30600000,1.42630000,269372753.54000000,373024182.41986400,718096
2021-06-21,1.42620000,1.43710000,1.16720000,1.17400000,512064782.95000000,661793161.74010400,982646
2021-06-22,1.17380000,1.26340000,1.00010000,1.15670000,907361654.28000000,1030804095.18176200,1461174
2021-06-23,1.15630000,1.31000000,1.10800000,1.25120000,490479573.30000000,607806302.67524400,776745
2021-06-24,1.25130000,1.39980000,1.20060000,1.36040000,427028527.81000000,568197037.84065200,1036438
2021-06-25,1.36040000,1.39710000,1.24310000,1.25210000,548380704.22000000,722838979.19173100,1112696
2021-06-26,1.25200000,1.29230000,1.19680000,1.25210000,307404658.42000000,380549653.18480000,557818
2021-06-27,1.25200000,1.34990000,1.24100000,1.33800000,242097878.29000000,310315583.60367900,445825
2021-06-28,1.33790000,1.35060000,1.30420000,1.32600000,220547816.19000000,292756074.24837600,607034
2021-06-29,1.32610000,1.42000000,1.31900000,1.37300000,287571860.20000000,394907812.31520000,571006
2021-06-30,1.37310000,1.39930000,1.28250000,1.38530000,263769140.47000000,354446349.12081900,550586
2021-07-01,1.38530000,1.38620000,1.30200000,1.33130000,196824530.30000000,262447755.02064300,468032
2021-07-02,1.33120000,1.39590000,1.28500000,1.39460000,235621261.45000000,315348818.27643400,716140
2021-07-03,1.39470000,1.44440000,1.35790000,1.40450000,197443853.76000000,277572501.53661700,641233
2021-07-04,1.40450000,1.49550000,1.38150000,1.46150000,185325977.32000000,267332413.15222200,469893
2021-07-05,1.46150000,1.46160000,1.37640000,1.40390000,210256310.91000000,297312194.31989900,433806
2021-07-06,1.40390000,1.45780000,1.38880000,1.41570000,173402604.28000000,246828693.18517700,474377
2021-07-07,1.41560000,1.44160000,1.40000000,1.40400000,125167776.95000000,178159850.13474400,254242
2021-07-08,1.40400000,1.40650000,1.31940000,1.32700000,175680408.72000000,239803654.94029700,348315
2021-07-09,1.32680000,1.37460000,1.28590000,1.35040000,160293985.20000000,213730318.84310400,375438
2021-07-10,1.35040000,1.36600000,1.31580000,1.33560000,93476664.31000000,124946490.52755100,242605
2021-07-11,1.33560000,1.36690000,1.32310000,1.34850000,71704260.26000000,96252011.61656400,172388
2021-07-12,1.34850000,1.37360000,1.29160000,1.31260000,112067630.51000000,149660876.22463100,238866
2021-07-13,1.31260000,1.32160000,1.25000000,1.26500000,125015668.98000000,160715456.02004100,248079
2021-07-14,1.26490000,1.28940000,1.19800000,1.26350000,165466902.33000000,205613918.95876400,323301
2021-07-15,1.26340000,1.29000000,1.20500000,1.22580000,133685795.15000000,165010923.47238700,261230
2021-07-16,1.22580000,1.24500000,1.16550000,1.17080000,159173625.74000000,190852629.77568100,290705
2021-07-17,1.17050000,1.19480000,1.14970000,1.17210000,124485807.10000000,145637408.24285200,225449
2021-07-18,1.17210000,1.21860000,1.16660000,1.18130000,108584207.61000000,129455682.08151000,193407
2021-07-19,1.18140000,1.19210000,1.11560000,1.12250000,138646747.17000000,158333071.38908300,216380
2021-07-20,1.12260000,1.13620000,1.02020000,1.05390000,283618751.18000000,300482457.34393400,416093
2021-07-21,1.05410000,1.22220000,1.03660000,1.17110000,287296624.78000000,329529795.80385100,484015
2021-07-22,1.17110000,1.20810000,1.14920000,1.18560000,158912321.76000000,187077128.52968000,303957
2021-07-23,1.18570000,1.20890000,1.14650000,1.20770000,131335875.06000000,154913279.78928400,310334
2021-07-24,1.20750000,1.24870000,1.19640000,1.23270000,142716783.01000000,173727524.71436400,293673
2021-07-25,1.23320000,1.23880000,1.19000000,1.22840000,107934124.51000000,131208367.06511900,218902
2021-07-26,1.22830000,1.39910000,1.22210000,1.25510000,415073283.88000000,547924739.59752900,975146
2021-07-27,1.25490000,1.31580000,1.21360000,1.27990000,233094192.34000000,293884771.12140900,549510
2021-07-28,1.27970000,1.32000000,1.25730000,1.28750000,201236980.03000000,258967798.01561700,463462
2021-07-29,1.28750000,1.29870000,1.25600000,1.28560000,130840990.64000000,167250046.58650400,303131
2021-07-30,1.28560000,1.31790000,1.24670000,1.31080000,181649929.84000000,233481881.17990800,402332
2021-07-31,1.31090000,1.33290000,1.28700000,1.31930000,122070136.42000000,160008038.69792300,306755
2021-08-01,1.31930000,1.38790000,1.29840000,1.31420000,200978816.46000000,271363427.54665200,561054
2021-08-02,1.31450000,1.35000000,1.29270000,1.30830000,124737501.38000000,164663710.84494000,288920
2021-08-03,1.30820000,1.38270000,1.26130000,1.36960000,250226135.48000000,333462860.83075700,917800
2021-08-04,1.36970000,1.39380000,1.32300000,1.37650000,182865692.10000000,248779803.38775400,809373
2021-08-05,1.37660000,1.39740000,1.33800000,1.38590000,160752874.44000000,220584468.75268100,401852
2021-08-06,1.38590000,1.42500000,1.36130000,1.40250000,165384665.39000000,230083804.20575700,418611
2021-08-07,1.40270000,1.48500000,1.39450000,1.47270000,245578409.20000000,355799070.31837500,682489
2021-08-08,1.47260000,1.49410000,1.40700000,1.42550000,201134603.12000000,292240465.61758000,464166
2021-08-09,1.42560000,1.49900000,1.39330000,1.47450000,204393100.93000000,296965727.22249400,477778
2021-08-10,1.47450000,1.70100000,1.45700000,1.67800000,356506024.51000000,560730912.24149600,1239067
2021-08-11,1.67800000,1.89500000,1.67000000,1.79340000,488863450.17000000,878006229.53126000,1767308
2021-08-12,1.79340000,1.86900000,1.67920000,1.83240000,431637639.20000000,765468929.63260200,1556555
2021-08-13,1.83300000,2.14950000,1.82120000,2.13860000,589994492.03000000,1180013820.79181600,2055081
2021-08-14,2.13860000,2.25000000,2.08350000,2.18780000,599325581.50000000,1294631283.08659700,2120000
2021-08-15,2.18750000,2.24990000,2.03000000,2.16670000,370249371.15000000,791689644.59049600,1344719
2021-08-16,2.16670000,2.20000000,2.04630000,2.07140000,313643255.53000000,669432796.13384000,1030251
2021-08-17,2.07170000,2.14140000,1.90590000,1.92390000,361700269.73000000,738363154.52383900,999833
2021-08-18,1.92400000,2.16430000,1.87000000,2.10430000,486614298.90000000,991453525.73999400,1414725
2021-08-19,2.10450000,2.45500000,2.04620000,2.44110000,661367609.97000000,1478673056.64345400,2551917
2021-08-20,2.44110000,2.58170000,2.36660000,2.45570000,619099859.32000000,1539336837.06415800,2447841
2021-08-21,2.45570000,2.52880000,2.38050000,2.43410000,297136052.16000000,729237701.54031000,1098176
2021-08-22,2.43470000,2.72120000,2.43060000,2.70490000,485497408.99000000,1252373737.42493100,1851078
2021-08-23,2.70500000,2.97190000,2.68490000,2.91520000,653707062.88000000,1861034952.86470100,2860899
2021-08-24,2.91520000,2.94700000,2.58720000,2.71870000,641652294.22000000,1781493179.48751100,2180897
2021-08-25,2.71910000,2.79700000,2.60000000,2.73900000,460928567.06000000,1251116676.43728300,1643396
2021-08-26,2.73890000,2.78500000,2.47000000,2.52800000,407754722.33000000,1058054371.19221600,1358420
2021-08-27,2.52900000,2.94730000,2.49400000,2.94600000,472662823.39000000,1294046444.84858300,1586002
2021-08-28,2.94700000,2.95000000,2.77200000,2.84700000,243063514.39000000,691271713.39240000,1083435
2021-08-29,2.84700000,2.93500000,2.71900000,2.85100000,274365688.00000000,781366522.61820000,1010488
2021-08-30,2.85000000,2.88400000,2.72000000,2.73400000,240691753.90000000,675601350.11650000,1053905
2021-08-31,2.73500000,2.88100000,2.70200000,2.76700000,251908426.30000000,702518501.41740000,741134
2021-09-01,2.76800000,2.90400000,2.72000000,2.86900000,196563544.10000000,555373015.95660000,699079
2021-09-02,2.87000000,3.10100000,2.83400000,2.96000000,397432179.47000000,1191195523.41431800,1707158
2021-09-03,2.96000000,3.03000000,2.90000000,2.96600000,203828698.40000000,604944629.81910000,748267
2021-09-04,2.96500000,2.96700000,2.80000000,2.83000000,192271347.00000000,555689396.88110000,625216
2021-09-05,2.83100000,2.95600000,2.81300000,2.91000000,169097774.60000000,487746887.45130000,549105
2021-09-06,2.91100000,2.92700000,2.80000000,2.83300000,186970542.20000000,535309232.25760000,605231
2021-09-07,2.83300000,2.87500000,2.00000000,2.51400000,964890684.80000000,2422642316.30110300,2337151
2021-09-08,2.51400000,2.56400000,2.20000000,2.47000000,547581870.50000000,1316692953.31960000,1350979
2021-09-09,2.47000000,2.62300000,2.39000000,2.51800000,411631907.80000000,1044096246.85520000,1062468
2021-09-10,2.51800000,2.58600000,2.26900000,2.38300000,322102115.00000000,781123869.90650000,918483
2021-09-11,2.38400000,2.80000000,2.36700000,2.63800000,561119335.07000000,1487971497.54120600,1744500
2021-09-12,2.63700000,2.78900000,2.50100000,2.58100000,466822310.10000000,1224176461.61570000,1564268
2021-09-13,2.58000000,2.59300000,2.30900000,2.40200000,378841930.80000000,916543680.71340000,1095045
2021-09-14,2.40100000,2.43800000,2.32000000,2.39600000,214309623.20000000,511446201.38930000,579750
2021-09-15,2.39600000,2.58200000,2.35500000,2.50500000,276853578.30000000,683490051.66620000,793260
2021-09-16,2.50400000,2.56000000,2.38100000,2.41700000,196390696.80000000,481379433.68150000,590119
2021-09-17,2.41700000,2.44200000,2.31300000,2.35000000,130098585.40000000,309192082.29220000,369949
2021-09-18,2.35000000,2.43900000,2.31000000,2.37100000,115231963.90000000,274828761.86350000,333767
2021-09-19,2.37100000,2.39700000,2.25900000,2.28300000,127205837.00000000,296891018.11930000,367262
2021-09-20,2.28300000,2.29300000,1.97000000,2.07900000,458599973.03000000,971662079.45045600,1164195
2021-09-21,2.08000000,2.22900000,1.91010000,1.98600000,450988800.97000000,938941126.41735200,1050842
2021-09-22,1.98600000,2.26800000,1.96700000,2.25700000,262894741.00000000,561770727.65820000,764251
2021-09-23,2.25700000,2.34600000,2.17900000,2.32700000,190056984.80000000,427121740.39680000,580771
2021-09-24,2.32700000,2.34500000,2.06300000,2.27700000,382004501.60000000,852034401.15710000,1180658
2021-09-25,2.27700000,2.45900000,2.23500000,2.30000000,328389858.73000000,772544525.92708700,1058437
2021-09-26,2.29900000,2.30100000,2.14700000,2.20700000,231090029.90000000,517051791.33590000,641684
2021-09-27,2.20600000,2.27700000,2.12800000,2.13000000,150915484.20000000,333393824.49190000,395932
2021-09-28,2.12900000,2.17300000,2.02900000,2.03700000,151911770.20000000,319192127.40440000,364562
2021-09-29,2.03700000,2.15000000,2.02000000,2.06600000,136138441.20000000,282604347.73720000,336857
2021-09-30,2.06600000,2.13700000,2.05100000,2.11500000,124916940.90000000,262127906.90080000,305957
2021-10-01,2.11500000,2.27500000,2.09200000,2.25600000,197157573.90000000,433361124.25010000,564686
2021-10-02,2.25500000,2.32200000,2.19200000,2.24700000,147408004.50000000,333039551.07770000,477599
2021-10-03,2.24700000,2.30900000,2.22100000,2.25100000,136980609.80000000,310612221.97900000,401615
2021-10-04,2.25100000,2.25300000,2.15000000,2.19100000,149496124.60000000,327691885.09890000,454491
2021-10-05,2.19100000,2.25800000,2.17500000,2.23300000,131834376.00000000,292154180.81590000,400324
2021-10-06,2.23200000,2.25100000,2.11100000,2.20900000,192646609.50000000,423382653.06890000,579392
2021-10-07,2.20900000,2.37500000,2.15000000,2.27800000,254708498.40000000,579456296.88760000,895423
2021-10-08,2.27800000,2.31300000,2.21300000,2.23700000,138317391.40000000,314113673.58260000,370017
2021-10-09,2.23800000,2.30000000,2.22000000,2.26800000,108667313.30000000,246084345.87390000,277411
2021-10-10,2.26900000,2.27700000,2.16000000,2.18900000,110373473.10000000,246493612.88570000,324628
2021-10-11,2.18900000,2.25000000,2.10700000,2.17100000,124908952.10000000,273897541.45360000,353292
2021-10-12,2.17100000,2.17300000,2.07100000,2.11800000,150529530.20000000,319037519.84490000,440973
2021-10-13,2.11700000,2.20000000,2.07800000,2.19000000,133035035.40000000,283797635.93370000,367591
2021-10-14,2.18900000,2.22500000,2.15500000,2.17200000,109132237.40000000,238397065.88700000,324497
2021-10-15,2.17200000,2.24300000,2.13600000,2.21800000,205811006.80000000,451807548.91400000,522957
2021-10-16,2.21700000,2.25000000,2.16900000,2.17900000,103000332.90000000,227685264.71490000,295180
2021-10-17,2.17800000,2.18900000,2.08900000,2.15800000,109914412.10000000,236546953.29210000,304319
2021-10-18,2.15800000,2.17600000,2.10500000,2.12800000,96988762.80000000,207296556.46660000,268841
2021-10-19,2.12700000,2.15700000,2.09300000,2.11000000,94391775.60000000,200312951.06220000,249571
2021-10-20,2.11000000,2.20800000,2.09200000,2.19000000,135969738.80000000,293600383.72370000,412084
2021-10-21,2.19000000,2.29800000,2.13100000,2.13700000,265787667.10000000,590422379.41610000,911699
2021-10-22,2.13600000,2.21000000,2.12500000,2.15600000,130738721.40000000,283280913.86650000,384968
2021-10-23,2.15700000,2.17500000,2.13100000,2.16600000,74106470.80000000,159697494.67460000,204540
2021-10-24,2.16700000,2.16900000,2.09300000,2.12000000,97230595.40000000,206668183.89290000,311116
2021-10-25,2.11900000,2.17800000,2.11400000,2.14400000,105874037.90000000,227310466.30760000,306467
2021-10-26,2.14500000,2.20200000,2.12200000,2.13700000,142897864.50000000,309937222.20480000,441608
2021-10-27,2.13800000,2.15600000,1.80400000,1.91200000,397889032.10000000,788261687.38651800,1112284
2021-10-28,1.91200000,2.05800000,1.90500000,1.98700000,253879713.50000000,502808459.49740000,714638
2021-10-29,1.98700000,2.04800000,1.97900000,2.01500000,154761692.90000000,310763415.41380000,405405
2021-10-30,2.01600000,2.01900000,1.92400000,1.95500000,122995185.80000000,242877472.35810000,354589
2021-10-31,1.95700000,2.02900000,1.91800000,1.96400000,146413161.50000000,287446094.52920000,419105
2021-11-01,1.96500000,2.01900000,1.91100000,1.94900000,144061135.40000000,282445748.14690000,443944
2021-11-02,1.94900000,1.99600000,1.93300000,1.97100000,124263204.00000000,244630385.55520000,382592
2021-11-03,1.97100000,2.14400000,1.95000000,2.06300000,335561983.70000000,693664558.66200000,1237122
2021-11-04,2.06300000,2.10300000,1.93300000,1.98300000,174549100.40000000,350982479.15550000,586577
2021-11-05,1.98300000,2.01700000,1.95900000,1.98200000,108180863.70000000,215028149.96300000,346939
2021-11-06,1.98200000,2.04000000,1.94200000,2.00500000,105480654.30000000,209552637.96360000,378419
2021-11-07,2.00400000,2.03500000,1.97400000,2.02100000,82637102.70000000,165586014.59520000,287219
2021-11-08,2.02000000,2.14000000,2.00800000,2.12500000,189974471.10000000,394147647.69910000,664140
2021-11-09,2.12600000,2.37800000,2.10500000,2.27000000,581074544.20000000,1315444500.76490000,2352700
2021-11-10,2.26900000,2.33100000,1.93200000,2.09700000,479840587.60000000,1041156930.58910000,1265340
2021-11-11,2.09700000,2.15300000,2.05800000,2.07900000,151168963.60000000,317911390.64190000,476574
2021-11-12,2.07900000,2.09900000,1.99100000,2.04500000,160252178.80000000,327425649.60310000,457795
2021-11-13,2.04600000,2.08000000,2.02100000,2.05000000,82511465.50000000,169168009.51980000,305777
2021-11-14,2.05000000,2.07000000,2.00900000,2.04000000,59859608.60000000,121939414.62150000,205494
2021-11-15,2.04000000,2.09500000,2.01100000,2.01700000,93079577.90000000,190858022.36050000,344074
2021-11-16,2.01800000,2.01800000,1.75900000,1.87400000,268941429.22000000,511833926.73392900,915144
2021-11-17,1.87400000,1.89300000,1.79500000,1.87600000,207985172.00000000,384528006.42530000,546022
2021-11-18,1.87700000,1.90700000,1.70100000,1.78600000,221759905.97000000,402087606.18593700,559018
2021-11-19,1.78600000,1.89400000,1.75400000,1.86300000,144849476.60000000,264482742.10730000,439260
2021-11-20,1.86200000,1.95600000,1.86000000,1.92200000,128183408.00000000,243387633.59380000,454244
2021-11-21,1.92100000,1.92400000,1.83200000,1.83500000,87455485.30000000,163849100.35960000,319204
2021-11-22,1.83500000,1.83900000,1.75700000,1.77600000,144285714.00000000,259359138.24560000,353637
2021-11-23,1.77600000,1.81600000,1.73800000,1.75100000,144774307.80000000,257575557.49620000,356275
2021-11-24,1.75100000,1.75400000,1.58600000,1.66600000,290146559.06000000,481392566.84562200,677158
2021-11-25,1.66500000,1.74900000,1.61900000,1.67500000,216037163.10000000,364294545.63570000,545499
2021-11-26,1.67600000,1.68500000,1.49500000,1.53300000,337429397.07000000,527707771.80384100,654915
2021-11-27,1.53200000,1.58500000,1.53100000,1.54300000,107756518.00000000,168004728.67630000,238962
2021-11-28,1.54300000,1.60000000,1.41600000,1.59400000,228010819.22000000,343379596.04289100,417724
2021-11-29,1.59500000,1.63600000,1.55700000,1.60100000,153848484.70000000,245164685.07600000,336923
2021-11-30,1.60200000,1.62900000,1.54400000,1.55400000,185671961.60000000,293671151.18430000,399379
2021-12-01,1.55300000,1.62200000,1.53100000,1.54800000,157458493.80000000,248792675.89810000,343884
2021-12-02,1.54700000,1.76000000,1.51700000,1.71900000,441382037.00000000,740760247.40820000,1044013
2021-12-03,1.72000000,1.72900000,1.50900000,1.55600000,276255974.60000000,447174235.09000000,629620
2021-12-04,1.55700000,1.55800000,1.18800000,1.42000000,612957918.54000000,831776860.44571800,1107859
2021-12-05,1.41900000,1.43500000,1.28400000,1.37800000,270618794.70000000,367704497.15490000,447908
2021-12-06,1.37800000,1.44200000,1.25500000,1.42000000,338310628.70000000,449825835.12860000,492514
2021-12-07,1.42000000,1.47900000,1.36500000,1.37800000,229514365.20000000,328780032.01440000,387655
2021-12-08,1.37800000,1.42300000,1.33700000,1.39600000,187594478.20000000,259126348.09260000,325543
2021-12-09,1.39600000,1.40900000,1.28700000,1.28900000,174568058.80000000,234779220.64800000,302960
2021-12-10,1.28800000,1.33400000,1.20700000,1.21100000,192968833.10000000,247506337.10610000,296381
2021-12-11,1.21100000,1.36200000,1.19200000,1.35400000,179118114.10000000,227800859.74920000,316145
2021-12-12,1.35400000,1.41500000,1.31900000,1.34600000,149463677.10000000,202797177.24110000,342775
2021-12-13,1.34500000,1.35700000,1.20000000,1.22300000,184388318.40000000,233475572.59240000,338147
2021-12-14,1.22300000,1.28400000,1.19800000,1.26600000,175476318.00000000,217012813.08330000,316738
2021-12-15,1.26700000,1.33100000,1.20400000,1.31100000,170247496.30000000,215469290.44390000,347648
2021-12-16,1.31100000,1.33100000,1.23600000,1.24000000,117662885.30000000,152038613.15650000,254665
2021-12-17,1.24000000,1.25900000,1.18200000,1.21800000,138092226.10000000,169578075.70188600,278956
2021-12-18,1.21800000,1.26700000,1.20000000,1.24200000,81211094.10000000,100498679.75410000,176212
2021-12-19,1.24200000,1.31200000,1.24000000,1.24300000,124074683.50000000,158128089.42930000,257155
2021-12-20,1.24400000,1.26100000,1.20100000,1.23700000,123106967.70000000,151201012.02230000,232072
2021-12-21,1.23800000,1.28900000,1.22700000,1.28000000,122949048.20000000,155011267.28720000,237941
2021-12-22,1.27900000,1.36900000,1.27600000,1.32700000,161174698.10000000,214216796.01490000,356337
2021-12-23,1.32700000,1.49000000,1.30700000,1.47500000,216795659.80000000,302005401.18160000,554345
2021-12-24,1.47500000,1.49100000,1.38100000,1.39200000,126360588.30000000,182041800.82630000,334001
2021-12-25,1.39300000,1.46000000,1.38100000,1.45200000,87587873.90000000,125105131.84500000,208614
2021-12-26,1.45300000,1.46700000,1.40700000,1.45500000,103769249.90000000,149590055.60230000,237124
2021-12-27,1.45500000,1.59400000,1.45000000,1.51600000,181374841.10000000,279187128.03040000,530903
2021-12-28,1.51600000,1.54000000,1.37600000,1.40000000,233458767.40000000,341026716.35220000,532040
2021-12-29,1.40000000,1.43800000,1.32300000,1.33200000,151404808.30000000,209084760.13480000,331818
2021-12-30,1.33300000,1.37800000,1.29700000,1.35900000,134171567.80000000,179821991.06880000,262385
2021-12-31,1.35900000,1.38300000,1.28100000,1.30800000,120612337.30000000,161322991.59090000,246500
2022-01-01,1.30800000,1.38000000,1.30600000,1.38000000,69007607.50000000,92211737.96660000,159578
2022-01-02,1.37900000,1.39100000,1.34200000,1.37700000,81011860.40000000,110645055.59020000,175248
2022-01-03,1.37800000,1.37800000,1.31000000,1.31900000,87155825.90000000,117269967.57360000,191931
2022-01-04,1.31900000,1.35200000,1.29500000,1.30900000,94479305.90000000,124982226.73970000,216349
2022-01-05,1.31000000,1.35300000,1.19300000,1.23000000,158740088.20000000,203778648.55900000,365590
2022-01-06,1.23000000,1.29700000,1.18600000,1.28000000,175754407.60000000,216590054.10710000,361052
2022-01-07,1.27900000,1.28500000,1.18900000,1.21000000,209806013.20000000,256808689.23760000,412091
2022-01-08,1.20900000,1.25400000,1.12400000,1.18100000,169730473.68000000,201840755.44063900,359202
2022-01-09,1.18200000,1.20600000,1.14700000,1.17000000,114093699.40000000,134353467.77720000,231040
2022-01-10,1.17000000,1.18100000,1.06900000,1.12300000,189250644.14000000,212884357.74931800,360425
2022-01-11,1.12300000,1.19600000,1.12200000,1.18700000,115267098.70000000,133792540.39380000,241607
2022-01-12,1.18800000,1.31400000,1.18600000,1.31200000,145608592.70000000,182190437.04440000,341312
2022-01-13,1.31200000,1.35400000,1.22700000,1.23300000,179029543.60000000,230246441.47970000,426125
2022-01-14,1.23200000,1.30900000,1.22000000,1.29200000,143281596.50000000,181243812.48150000,331155
2022-01-15,1.29300000,1.31900000,1.25100000,1.29100000,80421836.40000000,103117575.31770000,191252
2022-01-16,1.29200000,1.42200000,1.28600000,1.41000000,247977037.40000000,342364572.29180000,615823
2022-01-17,1.41100000,1.60700000,1.38600000,1.60300000,545675409.10000000,823631436.93410000,1530274
2022-01-18,1.60200000,1.63800000,1.41100000,1.45800000,455949108.30000000,689115056.27620000,1169456
2022-01-19,1.45800000,1.53400000,1.32600000,1.33700000,329948716.40000000,466337970.56220000,762741
2022-01-20,1.33600000,1.42700000,1.25100000,1.25900000,261063307.30000000,352149336.05050000,566966
2022-01-21,1.25900000,1.28200000,1.10100000,1.12000000,408519522.40000000,489294165.13090000,780053
2022-01-22,1.12000000,1.15500000,0.91700000,1.07100000,554287709.12000000,587006937.36549000,1068717
2022-01-23,1.07100000,1.17000000,1.05100000,1.12400000,257147931.50000000,283676579.49820000,487710
2022-01-24,1.12400000,1.12500000,0.95100000,1.06500000,437410320.00000000,447077366.56550000,775867
2022-01-25,1.06600000,1.07400000,0.99100000,1.04300000,218828333.30000000,226342639.20710000,394458
2022-01-26,1.04300000,1.15700000,1.02200000,1.07700000,336503954.90000000,366773055.23600000,654579
2022-01-27,1.07800000,1.08000000,1.00400000,1.04200000,184762461.80000000,192138287.93210000,348731
2022-01-28,1.04200000,1.05900000,1.00800000,1.04800000,137690073.10000000,142445944.66390000,257649
2022-01-29,1.04900000,1.08400000,1.03700000,1.05900000,89531278.40000000,94893530.21240000,194659
2022-01-30,1.05900000,1.07700000,1.02400000,1.03500000,72352160.10000000,76033766.38120000,155872
2022-01-31,1.03500000,1.06000000,1.00600000,1.05100000,101218950.10000000,104454406.49580000,192580
2022-02-01,1.05200000,1.09600000,1.03400000,1.09600000,124526330.30000000,132239499.01620000,235302
2022-02-02,1.09600000,1.10300000,1.02200000,1.02700000,126857788.70000000,134518230.47350000,259307
2022-02-03,1.02700000,1.06200000,1.01600000,1.06100000,98542208.50000000,102202422.36260000,175684
2022-02-04,1.06100000,1.13900000,1.04500000,1.13800000,135205051.60000000,146202131.63450000,270244
2022-02-05,1.13800000,1.17800000,1.09700000,1.12500000,152710784.30000000,174120235.96210000,348245
2022-02-06,1.12500000,1.15000000,1.09700000,1.14300000,107099317.00000000,120397073.34130000,221871
2022-02-07,1.14200000,1.20900000,1.12500000,1.19900000,267801841.60000000,316342987.64770000,508239
2022-02-08,1.19800000,1.26300000,1.13300000,1.17600000,271657090.80000000,325233753.45430000,532963
2022-02-09,1.17600000,1.21500000,1.15200000,1.19500000,137109784.20000000,163081276.59010000,245675
2022-02-10,1.19400000,1.22500000,1.14300000,1.15000000,183604520.10000000,217359334.45660000,359090
2022-02-11,1.15000000,1.16400000,1.06800000,1.07900000,131818725.20000000,149139853.84640000,247139
2022-02-12,1.07900000,1.09200000,1.02900000,1.05900000,149173437.20000000,158161972.99250000,234429
2022-02-13,1.05800000,1.07600000,1.03200000,1.04200000,99247994.00000000,104644114.85350000,151375
2022-02-14,1.04300000,1.05500000,1.01800000,1.04900000,138982742.30000000,144076429.13320000,179063
2022-02-15,1.05000000,1.11500000,1.04900000,1.10700000,153934616.30000000,167359595.19250000,217645
2022-02-16,1.10800000,1.11200000,1.06600000,1.08200000,100925929.70000000,109865510.98800000,165005
2022-02-17,1.08300000,1.09400000,1.00800000,1.02000000,114535761.90000000,120519433.26960000,193074
2022-02-18,1.01900000,1.04300000,0.98300000,0.99500000,133614248.40000000,135340040.63690000,197322
2022-02-19,0.99600000,1.01900000,0.97300000,0.99600000,92102940.70000000,91691271.91420000,143588
2022-02-20,0.99700000,0.99800000,0.91900000,0.93100000,156774619.10000000,148159415.55950000,209970
2022-02-21,0.93100000,0.99300000,0.85100000,0.85600000,283488504.31000000,262678267.43904600,359675
2022-02-22,0.85600000,0.89700000,0.81300000,0.88800000,264842040.57000000,226538695.65487400,305066
2022-02-23,0.88800000,0.96000000,0.86300000,0.86600000,237719675.90000000,217317574.21340000,293901
2022-02-24,0.86600000,0.89900000,0.74600000,0.85300000,560130978.58000000,450115675.74159100,622428
2022-02-25,0.85200000,0.91000000,0.82300000,0.89800000,210840757.40000000,182133681.22250000,277084
2022-02-26,0.89800000,0.93000000,0.88100000,0.88700000,142052119.70000000,128478270.23740000,180449
2022-02-27,0.88600000,0.91500000,0.83200000,0.85600000,162004634.90000000,141268322.63670000,205762
2022-02-28,0.85700000,0.97000000,0.84200000,0.96200000,227929558.70000000,206628176.27530000,326839
2022-03-01,0.96200000,1.01100000,0.93900000,0.96300000,234764266.60000000,227552504.56080000,333114
2022-03-02,0.96400000,0.97700000,0.92700000,0.93900000,149491898.80000000,142500770.67190000,226130
2022-03-03,0.93800000,0.94600000,0.88300000,0.90300000,114772747.90000000,104789950.51440000,155893
2022-03-04,0.90200000,0.90300000,0.82600000,0.84400000,147015719.30000000,127682736.98680000,193685
2022-03-05,0.84400000,0.88300000,0.81800000,0.86400000,78739554.50000000,67279606.74730000,117390
2022-03-06,0.86500000,0.87200000,0.81900000,0.82300000,76546559.40000000,64450087.98140000,105508
2022-03-07,0.82200000,0.84700000,0.77700000,0.79300000,132873670.60000000,108036356.99150000,159877
2022-03-08,0.79300000,0.82100000,0.78700000,0.80200000,124187499.50000000,99745823.84820000,134552
2022-03-09,0.80200000,0.86300000,0.79900000,0.84900000,114971836.50000000,96603126.37410000,143262
2022-03-10,0.84900000,0.85400000,0.78500000,0.80700000,115081098.30000000,93120654.85340000,129266
2022-03-11,0.80600000,0.81900000,0.78200000,0.78800000,101514757.70000000,80994331.77120000,108396
2022-03-12,0.78800000,0.80200000,0.78600000,0.78900000,50466434.40000000,40094234.34810000,58866
2022-03-13,0.78900000,0.82100000,0.78000000,0.78600000,88733691.20000000,70913375.73300000,103707
2022-03-14,0.78700000,0.81600000,0.77600000,0.80200000,104141955.40000000,83119494.67670000,120976
2022-03-15,0.80300000,0.81700000,0.78100000,0.80000000,95462205.50000000,76242142.12160000,110291
2022-03-16,0.80000000,0.84000000,0.79200000,0.83800000,160796978.50000000,130862784.24820000,189728
2022-03-17,0.83900000,0.85800000,0.82700000,0.83500000,106462948.20000000,89780881.35190000,129730
2022-03-18,0.83500000,0.86000000,0.82000000,0.85100000,82865732.30000000,69473720.72520000,105638
2022-03-19,0.85100000,0.91600000,0.85000000,0.90300000,114266368.80000000,101043393.85960000,196393
2022-03-20,0.90200000,0.91600000,0.86400000,0.87900000,93008770.90000000,82605912.68870000,155886
2022-03-21,0.87900000,0.93000000,0.86300000,0.91700000,115815047.20000000,104344596.32650000,198250
2022-03-22,0.91700000,0.98800000,0.90700000,0.97500000,172058469.40000000,164577626.02880000,280866
2022-03-23,0.97500000,1.11000000,0.95700000,1.10800000,362447245.10000000,376836453.72380000,645078
2022-03-24,1.10800000,1.19000000,1.07600000,1.13100000,390982460.00000000,445651286.52840000,702338
2022-03-25,1.13000000,1.16700000,1.07200000,1.09600000,290456883.70000000,324802638.26710000,506738
2022-03-26,1.09600000,1.16000000,1.07900000,1.15200000,143117986.10000000,161024339.18000000,271206
2022-03-27,1.15200000,1.18600000,1.10400000,1.18400000,135043361.80000000,154469498.28350000,261245
2022-03-28,1.18400000,1.24600000,1.15700000,1.17000000,261105698.60000000,313807434.48560000,517027
2022-03-29,1.17000000,1.24300000,1.16600000,1.19100000,180298618.00000000,217154215.41500000,341275
2022-03-30,1.19100000,1.21800000,1.16100000,1.18900000,146032640.30000000,173764772.78650000,233353
2022-03-31,1.18900000,1.22800000,1.13300000,1.14100000,177164788.10000000,209017789.90700000,307148
2022-04-01,1.14100000,1.17500000,1.10400000,1.16500000,191221298.90000000,218746166.90280000,274430
2022-04-02,1.16500000,1.19500000,1.14500000,1.15500000,107106263.90000000,125668411.16320000,204659
2022-04-03,1.15600000,1.20000000,1.14200000,1.18600000,78660058.30000000,92317779.56350000,149109
2022-04-04,1.18600000,1.24500000,1.16000000,1.21200000,253235570.30000000,304882047.67270000,472893
2022-04-05,1.21200000,1.21900000,1.16300000,1.17100000,108831679.50000000,130155835.15920000,204197
2022-04-06,1.17000000,1.17300000,1.04700000,1.05200000,206766772.70000000,229948472.48430000,353472
2022-04-07,1.05200000,1.10100000,1.03800000,1.08900000,99287570.50000000,106736899.88680000,173322
2022-04-08,1.08900000,1.10000000,1.01900000,1.02400000,88048109.30000000,93952128.17170000,143736
2022-04-09,1.02500000,1.04700000,1.02100000,1.04500000,49693999.10000000,51363885.97100000,77809
2022-04-10,1.04400000,1.07000000,1.02300000,1.02700000,51995282.70000000,54357960.73170000,92974
2022-04-11,1.02600000,1.03300000,0.91700000,0.92000000,159034131.60000000,154099625.61970000,236922
2022-04-12,0.91900000,0.98200000,0.91500000,0.95500000,115179052.50000000,109425977.48800000,167562
2022-04-13,0.95400000,0.98100000,0.93400000,0.97400000,83269578.60000000,79890065.97980000,112129
2022-04-14,0.97400000,0.98500000,0.92300000,0.93300000,84093379.20000000,80111053.20670000,118462
2022-04-15,0.93300000,0.95900000,0.92900000,0.95600000,42541809.70000000,40346404.52140000,64036
2022-04-16,0.95500000,0.96200000,0.93700000,0.95100000,36809858.40000000,34998947.70040000,55559
2022-04-17,0.95000000,0.96300000,0.91200000,0.91400000,42819442.00000000,40310611.73530000,68140
2022-04-18,0.91400000,0.93900000,0.87400000,0.93700000,118870539.60000000,107348406.18140000,157240
2022-04-19,0.93600000,0.95700000,0.92700000,0.95200000,75432689.70000000,70879191.94390000,95583
2022-04-20,0.95200000,0.97600000,0.93000000,0.93700000,93644303.60000000,89151003.94770000,125231
2022-04-21,0.93700000,0.97100000,0.89100000,0.91000000,105007978.40000000,98683813.64590000,150741
2022-04-22,0.91000000,0.92400000,0.89100000,0.90600000,82391016.70000000,74969570.34520000,96782
2022-04-23,0.90600000,0.91300000,0.88100000,0.88600000,34559067.50000000,30978218.32970000,56634
2022-04-24,0.88600000,0.89900000,0.87700000,0.88600000,49191017.00000000,43699800.47420000,70622
2022-04-25,0.88500000,0.90390000,0.82610000,0.89740000,171944524.50000000,148027393.73861000,277318
2022-04-26,0.89750000,0.90300000,0.81500000,0.82590000,176710067.00000000,151087067.46235000,273090
2022-04-27,0.82580000,0.85620000,0.81870000,0.84010000,148780516.90000000,124685106.18968000,234750
2022-04-28,0.84010000,0.85260000,0.82580000,0.84320000,134885232.90000000,113478674.58921000,189397
2022-04-29,0.84320000,0.84950000,0.78910000,0.80480000,139320128.30000000,113905864.56138000,193102
2022-04-30,0.80500000,0.81790000,0.73510000,0.75560000,147364161.34000000,115290631.74037000,209037
2022-05-01,0.75550000,0.80020000,0.74510000,0.78950000,137793227.30000000,106582681.54010000,207348
2022-05-02,0.78940000,0.79680000,0.76360000,0.78090000,128907016.80000000,100687424.37431000,191863
2022-05-03,0.78080000,0.79940000,0.76050000,0.77110000,96429722.50000000,75410127.88362000,144918
2022-05-04,0.77120000,0.89920000,0.76770000,0.89850000,256649760.00000000,213655126.17362000,413280
2022-05-05,0.89860000,0.90580000,0.77160000,0.78840000,364970629.30000000,304513975.74832000,574367
2022-05-06,0.78840000,0.79970000,0.76250000,0.78320000,244058670.20000000,191381224.54187000,367204
2022-05-07,0.78320000,0.78580000,0.74670000,0.76040000,126808896.00000000,97951871.70325000,173806
2022-05-08,0.76050000,0.76630000,0.72540000,0.74030000,175139530.39000000,130209850.91065200,236153
2022-05-09,0.74040000,0.75420000,0.59760000,0.60190000,472342566.94000000,315923785.34239200,741784
2022-05-10,0.60250000,0.70100000,0.58330000,0.62860000,436850308.60000000,283217801.10111000,751497
2022-05-11,0.62860000,0.66310000,0.47270000,0.51870000,623456066.51000000,361445760.60107500,1045207
2022-05-12,0.51860000,0.55080000,0.40190000,0.47330000,815465798.46000000,375840228.05598600,1165637
2022-05-13,0.47330000,0.60940000,0.46890000,0.52900000,458070252.80000000,253922648.53897000,695710
2022-05-14,0.52890000,0.55720000,0.48880000,0.53720000,253441055.60000000,132311337.37410000,422322
2022-05-15,0.53740000,0.59990000,0.51480000,0.59810000,195264575.40000000,108585670.20941000,327792
2022-05-16,0.59820000,0.61460000,0.54440000,0.55690000,280903516.10000000,159793334.64289000,465282
2022-05-17,0.55690000,0.59990000,0.55110000,0.57780000,178084619.60000000,102370872.29060000,315535
2022-05-18,0.57760000,0.58630000,0.50260000,0.50590000,203077123.90000000,109204097.70007000,325319
2022-05-19,0.50590000,0.54670000,0.49170000,0.53340000,205816006.70000000,107511001.86500000,310518
2022-05-20,0.53340000,0.54500000,0.50120000,0.51620000,174293262.60000000,91285754.18405000,258211
2022-05-21,0.51620000,0.53880000,0.50860000,0.52860000,85487336.00000000,45014383.53085000,134493
2022-05-22,0.52860000,0.54880000,0.52190000,0.54160000,104514258.80000000,56137371.78749000,149250
2022-05-23,0.54160000,0.55950000,0.50390000,0.51340000,189427959.80000000,101951558.22317000,271571
2022-05-24,0.51330000,0.52550000,0.49270000,0.52190000,170905795.60000000,87550942.76270000,177961
2022-05-25,0.52180000,0.53280000,0.50710000,0.51460000,133554250.30000000,69046651.59821000,145961
2022-05-26,0.51450000,0.52100000,0.46140000,0.47890000,243664954.10000000,119303698.33202000,255129
2022-05-27,0.47880000,0.48390000,0.44540000,0.45660000,268406015.60000000,123982040.01051000,278146
2022-05-28,0.45660000,0.46930000,0.44810000,0.46460000,105935970.40000000,48699017.69142000,111150
2022-05-29,0.46460000,0.48270000,0.45590000,0.48200000,88626528.90000000,41608754.06332000,97923
2022-05-30,0.48190000,0.57770000,0.47720000,0.56980000,259278313.40000000,137534136.01408000,322644
2022-05-31,0.56980000,0.68930000,0.56780000,0.62680000,663619489.70000000,419357527.62486000,1006434
2022-06-01,0.62660000,0.63140000,0.53590000,0.55160000,355477399.60000000,207077770.67488000,455720
2022-06-02,0.55170000,0.59810000,0.54870000,0.58710000,306125734.20000000,175597999.00685000,410361
2022-06-03,0.58720000,0.60550000,0.53900000,0.56000000,206257910.90000000,116992848.81495000,300561
2022-06-04,0.56000000,0.57180000,0.54490000,0.56650000,108779268.90000000,60846034.84104000,166996
2022-06-05,0.56660000,0.58080000,0.55380000,0.56740000,95277593.60000000,54027559.10099000,126913
2022-06-06,0.56750000,0.64720000,0.56510000,0.60910000,341502376.80000000,210111671.92015000,453386
2022-06-07,0.60910000,0.64500000,0.57150000,0.61410000,338812294.70000000,205352604.40458000,471354
2022-06-08,0.61400000,0.66960000,0.60870000,0.64080000,394267374.70000000,253883949.48087000,581779
2022-06-09,0.64070000,0.65790000,0.62580000,0.63230000,192310885.50000000,123401495.81414000,282642
2022-06-10,0.63230000,0.63610000,0.57000000,0.57440000,272263844.10000000,162542356.57568000,358386
2022-06-11,0.57440000,0.61750000,0.54300000,0.55400000,300758115.70000000,172700700.11280000,374455
2022-06-12,0.55410000,0.56100000,0.48930000,0.49040000,397530507.90000000,206803633.39901000,469363
2022-06-13,0.49040000,0.49850000,0.43660000,0.46440000,761583537.40000000,352962846.74877000,852871
2022-06-14,0.46420000,0.52000000,0.43690000,0.48310000,609069303.40000000,294811430.56791000,744052
2022-06-15,0.48310000,0.53930000,0.44830000,0.53480000,628287744.00000000,303575079.58861000,794143
2022-06-16,0.53470000,0.54720000,0.46730000,0.47620000,360176076.10000000,180247004.87872000,447662
2022-06-17,0.47620000,0.50400000,0.47170000,0.48720000,221261441.40000000,108323356.32765000,268808
2022-06-18,0.48710000,0.49530000,0.42060000,0.45490000,383466178.70000000,174806284.46655000,434016
2022-06-19,0.45480000,0.49000000,0.43590000,0.48480000,304390171.70000000,140851798.29959000,352806
2022-06-20,0.48490000,0.50880000,0.46130000,0.49150000,309797825.10000000,150592838.51178000,373869
2022-06-21,0.49150000,0.51140000,0.47510000,0.48130000,269304587.00000000,133582879.81690000,336782
2022-06-22,0.48130000,0.48150000,0.45590000,0.45940000,203592970.70000000,95339778.91015000,235107
2022-06-23,0.45940000,0.48310000,0.45630000,0.48000000,160787911.20000000,75878540.69780000,175347
2022-06-24,0.48000000,0.50970000,0.47620000,0.49810000,241562561.80000000,119934896.12403000,274333
2022-06-25,0.49820000,0.50780000,0.47830000,0.49840000,142417111.70000000,70381037.05771000,168307
2022-06-26,0.49850000,0.52600000,0.48850000,0.48990000,211856675.90000000,107772457.29959000,249977
2022-06-27,0.48990000,0.50880000,0.47560000,0.48560000,157303921.40000000,77606254.36506000,179939
2022-06-28,0.48550000,0.49750000,0.46710000,0.46940000,163559982.80000000,78948406.06234000,186022
2022-06-29,0.46930000,0.47720000,0.45880000,0.46620000,166130162.20000000,77773512.88053000,171783
2022-06-30,0.46620000,0.46770000,0.43520000,0.45990000,212174584.90000000,95075676.72616000,216004
2022-07-01,0.45990000,0.47500000,0.44270000,0.44870000,182788187.10000000,83081567.68070000,182713
2022-07-02,0.44870000,0.46170000,0.44080000,0.45590000,109165380.70000000,49191448.48722000,103433
2022-07-03,0.45580000,0.46000000,0.44360000,0.45610000,90832805.90000000,41041921.16475000,92146
2022-07-04,0.45600000,0.47650000,0.44450000,0.46950000,196991430.20000000,90547253.01091000,184438
2022-07-05,0.46950000,0.47170000,0.44470000,0.45710000,171538047.70000000,78479359.61598000,159310
2022-07-06,0.45710000,0.46560000,0.44700000,0.46230000,139221841.00000000,63728969.98517000,126851
2022-07-07,0.46230000,0.48270000,0.46090000,0.47760000,142206515.10000000,66929708.46981000,131996
2022-07-08,0.47750000,0.49300000,0.46000000,0.46610000,170807637.30000000,80808813.22228000,180769
2022-07-09,0.46610000,0.48490000,0.46530000,0.47800000,100774030.70000000,48163760.13868000,116114
2022-07-10,0.47810000,0.47980000,0.45520000,0.46240000,115262368.10000000,53751291.74261000,109497
2022-07-11,0.46250000,0.46280000,0.43160000,0.43470000,162045832.10000000,72500824.71716000,165486
2022-07-12,0.43470000,0.44250000,0.41560000,0.41710000,139595801.60000000,60188310.95787000,132808
2022-07-13,0.41710000,0.44220000,0.40230000,0.43830000,265120837.40000000,111631781.47776000,219814
2022-07-14,0.43830000,0.44650000,0.41700000,0.44160000,208166850.30000000,89817605.08748000,161281
2022-07-15,0.44170000,0.45360000,0.43260000,0.44210000,187707381.70000000,82956659.08532000,149271
2022-07-16,0.44210000,0.45910000,0.43160000,0.45780000,147996093.00000000,66098071.70082000,132608
2022-07-17,0.45780000,0.46600000,0.44210000,0.44780000,153582187.80000000,69559410.06062000,137153
2022-07-18,0.44780000,0.49980000,0.44570000,0.49040000,383712607.40000000,184055804.57396000,353973
2022-07-19,0.49040000,0.52600000,0.47330000,0.51520000,386358308.60000000,192345105.51031000,391077
2022-07-20,0.51520000,0.54870000,0.48680000,0.49100000,389779718.70000000,202518393.71977000,408063
2022-07-21,0.49100000,0.50230000,0.47560000,0.49930000,261898181.10000000,127916182.75465000,247529
2022-07-22,0.49940000,0.51140000,0.47700000,0.48280000,200329666.40000000,99432126.04535000,196336
2022-07-23,0.48270000,0.51860000,0.47300000,0.51700000,199660186.40000000,98131475.97387000,207295
2022-07-24,0.51710000,0.53680000,0.50950000,0.51200000,233306136.50000000,121580637.36585000,271496
2022-07-25,0.51200000,0.51540000,0.47410000,0.47520000,200850290.90000000,98894494.41509000,218306
2022-07-26,0.47520000,0.47740000,0.45100000,0.46770000,213068947.50000000,98785176.07476000,205216
2022-07-27,0.46780000,0.51220000,0.45880000,0.51110000,290166822.00000000,140072070.82494000,311114
2022-07-28,0.51120000,0.52420000,0.48850000,0.51300000,306444781.50000000,155541635.45628000,319326
2022-07-29,0.51310000,0.54540000,0.50640000,0.52180000,320668702.70000000,168837048.55654000,391235
2022-07-30,0.52190000,0.55600000,0.50900000,0.52630000,271896568.20000000,144247588.63467000,306837
2022-07-31,0.52630000,0.54430000,0.51250000,0.51610000,174783511.50000000,92491106.76508000,199465
2022-08-01,0.51610000,0.52620000,0.50070000,0.51240000,158798003.70000000,81478272.91282000,174209
2022-08-02,0.51250000,0.51550000,0.48860000,0.49630000,182796003.40000000,91142608.34405000,214245
2022-08-03,0.49630000,0.51670000,0.48900000,0.50050000,124963960.70000000,63277801.14024000,157109
2022-08-04,0.50060000,0.51120000,0.49340000,0.49970000,102892954.20000000,51580016.92275000,135059
2022-08-05,0.49980000,0.51930000,0.49930000,0.51740000,112189883.60000000,57290535.29879000,134823
2022-08-06,0.51740000,0.52340000,0.51000000,0.51120000,78090180.30000000,40367066.54263000,89111
2022-08-07,0.51140000,0.53850000,0.50630000,0.52760000,111026235.80000000,58035923.63015000,129702
2022-08-08,0.52760000,0.54960000,0.52300000,0.53710000,161524833.40000000,86914353.50489000,180884
2022-08-09,0.53710000,0.53740000,0.50570000,0.51290000,143030490.20000000,74616854.75601000,153935
2022-08-10,0.51280000,0.53890000,0.50200000,0.53740000,168972340.20000000,88680355.87196000,192209
2022-08-11,0.53740000,0.54760000,0.52860000,0.53030000,155468308.40000000,83894273.25094000,175859
2022-08-12,0.53020000,0.54200000,0.52050000,0.54020000,106913181.80000000,56798284.45327000,120804
2022-08-13,0.54030000,0.56770000,0.53780000,0.55930000,193063122.50000000,107428365.93251000,235604
2022-08-14,0.55920000,0.59480000,0.55670000,0.56950000,236011611.20000000,136834261.48160000,286026
2022-08-15,0.56950000,0.58240000,0.54270000,0.54990000,190761668.90000000,106781679.52693000,216862
2022-08-16,0.54990000,0.57040000,0.54750000,0.55700000,146450653.20000000,81971962.43651000,177475
2022-08-17,0.55690000,0.58340000,0.53040000,0.53840000,234245028.00000000,129841944.08433000,276728
2022-08-18,0.53840000,0.54410000,0.50750000,0.51190000,132313932.30000000,70289325.27204000,152702
2022-08-19,0.51190000,0.51210000,0.44610000,0.45000000,328230521.10000000,155307737.89319000,321047
2022-08-20,0.44990000,0.46320000,0.43470000,0.45080000,211122393.30000000,95611356.93429000,187026
2022-08-21,0.45080000,0.47260000,0.44680000,0.46260000,169047210.70000000,77737680.83962000,148360
2022-08-22,0.46270000,0.46320000,0.43740000,0.46150000,189193918.60000000,85333908.79942000,162911
2022-08-23,0.46140000,0.47000000,0.44570000,0.46580000,124261125.90000000,56977430.74636000,130366
2022-08-24,0.46590000,0.46910000,0.45360000,0.45780000,103361101.60000000,47594285.66466000,108955
2022-08-25,0.45780000,0.47410000,0.45740000,0.46450000,119929958.00000000,55717466.58755000,112831
2022-08-26,0.46450000,0.48200000,0.42570000,0.43160000,375988353.50000000,173588167.68118000,326545
2022-08-27,0.43150000,0.45140000,0.42580000,0.44990000,188501508.50000000,82887367.56263000,167683
2022-08-28,0.44980000,0.45440000,0.42740000,0.42930000,131217761.80000000,58095473.22378000,126151
2022-08-29,0.42930000,0.45300000,0.42360000,0.45040000,144932469.00000000,63485522.36355000,128018
2022-08-30,0.45030000,0.46280000,0.43850000,0.45310000,153120426.80000000,68971751.04596000,158497
2022-08-31,0.45310000,0.46310000,0.44460000,0.44620000,115611898.10000000,52745269.16891000,143809
2022-09-01,0.44610000,0.46240000,0.44070000,0.45750000,126696718.00000000,57008792.40598000,136951
2022-09-02,0.45750000,0.46650000,0.44870000,0.45430000,106798749.50000000,48875892.80117000,113867
2022-09-03,0.45440000,0.48600000,0.45350000,0.48030000,182225091.70000000,86357210.97233000,198189
2022-09-04,0.48030000,0.51000000,0.47560000,0.50350000,199924106.30000000,99202273.65332000,214052
2022-09-05,0.50350000,0.50760000,0.48260000,0.49840000,141753954.40000000,69731932.30549000,159657
2022-09-06,0.49850000,0.51220000,0.45920000,0.46250000,233944338.00000000,114451828.27769000,267081
2022-09-07,0.46250000,0.48210000,0.45360000,0.47870000,139305299.90000000,64906839.20856000,147638
2022-09-08,0.47870000,0.48310000,0.46270000,0.47900000,113848178.50000000,53876187.84744000,123035
2022-09-09,0.47910000,0.50500000,0.47830000,0.50220000,179504511.20000000,88451502.73630000,189194
2022-09-10,0.50220000,0.52420000,0.49450000,0.51210000,194060696.50000000,99626007.79046000,243238
2022-09-11,0.51210000,0.51990000,0.50000000,0.50980000,129240731.50000000,66100249.60976000,140891
2022-09-12,0.50980000,0.51970000,0.49580000,0.50120000,168685217.50000000,85772065.76690000,181094
2022-09-13,0.50130000,0.50900000,0.46120000,0.46350000,232872260.60000000,112412238.59918000,245788
2022-09-14,0.46350000,0.48710000,0.46200000,0.48090000,139528796.30000000,66491294.49240000,154898
2022-09-15,0.48070000,0.48200000,0.46190000,0.46620000,131971420.40000000,62202501.32577000,167604
2022-09-16,0.46620000,0.47470000,0.45400000,0.47460000,102993446.90000000,47695896.31466000,105894
2022-09-17,0.47460000,0.48830000,0.47230000,0.48590000,100281140.50000000,48108806.27672000,110117
2022-09-18,0.48590000,0.49040000,0.44030000,0.44770000,128727598.10000000,60081473.98981000,158464
2022-09-19,0.44770000,0.45700000,0.43320000,0.45270000,182324362.80000000,80666453.53299000,164372
2022-09-20,0.45270000,0.45450000,0.43730000,0.44220000,107529839.90000000,47790848.64453000,103395
2022-09-21,0.44230000,0.46450000,0.43130000,0.43890000,285433830.30000000,127818721.37836000,283263
2022-09-22,0.43880000,0.46660000,0.43430000,0.45840000,155204297.30000000,70261926.87895000,156812
2022-09-23,0.45830000,0.48250000,0.44600000,0.46180000,210001077.30000000,96724525.74195000,231666
2022-09-24,0.46190000,0.46890000,0.45040000,0.45110000,122469926.20000000,56445824.83188000,127076
2022-09-25,0.45100000,0.46280000,0.43850000,0.44640000,112039917.90000000,50602220.32025000,102352
2022-09-26,0.44620000,0.45070000,0.43650000,0.44730000,125876450.80000000,55919382.66375000,115519
2022-09-27,0.44730000,0.46330000,0.43730000,0.44110000,148327423.10000000,67019502.96120000,138569
2022-09-28,0.44140000,0.44310000,0.42510000,0.43610000,126497310.30000000,54812532.98835000,121485
2022-09-29,0.43620000,0.43940000,0.42770000,0.43810000,120381859.10000000,52239546.20642000,104043
2022-09-30,0.43820000,0.44150000,0.42930000,0.43470000,120942156.50000000,52581142.20206000,104996
2022-10-01,0.43460000,0.43640000,0.42750000,0.43000000,61750878.70000000,26665782.65754000,51688
2022-10-02,0.43010000,0.43280000,0.41760000,0.41940000,79897439.70000000,33983983.25115000,75358
2022-10-03,0.41950000,0.42880000,0.41580000,0.42760000,97901531.30000000,41492690.08411000,80871
2022-10-04,0.42760000,0.43770000,0.42530000,0.43550000,89193827.30000000,38559189.53850000,73491
2022-10-05,0.43560000,0.43670000,0.42360000,0.43090000,86070134.70000000,37012701.03207000,72720
2022-10-06,0.43090000,0.43700000,0.42550000,0.42880000,87385034.10000000,37708789.54476000,73846
2022-10-07,0.42880000,0.43040000,0.42150000,0.42400000,85765776.00000000,36466183.75028000,76187
2022-10-08,0.42390000,0.42710000,0.41880000,0.42190000,57044040.10000000,24194790.76935000,61876
2022-10-09,0.42190000,0.42420000,0.41900000,0.42300000,50765905.10000000,21434773.50635000,55189
2022-10-10,0.42300000,0.42680000,0.39820000,0.40120000,108015329.80000000,44710373.66407200,102036
2022-10-11,0.40110000,0.40160000,0.38370000,0.39080000,157186233.63000000,62076335.42620500,132746
2022-10-12,0.39070000,0.39540000,0.37600000,0.38140000,100681651.00000000,39030321.52969000,88106
2022-10-13,0.38140000,0.38240000,0.34900000,0.37680000,269611367.28000000,99007956.02859000,204294
2022-10-14,0.37690000,0.38900000,0.36060000,0.36670000,135534544.80000000,51320624.20952000,111634
2022-10-15,0.36670000,0.37000000,0.36120000,0.36410000,62954187.60000000,23042598.66514000,56049
2022-10-16,0.36410000,0.37490000,0.36380000,0.37030000,61182203.20000000,22511636.86224000,53629
2022-10-17,0.37030000,0.37580000,0.36600000,0.37230000,66215062.20000000,24553623.25310000,56666
2022-10-18,0.37240000,0.37430000,0.35690000,0.36240000,95363501.10000000,34914456.16932000,79683
2022-10-19,0.36240000,0.36240000,0.34700000,0.34970000,92329214.70000000,32868771.34509000,75085
2022-10-20,0.34960000,0.35570000,0.33640000,0.34020000,111680559.00000000,38777486.86413000,89027
2022-10-21,0.34020000,0.34990000,0.33000000,0.34920000,127159385.38000000,43236898.51478400,97703
2022-10-22,0.34920000,0.35440000,0.34300000,0.35130000,71962552.00000000,25145674.28437000,58566
2022-10-23,0.35130000,0.36380000,0.34600000,0.36210000,85104357.90000000,30126571.95587000,71166
2022-10-24,0.36210000,0.36520000,0.35330000,0.35730000,92438606.20000000,33254095.74412000,74681
2022-10-25,0.35720000,0.41730000,0.35690000,0.40000000,319472649.00000000,125674457.88564000,300765
2022-10-26,0.40010000,0.41220000,0.39450000,0.40300000,197702684.60000000,79697606.04520000,193617
2022-10-27,0.40300000,0.41940000,0.38610000,0.38840000,170796279.10000000,68868223.54686000,174202
2022-10-28,0.38840000,0.41150000,0.37770000,0.40440000,139227634.20000000,54818936.08623000,137492
2022-10-29,0.40440000,0.44000000,0.40080000,0.42000000,200912371.40000000,84004083.80894000,209662
2022-10-30,0.42010000,0.42160000,0.39810000,0.40560000,117123022.00000000,48145501.28376000,128298
2022-10-31,0.40570000,0.41630000,0.39750000,0.40550000,122659161.80000000,49795540.26494000,132386
2022-11-01,0.40550000,0.41540000,0.39850000,0.40110000,88819285.60000000,36132384.30770000,94595
2022-11-02,0.40120000,0.40930000,0.38000000,0.38560000,168322996.70000000,66511031.36371000,177619
2022-11-03,0.38560000,0.39920000,0.38420000,0.38950000,90983702.80000000,35806496.74730000,100272
2022-11-04,0.38940000,0.42630000,0.38810000,0.42160000,233382097.90000000,96007453.61550000,216798
2022-11-05,0.42160000,0.43780000,0.42000000,0.42640000,165672546.70000000,70942285.96970000,174930
2022-11-06,0.42630000,0.43100000,0.40140000,0.40210000,112501696.20000000,47162331.74329000,131491
2022-11-07,0.40210000,0.41610000,0.39750000,0.40410000,138637231.90000000,56358873.26129000,144459
2022-11-08,0.40400000,0.41560000,0.34630000,0.37220000,379698137.70000000,145571726.14185000,442925
2022-11-09,0.37210000,0.37660000,0.31000000,0.31750000,397998672.00000000,139680206.32556000,478567
2022-11-10,0.31740000,0.37930000,0.31190000,0.36870000,361917813.60000000,127859718.47873000,490420
2022-11-11,0.36880000,0.37410000,0.34200000,0.35560000,191115121.10000000,68232522.26415000,240769
2022-11-12,0.35570000,0.35690000,0.33620000,0.33970000,118816381.90000000,40857174.32607000,135497
2022-11-13,0.33970000,0.34530000,0.32510000,0.32980000,146747692.70000000,49125239.85673000,169130
2022-11-14,0.32990000,0.34190000,0.31420000,0.33230000,180688535.90000000,59145613.82235000,229414
2022-11-15,0.33220000,0.34490000,0.32920000,0.33730000,103952732.70000000,35089708.27033000,117802
2022-11-16,0.33730000,0.34430000,0.32370000,0.33200000,102897046.50000000,34283678.93925000,109019
2022-11-17,0.33200000,0.33450000,0.31860000,0.32500000,75533614.50000000,24578226.32022000,86816
2022-11-18,0.32510000,0.33250000,0.32060000,0.32600000,80892957.70000000,26509239.61893000,79339
2022-11-19,0.32600000,0.33220000,0.32130000,0.32800000,49281576.10000000,16051787.43165000,61811
2022-11-20,0.32800000,0.33120000,0.31000000,0.31200000,87909126.70000000,28100507.99389000,98580
2022-11-21,0.31200000,0.31330000,0.29530000,0.30460000,162743368.09000000,49635263.83234100,158825
2022-11-22,0.30460000,0.31690000,0.29820000,0.31260000,119265124.30000000,36734548.01708000,119038
2022-11-23,0.31260000,0.32040000,0.30930000,0.31850000,130172804.60000000,41071372.01836000,114714
2022-11-24,0.31850000,0.32130000,0.31160000,0.31630000,77452139.60000000,24485083.30959000,71156
2022-11-25,0.31620000,0.31730000,0.30730000,0.31460000,81668650.30000000,25530440.73286000,67451
2022-11-26,0.31470000,0.32280000,0.31090000,0.31380000,66377188.00000000,21086337.98002000,67347
2022-11-27,0.31380000,0.31960000,0.31140000,0.31260000,50910598.20000000,16108318.83643000,53498
2022-11-28,0.31260000,0.31390000,0.30000000,0.30660000,118919688.10000000,36327273.86126000,101855
2022-11-29,0.30660000,0.31280000,0.30420000,0.30920000,63045432.90000000,19488880.01456000,60043
2022-11-30,0.30930000,0.32090000,0.30840000,0.31870000,103696273.30000000,32673410.81614000,98864
2022-12-01,0.31860000,0.32000000,0.31250000,0.31450000,69894876.10000000,22092331.38627000,66918
2022-12-02,0.31440000,0.32000000,0.31060000,0.31910000,62310109.40000000,19680755.30877000,68405
2022-12-03,0.31920000,0.32650000,0.31620000,0.31960000,88483029.80000000,28444511.32980000,75652
2022-12-04,0.31960000,0.32410000,0.31810000,0.32210000,58073868.40000000,18651173.88099000,54498
2022-12-05,0.32220000,0.32900000,0.31630000,0.31930000,68934870.60000000,22271877.70034000,67193
2022-12-06,0.31930000,0.32110000,0.31350000,0.31830000,54889434.10000000,17402842.34351000,59086
2022-12-07,0.31830000,0.31990000,0.30670000,0.31020000,80392338.00000000,25000761.50357000,68326
2022-12-08,0.31030000,0.31580000,0.30720000,0.31450000,55078149.30000000,17135098.53621000,45329
2022-12-09,0.31440000,0.31660000,0.30880000,0.31180000,50246553.90000000,15725182.94160000,47471
2022-12-10,0.31190000,0.31500000,0.31060000,0.31260000,23073305.70000000,7211506.52281000,23782
2022-12-11,0.31260000,0.31500000,0.30510000,0.30740000,38521495.30000000,11960293.98154000,35310
2022-12-12,0.30730000,0.30790000,0.30040000,0.30690000,59718587.90000000,18189907.88130000,51594
2022-12-13,0.30690000,0.31870000,0.29910000,0.31420000,125438617.50000000,38715909.18072000,98882
2022-12-14,0.31420000,0.31570000,0.30530000,0.30790000,91418405.60000000,28377028.14808000,74395
2022-12-15,0.30800000,0.30860000,0.29620000,0.30030000,88292967.30000000,26642862.92079000,64079
2022-12-16,0.30030000,0.30130000,0.25500000,0.26320000,218355848.50000000,61106298.13502300,176444
2022-12-17,0.26330000,0.26780000,0.25870000,0.26720000,164203460.70000000,43257420.03598000,120298
2022-12-18,0.26720000,0.27130000,0.26270000,0.26590000,90386512.20000000,24138629.78028000,55328
2022-12-19,0.26600000,0.26940000,0.24880000,0.25290000,109679881.16000000,28451460.05123000,73700
2022-12-20,0.25290000,0.26210000,0.25120000,0.25870000,79578969.40000000,20468913.64700000,53843
2022-12-21,0.25860000,0.25930000,0.24780000,0.25340000,93178931.70000000,23527156.52491000,57581
2022-12-22,0.25340000,0.25690000,0.24650000,0.25660000,78100191.40000000,19714944.87172000,46739
2022-12-23,0.25670000,0.26400000,0.25540000,0.25940000,74119327.50000000,19200654.61869000,46556
2022-12-24,0.25940000,0.26040000,0.25660000,0.25920000,32054310.50000000,8287131.30108000,22102
2022-12-25,0.25910000,0.25990000,0.25460000,0.25910000,46627019.20000000,12008927.16992000,28303
2022-12-26,0.25900000,0.26570000,0.25760000,0.26520000,61775474.30000000,16140480.49747000,35406
2022-12-27,0.26530000,0.26650000,0.25630000,0.26030000,59557924.70000000,15564607.25909000,36071
2022-12-28,0.26030000,0.26110000,0.24680000,0.24820000,115688916.70000000,29202569.65785000,58223
2022-12-29,0.24830000,0.24840000,0.23960000,0.24400000,119235796.60000000,29131442.01201000,63007
2022-12-30,0.24400000,0.24630000,0.23920000,0.24580000,77783257.00000000,18898369.31772000,43934
2022-12-31,0.24570000,0.25210000,0.24400000,0.24580000,66923069.10000000,16567527.42419000,34227
2023-01-01,0.24580000,0.25000000,0.24340000,0.24990000,49487029.50000000,12195300.86294000,26077
2023-01-02,0.24990000,0.25650000,0.24660000,0.25380000,75458284.60000000,19077666.03478000,41366
2023-01-03,0.25380000,0.25550000,0.25020000,0.25290000,71671057.10000000,18118088.32028000,35667
2023-01-04,0.25290000,0.27080000,0.25180000,0.26780000,148810996.50000000,39307216.21345000,81093
2023-01-05,0.26780000,0.27130000,0.26330000,0.26920000,81943632.60000000,21875835.63976000,50246
2023-01-06,0.26920000,0.27980000,0.26710000,0.27860000,171198727.60000000,46709200.59142000,91513
2023-01-07,0.27850000,0.28060000,0.27230000,0.27680000,72623368.20000000,20043246.99803000,43840
2023-01-08,0.27680000,0.29900000,0.27420000,0.29740000,196047722.80000000,56211406.76293000,115112
2023-01-09,0.29750000,0.34600000,0.29550000,0.31680000,405177005.90000000,130535883.67986000,289600
2023-01-10,0.31680000,0.32530000,0.30630000,0.32220000,184082448.10000000,58443335.34537000,111866
2023-01-11,0.32220000,0.32350000,0.30750000,0.32300000,144048586.50000000,45390642.83380000,93951
2023-01-12,0.32300000,0.33510000,0.31540000,0.32930000,248440812.50000000,80984073.16599000,160006
2023-01-13,0.32930000,0.35090000,0.32370000,0.34560000,150546494.00000000,50290558.79069000,132896
2023-01-14,0.34550000,0.36970000,0.33200000,0.35250000,288977177.50000000,102311533.60626000,269368
2023-01-15,0.35260000,0.35390000,0.33850000,0.35070000,132983094.30000000,46120700.65588000,111654
2023-01-16,0.35080000,0.36400000,0.33760000,0.35040000,156864828.50000000,55154485.19975000,135456
2023-01-17,0.35050000,0.35760000,0.34300000,0.34550000,101591352.20000000,35648563.00154000,96893
2023-01-18,0.34550000,0.35550000,0.32370000,0.32640000,170018857.20000000,57705260.14865000,158161
2023-01-19,0.32640000,0.34300000,0.32550000,0.33790000,80228314.70000000,26780825.48138000,72624
2023-01-20,0.33800000,0.36570000,0.33360000,0.36520000,130767450.60000000,45603264.59433000,114788
2023-01-21,0.36510000,0.38070000,0.35690000,0.36870000,228951787.00000000,84320415.92165000,195678
2023-01-22,0.36860000,0.38720000,0.36290000,0.37640000,205382044.00000000,77558380.58987000,184535
2023-01-23,0.37640000,0.38360000,0.36870000,0.37500000,168920181.80000000,63438244.67728000,147715
2023-01-24,0.37500000,0.38300000,0.35520000,0.35870000,111749419.50000000,41728216.60846000,107485
2023-01-25,0.35880000,0.37970000,0.34690000,0.37320000,125501560.20000000,45186532.40450000,122744
2023-01-26,0.37330000,0.38920000,0.37110000,0.37960000,152020632.10000000,57639690.96446000,134337
2023-01-27,0.37960000,0.39100000,0.36780000,0.38980000,112713613.30000000,42795611.93104000,104457
2023-01-28,0.38980000,0.39800000,0.37800000,0.38190000,119208593.20000000,46208585.48443000,108375
2023-01-29,0.38180000,0.39910000,0.37680000,0.39750000,102929204.60000000,40157767.99062000,99708
2023-01-30,0.39760000,0.39820000,0.36520000,0.37250000,134336665.00000000,51134971.00427000,124556
2023-01-31,0.37250000,0.39980000,0.36810000,0.39020000,156301183.00000000,59967794.67052000,136857
2023-02-01,0.39020000,0.40180000,0.37100000,0.39700000,162998963.90000000,62784020.14042000,176466
2023-02-02,0.39700000,0.41360000,0.39210000,0.39810000,179215658.30000000,72380820.23897000,185499
2023-02-03,0.39810000,0.40700000,0.39440000,0.40380000,112231580.70000000,45021086.33001000,110403
2023-02-04,0.40370000,0.40550000,0.39750000,0.39940000,69665961.00000000,28001934.44779000,67191
2023-02-05,0.39930000,0.40190000,0.38210000,0.39230000,104454046.00000000,40964679.72236000,99821
2023-02-06,0.39230000,0.40330000,0.37950000,0.38230000,110247851.90000000,43173103.61455000,103365
2023-02-07,0.38230000,0.39980000,0.38140000,0.39890000,107246776.80000000,41771566.35595000,104067
2023-02-08,0.39890000,0.40350000,0.38530000,0.39420000,92872527.40000000,36786726.66031000,89570
2023-02-09,0.39420000,0.39570000,0.35430000,0.36220000,151503834.40000000,57086936.96953000,147128
2023-02-10,0.36220000,0.36560000,0.35340000,0.35810000,104289819.10000000,37588836.43568000,101653
2023-02-11,0.35800000,0.37020000,0.35670000,0.36840000,55904954.90000000,20214834.50522000,53308
2023-02-12,0.36850000,0.37380000,0.35960000,0.36410000,57416092.20000000,21128707.77172000,60634
2023-02-13,0.36410000,0.36570000,0.34500000,0.35930000,114427322.00000000,40573133.72658000,113480
2023-02-14,0.35930000,0.39310000,0.35450000,0.38670000,156990175.90000000,58628401.20211000,149699
2023-02-15,0.38680000,0.42000000,0.38190000,0.41900000,151591225.30000000,59778979.44605000,154132
2023-02-16,0.41900000,0.42130000,0.38620000,0.38740000,174768994.00000000,70700360.39255000,178497
2023-02-17,0.38740000,0.40980000,0.38540000,0.40330000,123524213.60000000,49269938.14967000,122095
2023-02-18,0.40330000,0.41840000,0.39760000,0.40600000,89590271.50000000,36365358.17068000,84846
2023-02-19,0.40600000,0.41220000,0.39680000,0.39950000,98181230.10000000,39725311.70805000,108949
2023-02-20,0.39940000,0.40980000,0.38930000,0.40380000,116906377.70000000,47218475.77844000,115745
2023-02-21,0.40370000,0.40590000,0.38550000,0.39250000,119823429.00000000,47413672.78624000,110747
2023-02-22,0.39260000,0.39290000,0.37690000,0.38880000,123152287.00000000,47282477.88503000,111822
2023-02-23,0.38890000,0.39490000,0.37940000,0.38240000,81228997.50000000,31463531.76665000,83429
2023-02-24,0.38240000,0.38520000,0.35800000,0.36580000,136530140.70000000,50738363.87517000,127749
2023-02-25,0.36570000,0.36770000,0.35120000,0.36200000,93356389.80000000,33675461.15039000,80371
2023-02-26,0.36210000,0.37040000,0.35770000,0.36910000,62253729.40000000,22631805.59683000,57750
2023-02-27,0.36900000,0.37020000,0.35760000,0.36470000,71396733.70000000,25990074.91173000,71429
2023-02-28,0.36470000,0.36800000,0.34850000,0.35170000,76748794.60000000,27548861.71386000,86272
2023-03-01,0.35180000,0.36440000,0.34930000,0.36010000,67671797.70000000,24311805.19254000,75377
2023-03-02,0.36010000,0.36150000,0.34450000,0.35040000,81854576.80000000,28749147.23269000,78671
2023-03-03,0.35050000,0.35090000,0.32120000,0.34310000,163025922.00000000,54562645.84593000,139913
2023-03-04,0.34310000,0.34480000,0.33030000,0.33660000,56432771.90000000,19063925.61130000,53014
2023-03-05,0.33660000,0.34300000,0.33460000,0.33700000,53269370.70000000,18030471.34132000,53829
2023-03-06,0.33700000,0.33870000,0.32910000,0.33050000,72882197.20000000,24278531.64390000,62856
2023-03-07,0.33060000,0.33480000,0.32090000,0.33060000,99209654.50000000,32593724.15893000,85305
2023-03-08,0.33050000,0.33280000,0.31330000,0.31750000,110501100.50000000,35628787.90035000,97286
2023-03-09,0.31750000,0.32230000,0.30120000,0.31010000,191520024.20000000,59701621.64674000,127559
2023-03-10,0.31020000,0.31820000,0.29760000,0.31490000,184446629.20000000,56788935.68243000,148800
2023-03-11,0.31490000,0.32280000,0.30130000,0.30510000,174341847.20000000,54030316.31632000,162022
2023-03-12,0.30510000,0.33110000,0.30130000,0.32980000,148391745.70000000,46331508.90570000,128884
2023-03-13,0.32980000,0.35170000,0.32740000,0.34330000,290767932.50000000,98641344.22879000,268470
2023-03-14,0.34340000,0.36770000,0.33630000,0.34290000,243189873.10000000,85285424.82887000,212910
2023-03-15,0.34290000,0.34640000,0.31570000,0.32410000,262199199.50000000,87303478.96434000,202868
2023-03-16,0.32400000,0.32900000,0.31710000,0.32490000,148328841.20000000,48063578.85104000,138164
2023-03-17,0.32490000,0.35020000,0.32120000,0.34940000,171206542.30000000,57685328.98710000,160226
2023-03-18,0.34940000,0.35720000,0.33500000,0.33710000,160274762.90000000,55729702.22952000,144196
2023-03-19,0.33700000,0.35250000,0.33670000,0.34480000,93233157.90000000,32148684.11285000,97384
2023-03-20,0.34480000,0.34610000,0.33050000,0.33210000,124374313.80000000,42174811.85456000,119529
2023-03-21,0.33210000,0.38700000,0.32910000,0.36960000,288467612.60000000,103396919.87244000,287809
2023-03-22,0.36950000,0.38680000,0.34890000,0.35960000,342137114.00000000,127050524.38391000,359706
2023-03-23,0.35970000,0.38530000,0.35350000,0.37150000,185937483.60000000,68780307.09313000,186486
2023-03-24,0.37160000,0.37250000,0.35520000,0.35960000,112029219.90000000,40641700.92164000,109763
2023-03-25,0.35970000,0.36280000,0.34860000,0.35140000,83603550.10000000,29770936.38946000,83654
2023-03-26,0.35130000,0.36140000,0.34870000,0.35570000,91774166.90000000,32651502.33250000,72275
2023-03-27,0.35580000,0.35720000,0.33660000,0.34550000,127210336.60000000,44183728.29139000,120105
2023-03-28,0.34560000,0.37030000,0.34270000,0.36810000,133375435.60000000,47519006.39241000,136111
2023-03-29,0.36810000,0.39000000,0.36660000,0.38110000,190013782.50000000,72629635.26596000,178531
2023-03-30,0.38110000,0.38760000,0.36970000,0.37610000,147101987.50000000,55535091.32403000,139893
2023-03-31,0.37610000,0.40930000,0.37430000,0.39890000,250714301.70000000,99047877.23995000,254717
2023-04-01,0.39890000,0.40310000,0.38800000,0.39190000,128780899.90000000,50718103.40614000,135642
2023-04-02,0.39200000,0.39280000,0.37560000,0.38150000,102432795.50000000,39260959.47896000,111825
2023-04-03,0.38160000,0.40500000,0.37080000,0.38720000,234427391.60000000,91409070.42097000,264779
2023-04-04,0.38720000,0.40000000,0.38430000,0.38940000,121167900.70000000,47532378.54298000,136688
2023-04-05,0.38950000,0.40000000,0.38680000,0.39230000,92815719.60000000,36615220.47484000,106121
2023-04-06,0.39220000,0.39230000,0.37630000,0.38290000,91098737.90000000,34923643.02087000,104385
2023-04-07,0.38290000,0.38510000,0.37560000,0.38350000,50141413.50000000,19101844.78870000,59864
2023-04-08,0.38350000,0.39050000,0.38040000,0.38530000,61444908.50000000,23773386.86120000,72781
2023-04-09,0.38520000,0.39300000,0.38400000,0.38940000,51708973.80000000,20096179.80782000,69182
2023-04-10,0.38930000,0.39770000,0.38470000,0.39710000,76308355.70000000,29784630.92321000,101297
2023-04-11,0.39710000,0.41300000,0.39400000,0.40140000,143695491.10000000,58079381.92254000,152521
2023-04-12,0.40150000,0.40750000,0.38860000,0.40470000,138821237.20000000,55419429.51489000,145665
2023-04-13,0.40470000,0.42880000,0.39890000,0.42510000,173707588.70000000,71977775.03818000,193003
2023-04-14,0.42510000,0.44400000,0.42280000,0.43810000,235318719.50000000,102313257.17576000,259302
2023-04-15,0.43810000,0.46170000,0.43110000,0.45220000,178424508.60000000,80246325.39692000,206504
2023-04-16,0.45210000,0.45790000,0.44210000,0.45130000,117211504.60000000,52630950.62351000,140521
2023-04-17,0.45120000,0.45150000,0.43100000,0.43410000,144412169.80000000,63560561.58769000,131387
2023-04-18,0.43410000,0.44800000,0.42770000,0.44350000,99428283.10000000,43791494.37854000,100798
2023-04-19,0.44350000,0.44350000,0.40710000,0.41630000,193374494.90000000,81355681.62214000,196729
2023-04-20,0.41630000,0.42210000,0.39340000,0.40070000,161012857.50000000,65800195.92131000,162835
2023-04-21,0.40080000,0.40710000,0.37890000,0.38240000,158842754.20000000,62797906.51197000,151539
2023-04-22,0.38230000,0.39890000,0.38100000,0.39560000,86625445.50000000,33930441.89649000,81820
2023-04-23,0.39560000,0.39560000,0.38000000,0.38860000,82034708.60000000,31840004.05741000,80309
2023-04-24,0.38870000,0.39750000,0.38000000,0.38350000,104338226.40000000,40438674.06987000,97573
2023-04-25,0.38360000,0.39540000,0.37610000,0.39450000,97446645.90000000,37317902.83850000,92271
2023-04-26,0.39440000,0.41930000,0.37780000,0.40140000,189713316.30000000,76023106.67434000,201933
2023-04-27,0.40140000,0.41860000,0.40080000,0.41010000,154240599.80000000,63156409.78502000,170973
2023-04-28,0.41000000,0.41160000,0.39650000,0.40430000,76492344.40000000,30952182.57486000,87075
2023-04-29,0.40440000,0.40770000,0.39910000,0.40240000,42315743.60000000,17087613.33945000,47024
2023-04-30,0.40250000,0.41500000,0.39440000,0.39560000,75755751.40000000,30508534.10836000,85222
2023-05-01,0.39570000,0.39790000,0.38010000,0.38680000,99050070.70000000,38438942.31612000,94469
2023-05-02,0.38670000,0.39470000,0.38160000,0.39160000,62002108.10000000,24069912.67256000,62646
2023-05-03,0.39170000,0.39650000,0.37840000,0.39400000,102351994.90000000,39437481.48619000,107160
2023-05-04,0.39410000,0.39640000,0.38490000,0.38730000,57027491.20000000,22301265.01623000,60652
2023-05-05,0.38730000,0.39700000,0.38120000,0.39420000,77772750.30000000,30381794.08577000,79559
2023-05-06,0.39410000,0.39680000,0.37350000,0.37870000,85459030.90000000,32711487.15858000,83483
2023-05-07,0.37870000,0.38330000,0.37370000,0.37600000,54439977.10000000,20673687.18660000,51442
2023-05-08,0.37600000,0.37960000,0.35310000,0.36530000,137827919.20000000,50541987.25608000,139351
2023-05-09,0.36530000,0.37050000,0.35990000,0.36330000,78130879.70000000,28441383.41467000,69682
2023-05-10,0.36330000,0.37290000,0.35430000,0.36930000,150971765.60000000,55186058.00130000,137935
2023-05-11,0.36930000,0.36960000,0.34850000,0.35980000,98458703.70000000,35250818.42950000,92480
2023-05-12,0.35980000,0.37100000,0.35330000,0.37050000,109723018.60000000,39703102.68030000,117615
2023-05-13,0.37050000,0.37100000,0.36220000,0.36460000,46531257.40000000,17018722.71367000,49572
2023-05-14,0.36460000,0.37300000,0.36270000,0.37110000,41898265.40000000,15434291.06836000,48910
2023-05-15,0.37100000,0.37580000,0.36570000,0.36690000,69018210.50000000,25610899.84130000,73535
2023-05-16,0.36690000,0.37040000,0.36130000,0.36820000,66128494.60000000,24234881.14487000,60125
2023-05-17,0.36830000,0.38070000,0.36450000,0.37550000,94403281.20000000,35176313.03457000,84629
2023-05-18,0.37550000,0.38030000,0.36580000,0.37140000,80420401.00000000,30126679.91448000,77013
2023-05-19,0.37130000,0.37300000,0.36580000,0.36810000,38723441.70000000,14305210.34059000,47303
2023-05-20,0.36810000,0.36830000,0.36280000,0.36620000,44032296.20000000,16072961.96302000,40012
2023-05-21,0.36630000,0.36760000,0.35660000,0.36020000,39270367.40000000,14203580.58630000,42931
2023-05-22,0.36020000,0.37410000,0.35600000,0.36790000,62447190.20000000,22915553.39773000,66139
2023-05-23,0.36790000,0.37570000,0.36570000,0.37040000,47769860.80000000,17721617.62122000,44827
2023-05-24,0.37040000,0.37060000,0.36020000,0.36380000,57618648.90000000,21005340.19084000,59760
2023-05-25,0.36390000,0.36480000,0.35500000,0.35810000,50137129.00000000,17962959.88396000,51151
2023-05-26,0.35820000,0.36690000,0.35350000,0.36260000,56982912.10000000,20503821.27027000,53302
2023-05-27,0.36260000,0.36740000,0.36060000,0.36670000,30122750.70000000,10968225.92438000,30338
2023-05-28,0.36670000,0.38460000,0.36610000,0.38280000,80053076.50000000,30072567.44679000,85747
2023-05-29,0.38280000,0.38630000,0.37560000,0.37860000,66769379.20000000,25360137.20475000,60053
2023-05-30,0.37860000,0.38340000,0.37440000,0.37790000,70137418.80000000,26559946.77883000,64543
2023-05-31,0.37790000,0.38070000,0.37000000,0.37440000,59998056.80000000,22479759.36421000,60115
2023-06-01,0.37440000,0.37580000,0.36080000,0.36440000,93248479.90000000,34050283.35706000,86287
2023-06-02,0.36440000,0.37940000,0.36190000,0.37820000,71763680.00000000,26820487.62263000,66709
2023-06-03,0.37820000,0.37820000,0.37290000,0.37590000,27741856.80000000,10428014.32457000,29217
2023-06-04,0.37600000,0.38190000,0.37480000,0.37730000,41513359.60000000,15769199.16194000,40740
2023-06-05,0.37730000,0.37910000,0.34670000,0.35140000,112815250.30000000,40532828.32009000,121426
2023-06-06,0.35140000,0.35690000,0.33650000,0.35310000,90606305.00000000,31691122.73033000,93336
2023-06-07,0.35300000,0.35310000,0.31770000,0.32230000,150728402.30000000,50060807.19639000,132476
2023-06-08,0.32230000,0.33080000,0.31980000,0.32280000,104686899.30000000,34039413.97058000,83196
2023-06-09,0.32290000,0.32400000,0.29020000,0.29510000,246384470.80000000,75999927.86638000,187298
2023-06-10,0.29510000,0.29530000,0.22000000,0.27470000,757333075.30000000,192537302.38177000,670691
2023-06-11,0.27480000,0.28000000,0.25900000,0.27200000,262186505.20000000,70331340.19641000,242406
2023-06-12,0.27190000,0.28650000,0.26480000,0.27480000,222382051.80000000,61566190.94342000,190559
2023-06-13,0.27470000,0.28960000,0.26840000,0.27520000,156748499.80000000,43627397.62707000,127421
2023-06-14,0.27520000,0.27730000,0.25600000,0.26330000,133531077.00000000,35866653.03164000,110259
2023-06-15,0.26340000,0.26600000,0.25250000,0.26200000,140877163.20000000,36528253.75659000,102637
2023-06-16,0.26210000,0.26750000,0.25350000,0.26320000,89417626.30000000,23341640.15084000,74850
2023-06-17,0.26330000,0.27370000,0.26070000,0.26670000,88054261.30000000,23620613.88045000,71084
2023-06-18,0.26670000,0.26910000,0.25880000,0.26100000,65212614.60000000,17290956.13935000,55117
2023-06-19,0.26100000,0.26380000,0.25710000,0.26340000,70893812.30000000,18466634.06561000,55995
2023-06-20,0.26340000,0.27070000,0.25220000,0.27050000,109090810.60000000,28605791.65665000,83489
2023-06-21,0.27060000,0.28900000,0.26870000,0.28620000,189786985.20000000,53238621.97959000,135675
2023-06-22,0.28610000,0.30490000,0.28560000,0.28990000,167726209.80000000,49597813.28265000,145270
2023-06-23,0.28990000,0.30280000,0.28670000,0.29660000,117254934.00000000,34652338.72698000,116127
2023-06-24,0.29670000,0.29750000,0.28430000,0.28920000,88286411.90000000,25791929.48114000,82658
2023-06-25,0.28930000,0.30500000,0.28850000,0.29210000,103164289.50000000,30533826.25091000,93894
2023-06-26,0.29200000,0.29230000,0.27660000,0.28050000,92192313.00000000,26288181.15263000,87732
2023-06-27,0.28060000,0.28970000,0.27750000,0.28670000,84320347.30000000,23876779.93604000,65912
2023-06-28,0.28680000,0.28690000,0.25990000,0.26690000,140734583.30000000,38471888.15646000,103201
2023-06-29,0.26690000,0.27820000,0.26640000,0.27520000,88026541.60000000,24102790.64145000,67648
2023-06-30,0.27530000,0.29970000,0.26720000,0.28690000,272156267.90000000,77751808.25011000,228958
2023-07-01,0.28700000,0.29380000,0.28120000,0.29240000,88196474.20000000,25425789.21707000,79258
2023-07-02,0.29240000,0.29390000,0.28530000,0.29160000,74721548.00000000,21651819.41963000,73496
2023-07-03,0.29160000,0.29930000,0.29020000,0.29670000,71590689.30000000,21066347.63616000,74431
2023-07-04,0.29660000,0.30160000,0.28900000,0.29240000,107425650.50000000,31743268.71600000,86963
2023-07-05,0.29240000,0.29630000,0.27970000,0.28390000,106289740.40000000,30561805.54921000,81330
2023-07-06,0.28390000,0.29370000,0.27610000,0.27840000,144527874.20000000,41146491.15079000,113234
2023-07-07,0.27830000,0.28550000,0.27610000,0.28440000,100178705.40000000,28250332.02905000,65288
2023-07-08,0.28440000,0.29310000,0.28170000,0.29070000,106202528.40000000,30472901.35930000,64732
2023-07-09,0.29070000,0.29180000,0.28300000,0.28440000,94953544.00000000,27283599.76481000,55628
2023-07-10,0.28430000,0.29270000,0.27810000,0.28780000,122097011.30000000,34884995.97289000,85838
2023-07-11,0.28780000,0.29410000,0.28740000,0.29270000,98565787.50000000,28634878.95706000,65754
2023-07-12,0.29270000,0.29540000,0.28480000,0.28900000,77926024.70000000,22726562.86204000,62475
2023-07-13,0.28900000,0.36730000,0.28570000,0.35670000,508960536.50000000,167895016.68953000,443238
2023-07-14,0.35670000,0.37930000,0.31600000,0.32770000,344645916.70000000,120197260.40208000,334313
2023-07-15,0.32780000,0.33760000,0.32400000,0.32600000,87463902.20000000,28894128.01503000,83700
2023-07-16,0.32610000,0.32780000,0.31200000,0.31460000,132942159.30000000,42621410.41761000,108777
2023-07-17,0.31450000,0.31970000,0.30550000,0.31180000,121471436.20000000,37965689.88861000,110623
2023-07-18,0.31170000,0.31400000,0.29960000,0.30950000,151432242.50000000,46421051.72501000,107927
2023-07-19,0.30940000,0.32600000,0.30690000,0.32260000,215253837.40000000,68393901.29389000,166067
2023-07-20,0.32260000,0.33320000,0.31300000,0.31610000,166938424.70000000,54084127.66415000,133521
2023-07-21,0.31610000,0.31840000,0.31030000,0.31270000,70324894.60000000,22086143.59977000,61947
2023-07-22,0.31280000,0.31490000,0.30620000,0.31000000,58496057.30000000,18200727.56504000,55348
2023-07-23,0.31000000,0.31910000,0.30710000,0.31710000,50429234.40000000,15886649.82967000,47386
2023-07-24,0.31720000,0.31900000,0.30000000,0.30530000,100248697.40000000,30785579.46855000,87789
2023-07-25,0.30510000,0.30780000,0.30140000,0.30370000,61989431.00000000,18854918.04305000,49481
2023-07-26,0.30370000,0.31070000,0.30030000,0.30690000,90818421.00000000,27638974.26358000,72896
2023-07-27,0.30690000,0.31350000,0.30530000,0.30770000,58397987.40000000,18072667.66891000,54982
2023-07-28,0.30780000,0.31340000,0.30620000,0.30990000,46597667.10000000,14456071.43943000,41838
2023-07-29,0.30990000,0.31440000,0.30870000,0.31300000,58072439.00000000,18101421.20426000,40808
2023-07-30,0.31290000,0.31810000,0.30520000,0.31560000,60782448.00000000,19019254.36134000,54898
2023-07-31,0.31570000,0.31900000,0.30630000,0.30700000,70168122.60000000,21885769.39341000,56700
2023-08-01,0.30700000,0.31060000,0.29480000,0.31030000,87820146.10000000,26655041.30302000,74475
2023-08-02,0.31030000,0.31200000,0.29740000,0.29930000,68334103.80000000,20742161.57887000,58405
2023-08-03,0.29930000,0.30140000,0.28880000,0.29220000,99581572.70000000,29426966.77953000,71938
2023-08-04,0.29230000,0.29720000,0.29020000,0.29350000,51367134.70000000,15083646.64083000,41404
2023-08-05,0.29360000,0.29420000,0.29010000,0.29380000,29967210.90000000,8746362.08286000,30777
2023-08-06,0.29380000,0.29580000,0.29060000,0.29230000,28144338.00000000,8260365.71452000,29780
2023-08-07,0.29220000,0.29610000,0.28180000,0.29100000,69256542.60000000,20072390.04189000,60020
2023-08-08,0.29100000,0.30260000,0.28960000,0.29740000,97955669.90000000,28978430.92161000,62778
2023-08-09,0.29740000,0.30230000,0.29600000,0.30130000,55701452.30000000,16649440.99493000,41727
2023-08-10,0.30140000,0.30180000,0.29600000,0.29650000,50339891.60000000,15025466.70147000,35327
2023-08-11,0.29650000,0.29760000,0.29240000,0.29330000,30373249.60000000,8969703.58131000,27281
2023-08-12,0.29340000,0.29460000,0.29070000,0.29190000,35784585.70000000,10487794.15738000,26660
2023-08-13,0.29200000,0.29360000,0.28680000,0.28940000,49756311.80000000,14453458.69079000,33567
2023-08-14,0.28950000,0.29270000,0.28720000,0.29060000,39940476.20000000,11594996.20963000,31107
2023-08-15,0.29060000,0.29110000,0.27410000,0.28200000,68128212.80000000,19331728.14098000,56333
2023-08-16,0.28200000,0.28290000,0.26540000,0.27470000,112051659.20000000,30705536.51952000,84030
2023-08-17,0.27480000,0.27850000,0.23800000,0.25530000,183020531.10000000,48128960.08094000,154269
2023-08-18,0.25520000,0.26740000,0.25470000,0.26400000,127151195.70000000,33280864.96392000,99163
2023-08-19,0.26400000,0.26980000,0.26030000,0.26880000,55279750.40000000,14691828.62499000,48725
2023-08-20,0.26880000,0.27320000,0.26470000,0.27030000,39701431.00000000,10668305.24928000,37381
2023-08-21,0.27030000,0.27250000,0.25860000,0.26280000,60006555.70000000,15921416.69831000,53207
2023-08-22,0.26290000,0.26330000,0.25000000,0.25880000,81237011.70000000,20885981.10527000,63323
2023-08-23,0.25870000,0.27000000,0.25800000,0.26810000,69984062.10000000,18433534.24605000,49601
2023-08-24,0.26810000,0.27140000,0.26220000,0.26590000,49728611.90000000,13251878.37823000,38596
2023-08-25,0.26590000,0.27120000,0.25910000,0.26120000,113233017.80000000,29857229.91269000,66967
2023-08-26,0.26120000,0.26180000,0.25760000,0.26100000,47226296.00000000,12265243.03002000,25895
2023-08-27,0.26100000,0.26530000,0.26000000,0.26340000,49902951.10000000,13079888.87617000,31443
2023-08-28,0.26350000,0.26790000,0.25760000,0.26760000,54934617.60000000,14456703.87040000,42427
2023-08-29,0.26760000,0.28020000,0.26020000,0.27260000,147979504.90000000,40096614.78160000,105362
2023-08-30,0.27260000,0.27300000,0.26050000,0.26540000,102074556.80000000,27084077.46294000,76847
2023-08-31,0.26550000,0.26670000,0.24920000,0.25540000,92935093.30000000,24018199.28843000,64650
2023-09-01,0.25540000,0.25880000,0.25140000,0.25510000,62605625.40000000,16013531.75064000,42796
2023-09-02,0.25510000,0.25740000,0.25360000,0.25620000,21898057.00000000,5596043.26218000,21070
2023-09-03,0.25620000,0.25690000,0.25310000,0.25590000,33024398.40000000,8425678.41382000,23409
2023-09-04,0.25590000,0.26000000,0.25320000,0.25610000,40657488.50000000,10432481.96371000,30101
2023-09-05,0.25620000,0.25890000,0.25380000,0.25780000,40887843.70000000,10497858.92966000,29266
2023-09-06,0.25780000,0.26120000,0.25210000,0.25770000,57656386.60000000,14806129.79332000,39542
2023-09-07,0.25770000,0.25960000,0.25310000,0.25790000,63998483.80000000,16414029.98472000,39842
2023-09-08,0.25800000,0.25970000,0.25270000,0.25440000,54595507.40000000,13963617.69582000,35008
2023-09-09,0.25440000,0.25580000,0.25310000,0.25330000,18121235.90000000,4609124.98235000,16936
2023-09-10,0.25340000,0.25340000,0.24230000,0.24900000,82463546.60000000,20482461.46399000,54314
2023-09-11,0.24910000,0.24960000,0.23670000,0.24210000,74448945.40000000,18098504.68666000,57823
2023-09-12,0.24210000,0.25270000,0.24080000,0.24550000,55963149.90000000,13842656.21427000,49352
2023-09-13,0.24550000,0.25000000,0.24340000,0.24870000,42074899.20000000,10407448.26797000,34288
2023-09-14,0.24870000,0.25270000,0.24650000,0.25130000,49307776.80000000,12314791.29239000,38819
2023-09-15,0.25140000,0.25520000,0.24510000,0.25050000,68762333.20000000,17149210.20891000,46161
2023-09-16,0.25060000,0.25390000,0.24830000,0.25030000,34777177.10000000,8720799.46446000,29033
2023-09-17,0.25030000,0.25130000,0.24430000,0.24710000,42170651.70000000,10457169.10623000,32799
2023-09-18,0.24710000,0.25600000,0.24410000,0.25160000,71770689.60000000,18069147.73772000,45745
2023-09-19,0.25150000,0.25800000,0.25060000,0.25480000,52966563.70000000,13501381.82770000,35630
2023-09-20,0.25480000,0.25650000,0.25000000,0.25170000,53146080.00000000,13452748.54193000,40705
2023-09-21,0.25170000,0.25310000,0.24480000,0.24490000,58361302.00000000,14500250.88454000,43612
2023-09-22,0.24500000,0.24650000,0.24270000,0.24490000,73938896.40000000,18094000.44369000,49763
2023-09-23,0.24500000,0.24680000,0.24360000,0.24610000,25631020.40000000,6290454.80152000,20061
2023-09-24,0.24600000,0.24630000,0.24160000,0.24270000,27611468.80000000,6758618.41213000,21445
2023-09-25,0.24280000,0.24630000,0.24040000,0.24590000,39187490.90000000,9575587.39552000,30114
2023-09-26,0.24590000,0.24790000,0.24300000,0.24550000,28346745.00000000,6961328.44214000,25124
2023-09-27,0.24550000,0.24840000,0.24260000,0.24460000,39114830.20000000,9594038.75778000,30558
2023-09-28,0.24470000,0.25080000,0.24330000,0.24890000,49669473.60000000,12293501.96632000,34943
2023-09-29,0.24900000,0.25590000,0.24760000,0.24940000,88297074.20000000,22192737.02842000,62207
2023-09-30,0.24940000,0.25480000,0.24890000,0.25400000,41541821.30000000,10454836.12506000,32997
2023-10-01,0.25400000,0.26790000,0.25370000,0.26590000,78880890.40000000,20563304.53711000,64885
2023-10-02,0.26590000,0.26960000,0.25740000,0.25910000,91440764.30000000,24190910.38458000,70407
2023-10-03,0.25910000,0.26460000,0.25740000,0.26100000,58464738.70000000,15284375.81340000,51790
2023-10-04,0.26090000,0.26140000,0.25250000,0.25890000,63613390.50000000,16318546.84632000,52637
2023-10-05,0.25900000,0.26400000,0.25660000,0.26020000,49552668.70000000,12901773.38456000,45600
2023-10-06,0.26030000,0.26700000,0.26020000,0.26460000,43655463.60000000,11506617.84096000,40151
2023-10-07,0.26460000,0.26570000,0.25630000,0.25870000,52025210.80000000,13517018.63280000,41096
2023-10-08,0.25880000,0.25910000,0.25530000,0.25630000,26666220.20000000,6852075.52164000,23739
2023-10-09,0.25640000,0.25860000,0.24880000,0.25130000,75592665.20000000,19027305.90922000,52712
2023-10-10,0.25130000,0.25380000,0.24660000,0.24900000,64320917.10000000,16077434.49150000,40361
2023-10-11,0.24910000,0.24960000,0.24470000,0.24810000,78623427.50000000,19437708.60217000,45950
2023-10-12,0.24810000,0.24820000,0.24220000,0.24600000,35000900.00000000,8577259.54330000,27555
2023-10-13,0.24610000,0.24980000,0.24490000,0.24580000,35522662.00000000,8767684.43884000,25660
2023-10-14,0.24590000,0.24780000,0.24490000,0.24700000,19550143.80000000,4819071.22241000,16361
2023-10-15,0.24700000,0.24840000,0.24540000,0.24730000,23294593.00000000,5754167.47415000,19308
2023-10-16,0.24740000,0.26000000,0.24720000,0.25130000,89063648.90000000,22544236.00118000,57940
2023-10-17,0.25140000,0.25190000,0.24460000,0.24630000,44841890.90000000,11130766.65380000,34681
2023-10-18,0.24640000,0.24830000,0.24220000,0.24300000,35611192.00000000,8739210.47599000,27613
2023-10-19,0.24300000,0.24700000,0.23940000,0.24690000,47562468.30000000,11567426.00380000,35846
2023-10-20,0.24700000,0.25320000,0.24540000,0.25120000,68958714.10000000,17244263.60553000,47037
2023-10-21,0.25130000,0.26280000,0.24950000,0.25860000,74687552.00000000,19151225.93565000,50518
2023-10-22,0.25870000,0.26440000,0.25530000,0.26390000,59063453.10000000,15331212.63791000,51730
2023-10-23,0.26400000,0.28130000,0.26160000,0.28070000,138213642.70000000,37265646.16111000,120605
2023-10-24,0.28080000,0.29390000,0.27330000,0.27920000,171131052.90000000,48362853.90133000,163521
2023-10-25,0.27930000,0.29000000,0.27620000,0.28080000,100707132.00000000,28401732.32853000,96877
2023-10-26,0.28090000,0.29800000,0.28000000,0.28720000,126349394.60000000,36497978.93554000,136549
2023-10-27,0.28710000,0.29260000,0.28060000,0.28930000,59005757.20000000,16908770.42920000,81718
2023-10-28,0.28930000,0.29750000,0.28870000,0.29090000,43195418.60000000,12659989.33204000,51041
2023-10-29,0.29090000,0.29860000,0.28810000,0.29540000,45363693.50000000,13386457.51760000,53491
2023-10-30,0.29550000,0.30310000,0.29200000,0.30310000,88760107.70000000,26501988.39817000,79257
2023-10-31,0.30310000,0.30460000,0.28450000,0.29300000,115945883.20000000,34276010.96131000,111078
2023-11-01,0.29290000,0.30870000,0.28390000,0.30710000,144162060.80000000,42526447.21252000,128657
2023-11-02,0.30720000,0.32950000,0.29810000,0.32300000,201974366.40000000,63495342.42994000,224308
2023-11-03,0.32310000,0.32960000,0.31140000,0.32920000,134180972.40000000,42962238.33213000,154830
2023-11-04,0.32910000,0.33060000,0.32080000,0.32780000,63442713.40000000,20667223.71310000,71145
2023-11-05,0.32780000,0.35000000,0.32600000,0.34190000,130046711.30000000,44191001.23457000,140001
2023-11-06,0.34190000,0.37570000,0.33730000,0.36240000,179872075.70000000,64189613.67770000,183270
2023-11-07,0.36240000,0.36550000,0.33350000,0.35120000,204897945.90000000,71696678.81331000,184385
2023-11-08,0.35120000,0.36030000,0.34860000,0.35770000,113764823.70000000,40448414.89914000,107540
2023-11-09,0.35770000,0.38640000,0.34170000,0.36840000,275776697.40000000,101472915.16402000,309863
2023-11-10,0.36850000,0.38860000,0.36260000,0.38590000,191392833.40000000,71607868.43580000,232056
2023-11-11,0.38600000,0.39510000,0.36940000,0.38440000,197565105.70000000,75793640.55903000,231932
2023-11-12,0.38440000,0.39140000,0.37050000,0.38340000,131765655.60000000,50376128.91699000,148430
2023-11-13,0.38350000,0.38850000,0.35290000,0.35680000,173268736.20000000,64114557.64853000,207312
2023-11-14,0.35680000,0.37190000,0.34000000,0.35790000,162292352.20000000,58129604.08352000,200881
2023-11-15,0.35790000,0.37940000,0.35340000,0.37880000,127946698.00000000,47114589.61189000,150521
2023-11-16,0.37870000,0.40950000,0.35850000,0.37060000,307196631.10000000,118437307.09425000,374557
2023-11-17,0.37070000,0.37830000,0.35270000,0.36710000,142430049.90000000,52290392.26441000,167500
2023-11-18,0.36710000,0.37770000,0.34880000,0.37720000,112215311.80000000,40864280.09910000,122169
2023-11-19,0.37710000,0.38570000,0.36870000,0.38400000,101902781.30000000,38387971.20180000,108833
2023-11-20,0.38400000,0.39940000,0.37800000,0.38040000,132991378.70000000,51637254.31026000,144441
2023-11-21,0.38030000,0.38990000,0.35510000,0.35660000,169158003.70000000,63056688.07199000,198812
2023-11-22,0.35660000,0.38740000,0.35530000,0.38050000,93647895.70000000,34925607.49804000,107286
2023-11-23,0.38050000,0.38740000,0.37600000,0.38730000,68175668.90000000,26044261.13508000,75262
2023-11-24,0.38720000,0.39770000,0.38360000,0.38620000,108957051.40000000,42555097.07189000,120145
2023-11-25,0.38620000,0.39590000,0.38450000,0.39410000,52139797.70000000,20428192.81009000,62329
2023-11-26,0.39420000,0.39560000,0.37820000,0.38730000,64465067.70000000,25032105.93793000,77297
2023-11-27,0.38740000,0.39220000,0.37120000,0.37770000,70669351.50000000,26862849.37163000,90017
2023-11-28,0.37780000,0.38830000,0.36930000,0.38580000,79174386.60000000,30056629.96875000,89287
2023-11-29,0.38570000,0.38920000,0.37750000,0.38160000,68200523.60000000,26203000.01848000,78311
2023-11-30,0.38170000,0.38290000,0.37190000,0.37590000,59930456.80000000,22527228.97066000,74829
2023-12-01,0.37600000,0.38550000,0.37360000,0.38440000,56334397.50000000,21463527.29523000,64622
2023-12-02,0.38440000,0.39800000,0.38270000,0.39760000,68638568.30000000,26791837.05590000,77129
2023-12-03,0.39760000,0.40300000,0.38780000,0.39490000,91882676.80000000,36255492.70863000,99774
2023-12-04,0.39480000,0.41500000,0.39110000,0.40680000,177280730.90000000,71595207.90761000,199303
2023-12-05,0.40690000,0.42600000,0.39690000,0.42570000,153779346.50000000,63266846.14246000,169741
2023-12-06,0.42580000,0.45500000,0.41620000,0.44290000,270929667.90000000,118328355.02696000,317816
2023-12-07,0.44310000,0.45990000,0.43120000,0.45550000,180487882.70000000,80570510.54735000,213948
2023-12-08,0.45550000,0.57190000,0.45190000,0.54540000,514331728.70000000,268831873.28653000,690430
2023-12-09,0.54550000,0.64740000,0.54410000,0.57910000,716161289.80000000,430440055.48947000,1024525
2023-12-10,0.57910000,0.61670000,0.56940000,0.59480000,307447745.20000000,182506293.96298000,411015
2023-12-11,0.59470000,0.59840000,0.51060000,0.55070000,403945042.20000000,221900781.05720000,565844
2023-12-12,0.55070000,0.60750000,0.55060000,0.57840000,348838584.30000000,202207307.75950000,468807
2023-12-13,0.57840000,0.67880000,0.54190000,0.66750000,493921678.80000000,301799580.12334000,748404
2023-12-14,0.66770000,0.68000000,0.61000000,0.64330000,345212494.20000000,223926364.89631000,563071
2023-12-15,0.64330000,0.65410000,0.59980000,0.60040000,240571744.10000000,150971686.86327000,334803
2023-12-16,0.60040000,0.62580000,0.58650000,0.60780000,152365355.70000000,93165781.45232000,225436
2023-12-17,0.60780000,0.61820000,0.57720000,0.58040000,133192915.30000000,79541096.25177000,205560
2023-12-18,0.58050000,0.60320000,0.54350000,0.60210000,204175142.00000000,116740137.23098000,268827
2023-12-19,0.60200000,0.61730000,0.56610000,0.57610000,198847462.10000000,117888095.70645000,263424
2023-12-20,0.57600000,0.61000000,0.56860000,0.58940000,198909767.80000000,117695306.98198000,258663
2023-12-21,0.58930000,0.63970000,0.58180000,0.63510000,226299061.90000000,137818976.62745000,306890
2023-12-22,0.63520000,0.65130000,0.60520000,0.62260000,214849930.80000000,134495989.98240000,318419
2023-12-23,0.62250000,0.62310000,0.59640000,0.61300000,126272911.70000000,76532802.30518000,159057
2023-12-24,0.61300000,0.62860000,0.58500000,0.59190000,217308386.00000000,132896667.88659000,275978
2023-12-25,0.59190000,0.63500000,0.58900000,0.62420000,163634887.80000000,100302708.50801000,202702
2023-12-26,0.62400000,0.62790000,0.56010000,0.60870000,221963239.70000000,133916166.27744000,318817
2023-12-27,0.60870000,0.64300000,0.58390000,0.63340000,229068834.30000000,141756656.88542000,313049
2023-12-28,0.63340000,0.67690000,0.61000000,0.61580000,321217533.20000000,205948966.08632000,501268
2023-12-29,0.61580000,0.62580000,0.59080000,0.60830000,195162581.00000000,118972507.00499000,257434
2023-12-30,0.60820000,0.61330000,0.59290000,0.60110000,96059388.40000000,58088553.25719000,127117
2023-12-31,0.60100000,0.61000000,0.58000000,0.59400000,104191519.80000000,62557065.99101000,129126
2024-01-01,0.59390000,0.62400000,0.59020000,0.62320000,91021386.40000000,55163198.23660000,120871
2024-01-02,0.62330000,0.63700000,0.60150000,0.60500000,160535672.80000000,99671678.54985000,205626
2024-01-03,0.60510000,0.61880000,0.50000000,0.55690000,319806612.80000000,180080645.78333000,438535
2024-01-04,0.55680000,0.57910000,0.54910000,0.56990000,149952088.00000000,84628917.81523000,189308
2024-01-05,0.57000000,0.57260000,0.52200000,0.54140000,152848545.90000000,82878327.58854000,206227
2024-01-06,0.54130000,0.54290000,0.50680000,0.52270000,120959496.40000000,63178197.73018000,173182
2024-01-07,0.52270000,0.53000000,0.48770000,0.49450000,111767718.90000000,57355040.12286000,212997
2024-01-08,0.49450000,0.54870000,0.46430000,0.54120000,216099815.20000000,109191956.78818000,275941
2024-01-09,0.54120000,0.54360000,0.49640000,0.51240000,168923575.10000000,87075585.39227000,237769
2024-01-10,0.51230000,0.58950000,0.48720000,0.56600000,279571914.50000000,147678943.05708000,354728
2024-01-11,0.56620000,0.61740000,0.56070000,0.58200000,287865723.40000000,168543959.74090000,417610
2024-01-12,0.58200000,0.58910000,0.52710000,0.54760000,158309249.60000000,89554868.03155000,248549
2024-01-13,0.54770000,0.55400000,0.53100000,0.54910000,73966558.10000000,40447633.69633000,107007
2024-01-14,0.54910000,0.55020000,0.52330000,0.52510000,74139564.70000000,40104982.32028000,104421
2024-01-15,0.52510000,0.54160000,0.52170000,0.52760000,63585526.00000000,33857934.40594000,97026
2024-01-16,0.52760000,0.54820000,0.52500000,0.53560000,74354014.50000000,39963766.34803000,107457
2024-01-17,0.53560000,0.53950000,0.52130000,0.52820000,63933793.00000000,33924300.19584000,81311
2024-01-18,0.52820000,0.52830000,0.49550000,0.50260000,92941269.50000000,47592756.46996000,118118
2024-01-19,0.50270000,0.50540000,0.47130000,0.50440000,119926942.00000000,59010509.91132000,138007
2024-01-20,0.50430000,0.51790000,0.49860000,0.51600000,79444228.60000000,40632766.22908000,92792
2024-01-21,0.51590000,0.52050000,0.50240000,0.50320000,54007901.70000000,27764888.18302000,66501
2024-01-22,0.50310000,0.50630000,0.47670000,0.47860000,143854450.00000000,70535229.77878000,140773
2024-01-23,0.47870000,0.48630000,0.44770000,0.47730000,179364936.70000000,83443177.99097000,181610
2024-01-24,0.47730000,0.48050000,0.46430000,0.47650000,94074417.50000000,44405418.70118000,100863
2024-01-25,0.47660000,0.48410000,0.45850000,0.46660000,85672497.70000000,40365278.61438000,94011
2024-01-26,0.46670000,0.49040000,0.46300000,0.48490000,106524727.90000000,51202950.46393000,117014
2024-01-27,0.48500000,0.49000000,0.47540000,0.48620000,55368149.50000000,26779010.27083000,60527
2024-01-28,0.48620000,0.50060000,0.48340000,0.49030000,97129557.50000000,47903382.57825000,96455
2024-01-29,0.49030000,0.52820000,0.48360000,0.52600000,121001422.10000000,61295529.36775000,145018
2024-01-30,0.52610000,0.53670000,0.51220000,0.51360000,131938020.80000000,69271481.81451000,157772
2024-01-31,0.51370000,0.52030000,0.49320000,0.49760000,132999623.50000000,67426075.94246000,167346
2024-02-01,0.49760000,0.50840000,0.48580000,0.50780000,97823370.70000000,48388348.96066000,117240
2024-02-02,0.50770000,0.52440000,0.50410000,0.51460000,109308591.40000000,56083296.80921000,112237
2024-02-03,0.51470000,0.52570000,0.51170000,0.51240000,62959942.60000000,32663474.09962000,71339
2024-02-04,0.51250000,0.51260000,0.49320000,0.49340000,57766921.80000000,29137672.01298000,66062
2024-02-05,0.49330000,0.50620000,0.48720000,0.49440000,74074301.10000000,36805487.29626000,87706
2024-02-06,0.49440000,0.50420000,0.48870000,0.49830000,74173617.70000000,36781097.42187000,73622
2024-02-07,0.49820000,0.50250000,0.47270000,0.50220000,180295685.60000000,87655793.92742000,170503
2024-02-08,0.50230000,0.53610000,0.50200000,0.53040000,228609030.60000000,119878204.23867000,227424
2024-02-09,0.53040000,0.54850000,0.52780000,0.54070000,154515283.00000000,83350883.61305000,165597
2024-02-10,0.54070000,0.55810000,0.52800000,0.55150000,115859589.70000000,62768583.48458000,122000
2024-02-11,0.55150000,0.56540000,0.53530000,0.54140000,159388533.10000000,88219309.37024000,148056
2024-02-12,0.54150000,0.56580000,0.53060000,0.55920000,156086926.20000000,85767253.83112000,160792
2024-02-13,0.55910000,0.56450000,0.53380000,0.54490000,128760890.40000000,70581345.68177000,150664
2024-02-14,0.54480000,0.58330000,0.53960000,0.57680000,164094581.50000000,93248246.64277000,187223
2024-02-15,0.57690000,0.61260000,0.57060000,0.60870000,232282054.40000000,138021428.81097000,269197
2024-02-16,0.60870000,0.61400000,0.58210000,0.59860000,148909729.50000000,89138636.20172000,177541
2024-02-17,0.59870000,0.61100000,0.56870000,0.60960000,128162404.10000000,75629199.29020000,156095
2024-02-18,0.60960000,0.63910000,0.60930000,0.61930000,207753370.30000000,129630329.87613000,246681
2024-02-19,0.61940000,0.63890000,0.61470000,0.63080000,169787705.90000000,106363808.99321000,218314
2024-02-20,0.63080000,0.64140000,0.59580000,0.62160000,233760627.40000000,145535294.50559000,292351
2024-02-21,0.62160000,0.62370000,0.57470000,0.59880000,133532235.10000000,79111985.48640000,197325
2024-02-22,0.59870000,0.60800000,0.58060000,0.58580000,128991781.00000000,76796750.73101000,156472
2024-02-23,0.58580000,0.59530000,0.56800000,0.58240000,117449758.10000000,68523670.67224000,147961
2024-02-24,0.58230000,0.59980000,0.56970000,0.59690000,95375216.60000000,55999344.71503000,108901
2024-02-25,0.59690000,0.60070000,0.58060000,0.59140000,78055822.80000000,46063972.93495000,96083
2024-02-26,0.59130000,0.62220000,0.57320000,0.61910000,169685875.50000000,101497957.76159000,190810
2024-02-27,0.61920000,0.63000000,0.60730000,0.62390000,194585795.40000000,121024668.33202000,229680
2024-02-28,0.62380000,0.66100000,0.59610000,0.62870000,355791252.90000000,224352078.67888000,447954
2024-02-29,0.62870000,0.70880000,0.62230000,0.65470000,496600842.90000000,336026658.63483000,604376
2024-03-01,0.65490000,0.72000000,0.65290000,0.71950000,227378496.50000000,155568698.98737000,311005
2024-03-02,0.71960000,0.76380000,0.71710000,0.74160000,297746478.50000000,220785937.47027000,462927
2024-03-03,0.74140000,0.74210000,0.68500000,0.72790000,205502738.30000000,148787481.41760000,306795
2024-03-04,0.72800000,0.79860000,0.72190000,0.77010000,404835737.30000000,312249736.49484000,589783
2024-03-05,0.77000000,0.78310000,0.57100000,0.69230000,620713725.80000000,444118823.40343000,894729
2024-03-06,0.69230000,0.75750000,0.66500000,0.73490000,295551593.10000000,211606993.91742000,447647
2024-03-07,0.73500000,0.75500000,0.71810000,0.74270000,207951361.70000000,153740023.25405000,324064
2024-03-08,0.74270000,0.75470000,0.69800000,0.72280000,217116920.90000000,157626461.32917000,314712
2024-03-09,0.72280000,0.74610000,0.72000000,0.74160000,117539314.30000000,86293851.49507000,163789
2024-03-10,0.74160000,0.74400000,0.70000000,0.71660000,124973655.80000000,90608271.57443000,179018
2024-03-11,0.71650000,0.78820000,0.68500000,0.77540000,320630328.70000000,239339603.29899000,439062
2024-03-12,0.77540000,0.77640000,0.70400000,0.74810000,227151117.00000000,169055148.52602000,351488
2024-03-13,0.74820000,0.77310000,0.73570000,0.76380000,168550753.80000000,127304073.46347000,241215
2024-03-14,0.76390000,0.81040000,0.71330000,0.75090000,416026694.00000000,319128649.69798000,586245
2024-03-15,0.75090000,0.76470000,0.66900000,0.72740000,342389407.20000000,244411931.19361000,513288
2024-03-16,0.72740000,0.73550000,0.65000000,0.65910000,253748203.30000000,176134706.22267000,319802
2024-03-17,0.65910000,0.68810000,0.62880000,0.68140000,188639901.30000000,125863821.79279000,231188
2024-03-18,0.68140000,0.69900000,0.64200000,0.66030000,193908706.10000000,129682515.77206000,245933
2024-03-19,0.66030000,0.66610000,0.58000000,0.58640000,350014516.90000000,215596512.75783000,417484
2024-03-20,0.58640000,0.64410000,0.56890000,0.63960000,283086563.50000000,171283154.80489000,322920
2024-03-21,0.63950000,0.64840000,0.61780000,0.63180000,162134047.40000000,102745180.04122000,193436
2024-03-22,0.63190000,0.64270000,0.59870000,0.61470000,138778065.10000000,85878223.96651000,171082
2024-03-23,0.61470000,0.63940000,0.61030000,0.62320000,79575095.90000000,49964577.28514000,107471
2024-03-24,0.62310000,0.64820000,0.62240000,0.64680000,80674633.10000000,51336486.07365000,106270
2024-03-25,0.64690000,0.66840000,0.63790000,0.65670000,129205089.70000000,84465595.60490000,165495
2024-03-26,0.65660000,0.68370000,0.65170000,0.66500000,128211683.40000000,85530264.10631000,168073
2024-03-27,0.66500000,0.67100000,0.63010000,0.64780000,141784476.20000000,92144249.56748000,186186
2024-03-28,0.64780000,0.65800000,0.63520000,0.65110000,92872752.80000000,60325706.77258000,120367
2024-03-29,0.65110000,0.66780000,0.63500000,0.66430000,129589892.20000000,84561913.52930000,160826
2024-03-30,0.66430000,0.66910000,0.64160000,0.64360000,89397036.80000000,58519808.99561000,111949
2024-03-31,0.64350000,0.65350000,0.64180000,0.65010000,61338789.90000000,39725727.27124000,78181
2024-04-01,0.65010000,0.65150000,0.60500000,0.62120000,156775712.20000000,97840424.39330000,179277
2024-04-02,0.62110000,0.62140000,0.57230000,0.58070000,194496435.10000000,114586025.02603000,207367
2024-04-03,0.58070000,0.59500000,0.56220000,0.56930000,117116217.30000000,67981028.73763000,135731
2024-04-04,0.56930000,0.59670000,0.55880000,0.58310000,134498067.60000000,77831077.95661000,127600
2024-04-05,0.58310000,0.58490000,0.55930000,0.57410000,106755812.60000000,60988361.32152000,100346
2024-04-06,0.57410000,0.58960000,0.57140000,0.58360000,50089819.80000000,29118920.52321000,56259
2024-04-07,0.58370000,0.59720000,0.58170000,0.58920000,71643798.60000000,42279445.40078000,72584
2024-04-08,0.58930000,0.61660000,0.57930000,0.61370000,112868465.70000000,68122017.02044000,122567
2024-04-09,0.61370000,0.62420000,0.59030000,0.59120000,140670945.70000000,85268160.43877000,155088
2024-04-10,0.59120000,0.59410000,0.55720000,0.58620000,146079444.20000000,84358284.19816000,167863
2024-04-11,0.58620000,0.59450000,0.57550000,0.58580000,80939649.60000000,47367800.70575000,90706
2024-04-12,0.58580000,0.59240000,0.45000000,0.50270000,446034030.90000000,227864370.22858000,443395
2024-04-13,0.50270000,0.51640000,0.39940000,0.44490000,475184725.60000000,218903488.08946000,536006
2024-04-14,0.44480000,0.47780000,0.43220000,0.46730000,362259711.30000000,165123724.08509000,332613
2024-04-15,0.46730000,0.49520000,0.43880000,0.46100000,269902887.30000000,126454142.74097000,237149
2024-04-16,0.46100000,0.47810000,0.43910000,0.45830000,171457504.80000000,78289241.86448000,180901
2024-04-17,0.45830000,0.46510000,0.42720000,0.44400000,186425966.00000000,83021245.84132000,185276
2024-04-18,0.44410000,0.46100000,0.43430000,0.45800000,132581719.00000000,59534843.67902000,134862
2024-04-19,0.45800000,0.47580000,0.42270000,0.46820000,213036756.40000000,96883822.44349000,198336
2024-04-20,0.46810000,0.50830000,0.46430000,0.50720000,177539872.50000000,86698491.79806000,171139
2024-04-21,0.50730000,0.51260000,0.48740000,0.49930000,97169818.80000000,48677850.99213000,105342
2024-04-22,0.49940000,0.52250000,0.49480000,0.51670000,109611168.00000000,56031727.16984000,127940
2024-04-23,0.51670000,0.52170000,0.49700000,0.50000000,114960663.50000000,58678250.12220000,119106
2024-04-24,0.49990000,0.51090000,0.46880000,0.47460000,160604995.80000000,78451653.77002000,150045
2024-04-25,0.47470000,0.48000000,0.46240000,0.47050000,91924876.10000000,43331093.08899000,90790
2024-04-26,0.47050000,0.47890000,0.46070000,0.46310000,83089637.10000000,38940003.64821000,87945
2024-04-27,0.46310000,0.47010000,0.44400000,0.46750000,95742384.20000000,43867958.81980000,89923
2024-04-28,0.46750000,0.47850000,0.45830000,0.46030000,64574729.50000000,30366549.69675000,59600
2024-04-29,0.46020000,0.46380000,0.44630000,0.45710000,76427014.00000000,34730463.81560000,71499
2024-04-30,0.45720000,0.46320000,0.42540000,0.44120000,126093063.60000000,55421261.73619000,123370
2024-05-01,0.44120000,0.45790000,0.41840000,0.45010000,163802414.70000000,71594071.35311000,149989
2024-05-02,0.45010000,0.46250000,0.43860000,0.45780000,93572218.40000000,42319196.15291000,83746
2024-05-03,0.45770000,0.47360000,0.44620000,0.46730000,97178116.80000000,44648666.51899000,93433
2024-05-04,0.46740000,0.47590000,0.46230000,0.46330000,61758692.40000000,28911999.06133000,61336
2024-05-05,0.46330000,0.46610000,0.45210000,0.45800000,65843432.50000000,30200843.52235000,65359
2024-05-06,0.45790000,0.47570000,0.45130000,0.45410000,100853816.90000000,46633151.99921000,99144
2024-05-07,0.45400000,0.45670000,0.44070000,0.44140000,86403537.30000000,38897002.23939000,71431
2024-05-08,0.44130000,0.46900000,0.43630000,0.45180000,155420658.90000000,70427745.46414000,152847
2024-05-09,0.45170000,0.46450000,0.44690000,0.46350000,85381130.60000000,38976821.72827000,74835
2024-05-10,0.46350000,0.46880000,0.44310000,0.44790000,86117375.20000000,39254568.16762000,87345
2024-05-11,0.44790000,0.45110000,0.43790000,0.43900000,44305780.00000000,19673649.14965000,43655
2024-05-12,0.43880000,0.44360000,0.43310000,0.43770000,33671129.00000000,14799676.88344000,32555
2024-05-13,0.43780000,0.45320000,0.42510000,0.43680000,108437847.90000000,47798241.21495000,100218
2024-05-14,0.43670000,0.43860000,0.42600000,0.42850000,77134834.90000000,33421457.93351000,65682
2024-05-15,0.42850000,0.45580000,0.42580000,0.45240000,87948334.10000000,38900798.88876000,79888
2024-05-16,0.45250000,0.46270000,0.44850000,0.45970000,94019232.90000000,42887894.81811000,81356
2024-05-17,0.45980000,0.49070000,0.45500000,0.48240000,108680341.70000000,51853600.50721000,121417
2024-05-18,0.48250000,0.48600000,0.47550000,0.48200000,45922360.70000000,22115170.35277000,59995
2024-05-19,0.48190000,0.48400000,0.46450000,0.46720000,52848896.00000000,25021027.31112000,60211
2024-05-20,0.46720000,0.50330000,0.46050000,0.50200000,152399432.60000000,72927561.98379000,160124
2024-05-21,0.50210000,0.51060000,0.49060000,0.49460000,140920414.10000000,70600411.63098000,144327
2024-05-22,0.49460000,0.49540000,0.47460000,0.48350000,100783629.40000000,48799465.95233000,117468
2024-05-23,0.48350000,0.48850000,0.44400000,0.46560000,164392270.60000000,76890034.58776000,188615
2024-05-24,0.46550000,0.46960000,0.45410000,0.46010000,79004514.80000000,36431003.00483000,79582
2024-05-25,0.46010000,0.46470000,0.45720000,0.46230000,52870401.30000000,24372294.37358000,54665
2024-05-26,0.46230000,0.46300000,0.45500000,0.45810000,47905238.80000000,22013464.63972000,44347
2024-05-27,0.45810000,0.47500000,0.45660000,0.46830000,77194284.10000000,35937546.34790000,79190
2024-05-28,0.46830000,0.46940000,0.45200000,0.45760000,103514209.40000000,47495451.41246000,91389
2024-05-29,0.45770000,0.46420000,0.45000000,0.45120000,86483314.00000000,39578860.67207000,82306
2024-05-30,0.45100000,0.45560000,0.44320000,0.44650000,88752476.40000000,39881480.79571000,84596
2024-05-31,0.44650000,0.45590000,0.44360000,0.44700000,62854052.20000000,28238493.71925000,73132
2024-06-01,0.44700000,0.45330000,0.44500000,0.44990000,31130909.60000000,13977185.03220000,33934
2024-06-02,0.44990000,0.45410000,0.44060000,0.44650000,59363693.50000000,26619426.84866000,59379
2024-06-03,0.44650000,0.46320000,0.44340000,0.45730000,75171575.40000000,34105898.49354000,68358
2024-06-04,0.45740000,0.46560000,0.45260000,0.46150000,61587251.60000000,28258769.33311000,61131
2024-06-05,0.46150000,0.46540000,0.45700000,0.46130000,63025277.70000000,29077104.10827000,58298
2024-06-06,0.46120000,0.46210000,0.45050000,0.45820000,60496507.50000000,27722021.31209000,55342
2024-06-07,0.45820000,0.49000000,0.42530000,0.44920000,239701551.50000000,111346027.05326000,248327
2024-06-08,0.44930000,0.44930000,0.43220000,0.43680000,89241948.80000000,39192998.45152000,84027
2024-06-09,0.43670000,0.44620000,0.43180000,0.44420000,42256582.20000000,18562590.53947000,43626
2024-06-10,0.44420000,0.45130000,0.43490000,0.44060000,86969425.30000000,38532499.99611000,76864
2024-06-11,0.44060000,0.44190000,0.41280000,0.42200000,138567339.00000000,59143143.94030000,119869
2024-06-12,0.42190000,0.44450000,0.41440000,0.43780000,121613605.30000000,52806119.42584000,110139
2024-06-13,0.43770000,0.43920000,0.41910000,0.42100000,110639835.00000000,47432274.55429000,88248
2024-06-14,0.42090000,0.42480000,0.40000000,0.41200000,116922808.40000000,48157446.53826000,99069
2024-06-15,0.41210000,0.41580000,0.40820000,0.41400000,47189963.70000000,19445156.27337000,43042
2024-06-16,0.41400000,0.41930000,0.40900000,0.41680000,37640933.20000000,15610828.19778000,32813
2024-06-17,0.41670000,0.42100000,0.39010000,0.40130000,124025287.90000000,50346641.98037000,106383
2024-06-18,0.40130000,0.40270000,0.35750000,0.38370000,215871708.00000000,81092479.77981000,198776
2024-06-19,0.38360000,0.39780000,0.38010000,0.38440000,84821749.00000000,32891373.61538000,78784
2024-06-20,0.38450000,0.39740000,0.37720000,0.38440000,81788373.70000000,31716076.79250000,66770
2024-06-21,0.38440000,0.39090000,0.37360000,0.37600000,77104500.30000000,29454853.69614000,67765
2024-06-22,0.37600000,0.39120000,0.37140000,0.38460000,76900986.80000000,29378377.48820000,77134
2024-06-23,0.38470000,0.39340000,0.37850000,0.38000000,56593832.50000000,21862474.68652000,51838
2024-06-24,0.38010000,0.38170000,0.36100000,0.37770000,119340661.40000000,44493268.71680000,100700
2024-06-25,0.37770000,0.39740000,0.37690000,0.39180000,70104337.40000000,27318559.34504000,70592
2024-06-26,0.39180000,0.39650000,0.38240000,0.38500000,80311716.80000000,31297977.65222000,73528
2024-06-27,0.38500000,0.39410000,0.37770000,0.39130000,83592286.90000000,32248792.68248000,75973
2024-06-28,0.39130000,0.39700000,0.38510000,0.38580000,92147447.10000000,36021266.51871000,86727
2024-06-29,0.38580000,0.40390000,0.38320000,0.38410000,70624426.80000000,27826176.77712000,72455
2024-06-30,0.38400000,0.39440000,0.37850000,0.39240000,52136153.20000000,20134850.80757000,58926
2024-07-01,0.39250000,0.40860000,0.39150000,0.40320000,70915901.70000000,28441048.94516000,81769
2024-07-02,0.40330000,0.41980000,0.40270000,0.41840000,67487705.80000000,27865669.60142000,80214
2024-07-03,0.41840000,0.42350000,0.40010000,0.40690000,98718851.90000000,40480878.15308000,115649
2024-07-04,0.40700000,0.41390000,0.36140000,0.36230000,149416521.30000000,57688891.88565000,157492
2024-07-05,0.36220000,0.36230000,0.31650000,0.35010000,323282253.60000000,109391384.36938000,301015
2024-07-06,0.35010000,0.37330000,0.34640000,0.37070000,90921251.50000000,32628222.94485000,88153
2024-07-07,0.37070000,0.37160000,0.34440000,0.34660000,74443934.60000000,26842781.18791000,86242
2024-07-08,0.34670000,0.38020000,0.33010000,0.36910000,178789658.00000000,64249693.71403000,190458
2024-07-09,0.36910000,0.38090000,0.36260000,0.37540000,71495085.00000000,26606567.69477000,80698
2024-07-10,0.37550000,0.39000000,0.37170000,0.38850000,63358979.60000000,24263713.42823000,73423
2024-07-11,0.38850000,0.40500000,0.38440000,0.39590000,87567536.70000000,34583952.74703000,122360
2024-07-12,0.39600000,0.41810000,0.39320000,0.41650000,100898164.40000000,40899016.90779000,131113
2024-07-13,0.41660000,0.44640000,0.41150000,0.44160000,98135951.10000000,42155177.36898000,146703
2024-07-14,0.44160000,0.44500000,0.42480000,0.43170000,101540405.40000000,43896806.92703000,126876
2024-07-15,0.43170000,0.44580000,0.43100000,0.44490000,125566239.60000000,54944419.76773000,164760
2024-07-16,0.44490000,0.45260000,0.42640000,0.43810000,126834589.90000000,55759694.72726000,182656
2024-07-17,0.43810000,0.45700000,0.43530000,0.43590000,105320100.00000000,46949426.48429000,153375
2024-07-18,0.43590000,0.44980000,0.41990000,0.42340000,80622639.40000000,34984535.29723000,133268
2024-07-19,0.42350000,0.44290000,0.41450000,0.43900000,80349138.60000000,34412546.25986000,121684
2024-07-20,0.43890000,0.44190000,0.42750000,0.43730000,54136437.10000000,23557735.17184000,73691
2024-07-21,0.43730000,0.44900000,0.41660000,0.44690000,85361994.30000000,36934905.13471000,111682
2024-07-22,0.44700000,0.45040000,0.42340000,0.42620000,79086035.00000000,34378311.77136000,109397
2024-07-23,0.42610000,0.42960000,0.40280000,0.41000000,86052015.50000000,35884223.79450000,104821
2024-07-24,0.41000000,0.42170000,0.40380000,0.40630000,97197388.20000000,40178257.66473000,118751
2024-07-25,0.40620000,0.40850000,0.38160000,0.39480000,96406178.50000000,37930903.42011000,121115
2024-07-26,0.39480000,0.41990000,0.39440000,0.41720000,59178553.10000000,24312011.24585000,72410
2024-07-27,0.41720000,0.42920000,0.41260000,0.41760000,171402225.10000000,72168104.72741000,137712
2024-07-28,0.41760000,0.42070000,0.40430000,0.40730000,80650723.30000000,33147595.68855000,78169
2024-07-29,0.40720000,0.42720000,0.40300000,0.40310000,83989483.10000000,34850252.14824000,117524
2024-07-30,0.40310000,0.40770000,0.39400000,0.40150000,66547192.10000000,26757483.31088000,93170
2024-07-31,0.40150000,0.40780000,0.38710000,0.38820000,64025495.70000000,25551374.49652000,105922
2024-08-01,0.38810000,0.39580000,0.36810000,0.39250000,93185663.40000000,35586142.99418000,152817
2024-08-02,0.39250000,0.39520000,0.35780000,0.36360000,122506209.60000000,45823735.50172000,205456
2024-08-03,0.36370000,0.37300000,0.34890000,0.36460000,87498771.30000000,31546579.69966000,150751
2024-08-04,0.36460000,0.36770000,0.33350000,0.34420000,97503415.00000000,34078114.86182000,149844
2024-08-05,0.34420000,0.34600000,0.27560000,0.31190000,592112788.20000000,180464778.47691000,561651
2024-08-06,0.31180000,0.33690000,0.31140000,0.33100000,125385161.00000000,41158436.51991000,195665
2024-08-07,0.33100000,0.34100000,0.31610000,0.32410000,108079429.60000000,35497401.23938000,220716
2024-08-08,0.32410000,0.35350000,0.31870000,0.35160000,108236428.80000000,36508170.22061000,176786
2024-08-09,0.35150000,0.35450000,0.33650000,0.34830000,75715466.20000000,26216485.81025000,140651
2024-08-10,0.34840000,0.35240000,0.34420000,0.34570000,32923978.40000000,11423301.86095000,64583
2024-08-11,0.34560000,0.35660000,0.32690000,0.32760000,58078474.90000000,19779040.65426000,101080
2024-08-12,0.32760000,0.34470000,0.32630000,0.33900000,75901662.90000000,25517844.71399000,143889
2024-08-13,0.33890000,0.34510000,0.33060000,0.34000000,46778962.10000000,15826195.52254000,107236
2024-08-14,0.34000000,0.34570000,0.33080000,0.33520000,52329030.80000000,17697898.64046000,115396
2024-08-15,0.33530000,0.34190000,0.32040000,0.32480000,73704919.90000000,24373093.19421000,144762
2024-08-16,0.32490000,0.34550000,0.32020000,0.33010000,89181725.20000000,29555233.79355000,172514
2024-08-17,0.33010000,0.33880000,0.32740000,0.33730000,37562981.30000000,12515048.67529000,61721
2024-08-18,0.33740000,0.34000000,0.33270000,0.33420000,31399291.80000000,10580021.80612000,57071
2024-08-19,0.33420000,0.33780000,0.32760000,0.33670000,59429594.30000000,19788254.56697000,92479
2024-08-20,0.33670000,0.34830000,0.33520000,0.34340000,67569520.80000000,23143570.43896000,104116
2024-08-21,0.34340000,0.37750000,0.34230000,0.36890000,120694348.60000000,43563016.46901000,247209
2024-08-22,0.36890000,0.37750000,0.36420000,0.37630000,74918204.00000000,27734780.14039000,156326
2024-08-23,0.37630000,0.39260000,0.37360000,0.39120000,103804942.50000000,39686362.78498000,268214
2024-08-24,0.39120000,0.40140000,0.38770000,0.39350000,68874709.60000000,27123357.61733000,205788
2024-08-25,0.39350000,0.39440000,0.37750000,0.38490000,64228390.30000000,24732018.37110000,241718
2024-08-26,0.38490000,0.38800000,0.36590000,0.36610000,85653817.50000000,32118143.22696000,227132
2024-08-27,0.36610000,0.37290000,0.34190000,0.35030000,95443201.90000000,34428530.95745000,223076
2024-08-28,0.35030000,0.36060000,0.34060000,0.35020000,90938224.20000000,31959995.68488000,288052
2024-08-29,0.35020000,0.36760000,0.34910000,0.35780000,80645542.30000000,28871272.77741000,197636
2024-08-30,0.35770000,0.36210000,0.33730000,0.34690000,103161060.80000000,36065503.48475000,192643
2024-08-31,0.34690000,0.35040000,0.34440000,0.34500000,27057484.00000000,9401221.31354000,59163
2024-09-01,0.34510000,0.34580000,0.32670000,0.33110000,63866107.40000000,21576847.55713000,152324
2024-09-02,0.33100000,0.33740000,0.32500000,0.33620000,70472662.00000000,23346486.10924000,213393
2024-09-03,0.33620000,0.33980000,0.31720000,0.31850000,75474745.40000000,24655499.10051000,222493
2024-09-04,0.31840000,0.32930000,0.30500000,0.32310000,120424863.10000000,38272165.26498000,343762
2024-09-05,0.32310000,0.34010000,0.31950000,0.32510000,116970963.20000000,38329928.95744000,282145
2024-09-06,0.32510000,0.33190000,0.30340000,0.31480000,132485885.10000000,42088731.58756000,379329
2024-09-07,0.31480000,0.32780000,0.31450000,0.32530000,44625799.50000000,14403332.42672000,113613
2024-09-08,0.32530000,0.34090000,0.32370000,0.33900000,71465766.90000000,23957127.56624000,160840
2024-09-09,0.33900000,0.34890000,0.33760000,0.34350000,80797659.40000000,27714662.69312000,177186
2024-09-10,0.34340000,0.34570000,0.33740000,0.34310000,51064979.80000000,17461709.76715000,104783
2024-09-11,0.34310000,0.35730000,0.33000000,0.35320000,76745712.00000000,26214315.00980000,140301
2024-09-12,0.35320000,0.36170000,0.35200000,0.35640000,83045574.50000000,29602545.02477000,129723
2024-09-13,0.35630000,0.36500000,0.35030000,0.36060000,61642001.20000000,22055527.65031000,114399
2024-09-14,0.36060000,0.36170000,0.35100000,0.35390000,40948020.20000000,14578837.84586000,83311
2024-09-15,0.35400000,0.35630000,0.33410000,0.33850000,67858002.30000000,23456694.84990000,118876
2024-09-16,0.33860000,0.33860000,0.32640000,0.33030000,66210102.20000000,21961646.14068000,117729
2024-09-17,0.33020000,0.34310000,0.32840000,0.33380000,58973434.30000000,19759440.14434000,103629
2024-09-18,0.33370000,0.34430000,0.32720000,0.34410000,70247471.40000000,23468594.36136000,136571
2024-09-19,0.34420000,0.35640000,0.34420000,0.35100000,88788525.30000000,31095073.69584000,119369
2024-09-20,0.35100000,0.36130000,0.34880000,0.35220000,63999487.40000000,22773273.44332000,119741
2024-09-21,0.35220000,0.36000000,0.35050000,0.35840000,40999174.40000000,14571366.98161000,81158
2024-09-22,0.35840000,0.35940000,0.34270000,0.35170000,53113544.00000000,18648055.27942000,116448
2024-09-23,0.35160000,0.36580000,0.34530000,0.36370000,80568015.70000000,28798880.72153000,141180
2024-09-24,0.36360000,0.39160000,0.35840000,0.38780000,111968849.80000000,41883298.55876000,216772
2024-09-25,0.38780000,0.39400000,0.37880000,0.38090000,80684494.90000000,31049646.40542000,154577
2024-09-26,0.38090000,0.40400000,0.37790000,0.40140000,95788917.10000000,37848155.72926000,195367
2024-09-27,0.40150000,0.41580000,0.39930000,0.40170000,86996776.40000000,35328672.38515000,202415
2024-09-28,0.40170000,0.40590000,0.39220000,0.40060000,55901976.60000000,22364857.09757000,144626
2024-09-29,0.40060000,0.40420000,0.39260000,0.39750000,42444987.10000000,16912239.39035000,121948
2024-09-30,0.39760000,0.39770000,0.37070000,0.37330000,80942545.40000000,31118145.05097000,194146
2024-10-01,0.37330000,0.38600000,0.34240000,0.35200000,137861330.30000000,50119679.14483000,285437
2024-10-02,0.35200000,0.36300000,0.33550000,0.34320000,107703672.00000000,37630588.09050000,230571
2024-10-03,0.34320000,0.34960000,0.33180000,0.34530000,79813638.70000000,27184787.35797000,185934
2024-10-04,0.34520000,0.35610000,0.34290000,0.35170000,61770930.40000000,21665466.49471000,141674
2024-10-05,0.35170000,0.35580000,0.34540000,0.35100000,39356208.50000000,13835732.62240000,97550
2024-10-06,0.35100000,0.35850000,0.34790000,0.35750000,37440683.00000000,13194400.03006000,88118
2024-10-07,0.35740000,0.36850000,0.35020000,0.35120000,75937962.20000000,27267471.37073000,160841
2024-10-08,0.35120000,0.35700000,0.34080000,0.34480000,54948911.40000000,19179500.95234000,105466
2024-10-09,0.34470000,0.34800000,0.33380000,0.33960000,69541560.10000000,23713824.97256000,110712
2024-10-10,0.33950000,0.34180000,0.33150000,0.33960000,51099496.50000000,17220252.45534000,95982
2024-10-11,0.33960000,0.35500000,0.33820000,0.35170000,49113139.90000000,17000480.45195000,89287
2024-10-12,0.35170000,0.35680000,0.35090000,0.35320000,33454950.90000000,11833834.80273000,71587
2024-10-13,0.35320000,0.35960000,0.34430000,0.34860000,50520578.70000000,17755450.82405000,98538
2024-10-14,0.34850000,0.36560000,0.34220000,0.36430000,90929339.30000000,32476509.76385000,151853
2024-10-15,0.36440000,0.37110000,0.34750000,0.35910000,133653350.70000000,48007256.90598000,198732
2024-10-16,0.35920000,0.36110000,0.35090000,0.35210000,72607298.70000000,25829124.39564000,91293
2024-10-17,0.35220000,0.35510000,0.33930000,0.34320000,110730558.50000000,38422451.35969000,99975
2024-10-18,0.34320000,0.35300000,0.34260000,0.35070000,56351424.90000000,19618163.29776000,69870
2024-10-19,0.35070000,0.35700000,0.34920000,0.35130000,41140586.40000000,14502635.43403000,59718
2024-10-20,0.35130000,0.36580000,0.34820000,0.36490000,58891202.70000000,21035718.72340000,87724
2024-10-21,0.36490000,0.37290000,0.35310000,0.36090000,97553069.70000000,35445304.47100000,134126
2024-10-22,0.36090000,0.36810000,0.35500000,0.36450000,91803259.80000000,33294159.15781000,122377
2024-10-23,0.36450000,0.36920000,0.34230000,0.34970000,96931163.70000000,34433375.59756000,125022
2024-10-24,0.34970000,0.35510000,0.33960000,0.34650000,94252442.00000000,32590939.37675000,121743
2024-10-25,0.34650000,0.34720000,0.31410000,0.32610000,158570967.80000000,53089548.39904000,188648
2024-10-26,0.32600000,0.33500000,0.32060000,0.33370000,84287990.40000000,27698932.47855000,93650
2024-10-27,0.33380000,0.34240000,0.33090000,0.33990000,37089150.40000000,12498092.31290000,57739
2024-10-28,0.33980000,0.34800000,0.33030000,0.34370000,89286920.00000000,30227598.12858000,102264
2024-10-29,0.34380000,0.35700000,0.34280000,0.35610000,93763509.90000000,32802725.83112000,110537
2024-10-30,0.35620000,0.36400000,0.35070000,0.35500000,94701157.40000000,33779307.35949000,141829
2024-10-31,0.35510000,0.36130000,0.34020000,0.34180000,91529863.70000000,32123418.77382000,127201
2024-11-01,0.34170000,0.36200000,0.33410000,0.35750000,130382524.70000000,45832676.18841000,169339
2024-11-02,0.35750000,0.36390000,0.34530000,0.34820000,79245372.90000000,28166467.62657000,108943
2024-11-03,0.34820000,0.34820000,0.32750000,0.33410000,103816230.40000000,34906511.46879000,140371
2024-11-04,0.33400000,0.33680000,0.32010000,0.32630000,88647140.40000000,29142616.18191000,113775
2024-11-05,0.32630000,0.33820000,0.32600000,0.33360000,80194966.40000000,26701621.28120000,91786
2024-11-06,0.33360000,0.36590000,0.33350000,0.36300000,210331494.80000000,74999653.61998000,240874
2024-11-07,0.36310000,0.40680000,0.36130000,0.40650000,213370214.50000000,81824519.64195000,269291
2024-11-08,0.40660000,0.45870000,0.40380000,0.44470000,478265867.00000000,207549647.20959000,669223
2024-11-09,0.44470000,0.49860000,0.42720000,0.49670000,225441944.30000000,101394490.11451000,294226
2024-11-10,0.49680000,0.65990000,0.48800000,0.59010000,1158588378.10000000,677072194.48253000,1832674
2024-11-11,0.59030000,0.62480000,0.55750000,0.61320000,596396671.80000000,355765330.02167000,1002859
2024-11-12,0.61310000,0.65410000,0.55500000,0.57090000,695933476.40000000,413181220.09520000,1377066
2024-11-13,0.57090000,0.60980000,0.51920000,0.57830000,603213656.10000000,339450439.45163000,939380
2024-11-14,0.57830000,0.60000000,0.54170000,0.57920000,351116093.60000000,199769598.40681000,540537
2024-11-15,0.57900000,0.70750000,0.57470000,0.70710000,883876827.20000000,569033307.29551000,1593812
2024-11-16,0.70710000,0.81930000,0.70260000,0.74160000,1131924924.10000000,848836232.19545000,2595002
2024-11-17,0.74160000,0.77980000,0.68930000,0.70260000,474262736.40000000,343209116.65849000,903735
2024-11-18,0.70260000,0.78390000,0.70020000,0.73250000,442341128.20000000,330666463.31476000,888793
2024-11-19,0.73240000,0.76500000,0.72000000,0.73870000,297007303.00000000,220052984.09587000,737560
2024-11-20,0.73860000,0.84840000,0.73840000,0.80030000,729698432.00000000,589176003.92552000,1840954
2024-11-21,0.80030000,0.82390000,0.76550000,0.82180000,486701467.70000000,385320898.48423000,1114578
2024-11-22,0.82190000,1.04400000,0.81230000,1.01750000,1031366149.70000000,951601355.45730000,2656816
2024-11-23,1.01750000,1.15420000,1.01570000,1.06580000,919763706.70000000,999895519.19869000,3007293
2024-11-24,1.06590000,1.09780000,0.93640000,1.02260000,581357178.00000000,589527198.16959000,1639356
2024-11-25,1.02280000,1.07780000,0.92940000,0.94350000,504171181.20000000,510126715.76066000,1356295
2024-11-26,0.94350000,0.98990000,0.87430000,0.96030000,479192975.70000000,446012171.51782000,930730
2024-11-27,0.96020000,1.04190000,0.93120000,1.01160000,383499059.90000000,381685157.39903000,726784
2024-11-28,1.01140000,1.04910000,0.96930000,1.03210000,254849669.50000000,255775297.24479000,483834
2024-11-29,1.03210000,1.09960000,1.02740000,1.07550000,351237724.50000000,372030464.58834000,710434
2024-11-30,1.07540000,1.14980000,1.04980000,1.07900000,369560299.20000000,404695449.93611000,788864
2024-12-01,1.07900000,1.16330000,1.03750000,1.14960000,372853685.80000000,408454755.18449000,752578
2024-12-02,1.14970000,1.24240000,1.05670000,1.20220000,866951754.40000000,1004619832.02816000,1985411
2024-12-03,1.20220000,1.32640000,1.14010000,1.19140000,802151381.20000000,996076336.27460000,1777776
2024-12-04,1.19150000,1.24170000,1.14030000,1.18710000,383350912.10000000,459038776.08453000,1002570
2024-12-05,1.18710000,1.24450000,1.11380000,1.15970000,413686149.80000000,493326782.85723000,1170543
2024-12-06,1.15990000,1.23750000,1.13360000,1.22780000,311787487.70000000,370336806.48191000,809045
2024-12-07,1.22780000,1.23690000,1.18810000,1.21030000,165417822.90000000,200216501.79526000,507595
2024-12-08,1.21030000,1.22400000,1.17230000,1.19360000,255648168.30000000,305471310.07778000,620438
2024-12-09,1.19360000,1.19360000,0.91000000,1.00340000,618530935.00000000,656856497.65303000,1373897
2024-12-10,1.00350000,1.03780000,0.91000000,1.02150000,628873381.30000000,620337470.36458000,1135695
2024-12-11,1.02150000,1.11500000,0.97180000,1.08680000,361950376.30000000,381253713.21657000,625086
2024-12-12,1.08690000,1.18190000,1.07280000,1.12310000,338015830.60000000,384694616.50235000,762518
2024-12-13,1.12310000,1.13080000,1.07740000,1.12130000,180296167.70000000,198879696.07751000,472985
2024-12-14,1.12130000,1.13320000,1.04310000,1.06100000,138860581.30000000,151054575.98239000,326779
2024-12-15,1.06090000,1.11230000,1.03890000,1.09960000,139414086.30000000,150364364.25680000,373038
2024-12-16,1.09950000,1.12100000,1.04740000,1.07750000,220525179.70000000,240019551.40804000,628367
2024-12-17,1.07750000,1.11190000,1.04180000,1.05220000,252529517.40000000,272307044.62170000,611324
2024-12-18,1.05230000,1.06020000,0.95800000,0.96810000,375972520.00000000,381153020.99213000,764116
2024-12-19,0.96820000,0.98900000,0.84750000,0.88060000,447732655.10000000,412799537.41702000,965598
2024-12-20,0.88060000,0.95960000,0.76200000,0.95010000,594787205.10000000,505957923.75982000,1068804
2024-12-21,0.95000000,0.99790000,0.88670000,0.90520000,289558064.40000000,271285306.19440000,580092
2024-12-22,0.90530000,0.92490000,0.85890000,0.88340000,234703947.60000000,209338752.62592000,444124
2024-12-23,0.88350000,0.94250000,0.86190000,0.92640000,245984682.70000000,220346228.35005000,488005
2024-12-24,0.92650000,0.95070000,0.89180000,0.93580000,165078579.20000000,152125524.91007000,355489
2024-12-25,0.93570000,0.94030000,0.90000000,0.91760000,95106199.70000000,87484993.18814000,245903
2024-12-26,0.91760000,0.92810000,0.85070000,0.86110000,131074807.30000000,115033223.24511000,275243
2024-12-27,0.86110000,0.91470000,0.85500000,0.87710000,134800242.80000000,119074484.61098000,322382
2024-12-28,0.87710000,0.90000000,0.86620000,0.88950000,79029125.60000000,69514216.91419000,212022
2024-12-29,0.88950000,0.91230000,0.85100000,0.85900000,105900380.70000000,93448345.93245000,239856
2024-12-30,0.85900000,0.90480000,0.82960000,0.86150000,168318692.60000000,145131815.83974000,369154
2024-12-31,0.86160000,0.87910000,0.83970000,0.84510000,107355712.50000000,92144216.53289000,253859
2025-01-01,0.84500000,0.93550000,0.83800000,0.92220000,171861317.30000000,153287717.95969000,394096
2025-01-02,0.92220000,0.98280000,0.92220000,0.96120000,194982188.50000000,186027073.22985000,491830
2025-01-03,0.96120000,1.11940000,0.95690000,1.08940000,388427400.90000000,412185601.55579000,1012138
2025-01-04,1.08940000,1.11440000,1.05650000,1.07070000,168969002.60000000,182111468.11348000,482010
2025-01-05,1.07070000,1.11500000,1.05210000,1.09110000,171630835.30000000,186330382.64185000,525282
2025-01-06,1.09110000,1.11620000,1.05750000,1.09340000,181395918.90000000,197695924.05306000,554712
2025-01-07,1.09340000,1.15190000,0.98800000,0.98920000,365562839.20000000,392107377.97835000,1018590
2025-01-08,0.98930000,1.02420000,0.90790000,0.94680000,369801375.90000000,355425471.97831000,909967
2025-01-09,0.94670000,0.96040000,0.87980000,0.90450000,239358339.90000000,219018673.38349000,533150
2025-01-10,0.90450000,0.97400000,0.90400000,0.93030000,208259628.30000000,195036479.13336000,563378
2025-01-11,0.93030000,1.01760000,0.91340000,0.99550000,146491610.60000000,141064184.34762000,378932
2025-01-12,0.99550000,1.03690000,0.96130000,0.96770000,196542136.00000000,196621401.95457000,931506
2025-01-13,0.96760000,0.99380000,0.87580000,0.94440000,288677979.10000000,266802657.96545000,1019494
2025-01-14,0.94440000,1.01090000,0.93800000,0.99720000,187168513.00000000,182641785.74172000,643019
2025-01-15,0.99720000,1.09000000,0.98790000,1.07550000,384217805.30000000,400280349.15709000,1460275
2025-01-16,1.07550000,1.14500000,1.02730000,1.08920000,383249639.40000000,416688678.53740000,1664449
2025-01-17,1.08930000,1.16620000,1.08540000,1.13300000,276530914.40000000,311178355.46964000,1083643
2025-01-18,1.13310000,1.14660000,1.04820000,1.10450000,256781980.90000000,277183564.57415000,854851
2025-01-19,1.10440000,1.15200000,0.96360000,0.99300000,560820593.60000000,591660749.09068000,1850941
2025-01-20,0.99300000,1.10140000,0.95940000,1.00940000,464297968.40000000,479018113.56034000,1614437
2025-01-21,1.00950000,1.02880000,0.95080000,1.00580000,303337850.20000000,299682154.44694000,1204808
2025-01-22,1.00590000,1.01990000,0.97590000,0.98270000,147886319.80000000,147500242.17866000,665826
2025-01-23,0.98270000,1.01180000,0.95120000,0.98670000,192569354.50000000,188553394.45486000,895048
2025-01-24,0.98670000,1.01000000,0.96360000,0.97120000,124426928.30000000,123307322.88768000,581934
2025-01-25,0.97120000,0.99190000,0.96420000,0.97660000,56721656.80000000,55530554.54648000,304870
2025-01-26,0.97660000,1.00030000,0.95150000,0.95300000,73197919.30000000,71946568.23196000,385840
2025-01-27,0.95300000,0.95870000,0.85680000,0.93450000,257950415.80000000,233275349.50049000,1281926
2025-01-28,0.93460000,0.96840000,0.90310000,0.91690000,124707222.90000000,117808064.83354000,673282
2025-01-29,0.91680000,0.96030000,0.90180000,0.93990000,135142289.70000000,126108234.87981000,639765
2025-01-30,0.93980000,0.98860000,0.93630000,0.95950000,86721138.90000000,83800863.79312000,415435
2025-01-31,0.95950000,0.98370000,0.93470000,0.94290000,113818765.20000000,109123278.84919000,512893
2025-02-01,0.94280000,0.95760000,0.88750000,0.89480000,88384785.80000000,81763836.86661000,414099
2025-02-02,0.89470000,0.91130000,0.75130000,0.80520000,340523726.60000000,281001946.27750000,1649257
2025-02-03,0.80510000,0.82450000,0.50600000,0.81200000,1336951229.50000000,923046921.96711000,3842040
2025-02-04,0.81210000,0.81980000,0.71500000,0.74390000,336202720.80000000,254723883.69626000,1294772
2025-02-05,0.74400000,0.77640000,0.72510000,0.73250000,174717874.30000000,131046286.55324000,714615
2025-02-06,0.73250000,0.76600000,0.69780000,0.70520000,187578647.30000000,136652192.35838000,698718
2025-02-07,0.70520000,0.75320000,0.69020000,0.70720000,206190185.90000000,149143599.07408000,772585
2025-02-08,0.70720000,0.71800000,0.68150000,0.70050000,106440011.10000000,74135811.71145000,392282
2025-02-09,0.70060000,0.71600000,0.65030000,0.68140000,145972643.50000000,99924644.60889000,462338
2025-02-10,0.68150000,0.72450000,0.66320000,0.71210000,168781925.40000000,117792945.62019000,672885
2025-02-11,0.71210000,0.82130000,0.71010000,0.77810000,364029512.70000000,284354724.20044000,1328554
2025-02-12,0.77820000,0.80790000,0.74480000,0.79970000,271335009.30000000,210062134.21233000,1026795
2025-02-13,0.79980000,0.83090000,0.76930000,0.81070000,148408733.00000000,117486749.75232000,687370
2025-02-14,0.81070000,0.82930000,0.78910000,0.79980000,144880343.50000000,117214064.41319000,736090
2025-02-15,0.79970000,0.81410000,0.77450000,0.78110000,72649439.80000000,57679701.87928000,408639
2025-02-16,0.78110000,0.78930000,0.76150000,0.77140000,62651373.50000000,48598755.97143000,366819
2025-02-17,0.77140000,0.82910000,0.77050000,0.80890000,193681003.30000000,155718387.55634000,920809
2025-02-18,0.80890000,0.81400000,0.73510000,0.75410000,173068755.80000000,133260460.33976000,907541
2025-02-19,0.75420000,0.77610000,0.73280000,0.77380000,118560241.80000000,90022856.37791000,644726
2025-02-20,0.77370000,0.81110000,0.77030000,0.80360000,123013598.30000000,97238355.65307000,508506
2025-02-21,0.80360000,0.81870000,0.75010000,0.76210000,176129521.60000000,138674282.64158000,834305
2025-02-22,0.76220000,0.78450000,0.75710000,0.77340000,70048824.60000000,54011115.74636000,335421
2025-02-23,0.77330000,0.78830000,0.75960000,0.76970000,68066469.60000000,52472981.66961000,288761
2025-02-24,0.76980000,0.77740000,0.67000000,0.68160000,187852768.20000000,135106086.43040000,889937
2025-02-25,0.68160000,0.69500000,0.63020000,0.68320000,314619948.70000000,208447374.60304000,1522187
2025-02-26,0.68320000,0.69540000,0.63120000,0.64740000,188683060.20000000,125658919.32353000,769375
2025-02-27,0.64750000,0.67980000,0.62630000,0.64510000,119338095.80000000,78277715.32011000,545748
2025-02-28,0.64510000,0.64660000,0.58010000,0.63280000,258110432.80000000,157733442.35881000,987218
2025-03-01,0.63280000,0.67700000,0.62520000,0.65930000,101845318.30000000,65804740.21261000,367448
2025-03-02,0.65930000,1.14880000,0.64500000,1.13500000,1462027409.90000000,1411488435.46581000,4254021
2025-03-03,1.13490000,1.17470000,0.82280000,0.85780000,1410346466.60000000,1367524113.78779000,4377602
2025-03-04,0.85770000,0.95620000,0.75760000,0.94090000,1103033777.60000000,934759235.92050000,3541324
2025-03-05,0.94090000,1.02780000,0.91360000,0.97410000,684542897.20000000,660407721.26487000,2449251
2025-03-06,0.97410000,0.98860000,0.88540000,0.90650000,426709138.10000000,398596834.42932000,1636895
2025-03-07,0.90650000,0.92060000,0.80640000,0.81810000,789791963.00000000,673088216.47782000,2184983
2025-03-08,0.81800000,0.83920000,0.79310000,0.80520000,195763913.60000000,159605847.88112000,688923
2025-03-09,0.80520000,0.81760000,0.70900000,0.72150000,341584369.90000000,260339574.12130000,1031830
2025-03-10,0.72160000,0.77860000,0.65820000,0.67120000,452130529.10000000,323089305.81462000,1317110
2025-03-11,0.67110000,0.74440000,0.64710000,0.72410000,418368477.70000000,296781875.96069000,1162699
2025-03-12,0.72400000,0.77000000,0.71110000,0.73600000,272406998.10000000,200223311.07232000,864442
2025-03-13,0.73600000,0.74200000,0.69090000,0.70300000,264883435.20000000,189638937.81745000,605768
2025-03-14,0.70300000,0.75140000,0.69630000,0.73730000,200723012.30000000,145727761.99987000,437237
2025-03-15,0.73720000,0.75940000,0.73090000,0.74680000,134638523.20000000,100365735.53095000,329027
2025-03-16,0.74680000,0.74730000,0.69360000,0.70490000,166304049.40000000,118795815.53379000,429300
2025-03-17,0.70490000,0.73200000,0.70240000,0.71750000,124793194.30000000,89824162.17278000,358239
2025-03-18,0.71750000,0.71840000,0.68160000,0.70170000,124187049.10000000,86693445.56522000,332412
2025-03-19,0.70170000,0.74700000,0.70030000,0.74360000,203333627.30000000,148107888.31596000,540518
2025-03-20,0.74360000,0.75540000,0.71200000,0.71800000,163787969.90000000,119745737.81105000,396576
2025-03-21,0.71790000,0.72770000,0.70060000,0.70500000,99337577.70000000,70699720.90876000,264566
2025-03-22,0.70500000,0.71610000,0.69710000,0.70140000,58014666.00000000,40980448.40510000,170194
2025-03-23,0.70150000,0.71600000,0.69170000,0.71070000,83791747.20000000,59185865.93141000,296671
2025-03-24,0.71060000,0.74520000,0.70550000,0.73200000,164891536.50000000,120039658.61984000,376989
2025-03-25,0.73200000,0.76660000,0.72090000,0.74480000,191707229.10000000,143354609.53041000,442665
2025-03-26,0.74470000,0.77440000,0.71970000,0.72870000,166873889.60000000,125009779.06008000,385185
2025-03-27,0.72880000,0.74440000,0.72090000,0.73810000,78374162.90000000,57646931.93526000,237055
2025-03-28,0.73810000,0.74650000,0.68950000,0.70620000,140942745.60000000,99880337.63729000,338942
2025-03-29,0.70620000,0.71220000,0.65880000,0.67320000,104353465.20000000,70728077.73035000,291770
2025-03-30,0.67330000,0.68770000,0.65120000,0.66120000,73774230.60000000,49517938.52411000,246971
2025-03-31,0.66130000,0.66550000,0.62960000,0.66180000,126559978.90000000,82455100.44599000,397861
2025-04-01,0.66180000,0.69490000,0.65770000,0.67700000,106364321.50000000,72012531.61113000,313155
2025-04-02,0.67710000,0.70980000,0.63480000,0.64000000,168146368.60000000,113932397.93491000,520332
2025-04-03,0.64000000,0.65760000,0.61300000,0.65080000,114219073.80000000,72816786.96394000,363102
2025-04-04,0.65090000,0.67170000,0.62750000,0.66030000,126446033.50000000,82513900.40815000,382720
2025-04-05,0.66030000,0.66750000,0.64480000,0.65470000,43762918.60000000,28674560.89888000,133525
2025-04-06,0.65470000,0.65530000,0.55970000,0.57370000,166216469.90000000,100114842.79883000,469365
2025-04-07,0.57370000,0.60550000,0.51100000,0.58640000,419069987.90000000,233993860.99050000,985451
2025-04-08,0.58630000,0.62010000,0.55280000,0.55830000,238977888.40000000,140376776.13991000,545644
2025-04-09,0.55830000,0.64640000,0.53660000,0.63150000,327515064.60000000,193514203.94054000,564483
2025-04-10,0.63150000,0.63380000,0.58570000,0.60940000,159599767.00000000,97760667.94915000,321380
2025-04-11,0.60940000,0.64500000,0.60590000,0.62390000,152727364.80000000,95660548.13439000,298083
2025-04-12,0.62390000,0.66750000,0.61700000,0.65950000,115874420.30000000,74989055.19792000,291188
2025-04-13,0.65960000,0.66870000,0.63010000,0.63830000,104410716.60000000,67661471.89077000,345697
2025-04-14,0.63830000,0.65750000,0.62770000,0.63530000,117699773.50000000,75576835.20768000,363782
2025-04-15,0.63530000,0.64860000,0.60700000,0.60910000,143898856.80000000,90697492.06722000,320564
2025-04-16,0.60900000,0.62450000,0.59460000,0.61050000,126774167.20000000,77158540.10763000,349107
2025-04-17,0.61060000,0.62990000,0.60880000,0.61670000,70142773.40000000,43465213.99385000,202175
2025-04-18,0.61690000,0.63200000,0.61040000,0.62750000,55674804.90000000,34564811.69458000,141516
2025-04-19,0.62760000,0.63490000,0.61910000,0.62820000,42619558.80000000,26778635.77132000,114533
2025-04-20,0.62820000,0.63480000,0.60950000,0.62020000,50246835.40000000,31191890.79860000,129056
2025-04-21,0.62030000,0.65070000,0.61590000,0.62420000,113722683.30000000,72235526.83227000,289831
2025-04-22,0.62410000,0.68500000,0.61530000,0.67940000,143341355.50000000,93428819.18997000,353122
2025-04-23,0.67940000,0.71830000,0.67740000,0.69770000,159614226.00000000,111432322.64062000,407938
2025-04-24,0.69780000,0.74600000,0.67010000,0.72190000,171690319.80000000,122204212.89687000,412572
2025-04-25,0.72200000,0.73310000,0.70190000,0.71350000,150864406.00000000,108219560.19004000,393385
2025-04-26,0.71350000,0.73440000,0.69960000,0.70700000,98567156.40000000,70618731.00000000,246805
2025-04-27,0.70700000,0.71850000,0.69070000,0.70320000,82135355.90000000,57661597.92464000,260075
2025-04-28,0.70330000,0.72900000,0.68210000,0.70560000,148303185.80000000,104331236.54364000,385904
2025-04-29,0.70570000,0.71810000,0.68880000,0.69580000,144681664.20000000,102458146.58677000,311429
2025-04-30,0.69570000,0.70370000,0.66470000,0.68160000,97477142.00000000,66716855.23126000,256309
2025-05-01,0.68160000,0.71460000,0.68140000,0.70500000,85930672.30000000,60296755.56027000,231221
2025-05-02,0.70500000,0.72550000,0.68880000,0.69810000,99617178.40000000,70400459.76870000,276257
2025-05-03,0.69820000,0.72970000,0.69170000,0.69950000,125664048.10000000,89479007.59030000,319383
2025-05-04,0.69950000,0.71470000,0.67180000,0.67620000,113830422.10000000,78686408.91985000,314083
2025-05-05,0.67620000,0.69200000,0.65410000,0.66220000,115627149.00000000,77361579.75511000,273909
2025-05-06,0.66210000,0.68070000,0.64260000,0.67890000,81419623.30000000,53668986.40121000,239320
2025-05-07,0.67890000,0.68920000,0.65500000,0.67150000,89497926.60000000,60284800.34541000,262327
2025-05-08,0.67160000,0.77100000,0.67000000,0.76930000,238990032.90000000,173217598.07426000,617670
2025-05-09,0.76940000,0.81800000,0.75320000,0.77740000,223733227.00000000,175253924.61107000,803420
2025-05-10,0.77730000,0.84350000,0.77040000,0.84060000,177651038.90000000,143415300.86881000,598657
2025-05-11,0.84060000,0.84660000,0.78130000,0.80530000,131407953.50000000,105878826.27742000,490471
2025-05-12,0.80540000,0.86430000,0.78020000,0.81700000,250186987.80000000,206245031.15204000,818570
2025-05-13,0.81690000,0.84190000,0.77160000,0.82990000,170776720.30000000,137987596.82162000,511819
2025-05-14,0.83000000,0.83370000,0.78870000,0.79860000,137228841.50000000,111521590.00532000,366696
2025-05-15,0.79870000,0.81020000,0.74450000,0.76240000,181474078.90000000,140156778.88252000,441064
2025-05-16,0.76240000,0.78590000,0.75050000,0.75880000,89428901.10000000,69187209.20108000,281130
2025-05-17,0.75880000,0.78140000,0.72670000,0.74270000,127369154.90000000,95638132.27526000,358223
2025-05-18,0.74280000,0.77670000,0.71710000,0.75960000,137043357.80000000,102747560.96340000,400023
2025-05-19,0.75970000,0.76500000,0.71000000,0.74250000,121736745.60000000,88983797.97391000,351916
2025-05-20,0.74260000,0.75380000,0.72240000,0.74600000,94460431.40000000,69700821.83684000,293626
2025-05-21,0.74610000,0.78390000,0.73660000,0.76930000,152161906.60000000,115308417.52499000,448917
2025-05-22,0.76930000,0.81080000,0.76880000,0.80930000,136071438.90000000,108182115.74625000,350880
2025-05-23,0.80930000,0.84140000,0.74300000,0.74710000,228323410.00000000,180963601.32664000,604022
2025-05-24,0.74720000,0.76680000,0.74090000,0.74670000,73357703.70000000,55409984.26145000,236065
2025-05-25,0.74670000,0.76040000,0.72770000,0.75980000,80670789.50000000,59879509.00708000,285344
2025-05-26,0.75980000,0.77710000,0.75100000,0.76040000,79623463.00000000,60805682.44770000,252140
2025-05-27,0.76040000,0.77560000,0.74340000,0.75830000,91137197.10000000,69594192.20101000,287891
2025-05-28,0.75840000,0.76140000,0.73240000,0.74760000,75356290.50000000,56486669.53706000,252600
2025-05-29,0.74760000,0.76520000,0.71940000,0.72210000,104471174.00000000,77679528.53274000,291904
2025-05-30,0.72210000,0.72810000,0.68210000,0.68890000,174517183.60000000,122584628.37860000,404568
2025-05-31,0.68900000,0.69520000,0.65610000,0.68580000,111278610.90000000,75021022.71933000,315902
2025-06-01,0.68580000,0.68800000,0.65410000,0.68550000,92156943.00000000,61880474.21462000,245862
2025-06-02,0.68540000,0.69210000,0.66360000,0.68960000,72942407.90000000,49395407.56271000,234972
2025-06-03,0.68970000,0.70720000,0.67380000,0.68370000,75512318.60000000,52218021.48704000,248563
2025-06-04,0.68370000,0.70270000,0.66200000,0.66540000,71491826.60000000,48905399.91903000,247152
2025-06-05,0.66540000,0.68990000,0.61860000,0.62560000,145639972.60000000,94703950.38161000,387988
2025-06-06,0.62560000,0.67230000,0.62100000,0.65540000,99504658.40000000,64764034.87276000,273761
2025-06-07,0.65540000,0.67080000,0.64940000,0.66450000,52653743.00000000,34951078.82232000,128054
2025-06-08,0.66450000,0.67960000,0.65170000,0.67030000,73152581.70000000,48769745.91142000,187305
2025-06-09,0.67030000,0.70800000,0.65650000,0.70490000,99192245.20000000,67351121.01181000,228460
2025-06-10,0.70500000,0.72060000,0.68590000,0.71670000,146832550.30000000,103406010.20756000,353212
2025-06-11,0.71670000,0.73150000,0.69090000,0.69800000,113621215.00000000,81320676.73412000,284598
2025-06-12,0.69790000,0.70030000,0.65690000,0.66130000,99094622.10000000,67245294.60862000,246980
2025-06-13,0.66130000,0.66140000,0.61740000,0.64200000,180308681.70000000,114227561.42233000,421022
2025-06-14,0.64210000,0.64280000,0.61310000,0.62470000,57750191.80000000,36385016.66940000,137522
2025-06-15,0.62470000,0.63590000,0.62080000,0.63340000,44666279.50000000,28093026.33676000,111752
2025-06-16,0.63330000,0.65750000,0.62470000,0.63030000,99602152.20000000,64255041.15464000,230737
2025-06-17,0.63020000,0.64260000,0.59980000,0.60900000,110370304.80000000,68473477.38620000,280961
2025-06-18,0.60900000,0.62170000,0.58800000,0.60390000,120946782.80000000,72821096.55738000,310075
2025-06-19,0.60400000,0.61170000,0.58980000,0.60200000,69309415.70000000,41632721.26293000,177616
2025-06-20,0.60210000,0.60710000,0.56130000,0.57740000,140958123.20000000,82324466.02190000,287110
2025-06-21,0.57750000,0.58820000,0.54430000,0.55610000,140946671.20000000,80131680.49216000,283960
2025-06-22,0.55620000,0.56420000,0.51000000,0.54190000,254432354.90000000,136603457.16723000,461825
2025-06-23,0.54190000,0.58620000,0.52890000,0.58230000,214940626.10000000,119108968.50695000,428594
2025-06-24,0.58230000,0.59360000,0.57620000,0.58750000,148093981.20000000,86538716.27419000,285800
2025-06-25,0.58750000,0.59070000,0.56310000,0.56710000,106514611.10000000,61350103.14402000,225158
2025-06-26,0.56710000,0.58190000,0.54980000,0.55430000,101834511.00000000,57309204.39403000,225458
2025-06-27,0.55440000,0.56330000,0.54500000,0.55870000,80562142.40000000,44656696.47917000,175834
2025-06-28,0.55860000,0.56880000,0.55540000,0.56540000,60272689.60000000,33873566.67376000,103394
2025-06-29,0.56540000,0.58570000,0.55500000,0.57730000,103251178.30000000,58496308.09829000,177795
2025-06-30,0.57730000,0.59050000,0.55610000,0.57220000,113245597.30000000,64727221.53763000,230147
2025-07-01,0.57220000,0.57650000,0.53660000,0.54200000,122582583.10000000,67859772.75825000,225007
2025-07-02,0.54200000,0.59980000,0.53870000,0.58400000,185381208.30000000,107307595.68072000,300621
2025-07-03,0.58400000,0.61190000,0.58270000,0.59920000,113126506.80000000,67774049.97046000,243376
2025-07-04,0.59920000,0.60340000,0.56290000,0.57240000,84798877.10000000,49123867.65846000,188445
2025-07-05,0.57250000,0.58350000,0.56870000,0.57550000,35696806.40000000,20554975.26339000,91220
2025-07-06,0.57560000,0.59310000,0.57070000,0.58580000,54435116.40000000,31717884.86786000,124379
2025-07-07,0.58580000,0.59470000,0.57340000,0.58050000,79484536.90000000,46433077.37291000,171839
2025-07-08,0.58060000,0.59210000,0.57220000,0.58840000,72621236.50000000,42273682.95172000,140692
2025-07-09,0.58830000,0.62810000,0.58400000,0.62270000,148070206.30000000,90250880.57080000,288947
2025-07-10,0.62270000,0.68030000,0.61730000,0.67750000,157102169.20000000,101200924.34153000,371273
2025-07-11,0.67760000,0.77740000,0.66810000,0.70940000,422407397.00000000,306272613.87385000,994423
2025-07-12,0.70940000,0.73710000,0.68840000,0.70890000,168298372.10000000,120239651.43366000,431460
2025-07-13,0.70890000,0.75620000,0.70520000,0.73670000,215053184.20000000,158390538.75648000,512235
2025-07-14,0.73680000,0.76830000,0.72120000,0.73520000,236796029.00000000,177328824.70904000,557340
2025-07-15,0.73520000,0.74950000,0.71050000,0.74660000,193798144.00000000,141051229.02586000,448277
2025-07-16,0.74670000,0.78490000,0.73270000,0.76440000,193963182.70000000,147055462.63542000,435014
2025-07-17,0.76450000,0.83860000,0.74010000,0.82160000,358854772.50000000,287022804.90998000,823242
2025-07-18,0.82160000,0.89550000,0.79590000,0.81580000,392945944.30000000,333173065.39475000,979297
2025-07-19,0.81590000,0.83720000,0.80170000,0.82980000,111106231.90000000,91600048.29940000,326188
2025-07-20,0.82980000,0.87860000,0.82300000,0.85800000,225868721.30000000,192998386.40400000,568960
2025-07-21,0.85800000,0.93730000,0.84150000,0.88910000,339104770.60000000,303749095.31385000,870390
2025-07-22,0.88900000,0.90960000,0.85260000,0.90340000,280731632.20000000,246619451.73090000,607883
2025-07-23,0.90350000,0.90370000,0.78570000,0.81600000,280523266.30000000,233096990.76720000,702835
2025-07-24,0.81600000,0.83810000,0.76130000,0.80600000,300916507.20000000,242542914.00891000,600480
2025-07-25,0.80590000,0.81870000,0.77470000,0.81580000,184839066.10000000,147497050.36198000,425556
2025-07-26,0.81580000,0.83870000,0.81190000,0.81980000,104439376.70000000,86277163.12952000,230377
2025-07-27,0.81980000,0.83940000,0.81410000,0.83200000,115390984.00000000,95312357.07786000,290810
2025-07-28,0.83200000,0.85590000,0.78600000,0.79320000,176220336.40000000,144410850.28553000,462124
2025-07-29,0.79320000,0.80990000,0.76940000,0.78280000,126191748.80000000,99482838.62699000,286759
2025-07-30,0.78290000,0.78980000,0.73010000,0.76340000,180444777.00000000,137883255.39806000,363719
2025-07-31,0.76330000,0.78930000,0.73560000,0.73920000,135816550.60000000,104006783.12023000,286467
2025-08-01,0.73920000,0.74130000,0.69620000,0.71410000,208847677.10000000,151021709.41869000,545579
2025-08-02,0.71410000,0.72780000,0.68420000,0.69750000,128892289.50000000,90901900.66190000,334472
2025-08-03,0.69750000,0.73100000,0.68690000,0.72700000,100572763.30000000,72206730.37647000,203113
2025-08-04,0.72710000,0.75910000,0.72510000,0.75490000,109468445.80000000,81345099.99729000,270924
2025-08-05,0.75500000,0.76010000,0.71340000,0.72580000,116108835.00000000,85668441.33607000,320412
2025-08-06,0.72580000,0.74800000,0.71070000,0.74130000,80620550.60000000,58786104.01552000,216808
2025-08-07,0.74130000,0.78840000,0.73400000,0.78740000,145327737.20000000,110474718.85162000,306473
2025-08-08,0.78740000,0.80690000,0.77590000,0.79110000,159518548.40000000,126435892.71956000,482605
2025-08-09,0.79120000,0.82120000,0.78980000,0.80290000,126981193.80000000,102771262.68502000,337459
2025-08-10,0.80290000,0.83440000,0.78440000,0.80140000,135582385.70000000,109344083.59081000,343203
2025-08-11,0.80150000,0.83380000,0.76620000,0.77280000,197965368.10000000,159056611.52759000,454163
2025-08-12,0.77270000,0.85790000,0.76580000,0.84110000,268542746.80000000,218538079.46197000,522373
2025-08-13,0.84110000,0.92200000,0.83340000,0.90420000,291140557.00000000,254250688.42425000,667162
2025-08-14,0.90420000,1.01930000,0.87810000,0.92580000,901874210.30000000,855583262.06558000,1855779
2025-08-15,0.92570000,0.96430000,0.91070000,0.94530000,417689026.40000000,391712140.52648000,1049390
2025-08-16,0.94520000,0.97770000,0.90110000,0.92110000,283543709.00000000,264574214.43787000,626961
2025-08-17,0.92110000,0.98780000,0.90450000,0.96090000,235922207.40000000,225561030.03836000,672125
2025-08-18,0.96100000,0.96830000,0.88770000,0.92360000,274717771.50000000,252068831.48216000,719429
2025-08-19,0.92350000,0.95970000,0.84370000,0.84640000,361169288.20000000,325420035.48239000,944753
2025-08-20,0.84640000,0.89250000,0.83710000,0.88080000,272793278.70000000,234971153.36830000,641761
2025-08-21,0.88090000,0.89260000,0.84660000,0.85190000,147306956.50000000,128195308.43577000,397538
2025-08-22,0.85190000,0.94260000,0.82180000,0.93140000,373507351.10000000,333139583.00386000,829262
2025-08-23,0.93150000,0.93900000,0.89120000,0.91430000,163214429.00000000,149462344.27772000,472918
2025-08-24,0.91420000,0.96430000,0.88810000,0.90900000,255530384.50000000,234691051.81730000,661662
2025-08-25,0.90900000,0.92840000,0.82970000,0.83710000,297471294.00000000,260403708.36823000,787480
2025-08-26,0.83720000,0.87480000,0.82670000,0.86630000,160655800.80000000,136290096.98298000,418621
2025-08-27,0.86630000,0.87840000,0.84690000,0.85090000,157523208.30000000,136010978.38542000,400395
2025-08-28,0.85090000,0.87990000,0.84170000,0.85760000,132011383.50000000,113746185.28428000,299384
2025-08-29,0.85760000,0.86640000,0.81000000,0.82660000,201342974.00000000,167327202.38261000,449796
2025-08-30,0.82660000,0.84440000,0.80540000,0.82240000,81522223.50000000,67161034.42052000,193717
2025-08-31,0.82250000,0.83800000,0.80940000,0.81130000,70084168.90000000,57846590.66976000,162783
2025-09-01,0.81120000,0.84520000,0.78180000,0.80140000,201302131.60000000,163843430.84751000,452028
2025-09-02,0.80150000,0.83560000,0.79800000,0.83490000,141486947.70000000,115753665.51326000,323184
2025-09-03,0.83480000,0.84370000,0.82600000,0.83660000,85339868.50000000,71282605.57118000,208319
2025-09-04,0.83670000,0.84180000,0.80260000,0.80930000,85090122.50000000,69554723.97477000,196738
2025-09-05,0.80930000,0.85000000,0.80460000,0.83070000,129834408.20000000,107860850.50161000,272985
2025-09-06,0.83060000,0.83600000,0.81430000,0.81840000,46572139.50000000,38379685.78480000,110956
2025-09-07,0.81850000,0.84180000,0.81800000,0.83510000,64778457.00000000,53796954.73464000,130898
2025-09-08,0.83510000,0.86920000,0.83000000,0.86510000,133401128.50000000,113935806.97612000,293975
2025-09-09,0.86510000,0.89470000,0.85250000,0.86520000,187181932.90000000,163689793.94283000,356822
2025-09-10,0.86530000,0.89670000,0.85960000,0.88540000,108953413.30000000,96089954.08914000,267798
2025-09-11,0.88540000,0.89810000,0.86580000,0.89390000,118050138.70000000,104284436.24838000,260108
2025-09-12,0.89400000,0.91810000,0.88250000,0.91690000,146458617.00000000,131918270.09136000,318128
2025-09-13,0.91700000,0.95400000,0.91430000,0.92940000,207628746.00000000,194032275.92095000,441435
2025-09-14,0.92940000,0.93130000,0.87920000,0.88790000,106703822.70000000,96200259.31928000,296360
2025-09-15,0.88780000,0.90250000,0.85240000,0.86320000,155293426.60000000,134923420.94271000,349594
2025-09-16,0.86310000,0.88410000,0.85300000,0.88030000,92067486.30000000,79972991.52211000,213894
2025-09-17,0.88030000,0.91970000,0.86080000,0.91380000,154733412.90000000,136309028.57340000,346511
2025-09-18,0.91380000,0.93860000,0.89960000,0.92440000,163637205.20000000,150424356.85432000,374606
2025-09-19,0.92440000,0.93780000,0.88550000,0.89040000,130832798.90000000,118813292.35069000,317132
2025-09-20,0.89040000,0.90650000,0.88710000,0.89310000,52678149.50000000,47179296.81544000,141538
2025-09-21,0.89310000,0.90260000,0.87500000,0.88400000,64617792.00000000,57347753.93067000,172337
2025-09-22,0.88410000,0.88770000,0.78730000,0.82560000,262158405.50000000,217134354.18643000,601243
2025-09-23,0.82570000,0.82950000,0.80300000,0.80600000,93154647.20000000,76275482.18380000,225780
2025-09-24,0.80600000,0.83040000,0.79010000,0.81270000,95855704.90000000,77901958.22156000,222877
2025-09-25,0.81280000,0.81440000,0.75420000,0.76370000,212139193.90000000,166051432.23490000,486226
2025-09-26,0.76370000,0.79640000,0.75760000,0.79190000,102424850.10000000,79479283.54222000,291032
2025-09-27,0.79180000,0.79410000,0.77660000,0.78090000,38304292.50000000,30053867.05413000,111945
2025-09-28,0.78100000,0.81190000,0.76450000,0.80860000,60982333.70000000,47827749.59335000,157610
2025-09-29,0.80860000,0.81610000,0.78800000,0.80610000,84007858.70000000,67503838.68653000,215664
2025-09-30,0.80600000,0.81320000,0.77810000,0.80720000,88758520.50000000,70666660.29203000,223227
2025-10-01,0.80730000,0.85120000,0.79680000,0.85080000,132642239.20000000,109961676.29891000,300468
2025-10-02,0.85080000,0.87780000,0.83610000,0.87060000,134137531.50000000,115025341.14960000,293982
2025-10-03,0.87060000,0.89240000,0.84820000,0.86550000,133631604.90000000,115850123.01259000,325596
2025-10-04,0.86550000,0.86880000,0.83310000,0.83950000,71672443.00000000,60644278.02963000,182939
2025-10-05,0.83950000,0.88260000,0.82690000,0.83710000,149427053.90000000,128077109.02901000,353333
2025-10-06,0.83720000,0.88100000,0.83170000,0.87150000,171579610.40000000,147791024.21619000,432771
2025-10-07,0.87160000,0.87800000,0.81700000,0.81980000,170785500.20000000,144193977.98588000,457001
2025-10-08,0.81990000,0.85150000,0.80790000,0.83870000,109616497.80000000,90506719.93960000,298444
2025-10-09,0.83870000,0.83960000,0.79390000,0.81520000,125624051.50000000,101900553.35673000,321463
2025-10-10,0.81520000,0.82420000,0.27370000,0.63530000,787201148.90000000,502238104.00740000,1982326
2025-10-11,0.63530000,0.68320000,0.60920000,0.63160000,419734212.70000000,271812426.57164000,1063252
2025-10-12,0.63160000,0.70950000,0.61760000,0.70000000,210806749.00000000,140770994.49960000,585637
2025-10-13,0.70010000,0.73600000,0.69170000,0.72840000,243460738.80000000,173815405.54666000,599989
2025-10-14,0.72840000,0.73340000,0.66190000,0.69890000,291031627.60000000,200675930.38782000,604615
2025-10-15,0.69880000,0.71600000,0.65750000,0.66840000,160075781.50000000,109763444.61667000,348814
2025-10-16,0.66850000,0.68470000,0.63320000,0.64530000,200052556.00000000,132024592.40807000,469081
2025-10-17,0.64520000,0.65600000,0.59230000,0.62450000,268779633.70000000,166365589.68063000,601782
2025-10-18,0.62460000,0.64090000,0.62300000,0.63430000,59384501.90000000,37556030.39037000,185805
2025-10-19,0.63420000,0.66520000,0.62250000,0.65280000,109620437.00000000,70799713.30671000,306128
2025-10-20,0.65270000,0.67600000,0.63910000,0.66250000,144735122.70000000,95958784.82134000,369091
2025-10-21,0.66260000,0.68550000,0.63690000,0.64280000,154145939.30000000,101610812.65437000,461408
2025-10-22,0.64280000,0.64680000,0.60610000,0.62380000,155613632.50000000,98127241.52799000,404301
2025-10-23,0.62380000,0.65400000,0.62270000,0.64280000,93548863.20000000,59800155.24974000,241871
2025-10-24,0.64290000,0.66430000,0.63870000,0.65600000,99367742.50000000,64664283.95758000,235893
2025-10-25,0.65590000,0.65950000,0.64800000,0.65420000,40616598.00000000,26591183.82143000,110024
2025-10-26,0.65420000,0.68840000,0.64660000,0.68120000,92318117.50000000,61960619.84128000,209393
2025-10-27,0.68120000,0.69380000,0.66340000,0.66700000,95122618.60000000,64538722.15919000,290163
2025-10-28,0.66690000,0.67550000,0.63590000,0.64590000,116651079.90000000,76822085.04456000,346717
2025-10-29,0.64590000,0.66040000,0.62520000,0.64010000,139267473.10000000,89836489.08435000,394420
2025-10-30,0.64010000,0.64860000,0.58640000,0.60160000,164661705.00000000,101095505.94278000,489973
2025-10-31,0.60160000,0.62000000,0.59780000,0.60910000,99474430.00000000,60697462.42945000,266558
2025-11-01,0.60910000,0.61780000,0.60330000,0.61280000,44683725.30000000,27299676.49931000,142445
2025-11-02,0.61290000,0.61890000,0.59220000,0.61060000,53815345.40000000,32610059.85726000,175365
2025-11-03,0.61050000,0.61220000,0.52590000,0.55280000,237564733.80000000,133847447.78696000,555675
2025-11-04,0.55290000,0.56330000,0.48980000,0.52080000,336980946.90000000,177769616.49424000,865592
2025-11-05,0.52080000,0.55030000,0.49470000,0.54530000,165359661.80000000,87942350.89913000,442111
2025-11-06,0.54530000,0.54560000,0.51680000,0.53180000,121971447.10000000,64815300.20636000,332505
2025-11-07,0.53190000,0.58630000,0.51960000,0.57630000,194941325.40000000,107724772.11130000,520509
2025-11-08,0.57630000,0.59320000,0.55390000,0.56880000,99118952.00000000,56981850.50436000,315123
2025-11-09,0.56880000,0.58440000,0.54780000,0.57900000,91372351.70000000,51879622.94747000,277640
2025-11-10,0.57890000,0.60310000,0.57370000,0.59280000,102827832.80000000,60628055.60985000,302099
2025-11-11,0.59290000,0.60690000,0.55350000,0.55640000,115705244.70000000,66863636.88326000,327953
2025-11-12,0.55650000,0.58090000,0.53940000,0.54580000,99390469.30000000,55475904.45091000,284941
2025-11-13,0.54570000,0.57160000,0.51440000,0.52980000,149664298.10000000,81336851.18705000,345577
2025-11-14,0.52980000,0.53360000,0.49010000,0.49840000,190803666.20000000,97907303.59882000,497150
2025-11-15,0.49840000,0.51540000,0.49790000,0.50360000,109102128.60000000,55371383.93685000,223371
2025-11-16,0.50350000,0.50930000,0.47350000,0.48450000,174030140.60000000,85018166.77662000,365602
2025-11-17,0.48450000,0.49970000,0.45760000,0.46630000,224051283.60000000,107563305.43848000,473422
2025-11-18,0.46640000,0.48230000,0.45620000,0.47520000,195617142.50000000,91652075.41192000,352998
2025-11-19,0.47520000,0.47750000,0.43810000,0.46400000,189011037.10000000,86652223.29824000,347817
2025-11-20,0.46400000,0.47220000,0.42880000,0.43240000,181640032.00000000,81826852.96095000,375063
2025-11-21,0.43230000,0.43970000,0.38760000,0.40910000,451803309.80000000,185912266.43607000,711352
2025-11-22,0.40910000,0.41320000,0.39070000,0.40460000,98873706.60000000,39712161.91988000,225227
2025-11-23,0.40450000,0.41850000,0.40160000,0.40850000,112961442.40000000,46465257.97333000,192138
2025-11-24,0.40850000,0.43420000,0.40200000,0.42760000,156866959.40000000,65336412.93517000,287159
2025-11-25,0.42760000,0.42910000,0.40460000,0.42180000,116535814.50000000,48670459.49867000,205573
2025-11-26,0.42190000,0.43730000,0.41040000,0.43560000,94689425.90000000,40121492.49807000,192720
2025-11-27,0.43570000,0.43900000,0.42650000,0.43310000,69670175.50000000,30200861.39638000,142077
2025-11-28,0.43300000,0.43710000,0.41480000,0.41990000,102762431.40000000,43828458.87970000,202958
2025-11-29,0.42000000,0.42200000,0.41140000,0.41470000,51363457.30000000,21406099.99181000,117413
2025-11-30,0.41470000,0.42740000,0.41350000,0.41430000,62005649.00000000,26057004.22007000,126165
2025-12-01,0.41420000,0.41580000,0.37070000,0.38560000,209371176.80000000,80956509.14423000,316863
2025-12-02,0.38560000,0.43900000,0.38480000,0.43350000,160318643.20000000,66544223.08554000,282664
2025-12-03,0.43350000,0.45410000,0.42650000,0.44990000,130407203.40000000,57344139.56575000,267715
2025-12-04,0.45000000,0.45580000,0.43460000,0.43940000,103549487.30000000,46255836.39788000,218623
2025-12-05,0.43940000,0.44290000,0.40910000,0.41570000,97619818.20000000,41594651.26241000,221976
2025-12-06,0.41560000,0.42130000,0.40990000,0.41380000,47479004.20000000,19691263.17865000,114024
2025-12-07,0.41380000,0.43500000,0.40570000,0.41730000,104457360.30000000,43755633.52433000,235125
2025-12-08,0.41740000,0.44140000,0.41440000,0.43280000,105431201.30000000,45585924.22889000,242660
2025-12-09,0.43280000,0.48420000,0.42390000,0.46970000,256310735.20000000,117283518.80639000,498108
2025-12-10,0.46970000,0.47610000,0.45220000,0.45360000,188573523.40000000,87551529.51621000,389847
2025-12-11,0.45360000,0.45500000,0.40930000,0.42550000,255024361.10000000,107775527.04225000,425917
2025-12-12,0.42550000,0.42930000,0.40350000,0.40910000,145597966.30000000,60464300.84455000,290519
2025-12-13,0.40900000,0.41570000,0.40610000,0.41050000,43464503.10000000,17857623.12280000,81009
2025-12-14,0.41060000,0.41160000,0.39150000,0.39630000,93578123.80000000,37541097.19250000,146367
2025-12-15,0.39630000,0.40770000,0.37730000,0.38820000,116687959.60000000,45655042.07721000,238086
2025-12-16,0.38820000,0.39160000,0.37750000,0.38590000,94171731.20000000,36239180.18219000,180399
2025-12-17,0.38590000,0.40010000,0.36390000,0.36730000,134900622.20000000,51213804.74811000,244563
2025-12-18,0.36730000,0.37940000,0.34680000,0.35140000,154461800.50000000,55911338.26440000,272262
2025-12-19,0.35130000,0.38090000,0.34660000,0.37670000,111249233.90000000,40789742.80056000,205081
2025-12-20,0.37670000,0.38060000,0.37230000,0.37300000,45059247.60000000,16946228.22879000,68748
2025-12-21,0.37310000,0.37470000,0.35760000,0.36620000,80041766.80000000,29280328.22649000,116982
2025-12-22,0.36620000,0.38220000,0.36190000,0.37110000,115017172.40000000,42797818.70844000,198079
2025-12-23,0.37120000,0.37440000,0.35520000,0.36280000,87389611.90000000,31778362.97387000,141914
2025-12-24,0.36290000,0.36520000,0.35230000,0.35660000,80682772.10000000,28812615.20651000,122320
2025-12-25,0.35660000,0.36140000,0.33930000,0.34340000,117381757.30000000,41418735.01194000,150599
2025-12-26,0.34340000,0.35840000,0.34180000,0.34960000,118134191.40000000,41524629.46699000,161056
2025-12-27,0.34960000,0.37110000,0.34880000,0.37000000,74514742.10000000,26734479.57726000,110402
2025-12-28,0.36990000,0.37710000,0.36140000,0.36880000,89973452.10000000,33215523.52886000,131136
2025-12-29,0.36890000,0.38470000,0.35060000,0.35320000,153538418.70000000,56572640.59189000,224201
2025-12-30,0.35310000,0.35680000,0.34810000,0.35140000,95781881.00000000,33773625.96686000,123781
2025-12-31,0.35130000,0.35380000,0.32940000,0.33350000,132046715.50000000,45198439.72295000,174900
2026-01-01,0.33360000,0.36100000,0.33200000,0.35650000,105331508.20000000,36328065.70213000,136087
2026-01-02,0.35650000,0.39630000,0.35440000,0.39490000,213113134.60000000,80026927.89557000,314988
2026-01-03,0.39490000,0.39920000,0.38260000,0.38930000,98584928.30000000,38452049.61005000,148196
2026-01-04,0.38930000,0.40550000,0.38870000,0.40070000,120743425.50000000,48147166.62720000,191956
2026-01-05,0.40060000,0.42500000,0.39390000,0.42110000,181780250.10000000,74162130.51837000,306037
2026-01-06,0.42110000,0.43740000,0.40110000,0.41940000,188828806.90000000,79338906.48635000,325323
2026-01-07,0.41940000,0.42280000,0.39760000,0.40220000,96467278.00000000,39416821.25545000,227728
2026-01-08,0.40230000,0.40490000,0.38490000,0.39560000,113377671.40000000,44635268.47263000,202791
2026-01-09,0.39570000,0.40520000,0.38740000,0.39140000,84580864.70000000,33428359.10616000,185648
2026-01-10,0.39140000,0.39250000,0.38460000,0.38860000,37390635.70000000,14551909.16602000,72062
2026-01-11,0.38860000,0.39720000,0.38390000,0.39100000,71303670.70000000,27911247.19410000,122037
2026-01-12,0.39100000,0.40360000,0.38150000,0.38620000,130152762.60000000,50942999.69780000,233795
2026-01-13,0.38620000,0.42670000,0.38500000,0.42180000,161630853.60000000,65773536.25976000,265931
2026-01-14,0.42190000,0.42730000,0.40970000,0.41430000,148337662.90000000,62241050.78292000,248749
2026-01-15,0.41440000,0.41440000,0.38910000,0.39360000,137830356.80000000,55311927.05379000,213118
2026-01-16,0.39370000,0.39870000,0.37880000,0.39550000,104596038.20000000,40729493.44843000,148947
2026-01-17,0.39560000,0.40420000,0.39350000,0.39730000,50553374.00000000,20118845.07665000,81420
2026-01-18,0.39730000,0.39880000,0.37470000,0.37580000,79257525.20000000,30888163.12092000,127819
2026-01-19,0.37570000,0.37570000,0.34210000,0.37030000,259117950.30000000,94346695.33093000,282131
2026-01-20,0.37030000,0.37060000,0.34670000,0.35070000,175909563.50000000,63271449.76132000,210063
2026-01-21,0.35060000,0.37390000,0.34660000,0.36590000,147138456.50000000,52897515.83138000,230264
2026-01-22,0.36600000,0.36900000,0.35540000,0.35940000,71544610.90000000,25984126.18710000,120450
2026-01-23,0.35940000,0.37070000,0.35250000,0.36020000,75367610.20000000,27205342.05167000,137186
2026-01-24,0.36030000,0.36250000,0.35640000,0.35830000,26339863.70000000,9468072.10283000,43621
2026-01-25,0.35830000,0.36030000,0.33270000,0.33910000,113052719.90000000,38853463.85416000,165993
2026-01-26,0.33900000,0.35840000,0.33880000,0.35210000,92774867.30000000,32458609.93124000,145410
2026-01-27,0.35210000,0.36360000,0.34760000,0.36080000,97654476.30000000,34602118.26546000,126863
2026-01-28,0.36070000,0.36500000,0.35460000,0.35830000,90291773.30000000,32410292.50836000,134197
2026-01-29,0.35830000,0.35920000,0.32720000,0.33470000,144899415.30000000,49106629.98523000,203178
2026-01-30,0.33460000,0.33590000,0.31610000,0.32080000,174442171.40000000,56684800.60491000,280349
2026-01-31,0.32080000,0.32240000,0.26850000,0.29360000,435875676.70000000,128757676.99628000,452911
2026-02-01,0.29370000,0.29920000,0.27900000,0.28580000,183603922.40000000,53455792.84016000,276684
2026-02-02,0.28590000,0.30340000,0.27570000,0.29910000,218106614.90000000,63397417.95689000,371463
2026-02-03,0.29910000,0.30500000,0.28170000,0.29170000,178853176.90000000,52808126.33912000,296827
2026-02-04,0.29170000,0.30270000,0.28030000,0.28640000,171757424.10000000,49974506.09058000,306731
2026-02-05,0.28640000,0.28990000,0.24360000,0.24550000,468424079.20000000,123374101.43579000,688605
2026-02-06,0.24550000,0.28430000,0.22050000,0.27620000,683935774.30000000,175492233.94696000,654869
2026-02-07,0.27610000,0.27980000,0.26560000,0.27210000,472274318.20000000,129007350.78406000,335998
2026-02-08,0.27220000,0.27660000,0.26700000,0.27010000,266592420.20000000,72518376.13008000,175227
2026-02-09,0.27010000,0.27400000,0.25960000,0.26990000,167317249.60000000,44932324.10020000,166557
2026-02-10,0.27000000,0.27050000,0.25970000,0.26200000,93925925.10000000,24794881.55077000,115451
2026-02-11,0.26190000,0.26480000,0.25040000,0.25590000,104876034.00000000,26922683.16674000,148944
2026-02-12,0.25590000,0.26960000,0.25590000,0.26430000,111146004.70000000,29219864.76877000,140082
2026-02-13,0.26430000,0.27470000,0.25820000,0.27280000,101650803.20000000,27149145.02958000,123174
2026-02-14,0.27290000,0.30070000,0.27270000,0.29500000,111883698.30000000,32140690.62393000,154228
2026-02-15,0.29490000,0.30200000,0.27750000,0.28180000,145050167.40000000,42050238.15687000,206455
2026-02-16,0.28180000,0.28920000,0.27690000,0.28580000,77055678.70000000,21779878.37474000,131857
2026-02-17,0.28590000,0.28990000,0.27730000,0.28110000,75061039.20000000,21286807.38688000,131413
2026-02-18,0.28110000,0.28740000,0.27140000,0.27350000,80666064.40000000,22571945.29274000,119605
2026-02-19,0.27350000,0.27740000,0.26700000,0.27290000,77148345.80000000,21015364.27077000,115964
2026-02-20,0.27300000,0.29380000,0.26990000,0.28490000,122779232.80000000,34607130.85032000,196270
2026-02-21,0.28490000,0.28650000,0.27900000,0.28000000,50536615.30000000,14264598.88868000,78441
2026-02-22,0.27990000,0.28020000,0.26880000,0.27170000,50269610.60000000,13766694.99293000,65406
2026-02-23,0.27170000,0.27550000,0.25710000,0.26230000,124604795.70000000,33006861.48863000,178942
2026-02-24,0.26230000,0.26460000,0.25360000,0.25870000,92728975.20000000,23990212.67803000,127649
2026-02-25,0.25870000,0.31360000,0.25790000,0.29710000,327144352.40000000,95595035.31716000,391229
2026-02-26,0.29710000,0.30100000,0.28220000,0.28700000,163971345.30000000,47797731.25193000,226598
2026-02-27,0.28700000,0.29630000,0.27260000,0.27760000,106326378.80000000,30293488.05388000,176240
2026-02-28,0.27760000,0.28430000,0.25940000,0.28100000,194232341.40000000,52314209.28271000,246709
2026-03-01,0.28100000,0.29220000,0.26910000,0.27350000,150933797.80000000,42276970.44483000,230696
2026-03-02,0.27350000,0.28870000,0.26850000,0.27710000,148447901.50000000,41348243.24509000,226011
2026-03-03,0.27710000,0.27710000,0.26040000,0.26250000,202430461.20000000,53951432.03094000,236319
2026-03-04,0.26260000,0.28500000,0.25840000,0.27630000,296011815.10000000,80915336.24492000,294801
2026-03-05,0.27630000,0.27800000,0.26510000,0.26920000,147095502.80000000,40072042.34940000,177918
2026-03-06,0.26910000,0.27200000,0.25550000,0.25900000,131627808.60000000,34570521.91555000,152002
2026-03-07,0.25900000,0.26100000,0.25170000,0.25440000,98383927.60000000,25147767.18594000,86869
2026-03-08,0.25450000,0.25740000,0.24580000,0.24930000,112913739.40000000,28391519.88758000,128841
2026-03-09,0.24930000,0.26290000,0.24890000,0.25520000,138499675.50000000,35531883.65464000,167484
2026-03-10,0.25510000,0.27390000,0.25500000,0.26210000,189954647.30000000,50414896.33042000,195225
2026-03-11,0.26200000,0.26790000,0.25660000,0.26260000,148385303.30000000,38930034.37941000,142014
2026-03-12,0.26260000,0.26590000,0.25800000,0.26360000,86072959.50000000,22528195.96777000,110232
2026-03-13,0.26350000,0.28160000,0.26290000,0.26560000,192614226.10000000,52543871.14738000,217582
2026-03-14,0.26560000,0.26660000,0.25850000,0.26340000,97657453.00000000,25566277.93749000,86550
2026-03-15,0.26340000,0.27200000,0.26120000,0.27020000,86867872.40000000,23111937.53068000,109818
2026-03-16,0.27020000,0.29360000,0.26870000,0.29040000,335341606.90000000,95486339.99690000,330706
2026-03-17,0.29040000,0.29320000,0.28190000,0.28910000,157227352.90000000,45171744.89401000,196159
2026-03-18,0.28910000,0.29550000,0.26960000,0.27420000,148954788.50000000,41745478.24810000,180548
2026-03-19,0.27430000,0.27670000,0.26250000,0.26750000,106763798.40000000,28627882.83129000,135105
2026-03-20,0.26760000,0.27300000,0.26160000,0.26610000,85114940.90000000,22765066.72367000,105559
2026-03-21,0.26610000,0.26740000,0.25540000,0.25740000,67993352.20000000,17883463.47436000,59736
2026-03-22,0.25730000,0.26010000,0.24800000,0.25060000,113197441.10000000,28810390.46473000,114552
2026-03-23,0.25070000,0.26700000,0.24760000,0.26160000,200282839.70000000,51803393.62377000,214739
2026-03-24,0.26170000,0.26840000,0.25810000,0.26640000,106579953.50000000,28008283.18635000,113382
2026-03-25,0.26650000,0.27690000,0.26570000,0.27050000,120674371.30000000,32697043.36782000,132996
2026-03-26,0.27040000,0.27080000,0.25260000,0.25470000,147438669.40000000,38134318.66442000,118310
2026-03-27,0.25470000,0.25620000,0.24420000,0.24610000,145629064.20000000,36281277.19824000,120242
2026-03-28,0.24610000,0.25300000,0.24400000,0.24600000,73268961.30000000,18181739.31338000,66147
2026-03-29,0.24590000,0.24740000,0.23280000,0.23980000,124643883.90000000,30168575.58422000,107525
2026-03-30,0.23980000,0.25290000,0.23940000,0.24340000,112413628.30000000,27776404.51894000,117293
2026-03-31,0.24350000,0.24940000,0.23420000,0.24180000,142217643.10000000,34386626.21701000,143880
2026-04-01,0.24180000,0.25480000,0.24130000,0.24840000,146570155.00000000,36406433.61720000,152679
2026-04-02,0.24840000,0.25070000,0.23480000,0.23940000,195533260.20000000,47037345.62000000,173945
2026-04-03,0.23940000,0.25140000,0.23880000,0.24630000,106986717.10000000,26314442.54575000,105035
2026-04-04,0.24630000,0.25000000,0.24320000,0.24790000,50294175.60000000,12379576.28895000,54760
2026-04-05,0.24790000,0.25100000,0.24000000,0.25080000,68508777.40000000,16771223.64544000,78871
2026-04-06,0.25090000,0.26010000,0.24480000,0.24610000,147829075.30000000,37718352.65911000,155298
2026-04-07,0.24600000,0.26640000,0.24000000,0.26270000,169339294.90000000,42358249.36785000,181018
2026-04-08,0.26270000,0.26440000,0.24980000,0.25080000,135051386.20000000,34863041.00790000,132229
2026-04-09,0.25070000,0.26110000,0.24770000,0.25410000,89381916.40000000,22595172.74648000,101690
2026-04-10,0.25410000,0.25890000,0.24980000,0.25420000,103032306.40000000,26138582.13987000,112488
2026-04-11,0.25420000,0.25540000,0.24640000,0.24950000,134061033.90000000,33643016.01794000,138135
2026-04-12,0.24950000,0.25060000,0.23540000,0.23610000,181777309.80000000,43787691.41390000,140737
2026-04-13,0.23620000,0.24900000,0.23580000,0.24860000,152262728.70000000,36689671.48348000,119096
2026-04-14,0.24870000,0.24960000,0.23860000,0.23960000,146334486.30000000,35702586.45374000,118221
2026-04-15,0.23960000,0.25050000,0.23810000,0.24600000,128399212.20000000,31280502.44348000,114174
2026-04-16,0.24610000,0.26150000,0.24380000,0.25910000,222466113.20000000,56173290.45442000,216374
2026-04-17,0.25910000,0.26800000,0.25200000,0.25860000,211624429.10000000,55099500.45575000,169553
2026-04-18,0.25860000,0.25960000,0.24730000,0.24910000,104449899.50000000,26416855.13595000,89212
2026-04-19,0.24920000,0.25090000,0.24080000,0.24240000,135317749.60000000,33320608.47681000,122160
2026-04-20,0.24240000,0.25140000,0.24190000,0.24790000,102731798.70000000,25383587.08709000,97984
2026-04-21,0.24790000,0.25250000,0.24410000,0.24990000,105185836.90000000,26117154.85634000,98482
2026-04-22,0.24990000,0.25760000,0.24810000,0.24840000,126865123.50000000,32186005.69402000,117953
2026-04-23,0.24830000,0.25080000,0.24460000,0.24990000,126408667.50000000,31272230.53755000,110721
2026-04-24,0.24990000,0.25300000,0.24720000,0.25030000,69159739.50000000,17317945.20565000,78061
2026-04-25,0.25030000,0.25390000,0.24820000,0.25030000,77350521.50000000,19439555.82703000,55446
2026-04-26,0.25030000,0.25440000,0.24850000,0.25220000,60764129.90000000,15306073.52209000,58048
2026-04-27,0.25220000,0.25610000,0.24300000,0.24820000,106081991.30000000,26349529.51026000,109618
2026-04-28,0.24810000,0.24880000,0.24430000,0.24680000,60552564.60000000,14935477.31789000,58205
2026-04-29,0.24680000,0.25400000,0.23830000,0.24460000,157720772.50000000,38798973.14491000,128452
2026-04-30,0.24460000,0.24840000,0.24450000,0.24630000,67383109.50000000,16596854.21829000,68026
2026-05-01,0.24630000,0.25150000,0.24600000,0.24820000,73825160.30000000,18390886.74118000,69856
2026-05-02,0.24830000,0.25280000,0.24700000,0.25010000,45671904.40000000,11392181.23149000,39516
2026-05-03,0.25020000,0.25180000,0.24750000,0.24950000,58596127.20000000,14631128.51882000,45329
2026-05-04,0.24950000,0.25500000,0.24700000,0.24990000,131302889.30000000,32955251.25413000,111174
2026-05-05,0.25000000,0.26570000,0.24970000,0.26200000,156164574.90000000,40289062.05362000,117951
2026-05-06,0.26190000,0.27380000,0.26000000,0.26700000,173010919.00000000,46262000.91108000,149207
2026-05-07,0.26690000,0.27040000,0.25960000,0.26270000,108901846.90000000,28845355.85108000,102983
2026-05-08,0.26270000,0.27880000,0.26010000,0.27340000,97412467.00000000,26173114.67888000,98876
2026-05-09,0.27350000,0.27850000,0.26950000,0.27080000,59998404.10000000,16450414.44939000,64736
2026-05-10,0.27080000,0.28870000,0.26820000,0.28240000,140362484.80000000,39221589.03608000,144537
2026-05-11,0.28240000,0.28360000,0.27400000,0.28040000,96921131.20000000,27085785.76461000,116069
2026-05-12,0.28030000,0.28190000,0.26720000,0.27110000,96913526.90000000,26520151.87140000,98753
2026-05-13,0.27120000,0.27770000,0.26120000,0.26480000,110717180.00000000,29696300.82243000,111935
2026-05-14,0.26480000,0.28040000,0.26230000,0.27060000,119669866.10000000,32429426.19011000,107580
2026-05-15,0.27050000,0.27290000,0.25680000,0.26160000,102766482.90000000,27023130.00460000,110600
2026-05-16,0.26150000,0.26250000,0.25210000,0.25510000,75171225.80000000,19236741.34085000,68191
2026-05-17,0.25500000,0.25820000,0.24520000,0.25210000,83123085.50000000,20986971.21180000,73815
2026-05-18,0.25210000,0.25310000,0.24620000,0.25160000,113758097.60000000,28404331.62796000,103346
2026-05-19,0.25170000,0.25360000,0.24710000,0.24820000,77865177.40000000,19480179.39253000,74260
2026-05-20,0.24820000,0.25150000,0.24690000,0.24920000,83224293.50000000,20758631.18765000,68492
2026-05-21,0.24920000,0.25370000,0.24580000,0.25070000,107153045.60000000,26779008.68841000,91639
2026-05-22,0.25070000,0.25460000,0.24100000,0.24240000,134704138.00000000,33443171.46870000,109395
2026-05-23,0.24240000,0.25080000,0.23580000,0.24600000,138898972.80000000,33631943.12836000,98347
2026-05-24,0.24610000,0.24700000,0.23850000,0.24230000,62248052.60000000,15171887.63028000,52593
2026-05-25,0.24240000,0.24800000,0.24040000,0.24370000,72533146.20000000,17743429.48174000,53627
2026-05-26,0.24360000,0.24730000,0.23810000,0.24010000,109743048.80000000,26558603.49420000,89028
2026-05-27,0.24010000,0.24350000,0.23600000,0.23720000,105109761.00000000,25159925.92948000,78921
2026-05-28,0.23720000,0.23840000,0.22800000,0.23490000,138043214.00000000,32099121.80892000,124562
2026-05-29,0.23490000,0.23810000,0.22980000,0.23290000,84015639.80000000,19668962.72257000,82616
2026-05-30,0.23300000,0.23940000,0.23270000,0.23600000,81695154.50000000,19300534.53655000,61279
2026-05-31,0.23600000,0.23880000,0.23190000,0.23570000,63179398.10000000,14869060.55588000,53198
2026-06-01,0.23570000,0.23760000,0.22540000,0.23110000,124301991.90000000,28697211.31123000,112979
2026-06-02,0.23110000,0.23130000,0.20940000,0.21300000,237914633.70000000,52140064.88887000,188488
2026-06-03,0.21300000,0.21840000,0.20010000,0.20040000,244854963.80000000,51505297.25672000,173989
2026-06-04,0.20040000,0.20190000,0.17880000,0.17980000,379945840.70000000,72484612.35035000,310559
2026-06-05,0.17980000,0.17980000,0.15440000,0.15670000,562584509.50000000,91932735.70121000,472824
2026-06-06,0.15670000,0.16240000,0.14860000,0.15730000,331126153.30000000,51625373.86275000,224595
2026-06-07,0.15740000,0.16880000,0.15680000,0.16530000,250738455.90000000,40792493.80422000,161159
2026-06-08,0.16530000,0.17450000,0.16000000,0.17040000,199922092.50000000,33372593.27963000,153730
2026-06-09,0.17040000,0.17110000,0.16080000,0.16530000,163317888.80000000,27216701.75941000,144652
2026-06-10,0.16530000,0.16690000,0.15820000,0.16070000,186140630.10000000,30164452.14981000,145151
2026-06-11,0.16070000,0.17200000,0.16070000,0.17070000,185526549.60000000,30935714.40659000,131200
2026-06-12,0.17070000,0.17440000,0.16770000,0.16970000,169266472.60000000,28945288.64254000,125976
2026-06-13,0.16970000,0.17580000,0.16900000,0.17180000,105801601.80000000,18235497.04109000,77914
2026-06-14,0.17180000,0.18390000,0.16540000,0.18300000,152782397.30000000,26282861.44033000,98605
2026-06-15,0.18300000,0.19000000,0.17680000,0.17860000,254858172.80000000,46902402.73290000,183230
2026-06-16,0.17850000,0.18140000,0.17190000,0.17240000,151143548.10000000,26630869.78098000,110745
2026-06-17,0.17230000,0.17500000,0.16370000,0.16690000,217297432.80000000,36845962.53743000,154589
2026-06-18,0.16690000,0.16890000,0.15980000,0.16370000,124026091.60000000,20366010.99543000,95349
2026-06-19,0.16370000,0.16510000,0.15860000,0.16210000,86919770.10000000,14023378.71935000,74721
2026-06-20,0.16210000,0.16510000,0.16000000,0.16330000,72279077.30000000,11729294.87636000,52559
2026-06-21,0.16330000,0.16360000,0.15630000,0.15660000,84784925.60000000,13618201.37624000,58043
2026-06-22,0.15660000,0.16330000,0.15660000,0.15850000,100861666.00000000,16145841.56231000,76448
2026-06-23,0.15860000,0.16010000,0.14930000,0.15150000,191411271.00000000,29238630.25172000,101864
2026-06-24,0.15140000,0.15440000,0.13960000,0.14770000,285453351.70000000,41623089.73737000,154820
2026-06-25,0.14770000,0.15080000,0.13820000,0.14380000,174022332.40000000,25263700.89684000,123887
2026-06-26,0.14380000,0.15000000,0.13850000,0.14840000,179752809.30000000,26074727.00335000,114122
2026-06-27,0.14850000,0.14970000,0.14380000,0.14530000,89605280.00000000,13221996.17783000,48286
2026-06-28,0.14530000,0.14650000,0.14120000,0.14380000,61450828.90000000,8856081.71012000,47975
2026-06-29,0.14380000,0.14880000,0.14190000,0.14580000,104875332.80000000,15230118.58160000,82269
2026-06-30,0.14580000,0.14650000,0.14210000,0.14440000,105845079.50000000,15279767.28399000,62775
2026-07-01,0.14440000,0.15810000,0.14200000,0.15390000,256945856.80000000,39041786.52245000,148093
2026-07-02,0.15390000,0.16300000,0.15260000,0.16150000,165035273.10000000,26177799.91168000,111520
2026-07-03,0.16150000,0.18320000,0.16060000,0.17980000,302728087.50000000,52165289.65943000,215069
2026-07-04,0.17980000,0.20000000,0.17500000,0.19220000,323370292.90000000,60759023.73887000,226658
2026-07-05,0.19210000,0.19520000,0.18510000,0.18950000,190180056.50000000,36152159.98975000,168613
2026-07-06,0.18950000,0.19070000,0.17800000,0.18420000,158305563.60000000,29155555.85550000,139283
2026-07-07,0.18420000,0.18520000,0.17330000,0.17460000,119132646.70000000,21257399.02123000,99520
2026-07-08,0.17470000,0.17630000,0.16470000,0.16710000,124369178.70000000,20952855.78562000,91311
2026-07-09,0.16710000,0.17000000,0.16500000,0.16660000,119324646.80000000,20003720.44007000,69074
2026-07-10,0.16650000,0.16980000,0.16520000,0.16670000,132316777.80000000,22147651.53614000,84029
2026-07-11,0.16670000,0.17450000,0.16560000,0.16580000,92679363.20000000,15706804.89611000,62011
2026-07-12,0.16570000,0.16650000,0.16100000,0.16210000,74162744.00000000,12171861.22589000,49644
2026-07-13,0.16210000,0.16440000,0.15540000,0.15760000,90393592.00000000,14389598.17441000,65189
2026-07-14,0.15750000,0.16820000,0.15600000,0.16560000,120952366.20000000,19649721.53628000,71883
2026-07-15,0.16560000,0.16940000,0.16200000,0.16510000,110944930.00000000,18301365.05878000,66203
2026-07-16,0.16510000,0.16640000,0.15990000,0.16090000,81417110.90000000,13285688.42056000,53905
2026-07-17,0.16090000,0.16760000,0.15780000,0.16670000,148356568.30000000,24194545.34792000,80411
2026-07-18,0.16670000,0.16930000,0.16350000,0.16670000,83777166.90000000,13949054.59006000,44773
2026-07-19,0.16670000,0.16880000,0.16390000,0.16630000,42410921.10000000,7038794.83462000,35237
2026-07-20,0.16620000,0.17200000,0.16070000,0.16980000,138663569.70000000,23051142.34108000,97644
2026-07-21,0.16970000,0.17770000,0.16940000,0.17370000,135418549.90000000,23599717.74466000,92716
2026-07-22,0.17370000,0.18080000,0.17040000,0.17450000,89472842.70000000,15659282.62002000,77572
2026-07-23,0.17450000,0.17670000,0.16810000,0.16850000,64479935.50000000,11071163.37610000,56212
2026-07-24,0.16850000,0.16860000,0.16270000,0.16400000,59769745.70000000,9904438.90002000,47138
2026-07-25,0.16400000,0.16700000,0.16150000,0.16480000,36423003.40000000,5970340.14449000,30714
2026-07-26,0.16490000,0.16670000,0.16410000,0.16600000,34425025.50000000,5688693.82696000,30255
2026-07-27,0.16610000,0.16730000,0.15370000,0.15560000,100757607.00000000,16175040.94881000,76141
2026-07-28,0.15560000,0.16350000,0.15330000,0.16200000,121091523.60000000,19071573.33075000,81601
2026-07-29,0.16200000,0.16910000,0.16040000,0.16210000,130884238.80000000,21479626.55600000,98427
2026-07-30,0.16210000,0.17630000,0.16150000,0.16970000,147709871.70000000,25024237.81340000,103358
2026-07-31,0.16970000,0.17270000,0.16650000,0.16820000,99443603.70000000,16869723.72404000,81095
2026-08-01,0.16830000,0.17690000,0.16820000,0.17440000,98970343.40000000,17103337.52573000,80379
2026-08-02,0.17440000,0.19220000,0.17280000,0.18950000,244403642.40000000,45448922.17457000,189969
2026-08-03,0.18950000,0.19630000,0.18150000,0.19370000,219613222.20000000,41797422.19279000,178059
2026-08-04,0.19360000,0.19940000,0.19110000,0.19300000,155645634.00000000,30241638.70582000,146560
2026-08-05,0.19290000,0.19900000,0.18860000,0.19110000,129046946.60000000,24843765.76681000,143853
2026-08-06,0.19120000,0.21170000,0.18590000,0.20120000,267789589.20000000,53732718.78098000,301364
2026-08-07,0.20120000,0.20400000,0.19660000,0.20080000,126484609.30000000,25401641.35259000,152184
2026-08-08,0.20090000,0.20240000,0.19760000,0.19950000,49379243.60000000,9875273.81247000,66657
2026-08-09,0.19960000,0.20000000,0.19340000,0.19450000,60378278.10000000,11923926.62495000,70698
2026-08-10,0.19440000,0.19930000,0.19080000,0.19100000,68750303.30000000,13440139.06934000,100154
2026-08-11,0.19090000,0.19160000,0.18370000,0.18710000,85925476.50000000,16092578.05177000,88323
2026-08-12,0.18710000,0.18850000,0.18060000,0.18260000,66565252.50000000,12286188.78566000,74918
2026-08-13,0.18260000,0.18670000,0.18040000,0.18250000,60115775.20000000,11035020.08937000,64469
2026-08-14,0.18240000,0.18360000,0.17810000,0.18020000,58519080.00000000,10556322.63366000,63005
2026-08-15,0.18020000,0.18180000,0.17580000,0.17650000,33278808.90000000,5948808.88040000,38893
2026-08-16,0.17640000,0.17930000,0.17460000,0.17490000,54573552.00000000,9643923.25821000,51386
2026-08-17,0.17490000,0.17790000,0.17250000,0.17430000,64193814.30000000,11224999.70205000,63087
2026-08-18,0.17430000,0.17700000,0.17120000,0.17460000,56435200.60000000,9818013.37307000,65492
2026-08-19,0.17460000,0.19230000,0.17330000,0.18710000,176315123.20000000,31973332.29192000,171405
2026-08-20,0.18710000,0.20350000,0.18180000,0.19900000,234685352.10000000,45278106.46330000,251077
2026-08-21,0.19900000,0.23330000,0.19850000,0.22910000,352491440.20000000,75889892.32447000,533654
2026-08-22,0.22910000,0.25840000,0.20880000,0.22600000,411954332.50000000,95429505.51089000,688883
2026-08-23,0.22600000,0.23060000,0.21330000,0.22700000,185721692.20000000,41422036.52918000,297878
2026-08-24,0.22700000,0.22750000,0.21670000,0.22150000,174325711.00000000,38590328.78706000,280671
2026-08-25,0.22140000,0.22890000,0.20630000,0.20910000,155331695.20000000,34017876.45964000,255370
2026-08-26,0.20910000,0.21310000,0.20250000,0.21240000,107064964.10000000,22311753.48628000,168982
2026-08-27,0.21240000,0.21750000,0.20760000,0.21380000,121808789.40000000,25975849.33065000,176427
2026-08-28,0.21380000,0.21800000,0.19940000,0.20310000,129774803.80000000,26854619.25902000,179967
2026-08-29,0.20310000,0.20350000,0.19890000,0.20180000,46623255.20000000,9371144.99831000,55309
2026-08-30,0.20180000,0.20610000,0.18940000,0.19270000,111173584.30000000,22210594.61245000,130483
2026-08-31,0.19260000,0.20080000,0.19150000,0.19780000,97419407.90000000,19099939.95079000,123250
2026-09-01,0.19780000,0.20300000,0.19360000,0.19670000,101119689.20000000,20058805.02229000,136265
2026-09-02,0.19670000,0.20120000,0.19200000,0.20120000,97465319.90000000,19141652.52550000,115389
2026-09-03,0.20120000,0.22530000,0.19910000,0.22110000,229025875.30000000,48919130.28569000,240477
2026-09-04,0.22110000,0.22720000,0.20920000,0.21130000,220045306.70000000,47898172.79377000,209027
2026-09-05,0.21120000,0.22200000,0.20910000,0.21830000,153310086.90000000,33079660.02913000,123403
2026-09-06,0.21830000,0.22380000,0.21540000,0.22340000,129711980.20000000,28536344.79935000,127730
2026-09-07,0.22350000,0.22640000,0.21430000,0.22050000,173928028.20000000,38349129.93995000,179700
2026-09-08,0.22050000,0.23210000,0.21500000,0.21950000,214362017.70000000,47689010.53830000,229606
2026-09-09,0.21940000,0.22310000,0.20820000,0.21190000,183759903.30000000,39952359.81099000,196012
2026-09-10,0.21190000,0.21520000,0.20420000,0.20470000,134802016.10000000,28369608.80774000,167388
2026-09-11,0.20460000,0.21630000,0.20040000,0.20640000,231359213.30000000,48030560.64517000,230838
2026-09-12,0.20630000,0.20970000,0.20590000,0.20740000,63861143.20000000,13294853.51208000,62651
2026-09-13,0.20740000,0.20970000,0.20230000,0.20350000,73757376.50000000,15195737.83820000,89392
2026-09-14,0.20350000,0.21590000,0.20230000,0.20860000,144240025.20000000,30261031.28724000,177649
2026-09-15,0.20850000,0.20880000,0.19300000,0.19540000,176076720.50000000,35355909.36819000,170556
2026-09-16,0.19540000,0.19720000,0.19030000,0.19650000,135667163.40000000,26268466.38066000,133930
2026-09-17,0.19640000,0.20430000,0.19440000,0.20260000,116337378.20000000,23220138.46131000,98429
2026-09-18,0.20260000,0.22710000,0.20140000,0.22440000,244715771.00000000,53036096.73449000,205651
2026-09-19,0.22440000,0.23500000,0.22090000,0.22780000,189408166.60000000,43136440.25216000,189142
2026-09-20,0.22790000,0.23300000,0.21830000,0.22790000,149182065.70000000,33594024.64060000,160896
2026-09-21,0.22790000,0.24880000,0.22660000,0.24510000,282990333.50000000,67810332.56395000,282849
2026-09-22,0.24510000,0.25780000,0.24010000,0.25430000,303767896.90000000,75672412.58103000,300414
2026-09-23,0.25430000,0.26230000,0.23340000,0.23840000,243452529.50000000,60468039.90360000,269926
2026-09-24,0.23840000,0.25150000,0.23290000,0.24770000,171808542.30000000,41843522.36475000,198511
2026-09-25,0.24770000,0.25980000,0.24620000,0.25880000,224957301.40000000,57092332.74667000,230863
2026-09-26,0.25880000,0.26540000,0.24780000,0.25400000,164969980.70000000,42377244.74393000,153632
2026-09-27,0.25400000,0.25960000,0.25000000,0.25510000,112384071.10000000,28652083.37617000,128318
2026-09-28,0.25510000,0.25810000,0.23950000,0.24730000,226761290.30000000,56126026.63776000,279717
2026-09-29,0.24730000,0.25470000,0.23890000,0.24450000,170547211.40000000,42122114.97634000,218230
2026-09-30,0.24450000,0.25690000,0.24140000,0.24660000,142917295.80000000,35362507.36540000,194612
2026-10-01,0.24650000,0.25450000,0.24300000,0.24640000,143597153.70000000,35642723.99314000,176139
2026-10-02,0.24630000,0.25980000,0.23690000,0.24440000,240927650.40000000,60139277.87691000,216096
2026-10-03,0.24450000,0.24870000,0.24280000,0.24380000,70748111.40000000,17370962.88558000,73344
2026-10-04,0.24380000,0.26850000,0.24220000,0.25970000,205860878.50000000,52225328.09752000,168195
2026-10-05,0.25970000,0.27680000,0.25780000,0.27040000,326075773.00000000,87700036.28922000,294866
2026-10-06,0.27040000,0.28240000,0.26560000,0.26740000,218065621.40000000,59664672.74881000,199828
