date,open,high,low,close,volume,quote_volume,trades
2021-04-16,1.56870000,1.59930000,1.40110000,1.50440000,42028773.40000000,63015627.37128300,170559
2021-04-17,1.50430000,1.79990000,1.50420000,1.69980000,107016656.58000000,179804784.49311100,404100
2021-04-18,1.69980000,1.71840000,1.21160000,1.45730000,93183256.67000000,134677385.28168200,318870
2021-04-19,1.45720000,1.53000000,1.28120000,1.29230000,67559331.43000000,93738087.46715800,199297
2021-04-20,1.29160000,1.35000000,1.16000000,1.29070000,55700942.74000000,71065102.11528400,172557
2021-04-21,1.29000000,1.34490000,1.18910000,1.21040000,63234115.22000000,80446379.76335700,184855
2021-04-22,1.21100000,1.32510000,1.12690000,1.16180000,60031368.84000000,74869115.97187500,188538
2021-04-23,1.16180000,1.19450000,0.91300000,1.16670000,84882770.11000000,91667441.11577900,217381
2021-04-24,1.16670000,1.17130000,1.07700000,1.08840000,27297319.92000000,30661000.19122000,101046
2021-04-25,1.08840000,1.19320000,1.04780000,1.09390000,26813606.24000000,30320649.56030100,95950
2021-04-26,1.09460000,1.24840000,1.08230000,1.23640000,43331058.96000000,51523875.36802900,174813
2021-04-27,1.23590000,1.33250000,1.22260000,1.30970000,41846178.55000000,53150743.29832600,160906
2021-04-28,1.30930000,1.33640000,1.20930000,1.28800000,32658509.67000000,41590572.97542000,144064
2021-04-29,1.28880000,1.38200000,1.24240000,1.32220000,43686975.83000000,57410579.62395000,186178
2021-04-30,1.32220000,1.44610000,1.29470000,1.40290000,44385214.40000000,61696167.75679400,207868
2021-05-01,1.40290000,1.42000000,1.34770000,1.39340000,26941499.74000000,37409497.03967200,128531
2021-05-02,1.39330000,1.41350000,1.32050000,1.38770000,28935955.19000000,39709252.45000700,147698
2021-05-03,1.38770000,1.47470000,1.38710000,1.43460000,30865267.07000000,44421457.69022400,170036
2021-05-04,1.43620000,1.44500000,1.27210000,1.27420000,42901870.73000000,58509548.40884700,189399
2021-05-05,1.27410000,1.45330000,1.25410000,1.44250000,32738167.36000000,45399489.30203000,162663
2021-05-06,1.44190000,1.57920000,1.41290000,1.54440000,64557373.80000000,97093827.82343400,285835
2021-05-07,1.54440000,1.69650000,1.47100000,1.57690000,65135937.22000000,104316798.65401100,280377
2021-05-08,1.57750000,1.62440000,1.48800000,1.51820000,33259498.39000000,51808859.47925000,136132
2021-05-09,1.51820000,1.53000000,1.42610000,1.51510000,32906775.52000000,48907840.04583700,140802
2021-05-10,1.51520000,1.55610000,1.30540000,1.37070000,37404899.93000000,54447186.44127600,157292
2021-05-11,1.37040000,1.47760000,1.32300000,1.47400000,29157905.15000000,40989221.68554100,104153
2021-05-12,1.47400000,1.49970000,1.23960000,1.27340000,41345401.83000000,58393225.47200000,137321
2021-05-13,1.27320000,1.45300000,1.20100000,1.35260000,58295062.52000000,78196637.57440500,167907
2021-05-14,1.35280000,1.49000000,1.32290000,1.47750000,38997654.08000000,55060123.90556100,149528
2021-05-15,1.47720000,1.53700000,1.37300000,1.38880000,54344627.65000000,78460398.25059200,185184
2021-05-16,1.38840000,1.54000000,1.33180000,1.39560000,52071682.45000000,75466582.15416800,189193
2021-05-17,1.39600000,1.41260000,1.25600000,1.28420000,39031598.92000000,51810286.74638300,130768
2021-05-18,1.28540000,1.39300000,1.25670000,1.36500000,30186993.39000000,40528520.16683800,109896
2021-05-19,1.36580000,1.38800000,0.75610000,0.93090000,111653363.05000000,116802122.80653900,273181
2021-05-20,0.93290000,1.12000000,0.83770000,1.10890000,64554630.71000000,65147022.70987700,160341
2021-05-21,1.10860000,1.14720000,0.84410000,0.97360000,50329798.21000000,50912188.22400800,126561
2021-05-22,0.97350000,1.01530000,0.85520000,0.97390000,38750541.91000000,36701002.60981400,101024
2021-05-23,0.97390000,1.04050000,0.67740000,0.81780000,65498680.99000000,54530447.55749400,147857
2021-05-24,0.81690000,1.00630000,0.80050000,0.98110000,32235991.16000000,29697060.23005000,93970
2021-05-25,0.98130000,1.01790000,0.86720000,0.97540000,36972077.69000000,35002880.02169300,107094
2021-05-26,0.97570000,1.05930000,0.95380000,1.02370000,35451063.14000000,35800454.29042200,106134
2021-05-27,1.02350000,1.03330000,0.93560000,0.97520000,23181140.83000000,22857396.77771300,79054
2021-05-28,0.97560000,0.98700000,0.84580000,0.89990000,29097745.82000000,26289787.40620300,76937
2021-05-29,0.90060000,0.93060000,0.79040000,0.83150000,21248486.75000000,18119828.20906100,54736
2021-05-30,0.83190000,0.89460000,0.77840000,0.84910000,19187675.92000000,16259850.24294700,43185
2021-05-31,0.84910000,0.93850000,0.81390000,0.93590000,23377949.57000000,20494327.00030600,60484
2021-06-01,0.93560000,0.95150000,0.87600000,0.89520000,20571318.46000000,18628230.88853600,57562
2021-06-02,0.89510000,1.07080000,0.87250000,1.01870000,34348783.01000000,33811777.74418800,108166
2021-06-03,1.01890000,1.15370000,1.00490000,1.11130000,34622258.52000000,37473229.62113200,114514
2021-06-04,1.11190000,1.13300000,0.97190000,1.02840000,30312792.76000000,31403186.19151300,93670
2021-06-05,1.02740000,1.09420000,0.94700000,0.97630000,24711755.92000000,25264024.21325000,74468
2021-06-06,0.97520000,1.02530000,0.96420000,1.02470000,14186891.49000000,14168074.66287500,48934
2021-06-07,1.02480000,1.08900000,0.94690000,0.96330000,20579526.56000000,21199332.81856900,73497
2021-06-08,0.96320000,0.97660000,0.85600000,0.94060000,26800573.26000000,24700688.06904900,72948
2021-06-09,0.94030000,1.15230000,0.90760000,1.04150000,68702978.30000000,72929946.82173300,205427
2021-06-10,1.04100000,1.05220000,0.97410000,1.04960000,36549059.74000000,36935252.90627000,107317
2021-06-11,1.04880000,1.08190000,0.95660000,0.97320000,39320033.71000000,40750118.24617000,125339
2021-06-12,0.97290000,1.01980000,0.91050000,0.99100000,23426336.50000000,22392282.46799600,69239
2021-06-13,0.99070000,1.06620000,0.96260000,1.04060000,18843798.88000000,19155716.23846000,78140
2021-06-14,1.04110000,1.08650000,1.02410000,1.05520000,20055900.79000000,21154607.33392800,80095
2021-06-15,1.05570000,1.09370000,1.02290000,1.03230000,19892856.17000000,21016169.83522100,79583
2021-06-16,1.03240000,1.05700000,0.99800000,1.01780000,15850200.16000000,16218259.37264600,60905
2021-06-17,1.01780000,1.08480000,1.01280000,1.06460000,19738793.88000000,20877747.85509700,79750
2021-06-18,1.06460000,1.09240000,0.95990000,0.99200000,20249014.79000000,20536547.34355200,78948
2021-06-19,0.99180000,0.99200000,0.93400000,0.93400000,16974573.76000000,16350447.26855000,63225
2021-06-20,0.93500000,0.95270000,0.87800000,0.93390000,19487672.69000000,17949625.86623300,73152
2021-06-21,0.93420000,0.94160000,0.75050000,0.75390000,38568300.57000000,32502595.63842000,100529
2021-06-22,0.75360000,0.85530000,0.67120000,0.74360000,58396503.62000000,44066690.62924500,135364
2021-06-23,0.74340000,0.87080000,0.71300000,0.83230000,35395187.77000000,28638167.98699100,77993
2021-06-24,0.83270000,0.89470000,0.79600000,0.87430000,16670371.31000000,14166897.12836300,51395
2021-06-25,0.87460000,0.89880000,0.77810000,0.79040000,23275845.25000000,19333094.61748000,61904
2021-06-26,0.79080000,0.82590000,0.76030000,0.80940000,20398020.30000000,16074277.17237900,49851
2021-06-27,0.80890000,0.84900000,0.77100000,0.83580000,17215147.44000000,13809464.49019700,46851
2021-06-28,0.83600000,0.86460000,0.82180000,0.84260000,16809517.34000000,14169398.55090500,47623
2021-06-29,0.84250000,0.92410000,0.83900000,0.88890000,18054385.86000000,16040656.26229700,58235
2021-06-30,0.88830000,0.91240000,0.83300000,0.88330000,15547037.92000000,13475585.13319900,48654
2021-07-01,0.88360000,0.88390000,0.81040000,0.83400000,14216317.30000000,11923016.56554500,38721
2021-07-02,0.83300000,0.84590000,0.79890000,0.84560000,9905766.21000000,8131007.50628100,32004
2021-07-03,0.84570000,0.88500000,0.83370000,0.87640000,7593790.39000000,6538197.45969500,30501
2021-07-04,0.87610000,0.91420000,0.85620000,0.88000000,7600902.36000000,6805709.28796700,35858
2021-07-05,0.87930000,0.89210000,0.83860000,0.87280000,10676768.51000000,9272905.87182200,39597
2021-07-06,0.87310000,0.93360000,0.87150000,0.91320000,15437352.09000000,13988973.96728800,50945
2021-07-07,0.91290000,0.94080000,0.90150000,0.90620000,12482528.75000000,11504861.79242900,46365
2021-07-08,0.90600000,0.90760000,0.84740000,0.86830000,13542386.80000000,11777507.35767800,44596
2021-07-09,0.86760000,0.93360000,0.82880000,0.90580000,19120633.52000000,17074073.02250400,61624
2021-07-10,0.90590000,0.92250000,0.86620000,0.89180000,9079190.96000000,8075354.27353400,35917
2021-07-11,0.89220000,0.91850000,0.88480000,0.89520000,7161488.41000000,6472321.67596100,32330
2021-07-12,0.89530000,0.90440000,0.85040000,0.86750000,8082545.18000000,7099841.41069400,29762
2021-07-13,0.86720000,0.89730000,0.84870000,0.87530000,9496720.42000000,8282021.28019000,33765
2021-07-14,0.87480000,0.88100000,0.82180000,0.85870000,11958303.40000000,10159150.10931300,38442
2021-07-15,0.85850000,0.87920000,0.82000000,0.83470000,9883519.86000000,8342107.37140400,27773
2021-07-16,0.83480000,0.85130000,0.77320000,0.78420000,15193894.31000000,12199592.30578400,37741
2021-07-17,0.78430000,0.80670000,0.77170000,0.78430000,10709935.78000000,8430454.77184000,25412
2021-07-18,0.78360000,0.81370000,0.77460000,0.79810000,8872525.42000000,7056615.69400700,23523
2021-07-19,0.79840000,0.80870000,0.74730000,0.75050000,10143048.26000000,7835022.73418000,27344
2021-07-20,0.75070000,0.76570000,0.67600000,0.69610000,20985312.95000000,14807869.06065900,42060
2021-07-21,0.69630000,0.78290000,0.68170000,0.77010000,16155479.42000000,12075682.73998900,37058
2021-07-22,0.77020000,0.79950000,0.75380000,0.79610000,13625897.64000000,10595633.91474200,37954
2021-07-23,0.79650000,0.81650000,0.77040000,0.80780000,12525368.77000000,9908387.75767000,34181
2021-07-24,0.80820000,0.84600000,0.80340000,0.82620000,13230184.51000000,10952012.94573900,38774
2021-07-25,0.82620000,0.90740000,0.79580000,0.89050000,19061475.13000000,16296567.17688600,58473
2021-07-26,0.89010000,0.93390000,0.84000000,0.84760000,28792705.42000000,25739214.73348400,85103
2021-07-27,0.84720000,0.87210000,0.81730000,0.85690000,14430348.85000000,12184056.38640100,40628
2021-07-28,0.85710000,0.87160000,0.82750000,0.84810000,14614749.45000000,12445398.75741100,42579
2021-07-29,0.84810000,0.85660000,0.82460000,0.84620000,9705626.31000000,8162849.81878700,30643
2021-07-30,0.84630000,0.85590000,0.80770000,0.85290000,14784376.82000000,12342651.69192900,47560
2021-07-31,0.85290000,0.85870000,0.82110000,0.83950000,17882669.05000000,15065802.07041000,54450
2021-08-01,0.83910000,0.87670000,0.80270000,0.81170000,20942639.61000000,17817828.90520000,64857
2021-08-02,0.81170000,0.84000000,0.80030000,0.81670000,13009547.08000000,10668355.88135900,39769
2021-08-03,0.81620000,0.83730000,0.79000000,0.81870000,13508877.15000000,11022676.63314400,44072
2021-08-04,0.81870000,0.84120000,0.80200000,0.82820000,16732921.36000000,13774017.61458500,52857
2021-08-05,0.82780000,0.85930000,0.81000000,0.85070000,23221831.60000000,19469266.13363700,78539
2021-08-06,0.85050000,0.86900000,0.82270000,0.85510000,22009970.01000000,18659284.95695100,73134
2021-08-07,0.85540000,0.89610000,0.84360000,0.87550000,37472621.78000000,32637348.88155100,127974
2021-08-08,0.87550000,0.88590000,0.81670000,0.82530000,27360762.71000000,23412416.19517100,98530
2021-08-09,0.82560000,0.87130000,0.80440000,0.85500000,24691559.35000000,20807327.78660900,90242
2021-08-10,0.85470000,0.90920000,0.83850000,0.88290000,34467615.49000000,30266060.32793200,121978
2021-08-11,0.88310000,0.97000000,0.87780000,0.91160000,59378720.08000000,55125325.40671300,194610
2021-08-12,0.91170000,0.96490000,0.85340000,0.88410000,57858791.37000000,52272336.60826200,186293
2021-08-13,0.88400000,0.95620000,0.87120000,0.95440000,36995866.27000000,34320807.41116400,131354
2021-08-14,0.95490000,0.98180000,0.90980000,0.93200000,49297000.31000000,46385396.38068100,163573
2021-08-15,0.93250000,1.02410000,0.92440000,0.99510000,58435655.24000000,56263951.98528900,201274
2021-08-16,0.99470000,1.03530000,0.93660000,0.94610000,53225603.22000000,52431567.71666300,176192
2021-08-17,0.94560000,0.99260000,0.88000000,0.88350000,48471884.18000000,45707014.02567300,153453
2021-08-18,0.88420000,0.96430000,0.84740000,0.92240000,46506731.59000000,42139496.25283700,135157
2021-08-19,0.92250000,1.07300000,0.91200000,1.04410000,87684139.56000000,88456867.54961300,297526
2021-08-20,1.04440000,1.15430000,1.03950000,1.13850000,69978750.54000000,77808735.07670600,293530
2021-08-21,1.13720000,1.22220000,1.09210000,1.14880000,60191628.46000000,69892642.74471500,290161
2021-08-22,1.14890000,1.24440000,1.11810000,1.15700000,42470528.04000000,49994405.78795100,185960
2021-08-23,1.15730000,1.19010000,1.10880000,1.15870000,34230095.25000000,39438692.30078600,134043
2021-08-24,1.15900000,1.16000000,1.01510000,1.03680000,44097790.40000000,48293944.94196800,154495
2021-08-25,1.03680000,1.08040000,1.00040000,1.06510000,29788902.60000000,31057274.66844300,106395
2021-08-26,1.06420000,1.07550000,0.97020000,0.98870000,27696436.22000000,27842153.25366400,100154
2021-08-27,0.98810000,1.06620000,0.95930000,1.06500000,27333899.46000000,27859977.56718200,96206
2021-08-28,1.06500000,1.07510000,1.02260000,1.03880000,19510444.09000000,20440637.01151400,84020
2021-08-29,1.03890000,1.06660000,0.99910000,1.02170000,24639385.00000000,25309299.14050000,86790
2021-08-30,1.02170000,1.09770000,0.97640000,1.02070000,34656685.35000000,35630835.07177800,124429
2021-08-31,1.02010000,1.17210000,1.00270000,1.11340000,63948645.29000000,70770823.28797800,258665
2021-09-01,1.11350000,1.18490000,1.07890000,1.16140000,43230208.66000000,49742213.99970900,172507
2021-09-02,1.16150000,1.17890000,1.12130000,1.14210000,23461669.00000000,26985140.81980000,103698
2021-09-03,1.14230000,1.27000000,1.10850000,1.21780000,61734288.80000000,75048094.23146500,332115
2021-09-04,1.21750000,1.24000000,1.18870000,1.20790000,28514256.00000000,34512962.30810000,104941
2021-09-05,1.20810000,1.35000000,1.18170000,1.31470000,49054347.36000000,62704977.87978800,291390
2021-09-06,1.31460000,1.48740000,1.29040000,1.45790000,69726925.29000000,96811700.08018200,486064
2021-09-07,1.45800000,1.51670000,1.01990000,1.27740000,113768791.48000000,149537042.48707300,548618
2021-09-08,1.27730000,1.96600000,1.23320000,1.91630000,411415946.39900000,687461388.85919900,2232441
2021-09-09,1.91520000,2.49030000,1.90200000,2.30360000,425690635.84400000,924375755.91087400,2389707
2021-09-10,2.30210000,2.42830000,1.84320000,2.01260000,282534277.00000000,581937437.39930000,1260060
2021-09-11,2.01180000,2.29000000,1.96070000,1.99430000,194425030.00000000,411158428.15600000,1005636
2021-09-12,1.99470000,2.48000000,1.90000000,2.37930000,222384280.00000000,496984545.18810000,1328182
2021-09-13,2.37800000,2.55740000,1.97000000,2.16520000,257411002.10000000,566764768.03275000,1294106
2021-09-14,2.16450000,2.27270000,1.97920000,2.03960000,114017816.00000000,241207573.95760000,553564
2021-09-15,2.03950000,2.09200000,1.99280000,2.01500000,68445134.00000000,139421080.56900000,326732
2021-09-16,2.01440000,2.22580000,1.86200000,2.03780000,145130730.00000000,301817900.68720000,776518
2021-09-17,2.03770000,2.16000000,1.88710000,1.92360000,90207802.00000000,182163094.24750000,431357
2021-09-18,1.92370000,2.12890000,1.89490000,2.07220000,81645600.00000000,165374703.69820000,429382
2021-09-19,2.07210000,2.15730000,1.94000000,1.97290000,76556905.00000000,156914460.29890000,401665
2021-09-20,1.97330000,1.97650000,1.54640000,1.67360000,144435752.00000000,251421947.85770000,626825
2021-09-21,1.67310000,1.82500000,1.51870000,1.57630000,95673108.00000000,161140625.02860000,448521
2021-09-22,1.57600000,1.89700000,1.54510000,1.84570000,84526602.00000000,148046985.34940000,395187
2021-09-23,1.84430000,2.05380000,1.78820000,2.00310000,99537811.00000000,191667430.60310000,545327
2021-09-24,2.00310000,2.00700000,1.68230000,1.78640000,108353320.00000000,197671723.44050000,472654
2021-09-25,1.78650000,1.81680000,1.69200000,1.73100000,56529944.00000000,99148137.25710000,219779
2021-09-26,1.73030000,1.78170000,1.56650000,1.77500000,72229907.00000000,121784422.40900000,272418
2021-09-27,1.77430000,1.85900000,1.66810000,1.67330000,76499918.00000000,136230541.82860000,334546
2021-09-28,1.67400000,1.72010000,1.55290000,1.56490000,62639409.00000000,103044903.05840000,211373
2021-09-29,1.56410000,1.74980000,1.55000000,1.60670000,63200438.00000000,103320917.36440000,240431
2021-09-30,1.60670000,1.66220000,1.57210000,1.62730000,46431391.00000000,74913454.30200000,170522
2021-10-01,1.62740000,1.81400000,1.59540000,1.77360000,65502304.00000000,112321409.35330000,315484
2021-10-02,1.77250000,1.88490000,1.71100000,1.76920000,59503487.00000000,106640337.29210000,303904
2021-10-03,1.77040000,1.99910000,1.73090000,1.98330000,81133600.00000000,153283211.04470000,535747
2021-10-04,1.98390000,2.09350000,1.88500000,1.93940000,132027396.00000000,263790864.89310000,689749
2021-10-05,1.93890000,2.06290000,1.91910000,1.95100000,59555333.00000000,118116462.87970000,306632
2021-10-06,1.95160000,1.98870000,1.77590000,1.81410000,76601394.00000000,143442912.88350000,395395
2021-10-07,1.81410000,1.93930000,1.75070000,1.89020000,70049989.00000000,129715702.46830000,375018
2021-10-08,1.89090000,2.00000000,1.87660000,1.89800000,66072438.00000000,128058337.20990000,352201
2021-10-09,1.89880000,1.95000000,1.86000000,1.89270000,30861234.00000000,58648591.27650000,172005
2021-10-10,1.89330000,1.89330000,1.75840000,1.76500000,28336707.00000000,52165236.60560000,169239
2021-10-11,1.76500000,1.83360000,1.67840000,1.71580000,30350425.00000000,53547865.83440000,170692
2021-10-12,1.71610000,1.76000000,1.59970000,1.74740000,44512758.00000000,74888447.91450000,266210
2021-10-13,1.74710000,1.84500000,1.68590000,1.83700000,29125547.00000000,51214370.30540000,193065
2021-10-14,1.83690000,1.88240000,1.77760000,1.81060000,32749178.00000000,59828168.94300000,225854
2021-10-15,1.81070000,1.81090000,1.72710000,1.75430000,31342009.00000000,55313891.11310000,190129
2021-10-16,1.75440000,1.85000000,1.73470000,1.79830000,37815059.00000000,68017356.91910000,229155
2021-10-17,1.79880000,1.89290000,1.72400000,1.76920000,42183099.00000000,76806750.84350000,257381
2021-10-18,1.76930000,1.78810000,1.69430000,1.73690000,20548443.00000000,35905442.02210000,115880
2021-10-19,1.73660000,1.76890000,1.68560000,1.71050000,21496531.00000000,37108385.69020000,111224
2021-10-20,1.71050000,1.82290000,1.68630000,1.79100000,29074074.00000000,51108177.23960000,177540
2021-10-21,1.79140000,1.88490000,1.70130000,1.78450000,54346617.00000000,98350325.23680000,378208
2021-10-22,1.78360000,1.94130000,1.77130000,1.86090000,62694242.00000000,117543054.10870000,455497
2021-10-23,1.86100000,1.94280000,1.84600000,1.90760000,37807947.00000000,71594454.33840000,246635
2021-10-24,1.90770000,1.91990000,1.78020000,1.81510000,30010316.00000000,55491159.45960000,187929
2021-10-25,1.81520000,2.07500000,1.80710000,2.04960000,63775171.00000000,124524410.45480000,513335
2021-10-26,2.04940000,2.10000000,1.94710000,2.04450000,62903283.00000000,127106866.11020000,443245
2021-10-27,2.04340000,2.08840000,1.69000000,1.79480000,83909882.00000000,156719736.55830000,528116
2021-10-28,1.79320000,1.88030000,1.75010000,1.84470000,54284530.00000000,99205227.83830000,281236
2021-10-29,1.84400000,1.91800000,1.83450000,1.87560000,38285174.00000000,71623435.49700000,232800
2021-10-30,1.87610000,1.87820000,1.77220000,1.81990000,23948805.00000000,43679271.23070000,148875
2021-10-31,1.82090000,1.85620000,1.75400000,1.82840000,32469714.00000000,58802664.90590000,198835
2021-11-01,1.82810000,1.86700000,1.77650000,1.83220000,26280705.00000000,48148348.96510000,175926
2021-11-02,1.83290000,1.91250000,1.83010000,1.86470000,30408300.00000000,56927020.92580000,219363
2021-11-03,1.86470000,1.98360000,1.81800000,1.93420000,46887650.00000000,89163522.60630000,395949
2021-11-04,1.93420000,1.96250000,1.81870000,1.85870000,29086864.00000000,54472419.63420000,199797
2021-11-05,1.85860000,1.91390000,1.82850000,1.84210000,22420371.00000000,41883983.02160000,154076
2021-11-06,1.84240000,1.86610000,1.77730000,1.83620000,17041991.00000000,31079563.95450000,128532
2021-11-07,1.83590000,1.87000000,1.81930000,1.86640000,15574711.00000000,28707684.04230000,90550
2021-11-08,1.86630000,2.09000000,1.83520000,2.04680000,62851768.00000000,123863236.01250000,574396
2021-11-09,2.04640000,2.05660000,1.92920000,1.94610000,38832143.00000000,76793262.85470000,281281
2021-11-10,1.94550000,2.29350000,1.83000000,1.93210000,129908674.00000000,269350164.17510000,1107234
2021-11-11,1.93190000,2.06210000,1.87200000,2.02000000,61945049.00000000,122325762.23560000,453385
2021-11-12,2.02010000,2.36300000,2.00250000,2.14520000,179772290.00000000,396422775.46210000,1489110
2021-11-13,2.14410000,2.16280000,2.03180000,2.07430000,46007264.00000000,96043672.79570000,267632
2021-11-14,2.07400000,2.10870000,1.91850000,1.98450000,52677349.00000000,105270794.79110000,282834
2021-11-15,1.98440000,2.00950000,1.85630000,1.89110000,52164268.00000000,101166954.57660000,285847
2021-11-16,1.89120000,1.89120000,1.56070000,1.72290000,94911065.00000000,164276612.25740000,454807
2021-11-17,1.72110000,1.76100000,1.59520000,1.65880000,60452454.00000000,100245537.80790000,265489
2021-11-18,1.65850000,2.99000000,1.64710000,1.84990000,514030822.80400000,1061541567.02631520,2455832
2021-11-19,1.84980000,1.90760000,1.75080000,1.87800000,70265015.00000000,128487444.33400000,341431
2021-11-20,1.87850000,1.90540000,1.75750000,1.83840000,40883687.00000000,74678591.51960000,179483
2021-11-21,1.83770000,1.89250000,1.78220000,1.82810000,42655372.00000000,78422919.57250000,221870
2021-11-22,1.82810000,1.83800000,1.71310000,1.73840000,43317588.00000000,76470658.88000000,191598
2021-11-23,1.73810000,1.85000000,1.69710000,1.83570000,42291825.00000000,74388552.00040000,215515
2021-11-24,1.83560000,1.87330000,1.72000000,1.74160000,45782554.00000000,81760101.20180000,235595
2021-11-25,1.74160000,1.84410000,1.72500000,1.82140000,41187816.00000000,73727872.92910000,201505
2021-11-26,1.82140000,1.82420000,1.58290000,1.60450000,59819201.00000000,100139864.94500000,280176
2021-11-27,1.60440000,1.72420000,1.60020000,1.67420000,39983287.00000000,66951699.07600000,231594
2021-11-28,1.67480000,1.71520000,1.57000000,1.71250000,34972976.00000000,57486446.90270000,170780
2021-11-29,1.71200000,1.83270000,1.69170000,1.77250000,46330252.00000000,82006211.60920000,227869
2021-11-30,1.77150000,1.88000000,1.72950000,1.81190000,57996248.00000000,104537575.75310000,293158
2021-12-01,1.81200000,2.02590000,1.80070000,1.96090000,79153407.00000000,152399780.20690000,431980
2021-12-02,1.96080000,2.04310000,1.84830000,1.88690000,61315598.00000000,117200912.58020000,324112
2021-12-03,1.88770000,1.94220000,1.69180000,1.74680000,47203596.00000000,87170190.90830000,238905
2021-12-04,1.74660000,1.75270000,1.32380000,1.64910000,93370242.00000000,145163651.96370000,435371
2021-12-05,1.64910000,1.76500000,1.58530000,1.76500000,84567923.00000000,142357842.07820000,398468
2021-12-06,1.76480000,1.86660000,1.61320000,1.76290000,110472308.00000000,192612443.82050000,517800
2021-12-07,1.76210000,1.81090000,1.66420000,1.68520000,40437823.00000000,70746568.73900000,189008
2021-12-08,1.68500000,1.70190000,1.59060000,1.70150000,25884932.00000000,43031402.44100000,131850
2021-12-09,1.70100000,1.71350000,1.54310000,1.54800000,32555446.00000000,52785262.39090000,130459
2021-12-10,1.54800000,1.59970000,1.45590000,1.45900000,27195979.00000000,41830108.35050000,130246
2021-12-11,1.45870000,1.57680000,1.43000000,1.52790000,25023027.00000000,37527361.34440000,116754
2021-12-12,1.52840000,1.56540000,1.50840000,1.53920000,16794202.00000000,25780449.08850000,78725
2021-12-13,1.53900000,1.55860000,1.31830000,1.32230000,37351297.00000000,52838123.94560000,152356
2021-12-14,1.32190000,1.39320000,1.30920000,1.38030000,26335006.00000000,35527820.49620000,113681
2021-12-15,1.38010000,1.45460000,1.30300000,1.42620000,28398439.00000000,39272278.93380000,126167
2021-12-16,1.42620000,1.46710000,1.38330000,1.38780000,18305062.00000000,26189976.72270000,86653
2021-12-17,1.38750000,1.40350000,1.31730000,1.34680000,18697796.00000000,25445210.67640000,83019
2021-12-18,1.34700000,1.39870000,1.32520000,1.37810000,15483767.00000000,21150681.55090000,66771
2021-12-19,1.37810000,1.43510000,1.35230000,1.35560000,17054492.00000000,23684322.09940000,78027
2021-12-20,1.35620000,1.35680000,1.25650000,1.29640000,25974151.00000000,33759995.27360000,133375
2021-12-21,1.29660000,1.36440000,1.29030000,1.35730000,26694265.00000000,35613243.89560000,108848
2021-12-22,1.35730000,1.41680000,1.34250000,1.36420000,29932451.00000000,41236737.84610000,125090
2021-12-23,1.36420000,1.48840000,1.34370000,1.46980000,31950957.00000000,45045034.95600000,157327
2021-12-24,1.46980000,1.65000000,1.44580000,1.57540000,47621506.00000000,74015237.22170000,288345
2021-12-25,1.57480000,1.59940000,1.53090000,1.57510000,22999107.00000000,35970515.45510000,115627
2021-12-26,1.57450000,1.64330000,1.54450000,1.60640000,34733555.00000000,55687678.28210000,196282
2021-12-27,1.60730000,1.72490000,1.57970000,1.66250000,32131536.00000000,52958216.61010000,216269
2021-12-28,1.66300000,1.66390000,1.45000000,1.46540000,41136791.00000000,63831988.34020000,217481
2021-12-29,1.46610000,1.64420000,1.40620000,1.58270000,44785855.00000000,68435119.00490000,230784
2021-12-30,1.58270000,1.76570000,1.52050000,1.73020000,70697205.00000000,117343974.58920000,410902
2021-12-31,1.73020000,1.78830000,1.62810000,1.65910000,48715404.00000000,83664268.32910000,298904
2022-01-01,1.65850000,1.77000000,1.63030000,1.74140000,22952248.00000000,39015254.81880000,136986
2022-01-02,1.74150000,1.78460000,1.66000000,1.67340000,26531427.00000000,45142486.18660000,156047
2022-01-03,1.67310000,1.83570000,1.62600000,1.79490000,57145005.00000000,99685073.54450000,320871
2022-01-04,1.79490000,1.84510000,1.65800000,1.67250000,62763916.00000000,109554179.06560000,336413
2022-01-05,1.67240000,1.80260000,1.44700000,1.55540000,64252612.00000000,108038818.53980000,342820
2022-01-06,1.55570000,1.60550000,1.48290000,1.56330000,47101470.00000000,72677964.15390000,215392
2022-01-07,1.56280000,1.56960000,1.39300000,1.44580000,52703019.00000000,76815400.68660000,229787
2022-01-08,1.44590000,1.46970000,1.31480000,1.38500000,30163813.00000000,42250280.54430000,130184
2022-01-09,1.38440000,1.44120000,1.36790000,1.40040000,18468767.00000000,25997122.88940000,91646
2022-01-10,1.40030000,1.45000000,1.30000000,1.36230000,37319202.00000000,51261917.46380000,168940
2022-01-11,1.36190000,1.45320000,1.34850000,1.44600000,32570545.00000000,45737840.47760000,161796
2022-01-12,1.44560000,1.50420000,1.43760000,1.49910000,34774351.00000000,51380783.42930000,164393
2022-01-13,1.49860000,1.50110000,1.34060000,1.36150000,42932502.00000000,60955892.24680000,195717
2022-01-14,1.36130000,1.41110000,1.32270000,1.38170000,31869731.00000000,43744972.81610000,125047
2022-01-15,1.38150000,1.41500000,1.35730000,1.37850000,18151129.00000000,25161833.34430000,70350
2022-01-16,1.37750000,1.44890000,1.36580000,1.42900000,24196453.00000000,34040700.61290000,98170
2022-01-17,1.42930000,1.44390000,1.33710000,1.34130000,31352809.00000000,43365467.09460000,128746
2022-01-18,1.34130000,1.36180000,1.27670000,1.31690000,30134537.00000000,39652300.43600000,117830
2022-01-19,1.31710000,1.32240000,1.22110000,1.26550000,35192413.00000000,44914723.38850000,143338
2022-01-20,1.26500000,1.32680000,1.15430000,1.16160000,35436319.00000000,44607275.14500000,151532
2022-01-21,1.16100000,1.19680000,0.99900000,1.03070000,80371227.00000000,89290008.06990000,280635
2022-01-22,1.03050000,1.06170000,0.79570000,0.95140000,125204441.12000000,114425535.39826900,318323
2022-01-23,0.95060000,1.00550000,0.92420000,0.98900000,53267491.00000000,51431748.49260000,170198
2022-01-24,0.98850000,0.98920000,0.81700000,0.91250000,53757972.00000000,47528305.52650000,168252
2022-01-25,0.91250000,0.95000000,0.86700000,0.92240000,36769853.00000000,33137191.73910000,136368
2022-01-26,0.92230000,0.99550000,0.89230000,0.92310000,53867719.00000000,51088302.28940000,162756
2022-01-27,0.92270000,0.95650000,0.87520000,0.93610000,46329195.00000000,42312615.45530000,133550
2022-01-28,0.93640000,0.98540000,0.92040000,0.95840000,41535435.00000000,39431879.46560000,121128
2022-01-29,0.95840000,1.00750000,0.95460000,0.96900000,30400776.00000000,29769141.09020000,87027
2022-01-30,0.96900000,0.98960000,0.92830000,0.94470000,24857482.00000000,23767604.22630000,73158
2022-01-31,0.94480000,0.97080000,0.90290000,0.94990000,30053013.00000000,28220167.45490000,78575
2022-02-01,0.94990000,0.99200000,0.94660000,0.96630000,26072464.00000000,25279734.15430000,77931
2022-02-02,0.96630000,1.03000000,0.92130000,0.92270000,47633350.00000000,46914122.22960000,134797
2022-02-03,0.92280000,0.94060000,0.90080000,0.93570000,31808657.00000000,29308924.88700000,83153
2022-02-04,0.93530000,1.00000000,0.92630000,0.99730000,33856720.00000000,32393678.58590000,87476
2022-02-05,0.99780000,1.04490000,0.98120000,1.00150000,31899615.00000000,32304288.19630000,101405
2022-02-06,1.00170000,1.03100000,0.97090000,1.02470000,29169725.00000000,29280887.98340000,84412
2022-02-07,1.02470000,1.09860000,0.99830000,1.07000000,57314859.00000000,60659592.40360000,180172
2022-02-08,1.07090000,1.10200000,0.98700000,1.02350000,50377249.00000000,52171225.24530000,154694
2022-02-09,1.02340000,1.05000000,0.99610000,1.03630000,32927033.00000000,33875599.05370000,95890
2022-02-10,1.03660000,1.04950000,0.97360000,0.98130000,42407794.00000000,42900952.20380000,135687
2022-02-11,0.98130000,0.99600000,0.89640000,0.91610000,32617526.00000000,31351703.09030000,102822
2022-02-12,0.91610000,0.94020000,0.88830000,0.91870000,21044369.00000000,19304933.69170000,64770
2022-02-13,0.91880000,0.93450000,0.88180000,0.89650000,17684695.00000000,16166257.94270000,49056
2022-02-14,0.89650000,0.91000000,0.87140000,0.89920000,18574382.00000000,16550138.89280000,55499
2022-02-15,0.89950000,0.97560000,0.89850000,0.96900000,24422127.00000000,22920159.33490000,72656
2022-02-16,0.96960000,1.00790000,0.95280000,0.97790000,39766020.00000000,39000172.69710000,122686
2022-02-17,0.97740000,0.98840000,0.88750000,0.89720000,27348283.00000000,25686951.81890000,100103
2022-02-18,0.89790000,0.92710000,0.87330000,0.89410000,17325087.00000000,15590498.62760000,60687
2022-02-19,0.89400000,0.91760000,0.87050000,0.89940000,14645272.00000000,13112981.67600000,54096
2022-02-20,0.89920000,0.90060000,0.83190000,0.84510000,17645067.00000000,15079492.78680000,60741
2022-02-21,0.84470000,0.87860000,0.77930000,0.78470000,35446895.00000000,29740432.43840000,98623
2022-02-22,0.78460000,0.82000000,0.75810000,0.81070000,38065106.63000000,30078663.69429500,86386
2022-02-23,0.81050000,0.88070000,0.78160000,0.78500000,35888139.00000000,29340362.16920000,88950
2022-02-24,0.78520000,0.79630000,0.68800000,0.77720000,69785867.31000000,51494196.05971000,165844
2022-02-25,0.77710000,0.84170000,0.76760000,0.83010000,32051676.00000000,25554490.58000000,91206
2022-02-26,0.83020000,0.88190000,0.81840000,0.85920000,30901498.00000000,26174566.58430000,92099
2022-02-27,0.85920000,0.86300000,0.78170000,0.79780000,30849584.00000000,25324207.72880000,90738
2022-02-28,0.79790000,0.86930000,0.78460000,0.86810000,39295402.00000000,32678770.19520000,101897
2022-03-01,0.86760000,0.89520000,0.83630000,0.85650000,56468544.00000000,48691701.25460000,144161
2022-03-02,0.85640000,0.85960000,0.80720000,0.81990000,54416082.00000000,45115352.21850000,125579
2022-03-03,0.81980000,0.85160000,0.78690000,0.79660000,56349768.00000000,46266614.10710000,128597
2022-03-04,0.79650000,0.81030000,0.75200000,0.75990000,41991984.00000000,32839965.89700000,100278
2022-03-05,0.76000000,0.77730000,0.74180000,0.77350000,27981858.00000000,21298921.12730000,62865
2022-03-06,0.77360000,0.78210000,0.74290000,0.74650000,27657944.00000000,21115939.60130000,65987
2022-03-07,0.74650000,0.77270000,0.71990000,0.72790000,33703880.00000000,25025256.98610000,74915
2022-03-08,0.72790000,0.75940000,0.72490000,0.73990000,21125893.00000000,15652212.81350000,57817
2022-03-09,0.74000000,0.78080000,0.73900000,0.76710000,22912638.00000000,17516410.60430000,63567
2022-03-10,0.76710000,0.78120000,0.72240000,0.73090000,22785698.00000000,16827549.98050000,65974
2022-03-11,0.73120000,0.73230000,0.69920000,0.70140000,21686428.00000000,15482351.04640000,57170
2022-03-12,0.70160000,0.72480000,0.70080000,0.70520000,10779753.00000000,7678528.07340000,28934
2022-03-13,0.70500000,0.71680000,0.67500000,0.68070000,12186092.00000000,8523722.26360600,33317
2022-03-14,0.68080000,0.71480000,0.67360000,0.70630000,23839247.00000000,16542756.13380000,54732
2022-03-15,0.70630000,0.72770000,0.67790000,0.71590000,28980871.00000000,20345390.63960000,67948
2022-03-16,0.71580000,0.73870000,0.69610000,0.73650000,33929244.00000000,24300778.69080000,80930
2022-03-17,0.73650000,0.76100000,0.72120000,0.74180000,31904706.00000000,23581241.64020000,77868
2022-03-18,0.74190000,0.76550000,0.72550000,0.75480000,37467392.00000000,27909778.66920000,85172
2022-03-19,0.75490000,0.78050000,0.75170000,0.76490000,33709486.00000000,25851890.59880000,82817
2022-03-20,0.76480000,0.77700000,0.73390000,0.74140000,25659158.00000000,19333298.17460000,60533
2022-03-21,0.74130000,0.82910000,0.73000000,0.82760000,68222926.00000000,54172170.98570000,167263
2022-03-22,0.82770000,0.85200000,0.80310000,0.82670000,54702957.00000000,45211576.12750000,152315
2022-03-23,0.82680000,0.83900000,0.80420000,0.83880000,30339005.00000000,24935907.43420000,75344
2022-03-24,0.83880000,0.90800000,0.82120000,0.89110000,46497264.00000000,40277135.18220000,135208
2022-03-25,0.89080000,0.94990000,0.88220000,0.88870000,61414552.00000000,56128968.99990000,200959
2022-03-26,0.88870000,0.92000000,0.87530000,0.91160000,24603765.00000000,22147449.26680000,76690
2022-03-27,0.91160000,0.94980000,0.89500000,0.94930000,24198146.00000000,22361752.91020000,86992
2022-03-28,0.94920000,0.97390000,0.89220000,0.90680000,37338627.00000000,35520552.15610000,132201
2022-03-29,0.90710000,0.96380000,0.89810000,0.92300000,39064270.00000000,36343559.85800000,138562
2022-03-30,0.92280000,0.95570000,0.88140000,0.92660000,43231856.00000000,40205472.35670000,150328
2022-03-31,0.92680000,0.98860000,0.90960000,0.92930000,52408387.00000000,49637959.39390000,179835
2022-04-01,0.92930000,0.96240000,0.88870000,0.93910000,38982195.00000000,36324868.48170000,135693
2022-04-02,0.93930000,0.97700000,0.89650000,0.90680000,48615895.00000000,46240797.80200000,141573
2022-04-03,0.90660000,0.94780000,0.88800000,0.93530000,28740792.00000000,26510108.40240000,89387
2022-04-04,0.93540000,0.93680000,0.85000000,0.88270000,42136651.00000000,37797582.84690000,126941
2022-04-05,0.88240000,0.90040000,0.83070000,0.83450000,35442205.00000000,30844857.88340000,103951
2022-04-06,0.83480000,0.83730000,0.76500000,0.76610000,48875684.00000000,39132778.33180000,152694
2022-04-07,0.76580000,0.80900000,0.75040000,0.79930000,29187454.00000000,22970160.12300000,98467
2022-04-08,0.79910000,0.80970000,0.75130000,0.75950000,25302339.00000000,19952374.52180000,78787
2022-04-09,0.75880000,0.78960000,0.75760000,0.78800000,16582407.00000000,12841215.06520000,56823
2022-04-10,0.78810000,0.79000000,0.74630000,0.75030000,14941731.00000000,11558441.66580000,48242
2022-04-11,0.75030000,0.76090000,0.68130000,0.69360000,32285112.00000000,23212869.41990000,96249
2022-04-12,0.69340000,0.74470000,0.68540000,0.72580000,31169176.00000000,22412824.41610000,102481
2022-04-13,0.72580000,0.74800000,0.71360000,0.74610000,31073552.00000000,22792287.54950000,101803
2022-04-14,0.74610000,0.76130000,0.71500000,0.72670000,25291305.00000000,18701965.82820000,87867
2022-04-15,0.72670000,0.74310000,0.72120000,0.73930000,20936877.00000000,15354742.90640000,65102
2022-04-16,0.73930000,0.75140000,0.72760000,0.74320000,15606184.00000000,11529794.88500000,56759
2022-04-17,0.74330000,0.74570000,0.70600000,0.71050000,18920485.00000000,13865004.35040000,65642
2022-04-18,0.71040000,0.74050000,0.68780000,0.73650000,33765836.00000000,24110005.27070000,101347
2022-04-19,0.73650000,0.76330000,0.72850000,0.75890000,31037097.00000000,23218179.62150000,103270
2022-04-20,0.75910000,0.77120000,0.72940000,0.74150000,26816689.00000000,20123143.97470000,79299
2022-04-21,0.74150000,0.77440000,0.70840000,0.71840000,30344411.00000000,22651749.42550000,92526
2022-04-22,0.71850000,0.73160000,0.71130000,0.71910000,20881215.00000000,15073091.48910000,62275
2022-04-23,0.71910000,0.72370000,0.70370000,0.70740000,16364047.00000000,11716232.73300000,46506
2022-04-24,0.70730000,0.71440000,0.69670000,0.70110000,12789033.00000000,9037419.72250000,37699
2022-04-25,0.70090000,0.70600000,0.65540000,0.70300000,40977137.92000000,27823197.84084200,105030
2022-04-26,0.70310000,0.72800000,0.64270000,0.65600000,37548574.94000000,25770088.19704000,100450
2022-04-27,0.65600000,0.67850000,0.64880000,0.67120000,27728502.00000000,18449451.50400000,68411
2022-04-28,0.67130000,0.71580000,0.66090000,0.69820000,42287624.00000000,28834911.48920000,107516
2022-04-29,0.69840000,0.70990000,0.61920000,0.63810000,43316295.98000000,28744863.77395400,108876
2022-04-30,0.63800000,0.63960000,0.53730000,0.56730000,37752138.70000000,22653772.66255000,93562
2022-05-01,0.56720000,0.60510000,0.56400000,0.60160000,39309711.00000000,22979534.61700000,86482
2022-05-02,0.60140000,0.64840000,0.58000000,0.61610000,45665627.00000000,27748808.91310000,101619
2022-05-03,0.61590000,0.74300000,0.61090000,0.67100000,172302198.00000000,119358148.27030000,435480
2022-05-04,0.67080000,0.71900000,0.65320000,0.71570000,104533672.00000000,71023694.21720000,248527
2022-05-05,0.71590000,0.73100000,0.61420000,0.63400000,70791981.00000000,47235941.08140000,176761
2022-05-06,0.63380000,0.72500000,0.62550000,0.69730000,115860871.00000000,77810838.21400000,315963
2022-05-07,0.69730000,0.77500000,0.67230000,0.74870000,149618343.00000000,109640862.61480000,360185
2022-05-08,0.74870000,0.78620000,0.70750000,0.72920000,147492538.00000000,109290665.26430000,381037
2022-05-09,0.72940000,0.75550000,0.56510000,0.57460000,153129527.00000000,101694143.65760000,389193
2022-05-10,0.57370000,0.66080000,0.55170000,0.58520000,165548448.00000000,101051180.71760000,381504
2022-05-11,0.58480000,0.60700000,0.40340000,0.45040000,241579174.72000000,121491786.29469700,483183
2022-05-12,0.45100000,0.48100000,0.35720000,0.42320000,204067701.25000000,83642737.02739300,349512
2022-05-13,0.42410000,0.50900000,0.41480000,0.44350000,101243097.00000000,47456430.89600000,248589
2022-05-14,0.44350000,0.47400000,0.41810000,0.46350000,69160967.00000000,30752113.11510000,168449
2022-05-15,0.46360000,0.49400000,0.44400000,0.49060000,38615772.00000000,17841494.86520000,99986
2022-05-16,0.49050000,0.49050000,0.43770000,0.46030000,55700503.00000000,25677215.50380000,133822
2022-05-17,0.46040000,0.50870000,0.45930000,0.49500000,49493595.00000000,24077685.02760000,118716
2022-05-18,0.49500000,0.50430000,0.43120000,0.43340000,46630616.00000000,21611248.60170000,113418
2022-05-19,0.43360000,0.46400000,0.42110000,0.45160000,50933703.00000000,22514373.13570000,109809
2022-05-20,0.45150000,0.45930000,0.41990000,0.43350000,48439159.00000000,21343112.64610000,98262
2022-05-21,0.43320000,0.44390000,0.42140000,0.43500000,37238043.00000000,16069490.01990000,68334
2022-05-22,0.43500000,0.44950000,0.42380000,0.44270000,39441576.00000000,17233101.14000000,73172
2022-05-23,0.44260000,0.45270000,0.41060000,0.41710000,49830883.00000000,21886499.84020000,96006
2022-05-24,0.41720000,0.42230000,0.39070000,0.41910000,41324277.00000000,16883900.63310000,72787
2022-05-25,0.41900000,0.42220000,0.39880000,0.40570000,41739825.00000000,17041858.55390000,68459
2022-05-26,0.40580000,0.41270000,0.36640000,0.37940000,60180181.00000000,23305298.50860000,109955
2022-05-27,0.37940000,0.38470000,0.35550000,0.36060000,56176978.00000000,20695643.61280000,103929
2022-05-28,0.36060000,0.37440000,0.35490000,0.36740000,44718711.00000000,16303414.51240000,64485
2022-05-29,0.36730000,0.38000000,0.35270000,0.37880000,39721294.00000000,14557277.11849800,57114
2022-05-30,0.37890000,0.42380000,0.37630000,0.42010000,54462784.00000000,21890515.55620000,91652
2022-05-31,0.42010000,0.42550000,0.39540000,0.41130000,58909848.00000000,24260102.69210000,100472
2022-06-01,0.41120000,0.42870000,0.37430000,0.38500000,69193996.00000000,28183737.86430000,121611
2022-06-02,0.38490000,0.39710000,0.37660000,0.39470000,34843886.00000000,13398990.19090000,58308
2022-06-03,0.39480000,0.39720000,0.37130000,0.38110000,31207050.00000000,11923849.80700000,45541
2022-06-04,0.38100000,0.39040000,0.36700000,0.38830000,21203500.00000000,7981479.74580000,33247
2022-06-05,0.38810000,0.40320000,0.37910000,0.39180000,32132243.00000000,12603870.07500000,50097
2022-06-06,0.39190000,0.42470000,0.39080000,0.41280000,33806485.00000000,13839385.59170000,57478
2022-06-07,0.41260000,0.41350000,0.37660000,0.39890000,33290027.00000000,13068662.57720000,58583
2022-06-08,0.39900000,0.43160000,0.39860000,0.41650000,50514639.00000000,20923332.28460000,83993
2022-06-09,0.41680000,0.41830000,0.40000000,0.40420000,25294070.00000000,10364326.70880000,43889
2022-06-10,0.40430000,0.40490000,0.36280000,0.36890000,42855751.00000000,16397890.02530000,66197
2022-06-11,0.36890000,0.37990000,0.33820000,0.35060000,38694246.00000000,13847994.66577000,57138
2022-06-12,0.35050000,0.35190000,0.32370000,0.32480000,42832653.00000000,14359887.26569900,65033
2022-06-13,0.32440000,0.32950000,0.28790000,0.30390000,115411090.75000000,35198866.99438500,171708
2022-06-14,0.30400000,0.31100000,0.28210000,0.30860000,94138951.00000000,28356413.36311900,139014
2022-06-15,0.30860000,0.39830000,0.27830000,0.34020000,127342395.00000000,39218093.12960000,201484
2022-06-16,0.34030000,0.34480000,0.29580000,0.30200000,73989009.00000000,23487131.67580000,107144
2022-06-17,0.30210000,0.31810000,0.29880000,0.31020000,41537309.00000000,12859218.09240000,59510
2022-06-18,0.31020000,0.31490000,0.27510000,0.29590000,62017145.00000000,18262641.50530000,84022
2022-06-19,0.29590000,0.31940000,0.28460000,0.31460000,55927909.00000000,16910400.16400000,83565
2022-06-20,0.31450000,0.32700000,0.30120000,0.31860000,43502316.00000000,13710305.59420000,66424
2022-06-21,0.31850000,0.34420000,0.31450000,0.32570000,44107119.00000000,14539268.86820000,72722
2022-06-22,0.32570000,0.33200000,0.31200000,0.31380000,36120903.00000000,11574146.21380000,55823
2022-06-23,0.31380000,0.33780000,0.31200000,0.33610000,31109121.00000000,10107752.16460000,47887
2022-06-24,0.33610000,0.35850000,0.33460000,0.34970000,37126123.00000000,12928739.34450000,62051
2022-06-25,0.34970000,0.35740000,0.33480000,0.35150000,30284166.00000000,10537246.42390000,49501
2022-06-26,0.35190000,0.36040000,0.33130000,0.33210000,26667075.00000000,9253800.90770000,46000
2022-06-27,0.33190000,0.34660000,0.32480000,0.33110000,27184860.00000000,9106554.71940000,41762
2022-06-28,0.33110000,0.33760000,0.31050000,0.31260000,29951272.00000000,9738511.94940000,46029
2022-06-29,0.31270000,0.31700000,0.29500000,0.30170000,45922030.00000000,13982763.59790000,61379
2022-06-30,0.30180000,0.31740000,0.28370000,0.31470000,63403479.00000000,18933447.67920000,104850
2022-07-01,0.31480000,0.32390000,0.29940000,0.30660000,52139085.00000000,16069342.61780000,83152
2022-07-02,0.30650000,0.31200000,0.29890000,0.30760000,39577636.00000000,12062300.30320000,53412
2022-07-03,0.30760000,0.31550000,0.30110000,0.30960000,23535490.00000000,7241766.87130000,33454
2022-07-04,0.30960000,0.32110000,0.29990000,0.31960000,31432233.00000000,9791160.75600000,40114
2022-07-05,0.31970000,0.32300000,0.30120000,0.30780000,29966506.00000000,9356102.27100000,41814
2022-07-06,0.30780000,0.31320000,0.30190000,0.31080000,29748252.00000000,9179136.85920000,38669
2022-07-07,0.31090000,0.32560000,0.31000000,0.32240000,34557306.00000000,10932494.16860000,40983
2022-07-08,0.32240000,0.32860000,0.30960000,0.31410000,34790596.00000000,11081250.70140000,43881
2022-07-09,0.31410000,0.32420000,0.31400000,0.32140000,23761450.00000000,7604207.85510000,29857
2022-07-10,0.32150000,0.32300000,0.30580000,0.31010000,24894545.00000000,7802451.82170000,28134
2022-07-11,0.31040000,0.31050000,0.29650000,0.29700000,25984217.00000000,7880188.62180000,32780
2022-07-12,0.29710000,0.30460000,0.29160000,0.29260000,23515987.00000000,7014997.89900000,29079
2022-07-13,0.29250000,0.31120000,0.28980000,0.31000000,35872400.00000000,10766769.15680000,46285
2022-07-14,0.31000000,0.33290000,0.30120000,0.32960000,47603300.00000000,14986772.86190000,53725
2022-07-15,0.32990000,0.33280000,0.32060000,0.32750000,40805908.00000000,13347156.47860000,55372
2022-07-16,0.32750000,0.34570000,0.32470000,0.34050000,44246344.00000000,14867615.27760000,57540
2022-07-17,0.34050000,0.34380000,0.33260000,0.33650000,36415648.00000000,12313712.24330000,48274
2022-07-18,0.33650000,0.36910000,0.33610000,0.35950000,52800159.00000000,18655009.21930000,73340
2022-07-19,0.35950000,0.37860000,0.34620000,0.37200000,54178511.00000000,19661070.40860000,81139
2022-07-20,0.37200000,0.37750000,0.34130000,0.34460000,55675553.00000000,20234408.89510000,76397
2022-07-21,0.34460000,0.35170000,0.33280000,0.34920000,41849733.00000000,14340502.61280000,60018
2022-07-22,0.34910000,0.35770000,0.33310000,0.33750000,34655996.00000000,12067711.96080000,51990
2022-07-23,0.33750000,0.34430000,0.32570000,0.33480000,28019345.00000000,9387315.61290000,41514
2022-07-24,0.33500000,0.34810000,0.33440000,0.34020000,23147881.00000000,7896669.21630000,32050
2022-07-25,0.34030000,0.34360000,0.31130000,0.31190000,30414302.00000000,9934981.60030000,44007
2022-07-26,0.31190000,0.31280000,0.30110000,0.31130000,25180863.00000000,7745682.49220000,36537
2022-07-27,0.31120000,0.32910000,0.30540000,0.32880000,36487328.00000000,11573987.37220000,51051
2022-07-28,0.32880000,0.34260000,0.31890000,0.33650000,40470446.00000000,13426176.41120000,56863
2022-07-29,0.33640000,0.34530000,0.32520000,0.33690000,56503804.00000000,19021990.61240000,87077
2022-07-30,0.33670000,0.35490000,0.32910000,0.33770000,56948673.00000000,19489213.01120000,91554
2022-07-31,0.33780000,0.35600000,0.33030000,0.33610000,48931076.00000000,16882516.57980000,73259
2022-08-01,0.33600000,0.34450000,0.33020000,0.34250000,44523623.00000000,15070781.57740000,64586
2022-08-02,0.34250000,0.34820000,0.32000000,0.32660000,43484809.00000000,14291065.24270000,67547
2022-08-03,0.32660000,0.33930000,0.31750000,0.32660000,36063947.00000000,11869355.11800000,50634
2022-08-04,0.32650000,0.34210000,0.32550000,0.33630000,38994524.00000000,12998196.62180000,55909
2022-08-05,0.33640000,0.35990000,0.33420000,0.35860000,38398268.00000000,13304940.84720000,57189
2022-08-06,0.35860000,0.35960000,0.34650000,0.34910000,29127361.00000000,10275818.46250000,38015
2022-08-07,0.34900000,0.36630000,0.34230000,0.35590000,34513071.00000000,12273375.60810000,48467
2022-08-08,0.35580000,0.37250000,0.35340000,0.36290000,36957468.00000000,13474459.55200000,50961
2022-08-09,0.36280000,0.37680000,0.34020000,0.34530000,37871643.00000000,13541983.61160000,59476
2022-08-10,0.34520000,0.36590000,0.33520000,0.36420000,42056045.00000000,14841305.45070000,61570
2022-08-11,0.36430000,0.37100000,0.35870000,0.36110000,34603777.00000000,12658393.71680000,52100
2022-08-12,0.36110000,0.36610000,0.35240000,0.36520000,28212156.00000000,10158438.10130000,40356
2022-08-13,0.36540000,0.37480000,0.36420000,0.36830000,27307410.00000000,10083397.30980000,40288
2022-08-14,0.36860000,0.38380000,0.35780000,0.36390000,38064682.00000000,14167282.00840000,60957
2022-08-15,0.36420000,0.37580000,0.35010000,0.35760000,30760173.00000000,11074653.03690000,47911
2022-08-16,0.35750000,0.36040000,0.34910000,0.35270000,23068956.00000000,8165803.74550000,33715
2022-08-17,0.35280000,0.36490000,0.33740000,0.34050000,33497666.00000000,11691080.57030000,48987
2022-08-18,0.34080000,0.34780000,0.32540000,0.33360000,26341184.00000000,8965246.68240000,37218
2022-08-19,0.33360000,0.33400000,0.30010000,0.30290000,56054685.00000000,17463416.70710000,70058
2022-08-20,0.30280000,0.31280000,0.29370000,0.30020000,37102657.00000000,11310923.20860000,42242
2022-08-21,0.30020000,0.30920000,0.29730000,0.30630000,29232069.00000000,8857891.23010000,29810
2022-08-22,0.30640000,0.30680000,0.29010000,0.30300000,33809567.00000000,10024388.91880000,37739
2022-08-23,0.30300000,0.30980000,0.29290000,0.30750000,27554131.00000000,8340740.71070000,33218
2022-08-24,0.30760000,0.30940000,0.29840000,0.30220000,27166655.00000000,8280587.05570000,30043
2022-08-25,0.30210000,0.31030000,0.29910000,0.30710000,28593818.00000000,8724723.33240000,29362
2022-08-26,0.30710000,0.30820000,0.27950000,0.28280000,48477828.00000000,14327658.22450000,47909
2022-08-27,0.28280000,0.29070000,0.27880000,0.28880000,26750539.00000000,7615202.44780000,25627
2022-08-28,0.28870000,0.29540000,0.28110000,0.28240000,19903969.00000000,5763530.83890000,22708
2022-08-29,0.28250000,0.29940000,0.27980000,0.29800000,22989796.00000000,6633861.83890000,26513
2022-08-30,0.29790000,0.30230000,0.28400000,0.29160000,21840802.00000000,6423847.98620000,27270
2022-08-31,0.29170000,0.30120000,0.28730000,0.28850000,19273126.00000000,5675003.68050000,25425
2022-09-01,0.28850000,0.29370000,0.28330000,0.29360000,16352281.00000000,4713240.76490000,22479
2022-09-02,0.29360000,0.30720000,0.29000000,0.30230000,23740914.00000000,7124081.60780000,31846
2022-09-03,0.30230000,0.30360000,0.29530000,0.30320000,13901544.00000000,4183547.95090000,19203
2022-09-04,0.30320000,0.31900000,0.30300000,0.31260000,32008949.00000000,9976909.13820000,40040
2022-09-05,0.31250000,0.31460000,0.29710000,0.30450000,18384109.00000000,5586164.38250000,26078
2022-09-06,0.30460000,0.30980000,0.28060000,0.28520000,39026594.00000000,11499361.38870000,49208
2022-09-07,0.28520000,0.30180000,0.28120000,0.29890000,39330337.00000000,11537561.25100000,40358
2022-09-08,0.29910000,0.30840000,0.29290000,0.30770000,28034703.00000000,8434440.49450000,35264
2022-09-09,0.30780000,0.32640000,0.30730000,0.32440000,45442250.00000000,14462692.11680000,55240
2022-09-10,0.32450000,0.32780000,0.31730000,0.32190000,29320253.00000000,9453609.78140000,41525
2022-09-11,0.32200000,0.33090000,0.31640000,0.32660000,32796554.00000000,10639114.08530000,41770
2022-09-12,0.32640000,0.33290000,0.31680000,0.32360000,36062999.00000000,11686317.12280000,48895
2022-09-13,0.32360000,0.32380000,0.29440000,0.29650000,49786945.00000000,15353700.23550000,63463
2022-09-14,0.29650000,0.30490000,0.29490000,0.30300000,23498609.00000000,7054895.92270000,32182
2022-09-15,0.30290000,0.30290000,0.28890000,0.29490000,30273590.00000000,8945705.41100000,37690
2022-09-16,0.29490000,0.30070000,0.29020000,0.29790000,26418283.00000000,7824067.52550000,34915
2022-09-17,0.29780000,0.31140000,0.29760000,0.31100000,14795514.00000000,4511573.65510000,19594
2022-09-18,0.31100000,0.31800000,0.28930000,0.29300000,35235420.00000000,10768191.31200000,46795
2022-09-19,0.29300000,0.32480000,0.29130000,0.31710000,85240089.00000000,26592365.95690000,111981
2022-09-20,0.31720000,0.34700000,0.31690000,0.32970000,114047647.00000000,38242255.39410000,143851
2022-09-21,0.32990000,0.34060000,0.30810000,0.33520000,88425441.00000000,28515874.35900000,113159
2022-09-22,0.33520000,0.40710000,0.32840000,0.36990000,151470762.00000000,54933769.45220000,216654
2022-09-23,0.37000000,0.41000000,0.36320000,0.39910000,153032710.00000000,58731624.58270000,214914
2022-09-24,0.39910000,0.40450000,0.36980000,0.38530000,83359376.00000000,32004170.39850000,129727
2022-09-25,0.38540000,0.40140000,0.37780000,0.38820000,88867988.00000000,34665797.40690000,128017
2022-09-26,0.38820000,0.39230000,0.35700000,0.36860000,75688320.00000000,27895265.96410000,114883
2022-09-27,0.36860000,0.37560000,0.33740000,0.35210000,71183063.00000000,25665820.12580000,104651
2022-09-28,0.35210000,0.35660000,0.33170000,0.34940000,67484864.00000000,23152516.16050000,99514
2022-09-29,0.34950000,0.36420000,0.33280000,0.35490000,69125272.00000000,24092412.07490000,82771
2022-09-30,0.35490000,0.36650000,0.34660000,0.35350000,70916847.00000000,25191244.21060000,73448
2022-10-01,0.35350000,0.36840000,0.35230000,0.35480000,38552373.00000000,13868045.84040000,45432
2022-10-02,0.35490000,0.37240000,0.35160000,0.35430000,45551518.00000000,16508805.60660000,56504
2022-10-03,0.35440000,0.36130000,0.34320000,0.35440000,44818912.00000000,15750022.41980000,49860
2022-10-04,0.35430000,0.36000000,0.34960000,0.35770000,31282103.00000000,11078002.01250000,35305
2022-10-05,0.35770000,0.36030000,0.34420000,0.35380000,31515369.00000000,11091580.44510000,30688
2022-10-06,0.35370000,0.35900000,0.34680000,0.34910000,30862879.00000000,10922296.59020000,31345
2022-10-07,0.34900000,0.35010000,0.33580000,0.34160000,32447041.00000000,11090336.26990000,31922
2022-10-08,0.34150000,0.34150000,0.33060000,0.33480000,23564424.00000000,7938823.16320000,22844
2022-10-09,0.33470000,0.33990000,0.33030000,0.33890000,22286833.00000000,7466102.67370000,21611
2022-10-10,0.33870000,0.34010000,0.31910000,0.31940000,30889264.00000000,10195727.18560000,32759
2022-10-11,0.31940000,0.32390000,0.30820000,0.31780000,35994755.00000000,11404952.48500000,37336
2022-10-12,0.31780000,0.32130000,0.31120000,0.31350000,21084386.00000000,6674767.68020000,22237
2022-10-13,0.31340000,0.32410000,0.28630000,0.31960000,60752040.00000000,18502932.21470000,65778
2022-10-14,0.31950000,0.32960000,0.31250000,0.31740000,29528679.00000000,9557121.28270000,35861
2022-10-15,0.31740000,0.32590000,0.31220000,0.31890000,21839184.00000000,6979105.75100000,24329
2022-10-16,0.31870000,0.32780000,0.31820000,0.32250000,19658756.00000000,6353413.23280000,23001
2022-10-17,0.32240000,0.33200000,0.31780000,0.33020000,23122622.00000000,7550761.51580000,24906
2022-10-18,0.33020000,0.33290000,0.31520000,0.31940000,28837010.00000000,9312062.54050000,31957
2022-10-19,0.31940000,0.32060000,0.30360000,0.30760000,21951440.00000000,6865646.99320000,26877
2022-10-20,0.30750000,0.31520000,0.30270000,0.30660000,22051175.00000000,6809714.27390000,24438
2022-10-21,0.30650000,0.31360000,0.29560000,0.31310000,23515571.00000000,7163754.30880000,27024
2022-10-22,0.31310000,0.31470000,0.30890000,0.31370000,11520586.00000000,3595362.74670000,14000
2022-10-23,0.31380000,0.31690000,0.30670000,0.31580000,14662410.00000000,4577074.33320000,17816
2022-10-24,0.31590000,0.31660000,0.30530000,0.31470000,21401678.00000000,6658560.64260000,22514
2022-10-25,0.31490000,0.33950000,0.31320000,0.33120000,54779644.00000000,18011666.85230000,62263
2022-10-26,0.33120000,0.34400000,0.32880000,0.33910000,44334420.00000000,14908398.96840000,45195
2022-10-27,0.33920000,0.34440000,0.32470000,0.32580000,38253840.00000000,12807416.10870000,46314
2022-10-28,0.32580000,0.33790000,0.31950000,0.33300000,29697044.00000000,9771984.12050000,37359
2022-10-29,0.33300000,0.34600000,0.33300000,0.33960000,34091510.00000000,11561907.57000000,46060
2022-10-30,0.33960000,0.36650000,0.33550000,0.35920000,69444560.00000000,24330092.48230000,95414
2022-10-31,0.35910000,0.38090000,0.35140000,0.35860000,67145967.00000000,24359340.99960000,98205
2022-11-01,0.35870000,0.37050000,0.34570000,0.36010000,46934466.00000000,16799697.76150000,64165
2022-11-02,0.36010000,0.36610000,0.34340000,0.36160000,72716522.00000000,25709991.73430000,91447
2022-11-03,0.36170000,0.38510000,0.35990000,0.36970000,96380202.00000000,35944173.37770000,136419
2022-11-04,0.36970000,0.43000000,0.36530000,0.41520000,132600753.00000000,52364563.50970000,185153
2022-11-05,0.41530000,0.45370000,0.40320000,0.42390000,143900629.00000000,61640023.76050000,241918
2022-11-06,0.42400000,0.44910000,0.40150000,0.40250000,115179664.00000000,49603804.64190000,185881
2022-11-07,0.40250000,0.44900000,0.39610000,0.41930000,156995483.00000000,66418382.84550000,242991
2022-11-08,0.41920000,0.42030000,0.28250000,0.33340000,326320353.00000000,119164042.99100000,386947
2022-11-09,0.33320000,0.33580000,0.25120000,0.26560000,177926058.00000000,53591025.18469700,249325
2022-11-10,0.26560000,0.33780000,0.26200000,0.32090000,143740360.00000000,43254416.73810000,181583
2022-11-11,0.32080000,0.33030000,0.28170000,0.30290000,110946915.00000000,33923957.43260000,129658
2022-11-12,0.30310000,0.30360000,0.27070000,0.27390000,71758868.00000000,20071416.27470000,96805
2022-11-13,0.27390000,0.27810000,0.25500000,0.26200000,86402839.00000000,22847112.76630000,111809
2022-11-14,0.26200000,0.26770000,0.23700000,0.26160000,107613195.66000000,27305982.09470200,155046
2022-11-15,0.26160000,0.29190000,0.25680000,0.28140000,106200564.00000000,29182210.46000000,143357
2022-11-16,0.28160000,0.29840000,0.26390000,0.27580000,123832826.00000000,34698350.03950000,161852
2022-11-17,0.27580000,0.27990000,0.25750000,0.26770000,70973139.00000000,18983354.27550000,87893
2022-11-18,0.26780000,0.29920000,0.26720000,0.29820000,131848133.00000000,37472025.14030000,149426
2022-11-19,0.29810000,0.31270000,0.28850000,0.29820000,189890500.00000000,57058332.38310000,217699
2022-11-20,0.29820000,0.29940000,0.25330000,0.25630000,153417492.00000000,42738279.55500000,169162
2022-11-21,0.25640000,0.25720000,0.23760000,0.24470000,104330906.00000000,25838931.50990000,123997
2022-11-22,0.24480000,0.24870000,0.22580000,0.24140000,88735229.00000000,20986366.09020000,89112
2022-11-23,0.24150000,0.24760000,0.23570000,0.24730000,57878033.00000000,14016934.38020000,53760
2022-11-24,0.24730000,0.24940000,0.23780000,0.24240000,43901918.00000000,10664319.53960000,40022
2022-11-25,0.24240000,0.24600000,0.23370000,0.24370000,41638566.00000000,9977296.41050000,36929
2022-11-26,0.24360000,0.24750000,0.23740000,0.24090000,32481559.00000000,7886905.74140000,28672
2022-11-27,0.24090000,0.24940000,0.23900000,0.24030000,32366178.00000000,7928073.90620000,28306
2022-11-28,0.24030000,0.24180000,0.22660000,0.23590000,42778620.00000000,9977168.54750000,36795
2022-11-29,0.23590000,0.24270000,0.23360000,0.24080000,29913253.00000000,7137214.31980000,26583
2022-11-30,0.24060000,0.24990000,0.23700000,0.24770000,46647458.00000000,11404684.16720000,39431
2022-12-01,0.24760000,0.24840000,0.23850000,0.24090000,29004652.00000000,7036779.43500000,24528
2022-12-02,0.24100000,0.24610000,0.23530000,0.24410000,38454303.00000000,9309914.27160000,29250
2022-12-03,0.24410000,0.24610000,0.23620000,0.23750000,34490639.00000000,8313877.91500000,24021
2022-12-04,0.23750000,0.24080000,0.23670000,0.23930000,23636444.00000000,5639575.30900000,16128
2022-12-05,0.23940000,0.24700000,0.23330000,0.23640000,44821167.00000000,10798166.10430000,32390
2022-12-06,0.23640000,0.23700000,0.23130000,0.23390000,24348410.00000000,5696707.71250000,17156
2022-12-07,0.23390000,0.23460000,0.21710000,0.22100000,46905069.00000000,10487947.13660000,34075
2022-12-08,0.22110000,0.22660000,0.21760000,0.22440000,33372855.00000000,7410092.63350000,20977
2022-12-09,0.22440000,0.22620000,0.22000000,0.22580000,29948940.00000000,6709680.46020000,20106
2022-12-10,0.22580000,0.23060000,0.22490000,0.22680000,24904157.00000000,5686425.42810000,18100
2022-12-11,0.22690000,0.23010000,0.22030000,0.22250000,20791118.00000000,4688532.60410000,14735
2022-12-12,0.22250000,0.22250000,0.21250000,0.21840000,35264106.00000000,7623257.44830000,23760
2022-12-13,0.21830000,0.22580000,0.20950000,0.22390000,39283675.41000000,8579744.84706400,28027
2022-12-14,0.22380000,0.22630000,0.21800000,0.22070000,30888460.00000000,6877347.05340000,21132
2022-12-15,0.22080000,0.22870000,0.20960000,0.21020000,70613070.00000000,15540880.55720000,45381
2022-12-16,0.21010000,0.21290000,0.18040000,0.18490000,82948575.00000000,16611961.30000000,60548
2022-12-17,0.18500000,0.19540000,0.18020000,0.19450000,56122629.00000000,10610771.84730000,37339
2022-12-18,0.19460000,0.19530000,0.18690000,0.18810000,42677222.00000000,8124609.93910000,27478
2022-12-19,0.18820000,0.19120000,0.16830000,0.17420000,61715194.15000000,11131221.52063600,36584
2022-12-20,0.17420000,0.18170000,0.17380000,0.17870000,41960483.00000000,7463619.12640000,26244
2022-12-21,0.17870000,0.18060000,0.16910000,0.17060000,44093082.00000000,7745052.92990000,28236
2022-12-22,0.17050000,0.17200000,0.16470000,0.17190000,44016673.00000000,7453608.21010000,27896
2022-12-23,0.17200000,0.17360000,0.16870000,0.16980000,29443377.00000000,5022716.29880000,18575
2022-12-24,0.16980000,0.17080000,0.16740000,0.16770000,13416765.00000000,2264784.93900000,10137
2022-12-25,0.16770000,0.16820000,0.16230000,0.16550000,24970461.00000000,4118797.61380000,15635
2022-12-26,0.16560000,0.17170000,0.16480000,0.17150000,28777985.00000000,4847154.00000000,17276
2022-12-27,0.17150000,0.17220000,0.16440000,0.17010000,23186014.00000000,3902663.25870000,16896
2022-12-28,0.17010000,0.17050000,0.16070000,0.16700000,42019204.00000000,6936944.83290000,27120
2022-12-29,0.16700000,0.16780000,0.16060000,0.16480000,35184163.00000000,5774593.73310000,24392
2022-12-30,0.16470000,0.16920000,0.15980000,0.16910000,36523863.00000000,5978523.56980000,23742
2022-12-31,0.16910000,0.17470000,0.16720000,0.17250000,44150516.00000000,7579557.89360000,25894
2023-01-01,0.17250000,0.17910000,0.17120000,0.17730000,33825753.00000000,5923016.17620000,20557
2023-01-02,0.17730000,0.18310000,0.17310000,0.18090000,35586899.00000000,6400337.40420000,23075
2023-01-03,0.18090000,0.18540000,0.17980000,0.18430000,33604789.00000000,6129257.98650000,20829
2023-01-04,0.18420000,0.19160000,0.18300000,0.18690000,46753241.00000000,8768654.13720000,28662
2023-01-05,0.18680000,0.19090000,0.18160000,0.18350000,31717423.00000000,5900549.09320000,20664
2023-01-06,0.18350000,0.18990000,0.18040000,0.18900000,38523039.00000000,7085631.43340000,21481
2023-01-07,0.18920000,0.19540000,0.18780000,0.19390000,31885678.00000000,6110175.89210000,20331
2023-01-08,0.19390000,0.20060000,0.19080000,0.19930000,29504431.00000000,5729570.32880000,20046
2023-01-09,0.19930000,0.20830000,0.19800000,0.19970000,57249475.00000000,11659489.36480000,41954
2023-01-10,0.19970000,0.20530000,0.19670000,0.20370000,39672964.00000000,8008241.36410000,29370
2023-01-11,0.20380000,0.21090000,0.19650000,0.21020000,42168097.00000000,8484818.71900000,28182
2023-01-12,0.21010000,0.21330000,0.20190000,0.21240000,64052137.00000000,13384493.98090000,47024
2023-01-13,0.21240000,0.22260000,0.20760000,0.22070000,49255747.00000000,10518524.60900000,40210
2023-01-14,0.22070000,0.23950000,0.21360000,0.22920000,96866956.00000000,21974385.99670000,85058
2023-01-15,0.22900000,0.24070000,0.22300000,0.24050000,68332857.00000000,15874980.15210000,57555
2023-01-16,0.24050000,0.24180000,0.22410000,0.23410000,62170533.00000000,14570563.72970000,50383
2023-01-17,0.23410000,0.23650000,0.22730000,0.22830000,41539127.00000000,9642916.35200000,35746
2023-01-18,0.22830000,0.23270000,0.20760000,0.20870000,79351770.00000000,17514500.46570000,64051
2023-01-19,0.20860000,0.21840000,0.20800000,0.21710000,39355291.00000000,8385359.49690000,32256
2023-01-20,0.21720000,0.24010000,0.21560000,0.23920000,52436482.00000000,11913906.67510000,45417
2023-01-21,0.23920000,0.24550000,0.23080000,0.23880000,60786989.00000000,14497952.01000000,56973
2023-01-22,0.23880000,0.25490000,0.23520000,0.24580000,68440331.00000000,16917208.91990000,65494
2023-01-23,0.24580000,0.25400000,0.24420000,0.24960000,61725251.00000000,15425504.37950000,49898
2023-01-24,0.24960000,0.26000000,0.23290000,0.23640000,64558673.00000000,16133237.67610000,54855
2023-01-25,0.23630000,0.24930000,0.22880000,0.24430000,55048567.00000000,13077174.39930000,49149
2023-01-26,0.24460000,0.24900000,0.23830000,0.24520000,41536091.00000000,10153990.14080000,39863
2023-01-27,0.24530000,0.25960000,0.23830000,0.25450000,49765971.00000000,12402661.45230000,45953
2023-01-28,0.25470000,0.26440000,0.24940000,0.25720000,45130002.00000000,11601934.64040000,42618
2023-01-29,0.25730000,0.26460000,0.25380000,0.26160000,40553929.00000000,10550126.78400000,34731
2023-01-30,0.26160000,0.26240000,0.23520000,0.23930000,54848747.00000000,13519040.42460000,47392
2023-01-31,0.23930000,0.24400000,0.23500000,0.24140000,38677261.00000000,9275108.16480000,31108
2023-02-01,0.24150000,0.25190000,0.23090000,0.25090000,54740153.00000000,13166872.08120000,49895
2023-02-02,0.25100000,0.26830000,0.25100000,0.25510000,58270208.00000000,15086756.62990000,54584
2023-02-03,0.25520000,0.27360000,0.25050000,0.27100000,71143863.00000000,18795986.66150000,65513
2023-02-04,0.27100000,0.27420000,0.26510000,0.26710000,40603346.00000000,10919712.21580000,36125
2023-02-05,0.26710000,0.27000000,0.25070000,0.25700000,41748843.00000000,10860110.60730000,42198
2023-02-06,0.25700000,0.26350000,0.25350000,0.25460000,31804919.00000000,8220491.03360000,30528
2023-02-07,0.25460000,0.28620000,0.25350000,0.28010000,93670506.00000000,25633578.47570000,89564
2023-02-08,0.28000000,0.29950000,0.27460000,0.28990000,98100560.00000000,28137268.25130000,103133
2023-02-09,0.29000000,0.29050000,0.24520000,0.25480000,96922348.00000000,26239457.00120000,104184
2023-02-10,0.25490000,0.26360000,0.24850000,0.25100000,60213456.00000000,15370368.85980000,62065
2023-02-11,0.25100000,0.25710000,0.24760000,0.25660000,34960902.00000000,8813876.43520000,32968
2023-02-12,0.25670000,0.25950000,0.24210000,0.24740000,35048469.00000000,8867411.72560000,37917
2023-02-13,0.24760000,0.24840000,0.23290000,0.24320000,46588579.00000000,11192843.37080000,51714
2023-02-14,0.24320000,0.25560000,0.23410000,0.25330000,47320246.00000000,11680772.08610000,46639
2023-02-15,0.25330000,0.27410000,0.25070000,0.27220000,52268566.00000000,13680694.79530000,52372
2023-02-16,0.27220000,0.28430000,0.25650000,0.25750000,76601247.00000000,20846296.61520000,78734
2023-02-17,0.25750000,0.27540000,0.25690000,0.27120000,47338098.00000000,12604614.43190000,48013
2023-02-18,0.27110000,0.27790000,0.26820000,0.27290000,32456383.00000000,8885348.69860000,33263
2023-02-19,0.27280000,0.28290000,0.26710000,0.27770000,53546987.00000000,14791890.18750000,53694
2023-02-20,0.27770000,0.29140000,0.26850000,0.28500000,63862555.00000000,18024043.72200000,64279
2023-02-21,0.28500000,0.29380000,0.27340000,0.27880000,53963041.00000000,15280116.15370000,59270
2023-02-22,0.27890000,0.27990000,0.26180000,0.27140000,47188972.00000000,12656857.56460000,49151
2023-02-23,0.27140000,0.27910000,0.26430000,0.26850000,40836432.00000000,11117965.99790000,39170
2023-02-24,0.26840000,0.26980000,0.25060000,0.25660000,36989934.00000000,9633547.67990000,42435
2023-02-25,0.25650000,0.25760000,0.24390000,0.25050000,24855653.00000000,6217134.24710000,28056
2023-02-26,0.25040000,0.25580000,0.24810000,0.25530000,18313443.00000000,4614435.68960000,18328
2023-02-27,0.25510000,0.26140000,0.24960000,0.25480000,23345571.00000000,5935792.84990000,27809
2023-02-28,0.25480000,0.25560000,0.24200000,0.24440000,25163304.00000000,6254579.43710000,26623
2023-03-01,0.24450000,0.25410000,0.24260000,0.25070000,22821165.00000000,5712741.97980000,23405
2023-03-02,0.25070000,0.25170000,0.23940000,0.24200000,25119896.00000000,6099063.01320000,24375
2023-03-03,0.24190000,0.24210000,0.22140000,0.23310000,41088016.00000000,9452150.06760000,40113
2023-03-04,0.23310000,0.23380000,0.22060000,0.22450000,16648258.00000000,3772245.02950000,15934
2023-03-05,0.22450000,0.23090000,0.22270000,0.22570000,18073948.00000000,4124148.23680000,16990
2023-03-06,0.22570000,0.23080000,0.21890000,0.22510000,31304492.00000000,7032983.81940000,29097
2023-03-07,0.22510000,0.22790000,0.21250000,0.21720000,34738482.00000000,7600064.71900000,33111
2023-03-08,0.21720000,0.21800000,0.19830000,0.20170000,35448454.00000000,7357052.18360000,30687
2023-03-09,0.20160000,0.20730000,0.18680000,0.19340000,50357508.00000000,9938473.77630000,38041
2023-03-10,0.19330000,0.19500000,0.18450000,0.18830000,77288236.00000000,14661818.39980000,56679
2023-03-11,0.18830000,0.19380000,0.17850000,0.18720000,57566791.00000000,10655352.98510000,43131
2023-03-12,0.18720000,0.20240000,0.18130000,0.20110000,52323007.00000000,10039869.09760000,41837
2023-03-13,0.20120000,0.21600000,0.19380000,0.21220000,78370278.00000000,16027254.41290000,63998
2023-03-14,0.21220000,0.22950000,0.20510000,0.22220000,75327396.00000000,16365813.09920000,69359
2023-03-15,0.22210000,0.22570000,0.19830000,0.20390000,61282863.00000000,12989649.76260000,58855
2023-03-16,0.20380000,0.21010000,0.20070000,0.20840000,31062539.00000000,6411181.45870000,32553
2023-03-17,0.20840000,0.22740000,0.20610000,0.22640000,40428562.00000000,8730991.73700000,41585
2023-03-18,0.22640000,0.22970000,0.21360000,0.21450000,49336150.00000000,11007546.21290000,47893
2023-03-19,0.21450000,0.22450000,0.21440000,0.21970000,36710760.00000000,8089732.72010000,36691
2023-03-20,0.21980000,0.22450000,0.20710000,0.20940000,54008478.00000000,11641266.54110000,51535
2023-03-21,0.20950000,0.22600000,0.20430000,0.22300000,50454684.00000000,10873223.33610000,49238
2023-03-22,0.22300000,0.24110000,0.20830000,0.21340000,137762151.00000000,31314380.85510000,129792
2023-03-23,0.21340000,0.22310000,0.21080000,0.21940000,49216764.00000000,10658506.76970000,42846
2023-03-24,0.21940000,0.22040000,0.20600000,0.20880000,38202253.00000000,8095752.42870000,36407
2023-03-25,0.20890000,0.21140000,0.20220000,0.20630000,24886681.00000000,5166288.63220000,24814
2023-03-26,0.20630000,0.21180000,0.20510000,0.21050000,16155048.00000000,3376617.86380000,18336
2023-03-27,0.21050000,0.21100000,0.19570000,0.20000000,35281059.00000000,7129339.93960000,31786
2023-03-28,0.19990000,0.20440000,0.19690000,0.20180000,35364052.00000000,7076557.82090000,30420
2023-03-29,0.20180000,0.23890000,0.20180000,0.23530000,179837620.00000000,40830677.10140000,170579
2023-03-30,0.23530000,0.24000000,0.22100000,0.22470000,81372444.00000000,18595060.36620000,82673
2023-03-31,0.22470000,0.22820000,0.21790000,0.22600000,47045520.00000000,10492101.80180000,43794
2023-04-01,0.22590000,0.22810000,0.21900000,0.22310000,26344422.00000000,5875905.62290000,28635
2023-04-02,0.22320000,0.22470000,0.21110000,0.21390000,29510266.00000000,6423040.43440000,30855
2023-04-03,0.21400000,0.21940000,0.20680000,0.21430000,41640819.00000000,8922491.07390000,46048
2023-04-04,0.21440000,0.22110000,0.21170000,0.21780000,29809110.00000000,6449417.82440000,30697
2023-04-05,0.21790000,0.22400000,0.21500000,0.22290000,39486288.00000000,8705381.65590000,35385
2023-04-06,0.22280000,0.22330000,0.21540000,0.21800000,28211465.00000000,6174602.32800000,25934
2023-04-07,0.21790000,0.21990000,0.21280000,0.21890000,22212399.00000000,4807044.79940000,22764
2023-04-08,0.21900000,0.22120000,0.21400000,0.21600000,22774179.00000000,4965343.38230000,25352
2023-04-09,0.21600000,0.21840000,0.21300000,0.21640000,19352638.00000000,4168309.90040000,22204
2023-04-10,0.21640000,0.22150000,0.21240000,0.22100000,25447827.00000000,5511930.40780000,27222
2023-04-11,0.22100000,0.22370000,0.21810000,0.22000000,32229933.00000000,7121396.29090000,33292
2023-04-12,0.21990000,0.22060000,0.21130000,0.21500000,35122839.00000000,7543445.36330000,35180
2023-04-13,0.21510000,0.22280000,0.21300000,0.22120000,38220834.00000000,8342259.05420000,32162
2023-04-14,0.22120000,0.23210000,0.22000000,0.22730000,64815365.00000000,14672651.99090000,61075
2023-04-15,0.22720000,0.23330000,0.22350000,0.23140000,40173152.00000000,9175602.07680000,33440
2023-04-16,0.23140000,0.23520000,0.22560000,0.23450000,33928545.00000000,7819058.25400000,31118
2023-04-17,0.23440000,0.23530000,0.21910000,0.22100000,84428222.00000000,18892856.20300000,61373
2023-04-18,0.22100000,0.22600000,0.21750000,0.22230000,62662963.00000000,13894075.82850000,48036
2023-04-19,0.22230000,0.22250000,0.19600000,0.19910000,83227086.00000000,17251305.52670000,72259
2023-04-20,0.19900000,0.20030000,0.18800000,0.19050000,98157054.00000000,19095738.10080000,66768
2023-04-21,0.19040000,0.19140000,0.18140000,0.18530000,57044330.00000000,10732647.58250000,44991
2023-04-22,0.18530000,0.19050000,0.18470000,0.18980000,26642828.00000000,5025633.19900000,22627
2023-04-23,0.18980000,0.19000000,0.18220000,0.18810000,24711836.00000000,4617404.10220000,23863
2023-04-24,0.18810000,0.19030000,0.18160000,0.18530000,23834132.00000000,4431632.65400000,31331
2023-04-25,0.18530000,0.18900000,0.17950000,0.18770000,37049004.00000000,6768860.98350000,35049
2023-04-26,0.18770000,0.19310000,0.17150000,0.18100000,55200029.00000000,10212653.39250000,53367
2023-04-27,0.18100000,0.18530000,0.17960000,0.18400000,30360821.00000000,5544751.90560000,32724
2023-04-28,0.18400000,0.18490000,0.18000000,0.18360000,20476690.00000000,3745883.99790000,20096
2023-04-29,0.18360000,0.18580000,0.18180000,0.18360000,18026367.00000000,3313957.34510000,16460
2023-04-30,0.18360000,0.18480000,0.17930000,0.18010000,18586561.00000000,3387731.73560000,19384
2023-05-01,0.18030000,0.18150000,0.17460000,0.17740000,23230157.00000000,4129882.37210000,24872
2023-05-02,0.17740000,0.17950000,0.17420000,0.17880000,17149618.00000000,3029867.90780000,20728
2023-05-03,0.17880000,0.18210000,0.17430000,0.18100000,23462981.00000000,4159090.85340000,27308
2023-05-04,0.18100000,0.18130000,0.17520000,0.17700000,22703967.00000000,4046591.30290000,22229
2023-05-05,0.17690000,0.18320000,0.17680000,0.18120000,29724373.00000000,5363588.84230000,27545
2023-05-06,0.18120000,0.18300000,0.17200000,0.17520000,24088285.00000000,4255080.90280000,24207
2023-05-07,0.17510000,0.17560000,0.17300000,0.17320000,13931730.00000000,2431187.56780000,15268
2023-05-08,0.17330000,0.17400000,0.15800000,0.16410000,51504111.00000000,8558692.81560000,49896
2023-05-09,0.16420000,0.16700000,0.16300000,0.16490000,21669172.00000000,3568927.72840000,22201
2023-05-10,0.16490000,0.17080000,0.16050000,0.16880000,39316591.00000000,6541888.99270000,38204
2023-05-11,0.16870000,0.16900000,0.15870000,0.16230000,30654626.00000000,5009505.23250000,32214
2023-05-12,0.16240000,0.16480000,0.15730000,0.16470000,33119151.00000000,5318167.24770000,32202
2023-05-13,0.16460000,0.16490000,0.16110000,0.16220000,14667533.00000000,2390827.64910000,14317
2023-05-14,0.16220000,0.16550000,0.16070000,0.16290000,15771641.00000000,2573857.61360000,16135
2023-05-15,0.16300000,0.16870000,0.16080000,0.16690000,24295445.00000000,4029349.26230000,21838
2023-05-16,0.16680000,0.17090000,0.16470000,0.16930000,28339164.00000000,4769015.35250000,23163
2023-05-17,0.16940000,0.17390000,0.16620000,0.17220000,38172578.00000000,6473416.34460000,31424
2023-05-18,0.17230000,0.17250000,0.16300000,0.16510000,33864507.00000000,5689744.07240000,29502
2023-05-19,0.16510000,0.16750000,0.16460000,0.16480000,22105921.00000000,3666138.04900000,17993
2023-05-20,0.16490000,0.16560000,0.16370000,0.16450000,16017111.00000000,2638792.54760000,11727
2023-05-21,0.16450000,0.16480000,0.16030000,0.16160000,15839336.00000000,2571049.34440000,13757
2023-05-22,0.16160000,0.16250000,0.15910000,0.16120000,17136842.00000000,2765124.15040000,14364
2023-05-23,0.16130000,0.16490000,0.16090000,0.16230000,17260260.00000000,2817949.44270000,14605
2023-05-24,0.16240000,0.16260000,0.15380000,0.15430000,39127999.00000000,6139205.16990000,32874
2023-05-25,0.15440000,0.15500000,0.14950000,0.15020000,46721334.00000000,7057878.27380000,29886
2023-05-26,0.15020000,0.15110000,0.14710000,0.14990000,27863028.00000000,4156925.14480000,19838
2023-05-27,0.14980000,0.15180000,0.14870000,0.15050000,21337838.00000000,3205389.01640000,14383
2023-05-28,0.15040000,0.15400000,0.15010000,0.15310000,29452362.00000000,4464042.91640000,20318
2023-05-29,0.15300000,0.15440000,0.15050000,0.15150000,28394015.00000000,4317647.59140000,22578
2023-05-30,0.15150000,0.15260000,0.14880000,0.15140000,35345111.00000000,5341043.11810000,26312
2023-05-31,0.15140000,0.15260000,0.14540000,0.14770000,31548102.00000000,4667893.64560000,23831
2023-06-01,0.14780000,0.14890000,0.14460000,0.14820000,24153959.00000000,3547490.49310000,20096
2023-06-02,0.14820000,0.15250000,0.14670000,0.15160000,23110072.00000000,3479105.24520000,17012
2023-06-03,0.15160000,0.15220000,0.14990000,0.15080000,13158512.00000000,1990594.40170000,10373
2023-06-04,0.15070000,0.15370000,0.14980000,0.15170000,15954756.00000000,2425093.49420000,14226
2023-06-05,0.15170000,0.15210000,0.13100000,0.13770000,68092791.00000000,9578449.18640000,44836
2023-06-06,0.13770000,0.13850000,0.13330000,0.13730000,48901894.00000000,6671403.66310000,28995
2023-06-07,0.13730000,0.13730000,0.12400000,0.12490000,50513360.00000000,6580997.17230000,32493
2023-06-08,0.12500000,0.12570000,0.12090000,0.12330000,61459490.00000000,7548225.74920000,35327
2023-06-09,0.12330000,0.12630000,0.12170000,0.12380000,34203529.00000000,4238611.32990000,20858
2023-06-10,0.12390000,0.12390000,0.09010000,0.11090000,140770626.00000000,15008907.79317000,78637
2023-06-11,0.11090000,0.11310000,0.10700000,0.11070000,33560679.00000000,3686626.02000000,20493
2023-06-12,0.11060000,0.11340000,0.10760000,0.11270000,37523395.00000000,4180762.86430000,23949
2023-06-13,0.11270000,0.11700000,0.11130000,0.11290000,34673276.00000000,3948896.09240000,20251
2023-06-14,0.11300000,0.11910000,0.11040000,0.11290000,45841191.00000000,5266094.51420000,27918
2023-06-15,0.11290000,0.11610000,0.10760000,0.11220000,62207712.00000000,6913971.62200000,35951
2023-06-16,0.11220000,0.11780000,0.10930000,0.11600000,31240972.00000000,3532684.58770000,21864
2023-06-17,0.11600000,0.12300000,0.11530000,0.11840000,34142624.00000000,4084787.53310000,24655
2023-06-18,0.11850000,0.11920000,0.11420000,0.11500000,24178383.00000000,2839019.98640000,14907
2023-06-19,0.11500000,0.11760000,0.11360000,0.11650000,25084572.00000000,2909214.65690000,16232
2023-06-20,0.11660000,0.12200000,0.11340000,0.12140000,24871528.00000000,2915635.14840000,16552
2023-06-21,0.12140000,0.12700000,0.12110000,0.12580000,41814490.00000000,5173432.52520000,24507
2023-06-22,0.12580000,0.12900000,0.12360000,0.12480000,37603097.00000000,4761954.36680000,24556
2023-06-23,0.12490000,0.13900000,0.12450000,0.13510000,37706286.00000000,4962245.86100000,31978
2023-06-24,0.13520000,0.13580000,0.13070000,0.13280000,30507833.00000000,4077810.79270000,21605
2023-06-25,0.13290000,0.14100000,0.13240000,0.13700000,31657801.00000000,4367358.92460000,23990
2023-06-26,0.13710000,0.14000000,0.12830000,0.12940000,58105241.00000000,7774290.68190000,40704
2023-06-27,0.12930000,0.13040000,0.12670000,0.12720000,49546797.00000000,6359863.22240000,24363
2023-06-28,0.12720000,0.12730000,0.11420000,0.11860000,64721977.00000000,7795040.11340000,34206
2023-06-29,0.11860000,0.12410000,0.11810000,0.12010000,39867758.00000000,4814973.77980000,23121
2023-06-30,0.12010000,0.12470000,0.11350000,0.12170000,65554502.00000000,7924780.04070000,41209
2023-07-01,0.12170000,0.12800000,0.11910000,0.12800000,57890947.00000000,7125244.14280000,33184
2023-07-02,0.12790000,0.12810000,0.12080000,0.12360000,63449221.00000000,7863501.12320000,29057
2023-07-03,0.12370000,0.13050000,0.12210000,0.12830000,72754360.00000000,9237260.32040000,39336
2023-07-04,0.12840000,0.12850000,0.12310000,0.12410000,41789946.00000000,5246082.45670000,24079
2023-07-05,0.12410000,0.12530000,0.11770000,0.11980000,43157705.00000000,5226424.34350000,27453
2023-07-06,0.11980000,0.12290000,0.11290000,0.11300000,45290562.00000000,5366280.95400000,33265
2023-07-07,0.11300000,0.11460000,0.11130000,0.11230000,41057745.00000000,4643538.85010000,22851
2023-07-08,0.11240000,0.11330000,0.10950000,0.11160000,30596046.00000000,3419324.48840000,17604
2023-07-09,0.11150000,0.11300000,0.11010000,0.11050000,29895328.00000000,3338512.63830000,14358
2023-07-10,0.11050000,0.11250000,0.10710000,0.11000000,48499249.00000000,5330675.54660000,26685
2023-07-11,0.11000000,0.11150000,0.10560000,0.10870000,63719758.00000000,6907044.51320000,33103
2023-07-12,0.10870000,0.11110000,0.10530000,0.10580000,55622216.00000000,6052968.50420000,23782
2023-07-13,0.10580000,0.12220000,0.10270000,0.12190000,208602007.00000000,23561204.18500000,86069
2023-07-14,0.12190000,0.12360000,0.10970000,0.11330000,199485553.00000000,23413093.47020000,89511
2023-07-15,0.11340000,0.11550000,0.11140000,0.11370000,49811817.00000000,5650870.66930000,24420
2023-07-16,0.11370000,0.12150000,0.11120000,0.11570000,93139198.00000000,10954638.73780000,49993
2023-07-17,0.11560000,0.12650000,0.11440000,0.12030000,172708639.00000000,20811977.90640000,84343
2023-07-18,0.12040000,0.12060000,0.11140000,0.11400000,87146745.00000000,10055122.20410000,44895
2023-07-19,0.11400000,0.11620000,0.11170000,0.11380000,69830802.00000000,7966802.70720000,32373
2023-07-20,0.11380000,0.11840000,0.11250000,0.11510000,69535365.00000000,8018225.91940000,35364
2023-07-21,0.11510000,0.11650000,0.11320000,0.11540000,47795680.00000000,5486697.43060000,25719
2023-07-22,0.11550000,0.11700000,0.11320000,0.11450000,38489218.00000000,4456712.10490000,22477
2023-07-23,0.11450000,0.11750000,0.11340000,0.11580000,33606635.00000000,3889136.36580000,20219
2023-07-24,0.11590000,0.11620000,0.10690000,0.10980000,59283279.00000000,6574477.84910000,33415
2023-07-25,0.10980000,0.11030000,0.10840000,0.11000000,29707197.00000000,3250759.66370000,17185
2023-07-26,0.10990000,0.11250000,0.10790000,0.11080000,38654529.00000000,4251384.33810000,24276
2023-07-27,0.11090000,0.11280000,0.10910000,0.11000000,32334880.00000000,3588820.71640000,19099
2023-07-28,0.10990000,0.11140000,0.10800000,0.11050000,53026557.00000000,5813348.78250000,21505
2023-07-29,0.11040000,0.11180000,0.10960000,0.11140000,24946131.00000000,2768096.85530000,14154
2023-07-30,0.11140000,0.11260000,0.10740000,0.10950000,35807628.00000000,3951174.16460000,19808
2023-07-31,0.10950000,0.11110000,0.10800000,0.10980000,82051861.00000000,9021564.50350000,30107
2023-08-01,0.10980000,0.11120000,0.10500000,0.11090000,76474403.00000000,8299186.47620000,30991
2023-08-02,0.11100000,0.11120000,0.10560000,0.10690000,67242462.00000000,7316628.61520000,25749
2023-08-03,0.10690000,0.10820000,0.10560000,0.10630000,29228914.00000000,3126718.22080000,15296
2023-08-04,0.10630000,0.10780000,0.10450000,0.10600000,23927582.00000000,2548832.09510000,14587
2023-08-05,0.10600000,0.10700000,0.10460000,0.10650000,19663726.00000000,2078532.41740000,11378
2023-08-06,0.10660000,0.11050000,0.10620000,0.10980000,36944430.00000000,3995244.53710000,18125
2023-08-07,0.10980000,0.11250000,0.10720000,0.11200000,74093424.00000000,8166322.62910000,34493
2023-08-08,0.11200000,0.11910000,0.11170000,0.11320000,143427684.00000000,16536003.63500000,54400
2023-08-09,0.11320000,0.11460000,0.11130000,0.11300000,47659376.00000000,5372774.59340000,22978
2023-08-10,0.11300000,0.11350000,0.11120000,0.11250000,33926462.00000000,3806451.34030000,16009
2023-08-11,0.11250000,0.11370000,0.11120000,0.11230000,22056353.00000000,2479745.18980000,12348
2023-08-12,0.11220000,0.11610000,0.11170000,0.11570000,31256414.00000000,3563871.05080000,15436
2023-08-13,0.11580000,0.11780000,0.11310000,0.11690000,53282482.00000000,6150081.36150000,21635
2023-08-14,0.11680000,0.11880000,0.11440000,0.11500000,44704423.00000000,5205871.84740000,21217
2023-08-15,0.11500000,0.11520000,0.10490000,0.10830000,70324330.00000000,7773992.14890000,30892
2023-08-16,0.10840000,0.10850000,0.09940000,0.10280000,89289428.00000000,9317313.15190000,32424
2023-08-17,0.10270000,0.10420000,0.08200000,0.09300000,113161910.00000000,10903763.22280000,52597
2023-08-18,0.09310000,0.09710000,0.09230000,0.09540000,68943525.00000000,6545177.32740000,28431
2023-08-19,0.09530000,0.09820000,0.09470000,0.09670000,36443124.00000000,3499940.92980000,14939
2023-08-20,0.09670000,0.09770000,0.09590000,0.09720000,23175647.00000000,2244352.98680000,10718
2023-08-21,0.09720000,0.09730000,0.09310000,0.09630000,31123302.00000000,2967485.33160000,15255
2023-08-22,0.09640000,0.09730000,0.09230000,0.09730000,38492033.00000000,3679067.86760000,20496
2023-08-23,0.09730000,0.09990000,0.09600000,0.09870000,34681493.00000000,3400967.27320000,18860
2023-08-24,0.09870000,0.09900000,0.09510000,0.09750000,26925064.00000000,2617023.89810000,15493
2023-08-25,0.09750000,0.09780000,0.09520000,0.09680000,31527328.00000000,3046878.37790000,17693
2023-08-26,0.09690000,0.09700000,0.09520000,0.09540000,18054687.00000000,1731729.42790000,10613
2023-08-27,0.09540000,0.09610000,0.09450000,0.09530000,21342738.00000000,2030080.53520000,12620
2023-08-28,0.09520000,0.09780000,0.09240000,0.09730000,29065684.00000000,2757465.21940000,18443
2023-08-29,0.09720000,0.10200000,0.09490000,0.10060000,47281902.00000000,4680837.02640000,29252
2023-08-30,0.10060000,0.10080000,0.09580000,0.09690000,32941660.00000000,3220353.82210000,18380
2023-08-31,0.09690000,0.09690000,0.09080000,0.09310000,73145848.00000000,6950483.13750000,30143
2023-09-01,0.09320000,0.09520000,0.09010000,0.09210000,92707491.00000000,8672093.07920000,28546
2023-09-02,0.09200000,0.09450000,0.09160000,0.09440000,19085260.00000000,1768121.43510000,12590
2023-09-03,0.09430000,0.09500000,0.09290000,0.09450000,21435817.00000000,2018758.93930000,13024
2023-09-04,0.09450000,0.09640000,0.09240000,0.09400000,25307804.00000000,2380195.53440000,16441
2023-09-05,0.09400000,0.09440000,0.09290000,0.09420000,24326188.00000000,2278939.74360000,13850
2023-09-06,0.09420000,0.09490000,0.09100000,0.09420000,30687477.00000000,2865967.36900000,18496
2023-09-07,0.09410000,0.09810000,0.09350000,0.09790000,50387413.00000000,4807738.39070000,22105
2023-09-08,0.09790000,0.09860000,0.09430000,0.09630000,33068026.00000000,3185530.10210000,18879
2023-09-09,0.09630000,0.09680000,0.09390000,0.09410000,18358067.00000000,1749986.49360000,12765
2023-09-10,0.09410000,0.09420000,0.08870000,0.09210000,57006314.00000000,5217700.72410000,31488
2023-09-11,0.09210000,0.09240000,0.08730000,0.08870000,44477183.00000000,3985761.32130000,25149
2023-09-12,0.08860000,0.09270000,0.08830000,0.08950000,28427092.00000000,2567490.79370000,19466
2023-09-13,0.08950000,0.09200000,0.08890000,0.09090000,32309277.00000000,2926880.51990000,19201
2023-09-14,0.09090000,0.09400000,0.09050000,0.09340000,34708620.00000000,3205804.86760000,18657
2023-09-15,0.09340000,0.09700000,0.09300000,0.09640000,33216401.00000000,3137619.07190000,18108
2023-09-16,0.09640000,0.09810000,0.09520000,0.09760000,28564110.00000000,2764101.04410000,16663
2023-09-17,0.09750000,0.09760000,0.09350000,0.09500000,24734387.00000000,2368244.06930000,16919
2023-09-18,0.09490000,0.09850000,0.09390000,0.09640000,33492505.00000000,3235399.42570000,21574
2023-09-19,0.09630000,0.09800000,0.09530000,0.09720000,28764310.00000000,2782416.28300000,18789
2023-09-20,0.09710000,0.10040000,0.09370000,0.10030000,71390006.00000000,6918342.00160000,35269
2023-09-21,0.10030000,0.10390000,0.09670000,0.09730000,85679687.00000000,8575150.11430000,40176
2023-09-22,0.09740000,0.10260000,0.09600000,0.10200000,58123599.00000000,5788663.31920000,26126
2023-09-23,0.10190000,0.10310000,0.09950000,0.10060000,34205500.00000000,3453911.22140000,16938
2023-09-24,0.10060000,0.10300000,0.09990000,0.10120000,31853803.00000000,3235416.02690000,14795
2023-09-25,0.10110000,0.10200000,0.09720000,0.09770000,43136732.00000000,4295602.61790000,19269
2023-09-26,0.09760000,0.09910000,0.09410000,0.09550000,34976758.00000000,3406022.59760000,16557
2023-09-27,0.09550000,0.09710000,0.09370000,0.09570000,34123186.00000000,3253617.93000000,16931
2023-09-28,0.09580000,0.09840000,0.09540000,0.09750000,28920931.00000000,2801545.12310000,14921
2023-09-29,0.09750000,0.10250000,0.09700000,0.10150000,40021043.00000000,4012185.80400000,18783
2023-09-30,0.10150000,0.10550000,0.10070000,0.10330000,36664978.00000000,3776665.80020000,19182
2023-10-01,0.10330000,0.10770000,0.10270000,0.10630000,36984471.00000000,3866699.47890000,20044
2023-10-02,0.10640000,0.10650000,0.10000000,0.10130000,38443696.00000000,3984499.41360000,21513
2023-10-03,0.10120000,0.10310000,0.10020000,0.10120000,24827115.00000000,2524140.39630000,14633
2023-10-04,0.10110000,0.10140000,0.09720000,0.09930000,42048552.00000000,4157350.82720000,22542
2023-10-05,0.09930000,0.10110000,0.09760000,0.10020000,27331213.00000000,2711532.02040000,16302
2023-10-06,0.10030000,0.10180000,0.09800000,0.10070000,25220301.00000000,2520231.82800000,14672
2023-10-07,0.10080000,0.10130000,0.09950000,0.10000000,12490500.00000000,1251886.61230000,8787
2023-10-08,0.09990000,0.10320000,0.09920000,0.10130000,33833220.00000000,3437281.87740000,17129
2023-10-09,0.10120000,0.10140000,0.09450000,0.09650000,32946170.00000000,3217742.25460000,21487
2023-10-10,0.09660000,0.09710000,0.09430000,0.09510000,19452910.00000000,1862098.69770000,14612
2023-10-11,0.09520000,0.09560000,0.09310000,0.09510000,23004547.00000000,2168548.70530000,16128
2023-10-12,0.09500000,0.09550000,0.09290000,0.09360000,18327784.00000000,1729381.09420000,13540
2023-10-13,0.09360000,0.09680000,0.09350000,0.09510000,17830897.00000000,1696184.28940000,12645
2023-10-14,0.09510000,0.09600000,0.09450000,0.09530000,23273746.00000000,2218129.64710000,12626
2023-10-15,0.09530000,0.09610000,0.09420000,0.09430000,33435559.00000000,3181592.53630000,16753
2023-10-16,0.09440000,0.09840000,0.09380000,0.09480000,59453810.00000000,5676240.19310000,27830
2023-10-17,0.09480000,0.09510000,0.09060000,0.09140000,63137611.00000000,5852695.63220000,24243
2023-10-18,0.09140000,0.09240000,0.08980000,0.08990000,48953906.00000000,4440541.72690000,19584
2023-10-19,0.08990000,0.09040000,0.08770000,0.08970000,46280944.00000000,4127232.70190000,19358
2023-10-20,0.08970000,0.09270000,0.08900000,0.09130000,60973729.00000000,5543944.64250000,24705
2023-10-21,0.09120000,0.09430000,0.09090000,0.09420000,52499254.00000000,4874770.51150000,21625
2023-10-22,0.09410000,0.09500000,0.09200000,0.09430000,42331263.00000000,3952037.84230000,19069
2023-10-23,0.09430000,0.09900000,0.09300000,0.09830000,100848078.00000000,9599805.74060000,40830
2023-10-24,0.09830000,0.10280000,0.09610000,0.10080000,146702125.00000000,14595213.41940000,61105
2023-10-25,0.10070000,0.10330000,0.09830000,0.10090000,86927243.00000000,8777929.64680000,41573
2023-10-26,0.10090000,0.10370000,0.09770000,0.10120000,87023723.00000000,8806383.03890000,42746
2023-10-27,0.10120000,0.10160000,0.09810000,0.09920000,49130668.00000000,4905586.46370000,28952
2023-10-28,0.09920000,0.10250000,0.09900000,0.10170000,42438769.00000000,4295236.88310000,24310
2023-10-29,0.10170000,0.10720000,0.10020000,0.10650000,62147225.00000000,6477945.88300000,32868
2023-10-30,0.10660000,0.11250000,0.10490000,0.11210000,111360679.00000000,12118317.45580000,50109
2023-10-31,0.11210000,0.11380000,0.10540000,0.10930000,94820097.00000000,10388071.34040000,47768
2023-11-01,0.10930000,0.11570000,0.10660000,0.11440000,92490810.00000000,10239061.74430000,50853
2023-11-02,0.11440000,0.11530000,0.10830000,0.11130000,101767140.00000000,11441408.05030000,52927
2023-11-03,0.11120000,0.11340000,0.10690000,0.11150000,79220598.00000000,8742179.28220000,43232
2023-11-04,0.11140000,0.11570000,0.10990000,0.11490000,75210805.00000000,8477863.59390000,35700
2023-11-05,0.11490000,0.12330000,0.11430000,0.12120000,129640616.00000000,15465705.67070000,62274
2023-11-06,0.12130000,0.12990000,0.11890000,0.12910000,90361814.00000000,11284885.88610000,53503
2023-11-07,0.12900000,0.13000000,0.11830000,0.12350000,77285228.00000000,9592618.06020000,53216
2023-11-08,0.12350000,0.12820000,0.12240000,0.12700000,50520433.00000000,6357384.22690000,37593
2023-11-09,0.12700000,0.13180000,0.10680000,0.12380000,134661721.00000000,16797469.73590000,79765
2023-11-10,0.12380000,0.12830000,0.11950000,0.12800000,87658831.00000000,10834880.49630000,55301
2023-11-11,0.12810000,0.13630000,0.12440000,0.13350000,99335414.00000000,13048042.81960000,63579
2023-11-12,0.13350000,0.14840000,0.12780000,0.14610000,148846934.00000000,20861054.87140000,89589
2023-11-13,0.14600000,0.14760000,0.13230000,0.13330000,113204678.00000000,15856683.59250000,72181
2023-11-14,0.13330000,0.13650000,0.12250000,0.12910000,92972826.00000000,12204741.92150000,61665
2023-11-15,0.12900000,0.14530000,0.12850000,0.14220000,95549364.00000000,13218643.39250000,60385
2023-11-16,0.14220000,0.14720000,0.13250000,0.13570000,112805544.00000000,15867717.84330000,72463
2023-11-17,0.13560000,0.13990000,0.12800000,0.13600000,68978514.00000000,9268420.28090000,57420
2023-11-18,0.13600000,0.13600000,0.12610000,0.13450000,42367563.00000000,5575519.05500000,38048
2023-11-19,0.13450000,0.14250000,0.13050000,0.14060000,39419661.00000000,5384496.18450000,32178
2023-11-20,0.14060000,0.15070000,0.13790000,0.14140000,120658600.00000000,17430055.21650000,74791
2023-11-21,0.14140000,0.14270000,0.12340000,0.12340000,126878162.00000000,16795865.61510000,77672
2023-11-22,0.12340000,0.13480000,0.12300000,0.13230000,63108664.00000000,8176584.77940000,39172
2023-11-23,0.13240000,0.13430000,0.12810000,0.13060000,40045818.00000000,5248167.33280000,24679
2023-11-24,0.13060000,0.13530000,0.13030000,0.13350000,40136244.00000000,5330710.34270000,28607
2023-11-25,0.13360000,0.14180000,0.13260000,0.14040000,46070571.00000000,6387960.56020000,31798
2023-11-26,0.14050000,0.14090000,0.13310000,0.13610000,44351158.00000000,6106888.26880000,28230
2023-11-27,0.13610000,0.13860000,0.12910000,0.13170000,41040033.00000000,5448111.20330000,31051
2023-11-28,0.13170000,0.13510000,0.12850000,0.13300000,38544816.00000000,5104639.79330000,25152
2023-11-29,0.13300000,0.13450000,0.13010000,0.13410000,50408965.00000000,6677218.93700000,31550
2023-11-30,0.13410000,0.14000000,0.13120000,0.13380000,71975159.00000000,9685231.82330000,42731
2023-12-01,0.13380000,0.13950000,0.13290000,0.13940000,53821284.00000000,7309471.00630000,31631
2023-12-02,0.13940000,0.14840000,0.13860000,0.14790000,71716222.00000000,10362160.96670000,43047
2023-12-03,0.14790000,0.15500000,0.14660000,0.15130000,89474136.00000000,13537161.57940000,56879
2023-12-04,0.15120000,0.16000000,0.14590000,0.15340000,102887374.00000000,15774880.78730000,66130
2023-12-05,0.15340000,0.15500000,0.14950000,0.15370000,60774775.00000000,9251895.13350000,39734
2023-12-06,0.15370000,0.15790000,0.15040000,0.15280000,68886663.00000000,10646332.18890000,48463
2023-12-07,0.15290000,0.16490000,0.15260000,0.16380000,101510504.00000000,16254260.99380000,73506
2023-12-08,0.16380000,0.18570000,0.16240000,0.18430000,133061434.00000000,23395858.89350000,105783
2023-12-09,0.18430000,0.22310000,0.18370000,0.19950000,329560257.00000000,67181808.72620000,272354
2023-12-10,0.19940000,0.20500000,0.18890000,0.20150000,93586290.00000000,18504394.91260000,78357
2023-12-11,0.20140000,0.20940000,0.16700000,0.20260000,162322259.00000000,30937609.63780000,151972
2023-12-12,0.20270000,0.21500000,0.19320000,0.19810000,135039598.00000000,27566462.15010000,120832
2023-12-13,0.19810000,0.20420000,0.18430000,0.20090000,103763759.00000000,20064893.44340000,88322
2023-12-14,0.20100000,0.21790000,0.19630000,0.21630000,119588869.00000000,25004221.46470000,108600
2023-12-15,0.21630000,0.21690000,0.19430000,0.19610000,79394175.00000000,16153535.53710000,64938
2023-12-16,0.19620000,0.20420000,0.19320000,0.19820000,54962470.00000000,10985651.72970000,43594
2023-12-17,0.19820000,0.20090000,0.18930000,0.19040000,43352594.00000000,8475961.40150000,40588
2023-12-18,0.19040000,0.19600000,0.17670000,0.19550000,65133521.00000000,12151310.51510000,58359
2023-12-19,0.19550000,0.20520000,0.19050000,0.19230000,65246204.00000000,12950271.01440000,54804
2023-12-20,0.19220000,0.20380000,0.18880000,0.19830000,64026562.00000000,12647167.75440000,54517
2023-12-21,0.19830000,0.23050000,0.19460000,0.22390000,133953273.00000000,28579707.69480000,128413
2023-12-22,0.22380000,0.25320000,0.22370000,0.23960000,259685275.00000000,62110322.36130000,262338
2023-12-23,0.23970000,0.24320000,0.22810000,0.23540000,87441777.00000000,20480389.49680000,81225
2023-12-24,0.23530000,0.24780000,0.22470000,0.23070000,100677907.00000000,24012046.79750000,99006
2023-12-25,0.23060000,0.23960000,0.22690000,0.23830000,62735254.00000000,14736747.36270000,60042
2023-12-26,0.23830000,0.24260000,0.21600000,0.23500000,83316576.00000000,19364024.74260000,88725
2023-12-27,0.23510000,0.23550000,0.22290000,0.22880000,54850428.00000000,12569977.80750000,60335
2023-12-28,0.22870000,0.23840000,0.22110000,0.23390000,79267238.00000000,18296499.80620000,94400
2023-12-29,0.23390000,0.24330000,0.22010000,0.22670000,90670321.00000000,21143854.81430000,93528
2023-12-30,0.22670000,0.22780000,0.21820000,0.22110000,41056033.00000000,9178549.02020000,38639
2023-12-31,0.22110000,0.23280000,0.21850000,0.22290000,40402340.00000000,9096476.11700000,43741
2024-01-01,0.22280000,0.23970000,0.21970000,0.23870000,41149558.00000000,9444829.79700000,44439
2024-01-02,0.23870000,0.24460000,0.22400000,0.22680000,72793088.00000000,17129387.07090000,75883
2024-01-03,0.22690000,0.23070000,0.16480000,0.20470000,139477355.00000000,28954179.63270000,138404
2024-01-04,0.20460000,0.21010000,0.19770000,0.20730000,59201132.00000000,12093360.04190000,51770
2024-01-05,0.20740000,0.20800000,0.18760000,0.19650000,60260316.00000000,11797951.10110000,54888
2024-01-06,0.19660000,0.19680000,0.17880000,0.18970000,42459449.00000000,7928579.00150000,40204
2024-01-07,0.18980000,0.19400000,0.17610000,0.17820000,35362478.00000000,6593879.54190000,34013
2024-01-08,0.17820000,0.20060000,0.16360000,0.19490000,119233123.00000000,22388919.90240000,117565
2024-01-09,0.19490000,0.20320000,0.17950000,0.18570000,84764998.00000000,16326613.54330000,93994
2024-01-10,0.18570000,0.20490000,0.17810000,0.19940000,71780234.00000000,13545274.42830000,67325
2024-01-11,0.19950000,0.20720000,0.19500000,0.20260000,74828231.00000000,15092432.63550000,74288
2024-01-12,0.20250000,0.20440000,0.18020000,0.18660000,56331107.00000000,10946395.69130000,65861
2024-01-13,0.18670000,0.19180000,0.18040000,0.18920000,29958259.00000000,5599798.68000000,34739
2024-01-14,0.18920000,0.19290000,0.18300000,0.18370000,29015824.00000000,5488657.03310000,29557
2024-01-15,0.18380000,0.19100000,0.18340000,0.18840000,28680288.00000000,5404075.06110000,28786
2024-01-16,0.18850000,0.19750000,0.18710000,0.19590000,52262515.00000000,10064859.61500000,44643
2024-01-17,0.19590000,0.19890000,0.18860000,0.19110000,33111125.00000000,6401638.76840000,32362
2024-01-18,0.19110000,0.19360000,0.17590000,0.17900000,37318382.00000000,6899642.29390000,39990
2024-01-19,0.17900000,0.17950000,0.16730000,0.17320000,56468909.00000000,9855339.83170000,51083
2024-01-20,0.17320000,0.17410000,0.16990000,0.17210000,32716566.00000000,5618589.46950000,25334
2024-01-21,0.17200000,0.17460000,0.16980000,0.17010000,33995701.00000000,5856632.53950000,21754
2024-01-22,0.17010000,0.17200000,0.15920000,0.16130000,44220986.00000000,7286194.85890000,42768
2024-01-23,0.16130000,0.16550000,0.14860000,0.16010000,59635736.00000000,9296821.07900000,52576
2024-01-24,0.16010000,0.16450000,0.15800000,0.16340000,25619952.00000000,4138212.24680000,26286
2024-01-25,0.16340000,0.16390000,0.15840000,0.16110000,26606632.00000000,4294266.51260000,26353
2024-01-26,0.16100000,0.16910000,0.15960000,0.16650000,52728708.00000000,8721171.48530000,34104
2024-01-27,0.16660000,0.16850000,0.16400000,0.16750000,28314293.00000000,4722802.33570000,21606
2024-01-28,0.16750000,0.16900000,0.16190000,0.16420000,32487137.00000000,5396547.05830000,27002
2024-01-29,0.16420000,0.16950000,0.16240000,0.16890000,38669520.00000000,6447312.60420000,29736
2024-01-30,0.16890000,0.17110000,0.16330000,0.16450000,38136527.00000000,6394234.72160000,32076
2024-01-31,0.16450000,0.16520000,0.15730000,0.15920000,36686274.00000000,5917748.93580000,38775
2024-02-01,0.15920000,0.16080000,0.15490000,0.15880000,26427618.00000000,4162457.40180000,33246
2024-02-02,0.15880000,0.16440000,0.15830000,0.16090000,38387146.00000000,6184540.39640000,31678
2024-02-03,0.16100000,0.16850000,0.16090000,0.16570000,29930658.00000000,4953066.97700000,31821
2024-02-04,0.16570000,0.16570000,0.15820000,0.15880000,20487209.00000000,3311623.79350000,20755
2024-02-05,0.15880000,0.16240000,0.15590000,0.16000000,19907294.00000000,3180719.31990000,24164
2024-02-06,0.15990000,0.16250000,0.15750000,0.16220000,27312841.00000000,4369222.73000000,23158
2024-02-07,0.16230000,0.16890000,0.16020000,0.16810000,31226565.00000000,5126149.18400000,27673
2024-02-08,0.16820000,0.17100000,0.16630000,0.16890000,32675460.00000000,5496825.97270000,27113
2024-02-09,0.16900000,0.17570000,0.16850000,0.17430000,50245022.00000000,8652201.45350000,36480
2024-02-10,0.17430000,0.17790000,0.17080000,0.17540000,35203866.00000000,6134819.42460000,30002
2024-02-11,0.17540000,0.18050000,0.17210000,0.18010000,40983577.00000000,7204954.08140000,30800
2024-02-12,0.18010000,0.18390000,0.17320000,0.18290000,81352107.00000000,14615370.65590000,71419
2024-02-13,0.18300000,0.18540000,0.17300000,0.17770000,67583606.00000000,12109242.23720000,54932
2024-02-14,0.17780000,0.18460000,0.17440000,0.18350000,45039601.00000000,8160626.27060000,39893
2024-02-15,0.18360000,0.19180000,0.18260000,0.18730000,56088670.00000000,10499263.37490000,64669
2024-02-16,0.18730000,0.19740000,0.18630000,0.19420000,68447058.00000000,13117711.87480000,60791
2024-02-17,0.19430000,0.19440000,0.18340000,0.19040000,32707774.00000000,6196376.00440000,34392
2024-02-18,0.19040000,0.19730000,0.18950000,0.19640000,32779945.00000000,6357937.36670000,32852
2024-02-19,0.19640000,0.20430000,0.19590000,0.20360000,57528679.00000000,11506925.89540000,50801
2024-02-20,0.20360000,0.20420000,0.18890000,0.19630000,62229188.00000000,12259252.71290000,62792
2024-02-21,0.19630000,0.19730000,0.18150000,0.18900000,48139581.00000000,8995980.94010000,46900
2024-02-22,0.18900000,0.19440000,0.18410000,0.18880000,32272699.00000000,6144772.16320000,34615
2024-02-23,0.18890000,0.19060000,0.18200000,0.18540000,34442550.00000000,6425072.58140000,39521
2024-02-24,0.18550000,0.19770000,0.18160000,0.19720000,42874390.00000000,8232557.37360000,43253
2024-02-25,0.19720000,0.21130000,0.19370000,0.20780000,89186614.00000000,18157794.83610000,81735
2024-02-26,0.20780000,0.21270000,0.19630000,0.21210000,65564655.00000000,13382439.18020000,65941
2024-02-27,0.21220000,0.21230000,0.20160000,0.20830000,69936861.00000000,14518106.15660000,65238
2024-02-28,0.20840000,0.22420000,0.19210000,0.21060000,121828491.00000000,25975714.48240000,150984
2024-02-29,0.21060000,0.23180000,0.20490000,0.21180000,106659484.00000000,23383876.19700000,126360
2024-03-01,0.21190000,0.22870000,0.21190000,0.22810000,71120380.00000000,15584205.41860000,72422
2024-03-02,0.22830000,0.24800000,0.22520000,0.24800000,118500896.00000000,28046560.22700000,123097
2024-03-03,0.24790000,0.25740000,0.22060000,0.25110000,136688939.00000000,33215894.00770000,165612
2024-03-04,0.25120000,0.26530000,0.24210000,0.25060000,149509283.00000000,37886368.59760000,181114
2024-03-05,0.25060000,0.25880000,0.20000000,0.23140000,210461881.00000000,50550273.53180000,286400
2024-03-06,0.23130000,0.26240000,0.22060000,0.25920000,125329674.00000000,30223927.74000000,159860
2024-03-07,0.25920000,0.28480000,0.25820000,0.27990000,199606470.00000000,53999022.13790000,262126
2024-03-08,0.28000000,0.28150000,0.25810000,0.27130000,105423532.00000000,28408425.16090000,133178
2024-03-09,0.27120000,0.27720000,0.26540000,0.26920000,73025808.00000000,19859191.76080000,86735
2024-03-10,0.26920000,0.27370000,0.25540000,0.26280000,70774127.00000000,18745027.41160000,87316
2024-03-11,0.26280000,0.30220000,0.24940000,0.29180000,210258284.00000000,59901748.11710000,268033
2024-03-12,0.29190000,0.31990000,0.27500000,0.31780000,202269950.00000000,60114363.85230000,271382
2024-03-13,0.31770000,0.32990000,0.30500000,0.31870000,157047646.00000000,49952351.47170000,214307
2024-03-14,0.31860000,0.32090000,0.29070000,0.31180000,131096846.00000000,40440599.13110000,200012
2024-03-15,0.31190000,0.32150000,0.27100000,0.29920000,144693570.00000000,42382433.16430000,244884
2024-03-16,0.29920000,0.31100000,0.26080000,0.26730000,117826760.00000000,33384788.20110000,173617
2024-03-17,0.26740000,0.28090000,0.25170000,0.27540000,100248030.00000000,26917952.26300000,113540
2024-03-18,0.27540000,0.27540000,0.24590000,0.25160000,107654323.00000000,27819123.05580000,110421
2024-03-19,0.25160000,0.25320000,0.21890000,0.23030000,159047188.00000000,37286369.23500000,175805
2024-03-20,0.23020000,0.25230000,0.21840000,0.25060000,84925580.00000000,20000042.79180000,120346
2024-03-21,0.25050000,0.25620000,0.24230000,0.24870000,66721331.00000000,16656308.39210000,87968
2024-03-22,0.24870000,0.25470000,0.23380000,0.24120000,56344771.00000000,13715238.01000000,78296
2024-03-23,0.24120000,0.25590000,0.23660000,0.24840000,40496925.00000000,10052775.51780000,48432
2024-03-24,0.24830000,0.25850000,0.24760000,0.25620000,47252860.00000000,11962396.68320000,51781
2024-03-25,0.25630000,0.27320000,0.25290000,0.26800000,74668178.00000000,19582599.04970000,70063
2024-03-26,0.26800000,0.28640000,0.26700000,0.27990000,85279670.00000000,23731778.10370000,87446
2024-03-27,0.27990000,0.29030000,0.26620000,0.27080000,88229756.00000000,24533361.53200000,95117
2024-03-28,0.27080000,0.27550000,0.26230000,0.27280000,54954899.00000000,14864223.89190000,51504
2024-03-29,0.27280000,0.28310000,0.26390000,0.26870000,80065896.00000000,21795218.28040000,77912
2024-03-30,0.26860000,0.27090000,0.25890000,0.26020000,41494748.00000000,10981689.77590000,38971
2024-03-31,0.26020000,0.26810000,0.25930000,0.26800000,27143591.00000000,7174702.31650000,26692
2024-04-01,0.26790000,0.27000000,0.24450000,0.25130000,61982409.00000000,15798793.27410000,62096
2024-04-02,0.25130000,0.25130000,0.23020000,0.23430000,63332415.00000000,15057900.62330000,69005
2024-04-03,0.23410000,0.24440000,0.22610000,0.23210000,46922280.00000000,11088871.91200000,52479
2024-04-04,0.23200000,0.24180000,0.22520000,0.23710000,45887142.00000000,10824919.36430000,46935
2024-04-05,0.23720000,0.23810000,0.22130000,0.22940000,55120508.00000000,12597904.10820000,43547
2024-04-06,0.22950000,0.23610000,0.22790000,0.23360000,17724296.00000000,4121980.28980000,16568
2024-04-07,0.23370000,0.23740000,0.23200000,0.23520000,27018742.00000000,6353268.61830000,25054
2024-04-08,0.23520000,0.24810000,0.23040000,0.24530000,45995751.00000000,11148981.58110000,41847
2024-04-09,0.24530000,0.24600000,0.23080000,0.23190000,45995722.00000000,10962888.05440000,45711
2024-04-10,0.23170000,0.23310000,0.21770000,0.23050000,51546851.00000000,11661638.74540000,48638
2024-04-11,0.23060000,0.23480000,0.22660000,0.22770000,32001093.00000000,7366026.12050000,31871
2024-04-12,0.22760000,0.23250000,0.17100000,0.19360000,135395992.00000000,26914419.28280000,124913
2024-04-13,0.19360000,0.19360000,0.14590000,0.16790000,223388685.00000000,38531606.63480000,208029
2024-04-14,0.16780000,0.18190000,0.16170000,0.17940000,105462787.00000000,18111703.33350000,112842
2024-04-15,0.17930000,0.18800000,0.16420000,0.17030000,85085730.00000000,15175345.07290000,113750
2024-04-16,0.17030000,0.18050000,0.16460000,0.17440000,70563096.00000000,12116520.75880000,71989
2024-04-17,0.17440000,0.17610000,0.16180000,0.16850000,57186174.00000000,9692615.94870000,59762
2024-04-18,0.16860000,0.17640000,0.16280000,0.17460000,34186056.00000000,5837415.38700000,46743
2024-04-19,0.17460000,0.17930000,0.15930000,0.17480000,69121838.00000000,11932894.39540000,78730
2024-04-20,0.17480000,0.19190000,0.17260000,0.19160000,36456871.00000000,6650803.84860000,38299
2024-04-21,0.19170000,0.19260000,0.18310000,0.18740000,27242715.00000000,5140075.95340000,29164
2024-04-22,0.18740000,0.19810000,0.18660000,0.19510000,32523794.00000000,6253162.82410000,36989
2024-04-23,0.19520000,0.19670000,0.18970000,0.19360000,42788494.00000000,8255969.57260000,47818
2024-04-24,0.19360000,0.26440000,0.19310000,0.21130000,422545623.00000000,96987806.29600000,488805
2024-04-25,0.21130000,0.21270000,0.19660000,0.20000000,117441324.00000000,23814539.86050000,110752
2024-04-26,0.20000000,0.21430000,0.19250000,0.19780000,113027998.00000000,22864845.80210000,103583
2024-04-27,0.19810000,0.20290000,0.18840000,0.19830000,75857129.00000000,14897352.79230000,68354
2024-04-28,0.19840000,0.20140000,0.19190000,0.19280000,36457207.00000000,7213264.26470000,32372
2024-04-29,0.19280000,0.19480000,0.18410000,0.19060000,59396551.00000000,11166267.56890000,54222
2024-04-30,0.19050000,0.19270000,0.17020000,0.17810000,69021223.00000000,12336039.27110000,68848
2024-05-01,0.17800000,0.18340000,0.16550000,0.18070000,81285741.00000000,14266637.35550000,82989
2024-05-02,0.18070000,0.18420000,0.17490000,0.18120000,34447536.00000000,6203212.25140000,44839
2024-05-03,0.18120000,0.19450000,0.17970000,0.19200000,38880592.00000000,7281206.13060000,44325
2024-05-04,0.19200000,0.19650000,0.18980000,0.19270000,28123958.00000000,5423926.70830000,35638
2024-05-05,0.19270000,0.20020000,0.19090000,0.19640000,33833168.00000000,6623105.09410000,45739
2024-05-06,0.19650000,0.20270000,0.19250000,0.19380000,48649574.00000000,9607365.44540000,57763
2024-05-07,0.19380000,0.19850000,0.19030000,0.19070000,37233633.00000000,7242368.61760000,48174
2024-05-08,0.19060000,0.19430000,0.18550000,0.18710000,40450003.00000000,7650578.81200000,52858
2024-05-09,0.18710000,0.19460000,0.18410000,0.19340000,26093492.00000000,4934751.37530000,36865
2024-05-10,0.19350000,0.19450000,0.18160000,0.18330000,34893864.00000000,6563305.90910000,46318
2024-05-11,0.18340000,0.18560000,0.17830000,0.17890000,20883654.00000000,3800867.57020000,26615
2024-05-12,0.17890000,0.18140000,0.17570000,0.17680000,20129994.00000000,3606637.46210000,20240
2024-05-13,0.17680000,0.18080000,0.16980000,0.17770000,36018739.00000000,6348432.88750000,40200
2024-05-14,0.17770000,0.17850000,0.17060000,0.17130000,30333208.00000000,5296786.63720000,36219
2024-05-15,0.17130000,0.18340000,0.16990000,0.17990000,60913024.00000000,10896745.76260000,48393
2024-05-16,0.17980000,0.18160000,0.17000000,0.17410000,82039882.00000000,14410239.70680000,62317
2024-05-17,0.17410000,0.18500000,0.17250000,0.18290000,42931766.00000000,7714926.92500000,37377
2024-05-18,0.18290000,0.18680000,0.18210000,0.18280000,33725516.00000000,6230386.45650000,30030
2024-05-19,0.18290000,0.18300000,0.17470000,0.17490000,36830667.00000000,6556024.14380000,31899
2024-05-20,0.17500000,0.18880000,0.17260000,0.18860000,62079756.00000000,11195408.58920000,56460
2024-05-21,0.18860000,0.19650000,0.18550000,0.18840000,80290763.00000000,15224766.53030000,73644
2024-05-22,0.18840000,0.18950000,0.18240000,0.18570000,37753111.00000000,7031280.90210000,43255
2024-05-23,0.18560000,0.18780000,0.17220000,0.18170000,80627869.00000000,14502059.86460000,72165
2024-05-24,0.18150000,0.18900000,0.17760000,0.18860000,39083494.00000000,7164914.01800000,34580
2024-05-25,0.18860000,0.19590000,0.18850000,0.19350000,36885363.00000000,7104577.97320000,34358
2024-05-26,0.19330000,0.19420000,0.18720000,0.18950000,27766043.00000000,5297963.19180000,24556
2024-05-27,0.18950000,0.19990000,0.18920000,0.19670000,36527657.00000000,7096871.71860000,34244
2024-05-28,0.19670000,0.19760000,0.18930000,0.19410000,41362990.00000000,7950937.24100000,44888
2024-05-29,0.19420000,0.19590000,0.18910000,0.18940000,32994105.00000000,6354432.76530000,39301
2024-05-30,0.18950000,0.19490000,0.18620000,0.18970000,31808840.00000000,6070382.54900000,35787
2024-05-31,0.18980000,0.19100000,0.18530000,0.18810000,25325701.00000000,4768012.20420000,28153
2024-06-01,0.18820000,0.18960000,0.18600000,0.18810000,12695922.00000000,2385664.53160000,15569
2024-06-02,0.18810000,0.18970000,0.18200000,0.18230000,21753815.00000000,4034016.63010000,23030
2024-06-03,0.18230000,0.18920000,0.18080000,0.18370000,24374445.00000000,4532077.88760000,24320
2024-06-04,0.18370000,0.18700000,0.17910000,0.18600000,25304927.00000000,4626299.01870000,25673
2024-06-05,0.18610000,0.19000000,0.18570000,0.18870000,23699176.00000000,4452502.85050000,23308
2024-06-06,0.18880000,0.18890000,0.18300000,0.18570000,25699068.00000000,4786592.25830000,25470
2024-06-07,0.18570000,0.19330000,0.16000000,0.17490000,84481122.00000000,15228231.56640000,71314
2024-06-08,0.17480000,0.17660000,0.16350000,0.16600000,45246750.00000000,7648013.10830000,45875
2024-06-09,0.16590000,0.17140000,0.16540000,0.17040000,20641648.00000000,3481847.34070000,21250
2024-06-10,0.17040000,0.17210000,0.16570000,0.16660000,32686871.00000000,5517527.82670000,30190
2024-06-11,0.16650000,0.16850000,0.15520000,0.15890000,58029917.00000000,9330336.98450000,52519
2024-06-12,0.15890000,0.16980000,0.15510000,0.16600000,44944330.00000000,7371647.71230000,41832
2024-06-13,0.16600000,0.16700000,0.15550000,0.15590000,31671736.00000000,5082107.20680000,37106
2024-06-14,0.15590000,0.15930000,0.14730000,0.15120000,52212803.00000000,8012567.01970000,47624
2024-06-15,0.15130000,0.15500000,0.14980000,0.15240000,22209992.00000000,3395764.38850000,20219
2024-06-16,0.15250000,0.15630000,0.14990000,0.15570000,22064281.00000000,3386420.71340000,20746
2024-06-17,0.15580000,0.15670000,0.14020000,0.14510000,52171685.00000000,7724536.99140000,44604
2024-06-18,0.14510000,0.14560000,0.12630000,0.13380000,93014314.00000000,12493901.33040000,80126
2024-06-19,0.13380000,0.14120000,0.13230000,0.13870000,38817456.00000000,5355520.83500000,35097
2024-06-20,0.13870000,0.14650000,0.13780000,0.13820000,39426930.00000000,5571172.94990000,35707
2024-06-21,0.13820000,0.14250000,0.13640000,0.13930000,38374490.00000000,5336408.61650000,35036
2024-06-22,0.13920000,0.13920000,0.13360000,0.13390000,34263293.00000000,4662081.72980000,28793
2024-06-23,0.13390000,0.13670000,0.13060000,0.13240000,23633893.00000000,3173934.16060000,19269
2024-06-24,0.13240000,0.13550000,0.12530000,0.13520000,55192726.00000000,7258167.18620000,45979
2024-06-25,0.13530000,0.14300000,0.13420000,0.14110000,30484768.00000000,4242282.83830000,25499
2024-06-26,0.14110000,0.14290000,0.13910000,0.14080000,26480114.00000000,3733220.81620000,22178
2024-06-27,0.14090000,0.14440000,0.13740000,0.14280000,26772299.00000000,3773788.23670000,22771
2024-06-28,0.14280000,0.14530000,0.13950000,0.13970000,28715279.00000000,4090612.97920000,25744
2024-06-29,0.13980000,0.14270000,0.13810000,0.13930000,16040639.00000000,2255114.68580000,13547
2024-06-30,0.13930000,0.14500000,0.13690000,0.14450000,22842499.00000000,3214422.29440000,19661
2024-07-01,0.14460000,0.14910000,0.14380000,0.14710000,24355799.00000000,3575909.08060000,21614
2024-07-02,0.14710000,0.15140000,0.14660000,0.15020000,22891903.00000000,3408099.58870000,21693
2024-07-03,0.15020000,0.15120000,0.14120000,0.14260000,26314417.00000000,3822932.66780000,25427
2024-07-04,0.14270000,0.14310000,0.13100000,0.13130000,47239726.00000000,6421855.70500000,40662
2024-07-05,0.13120000,0.13360000,0.11460000,0.13070000,123324980.00000000,15203649.18330000,92551
2024-07-06,0.13080000,0.13940000,0.12880000,0.13860000,32122159.00000000,4283329.03690000,29705
2024-07-07,0.13860000,0.13880000,0.12560000,0.12660000,27745497.00000000,3689131.12310000,26933
2024-07-08,0.12670000,0.13750000,0.12150000,0.13330000,61058704.00000000,7930326.59930000,58453
2024-07-09,0.13330000,0.14110000,0.13250000,0.13970000,21759516.00000000,2984793.32850000,27651
2024-07-10,0.13960000,0.14180000,0.13670000,0.13940000,20442835.00000000,2838753.26680000,22324
2024-07-11,0.13950000,0.14320000,0.13660000,0.13720000,22230088.00000000,3104915.56370000,26186
2024-07-12,0.13720000,0.13880000,0.13390000,0.13810000,18838481.00000000,2569626.10250000,22472
2024-07-13,0.13820000,0.14480000,0.13780000,0.14330000,19941384.00000000,2827582.46190000,21276
2024-07-14,0.14330000,0.15360000,0.14330000,0.15200000,22039636.00000000,3271509.43700000,22613
2024-07-15,0.15200000,0.15980000,0.15200000,0.15770000,35298896.00000000,5532663.55850000,34325
2024-07-16,0.15770000,0.16230000,0.15290000,0.15850000,37120401.00000000,5852895.11560000,40134
2024-07-17,0.15850000,0.16250000,0.15440000,0.15450000,24687034.00000000,3916778.95400000,29632
2024-07-18,0.15450000,0.15760000,0.14920000,0.15180000,22771675.00000000,3501278.52890000,25485
2024-07-19,0.15190000,0.15960000,0.14950000,0.15770000,28240941.00000000,4385970.97840000,27331
2024-07-20,0.15770000,0.16130000,0.15640000,0.15810000,23888379.00000000,3800581.94630000,20990
2024-07-21,0.15820000,0.16090000,0.15080000,0.15920000,27058903.00000000,4243090.88260000,23649
2024-07-22,0.15930000,0.15980000,0.15080000,0.15100000,23482666.00000000,3627431.90770000,21135
2024-07-23,0.15110000,0.15260000,0.14190000,0.14350000,33238403.00000000,4869695.78350000,28820
2024-07-24,0.14340000,0.14670000,0.13890000,0.13970000,21455523.00000000,3075563.20930000,18344
2024-07-25,0.13960000,0.14000000,0.13270000,0.13710000,30026611.00000000,4077758.92470000,28058
2024-07-26,0.13710000,0.14300000,0.13640000,0.14250000,21211672.00000000,2974696.41240000,17306
2024-07-27,0.14250000,0.14610000,0.14020000,0.14280000,20433688.00000000,2928180.20850000,16983
2024-07-28,0.14280000,0.14320000,0.13740000,0.13930000,15603999.00000000,2187110.68930000,13318
2024-07-29,0.13930000,0.14490000,0.13850000,0.13890000,25587598.00000000,3631827.29770000,18672
2024-07-30,0.13890000,0.14280000,0.13550000,0.13750000,20802754.00000000,2905557.60730000,17809
2024-07-31,0.13750000,0.14210000,0.13540000,0.13570000,29768362.00000000,4126955.93690000,24889
2024-08-01,0.13570000,0.13700000,0.12530000,0.13490000,39498771.00000000,5206124.01230000,35036
2024-08-02,0.13480000,0.13580000,0.12320000,0.12410000,43946576.00000000,5651132.06460000,42088
2024-08-03,0.12420000,0.12660000,0.11660000,0.12040000,40432268.00000000,4915921.28530000,35835
2024-08-04,0.12050000,0.12250000,0.11000000,0.11470000,51769992.00000000,6010387.53150000,38528
2024-08-05,0.11460000,0.11570000,0.09380000,0.11010000,220668996.00000000,22761341.57120000,173293
2024-08-06,0.11010000,0.11630000,0.10920000,0.11260000,61908212.00000000,7013265.37000000,52702
2024-08-07,0.11260000,0.11740000,0.10830000,0.10980000,44674042.00000000,5028382.61760000,47312
2024-08-08,0.10980000,0.12280000,0.10760000,0.12220000,39092124.00000000,4517633.34470000,43171
2024-08-09,0.12220000,0.12220000,0.11780000,0.12010000,27140851.00000000,3255200.09080000,41236
2024-08-10,0.12010000,0.12260000,0.11800000,0.12090000,14834013.00000000,1780638.37060000,25156
2024-08-11,0.12090000,0.12420000,0.11480000,0.11520000,25121573.00000000,2997966.25130000,32676
2024-08-12,0.11520000,0.12070000,0.11420000,0.11960000,28983410.00000000,3421493.74240000,46539
2024-08-13,0.11970000,0.12170000,0.11560000,0.12130000,26067414.00000000,3091813.47570000,34955
2024-08-14,0.12130000,0.12230000,0.11690000,0.11950000,20042727.00000000,2399241.02010000,28611
2024-08-15,0.11950000,0.12200000,0.11470000,0.11550000,28852011.00000000,3414250.22170000,33684
2024-08-16,0.11560000,0.12040000,0.11330000,0.11560000,40267728.00000000,4687235.85870000,45562
2024-08-17,0.11560000,0.11880000,0.11470000,0.11860000,17114927.00000000,1993918.68640000,22049
2024-08-18,0.11860000,0.12080000,0.11680000,0.11880000,23008878.00000000,2740063.66870000,28223
2024-08-19,0.11880000,0.12480000,0.11710000,0.12370000,27423276.00000000,3314031.41900000,37436
2024-08-20,0.12380000,0.13000000,0.12320000,0.12790000,39783159.00000000,5061325.40090000,47326
2024-08-21,0.12780000,0.13790000,0.12650000,0.13460000,38125393.00000000,5044171.75850000,56837
2024-08-22,0.13460000,0.13710000,0.13400000,0.13580000,19615850.00000000,2655771.07680000,37621
2024-08-23,0.13570000,0.14530000,0.13510000,0.14410000,33573267.00000000,4713519.40490000,57914
2024-08-24,0.14420000,0.14850000,0.14180000,0.14650000,29379509.00000000,4274616.04010000,49228
2024-08-25,0.14650000,0.14680000,0.14090000,0.14150000,23747860.00000000,3404790.21500000,44501
2024-08-26,0.14160000,0.14300000,0.13400000,0.13460000,24672417.00000000,3414563.80240000,68275
2024-08-27,0.13450000,0.13650000,0.12540000,0.12830000,27921348.00000000,3691985.24510000,75871
2024-08-28,0.12820000,0.13140000,0.12490000,0.12700000,40658070.00000000,5214825.29930000,88218
2024-08-29,0.12690000,0.13280000,0.12490000,0.12670000,22733501.00000000,2917853.15060000,45468
2024-08-30,0.12660000,0.12930000,0.12160000,0.12840000,26740468.00000000,3373273.14870000,47075
2024-08-31,0.12830000,0.12920000,0.12310000,0.12330000,19155267.00000000,2410824.42200000,36878
2024-09-01,0.12320000,0.12350000,0.11740000,0.11840000,27332036.00000000,3299708.22610000,57453
2024-09-02,0.11840000,0.12610000,0.11790000,0.12570000,27918721.00000000,3402264.89790000,52169
2024-09-03,0.12560000,0.12710000,0.11910000,0.11940000,26097807.00000000,3203985.47210000,42672
2024-09-04,0.11930000,0.12460000,0.11400000,0.12240000,41938146.00000000,4996587.79720000,62879
2024-09-05,0.12250000,0.12250000,0.11590000,0.11760000,29351512.00000000,3474536.87240000,51519
2024-09-06,0.11760000,0.12120000,0.11140000,0.11640000,53986864.00000000,6280796.08710000,92203
2024-09-07,0.11630000,0.12260000,0.11530000,0.12080000,31264994.00000000,3751241.00410000,46073
2024-09-08,0.12080000,0.12690000,0.12010000,0.12500000,39513152.00000000,4920042.68690000,60624
2024-09-09,0.12510000,0.12940000,0.12390000,0.12790000,30919367.00000000,3909291.97480000,60116
2024-09-10,0.12790000,0.12970000,0.12580000,0.12960000,23184691.00000000,2950766.50150000,46752
2024-09-11,0.12960000,0.12970000,0.12240000,0.12690000,27746145.00000000,3493286.55280000,70421
2024-09-12,0.12690000,0.13050000,0.12640000,0.13010000,18961908.00000000,2431775.32570000,42919
2024-09-13,0.13010000,0.13370000,0.12700000,0.13320000,25082068.00000000,3267827.87820000,48129
2024-09-14,0.13320000,0.13370000,0.13030000,0.13110000,19995050.00000000,2631684.65610000,37614
2024-09-15,0.13120000,0.13170000,0.12560000,0.12610000,21110512.00000000,2728715.44040000,44992
2024-09-16,0.12620000,0.12810000,0.12220000,0.12360000,31675528.00000000,3954412.55150000,74420
2024-09-17,0.12370000,0.12760000,0.12210000,0.12410000,29098372.00000000,3633754.09270000,61156
2024-09-18,0.12410000,0.12780000,0.11920000,0.12780000,38501912.00000000,4719074.24190000,61965
2024-09-19,0.12780000,0.13350000,0.12780000,0.13150000,32672220.00000000,4283717.07830000,49639
2024-09-20,0.13150000,0.13540000,0.13020000,0.13290000,32280968.00000000,4298060.10260000,62746
2024-09-21,0.13290000,0.13650000,0.13180000,0.13640000,18969755.00000000,2547463.23170000,37576
2024-09-22,0.13640000,0.13660000,0.12950000,0.13220000,19160069.00000000,2541545.30510000,39620
2024-09-23,0.13220000,0.13560000,0.12970000,0.13430000,30971292.00000000,4148461.84910000,54597
2024-09-24,0.13430000,0.13970000,0.13120000,0.13840000,31604541.00000000,4259974.62830000,59750
2024-09-25,0.13840000,0.14240000,0.13660000,0.13730000,36351028.00000000,5083699.17020000,66901
2024-09-26,0.13730000,0.14420000,0.13450000,0.14370000,34843107.00000000,4903228.30250000,62374
2024-09-27,0.14360000,0.14720000,0.14290000,0.14410000,34304556.00000000,4971350.13170000,58346
2024-09-28,0.14420000,0.14520000,0.13890000,0.14130000,25862547.00000000,3662058.79630000,48976
2024-09-29,0.14140000,0.14360000,0.13870000,0.14110000,23726123.00000000,3342286.27810000,46994
2024-09-30,0.14120000,0.14150000,0.13320000,0.13410000,36752258.00000000,5030981.82570000,72352
2024-10-01,0.13410000,0.13730000,0.12110000,0.12480000,65502293.00000000,8430720.71310000,115008
2024-10-02,0.12460000,0.12860000,0.11940000,0.12100000,48096509.00000000,5944534.55450000,84439
2024-10-03,0.12110000,0.12450000,0.11820000,0.12220000,54184857.00000000,6577929.44500000,94988
2024-10-04,0.12220000,0.12810000,0.12130000,0.12600000,44209352.00000000,5525711.82510000,69926
2024-10-05,0.12610000,0.12780000,0.12350000,0.12580000,19450311.00000000,2451307.78460000,41830
2024-10-06,0.12580000,0.12810000,0.12470000,0.12690000,19656203.00000000,2487108.16520000,42327
2024-10-07,0.12700000,0.12980000,0.12430000,0.12440000,41174536.00000000,5251018.34330000,74962
2024-10-08,0.12440000,0.12640000,0.12020000,0.12140000,41250251.00000000,5064878.85920000,76475
2024-10-09,0.12140000,0.12420000,0.11780000,0.11880000,40018808.00000000,4839350.12800000,72265
2024-10-10,0.11880000,0.12070000,0.11560000,0.11850000,38149214.00000000,4490049.29890000,68705
2024-10-11,0.11850000,0.12240000,0.11790000,0.12140000,26953814.00000000,3248109.67270000,50190
2024-10-12,0.12140000,0.12420000,0.12050000,0.12180000,20386478.00000000,2499661.85930000,41016
2024-10-13,0.12180000,0.12290000,0.11880000,0.12080000,23780532.00000000,2872213.34600000,48830
2024-10-14,0.12090000,0.12740000,0.11960000,0.12680000,37372884.00000000,4664523.23100000,67811
2024-10-15,0.12680000,0.12870000,0.12240000,0.12590000,56061050.00000000,7045781.35390000,97487
2024-10-16,0.12590000,0.12610000,0.12230000,0.12300000,37125123.00000000,4590326.55810000,64474
2024-10-17,0.12290000,0.12400000,0.11740000,0.11990000,43688734.00000000,5237112.14870000,59390
2024-10-18,0.11980000,0.12390000,0.11950000,0.12320000,28573641.00000000,3478717.21690000,41874
2024-10-19,0.12330000,0.12670000,0.12150000,0.12340000,23331666.00000000,2900235.00940000,36378
2024-10-20,0.12340000,0.13080000,0.12170000,0.13040000,34827564.00000000,4430430.72660000,50543
2024-10-21,0.13040000,0.13170000,0.12480000,0.12550000,43115628.00000000,5514448.32810000,59744
2024-10-22,0.12560000,0.12840000,0.12240000,0.12440000,40334864.00000000,5028923.69750000,57193
2024-10-23,0.12440000,0.12460000,0.11770000,0.12130000,34478385.00000000,4169254.52570000,48859
2024-10-24,0.12130000,0.12320000,0.11960000,0.12220000,26196923.00000000,3190802.02830000,41234
2024-10-25,0.12210000,0.12250000,0.11010000,0.11440000,52066787.00000000,6104885.08220000,68279
2024-10-26,0.11440000,0.11550000,0.11130000,0.11450000,43404825.00000000,4940295.60900000,52234
2024-10-27,0.11460000,0.11710000,0.11390000,0.11590000,19578930.00000000,2258020.11050000,23849
2024-10-28,0.11600000,0.11960000,0.11310000,0.11830000,37852243.00000000,4369844.42600000,48066
2024-10-29,0.11840000,0.12450000,0.11840000,0.12390000,38147839.00000000,4641844.38740000,50775
2024-10-30,0.12390000,0.12410000,0.12020000,0.12060000,33312270.00000000,4060454.54220000,42158
2024-10-31,0.12070000,0.12120000,0.11340000,0.11440000,39422828.00000000,4604593.90210000,50746
2024-11-01,0.11440000,0.11760000,0.11210000,0.11460000,40088643.00000000,4591414.40570000,55615
2024-11-02,0.11470000,0.11720000,0.11300000,0.11380000,27120098.00000000,3119421.95890000,27952
2024-11-03,0.11380000,0.11420000,0.10570000,0.10950000,67276912.00000000,7360562.66930000,72219
2024-11-04,0.10960000,0.11170000,0.10570000,0.10940000,58005668.00000000,6334200.91400000,61846
2024-11-05,0.10930000,0.11550000,0.10920000,0.11420000,49107090.00000000,5556657.72720000,56760
2024-11-06,0.11420000,0.12230000,0.11410000,0.12170000,72497200.00000000,8681309.71840000,91569
2024-11-07,0.12180000,0.12500000,0.11980000,0.12260000,61962862.00000000,7599680.72940000,74916
2024-11-08,0.12270000,0.13160000,0.12050000,0.13110000,84188323.00000000,10556283.70650000,121805
2024-11-09,0.13110000,0.13410000,0.12820000,0.13380000,50267290.00000000,6576057.61080000,87628
2024-11-10,0.13380000,0.15070000,0.13310000,0.14540000,149195615.00000000,21443554.67560000,217837
2024-11-11,0.14540000,0.15970000,0.14150000,0.15940000,117098517.00000000,17403594.17590000,176951
2024-11-12,0.15940000,0.16360000,0.14430000,0.15410000,175505768.00000000,26866539.03160000,242717
2024-11-13,0.15410000,0.15590000,0.13930000,0.14550000,128821907.00000000,18821383.85380000,184677
2024-11-14,0.14550000,0.15560000,0.14120000,0.14570000,103735326.00000000,15292941.18110000,113203
2024-11-15,0.14560000,0.19140000,0.14520000,0.18560000,478225858.00000000,82330020.47940000,508421
2024-11-16,0.18550000,0.21930000,0.18240000,0.19650000,435904843.00000000,86575314.74880000,442305
2024-11-17,0.19660000,0.20000000,0.17920000,0.18380000,128208080.00000000,24198752.43580000,107050
2024-11-18,0.18380000,0.23170000,0.18160000,0.21590000,421710946.00000000,89141486.02310000,312217
2024-11-19,0.21600000,0.23830000,0.20460000,0.22340000,262914934.00000000,58155135.91510000,255335
2024-11-20,0.22330000,0.22850000,0.20800000,0.21100000,141401681.00000000,30942637.96290000,158169
2024-11-21,0.21100000,0.22220000,0.20270000,0.21420000,146934382.00000000,31148636.62680000,152308
2024-11-22,0.21430000,0.26440000,0.21420000,0.25860000,282238693.00000000,67228074.00270000,277956
2024-11-23,0.25870000,0.32100000,0.25830000,0.29370000,528628538.00000000,155903795.18890000,565039
2024-11-24,0.29360000,0.32900000,0.25560000,0.28410000,316679635.00000000,91435952.02310000,340484
2024-11-25,0.28410000,0.29330000,0.25620000,0.25960000,184645050.00000000,50918946.54330000,247605
2024-11-26,0.25960000,0.29900000,0.25080000,0.29770000,237784663.00000000,65276252.09220000,268760
2024-11-27,0.29770000,0.31020000,0.28660000,0.29300000,219933763.00000000,65733943.79860000,261890
2024-11-28,0.29300000,0.33000000,0.28260000,0.32260000,145736826.00000000,44093001.62210000,178395
2024-11-29,0.32270000,0.47220000,0.31830000,0.44170000,735360257.00000000,285332924.35800000,935170
2024-11-30,0.44170000,0.48440000,0.39780000,0.44370000,587631050.00000000,256705463.60680000,976172
2024-12-01,0.44390000,0.52420000,0.42340000,0.48580000,485840124.00000000,233293421.22990000,765265
2024-12-02,0.48570000,0.55500000,0.45610000,0.50400000,571863907.00000000,286116156.50730000,1045941
2024-12-03,0.50400000,0.61390000,0.50390000,0.50610000,605988576.00000000,335864622.21820000,1161085
2024-12-04,0.50610000,0.54000000,0.46610000,0.47830000,303478694.00000000,153065529.53640000,541747
2024-12-05,0.47840000,0.49400000,0.43560000,0.44940000,283366663.00000000,134123324.05420000,564600
2024-12-06,0.44930000,0.51520000,0.43010000,0.49870000,262294453.00000000,121828125.81900000,550317
2024-12-07,0.49880000,0.52950000,0.46610000,0.50910000,264889172.00000000,131815323.84500000,508996
2024-12-08,0.50920000,0.52220000,0.48430000,0.49690000,132852250.00000000,66262455.55900000,251611
2024-12-09,0.49690000,0.49750000,0.34730000,0.41600000,295397899.00000000,128798055.85950000,519387
2024-12-10,0.41590000,0.43430000,0.37070000,0.42360000,341334579.00000000,138769232.83600000,496835
2024-12-11,0.42360000,0.46520000,0.40080000,0.45230000,173134876.00000000,75125690.60180000,261713
2024-12-12,0.45220000,0.47860000,0.42000000,0.42810000,216703353.00000000,96091010.09180000,296633
2024-12-13,0.42810000,0.45580000,0.41520000,0.43760000,117066612.00000000,50828962.16900000,209808
2024-12-14,0.43760000,0.43760000,0.40700000,0.42100000,71031339.00000000,29899430.56670000,132627
2024-12-15,0.42110000,0.43540000,0.40670000,0.43220000,83563472.00000000,35254716.68420000,156579
2024-12-16,0.43210000,0.43720000,0.40150000,0.41300000,108824260.00000000,45719890.33680000,198346
2024-12-17,0.41300000,0.44360000,0.40380000,0.41300000,158513502.00000000,67221995.57700000,247214
2024-12-18,0.41320000,0.41540000,0.36130000,0.36740000,151918891.00000000,59469418.80700000,255644
2024-12-19,0.36730000,0.38330000,0.32080000,0.33240000,199017093.00000000,69814167.72760000,310456
2024-12-20,0.33250000,0.35650000,0.28270000,0.34790000,234311280.00000000,74829366.30250000,347990
2024-12-21,0.34790000,0.37560000,0.32390000,0.32840000,116979517.00000000,40412253.48500000,186437
2024-12-22,0.32850000,0.35700000,0.31660000,0.34760000,123813775.00000000,42263632.51370000,188972
2024-12-23,0.34760000,0.37950000,0.33460000,0.37630000,153001098.00000000,54963566.31430000,235927
2024-12-24,0.37630000,0.41390000,0.36240000,0.39630000,141227574.00000000,55013527.78870000,222074
2024-12-25,0.39630000,0.40140000,0.37760000,0.38100000,51808935.00000000,20050623.29800000,97393
2024-12-26,0.38100000,0.38410000,0.34400000,0.34650000,67766578.00000000,24359130.01630000,124387
2024-12-27,0.34640000,0.36970000,0.32920000,0.33310000,100053959.00000000,34732445.75150000,174816
2024-12-28,0.33320000,0.35160000,0.32800000,0.34510000,58943514.00000000,19868550.08730000,95397
2024-12-29,0.34520000,0.34990000,0.32210000,0.32530000,54635595.00000000,18270263.76190000,85758
2024-12-30,0.32540000,0.35000000,0.31080000,0.32840000,90086659.00000000,29721310.20530000,155782
2024-12-31,0.32840000,0.35400000,0.31680000,0.33450000,101760452.00000000,34361002.68650000,154385
2025-01-01,0.33450000,0.38620000,0.32730000,0.37700000,111674536.00000000,40235932.53000000,168970
2025-01-02,0.37700000,0.40970000,0.37680000,0.39230000,136461547.00000000,54045016.93390000,201972
2025-01-03,0.39240000,0.42720000,0.39240000,0.41920000,129465499.00000000,53556014.08350000,192207
2025-01-04,0.41910000,0.43170000,0.40530000,0.41010000,79393342.00000000,33022530.37530000,137618
2025-01-05,0.41010000,0.41610000,0.39530000,0.40520000,71435442.00000000,28957202.62810000,114291
2025-01-06,0.40520000,0.43170000,0.39650000,0.41490000,90420718.00000000,37409840.64430000,151992
2025-01-07,0.41480000,0.42600000,0.37110000,0.37260000,134530257.00000000,53313698.60010000,239461
2025-01-08,0.37260000,0.38240000,0.33940000,0.35910000,130279578.00000000,47107882.90180000,362994
2025-01-09,0.35910000,0.36370000,0.33540000,0.34180000,90730696.00000000,31642554.68620000,273953
2025-01-10,0.34190000,0.38530000,0.33830000,0.37250000,133975493.00000000,48372424.17680000,331876
2025-01-11,0.37260000,0.38610000,0.35840000,0.37810000,60910338.00000000,22522699.61920000,163179
2025-01-12,0.37810000,0.37990000,0.35330000,0.36020000,46698479.00000000,17176369.64370000,121481
2025-01-13,0.36020000,0.37400000,0.32350000,0.34930000,120217248.00000000,41126110.96440000,316442
2025-01-14,0.34930000,0.37790000,0.34530000,0.37260000,68882332.00000000,24959947.75720000,199236
2025-01-15,0.37270000,0.44990000,0.36970000,0.44460000,227160654.00000000,94876890.35330000,634251
2025-01-16,0.44460000,0.48470000,0.42570000,0.46430000,242206748.00000000,111611072.11830000,828890
2025-01-17,0.46440000,0.49670000,0.46250000,0.46860000,156721703.00000000,75048917.46050000,546074
2025-01-18,0.46870000,0.47510000,0.43350000,0.44520000,126872543.00000000,56807582.08300000,538958
2025-01-19,0.44520000,0.45840000,0.38790000,0.39790000,203431450.00000000,86723753.39710000,876346
2025-01-20,0.39790000,0.48000000,0.38360000,0.43020000,279711644.00000000,122489499.24300000,1343668
2025-01-21,0.43030000,0.44550000,0.40580000,0.42410000,126641918.00000000,53822563.25790000,580973
2025-01-22,0.42420000,0.43210000,0.40300000,0.40560000,92194855.00000000,38376053.81540000,328272
2025-01-23,0.40550000,0.42330000,0.38950000,0.41010000,99498060.00000000,40185851.25800000,399809
2025-01-24,0.41020000,0.42690000,0.39210000,0.40010000,76763337.00000000,31545094.55790000,270375
2025-01-25,0.40000000,0.40960000,0.39350000,0.40330000,50510231.00000000,20259875.19510000,157056
2025-01-26,0.40340000,0.41900000,0.38120000,0.38150000,56526579.00000000,22625568.78340000,189923
2025-01-27,0.38160000,0.38890000,0.34460000,0.38670000,165555430.00000000,60623524.23710000,505955
2025-01-28,0.38680000,0.39180000,0.35750000,0.36280000,66629912.00000000,25137729.31970000,233811
2025-01-29,0.36280000,0.38580000,0.35360000,0.36930000,77915145.00000000,28736386.81420000,274274
2025-01-30,0.36940000,0.39630000,0.36530000,0.38750000,68384772.00000000,26291414.11900000,208162
2025-01-31,0.38760000,0.40210000,0.37400000,0.37920000,67094756.00000000,25954931.69650000,202511
2025-02-01,0.37920000,0.38590000,0.34450000,0.34770000,57278810.00000000,20954735.56450000,161402
2025-02-02,0.34760000,0.35640000,0.28080000,0.29970000,174258924.00000000,55462174.66390000,471453
2025-02-03,0.29980000,0.31880000,0.21910000,0.31290000,401689133.00000000,110369584.34230000,1130733
2025-02-04,0.31280000,0.31690000,0.27820000,0.29090000,149937916.00000000,44033973.22290000,436799
2025-02-05,0.29090000,0.29950000,0.27790000,0.28140000,89637942.00000000,26099356.68010000,263741
2025-02-06,0.28150000,0.29770000,0.26360000,0.26680000,92751961.00000000,25933267.41450000,261228
2025-02-07,0.26680000,0.29520000,0.26040000,0.26960000,90463295.00000000,25105564.94670000,272387
2025-02-08,0.26960000,0.27810000,0.26410000,0.27590000,46226914.00000000,12505871.15530000,141330
2025-02-09,0.27590000,0.28860000,0.25830000,0.27500000,64836468.00000000,17795992.10030000,165280
2025-02-10,0.27500000,0.29790000,0.26840000,0.29020000,72494286.00000000,20718010.59920000,205127
2025-02-11,0.29020000,0.31360000,0.28240000,0.28600000,79496467.00000000,23684027.16380000,196600
2025-02-12,0.28600000,0.30560000,0.27570000,0.30250000,114767672.00000000,33123329.97740000,266321
2025-02-13,0.30250000,0.30750000,0.28500000,0.29340000,72606163.00000000,21335616.02960000,175975
2025-02-14,0.29350000,0.30880000,0.29040000,0.29640000,72905391.00000000,21772686.57230000,213409
2025-02-15,0.29640000,0.30290000,0.28100000,0.28430000,40556853.00000000,11853991.01500000,118968
2025-02-16,0.28440000,0.28550000,0.27320000,0.27510000,35680141.00000000,9931872.17490000,110981
2025-02-17,0.27520000,0.28390000,0.26580000,0.27010000,47330609.00000000,13002120.30720000,123583
2025-02-18,0.27010000,0.27200000,0.24480000,0.25750000,66662228.00000000,17190510.35580000,161247
2025-02-19,0.25750000,0.26450000,0.25170000,0.26140000,34568281.00000000,8957561.05580000,95867
2025-02-20,0.26140000,0.27230000,0.26000000,0.27110000,52872341.00000000,14060113.17870000,128341
2025-02-21,0.27110000,0.29000000,0.25510000,0.26380000,76123857.00000000,20707610.73960000,204166
2025-02-22,0.26390000,0.27220000,0.26180000,0.26620000,42447597.00000000,11334545.16820000,104090
2025-02-23,0.26620000,0.26900000,0.25340000,0.25950000,32240733.00000000,8417989.59420000,83740
2025-02-24,0.25960000,0.26140000,0.22480000,0.22720000,87827581.00000000,21366408.64940000,226334
2025-02-25,0.22720000,0.23740000,0.20900000,0.23190000,112976788.00000000,25050306.77400000,296414
2025-02-26,0.23190000,0.24230000,0.22550000,0.23620000,69485369.00000000,16265257.94330000,157212
2025-02-27,0.23630000,0.24380000,0.23010000,0.23740000,44718104.00000000,10624541.02980000,99116
2025-02-28,0.23750000,0.24300000,0.21220000,0.23790000,107336618.00000000,24384802.35360000,223395
2025-03-01,0.23800000,0.25880000,0.23400000,0.25330000,73653487.00000000,17971044.07960000,142744
2025-03-02,0.25340000,0.30780000,0.24380000,0.29100000,265075563.00000000,73304136.53770000,627913
2025-03-03,0.29090000,0.29970000,0.23550000,0.23810000,150708591.00000000,40262721.69230000,420443
2025-03-04,0.23820000,0.24330000,0.21630000,0.23850000,179672237.00000000,41274435.67080000,428663
2025-03-05,0.23840000,0.25470000,0.23410000,0.25020000,80730059.00000000,19849651.01050000,161903
2025-03-06,0.25010000,0.26020000,0.23990000,0.24010000,58901848.00000000,14698849.22520000,137227
2025-03-07,0.24020000,0.24800000,0.22610000,0.23320000,82417036.00000000,19709608.84310000,185306
2025-03-08,0.23320000,0.23630000,0.22310000,0.22470000,41813596.00000000,9561262.43580000,87182
2025-03-09,0.22470000,0.22670000,0.19900000,0.20120000,72103296.00000000,15216831.74170000,122258
2025-03-10,0.20120000,0.21470000,0.18100000,0.18390000,105234015.00000000,20851457.92400000,172568
2025-03-11,0.18400000,0.20030000,0.17360000,0.19130000,91231769.00000000,17267590.08480000,145889
2025-03-12,0.19130000,0.20140000,0.18610000,0.19580000,70340103.00000000,13606248.79160000,117474
2025-03-13,0.19570000,0.20170000,0.18850000,0.19590000,63948683.00000000,12434797.82970000,94237
2025-03-14,0.19600000,0.20510000,0.19420000,0.19840000,42124319.00000000,8384769.68650000,62044
2025-03-15,0.19840000,0.20410000,0.19780000,0.19980000,28618263.00000000,5745581.60260000,49514
2025-03-16,0.19990000,0.20170000,0.18450000,0.18630000,49218621.00000000,9491924.65210000,82856
2025-03-17,0.18630000,0.19500000,0.18610000,0.19110000,34803352.00000000,6642022.45980000,57401
2025-03-18,0.19120000,0.19170000,0.18000000,0.18650000,39105999.00000000,7211064.65770000,69628
2025-03-19,0.18640000,0.20130000,0.18510000,0.19970000,67059647.00000000,13104199.71230000,108239
2025-03-20,0.19980000,0.20200000,0.19230000,0.19530000,47854890.00000000,9441857.55230000,69752
2025-03-21,0.19520000,0.19680000,0.18680000,0.18730000,28454482.00000000,5412759.92680000,64953
2025-03-22,0.18730000,0.19160000,0.18630000,0.18810000,21087904.00000000,3983759.76880000,46420
2025-03-23,0.18820000,0.19200000,0.18690000,0.19170000,20989475.00000000,3977003.68740000,42810
2025-03-24,0.19170000,0.20760000,0.19050000,0.20360000,45343551.00000000,9077487.66240000,83083
2025-03-25,0.20360000,0.21470000,0.20070000,0.21180000,38284069.00000000,7957007.32880000,74321
2025-03-26,0.21180000,0.21840000,0.20320000,0.20670000,35942974.00000000,7584198.82320000,63678
2025-03-27,0.20680000,0.21600000,0.20570000,0.21190000,36618344.00000000,7745459.65570000,62726
2025-03-28,0.21200000,0.21590000,0.19670000,0.19970000,40023781.00000000,8126337.66050000,61027
2025-03-29,0.19970000,0.20080000,0.18010000,0.18410000,40739629.00000000,7653728.71780000,65364
2025-03-30,0.18420000,0.18740000,0.17730000,0.17950000,25607359.00000000,4683778.79620000,44307
2025-03-31,0.17960000,0.18190000,0.17240000,0.18000000,43090706.00000000,7669985.71690000,66431
2025-04-01,0.18000000,0.19370000,0.17910000,0.18900000,35360113.00000000,6633139.86630000,59197
2025-04-02,0.18900000,0.19590000,0.17360000,0.17690000,67187367.00000000,12560895.40530000,104168
2025-04-03,0.17680000,0.18140000,0.16820000,0.18090000,44756463.00000000,7834423.86000000,69903
2025-04-04,0.18100000,0.19270000,0.17620000,0.18630000,59952423.00000000,11084975.28680000,98617
2025-04-05,0.18620000,0.19000000,0.18020000,0.18330000,25584556.00000000,4747414.97550000,40981
2025-04-06,0.18330000,0.18530000,0.15810000,0.16230000,47838626.00000000,8197066.36620000,73184
2025-04-07,0.16230000,0.17500000,0.14600000,0.16670000,101384111.00000000,16308836.08390000,154819
2025-04-08,0.16670000,0.17360000,0.15290000,0.15510000,61046492.00000000,9961546.46470000,86573
2025-04-09,0.15510000,0.18490000,0.14880000,0.18020000,105027556.00000000,17336538.85390000,140175
2025-04-10,0.18020000,0.18190000,0.16990000,0.17660000,50506248.00000000,8904733.26230000,69249
2025-04-11,0.17650000,0.18590000,0.17530000,0.17970000,52324114.00000000,9500847.59110000,67009
2025-04-12,0.17970000,0.19760000,0.17690000,0.19110000,62400508.00000000,11755656.12440000,83514
2025-04-13,0.19110000,0.19170000,0.17960000,0.18290000,41440288.00000000,7706184.65070000,80996
2025-04-14,0.18290000,0.20040000,0.18260000,0.18900000,83529156.00000000,15982029.74480000,147568
2025-04-15,0.18900000,0.19920000,0.17850000,0.17960000,65820095.00000000,12468041.46620000,109694
2025-04-16,0.17960000,0.18580000,0.17710000,0.18120000,49614862.00000000,8993059.84790000,104399
2025-04-17,0.18130000,0.19000000,0.17920000,0.18700000,29404342.00000000,5444901.57020000,61306
2025-04-18,0.18690000,0.19250000,0.18510000,0.18940000,23470104.00000000,4462350.14700000,54717
2025-04-19,0.18930000,0.19460000,0.18930000,0.19290000,17073229.00000000,3286552.18500000,35999
2025-04-20,0.19290000,0.19650000,0.18900000,0.19290000,19902847.00000000,3832481.02680000,44480
2025-04-21,0.19300000,0.20360000,0.19150000,0.19300000,39982827.00000000,7913877.60680000,78833
2025-04-22,0.19300000,0.21010000,0.18940000,0.20960000,50500957.00000000,10051369.56190000,90547
2025-04-23,0.20970000,0.22190000,0.20780000,0.21370000,52206287.00000000,11256104.96390000,126316
2025-04-24,0.21370000,0.22610000,0.20670000,0.22570000,43671470.00000000,9532775.67200000,116296
2025-04-25,0.22580000,0.23380000,0.22070000,0.22760000,43670201.00000000,9993550.99010000,103942
2025-04-26,0.22760000,0.23890000,0.22600000,0.22860000,28737126.00000000,6641393.54600000,74987
2025-04-27,0.22850000,0.23050000,0.21840000,0.22140000,26706775.00000000,5960943.60520000,76724
2025-04-28,0.22140000,0.23570000,0.21510000,0.23060000,46272920.00000000,10530306.02560000,115642
2025-04-29,0.23070000,0.23600000,0.22340000,0.22660000,33787419.00000000,7824787.60770000,81560
2025-04-30,0.22650000,0.23070000,0.21250000,0.21990000,42767082.00000000,9464369.24640000,101539
2025-05-01,0.22000000,0.22800000,0.21560000,0.21730000,42573478.00000000,9428652.64660000,93179
2025-05-02,0.21720000,0.22380000,0.21270000,0.21560000,31710791.00000000,6895196.30030000,72947
2025-05-03,0.21550000,0.21550000,0.20420000,0.20720000,20096515.00000000,4214223.28320000,47352
2025-05-04,0.20730000,0.20980000,0.19860000,0.19960000,20199074.00000000,4098810.69680000,44190
2025-05-05,0.19960000,0.20530000,0.19480000,0.19920000,26652840.00000000,5320392.17710000,54469
2025-05-06,0.19930000,0.20230000,0.19090000,0.19930000,43665935.00000000,8605230.26680000,75802
2025-05-07,0.19940000,0.20280000,0.19420000,0.19930000,32868673.00000000,6528048.72060000,63932
2025-05-08,0.19930000,0.22720000,0.19910000,0.22560000,54971273.00000000,11810199.67230000,109069
2025-05-09,0.22560000,0.24200000,0.22320000,0.23300000,72570999.00000000,16893719.19110000,170715
2025-05-10,0.23290000,0.25350000,0.23000000,0.25330000,49478007.00000000,11902730.77040000,130545
2025-05-11,0.25330000,0.25750000,0.23540000,0.23960000,49630281.00000000,12141503.80230000,136132
2025-05-12,0.23970000,0.25950000,0.22970000,0.24210000,75009487.00000000,18436522.20840000,232101
2025-05-13,0.24210000,0.25130000,0.22560000,0.24720000,47143323.00000000,11222107.57850000,141314
2025-05-14,0.24720000,0.25100000,0.23460000,0.23670000,39308892.00000000,9594935.73600000,109644
2025-05-15,0.23680000,0.23960000,0.21980000,0.22580000,47142971.00000000,10716230.10750000,122848
2025-05-16,0.22590000,0.23140000,0.22010000,0.22310000,30910731.00000000,7025767.97290000,73204
2025-05-17,0.22320000,0.22370000,0.21110000,0.21580000,29106655.00000000,6321144.72960000,74931
2025-05-18,0.21590000,0.23160000,0.21190000,0.22730000,35766749.00000000,7931294.35450000,89882
2025-05-19,0.22740000,0.22900000,0.21020000,0.22210000,27483329.00000000,5975182.22080000,82759
2025-05-20,0.22210000,0.22750000,0.21610000,0.22440000,18861359.00000000,4184903.94910000,58204
2025-05-21,0.22440000,0.23340000,0.22110000,0.23060000,39260551.00000000,8902136.62910000,102199
2025-05-22,0.23070000,0.24290000,0.22990000,0.24140000,33677544.00000000,8013316.66990000,83766
2025-05-23,0.24150000,0.24790000,0.22270000,0.22390000,41914700.00000000,9877654.30060000,120026
2025-05-24,0.22390000,0.22920000,0.21920000,0.22080000,19574843.00000000,4399690.39520000,50896
2025-05-25,0.22080000,0.22180000,0.21120000,0.22160000,23105697.00000000,4990341.03080000,53280
2025-05-26,0.22170000,0.22940000,0.21530000,0.21890000,25967563.00000000,5768695.92540000,61801
2025-05-27,0.21890000,0.22680000,0.21350000,0.22200000,22942711.00000000,5076279.37630000,65489
2025-05-28,0.22190000,0.22440000,0.21230000,0.21750000,22544040.00000000,4925345.60990000,59353
2025-05-29,0.21760000,0.22320000,0.20900000,0.20960000,29178214.00000000,6292805.24630000,71133
2025-05-30,0.20970000,0.21060000,0.19080000,0.19240000,53104671.00000000,10683422.15560000,112791
2025-05-31,0.19240000,0.19730000,0.18580000,0.19370000,24617498.00000000,4715647.31650000,65885
2025-06-01,0.19380000,0.19820000,0.18950000,0.19550000,21504672.00000000,4182966.91490000,43630
2025-06-02,0.19550000,0.19940000,0.19020000,0.19870000,22422891.00000000,4336111.21690000,47534
2025-06-03,0.19870000,0.20270000,0.19560000,0.19740000,20046901.00000000,4011224.89720000,43678
2025-06-04,0.19730000,0.20090000,0.18930000,0.19140000,18036553.00000000,3538068.09280000,43836
2025-06-05,0.19150000,0.19420000,0.17720000,0.18090000,40208583.00000000,7457715.64410000,83248
2025-06-06,0.18090000,0.19210000,0.18020000,0.18710000,25152999.00000000,4689597.82430000,50968
2025-06-07,0.18720000,0.19400000,0.18640000,0.19090000,11913166.00000000,2279698.98290000,26859
2025-06-08,0.19100000,0.19340000,0.18640000,0.19060000,18656307.00000000,3541574.28040000,36022
2025-06-09,0.19050000,0.20000000,0.18760000,0.19950000,24864411.00000000,4794359.60430000,46375
2025-06-10,0.19950000,0.20820000,0.19710000,0.20820000,29824131.00000000,6057989.68430000,62770
2025-06-11,0.20820000,0.20920000,0.19510000,0.19720000,30611991.00000000,6257719.50690000,62637
2025-06-12,0.19720000,0.19770000,0.17870000,0.18050000,55926046.00000000,10451265.14170000,85372
2025-06-13,0.18050000,0.18150000,0.16810000,0.18080000,82148892.00000000,14401821.05090000,149154
2025-06-14,0.18070000,0.18110000,0.17380000,0.17710000,24120411.00000000,4308920.71330000,42864
2025-06-15,0.17700000,0.17950000,0.17110000,0.17660000,22414180.00000000,3939999.25110000,36786
2025-06-16,0.17660000,0.18640000,0.17400000,0.17590000,28578696.00000000,5178427.57850000,56164
2025-06-17,0.17600000,0.17910000,0.16580000,0.16950000,43625424.00000000,7497459.36540000,76853
2025-06-18,0.16960000,0.17250000,0.16500000,0.17070000,29564094.00000000,4982345.50720000,58989
2025-06-19,0.17060000,0.17260000,0.16730000,0.16910000,24734835.00000000,4194646.22030000,42525
2025-06-20,0.16920000,0.17220000,0.16100000,0.16720000,40797804.00000000,6802543.71350000,64031
2025-06-21,0.16720000,0.16950000,0.15610000,0.16260000,33360479.00000000,5442640.36990000,54565
2025-06-22,0.16270000,0.16470000,0.15180000,0.16020000,59137537.00000000,9305923.56930000,107826
2025-06-23,0.16020000,0.17980000,0.15800000,0.17910000,44812715.00000000,7418803.27950000,81306
2025-06-24,0.17920000,0.18390000,0.17700000,0.18270000,33969095.00000000,6130581.25670000,63900
2025-06-25,0.18280000,0.18490000,0.17500000,0.17560000,25095474.00000000,4523705.95680000,50376
2025-06-26,0.17560000,0.18020000,0.17020000,0.17200000,24253419.00000000,4223202.71720000,48788
2025-06-27,0.17210000,0.17650000,0.16910000,0.17470000,17570012.00000000,3029959.45830000,36742
2025-06-28,0.17470000,0.17740000,0.17300000,0.17640000,11374242.00000000,1991129.94840000,20178
2025-06-29,0.17650000,0.18760000,0.17540000,0.18580000,19211528.00000000,3473170.15880000,30011
2025-06-30,0.18580000,0.18720000,0.17660000,0.18540000,26424784.00000000,4825968.15860000,52844
2025-07-01,0.18550000,0.19220000,0.16940000,0.17090000,65700863.00000000,11929688.48110000,106007
2025-07-02,0.17090000,0.18420000,0.17060000,0.18110000,48813388.00000000,8621763.33670000,89098
2025-07-03,0.18120000,0.18870000,0.18110000,0.18210000,26303180.00000000,4863178.31370000,48547
2025-07-04,0.18210000,0.18340000,0.17140000,0.17350000,27592102.00000000,4840181.24130000,53934
2025-07-05,0.17360000,0.17640000,0.17210000,0.17450000,13936120.00000000,2424489.17040000,32287
2025-07-06,0.17450000,0.17920000,0.17350000,0.17700000,13092529.00000000,2307098.73380000,29028
2025-07-07,0.17690000,0.17920000,0.17300000,0.17600000,18548824.00000000,3260891.17370000,38849
2025-07-08,0.17600000,0.18100000,0.17290000,0.17920000,18825497.00000000,3324563.59590000,31873
2025-07-09,0.17920000,0.19390000,0.17830000,0.19220000,34089205.00000000,6379604.48240000,58567
2025-07-10,0.19220000,0.21280000,0.18970000,0.21210000,46442672.00000000,9330109.06280000,83937
2025-07-11,0.21220000,0.23670000,0.21030000,0.21820000,75227994.00000000,16825191.94140000,197205
2025-07-12,0.21830000,0.22780000,0.21240000,0.21910000,42380849.00000000,9335913.21470000,123089
2025-07-13,0.21910000,0.27020000,0.21710000,0.26380000,208848469.00000000,52326852.82050000,484054
2025-07-14,0.26390000,0.31000000,0.26230000,0.27970000,242719736.00000000,68842775.22250000,687829
2025-07-15,0.27950000,0.29510000,0.26890000,0.28380000,131471218.00000000,37051470.32130000,391517
2025-07-16,0.28370000,0.29660000,0.27400000,0.28450000,94677638.00000000,26972628.08340000,245699
2025-07-17,0.28460000,0.32900000,0.27710000,0.31850000,190715162.00000000,57721080.25420000,499190
2025-07-18,0.31850000,0.33600000,0.28820000,0.29360000,155698871.00000000,48469040.13970000,390254
2025-07-19,0.29360000,0.29690000,0.28190000,0.29130000,56168874.00000000,16295248.03280000,156522
2025-07-20,0.29130000,0.30670000,0.28570000,0.29110000,56890637.00000000,16905566.88990000,169046
2025-07-21,0.29120000,0.31150000,0.28640000,0.29810000,83220830.00000000,25048759.05830000,209218
2025-07-22,0.29810000,0.30000000,0.27920000,0.29660000,62888765.00000000,18209493.44190000,212992
2025-07-23,0.29660000,0.29660000,0.25770000,0.26750000,84809504.00000000,23187278.39690000,244585
2025-07-24,0.26750000,0.27360000,0.24920000,0.26150000,64712330.00000000,17006753.20770000,190469
2025-07-25,0.26160000,0.27080000,0.25120000,0.26680000,55043353.00000000,14300476.44660000,175745
2025-07-26,0.26680000,0.28130000,0.26480000,0.27450000,38659491.00000000,10570576.07330000,95904
2025-07-27,0.27460000,0.29110000,0.27300000,0.28590000,51740069.00000000,14645287.45080000,135532
2025-07-28,0.28590000,0.28810000,0.26290000,0.26510000,55008100.00000000,15194635.31790000,139613
2025-07-29,0.26520000,0.27310000,0.25510000,0.26060000,40869607.00000000,10755975.41400000,117004
2025-07-30,0.26050000,0.26290000,0.24120000,0.25380000,49995081.00000000,12640072.15750000,140110
2025-07-31,0.25380000,0.26750000,0.24300000,0.24400000,57653566.00000000,14865928.11790000,126550
2025-08-01,0.24400000,0.24660000,0.22990000,0.23610000,76383202.00000000,18288513.53990000,194827
2025-08-02,0.23600000,0.24050000,0.22350000,0.22760000,42461119.00000000,9776897.29780000,114325
2025-08-03,0.22760000,0.24450000,0.22340000,0.24400000,40233096.00000000,9562090.49120000,85540
2025-08-04,0.24400000,0.25090000,0.24140000,0.24830000,40890333.00000000,10059412.20130000,87489
2025-08-05,0.24820000,0.24920000,0.23330000,0.23750000,40001478.00000000,9603686.52920000,89507
2025-08-06,0.23750000,0.24690000,0.23070000,0.24280000,35355463.00000000,8418735.79590000,75617
2025-08-07,0.24280000,0.26470000,0.24180000,0.26440000,68740983.00000000,17522846.11890000,123251
2025-08-08,0.26430000,0.26940000,0.25630000,0.26620000,99664980.00000000,26313313.84560000,208071
2025-08-09,0.26630000,0.27750000,0.26540000,0.27000000,63986282.00000000,17440095.08250000,97679
2025-08-10,0.27000000,0.27650000,0.25950000,0.26630000,36792057.00000000,9789271.76090000,89685
2025-08-11,0.26640000,0.28040000,0.25020000,0.25320000,79679459.00000000,21233923.14760000,171201
2025-08-12,0.25320000,0.27990000,0.24940000,0.27140000,67251216.00000000,17763754.13680000,136445
2025-08-13,0.27140000,0.28210000,0.26770000,0.28050000,63986931.00000000,17625006.39950000,138072
2025-08-14,0.28050000,0.29000000,0.24740000,0.25380000,113350904.00000000,30262664.39240000,223344
2025-08-15,0.25370000,0.26610000,0.24610000,0.25410000,64952001.00000000,16636566.09150000,145445
2025-08-16,0.25400000,0.26370000,0.25180000,0.26080000,31671830.00000000,8150941.37790000,62038
2025-08-17,0.26080000,0.27530000,0.25880000,0.26500000,33125384.00000000,8828410.43800000,67720
2025-08-18,0.26490000,0.26620000,0.24810000,0.25510000,60200794.00000000,15357936.14490000,124722
2025-08-19,0.25510000,0.25840000,0.23620000,0.23790000,56147548.00000000,13785425.60210000,111064
2025-08-20,0.23800000,0.26000000,0.23660000,0.25670000,47527852.00000000,11765480.05680000,102560
2025-08-21,0.25670000,0.25900000,0.24630000,0.24830000,27065661.00000000,6815733.53440000,69251
2025-08-22,0.24840000,0.26960000,0.23920000,0.26650000,66964405.00000000,17288694.53400000,157486
2025-08-23,0.26650000,0.26730000,0.25660000,0.26410000,25372222.00000000,6636965.02570000,66925
2025-08-24,0.26410000,0.28260000,0.25280000,0.27160000,78248619.00000000,21086442.01960000,169054
2025-08-25,0.27160000,0.27450000,0.24170000,0.24600000,79459359.00000000,20386322.04080000,184847
2025-08-26,0.24600000,0.25910000,0.24310000,0.25470000,48343547.00000000,12156098.77040000,109817
2025-08-27,0.25470000,0.25690000,0.24630000,0.24750000,37196499.00000000,9369120.57510000,91565
2025-08-28,0.24740000,0.25630000,0.24540000,0.25280000,32769155.00000000,8261377.89080000,61857
2025-08-29,0.25280000,0.25390000,0.23190000,0.23650000,46896142.00000000,11210266.60240000,93765
2025-08-30,0.23640000,0.23730000,0.22960000,0.23370000,21725657.00000000,5075719.98210000,44118
2025-08-31,0.23360000,0.23970000,0.23120000,0.23160000,21280621.00000000,5033374.40830000,40489
2025-09-01,0.23150000,0.23770000,0.22180000,0.22780000,44593083.00000000,10192768.62210000,84880
2025-09-02,0.22780000,0.23500000,0.22570000,0.23330000,29131335.00000000,6724710.98080000,57561
2025-09-03,0.23340000,0.23690000,0.23010000,0.23290000,16982929.00000000,3968521.49320000,40745
2025-09-04,0.23290000,0.23420000,0.22490000,0.22730000,16888456.00000000,3872970.20320000,37360
2025-09-05,0.22720000,0.23620000,0.22670000,0.22940000,29410523.00000000,6804268.70340000,64602
2025-09-06,0.22950000,0.23050000,0.22480000,0.22720000,11747403.00000000,2671271.09880000,26083
2025-09-07,0.22730000,0.23290000,0.22710000,0.23080000,15088501.00000000,3473743.83140000,29577
2025-09-08,0.23070000,0.23920000,0.23020000,0.23630000,29994911.00000000,7058983.66690000,57221
2025-09-09,0.23640000,0.24350000,0.23150000,0.23310000,36681880.00000000,8721293.11720000,73229
2025-09-10,0.23320000,0.24300000,0.23200000,0.23950000,34189195.00000000,8117469.63360000,60913
2025-09-11,0.23950000,0.24500000,0.23740000,0.24420000,31081189.00000000,7489078.59020000,61703
2025-09-12,0.24420000,0.24920000,0.24040000,0.24850000,27324297.00000000,6699383.35740000,50159
2025-09-13,0.24840000,0.26040000,0.24720000,0.25290000,43270287.00000000,10967345.62040000,73873
2025-09-14,0.25300000,0.25350000,0.23840000,0.23940000,35550758.00000000,8694415.58410000,63707
2025-09-15,0.23940000,0.24310000,0.22800000,0.23270000,39765943.00000000,9303404.35950000,78634
2025-09-16,0.23280000,0.24010000,0.22920000,0.23740000,24960870.00000000,5876599.47060000,48182
2025-09-17,0.23740000,0.24700000,0.23160000,0.24420000,32727299.00000000,7762814.41620000,74467
2025-09-18,0.24430000,0.25070000,0.24060000,0.24610000,29652921.00000000,7303806.95710000,60584
2025-09-19,0.24610000,0.24910000,0.23220000,0.23390000,29662635.00000000,7126666.70760000,62881
2025-09-20,0.23390000,0.23870000,0.23230000,0.23560000,19321901.00000000,4553509.51930000,36752
2025-09-21,0.23560000,0.23770000,0.22970000,0.23100000,19977795.00000000,4664665.52370000,36753
2025-09-22,0.23090000,0.23220000,0.20180000,0.21390000,80482488.00000000,17273835.85430000,128342
2025-09-23,0.21400000,0.21790000,0.20920000,0.21080000,26851300.00000000,5756076.19480000,58149
2025-09-24,0.21090000,0.21850000,0.20720000,0.21280000,31533373.00000000,6764997.75850000,50540
2025-09-25,0.21290000,0.21350000,0.20000000,0.20290000,63701003.00000000,13159239.39830000,69832
2025-09-26,0.20290000,0.21080000,0.20000000,0.20850000,38518172.00000000,7909015.58320000,35550
2025-09-27,0.20850000,0.20850000,0.20410000,0.20560000,15901194.00000000,3282774.38560000,16380
2025-09-28,0.20570000,0.20890000,0.20000000,0.20800000,19822731.00000000,4035953.48870000,20225
2025-09-29,0.20810000,0.21060000,0.20350000,0.20760000,41698174.00000000,8603951.04300000,31349
2025-09-30,0.20760000,0.21040000,0.20110000,0.20790000,28593620.00000000,5873847.00990000,26935
2025-10-01,0.20810000,0.22170000,0.20530000,0.22090000,43105124.00000000,9298161.69810000,34097
2025-10-02,0.22100000,0.22750000,0.21840000,0.22500000,33087715.00000000,7396650.23140000,32386
2025-10-03,0.22510000,0.23100000,0.22000000,0.22470000,41592551.00000000,9347809.78270000,40277
2025-10-04,0.22480000,0.22540000,0.21580000,0.21980000,22678095.00000000,4983272.53850000,25183
2025-10-05,0.21970000,0.23040000,0.21740000,0.21860000,32418717.00000000,7258215.57940000,36026
2025-10-06,0.21860000,0.23100000,0.21630000,0.22930000,35507237.00000000,7981438.05750000,34038
2025-10-07,0.22930000,0.23070000,0.21800000,0.21890000,42648539.00000000,9564948.71580000,35948
2025-10-08,0.21890000,0.22760000,0.21550000,0.22410000,27691854.00000000,6126211.68410000,29094
2025-10-09,0.22410000,0.22440000,0.21250000,0.22030000,34839105.00000000,7568813.94430000,34412
2025-10-10,0.22040000,0.22550000,0.10000000,0.17540000,223009270.00000000,39059463.98760000,313937
2025-10-11,0.17530000,0.19310000,0.17240000,0.18180000,128547919.00000000,23605584.34990000,160410
2025-10-12,0.18180000,0.20730000,0.17890000,0.20250000,59149426.00000000,11492729.14390000,62072
2025-10-13,0.20250000,0.21490000,0.19850000,0.21310000,57861508.00000000,11908668.14530000,59842
2025-10-14,0.21310000,0.21410000,0.19080000,0.20530000,54099168.00000000,10826301.36500000,58815
2025-10-15,0.20530000,0.20860000,0.19340000,0.19650000,32971467.00000000,6618842.27230000,37951
2025-10-16,0.19650000,0.19920000,0.18280000,0.18510000,39665768.00000000,7617854.12310000,48901
2025-10-17,0.18510000,0.18820000,0.16970000,0.17730000,53388049.00000000,9436513.74270000,51799
2025-10-18,0.17720000,0.18150000,0.17660000,0.17990000,17509522.00000000,3137486.53420000,17701
2025-10-19,0.17980000,0.18830000,0.17670000,0.18350000,24639616.00000000,4515509.69340000,22687
2025-10-20,0.18360000,0.19130000,0.17950000,0.18680000,23310218.00000000,4365110.62220000,25747
2025-10-21,0.18670000,0.19550000,0.17740000,0.18110000,39082141.00000000,7296108.08170000,40526
2025-10-22,0.18110000,0.18480000,0.17480000,0.17840000,32396539.00000000,5831334.52900000,34505
2025-10-23,0.17840000,0.18590000,0.17800000,0.18140000,16313421.00000000,2967602.26100000,20728
2025-10-24,0.18140000,0.18750000,0.18050000,0.18570000,18638624.00000000,3425456.98290000,19382
2025-10-25,0.18560000,0.18710000,0.18240000,0.18530000,10921953.00000000,2015299.31650000,11101
2025-10-26,0.18530000,0.19210000,0.18300000,0.19070000,14802737.00000000,2783690.70860000,14734
2025-10-27,0.19070000,0.19350000,0.18420000,0.18570000,22857454.00000000,4328341.39640000,21269
2025-10-28,0.18560000,0.19930000,0.18140000,0.18440000,52692411.00000000,10035427.36500000,45903
2025-10-29,0.18430000,0.18990000,0.18030000,0.18380000,30402251.00000000,5611613.67650000,24437
2025-10-30,0.18390000,0.18700000,0.16740000,0.17410000,35677433.00000000,6282403.28570000,43981
2025-10-31,0.17400000,0.17920000,0.17280000,0.17740000,21453833.00000000,3776956.63830000,19376
2025-11-01,0.17730000,0.18140000,0.17510000,0.17930000,14561825.00000000,2593232.77220000,12650
2025-11-02,0.17940000,0.18090000,0.17280000,0.17830000,14799829.00000000,2627071.77590000,13536
2025-11-03,0.17840000,0.17880000,0.15380000,0.16020000,49487014.00000000,8105509.64840000,37092
2025-11-04,0.16020000,0.16300000,0.14480000,0.15400000,50152396.00000000,7753540.18040000,43079
2025-11-05,0.15400000,0.16310000,0.14670000,0.16170000,29757139.00000000,4682427.87760000,25144
2025-11-06,0.16150000,0.16210000,0.15300000,0.15730000,27852102.00000000,4412518.74940000,22091
2025-11-07,0.15730000,0.18670000,0.15700000,0.18100000,49660370.00000000,8552934.33900000,44984
2025-11-08,0.18110000,0.18520000,0.17390000,0.17780000,30951406.00000000,5533213.22150000,32289
2025-11-09,0.17790000,0.18200000,0.16970000,0.17780000,24755794.00000000,4359615.39090000,25898
2025-11-10,0.17790000,0.19230000,0.17630000,0.18880000,47309876.00000000,8815482.32210000,42489
2025-11-11,0.18890000,0.19150000,0.17580000,0.17780000,27976926.00000000,5093676.69660000,32223
2025-11-12,0.17780000,0.18430000,0.17030000,0.17220000,33485955.00000000,5935070.79970000,37365
2025-11-13,0.17220000,0.18030000,0.16290000,0.16750000,33278954.00000000,5715126.05990000,38278
2025-11-14,0.16740000,0.16830000,0.15770000,0.16100000,45173945.00000000,7357474.68760000,41551
2025-11-15,0.16090000,0.16790000,0.16060000,0.16360000,24286789.00000000,4002072.19480000,21163
2025-11-16,0.16370000,0.16650000,0.15530000,0.15890000,28784969.00000000,4622532.34690000,27846
2025-11-17,0.15890000,0.16390000,0.15020000,0.15250000,41214319.00000000,6484609.61050000,34623
2025-11-18,0.15240000,0.16060000,0.15020000,0.15680000,39160614.00000000,6065532.52420000,30124
2025-11-19,0.15690000,0.15870000,0.14560000,0.15220000,39029215.00000000,5938657.95970000,29732
2025-11-20,0.15220000,0.15590000,0.14170000,0.14410000,42259877.00000000,6294240.06100000,32374
2025-11-21,0.14410000,0.14620000,0.13080000,0.13700000,76420577.00000000,10540114.73790000,49780
2025-11-22,0.13700000,0.13860000,0.13250000,0.13580000,26184395.00000000,3541891.93720000,18689
2025-11-23,0.13580000,0.14620000,0.13500000,0.14380000,31409494.00000000,4424096.60140000,19118
2025-11-24,0.14380000,0.14730000,0.13910000,0.14380000,45346622.00000000,6494840.55510000,26032
2025-11-25,0.14380000,0.14750000,0.13970000,0.14650000,25005619.00000000,3585871.21610000,16770
2025-11-26,0.14650000,0.14860000,0.14130000,0.14620000,28321923.00000000,4096774.44100000,16961
2025-11-27,0.14620000,0.14760000,0.14380000,0.14430000,15597660.00000000,2273742.38600000,12273
2025-11-28,0.14440000,0.14750000,0.14160000,0.14340000,19917521.00000000,2875847.28670000,15465
2025-11-29,0.14330000,0.14390000,0.13880000,0.13930000,14528035.00000000,2047413.14540000,10936
2025-11-30,0.13940000,0.14100000,0.13650000,0.13660000,16044987.00000000,2235127.94480000,12586
2025-12-01,0.13660000,0.13700000,0.12790000,0.13040000,42502391.00000000,5562322.99550000,27547
2025-12-02,0.13040000,0.14050000,0.12840000,0.13870000,26718390.00000000,3603950.17300000,17356
2025-12-03,0.13880000,0.14480000,0.13690000,0.14360000,23019839.00000000,3240224.46090000,18176
2025-12-04,0.14350000,0.14430000,0.13700000,0.13860000,21158875.00000000,2977215.19380000,15070
2025-12-05,0.13860000,0.13970000,0.13060000,0.13270000,27486602.00000000,3711589.92480000,20694
2025-12-06,0.13280000,0.13540000,0.13190000,0.13360000,20492669.00000000,2737596.74530000,11121
2025-12-07,0.13350000,0.13650000,0.12950000,0.13300000,20864173.00000000,2774513.25420000,14758
2025-12-08,0.13280000,0.13640000,0.13230000,0.13350000,20395910.00000000,2742951.49480000,18348
2025-12-09,0.13360000,0.14190000,0.13160000,0.13810000,24497955.00000000,3348939.09360000,21813
2025-12-10,0.13810000,0.14210000,0.13440000,0.13500000,34250702.00000000,4716603.25220000,24359
2025-12-11,0.13500000,0.13540000,0.12670000,0.12980000,33399801.00000000,4337241.41940000,23185
2025-12-12,0.12980000,0.13130000,0.12150000,0.12280000,38168363.00000000,4793248.65420000,25071
2025-12-13,0.12290000,0.12330000,0.12040000,0.12190000,24778119.00000000,3026619.79580000,11853
2025-12-14,0.12190000,0.12350000,0.11750000,0.11890000,25155573.00000000,3025383.89850000,13448
2025-12-15,0.11880000,0.12210000,0.11150000,0.11540000,38726711.00000000,4508370.27370000,22024
2025-12-16,0.11550000,0.11850000,0.11240000,0.11700000,30418565.00000000,3530127.25690000,14752
2025-12-17,0.11690000,0.11880000,0.11040000,0.11140000,26490253.00000000,3023719.38890000,14983
2025-12-18,0.11140000,0.11480000,0.10510000,0.10730000,40325746.00000000,4428336.60970000,23231
2025-12-19,0.10730000,0.11610000,0.10650000,0.11490000,32414251.00000000,3632922.41840000,15196
2025-12-20,0.11480000,0.11530000,0.11310000,0.11480000,12704080.00000000,1447734.12300000,7908
2025-12-21,0.11480000,0.11520000,0.11030000,0.11150000,14217425.00000000,1596451.54390000,8806
2025-12-22,0.11150000,0.11420000,0.11040000,0.11180000,30531199.00000000,3422242.06200000,14831
2025-12-23,0.11180000,0.11430000,0.10860000,0.11380000,30204371.00000000,3367373.11920000,14844
2025-12-24,0.11380000,0.11470000,0.11000000,0.11310000,25232446.00000000,2827021.24220000,11823
2025-12-25,0.11310000,0.11950000,0.11250000,0.11480000,22723005.00000000,2645758.02930000,13307
2025-12-26,0.11470000,0.12050000,0.11410000,0.11830000,25398924.00000000,3004163.95900000,13560
2025-12-27,0.11820000,0.12070000,0.11590000,0.12030000,11382449.00000000,1344279.04330000,7385
2025-12-28,0.12040000,0.12170000,0.11830000,0.11990000,13830664.00000000,1660527.89580000,8542
2025-12-29,0.11980000,0.12210000,0.11640000,0.11730000,19852048.00000000,2371557.33780000,13356
2025-12-30,0.11740000,0.11820000,0.11380000,0.11490000,19289007.00000000,2241596.34460000,12505
2025-12-31,0.11490000,0.11520000,0.10970000,0.11050000,18360512.00000000,2061310.45350000,11920
2026-01-01,0.11050000,0.12160000,0.10930000,0.12020000,18310304.00000000,2103455.77010000,12462
2026-01-02,0.12030000,0.12760000,0.11920000,0.12750000,26648457.00000000,3318171.01050000,17887
2026-01-03,0.12740000,0.12990000,0.12430000,0.12790000,19168571.00000000,2423711.57970000,11288
2026-01-04,0.12790000,0.13850000,0.12780000,0.13620000,30224457.00000000,4054693.14940000,22820
2026-01-05,0.13610000,0.14120000,0.13370000,0.13960000,35065285.00000000,4790810.69470000,24041
2026-01-06,0.13960000,0.14560000,0.13610000,0.14230000,51381645.00000000,7285393.64880000,32628
2026-01-07,0.14230000,0.14310000,0.13470000,0.13640000,26690966.00000000,3692294.37080000,20411
2026-01-08,0.13650000,0.13720000,0.12950000,0.13440000,33621114.00000000,4502973.54520000,22515
2026-01-09,0.13440000,0.13840000,0.13180000,0.13320000,24009744.00000000,3229789.58240000,19557
2026-01-10,0.13320000,0.13530000,0.13080000,0.13370000,9923132.00000000,1323253.47230000,9803
2026-01-11,0.13370000,0.13620000,0.13060000,0.13230000,11904881.00000000,1594234.46080000,10205
2026-01-12,0.13230000,0.13500000,0.12800000,0.12900000,23485173.00000000,3081539.22520000,18180
2026-01-13,0.12890000,0.14080000,0.12890000,0.13850000,32157762.00000000,4330632.36720000,28467
2026-01-14,0.13850000,0.14070000,0.13510000,0.13650000,30639969.00000000,4236274.59750000,28709
2026-01-15,0.13650000,0.13700000,0.12630000,0.12800000,21069601.00000000,2770069.97030000,21741
2026-01-16,0.12800000,0.13210000,0.12440000,0.13030000,16991502.00000000,2176820.36430000,18527
2026-01-17,0.13030000,0.13480000,0.13000000,0.13150000,19684742.00000000,2608032.13110000,19128
2026-01-18,0.13140000,0.13230000,0.12260000,0.12280000,15858279.00000000,2029813.06400000,17217
2026-01-19,0.12280000,0.12280000,0.11200000,0.12090000,36665595.00000000,4350097.86630000,32921
2026-01-20,0.12100000,0.12100000,0.11340000,0.11430000,31885767.00000000,3718863.01720000,23786
2026-01-21,0.11440000,0.12230000,0.11430000,0.11770000,32421489.00000000,3821492.66650000,20605
2026-01-22,0.11780000,0.12040000,0.11570000,0.11880000,16623560.00000000,1964864.01170000,12012
2026-01-23,0.11870000,0.12400000,0.11840000,0.12030000,25019172.00000000,3024358.74420000,17577
2026-01-24,0.12030000,0.12100000,0.11790000,0.11860000,9937951.00000000,1188751.18390000,7559
2026-01-25,0.11850000,0.11930000,0.11220000,0.11470000,25147587.00000000,2889707.16550000,17305
2026-01-26,0.11460000,0.12600000,0.11430000,0.12210000,53136780.00000000,6447178.51390000,30813
2026-01-27,0.12210000,0.12320000,0.11860000,0.12200000,28400398.00000000,3433260.84720000,18312
2026-01-28,0.12200000,0.12630000,0.11930000,0.12630000,27431194.00000000,3345005.07600000,17455
2026-01-29,0.12620000,0.12690000,0.11250000,0.11450000,46619779.00000000,5519761.63940000,29938
2026-01-30,0.11450000,0.11790000,0.10930000,0.11210000,43331340.00000000,4856864.82530000,27906
2026-01-31,0.11210000,0.11290000,0.09470000,0.10400000,89296809.00000000,9165067.30190000,54312
2026-02-01,0.10400000,0.10560000,0.09830000,0.10050000,39998017.00000000,4088852.43010000,25905
2026-02-02,0.10060000,0.10780000,0.09820000,0.10490000,53220195.00000000,5457537.36940000,33546
2026-02-03,0.10480000,0.11060000,0.10070000,0.10640000,50682173.00000000,5351205.31790000,35081
2026-02-04,0.10630000,0.11020000,0.10110000,0.10310000,46575743.00000000,4874832.24130000,30508
2026-02-05,0.10310000,0.10410000,0.08770000,0.08840000,114317834.00000000,10836280.50190000,66783
2026-02-06,0.08830000,0.10240000,0.08070000,0.09890000,98630310.00000000,9006696.07060000,52741
2026-02-07,0.09890000,0.10030000,0.09470000,0.09770000,51161616.00000000,5010938.45070000,29033
2026-02-08,0.09770000,0.09970000,0.09560000,0.09690000,23962462.00000000,2333979.05880000,15081
2026-02-09,0.09690000,0.09740000,0.09290000,0.09600000,27930257.00000000,2669008.10360000,15840
2026-02-10,0.09600000,0.09620000,0.09050000,0.09170000,31598210.00000000,2944636.53200000,16162
2026-02-11,0.09170000,0.09250000,0.08810000,0.08910000,40796408.00000000,3663037.95770000,21472
2026-02-12,0.08900000,0.09330000,0.08900000,0.09180000,24401442.00000000,2217691.69360000,13379
2026-02-13,0.09180000,0.09520000,0.08980000,0.09410000,23926082.00000000,2215913.70630000,11591
2026-02-14,0.09410000,0.10120000,0.09380000,0.09970000,24925001.00000000,2452534.49750000,12135
2026-02-15,0.09970000,0.10050000,0.09420000,0.09590000,26535585.00000000,2579843.91610000,14357
2026-02-16,0.09600000,0.09730000,0.09330000,0.09470000,23240993.00000000,2209972.31770000,11148
2026-02-17,0.09470000,0.09570000,0.09260000,0.09310000,19224383.00000000,1804617.29350000,9499
2026-02-18,0.09310000,0.09440000,0.09010000,0.09100000,16142402.00000000,1492602.57040000,7706
2026-02-19,0.09090000,0.09190000,0.08710000,0.08920000,29018892.00000000,2601452.76000000,11166
2026-02-20,0.08920000,0.09150000,0.08770000,0.09050000,28024231.00000000,2518379.52190000,11750
2026-02-21,0.09050000,0.09140000,0.08950000,0.08960000,10377117.00000000,939144.94180000,5547
2026-02-22,0.08960000,0.08980000,0.08600000,0.08680000,11351859.00000000,995219.63290000,6074
2026-02-23,0.08680000,0.08720000,0.08260000,0.08390000,29000860.00000000,2450445.23730000,12618
2026-02-24,0.08390000,0.08480000,0.08270000,0.08350000,21237859.00000000,1778941.29100000,9912
2026-02-25,0.08350000,0.09520000,0.08340000,0.09100000,36515258.00000000,3284426.51700000,15956
2026-02-26,0.09100000,0.09180000,0.08700000,0.08800000,35520836.00000000,3185625.70740000,20664
2026-02-27,0.08810000,0.09020000,0.08520000,0.08660000,24964035.00000000,2180291.47490000,10403
2026-02-28,0.08650000,0.08840000,0.08170000,0.08790000,34611826.00000000,2918120.47430000,14992
2026-03-01,0.08800000,0.09030000,0.08400000,0.08560000,29487120.00000000,2573045.88980000,11991
2026-03-02,0.08570000,0.09020000,0.08530000,0.08800000,35058310.00000000,3079575.77610000,15107
2026-03-03,0.08800000,0.08820000,0.08470000,0.08610000,32194522.00000000,2780045.60230000,11748
2026-03-04,0.08610000,0.09110000,0.08500000,0.08880000,34496999.00000000,3055513.76390000,14475
2026-03-05,0.08890000,0.08960000,0.08600000,0.08730000,19585282.00000000,1725365.47980000,10600
2026-03-06,0.08730000,0.08800000,0.08340000,0.08440000,24248654.00000000,2071774.28500000,10365
2026-03-07,0.08440000,0.08500000,0.08260000,0.08300000,12357264.00000000,1035425.40910000,5455
2026-03-08,0.08300000,0.08380000,0.08100000,0.08180000,19490362.00000000,1606656.57200000,8216
2026-03-09,0.08170000,0.08470000,0.08150000,0.08330000,36111950.00000000,3012030.24860000,12200
2026-03-10,0.08320000,0.08960000,0.08320000,0.08530000,37075427.00000000,3204555.43160000,13771
2026-03-11,0.08540000,0.08770000,0.08420000,0.08620000,24518914.00000000,2109957.33600000,10121
2026-03-12,0.08620000,0.08920000,0.08490000,0.08900000,24148334.00000000,2096017.06320000,11136
2026-03-13,0.08910000,0.09690000,0.08910000,0.09390000,64989788.00000000,6067160.03620000,30480
2026-03-14,0.09390000,0.09650000,0.08970000,0.09100000,32395239.00000000,3001213.77020000,11490
2026-03-15,0.09110000,0.09310000,0.08930000,0.09260000,34391009.00000000,3135469.17170000,10861
2026-03-16,0.09270000,0.09800000,0.09170000,0.09720000,44309731.00000000,4207805.65840000,16781
2026-03-17,0.09720000,0.09770000,0.09400000,0.09470000,36827936.00000000,3525141.03890000,13335
2026-03-18,0.09480000,0.09670000,0.08920000,0.09010000,39290008.00000000,3630776.43660000,13168
2026-03-19,0.09020000,0.09130000,0.08660000,0.08930000,33467501.00000000,2964511.47130000,12238
2026-03-20,0.08930000,0.09170000,0.08880000,0.08980000,25341560.00000000,2283205.31160000,9301
2026-03-21,0.08990000,0.09050000,0.08640000,0.08680000,11117872.00000000,989058.70040000,5942
2026-03-22,0.08690000,0.08780000,0.08470000,0.08550000,17118660.00000000,1476434.54860000,7543
2026-03-23,0.08560000,0.08900000,0.08450000,0.08750000,28728385.00000000,2501259.95430000,10825
2026-03-24,0.08750000,0.08870000,0.08550000,0.08720000,19237808.00000000,1674697.90260000,7034
2026-03-25,0.08720000,0.08870000,0.08630000,0.08750000,15628030.00000000,1366170.85610000,6044
2026-03-26,0.08760000,0.08910000,0.08330000,0.08400000,23059243.00000000,1970013.99720000,10960
2026-03-27,0.08400000,0.08440000,0.08070000,0.08150000,18856493.00000000,1546758.78960000,10734
2026-03-28,0.08150000,0.08340000,0.08080000,0.08160000,12840140.00000000,1057106.75430000,5485
2026-03-29,0.08170000,0.08240000,0.07940000,0.08120000,15278384.00000000,1237725.06070000,5963
2026-03-30,0.08120000,0.08430000,0.08110000,0.08220000,13286713.00000000,1101552.08670000,5440
2026-03-31,0.08220000,0.09440000,0.08200000,0.09390000,83746984.00000000,7409523.04370000,32534
2026-04-01,0.09390000,0.11020000,0.09360000,0.10260000,164016696.00000000,16907364.70680000,86878
2026-04-02,0.10260000,0.11070000,0.09810000,0.10640000,119788035.00000000,12489659.07810000,57563
2026-04-03,0.10650000,0.12650000,0.10650000,0.12320000,194122345.00000000,23055287.23850000,100910
2026-04-04,0.12320000,0.12700000,0.11790000,0.12050000,96437948.00000000,11732000.38730000,52115
2026-04-05,0.12040000,0.12520000,0.11420000,0.12150000,71597809.00000000,8520163.39290000,39458
2026-04-06,0.12160000,0.12690000,0.11850000,0.11860000,68083019.00000000,8346353.39480000,40131
2026-04-07,0.11850000,0.12020000,0.11070000,0.11710000,80059721.00000000,9162911.13470000,37727
2026-04-08,0.11710000,0.12470000,0.11390000,0.11410000,64987525.00000000,7782396.24300000,30764
2026-04-09,0.11400000,0.11620000,0.10910000,0.11220000,76403774.00000000,8604046.45120000,35240
2026-04-10,0.11210000,0.11320000,0.10900000,0.11020000,41315613.00000000,4584663.40660000,19134
2026-04-11,0.11010000,0.11060000,0.10570000,0.10830000,29867624.00000000,3238931.77120000,15373
2026-04-12,0.10820000,0.10870000,0.10150000,0.10180000,22961308.00000000,2393933.62280000,12810
2026-04-13,0.10190000,0.10960000,0.10070000,0.10920000,33671323.00000000,3503603.80420000,16283
2026-04-14,0.10910000,0.11440000,0.10640000,0.10780000,60757278.00000000,6714640.48010000,29334
2026-04-15,0.10780000,0.11460000,0.10780000,0.11260000,43035890.00000000,4798597.65250000,20896
2026-04-16,0.11260000,0.11760000,0.11070000,0.11570000,39201897.00000000,4446849.56220000,20055
2026-04-17,0.11580000,0.11780000,0.11030000,0.11100000,48760288.00000000,5600395.88160000,23139
2026-04-18,0.11100000,0.11210000,0.10640000,0.10640000,32861326.00000000,3601178.89890000,16783
2026-04-19,0.10640000,0.10680000,0.10130000,0.10150000,28653050.00000000,2995249.64010000,14579
2026-04-20,0.10150000,0.10560000,0.10110000,0.10340000,30759339.00000000,3159682.54560000,14251
2026-04-21,0.10350000,0.10540000,0.10140000,0.10320000,26340666.00000000,2725446.24190000,14722
2026-04-22,0.10330000,0.10670000,0.10240000,0.10290000,25847106.00000000,2709364.59840000,12953
2026-04-23,0.10290000,0.10510000,0.10070000,0.10440000,30628858.00000000,3145224.10340000,12967
2026-04-24,0.10440000,0.11040000,0.10440000,0.10980000,42899582.00000000,4610367.01020000,20233
2026-04-25,0.10970000,0.11850000,0.10830000,0.11520000,72175186.00000000,8295187.35160000,36160
2026-04-26,0.11530000,0.12130000,0.11360000,0.12000000,54467940.00000000,6422655.15750000,27625
2026-04-27,0.12010000,0.12110000,0.11440000,0.11660000,47716358.00000000,5594210.32360000,23506
2026-04-28,0.11660000,0.11720000,0.11090000,0.11180000,34724700.00000000,3942041.18080000,15912
2026-04-29,0.11190000,0.11420000,0.10820000,0.11040000,35117378.00000000,3913089.28860000,17081
2026-04-30,0.11040000,0.11200000,0.10970000,0.11040000,16016834.00000000,1778018.29310000,10807
2026-05-01,0.11030000,0.11090000,0.10730000,0.10880000,24841494.00000000,2707308.97280000,12645
2026-05-02,0.10880000,0.11340000,0.10570000,0.11310000,39448143.00000000,4325217.29450000,20701
2026-05-03,0.11310000,0.11890000,0.11080000,0.11330000,70066274.00000000,8082474.47130000,31824
2026-05-04,0.11330000,0.11640000,0.11160000,0.11170000,35809119.00000000,4074718.97970000,18940
2026-05-05,0.11180000,0.12200000,0.11150000,0.12010000,66531874.00000000,7904277.52880000,32399
2026-05-06,0.12000000,0.12460000,0.11780000,0.11980000,41438826.00000000,5012561.18160000,22976
2026-05-07,0.11990000,0.13100000,0.11880000,0.12850000,68748527.00000000,8673569.31690000,40133
2026-05-08,0.12860000,0.13710000,0.12500000,0.13360000,52401142.00000000,6799188.22050000,33546
2026-05-09,0.13350000,0.13410000,0.12860000,0.12870000,29829601.00000000,3916811.91120000,17245
2026-05-10,0.12860000,0.13120000,0.12550000,0.12900000,31615496.00000000,4058465.18260000,19212
2026-05-11,0.12910000,0.12930000,0.12140000,0.12300000,36085750.00000000,4483959.46990000,21877
2026-05-12,0.12300000,0.12750000,0.11980000,0.12230000,34403444.00000000,4247251.22720000,20675
2026-05-13,0.12230000,0.12510000,0.11620000,0.11790000,22235571.00000000,2676569.66530000,13656
2026-05-14,0.11790000,0.12190000,0.11650000,0.11860000,19754297.00000000,2353219.64940000,13982
2026-05-15,0.11860000,0.12000000,0.11130000,0.11330000,18458832.00000000,2125104.54220000,13129
2026-05-16,0.11320000,0.11460000,0.10940000,0.11020000,14418885.00000000,1605417.13440000,8596
2026-05-17,0.11010000,0.11120000,0.10510000,0.10770000,11148169.00000000,1215617.01890000,8658
2026-05-18,0.10780000,0.10950000,0.10500000,0.10880000,16877178.00000000,1811728.41530000,10412
2026-05-19,0.10880000,0.11500000,0.10680000,0.11270000,41455561.00000000,4618629.48280000,20969
2026-05-20,0.11260000,0.11970000,0.11210000,0.11760000,36750969.00000000,4255397.42440000,21614
2026-05-21,0.11770000,0.11920000,0.11380000,0.11500000,23796153.00000000,2764025.24380000,13172
2026-05-22,0.11500000,0.12000000,0.11120000,0.11170000,31532271.00000000,3653070.59620000,18536
2026-05-23,0.11180000,0.11690000,0.10890000,0.11480000,18110044.00000000,2035556.75480000,12481
2026-05-24,0.11480000,0.11500000,0.10980000,0.11180000,12430144.00000000,1399342.70630000,8212
2026-05-25,0.11180000,0.11630000,0.11140000,0.11270000,21405764.00000000,2441180.40970000,12658
2026-05-26,0.11270000,0.11410000,0.10820000,0.10860000,19310199.00000000,2149236.69250000,12159
2026-05-27,0.10860000,0.10990000,0.10570000,0.10650000,15267708.00000000,1647256.71640000,10004
2026-05-28,0.10640000,0.11600000,0.10300000,0.11570000,38196473.00000000,4126948.08410000,20138
2026-05-29,0.11570000,0.12320000,0.11110000,0.12290000,88479885.00000000,10393981.47410000,47703
2026-05-30,0.12290000,0.13960000,0.12230000,0.12450000,130833739.00000000,17084603.41070000,89102
2026-05-31,0.12460000,0.13320000,0.12340000,0.12760000,53469501.00000000,6850047.48230000,34593
2026-06-01,0.12760000,0.12780000,0.11700000,0.12030000,41754684.00000000,5059981.92720000,28729
2026-06-02,0.12020000,0.12340000,0.11070000,0.11240000,51301065.00000000,6028667.57530000,31003
2026-06-03,0.11240000,0.11440000,0.10510000,0.10660000,42841332.00000000,4724307.86620000,28339
2026-06-04,0.10650000,0.10690000,0.09910000,0.10050000,53100185.00000000,5483011.37040000,32653
2026-06-05,0.10050000,0.10150000,0.08810000,0.09330000,67469018.00000000,6313127.44990000,39276
2026-06-06,0.09340000,0.09540000,0.08820000,0.09210000,25754428.00000000,2380595.25670000,14640
2026-06-07,0.09210000,0.09740000,0.09060000,0.09440000,30470243.00000000,2858483.62440000,15181
2026-06-08,0.09450000,0.09600000,0.09170000,0.09230000,25777503.00000000,2417058.92560000,15128
2026-06-09,0.09230000,0.09340000,0.08820000,0.09110000,25120159.00000000,2288676.06760000,14256
2026-06-10,0.09110000,0.09270000,0.08640000,0.08650000,20095669.00000000,1804925.35930000,12596
2026-06-11,0.08650000,0.09030000,0.08630000,0.08880000,32056719.00000000,2831236.48380000,16250
2026-06-12,0.08880000,0.09000000,0.08660000,0.08730000,25570981.00000000,2258756.30430000,12531
2026-06-13,0.08730000,0.09060000,0.08640000,0.08960000,23288488.00000000,2060602.01880000,11079
2026-06-14,0.08970000,0.09430000,0.08930000,0.09270000,42807029.00000000,3928143.50220000,18888
2026-06-15,0.09260000,0.10000000,0.09190000,0.09510000,42262851.00000000,4031821.42380000,19452
2026-06-16,0.09500000,0.09710000,0.09270000,0.09450000,20159777.00000000,1918619.91860000,10956
2026-06-17,0.09460000,0.10050000,0.09450000,0.09920000,41728213.00000000,4065075.86160000,22526
2026-06-18,0.09930000,0.10400000,0.09560000,0.09640000,44158852.00000000,4406669.98510000,27743
2026-06-19,0.09640000,0.09760000,0.09010000,0.09560000,23680099.00000000,2237673.96990000,18462
2026-06-20,0.09570000,0.09600000,0.09200000,0.09370000,12874940.00000000,1207747.10190000,10350
2026-06-21,0.09380000,0.09480000,0.08900000,0.08930000,13511430.00000000,1243021.02740000,9223
2026-06-22,0.08940000,0.09350000,0.08870000,0.08970000,19835461.00000000,1795281.11570000,12577
2026-06-23,0.08970000,0.09660000,0.08820000,0.09460000,51086570.00000000,4780997.80020000,35432
2026-06-24,0.09460000,0.09650000,0.08470000,0.08990000,42841127.00000000,3851386.85530000,28401
2026-06-25,0.08990000,0.09070000,0.08370000,0.08490000,26631340.00000000,2319962.82290000,15058
2026-06-26,0.08490000,0.08530000,0.08090000,0.08300000,37253033.00000000,3103459.68220000,18558
2026-06-27,0.08310000,0.08830000,0.08280000,0.08600000,34126949.00000000,2941396.57480000,14821
2026-06-28,0.08610000,0.08930000,0.08590000,0.08750000,23684704.00000000,2069211.91230000,11820
2026-06-29,0.08740000,0.09030000,0.08480000,0.08570000,27687848.00000000,2408764.62930000,14904
2026-06-30,0.08560000,0.08680000,0.08150000,0.08300000,30414852.00000000,2547795.72010000,15154
2026-07-01,0.08300000,0.08730000,0.08130000,0.08430000,28195825.00000000,2376850.81320000,14582
2026-07-02,0.08440000,0.08790000,0.08420000,0.08670000,24673091.00000000,2125872.16970000,11734
2026-07-03,0.08670000,0.09070000,0.08620000,0.08940000,23256841.00000000,2055430.44700000,11491
2026-07-04,0.08940000,0.09250000,0.08850000,0.09070000,20934310.00000000,1892856.40540000,11573
2026-07-05,0.09070000,0.09260000,0.08890000,0.09100000,15519590.00000000,1403382.16910000,8086
2026-07-06,0.09110000,0.09110000,0.08630000,0.08850000,15952280.00000000,1410661.52600000,8704
2026-07-07,0.08850000,0.08860000,0.08560000,0.08610000,15412136.00000000,1337126.83810000,7707
2026-07-08,0.08620000,0.08730000,0.08330000,0.08480000,23932846.00000000,2028113.01360000,10392
2026-07-09,0.08480000,0.08630000,0.08440000,0.08480000,22228728.00000000,1897200.76360000,9358
2026-07-10,0.08470000,0.08760000,0.08360000,0.08560000,24585901.00000000,2104107.47110000,10770
2026-07-11,0.08560000,0.08740000,0.08410000,0.08430000,14154397.00000000,1219414.61320000,7589
2026-07-12,0.08430000,0.08470000,0.08290000,0.08370000,11224756.00000000,942697.85020000,5905
2026-07-13,0.08360000,0.08480000,0.08180000,0.08370000,16188486.00000000,1346520.31500000,7530
2026-07-14,0.08370000,0.08610000,0.08300000,0.08480000,14256516.00000000,1203714.55310000,5912
2026-07-15,0.08490000,0.08610000,0.08390000,0.08500000,13354014.00000000,1134656.41840000,5570
2026-07-16,0.08510000,0.08580000,0.08210000,0.08240000,19457101.00000000,1630643.20840000,8974
2026-07-17,0.08240000,0.08350000,0.08130000,0.08280000,18674724.00000000,1540215.95050000,7563
2026-07-18,0.08280000,0.08400000,0.08170000,0.08330000,13481931.00000000,1115073.19380000,6365
2026-07-19,0.08330000,0.08340000,0.08150000,0.08290000,14118116.00000000,1164252.85160000,5991
2026-07-20,0.08280000,0.08370000,0.08160000,0.08340000,14862474.00000000,1228389.48800000,6102
2026-07-21,0.08330000,0.08530000,0.08300000,0.08460000,14897815.00000000,1258612.35310000,9156
2026-07-22,0.08470000,0.08530000,0.08300000,0.08440000,15131738.00000000,1271311.82730000,8559
2026-07-23,0.08440000,0.08500000,0.08170000,0.08320000,14362456.00000000,1193205.42710000,7634
2026-07-24,0.08330000,0.08750000,0.08160000,0.08610000,26481954.00000000,2237602.99610000,16662
2026-07-25,0.08600000,0.08850000,0.08370000,0.08420000,20406018.00000000,1739106.75610000,14256
2026-07-26,0.08420000,0.08540000,0.08370000,0.08490000,12286327.00000000,1040068.57490000,7271
2026-07-27,0.08490000,0.08490000,0.07990000,0.08000000,20117956.00000000,1654668.35160000,15726
2026-07-28,0.08010000,0.08160000,0.07860000,0.08000000,24944893.00000000,1998879.75380000,12793
2026-07-29,0.08000000,0.08060000,0.07570000,0.07750000,20359677.00000000,1584972.56840000,12083
2026-07-30,0.07750000,0.07980000,0.07690000,0.07900000,14243422.00000000,1113293.91410000,7068
2026-07-31,0.07890000,0.08100000,0.07770000,0.07890000,16501093.00000000,1305640.55760000,12286
2026-08-01,0.07890000,0.08080000,0.07800000,0.07900000,12467883.00000000,991418.06150000,9031
2026-08-02,0.07900000,0.08720000,0.07860000,0.08600000,28147334.00000000,2350002.53710000,22028
2026-08-03,0.08600000,0.09320000,0.08330000,0.09040000,50201010.00000000,4445550.10560000,37810
2026-08-04,0.09030000,0.09180000,0.08870000,0.08950000,30288301.00000000,2734395.37490000,27470
2026-08-05,0.08950000,0.09110000,0.08800000,0.08830000,18121890.00000000,1624241.65030000,16481
2026-08-06,0.08830000,0.09090000,0.08670000,0.08730000,17183125.00000000,1518191.63290000,15791
2026-08-07,0.08730000,0.09110000,0.08730000,0.08900000,16358843.00000000,1464488.94000000,14402
2026-08-08,0.08900000,0.08970000,0.08660000,0.08740000,8256369.00000000,722321.44750000,6767
2026-08-09,0.08740000,0.08770000,0.08220000,0.08260000,17677783.00000000,1504082.68220000,12807
2026-08-10,0.08260000,0.08380000,0.08140000,0.08240000,22927856.00000000,1891826.97520000,14872
2026-08-11,0.08250000,0.08330000,0.07950000,0.08100000,26031959.00000000,2118024.69420000,12295
2026-08-12,0.08090000,0.08170000,0.07830000,0.07910000,16894459.00000000,1351260.43970000,8793
2026-08-13,0.07910000,0.08060000,0.07790000,0.07870000,13490704.00000000,1068205.83920000,6189
2026-08-14,0.07870000,0.08090000,0.07820000,0.07970000,12786148.00000000,1013903.62700000,7116
2026-08-15,0.07960000,0.08030000,0.07890000,0.07950000,6134047.00000000,488708.10780000,4148
2026-08-16,0.07940000,0.07980000,0.07740000,0.07840000,8035519.00000000,633462.69760000,4441
2026-08-17,0.07840000,0.08010000,0.07820000,0.07850000,9883121.00000000,779799.20150000,5676
2026-08-18,0.07850000,0.07890000,0.07670000,0.07800000,10976932.00000000,852891.91190000,5266
2026-08-19,0.07790000,0.08300000,0.07760000,0.08210000,27608948.00000000,2227638.10280000,23781
2026-08-20,0.08220000,0.08850000,0.08200000,0.08850000,44798317.00000000,3813539.14490000,38477
2026-08-21,0.08850000,0.09770000,0.08740000,0.09740000,45202209.00000000,4168857.10270000,39372
2026-08-22,0.09750000,0.10500000,0.09130000,0.09240000,46495301.00000000,4474983.46330000,38058
2026-08-23,0.09250000,0.09500000,0.08790000,0.09400000,27069385.00000000,2495984.40210000,22611
2026-08-24,0.09390000,0.09460000,0.09090000,0.09180000,27497685.00000000,2545662.94840000,24575
2026-08-25,0.09180000,0.09530000,0.08790000,0.08910000,27897237.00000000,2573178.09930000,32234
2026-08-26,0.08910000,0.09110000,0.08690000,0.09020000,23160826.00000000,2069518.42720000,22556
2026-08-27,0.09020000,0.09270000,0.08890000,0.09120000,17574323.00000000,1596710.36950000,17430
2026-08-28,0.09110000,0.09230000,0.08540000,0.08710000,16344276.00000000,1444069.49510000,17801
2026-08-29,0.08720000,0.08820000,0.08550000,0.08780000,8763805.00000000,761227.03550000,10567
2026-08-30,0.08780000,0.08890000,0.08360000,0.08460000,13077338.00000000,1137179.56470000,13932
2026-08-31,0.08460000,0.08650000,0.08360000,0.08560000,10719269.00000000,912781.36830000,11303
2026-09-01,0.08560000,0.09130000,0.08550000,0.08810000,25742408.00000000,2289485.24240000,23795
2026-09-02,0.08810000,0.09340000,0.08690000,0.09330000,23379664.00000000,2118911.65650000,24309
2026-09-03,0.09320000,0.09530000,0.09140000,0.09330000,31037683.00000000,2899681.33790000,18937
2026-09-04,0.09330000,0.09490000,0.08960000,0.09050000,25470468.00000000,2345238.88640000,26427
2026-09-05,0.09050000,0.09790000,0.09030000,0.09450000,27224636.00000000,2579893.83350000,25653
2026-09-06,0.09450000,0.09670000,0.09360000,0.09670000,19194543.00000000,1823107.30720000,14209
2026-09-07,0.09670000,0.09780000,0.09280000,0.09740000,22999862.00000000,2196031.66510000,20211
2026-09-08,0.09740000,0.10320000,0.09560000,0.10080000,40216546.00000000,3989146.67660000,45586
2026-09-09,0.10080000,0.10260000,0.09710000,0.09890000,31835548.00000000,3182708.19040000,38767
2026-09-10,0.09890000,0.10110000,0.09110000,0.09130000,33237450.00000000,3222075.68550000,37530
2026-09-11,0.09140000,0.09500000,0.08770000,0.09350000,42216545.00000000,3872801.34350000,46803
2026-09-12,0.09350000,0.09510000,0.09220000,0.09270000,15362478.00000000,1437714.68050000,17744
2026-09-13,0.09260000,0.10100000,0.09150000,0.09470000,23744806.00000000,2254088.06830000,22994
2026-09-14,0.09470000,0.09900000,0.09390000,0.09610000,21561611.00000000,2075393.91620000,21988
2026-09-15,0.09620000,0.09830000,0.08800000,0.08890000,29789696.00000000,2762032.19840000,25245
2026-09-16,0.08890000,0.08980000,0.08500000,0.08890000,31273352.00000000,2731280.95020000,19396
2026-09-17,0.08890000,0.09210000,0.08800000,0.09050000,22826271.00000000,2057740.40920000,16447
2026-09-18,0.09050000,0.09890000,0.08990000,0.09790000,35321673.00000000,3380111.54300000,38489
2026-09-19,0.09790000,0.10560000,0.09560000,0.10510000,40735642.00000000,4073107.56920000,41906
2026-09-20,0.10520000,0.11480000,0.10070000,0.10880000,93460694.00000000,10117952.11280000,101888
2026-09-21,0.10880000,0.11780000,0.10740000,0.11250000,67811565.00000000,7582506.86930000,77351
2026-09-22,0.11250000,0.11350000,0.10780000,0.11210000,40599828.00000000,4506080.32580000,38421
2026-09-23,0.11220000,0.11480000,0.10330000,0.10430000,40530218.00000000,4416722.38910000,34257
2026-09-24,0.10430000,0.11450000,0.10300000,0.11320000,38712279.00000000,4241551.64870000,38189
2026-09-25,0.11330000,0.11850000,0.11120000,0.11640000,46255952.00000000,5331410.74960000,45246
2026-09-26,0.11630000,0.12250000,0.11450000,0.11820000,28693591.00000000,3382384.09300000,25041
2026-09-27,0.11810000,0.12050000,0.11360000,0.11950000,29787576.00000000,3491556.65240000,24746
2026-09-28,0.11950000,0.14000000,0.11490000,0.13600000,221885045.00000000,28783071.38920000,251459
2026-09-29,0.13600000,0.14050000,0.12380000,0.12560000,121091631.00000000,16019069.55660000,163953
2026-09-30,0.12560000,0.12840000,0.12240000,0.12390000,47350178.00000000,5911362.62540000,56788
2026-10-01,0.12400000,0.13080000,0.12180000,0.12260000,57793788.00000000,7303745.59150000,73264
2026-10-02,0.12260000,0.13370000,0.12210000,0.12720000,53599284.00000000,6922238.60620000,48848
2026-10-03,0.12710000,0.13310000,0.12490000,0.13130000,29032449.00000000,3746532.87310000,26587
2026-10-04,0.13140000,0.13420000,0.12720000,0.13260000,31642798.00000000,4155448.43220000,25712
2026-10-05,0.13260000,0.13270000,0.12560000,0.12760000,29914586.00000000,3879786.64240000,21745
