date,open,high,low,close,volume,quote_volume,trades
2021-04-17,25.46000000,27.50500000,24.28200000,24.34200000,3883290.27400000,100796932.89973000,218223
2021-04-18,24.32000000,24.84900000,17.10000000,21.40300000,7560554.18400000,158817923.98761500,374578
2021-04-19,21.38800000,22.24800000,18.84100000,19.19900000,4797811.06200000,98704015.06113800,228418
2021-04-20,19.19600000,21.60000000,17.64400000,21.25400000,5530702.47600000,108172046.89199800,264082
2021-04-21,21.25100000,21.50000000,19.34700000,19.55100000,3958949.46600000,80915478.48210000,193491
2021-04-22,19.57000000,21.56000000,18.50000000,18.72500000,4796116.93000000,95920974.18995100,222780
2021-04-23,18.72500000,20.55000000,16.56000000,20.51500000,6581721.24300000,120679034.45652400,303499
2021-04-24,20.49700000,20.54900000,18.30400000,18.45800000,2545421.46700000,48918690.78496000,121538
2021-04-25,18.46200000,19.80000000,17.60100000,18.68700000,2283076.80100000,42824834.37269900,99220
2021-04-26,18.69000000,23.50000000,18.47700000,22.05800000,4310853.39700000,91346049.68480600,210733
2021-04-27,22.07900000,23.43800000,21.24400000,23.03800000,3075761.73300000,69394305.34937200,158580
2021-04-28,23.05800000,24.16300000,21.78500000,22.92700000,3548729.48000000,81401566.31421900,158869
2021-04-29,22.92900000,23.02100000,21.12900000,22.22200000,2771407.79400000,61462826.16392300,114888
2021-04-30,22.22200000,23.46800000,21.68400000,22.70400000,2758486.24700000,62961167.99919000,122182
2021-05-01,22.70000000,24.48800000,22.43200000,23.80100000,3120143.31000000,73520812.94324000,160628
2021-05-02,23.79800000,23.93600000,22.15500000,23.08800000,2276512.06400000,52345187.23765200,108561
2021-05-03,23.08600000,23.78700000,22.41400000,22.93800000,2302562.39500000,53365845.01380000,103380
2021-05-04,22.96700000,23.40000000,20.80900000,20.96300000,3649407.58200000,80637916.90382600,167137
2021-05-05,20.97500000,24.88100000,20.58200000,24.87700000,3992867.76900000,91542179.53577900,184301
2021-05-06,24.87600000,27.11900000,24.09100000,25.54200000,6880841.62500000,175986601.03411600,351453
2021-05-07,25.53300000,32.32400000,24.99900000,28.64100000,12153118.69200000,347255147.81688600,602676
2021-05-08,28.65100000,31.45200000,26.87100000,29.52400000,6832430.56200000,197189103.81147900,354006
2021-05-09,29.49300000,29.99000000,26.10000000,28.71200000,4651058.50200000,129817443.83712600,252756
2021-05-10,28.71200000,29.90000000,23.60000000,25.35700000,5304505.16600000,143977622.34130100,276423
2021-05-11,25.35700000,27.06500000,23.83400000,26.90200000,3648487.69700000,92547820.71818600,172641
2021-05-12,26.89800000,27.77800000,22.30000000,23.01200000,4686306.76100000,121651828.98531300,235530
2021-05-13,22.94700000,25.30500000,21.81400000,23.49400000,4650901.43800000,109232799.36001900,229911
2021-05-14,23.49400000,25.87200000,23.40200000,25.85600000,2573798.36700000,63206119.81343400,148889
2021-05-15,25.86000000,28.74900000,24.33700000,24.49500000,7364754.85900000,197633618.74702400,406886
2021-05-16,24.49500000,26.75000000,22.63100000,24.26400000,3652274.28800000,90559676.33787100,193461
2021-05-17,24.24900000,24.26400000,20.64800000,21.09100000,4203544.09600000,94182402.30584600,207893
2021-05-18,21.07200000,23.41600000,20.80000000,22.84000000,3742855.94800000,83453390.89448200,180856
2021-05-19,22.84000000,23.50000000,9.55100000,13.75700000,12337466.09300000,200060887.59348300,472534
2021-05-20,13.79500000,17.36300000,12.13300000,16.91600000,7632586.62100000,116141338.45249100,267939
2021-05-21,16.91800000,17.56100000,11.35300000,13.57200000,7099077.19600000,102363360.54035300,244235
2021-05-22,13.57000000,13.69900000,11.35400000,12.23700000,5064275.57400000,63460787.39736000,165727
2021-05-23,12.24600000,13.09700000,8.51000000,11.64800000,9013012.31500000,95355759.54119700,277129
2021-05-24,11.64900000,14.58000000,11.05600000,14.54100000,6313675.18600000,80772090.15253300,209721
2021-05-25,14.54100000,14.95000000,12.35700000,13.93400000,5195073.90300000,70800258.64155400,192383
2021-05-26,13.91600000,15.66700000,13.60000000,15.27800000,3954342.67900000,58313892.10956400,159614
2021-05-27,15.27700000,15.31500000,13.54300000,14.52500000,2763054.13000000,39954672.77337900,106097
2021-05-28,14.53600000,14.62700000,11.97900000,12.70100000,3520379.26300000,45667088.36495200,124544
2021-05-29,12.70200000,14.40500000,11.38000000,12.05900000,3206676.69100000,41145613.68135600,118923
2021-05-30,12.06400000,13.12400000,11.26400000,12.55100000,1903649.57800000,23737884.95982500,74637
2021-05-31,12.54800000,14.00000000,11.89000000,13.96200000,2331698.68200000,30535904.77530700,97338
2021-06-01,13.94700000,14.53200000,13.31000000,13.75700000,2095119.60500000,29029612.27979500,81032
2021-06-02,13.74400000,15.33800000,13.58200000,14.86000000,2468156.55400000,35973167.41934100,94807
2021-06-03,14.87300000,17.20000000,14.65100000,16.66500000,3679544.75200000,59765931.84025100,162485
2021-06-04,16.66700000,17.11000000,14.01400000,15.06700000,3172651.88700000,48315446.82009900,115482
2021-06-05,15.07100000,16.34300000,14.23300000,14.85800000,2399738.81300000,36839548.67555300,96818
2021-06-06,14.85100000,15.41400000,14.47200000,15.12500000,1227547.95100000,18327672.97619200,50879
2021-06-07,15.13100000,15.78000000,13.27500000,13.46000000,2055342.95100000,30514359.48198400,84142
2021-06-08,13.46000000,13.80400000,12.01500000,13.56000000,3066134.72200000,39931034.35410300,106530
2021-06-09,13.57300000,14.00500000,12.60300000,13.93200000,2542304.68200000,34256481.94619200,102006
2021-06-10,13.94000000,14.05500000,12.55900000,12.82900000,2364548.24700000,31471795.87192800,87117
2021-06-11,12.83300000,12.95300000,11.55700000,11.95000000,1957376.41800000,24312733.52072800,82988
2021-06-12,11.94100000,12.05700000,10.91400000,11.61600000,1753079.41800000,20127838.68848600,74320
2021-06-13,11.62500000,12.53400000,11.28800000,12.53000000,1668229.28100000,19793493.59533100,62597
2021-06-14,12.53100000,13.39000000,12.21600000,13.30100000,1834397.84700000,23361133.37769100,76919
2021-06-15,13.31500000,13.57500000,12.64100000,12.95100000,1505914.74100000,19772077.58285000,63806
2021-06-16,12.95100000,13.47700000,12.31300000,13.42500000,1932702.64600000,24871110.49162500,80805
2021-06-17,13.41900000,14.68300000,13.29200000,13.61800000,3732653.49300000,52267470.68698700,145917
2021-06-18,13.62300000,13.62300000,11.92700000,12.47200000,2237575.35600000,28428442.43669600,72259
2021-06-19,12.46000000,12.72100000,11.80900000,11.85000000,1311810.65200000,16190188.35414400,43221
2021-06-20,11.85400000,12.47700000,11.04000000,11.97700000,2215875.59800000,26118098.97518400,66570
2021-06-21,11.98300000,12.10900000,9.47300000,9.51900000,4060092.91700000,42846562.36124100,114103
2021-06-22,9.51700000,10.57000000,7.83000000,9.00200000,6291115.05700000,57254466.29794200,150413
2021-06-23,8.99200000,10.48900000,8.56500000,9.61300000,3272473.73900000,31988385.93774000,92953
2021-06-24,9.60500000,10.71300000,9.01000000,10.38600000,2896156.00600000,28566288.46602700,73211
2021-06-25,10.38600000,10.70300000,8.85000000,9.06600000,3817236.09100000,36933298.15875700,94983
2021-06-26,9.06600000,9.60000000,8.64700000,9.59600000,2216941.42000000,20089078.09864300,58739
2021-06-27,9.59000000,10.08700000,9.41700000,10.08700000,2119873.71400000,20552438.84151400,59971
2021-06-28,10.08000000,10.90000000,9.91700000,10.89000000,1884182.90900000,19356791.39735500,55010
2021-06-29,10.89900000,12.87500000,10.82500000,11.65000000,4117510.11500000,48770697.58853500,131360
2021-06-30,11.63800000,12.05200000,11.03400000,12.04500000,2470921.74900000,28639567.73861700,68252
2021-07-01,12.04500000,12.07800000,10.71300000,11.03300000,1862697.84900000,20969951.40440000,52006
2021-07-02,11.03600000,11.81000000,10.52200000,11.79500000,2147051.23800000,23851097.25299500,61733
2021-07-03,11.79500000,12.20000000,11.52600000,11.80000000,1803444.07600000,21395816.14514200,55839
2021-07-04,11.80400000,12.45200000,11.51500000,12.30700000,1476353.21500000,17997394.06201000,48496
2021-07-05,12.31200000,13.96600000,11.92700000,13.53100000,5547395.97500000,72157032.96916700,167853
2021-07-06,13.54100000,14.04900000,12.81200000,13.13600000,2631196.47600000,35106475.37255400,84076
2021-07-07,13.14300000,13.51000000,12.82000000,12.93900000,1637466.77000000,21632263.22052400,57513
2021-07-08,12.94500000,12.97400000,11.66100000,11.91600000,2076085.47700000,25246723.73556000,62350
2021-07-09,11.92000000,13.69900000,11.41100000,13.18100000,4075187.05300000,51903229.50054200,122084
2021-07-10,13.18300000,14.54100000,12.95800000,14.42500000,3111063.54600000,42375642.83066800,111882
2021-07-11,14.42900000,14.80000000,13.87100000,14.07700000,2766943.33800000,39796684.77659900,96694
2021-07-12,14.07800000,14.12900000,12.75200000,12.98100000,2138171.78700000,28804061.03471200,65475
2021-07-13,12.98200000,13.72900000,11.80700000,12.09200000,3131096.24600000,40001709.24940500,86305
2021-07-14,12.08700000,12.23100000,11.01900000,11.74700000,3729554.93900000,43454788.35603200,90878
2021-07-15,11.74900000,12.06500000,10.65300000,11.47400000,2879500.50300000,32360266.78517400,75480
2021-07-16,11.46800000,13.19000000,10.97600000,11.14900000,7049125.75700000,85246288.76961500,196243
2021-07-17,11.14900000,11.50800000,10.71300000,11.02200000,4463621.21800000,49496771.98438400,95958
2021-07-18,11.02000000,11.55700000,10.73700000,10.97200000,2459958.63900000,27407174.22837500,58938
2021-07-19,10.98100000,11.07000000,9.92300000,9.98000000,2460342.98100000,25486496.01399500,58594
2021-07-20,9.98400000,10.16600000,8.93000000,9.44300000,3334771.52700000,31444143.50853600,66814
2021-07-21,9.44900000,10.70100000,9.13500000,10.48100000,3144385.97700000,31818620.69760800,67306
2021-07-22,10.47600000,11.62000000,10.17800000,11.37700000,3075216.58300000,33719309.85730500,78147
2021-07-23,11.37800000,11.54900000,10.67700000,11.44200000,2593122.75400000,28936241.47636800,65118
2021-07-24,11.44900000,11.76700000,11.05900000,11.42600000,2445170.27700000,27927477.83089200,66225
2021-07-25,11.42800000,11.62100000,10.96700000,11.44600000,1487311.25000000,16771257.43114400,41233
2021-07-26,11.44200000,12.44900000,11.31000000,11.38600000,4237240.53300000,50577995.96706600,120978
2021-07-27,11.38000000,11.80600000,11.02000000,11.70200000,2540028.78500000,28921935.62120300,72273
2021-07-28,11.69700000,11.96900000,11.37400000,11.58900000,2338200.37400000,27267658.56955800,62298
2021-07-29,11.59100000,11.89800000,11.31100000,11.79900000,2331117.27400000,27002178.27318400,59006
2021-07-30,11.79900000,12.18800000,11.42800000,12.14000000,2536788.40800000,29931745.12543400,74760
2021-07-31,12.12300000,12.93500000,11.87800000,12.59800000,2699186.75200000,33507888.70629000,86540
2021-08-01,12.60000000,13.44400000,12.12000000,12.31200000,2910237.41500000,37587289.97529300,93117
2021-08-02,12.31900000,12.76100000,12.09800000,12.47600000,1609394.97100000,20019220.22230900,47712
2021-08-03,12.47600000,12.65800000,11.73100000,12.12000000,1690276.52400000,20436296.93703700,47672
2021-08-04,12.12800000,12.91600000,11.95500000,12.80800000,1588393.44000000,19788547.73406600,60469
2021-08-05,12.81300000,13.23600000,12.40500000,13.03200000,1861784.29500000,23933541.35110600,65717
2021-08-06,13.03400000,14.03100000,12.72400000,13.58900000,2506091.69300000,33655989.79601500,90205
2021-08-07,13.60300000,14.35600000,13.44300000,14.00600000,2793759.66100000,38880553.04157900,104993
2021-08-08,14.01200000,14.24000000,13.01000000,13.13900000,1977499.62700000,27003418.31285300,73287
2021-08-09,13.14000000,14.10000000,12.65300000,13.65100000,2347469.52300000,31756382.04323400,85598
2021-08-10,13.64500000,14.40000000,13.39800000,14.10500000,2270345.59100000,31671463.16595600,91740
2021-08-11,14.10100000,15.45600000,14.08600000,14.55800000,3354231.06800000,49990017.03456900,150501
2021-08-12,14.55200000,15.19600000,13.54700000,14.06000000,2350142.18000000,33548743.68576700,91828
2021-08-13,14.06300000,15.33900000,13.85900000,15.21200000,2024505.16400000,29886210.81824400,82367
2021-08-14,15.21000000,15.77400000,14.68600000,15.56000000,2858273.76000000,43562360.50802700,114580
2021-08-15,15.56000000,15.95500000,14.87400000,15.91000000,2206784.93200000,33984210.98573100,96223
2021-08-16,15.91200000,16.68800000,15.49000000,15.78400000,3248584.61500000,52156996.98612000,156030
2021-08-17,15.78600000,17.50000000,15.04900000,16.00300000,5723341.25300000,94450281.74009900,263156
2021-08-18,16.00700000,18.57500000,14.98500000,17.94800000,6260641.82800000,103599396.07169000,280547
2021-08-19,17.93200000,20.43500000,17.77300000,18.68800000,10416119.71400000,198407510.45001600,435076
2021-08-20,18.71000000,20.00000000,18.36200000,18.92800000,4908239.48500000,94605649.26414000,229783
2021-08-21,18.92300000,23.90000000,18.53100000,22.14000000,10579242.29400000,231724670.26959400,635047
2021-08-22,22.15200000,24.74300000,20.97200000,21.86200000,6802878.25200000,154083381.51645000,374755
2021-08-23,21.85000000,23.11100000,21.28200000,21.80800000,4567211.33900000,100800396.73115200,236314
2021-08-24,21.81100000,22.03600000,19.20000000,19.53800000,4193781.63700000,86501534.58644300,195336
2021-08-25,19.53800000,20.87500000,18.60300000,20.05600000,3609455.60600000,71024665.36247200,160164
2021-08-26,20.04800000,20.33000000,17.66600000,17.90000000,2770346.73800000,51633954.58376600,109521
2021-08-27,17.92000000,20.56000000,17.25000000,20.42000000,3514088.20200000,67169585.89846600,160654
2021-08-28,20.43000000,21.43000000,19.50000000,21.31000000,3015611.50200000,61534934.88400600,163810
2021-08-29,21.33000000,22.42000000,20.32000000,21.20000000,3896525.35800000,83708091.74045300,220617
2021-08-30,21.20000000,23.92000000,19.48000000,22.14000000,5880341.67900000,127274361.04203500,321039
2021-08-31,22.16000000,26.30000000,21.56000000,22.89000000,11248726.65100000,271832351.10445600,679969
2021-09-01,22.90000000,25.98000000,22.09000000,25.44000000,7232749.12000000,171862504.98510000,432086
2021-09-02,25.42000000,25.77000000,23.44000000,24.14000000,3166096.74000000,77208142.63540000,171629
2021-09-03,24.16000000,24.96000000,23.15000000,24.11000000,3590142.79000000,86673269.96160000,210323
2021-09-04,24.10000000,25.50000000,23.71000000,24.40000000,2824441.48000000,69043841.24010000,193159
2021-09-05,24.40000000,26.21000000,23.80000000,25.73000000,3419680.11000000,85192986.39180000,271973
2021-09-06,25.71000000,27.10000000,23.68000000,25.08000000,4266255.60900000,110052271.21995400,352590
2021-09-07,25.09000000,27.45000000,17.55000000,21.08000000,8464550.99300000,195225311.90736700,588395
2021-09-08,21.09000000,21.88000000,18.45000000,20.69000000,4710868.45000000,95846649.78680000,209299
2021-09-09,20.71000000,28.45000000,20.43000000,26.85000000,13224862.20800000,332573104.74841600,1036276
2021-09-10,26.82000000,30.48000000,24.56000000,29.41000000,18339923.92200000,505787616.40379600,1546936
2021-09-11,29.40000000,30.98000000,26.72000000,27.33000000,8344764.74900000,239850830.91122700,556430
2021-09-12,27.33000000,35.26000000,25.96000000,34.89000000,12340293.88700000,387362538.55979500,1239041
2021-09-13,34.91000000,38.95000000,30.25000000,35.82000000,22213603.10700000,772525175.26286500,1858049
2021-09-14,35.80000000,37.90000000,32.80000000,34.20000000,10305593.95000000,361021827.89000000,725530
2021-09-15,34.19000000,35.35000000,32.61000000,34.12000000,5652348.15000000,190496641.35820000,415923
2021-09-16,34.12000000,37.25000000,31.20000000,37.07000000,8867462.73000000,303269982.36740000,816931
2021-09-17,37.07000000,38.09000000,32.41000000,33.46000000,7570169.81000000,266867511.47100000,623071
2021-09-18,33.46000000,41.50000000,32.68000000,40.76000000,10505409.50500000,399353041.43837200,1034135
2021-09-19,40.78000000,44.65000000,37.72000000,44.27000000,10151943.18700000,418432638.35131800,1051675
2021-09-20,44.28000000,44.80000000,33.34000000,34.01000000,17489487.91000000,676330740.65636700,1170401
2021-09-21,33.98000000,37.20000000,28.83000000,30.45000000,15209690.85000000,514287364.07320000,807984
2021-09-22,30.42000000,40.00000000,29.36000000,39.71000000,11901572.40000000,414690357.03100000,764376
2021-09-23,39.71000000,43.33000000,38.82000000,41.51000000,11044307.84000000,450134100.12230000,814447
2021-09-24,41.52000000,44.30000000,35.89000000,42.58000000,13102005.51000000,521181680.00730000,1007490
2021-09-25,42.56000000,43.10000000,38.81000000,39.45000000,5906770.49000000,241545174.18200000,419493
2021-09-26,39.45000000,41.70000000,35.43000000,39.80000000,7577505.87000000,292435405.04920000,517652
2021-09-27,39.81000000,40.75000000,36.60000000,37.21000000,4368605.52000000,168819886.74080000,316091
2021-09-28,37.20000000,37.90000000,33.36000000,33.70000000,4548726.66000000,162414047.34450000,327643
2021-09-29,33.70000000,36.65000000,32.74000000,33.88000000,4012215.28000000,139328270.07560000,269529
2021-09-30,33.88000000,36.27000000,33.47000000,36.23000000,3830234.57000000,133044656.39400000,272163
2021-10-01,36.21000000,38.56000000,34.81000000,37.85000000,4640402.38000000,171554216.46460000,374229
2021-10-02,37.86000000,41.64000000,37.17000000,38.62000000,4190103.21000000,164716540.29750000,485337
2021-10-03,38.63000000,40.80000000,37.78000000,38.74000000,3383386.93000000,132655176.11420000,310311
2021-10-04,38.76000000,38.80000000,36.00000000,36.80000000,4183818.40000000,156345054.71180000,344173
2021-10-05,36.79000000,38.34000000,35.32000000,36.75000000,3976563.71000000,146762599.02680000,338141
2021-10-06,36.76000000,36.86000000,33.00000000,35.15000000,4948305.51000000,173832782.59510000,445080
2021-10-07,35.15000000,38.00000000,33.78000000,36.67000000,4300927.05000000,154837233.71450000,447974
2021-10-08,36.69000000,36.95000000,34.78000000,35.04000000,3091199.37000000,111316404.51050000,243714
2021-10-09,35.03000000,36.13000000,34.60000000,35.16000000,2147543.83000000,76037738.28420000,143617
2021-10-10,35.16000000,35.18000000,32.10000000,32.42000000,2984474.44000000,101255115.89560000,237534
2021-10-11,32.40000000,34.40000000,31.00000000,32.01000000,2401211.56000000,78476870.37750000,189570
2021-10-12,32.02000000,34.35000000,29.90000000,33.48000000,4340225.50000000,140192301.37520000,375321
2021-10-13,33.49000000,34.93000000,31.64000000,34.53000000,4628953.23000000,153013628.68390000,362706
2021-10-14,34.55000000,35.75000000,33.46000000,33.82000000,3264365.97000000,113011222.54710000,258626
2021-10-15,33.83000000,34.16000000,32.18000000,33.08000000,2697044.10000000,89718987.46350000,195356
2021-10-16,33.09000000,34.65000000,32.90000000,33.13000000,1821137.96000000,61354508.00620000,182213
2021-10-17,33.14000000,34.28000000,31.00000000,32.44000000,1594144.56000000,52285446.16550000,161932
2021-10-18,32.45000000,32.68000000,31.02000000,31.88000000,1488909.97000000,47426128.12470000,118687
2021-10-19,31.87000000,35.32000000,31.45000000,35.00000000,3863734.07000000,130502268.56640000,382076
2021-10-20,34.99000000,36.90000000,33.50000000,35.95000000,3249027.20000000,113996811.95090000,345545
2021-10-21,35.94000000,36.83000000,33.84000000,34.34000000,3442719.97000000,121607450.85520000,326718
2021-10-22,34.33000000,36.16000000,33.62000000,34.06000000,3656905.26000000,127418909.02120000,312720
2021-10-23,34.06000000,37.20000000,33.77000000,35.69000000,3660767.57000000,130615679.56400000,363755
2021-10-24,35.70000000,36.03000000,33.49000000,34.26000000,2130677.99000000,73907536.45460000,174086
2021-10-25,34.27000000,35.57000000,34.15000000,35.31000000,2050578.58000000,71722427.77280000,149400
2021-10-26,35.31000000,43.26000000,35.06000000,42.99000000,9418595.19000000,370566743.01540000,1392674
2021-10-27,42.99000000,43.28000000,35.00000000,36.75000000,8365182.92000000,322580027.16140000,749258
2021-10-28,36.76000000,40.90000000,36.09000000,38.00000000,4846151.85000000,188252904.29320000,477001
2021-10-29,38.01000000,41.05000000,38.00000000,39.55000000,3527207.99000000,139339909.07750000,344206
2021-10-30,39.54000000,39.56000000,36.17000000,37.30000000,2102188.15000000,79614658.77810000,196609
2021-10-31,37.28000000,37.74000000,35.22000000,37.24000000,2070914.75000000,75843580.18830000,214735
2021-11-01,37.26000000,38.18000000,34.70000000,37.31000000,2714531.07000000,100051205.62840000,301282
2021-11-02,37.30000000,38.44000000,36.28000000,37.10000000,2311230.35000000,86288397.29030000,252037
2021-11-03,37.10000000,38.88000000,35.48000000,38.49000000,3635483.67000000,134428798.14640000,468077
2021-11-04,38.49000000,39.22000000,36.10000000,37.51000000,3167404.39000000,119540979.94610000,441998
2021-11-05,37.51000000,38.98000000,36.35000000,36.77000000,2073111.75000000,78075574.07830000,293345
2021-11-06,36.77000000,37.05000000,34.17000000,36.22000000,2213328.09000000,79046160.00630000,239689
2021-11-07,36.22000000,36.48000000,35.46000000,35.73000000,1290327.12000000,46371671.22910000,124208
2021-11-08,35.73000000,36.96000000,35.00000000,36.62000000,2513742.52000000,90991927.81340000,275220
2021-11-09,36.62000000,37.98000000,35.45000000,35.84000000,2772144.93000000,101783654.89590000,362716
2021-11-10,35.83000000,37.27000000,28.32000000,32.05000000,5991271.57000000,201238293.80480000,597464
2021-11-11,32.05000000,34.00000000,31.68000000,32.94000000,2683505.71000000,88625295.18730000,303653
2021-11-12,32.92000000,32.98000000,30.52000000,32.05000000,2487858.91000000,79467120.19850000,296907
2021-11-13,32.05000000,33.19000000,31.92000000,32.50000000,1248230.96000000,40603659.78690000,154759
2021-11-14,32.51000000,33.27000000,31.11000000,31.93000000,1228520.47000000,39317631.21500000,141487
2021-11-15,31.92000000,34.15000000,30.57000000,31.45000000,2713565.93000000,88526146.29900000,330717
2021-11-16,31.45000000,31.47000000,27.46000000,28.29000000,4956716.46000000,145226459.48410000,430806
2021-11-17,28.28000000,29.63000000,26.89000000,29.44000000,2838697.06000000,80159051.32740000,251028
2021-11-18,29.43000000,29.79000000,25.29000000,26.62000000,3425666.91000000,94245515.71290000,293548
2021-11-19,26.65000000,28.55000000,25.97000000,28.12000000,1710676.64000000,46963301.33960000,151585
2021-11-20,28.12000000,29.85000000,27.80000000,29.43000000,1868248.84000000,53690867.65670000,190273
2021-11-21,29.44000000,32.00000000,28.32000000,30.88000000,2672457.83000000,80421880.08450000,304502
2021-11-22,30.89000000,33.80000000,28.95000000,32.17000000,6616681.45000000,211318257.28000000,828779
2021-11-23,32.16000000,33.24000000,30.66000000,32.05000000,3269831.05000000,104398345.17820000,397767
2021-11-24,32.05000000,32.07000000,29.12000000,29.62000000,2750125.50000000,83373559.46550000,270089
2021-11-25,29.62000000,30.90000000,29.28000000,29.77000000,1978836.90000000,59779416.86610000,208447
2021-11-26,29.77000000,30.30000000,25.15000000,27.07000000,4572169.22000000,123695061.53520000,414231
2021-11-27,27.06000000,28.06000000,26.44000000,26.73000000,1520440.98000000,41642963.15160000,140664
2021-11-28,26.73000000,27.64000000,24.67000000,27.39000000,2040411.31000000,53271398.36910000,174046
2021-11-29,27.39000000,28.45000000,26.72000000,28.10000000,1741009.33000000,47862760.08040000,178959
2021-11-30,28.09000000,29.35000000,26.96000000,27.51000000,2607674.30000000,73626531.37060000,287261
2021-12-01,27.52000000,28.27000000,26.28000000,26.67000000,2242689.37000000,61436371.62110000,193277
2021-12-02,26.66000000,28.64000000,25.62000000,28.37000000,2769132.13000000,74464254.97550000,258533
2021-12-03,28.37000000,33.60000000,27.72000000,32.79000000,10880287.79000000,339800623.56230000,1388564
2021-12-04,32.79000000,32.92000000,21.82000000,28.15000000,13245297.67000000,359637287.11420000,1078280
2021-12-05,28.15000000,29.31000000,23.55000000,24.57000000,5357241.77000000,139339788.32800000,360878
2021-12-06,24.57000000,24.82000000,22.02000000,24.33000000,5433208.53000000,126856077.55280000,332011
2021-12-07,24.33000000,25.44000000,23.80000000,24.30000000,3592275.22000000,88611602.34620000,233896
2021-12-08,24.30000000,26.00000000,22.82000000,25.32000000,3595411.70000000,88027432.26520000,262150
2021-12-09,25.32000000,25.60000000,22.42000000,22.45000000,2608257.69000000,62135117.59990000,172404
2021-12-10,22.46000000,23.88000000,21.85000000,22.54000000,3032236.80000000,69714415.78680000,207755
2021-12-11,22.54000000,24.78000000,21.97000000,24.40000000,3029572.76000000,71730576.04440000,202225
2021-12-12,24.41000000,25.22000000,23.48000000,24.49000000,2095901.47000000,51083369.61530000,163718
2021-12-13,24.50000000,24.94000000,21.06000000,21.74000000,3238082.65000000,73186286.22140000,192266
2021-12-14,21.74000000,22.14000000,20.96000000,21.80000000,2236400.50000000,48331312.63610000,132712
2021-12-15,21.81000000,22.87000000,20.18000000,22.34000000,3122273.86000000,67739756.95990000,191808
2021-12-16,22.34000000,23.50000000,21.66000000,21.83000000,1929143.31000000,43617984.23460000,143335
2021-12-17,21.83000000,22.06000000,20.38000000,21.21000000,2167150.13000000,46378561.03650000,136302
2021-12-18,21.21000000,23.25000000,20.92000000,23.15000000,1545122.88000000,33886961.29070000,115883
2021-12-19,23.16000000,23.72000000,22.00000000,22.16000000,1853460.54000000,42558172.73530000,136625
2021-12-20,22.15000000,22.44000000,20.73000000,21.52000000,1909871.85000000,41081526.31150000,126986
2021-12-21,21.53000000,23.70000000,21.48000000,23.63000000,1815863.06000000,41021869.34510000,128702
2021-12-22,23.63000000,28.48000000,23.35000000,27.37000000,5192011.09000000,136744068.70420000,585005
2021-12-23,27.38000000,28.88000000,26.37000000,28.36000000,3828211.90000000,105874078.16050000,417570
2021-12-24,28.37000000,29.76000000,26.74000000,26.90000000,2256906.73000000,64258226.87910000,274176
2021-12-25,26.91000000,29.69000000,26.62000000,29.66000000,1939980.56000000,54034729.36170000,198147
2021-12-26,29.67000000,32.25000000,28.56000000,32.12000000,3754692.90000000,115359119.40800000,546485
2021-12-27,32.13000000,32.70000000,29.56000000,29.71000000,2991812.87000000,93689386.27170000,333198
2021-12-28,29.71000000,29.72000000,26.16000000,26.59000000,3950148.91000000,110649344.83160000,371299
2021-12-29,26.62000000,28.16000000,25.10000000,27.94000000,3904467.29000000,104283651.27150000,323847
2021-12-30,27.94000000,30.55000000,26.38000000,30.16000000,4687249.81000000,134058237.56350000,420683
2021-12-31,30.16000000,33.30000000,30.11000000,32.39000000,5711050.20000000,181024360.46550000,764378
2022-01-01,32.41000000,37.00000000,32.34000000,36.36000000,6550862.33000000,228298411.78540000,856110
2022-01-02,36.35000000,36.88000000,34.22000000,35.53000000,3789318.41000000,134055789.66920000,396096
2022-01-03,35.53000000,39.80000000,34.23000000,39.25000000,6641236.34000000,248958389.28730000,995478
2022-01-04,39.23000000,43.95000000,37.51000000,42.10000000,8857791.90000000,363432731.48820000,1484413
2022-01-05,42.11000000,43.27000000,34.59000000,38.66000000,8727325.62000000,342400519.08460000,971446
2022-01-06,38.65000000,41.49000000,35.43000000,40.08000000,8519231.05000000,324549371.89630000,857565
2022-01-07,40.08000000,44.70000000,37.70000000,38.58000000,14929705.19000000,621843250.52750000,1741134
2022-01-08,38.57000000,40.34000000,34.05000000,35.87000000,8081145.77000000,299874673.23200000,636788
2022-01-09,35.85000000,38.08000000,34.11000000,34.98000000,6802033.90000000,245591075.21300000,496388
2022-01-10,34.97000000,38.16000000,32.90000000,37.86000000,9357081.51000000,336779576.59700000,743437
2022-01-11,37.87000000,40.05000000,36.10000000,38.70000000,6837475.31000000,260467332.88770000,654955
2022-01-12,38.68000000,42.33000000,38.59000000,40.22000000,6574167.87000000,268295391.92660000,707622
2022-01-13,40.21000000,41.28000000,37.41000000,37.60000000,5384612.42000000,213605061.03950000,455857
2022-01-14,37.60000000,40.83000000,36.66000000,40.42000000,4875250.55000000,186180977.62850000,398502
2022-01-15,40.42000000,40.96000000,39.11000000,39.12000000,2986012.69000000,119439401.78900000,251923
2022-01-16,39.10000000,43.82000000,38.81000000,43.65000000,4308173.16000000,181699677.01590000,574711
2022-01-17,43.66000000,44.56000000,37.94000000,39.13000000,5382563.68000000,222840484.17150000,631690
2022-01-18,39.13000000,40.08000000,36.25000000,38.24000000,4981888.76000000,189043225.20820000,456021
2022-01-19,38.24000000,38.84000000,35.24000000,37.02000000,3949933.95000000,145745937.02120000,347038
2022-01-20,37.02000000,42.10000000,36.93000000,38.98000000,7071681.37000000,281293374.45850000,647517
2022-01-21,38.98000000,41.14000000,32.10000000,34.61000000,12836299.21000000,473154293.48400000,1041393
2022-01-22,34.60000000,35.08000000,27.31000000,29.24000000,10072800.50000000,305988725.62670000,717759
2022-01-23,29.28000000,34.78000000,29.10000000,34.61000000,9192653.64000000,296995704.06620000,608283
2022-01-24,34.60000000,37.05000000,29.81000000,36.02000000,16048278.65000000,532196777.01250000,1058200
2022-01-25,36.03000000,37.19000000,34.76000000,35.87000000,8578220.37000000,308412838.78420000,610238
2022-01-26,35.88000000,36.39000000,31.25000000,32.36000000,10668026.15000000,363190927.68410000,652303
2022-01-27,32.37000000,32.94000000,28.57000000,30.06000000,7091565.16000000,218325651.16360000,420389
2022-01-28,30.08000000,30.35000000,27.71000000,29.47000000,5483321.17000000,158527788.27670000,346060
2022-01-29,29.47000000,30.23000000,28.29000000,29.08000000,3591186.09000000,105266679.46000000,208492
2022-01-30,29.08000000,29.19000000,26.37000000,27.19000000,3479587.23000000,96901632.18670000,194676
2022-01-31,27.18000000,28.95000000,25.50000000,28.05000000,4062598.02000000,110673964.59370000,234160
2022-02-01,28.06000000,29.84000000,27.78000000,28.84000000,3989190.90000000,115954320.45120000,241773
2022-02-02,28.84000000,29.00000000,26.10000000,26.31000000,3246345.66000000,89560778.01610000,182785
2022-02-03,26.33000000,29.75000000,25.58000000,29.67000000,4784476.97000000,132890345.47870000,307844
2022-02-04,29.67000000,31.80000000,28.45000000,31.10000000,6047132.17000000,180759627.12620000,337135
2022-02-05,31.09000000,32.29000000,29.91000000,30.73000000,3650254.21000000,113737831.61470000,231537
2022-02-06,30.73000000,31.96000000,30.09000000,31.26000000,3043310.45000000,94298265.03480000,200506
2022-02-07,31.27000000,33.19000000,30.48000000,31.63000000,4605010.13000000,147766224.97830000,319720
2022-02-08,31.64000000,32.65000000,29.73000000,30.39000000,4038845.56000000,125073607.95690000,254784
2022-02-09,30.39000000,31.47000000,29.53000000,30.93000000,2602197.68000000,79735700.38910000,143270
2022-02-10,30.91000000,31.30000000,28.69000000,29.08000000,4064774.47000000,121957293.18640000,249997
2022-02-11,29.10000000,29.35000000,26.17000000,26.57000000,2846917.14000000,80412934.68800000,164745
2022-02-12,26.57000000,28.35000000,26.00000000,27.05000000,2895000.21000000,78950700.07240000,177824
2022-02-13,27.06000000,27.63000000,25.90000000,26.18000000,1721880.63000000,46216458.23050000,108980
2022-02-14,26.19000000,27.44000000,25.36000000,27.14000000,2465734.25000000,65156942.88500000,142310
2022-02-15,27.14000000,29.22000000,27.13000000,28.97000000,2676771.51000000,75841272.99210000,166482
2022-02-16,28.97000000,29.24000000,27.59000000,28.50000000,1942375.77000000,55140910.26190000,120899
2022-02-17,28.50000000,30.86000000,27.50000000,28.06000000,5880717.92000000,172371030.84710000,359161
2022-02-18,28.06000000,29.07000000,26.71000000,26.86000000,3678713.42000000,102685768.77600000,189609
2022-02-19,26.84000000,27.42000000,26.05000000,26.68000000,1431147.39000000,38301433.66100000,76705
2022-02-20,26.67000000,26.87000000,25.42000000,26.08000000,2534220.89000000,65967821.71700000,124714
2022-02-21,26.08000000,27.30000000,23.61000000,23.82000000,4887966.14000000,125893477.04790000,225119
2022-02-22,23.82000000,24.98000000,22.98000000,24.81000000,3482075.90000000,83663075.38810000,137796
2022-02-23,24.81000000,26.92000000,24.58000000,25.18000000,3561042.43000000,92009215.91780000,176735
2022-02-24,25.18000000,25.54000000,21.40000000,24.85000000,7602449.33000000,176113805.34840000,337676
2022-02-25,24.86000000,27.49000000,24.25000000,27.27000000,3641903.32000000,93158700.99440000,185381
2022-02-26,27.27000000,30.32000000,27.13000000,29.88000000,4434981.61000000,127497217.76450000,314240
2022-02-27,29.88000000,29.92000000,26.28000000,26.77000000,4268923.53000000,120692293.63100000,254337
2022-02-28,26.77000000,31.76000000,26.38000000,31.36000000,5928232.67000000,170060218.87110000,388366
2022-03-01,31.36000000,33.05000000,30.21000000,31.14000000,5547547.52000000,175150446.04410000,376492
2022-03-02,31.14000000,32.80000000,29.83000000,32.24000000,5888331.44000000,183660281.75450000,367685
2022-03-03,32.23000000,34.46000000,31.14000000,34.04000000,7288309.24000000,239701147.45100000,516467
2022-03-04,34.03000000,34.69000000,30.28000000,30.48000000,6337384.58000000,210153085.78390000,431304
2022-03-05,30.48000000,31.68000000,29.50000000,30.87000000,3867115.02000000,117339798.65190000,217228
2022-03-06,30.86000000,30.95000000,27.90000000,28.15000000,3070215.77000000,89616032.92170000,188774
2022-03-07,28.14000000,29.56000000,27.12000000,28.29000000,4923046.17000000,138947553.53770000,288288
2022-03-08,28.29000000,29.30000000,27.35000000,27.87000000,4025685.79000000,114014977.22600000,221141
2022-03-09,27.86000000,31.32000000,27.77000000,30.05000000,4471056.97000000,134495848.01270000,261576
2022-03-10,30.04000000,30.34000000,27.40000000,28.03000000,3852713.65000000,109312381.89160000,205071
2022-03-11,28.02000000,28.50000000,26.89000000,27.47000000,2619352.76000000,72504816.00990000,152689
2022-03-12,27.47000000,28.27000000,27.15000000,27.22000000,1062563.31000000,29382195.76040000,59126
2022-03-13,27.23000000,27.54000000,25.97000000,26.24000000,1948027.68000000,52499586.98590000,89049
2022-03-14,26.23000000,27.17000000,25.76000000,26.83000000,2238651.00000000,59340786.42380000,111314
2022-03-15,26.82000000,27.76000000,26.18000000,26.91000000,3057168.26000000,82674995.50670000,158985
2022-03-16,26.90000000,29.11000000,26.52000000,28.96000000,4103430.29000000,114140976.29180000,205973
2022-03-17,28.95000000,29.01000000,28.09000000,28.16000000,2238758.93000000,63715524.63420000,100246
2022-03-18,28.16000000,28.77000000,27.18000000,28.61000000,2922204.59000000,81369675.04500000,139181
2022-03-19,28.61000000,29.42000000,28.33000000,28.65000000,2551299.30000000,73541522.51070000,131112
2022-03-20,28.65000000,28.83000000,27.47000000,27.84000000,1542345.09000000,43368184.67120000,75365
2022-03-21,27.84000000,28.39000000,27.55000000,27.93000000,1781458.41000000,49821605.78730000,77123
2022-03-22,27.93000000,28.95000000,27.64000000,28.02000000,3172376.28000000,89791209.70710000,135732
2022-03-23,28.02000000,28.38000000,27.16000000,28.25000000,2843254.89000000,78793989.05640000,115467
2022-03-24,28.25000000,29.45000000,27.95000000,29.27000000,3698308.81000000,105957902.42120000,172151
2022-03-25,29.27000000,30.00000000,27.65000000,28.12000000,3570842.04000000,103603933.02330000,195672
2022-03-26,28.12000000,28.96000000,28.00000000,28.78000000,1351012.52000000,38585641.62620000,62721
2022-03-27,28.78000000,29.98000000,28.10000000,29.96000000,1843418.60000000,53406297.33140000,109621
2022-03-28,29.95000000,31.48000000,29.14000000,29.38000000,4380434.05000000,133706550.33450000,269027
2022-03-29,29.37000000,31.70000000,29.32000000,30.23000000,4907154.61000000,150396541.24020000,259766
2022-03-30,30.23000000,31.32000000,29.29000000,30.05000000,3943475.42000000,119715066.81430000,211008
2022-03-31,30.05000000,31.32000000,28.39000000,28.89000000,4851385.05000000,144973005.20740000,277782
2022-04-01,28.89000000,29.67000000,27.70000000,29.41000000,2798462.12000000,80374274.12290000,161916
2022-04-02,29.41000000,32.80000000,29.23000000,31.30000000,5852775.95000000,180917622.27230000,428530
2022-04-03,31.31000000,33.29000000,30.50000000,31.97000000,5782442.17000000,186467797.56340000,366759
2022-04-04,31.96000000,32.54000000,30.06000000,30.85000000,3866259.28000000,121025650.98550000,203203
2022-04-05,30.86000000,31.23000000,29.14000000,29.29000000,3726106.90000000,112949671.05600000,195469
2022-04-06,29.30000000,29.50000000,26.66000000,26.89000000,3950455.09000000,110984023.22720000,255156
2022-04-07,26.89000000,27.90000000,26.26000000,27.66000000,2260878.12000000,61564714.14640000,122495
2022-04-08,27.65000000,28.95000000,26.62000000,26.88000000,3193093.21000000,88872293.55700000,164391
2022-04-09,26.88000000,27.47000000,26.59000000,27.27000000,1350205.98000000,36497834.18730000,63743
2022-04-10,27.27000000,27.43000000,26.40000000,26.50000000,1088109.32000000,29294805.87270000,60086
2022-04-11,26.50000000,26.59000000,23.30000000,23.85000000,3263662.71000000,82092098.61410000,156846
2022-04-12,23.86000000,25.47000000,23.67000000,24.64000000,2565153.45000000,62943454.37650000,134389
2022-04-13,24.63000000,25.21000000,24.10000000,24.70000000,1746511.48000000,43123086.63470000,80663
2022-04-14,24.70000000,25.16000000,23.75000000,23.96000000,2132342.41000000,52171974.36280000,88197
2022-04-15,23.96000000,24.38000000,23.76000000,24.08000000,1219538.61000000,29366464.29020000,52451
2022-04-16,24.10000000,24.48000000,23.79000000,24.18000000,829846.26000000,20049957.72170000,32240
2022-04-17,24.18000000,24.48000000,23.09000000,23.21000000,1089963.31000000,26072061.29450000,50113
2022-04-18,23.22000000,24.14000000,22.44000000,24.07000000,2671557.19000000,62002050.14400000,125417
2022-04-19,24.07000000,24.72000000,23.76000000,24.67000000,1812325.78000000,43876629.76640000,78151
2022-04-20,24.66000000,25.09000000,24.02000000,24.27000000,1763209.67000000,43344874.84480000,78675
2022-04-21,24.27000000,24.97000000,22.88000000,23.30000000,2218922.22000000,53640242.57920000,95288
2022-04-22,23.31000000,23.87000000,22.87000000,23.10000000,1832236.56000000,42828924.01420000,78918
2022-04-23,23.10000000,23.49000000,22.75000000,23.21000000,1008185.92000000,23311823.28430000,50066
2022-04-24,23.22000000,23.30000000,22.28000000,22.29000000,1246058.34000000,28354005.11230000,60682
2022-04-25,22.29000000,22.38000000,20.78000000,22.13000000,3019641.82000000,65004932.34460000,129555
2022-04-26,22.12000000,22.30000000,19.97000000,20.30000000,2694053.47000000,56968045.40070000,119088
2022-04-27,20.31000000,21.88000000,20.12000000,21.43000000,3260860.77000000,69177618.28030000,136872
2022-04-28,21.44000000,21.47000000,20.42000000,20.75000000,2804058.05000000,58816771.79040000,124659
2022-04-29,20.74000000,20.88000000,19.23000000,19.44000000,2868730.59000000,57598480.78620000,115328
2022-04-30,19.44000000,19.58000000,17.24000000,17.84000000,3225931.13000000,59792991.83960000,114314
2022-05-01,17.85000000,18.68000000,17.57000000,18.00000000,2985270.67000000,54114377.33120000,107236
2022-05-02,18.00000000,18.36000000,17.22000000,17.80000000,3433845.42000000,61125095.63020000,107701
2022-05-03,17.80000000,18.99000000,17.45000000,17.57000000,3156832.49000000,57560927.28790000,101795
2022-05-04,17.58000000,20.05000000,17.47000000,19.92000000,3554712.41000000,66516535.82360000,118859
2022-05-05,19.92000000,20.34000000,17.17000000,17.84000000,4950115.50000000,91826217.80500000,166093
2022-05-06,17.84000000,17.99000000,17.10000000,17.67000000,3188607.11000000,56162425.79230000,108830
2022-05-07,17.67000000,17.70000000,16.03000000,16.43000000,2751121.64000000,46330069.22565600,100497
2022-05-08,16.44000000,16.54000000,15.56000000,15.70000000,2905269.29000000,46481636.39270000,102275
2022-05-09,15.71000000,15.99000000,12.36000000,12.51000000,8248097.75200000,118218869.63932800,277309
2022-05-10,12.50000000,15.32000000,11.98000000,13.58000000,12251465.87300000,167808727.55944200,399944
2022-05-11,13.59000000,14.00000000,9.23000000,10.79000000,18707340.75700000,220420480.65759100,580301
2022-05-12,10.81000000,11.57000000,8.55000000,9.66000000,16915460.83000000,162314292.00040000,444579
2022-05-13,9.67000000,11.66000000,9.00000000,10.32000000,10824819.48000000,113654511.94420000,268427
2022-05-14,10.32000000,11.07000000,9.55000000,10.79000000,4317443.60000000,44631171.09850000,133074
2022-05-15,10.78000000,12.49000000,10.32000000,12.38000000,4661452.77000000,52978545.82810000,152259
2022-05-16,12.38000000,12.48000000,10.94000000,11.07000000,6604772.77000000,76164994.63400000,198920
2022-05-17,11.07000000,11.93000000,10.76000000,11.46000000,3473872.73000000,39593420.47950000,106298
2022-05-18,11.46000000,11.78000000,9.99000000,10.11000000,4066076.28000000,43609019.64290000,113162
2022-05-19,10.12000000,10.97000000,9.81000000,10.84000000,2766839.33000000,28831453.91010000,87561
2022-05-20,10.83000000,12.22000000,10.76000000,11.20000000,10024126.28000000,114760743.93630000,260704
2022-05-21,11.19000000,11.50000000,10.78000000,11.05000000,3221737.33000000,35763492.17090000,89986
2022-05-22,11.05000000,11.60000000,10.93000000,11.41000000,2571023.00000000,28966127.36600000,72637
2022-05-23,11.40000000,12.34000000,10.96000000,11.14000000,4666963.38000000,54875948.39140000,129984
2022-05-24,11.15000000,11.38000000,10.44000000,11.10000000,4131401.22000000,45150441.93860000,98652
2022-05-25,11.10000000,11.39000000,10.61000000,10.74000000,3142136.96000000,34287710.35230000,70400
2022-05-26,10.75000000,10.91000000,9.20000000,9.61000000,7152035.39000000,70255002.12160000,143787
2022-05-27,9.61000000,9.91000000,9.05000000,9.27000000,5056280.22000000,47775386.46780000,121543
2022-05-28,9.28000000,9.69000000,9.17000000,9.42000000,2662242.72000000,25170858.05460000,58342
2022-05-29,9.42000000,9.68000000,9.15000000,9.59000000,2270978.77000000,21447139.27530000,47206
2022-05-30,9.60000000,10.61000000,9.50000000,10.50000000,3994852.07000000,40674253.22580000,84612
2022-05-31,10.50000000,10.84000000,10.06000000,10.33000000,3957638.97000000,41229679.87070000,89517
2022-06-01,10.34000000,10.50000000,9.12000000,9.34000000,4124132.71000000,40860497.12570000,93110
2022-06-02,9.34000000,9.70000000,9.18000000,9.63000000,2839730.20000000,26732986.40610000,68048
2022-06-03,9.63000000,9.69000000,8.94000000,9.19000000,2582512.62000000,23860585.08660000,58534
2022-06-04,9.19000000,9.28000000,8.90000000,9.24000000,1545316.77000000,14105451.18820000,36262
2022-06-05,9.25000000,9.40000000,9.04000000,9.17000000,1276221.49000000,11745426.95010000,29645
2022-06-06,9.18000000,9.76000000,9.15000000,9.46000000,2631391.98000000,24964823.20210000,51851
2022-06-07,9.47000000,9.48000000,8.56000000,9.20000000,4917894.87000000,44269005.65660000,90962
2022-06-08,9.20000000,9.44000000,8.68000000,8.76000000,3137257.78000000,28039488.52430000,69704
2022-06-09,8.76000000,9.20000000,8.65000000,8.79000000,2502064.59000000,22158248.23130000,50359
2022-06-10,8.79000000,9.00000000,8.01000000,8.11000000,3674371.71100000,31115647.94612500,76322
2022-06-11,8.11000000,8.35000000,7.36000000,7.55000000,3146890.41700000,24534906.63857600,68207
2022-06-12,7.55000000,7.74000000,6.92000000,7.07000000,5206759.01200000,38115996.99212600,105874
2022-06-13,7.07000000,7.21000000,5.87000000,6.51000000,9782771.37300000,62187716.06425000,163669
2022-06-14,6.50000000,6.80000000,5.94000000,6.36000000,6138488.07000000,39556663.50320000,106120
2022-06-15,6.36000000,7.35000000,5.93000000,7.33000000,9507943.95000000,62635538.78760000,170306
2022-06-16,7.32000000,7.50000000,6.18000000,6.35000000,4608258.83000000,30983246.99620000,83330
2022-06-17,6.34000000,6.61000000,6.25000000,6.39000000,2868930.64000000,18477686.92610000,50504
2022-06-18,6.39000000,6.52000000,5.55000000,6.08000000,5133574.09000000,30598078.46385500,86218
2022-06-19,6.07000000,6.87000000,5.85000000,6.77000000,4610308.03000000,29055783.54730000,73465
2022-06-20,6.78000000,6.97000000,6.48000000,6.82000000,2960669.78000000,19945101.85660000,56626
2022-06-21,6.81000000,7.20000000,6.66000000,6.95000000,3386025.26000000,23544521.97450000,62587
2022-06-22,6.96000000,7.62000000,6.57000000,7.05000000,6279298.99000000,44405740.37540000,103678
2022-06-23,7.06000000,8.19000000,7.06000000,8.13000000,6004593.03000000,46320989.69750000,109319
2022-06-24,8.14000000,8.59000000,7.95000000,8.26000000,4923026.34000000,40746427.76220000,86739
2022-06-25,8.25000000,8.72000000,7.98000000,8.67000000,3243447.22000000,27057377.82310000,70467
2022-06-26,8.67000000,8.75000000,8.01000000,8.06000000,3245899.81000000,27396313.79630000,64542
2022-06-27,8.06000000,8.61000000,7.75000000,7.78000000,3364049.91000000,27545370.72730000,67536
2022-06-28,7.79000000,8.03000000,7.27000000,7.34000000,4548732.47000000,35021746.29300000,69282
2022-06-29,7.34000000,7.51000000,7.02000000,7.40000000,4239887.38000000,30693709.02230000,68119
2022-06-30,7.40000000,7.65000000,6.89000000,7.57000000,5310749.95000000,38340386.52450000,92433
2022-07-01,7.57000000,8.38000000,7.18000000,8.09000000,7398448.74000000,57529298.25360000,122693
2022-07-02,8.10000000,8.36000000,7.93000000,8.07000000,3864245.59000000,31430959.29160000,62440
2022-07-03,8.07000000,8.31000000,7.78000000,8.09000000,3447745.24000000,27596296.92720000,55006
2022-07-04,8.08000000,8.94000000,7.86000000,8.75000000,3791246.48000000,31772183.55830000,70408
2022-07-05,8.75000000,9.32000000,8.38000000,8.92000000,5892244.40000000,52438275.63850000,118247
2022-07-06,8.91000000,9.45000000,8.77000000,8.90000000,5519943.81000000,49996224.89140000,114393
2022-07-07,8.89000000,9.57000000,8.69000000,9.36000000,3994017.12000000,36429097.93960000,87570
2022-07-08,9.37000000,9.72000000,8.90000000,8.98000000,3378262.08000000,31139257.60250000,78616
2022-07-09,8.98000000,9.37000000,8.95000000,8.98000000,1763893.54000000,16146848.44500000,41653
2022-07-10,8.98000000,9.01000000,8.50000000,8.79000000,2105007.97000000,18369387.05400000,45720
2022-07-11,8.78000000,9.11000000,8.16000000,8.18000000,3444217.33000000,30169188.15800000,74699
2022-07-12,8.18000000,8.42000000,7.72000000,7.81000000,3414641.98000000,27603993.96620000,67684
2022-07-13,7.82000000,8.24600000,7.42000000,8.21100000,4170980.51000000,32599921.93540000,91102
2022-07-14,8.21200000,9.06300000,8.08900000,8.99000000,5907099.63000000,49874690.92850000,170496
2022-07-15,8.98700000,9.49800000,8.87600000,9.05800000,6293245.66000000,57645067.57955000,152845
2022-07-16,9.06000000,9.39500000,8.79600000,9.23700000,4013187.12000000,36411247.24495000,99111
2022-07-17,9.23700000,9.36400000,8.86000000,8.92100000,3378089.90000000,30764114.63929000,85370
2022-07-18,8.92000000,9.87700000,8.87100000,9.57700000,5986911.43000000,56885151.66028000,165251
2022-07-19,9.57600000,10.78000000,9.23600000,10.51900000,8469037.25000000,84932225.96984000,249073
2022-07-20,10.52100000,10.63600000,9.58200000,9.68000000,5346162.56000000,54336228.66324000,158815
2022-07-21,9.67800000,11.26000000,9.61100000,11.05100000,9747916.94000000,102689785.63274000,291197
2022-07-22,11.05100000,11.35000000,10.32100000,10.64200000,4942009.88000000,53428148.40977000,161515
2022-07-23,10.63500000,11.21000000,9.75200000,10.11800000,5939756.95000000,61379094.44192000,165008
2022-07-24,10.12100000,10.30000000,9.88900000,9.97600000,3311516.48000000,33520784.13737000,98751
2022-07-25,9.97600000,10.00000000,8.96400000,8.98000000,5108508.45000000,47763150.26410000,118780
2022-07-26,8.98200000,9.70400000,8.58700000,9.22200000,6721031.88000000,61828021.16590000,175486
2022-07-27,9.22300000,10.31700000,9.02800000,10.31000000,5555189.19000000,53150192.88556000,149330
2022-07-28,10.31000000,11.16500000,10.08000000,10.86500000,5475660.31000000,57988456.75669000,170830
2022-07-29,10.86500000,11.49500000,10.35000000,11.16900000,4210393.71000000,45537016.30415000,150995
2022-07-30,11.16800000,11.36400000,10.51400000,10.70500000,3536041.94000000,38454792.60708000,123173
2022-07-31,10.70500000,11.07600000,10.28200000,10.35100000,2425268.80000000,25997842.55098000,93375
2022-08-01,10.35100000,10.79200000,10.04500000,10.39600000,2403372.78000000,24914769.17782000,89928
2022-08-02,10.39700000,10.47100000,9.76100000,9.91400000,2610861.85000000,26197271.06260000,96896
2022-08-03,9.91500000,10.53600000,9.64200000,10.15900000,2085160.59000000,21278054.94411000,85348
2022-08-04,10.15900000,10.61800000,10.12000000,10.35600000,2204290.06000000,22848138.12881000,87339
2022-08-05,10.36000000,10.99300000,10.29700000,10.96700000,2308323.22000000,24748265.49155000,88583
2022-08-06,10.96800000,11.01300000,10.56600000,10.63100000,1188162.82000000,12847649.65048000,51847
2022-08-07,10.63100000,11.61000000,10.46100000,11.36000000,2996333.46000000,33501078.67904000,110464
2022-08-08,11.35800000,12.16400000,11.21400000,11.81300000,3469354.72000000,40643958.46524000,130097
2022-08-09,11.81200000,12.24800000,11.07400000,11.38600000,3497220.33000000,40674424.63987000,116073
2022-08-10,11.38100000,12.04300000,10.49000000,11.97300000,6263928.04000000,70393689.25804000,188795
2022-08-11,11.97400000,12.31400000,11.67700000,11.75400000,2874371.45000000,34515492.61659000,108107
2022-08-12,11.75500000,12.09100000,11.42000000,12.05000000,1845628.54000000,21643979.80584000,74453
2022-08-13,12.04900000,12.41000000,11.83700000,11.90200000,1623058.21000000,19674777.21887000,80054
2022-08-14,11.90500000,12.18500000,11.45000000,11.58300000,1615903.33000000,19147942.21936000,75340
2022-08-15,11.58400000,11.95000000,11.17200000,11.40000000,1610496.47000000,18502180.36438000,69523
2022-08-16,11.39700000,11.66600000,11.17400000,11.39900000,1993872.34000000,22819015.35703000,76706
2022-08-17,11.39700000,11.92700000,11.18400000,11.74500000,3013153.23000000,34981003.31179000,120726
2022-08-18,11.74900000,12.28400000,11.39800000,11.44200000,4101092.76000000,48740632.47522000,150853
2022-08-19,11.44300000,11.44900000,10.15700000,10.75300000,4620009.09000000,49605700.30149000,157811
2022-08-20,10.75300000,10.97300000,9.96900000,10.23300000,2965583.95000000,31349073.04685000,102504
2022-08-21,10.23300000,10.78700000,10.21300000,10.64200000,1910254.41000000,20096883.40343000,66633
2022-08-22,10.64700000,11.15000000,10.04300000,11.09000000,2698589.34000000,28670280.70456000,91718
2022-08-23,11.08900000,12.39000000,10.96700000,12.12200000,5930993.11000000,69771729.13394000,217130
2022-08-24,12.13000000,13.45000000,11.59500000,13.01900000,8558648.46000000,107838364.56966000,279013
2022-08-25,13.02100000,13.43200000,12.56000000,12.85900000,6263226.91000000,80690981.09334000,207784
2022-08-26,12.85300000,13.12900000,11.33900000,11.54900000,7256116.83000000,89846264.39011000,261844
2022-08-27,11.54900000,11.54900000,10.68700000,11.17100000,4763181.19000000,52485870.39771000,173977
2022-08-28,11.17000000,11.37600000,10.45200000,10.56700000,2751168.28000000,30319328.80670000,101013
2022-08-29,10.56500000,11.72900000,10.17300000,11.43500000,3934061.85000000,42741806.48551000,132761
2022-08-30,11.43400000,12.17000000,11.11500000,11.92700000,5160873.78000000,59999972.81177000,174950
2022-08-31,11.93000000,12.34900000,11.54600000,11.81600000,3841325.73000000,46039475.04626000,137382
2022-09-01,11.81600000,12.85200000,11.45600000,12.73300000,4031565.01000000,48677009.66822000,162697
2022-09-02,12.73400000,13.07800000,12.32700000,12.61100000,3522484.26000000,44477395.45524000,138299
2022-09-03,12.60900000,12.88000000,12.12600000,12.62300000,2290920.45000000,28575269.48033000,95487
2022-09-04,12.62200000,13.05000000,12.40100000,13.04500000,2124599.68000000,27124501.88889000,98214
2022-09-05,13.04600000,13.35900000,12.47400000,12.63300000,2229818.62000000,28570377.63871000,98069
2022-09-06,12.63000000,12.98900000,11.75000000,11.77900000,3928619.99000000,48290305.17436000,151773
2022-09-07,11.77500000,13.24900000,11.53600000,12.92900000,3791678.48000000,46427949.84714000,158737
2022-09-08,12.93000000,14.14900000,12.62600000,13.88300000,5941151.54000000,79808270.71741000,256275
2022-09-09,13.88700000,17.19800000,13.75300000,16.12800000,10412714.56000000,163329422.90461000,480177
2022-09-10,16.13100000,16.41400000,15.45700000,15.99200000,5142716.66000000,82151475.96805000,228924
2022-09-11,15.99100000,16.31300000,15.22800000,15.69300000,3269962.88000000,51630083.85198000,160891
2022-09-12,15.69300000,16.52400000,14.96900000,15.52800000,4991276.55000000,78398450.07193000,241320
2022-09-13,15.52800000,16.21300000,13.70800000,13.90000000,6344349.57000000,94947630.71112000,277711
2022-09-14,13.89800000,14.44500000,13.38000000,13.96900000,3590401.19000000,50287609.97002000,152535
2022-09-15,13.97300000,15.56800000,13.22400000,14.89700000,7365285.50000000,107238156.47613000,334896
2022-09-16,14.89900000,16.80000000,14.60000000,16.60500000,7752475.36000000,121830384.99673000,361047
2022-09-17,16.60000000,16.96400000,16.03800000,16.40500000,4971229.88000000,81918590.60872000,224372
2022-09-18,16.40600000,16.41200000,14.57000000,14.69300000,4769368.36000000,73862682.90121000,207580
2022-09-19,14.70100000,16.06100000,14.60400000,15.62000000,8070915.79000000,123856823.18102000,349543
2022-09-20,15.61800000,15.88900000,13.81700000,13.91900000,5485331.03000000,80605191.91113000,231630
2022-09-21,13.91700000,15.10000000,12.95500000,13.39000000,8587280.12000000,120906481.69467000,326202
2022-09-22,13.38600000,14.99600000,13.26300000,14.63300000,6252663.72000000,89279418.74040000,242125
2022-09-23,14.62900000,15.26900000,13.44100000,14.22300000,6977954.12000000,99099098.09440000,259641
2022-09-24,14.22200000,14.29200000,13.55600000,13.63500000,3080741.04000000,43081225.75388000,134360
2022-09-25,13.63500000,14.83500000,13.59300000,13.97600000,4663322.79000000,66120567.79869000,210680
2022-09-26,13.97200000,14.89900000,13.74800000,13.91300000,6599448.30000000,93640838.91535000,254489
2022-09-27,13.90900000,14.74000000,13.15900000,13.49100000,6010058.33000000,84136684.51805000,234504
2022-09-28,13.48900000,13.58400000,12.62600000,12.99700000,5182644.36000000,67444327.60777000,182744
2022-09-29,12.99700000,13.07600000,12.42100000,12.77100000,3951949.99000000,50431706.02660000,142146
2022-09-30,12.77300000,13.24700000,12.61000000,13.02400000,3787146.69000000,49107840.61443000,132918
2022-10-01,13.02300000,13.09900000,12.49000000,12.68200000,1589711.08000000,20400999.70518000,71172
2022-10-02,12.68300000,12.89600000,11.95400000,11.99200000,2297392.21000000,28712605.54710000,88885
2022-10-03,11.99100000,12.95700000,11.82500000,12.85500000,3540214.85000000,44217480.99552000,124419
2022-10-04,12.85600000,13.28600000,12.74600000,13.01900000,2938301.46000000,38345592.89672000,117692
2022-10-05,13.02000000,13.13600000,12.61500000,13.00500000,2120541.33000000,27290405.90833000,76586
2022-10-06,13.00500000,13.46100000,12.87100000,13.01600000,3442348.10000000,45278238.20495000,124819
2022-10-07,13.01600000,13.09100000,12.64800000,13.05600000,2444568.20000000,31506459.03407000,91248
2022-10-08,13.05600000,13.35000000,12.94400000,13.14800000,2054083.23000000,27021063.43638000,80346
2022-10-09,13.14700000,13.27500000,13.03300000,13.19400000,1173539.93000000,15427845.03234000,53833
2022-10-10,13.19100000,13.27000000,12.34000000,12.43600000,1854551.91000000,23791343.42213000,75796
2022-10-11,12.43500000,12.53800000,12.09700000,12.17300000,2037518.63000000,25135642.44419000,84019
2022-10-12,12.17300000,12.21500000,11.65500000,11.74200000,1884472.33000000,22538860.79024000,84611
2022-10-13,11.73900000,11.81200000,10.55200000,11.33900000,3945132.39000000,44126032.16925000,155068
2022-10-14,11.33700000,12.27400000,11.29700000,11.64300000,2987570.57000000,35563418.50439000,108740
2022-10-15,11.64500000,11.76700000,11.43600000,11.51500000,1079044.64000000,12503299.26980000,48519
2022-10-16,11.51400000,11.85100000,11.50200000,11.69900000,1059351.57000000,12349420.40157000,43091
2022-10-17,11.69800000,12.49900000,11.63500000,12.43000000,2165607.50000000,26365563.50039000,86294
2022-10-18,12.43000000,12.77500000,12.11000000,12.52200000,2384578.05000000,29769544.60566000,104494
2022-10-19,12.52200000,12.64300000,11.69200000,11.75300000,2288684.96000000,28023019.44632000,91129
2022-10-20,11.75300000,12.00000000,11.23200000,11.37800000,1983252.05000000,23119107.65749000,87389
2022-10-21,11.37800000,11.78400000,10.91700000,11.73600000,2134147.66000000,24133221.50870000,87190
2022-10-22,11.73700000,11.89200000,11.46300000,11.71500000,1240901.74000000,14482542.01709000,50374
2022-10-23,11.71400000,12.13800000,11.43400000,12.11400000,1389978.72000000,16314612.32875000,55978
2022-10-24,12.11400000,12.17400000,11.58200000,11.65000000,1575244.74000000,18570054.63918000,59207
2022-10-25,11.65000000,12.36800000,11.54300000,11.99900000,2267545.92000000,27151384.16815000,84286
2022-10-26,12.00000000,12.54300000,11.91700000,12.27800000,2699503.74000000,33157853.99726000,102724
2022-10-27,12.27900000,13.23800000,12.26100000,12.65500000,4256958.26000000,54757609.46964000,163783
2022-10-28,12.65800000,13.84000000,12.59500000,13.53000000,7136921.82000000,95075421.56269000,239459
2022-10-29,13.53700000,13.97000000,13.34000000,13.47200000,3346514.02000000,45475784.24375000,133351
2022-10-30,13.47300000,14.13000000,13.30400000,13.92000000,3031314.96000000,41565908.64560000,135782
2022-10-31,13.92000000,14.50000000,13.78300000,14.31900000,3570806.46000000,50540841.48218000,171750
2022-11-01,14.32100000,14.46200000,13.85000000,14.07400000,2059461.11000000,29078265.00041000,95242
2022-11-02,14.08000000,14.23200000,13.01600000,13.29500000,3043015.49000000,41440826.49730000,145208
2022-11-03,13.29500000,13.90000000,13.25200000,13.51000000,2254464.64000000,30775763.70842000,101102
2022-11-04,13.51000000,15.19800000,13.40900000,15.03500000,4580906.20000000,67162504.75932000,237319
2022-11-05,15.02900000,15.81400000,14.95500000,15.38000000,3293656.22000000,50730414.64219000,171533
2022-11-06,15.38400000,15.41000000,14.43100000,14.44300000,2368996.29000000,35484848.71400000,120930
2022-11-07,14.44400000,14.80500000,13.86000000,14.27500000,3498112.75000000,50257250.99779000,157762
2022-11-08,14.27600000,14.44400000,11.23200000,12.14600000,8341297.23000000,108009569.35161000,388483
2022-11-09,12.15200000,12.32600000,9.37000000,9.79100000,7516810.93000000,83321009.52684000,372992
2022-11-10,9.78600000,12.51100000,9.56700000,12.17000000,8009015.99000000,90268917.45719000,325414
2022-11-11,12.16200000,12.42000000,11.17700000,11.67200000,4023675.08000000,47316968.24843000,171323
2022-11-12,11.67600000,11.70300000,10.84000000,10.95100000,1882811.30000000,20940253.46036000,98687
2022-11-13,10.95300000,11.10700000,10.05000000,10.19000000,3084666.25000000,32541877.98958000,143030
2022-11-14,10.18600000,10.70500000,9.61600000,10.32900000,4049126.02000000,41345026.12347000,210198
2022-11-15,10.32900000,10.89000000,10.18600000,10.55600000,2465695.24000000,26036598.20773000,135955
2022-11-16,10.55700000,10.63700000,9.96200000,10.15200000,2048566.23000000,21031978.45339000,99033
2022-11-17,10.15200000,10.20100000,9.85300000,9.91800000,1645943.20000000,16505628.36847000,78680
2022-11-18,9.92000000,10.24600000,9.78600000,9.97200000,1708787.37000000,17154752.72582000,72057
2022-11-19,9.97200000,10.05800000,9.73700000,9.99500000,1002202.20000000,9906824.24244000,49408
2022-11-20,9.99600000,10.04700000,9.30600000,9.35400000,1304000.89000000,12712262.16587000,67460
2022-11-21,9.35300000,9.36000000,8.77700000,9.01100000,2299786.83000000,20852414.73655000,121526
2022-11-22,9.01200000,9.56500000,8.72800000,9.54700000,2779501.34000000,25388660.92321000,129927
2022-11-23,9.54800000,9.97900000,9.53500000,9.93300000,2090457.37000000,20449671.88141000,93241
2022-11-24,9.93300000,10.22800000,9.78300000,10.15300000,1703495.30000000,17064096.01333000,83574
2022-11-25,10.15300000,10.18100000,9.76200000,10.02500000,1100769.64000000,10977433.07815000,62839
2022-11-26,10.02600000,10.44900000,9.99800000,10.11100000,1467833.33000000,14991314.95794000,76228
2022-11-27,10.10900000,10.33500000,9.89500000,9.92500000,934305.85000000,9479396.94457000,51147
2022-11-28,9.92700000,9.97100000,9.44000000,9.86200000,1672950.06000000,16251948.03827000,81765
2022-11-29,9.86100000,10.30000000,9.83300000,10.18100000,1705131.62000000,17216292.06756000,79328
2022-11-30,10.18400000,10.64000000,10.18300000,10.49400000,1848980.88000000,19274826.87744000,97707
2022-12-01,10.49400000,10.58000000,10.13100000,10.26800000,1555215.31000000,16090147.16650000,80310
2022-12-02,10.26900000,10.40000000,10.11800000,10.36600000,1363031.57000000,13989902.18513000,60273
2022-12-03,10.36700000,10.41400000,9.97800000,10.02100000,1003730.91000000,10253171.86017000,43442
2022-12-04,10.02200000,10.28700000,10.01800000,10.25500000,891823.05000000,9051002.44201000,35141
2022-12-05,10.25600000,10.57400000,10.14500000,10.26400000,2046082.72000000,21252165.52643000,68457
2022-12-06,10.26600000,10.38100000,9.99400000,10.16600000,1875786.89000000,19047852.73811000,58614
2022-12-07,10.16600000,10.18800000,9.49200000,9.61700000,2666263.16000000,26100469.49940000,78839
2022-12-08,9.61800000,9.85900000,9.46800000,9.83300000,1259720.93000000,12183423.06096000,49234
2022-12-09,9.83500000,9.90300000,9.62700000,9.75800000,1187305.00000000,11604753.07352000,40939
2022-12-10,9.76000000,10.45000000,9.63700000,9.94500000,3403555.49000000,33925545.89496000,94837
2022-12-11,9.94500000,9.98600000,9.50900000,9.53400000,1180031.06000000,11559815.37380000,44300
2022-12-12,9.53500000,9.67200000,9.41400000,9.62200000,1514529.24000000,14450931.60754000,53385
2022-12-13,9.62300000,9.88800000,9.13000000,9.75400000,2584818.63000000,24667077.15149000,88610
2022-12-14,9.75500000,10.01800000,9.51000000,9.59100000,1868175.23000000,18311062.02427000,64511
2022-12-15,9.59600000,9.66900000,9.37000000,9.42600000,1249265.34000000,11915045.82848000,42604
2022-12-16,9.43000000,9.52200000,8.43700000,8.58700000,2067982.16000000,18635763.02548000,82739
2022-12-17,8.58500000,8.81100000,8.46900000,8.80300000,1069959.72000000,9286274.62858000,42052
2022-12-18,8.80400000,8.95000000,8.75200000,8.85700000,905122.01000000,8006585.58255000,32818
2022-12-19,8.85800000,8.94500000,8.56300000,8.64400000,1256913.62000000,11057212.74492000,47830
2022-12-20,8.64200000,9.04800000,8.54500000,8.95100000,1488982.31000000,13238063.79341000,49972
2022-12-21,8.95200000,9.05400000,8.76300000,8.86400000,1385151.08000000,12371872.93479000,43071
2022-12-22,8.86400000,9.01000000,8.66900000,8.99000000,1308518.62000000,11598220.06387000,43497
2022-12-23,8.99000000,9.05000000,8.88300000,8.91300000,1004144.93000000,9009127.51559000,34496
2022-12-24,8.91300000,9.05000000,8.88200000,8.96200000,982387.34000000,8826249.63627000,28270
2022-12-25,8.96200000,9.12700000,8.82300000,9.01000000,925842.16000000,8293404.01992000,31168
2022-12-26,9.01200000,9.19700000,9.00600000,9.18300000,1057109.05000000,9613463.25199000,29785
2022-12-27,9.18600000,9.44000000,9.13300000,9.21500000,1715598.95000000,15910348.67014000,49491
2022-12-28,9.21500000,9.28000000,8.90600000,9.13400000,2127419.90000000,19406879.26169000,56177
2022-12-29,9.13400000,9.39900000,9.02200000,9.33000000,1892003.40000000,17528656.49216000,48439
2022-12-30,9.33000000,9.39900000,9.21400000,9.38200000,1570631.73000000,14657394.00032000,42264
2022-12-31,9.38200000,9.47500000,9.26400000,9.35300000,881458.00000000,8262582.20216000,24190
2023-01-01,9.35500000,9.47900000,9.30200000,9.46200000,770066.14000000,7238386.42978000,23090
2023-01-02,9.46000000,10.05500000,9.38300000,9.81800000,2417260.38000000,23708070.03799000,66883
2023-01-03,9.81800000,10.45200000,9.75500000,10.15700000,3026088.93000000,30561337.59101000,75621
2023-01-04,10.15700000,10.48700000,10.04700000,10.19600000,2495644.89000000,25598568.02967000,72964
2023-01-05,10.19700000,10.23500000,9.98900000,10.08500000,1374921.87000000,13889427.92034000,50489
2023-01-06,10.08600000,10.29500000,9.91000000,10.25100000,1609589.03000000,16189698.05582000,58473
2023-01-07,10.25400000,10.37100000,10.13900000,10.19600000,792550.64000000,8116887.29229000,38178
2023-01-08,10.19600000,10.60500000,9.98800000,10.54900000,1907691.90000000,19629305.45145000,62837
2023-01-09,10.54900000,11.50800000,10.52000000,11.11200000,3837626.63000000,42722660.80419000,128118
2023-01-10,11.11100000,11.34800000,10.85100000,11.32700000,1590479.17000000,17728876.95674000,57044
2023-01-11,11.32700000,11.90400000,11.05300000,11.85600000,1748292.60000000,19803798.94587000,68312
2023-01-12,11.85300000,12.35700000,11.54000000,12.27300000,3013448.73000000,35863257.19269000,119169
2023-01-13,12.27100000,12.52200000,11.91300000,12.40600000,2059354.84000000,25056024.76108000,85272
2023-01-14,12.40800000,13.43400000,12.06600000,12.87400000,4590987.91000000,58629533.24737000,185054
2023-01-15,12.87400000,13.35500000,12.37000000,12.77800000,1950223.32000000,24794925.16234000,86628
2023-01-16,12.77600000,13.07200000,12.04100000,12.34200000,2632182.71000000,32914254.30237000,108358
2023-01-17,12.34400000,12.64000000,12.05000000,12.15500000,2002391.20000000,24830575.63813000,80199
2023-01-18,12.15600000,12.53700000,11.40100000,11.54200000,2427316.39000000,29088950.66377000,109074
2023-01-19,11.53500000,12.09700000,11.53100000,12.01200000,1183895.81000000,13996933.26749000,56960
2023-01-20,12.01000000,13.39000000,11.92800000,13.14400000,2239008.05000000,28242386.92237000,114259
2023-01-21,13.14400000,13.62000000,12.86800000,13.08300000,2586327.49000000,34309579.11188000,118498
2023-01-22,13.08700000,13.79900000,12.80100000,13.32800000,2959555.52000000,39081832.43848000,124412
2023-01-23,13.32400000,13.57000000,12.79000000,13.06000000,1862884.32000000,24532491.78031000,86585
2023-01-24,13.06800000,13.38000000,12.34000000,12.44500000,1474837.98000000,19153678.45852000,76834
2023-01-25,12.44400000,13.76200000,12.13700000,13.56100000,2733851.97000000,35676374.60015000,133280
2023-01-26,13.56200000,13.72100000,12.80000000,13.11100000,2601521.50000000,34385515.77807000,116751
2023-01-27,13.10700000,13.63300000,12.61100000,13.53200000,2078289.13000000,27286663.27245000,96294
2023-01-28,13.53000000,13.89800000,13.03700000,13.22000000,1875738.51000000,25230006.88037000,87888
2023-01-29,13.22000000,13.96000000,13.01900000,13.80300000,1890777.78000000,25740717.15547000,85393
2023-01-30,13.80500000,14.00000000,12.75000000,13.07300000,2189288.86000000,29240273.82196000,106091
2023-01-31,13.06800000,13.48900000,13.02200000,13.36200000,1511153.22000000,20050301.46254000,76056
2023-02-01,13.36300000,14.94000000,13.27100000,14.92500000,4944426.40000000,69793446.18205000,228782
2023-02-02,14.92800000,15.23000000,14.23100000,14.40700000,3484156.26000000,51443898.73309000,147694
2023-02-03,14.40900000,15.45000000,14.35600000,14.99200000,2746783.98000000,40974152.68080000,151988
2023-02-04,14.99100000,15.08600000,14.57300000,14.66500000,1358301.69000000,20193682.86001000,68965
2023-02-05,14.66300000,14.80800000,14.07100000,14.73600000,2177134.11000000,31570954.69701000,108673
2023-02-06,14.73900000,14.89500000,14.00000000,14.14300000,1696770.06000000,24444091.43468000,88712
2023-02-07,14.13900000,15.07100000,14.10000000,14.95700000,2542423.54000000,37092601.63731000,109465
2023-02-08,14.95200000,15.37600000,14.57000000,15.15100000,2811740.38000000,42253712.38255000,135525
2023-02-09,15.15300000,15.35200000,13.18000000,13.53000000,3372906.85000000,48517207.93482000,155313
2023-02-10,13.52900000,14.00000000,13.41400000,13.70500000,1991837.12000000,27385024.96035000,103340
2023-02-11,13.69500000,13.79500000,13.41600000,13.74900000,948742.70000000,12895695.49800000,49997
2023-02-12,13.74800000,13.94800000,13.37600000,13.53900000,992527.46000000,13666423.75513000,48891
2023-02-13,13.54300000,13.54500000,12.66700000,13.12900000,2010111.41000000,26354780.34284000,89876
2023-02-14,13.13000000,13.57800000,12.70600000,13.39900000,2025045.53000000,26860232.06978000,105133
2023-02-15,13.39900000,14.30000000,13.22700000,14.29700000,1887845.86000000,25697468.68771000,104980
2023-02-16,14.29700000,14.41000000,13.37200000,13.42700000,2689651.21000000,37731594.30355000,141235
2023-02-17,13.42700000,14.33600000,13.33800000,14.17000000,1856732.18000000,25823691.11144000,101910
2023-02-18,14.17000000,14.49900000,13.92400000,14.28900000,1573416.25000000,22351462.10870000,78342
2023-02-19,14.29000000,14.78400000,13.95000000,14.12600000,2752285.26000000,39854757.75625000,128442
2023-02-20,14.12600000,14.59500000,13.81000000,14.42300000,1841110.05000000,26351995.20540000,98074
2023-02-21,14.42400000,14.62000000,13.61200000,13.86600000,1979920.65000000,27872556.17105000,100959
2023-02-22,13.86700000,14.02100000,13.19000000,13.58700000,1722062.18000000,23340240.19820000,86547
2023-02-23,13.58700000,13.95000000,13.45300000,13.73800000,1247193.25000000,17064058.62246000,67787
2023-02-24,13.73400000,13.84800000,12.85000000,13.08000000,1698892.71000000,22584821.73367000,88786
2023-02-25,13.07900000,13.21500000,12.46600000,12.84200000,1499663.67000000,19403455.66211000,76940
2023-02-26,12.83800000,13.10000000,12.77000000,12.96100000,991142.45000000,12829542.36667000,52284
2023-02-27,12.96000000,13.10000000,12.58200000,12.78600000,1142283.99000000,14645687.70468000,66717
2023-02-28,12.78400000,12.80000000,12.11300000,12.27900000,1243928.23000000,15536364.15402000,66054
2023-03-01,12.27900000,12.94600000,12.21300000,12.77800000,1453616.26000000,18379822.22251000,64759
2023-03-02,12.77900000,12.86900000,12.15600000,12.46600000,1108793.07000000,13793253.32628000,53325
2023-03-03,12.46500000,12.47500000,11.55400000,12.01600000,1423281.30000000,16939674.03128000,71445
2023-03-04,12.01500000,12.08600000,11.60500000,11.84300000,553288.34000000,6578239.33873000,30822
2023-03-05,11.84200000,12.26500000,11.83200000,12.01900000,986698.80000000,11969735.83631000,46701
2023-03-06,12.01900000,12.22500000,11.84000000,11.97800000,701811.61000000,8440199.08722000,39352
2023-03-07,11.97800000,12.08400000,11.42400000,11.75000000,1116207.11000000,13094845.10160000,54615
2023-03-08,11.75300000,11.82100000,10.85000000,10.95800000,1337397.77000000,15101617.24977000,68304
2023-03-09,10.95700000,11.06200000,10.42300000,11.03200000,3540605.22000000,38133985.67722000,146867
2023-03-10,11.03200000,11.40500000,10.29100000,11.14100000,4156792.30000000,45243925.15149000,181095
2023-03-11,11.14200000,11.37700000,10.55600000,11.01900000,2695664.13000000,29505534.22370000,120988
2023-03-12,11.02000000,11.73900000,10.87600000,11.69500000,2123379.29000000,23799074.92074000,98915
2023-03-13,11.69400000,12.23800000,11.28100000,11.98400000,2874750.29000000,33939390.65348000,139359
2023-03-14,11.98400000,13.48700000,11.87100000,13.04000000,4666632.78000000,59264200.82140000,223430
2023-03-15,13.03800000,13.34400000,11.59400000,12.41600000,4194228.38000000,52641061.70545000,204049
2023-03-16,12.40900000,12.97900000,12.27000000,12.81400000,2593318.01000000,32683177.60122000,143228
2023-03-17,12.81100000,13.25000000,12.61500000,13.16600000,2495770.73000000,32346680.50625000,142222
2023-03-18,13.16400000,13.41900000,12.05000000,12.21800000,3654000.88000000,46927611.79385000,196992
2023-03-19,12.22000000,13.06800000,12.05000000,12.30600000,2682551.98000000,33619734.04740000,150694
2023-03-20,12.30800000,12.44500000,11.47200000,11.54500000,2679318.66000000,31979071.67139000,146880
2023-03-21,11.54900000,12.17300000,11.25100000,11.91500000,2409510.45000000,28341341.01540000,124109
2023-03-22,11.91600000,11.99600000,10.91800000,11.32700000,3003953.70000000,34646106.14397000,169299
2023-03-23,11.32700000,12.38000000,11.22700000,11.68300000,1932059.48000000,22523286.92492000,98740
2023-03-24,11.68000000,11.72400000,10.98000000,11.19200000,1537028.73000000,17443291.89640000,88585
2023-03-25,11.19300000,11.89800000,10.91700000,11.08500000,1248714.55000000,13925329.80466000,63942
2023-03-26,11.08600000,11.46300000,11.02800000,11.32600000,904183.17000000,10191327.11663000,46410
2023-03-27,11.32700000,11.35400000,10.61100000,10.83800000,1736664.43000000,19036585.72433000,73630
2023-03-28,10.83700000,11.65000000,10.67500000,11.21200000,2078626.23000000,23129582.91892000,96982
2023-03-29,11.21300000,11.55400000,11.10000000,11.43000000,4197271.82000000,47424243.08670000,177887
2023-03-30,11.42900000,11.56700000,10.91800000,11.14900000,2554870.77000000,28523172.57765000,115732
2023-03-31,11.14900000,11.39000000,10.98000000,11.18800000,2122617.80000000,23710476.87005000,88595
2023-04-01,11.18800000,11.49900000,11.04200000,11.38300000,1766629.63000000,19840870.03702000,76232
2023-04-02,11.38400000,11.59000000,10.96700000,11.12000000,1762619.27000000,19898139.44298000,86710
2023-04-03,11.12100000,11.26300000,10.69200000,11.14700000,2437287.39000000,26860993.86170000,121886
2023-04-04,11.14700000,11.42700000,11.03000000,11.28500000,2293322.08000000,25843949.46210000,84673
2023-04-05,11.28300000,11.59700000,11.12600000,11.52300000,2313664.50000000,26392391.53528000,87147
2023-04-06,11.52300000,11.63400000,11.23300000,11.33400000,2088084.31000000,23855583.79079000,83250
2023-04-07,11.33400000,11.35600000,10.91900000,11.04600000,1999070.48000000,22121834.68743000,79737
2023-04-08,11.04500000,11.19600000,10.86600000,10.95900000,1098295.31000000,12110449.69840000,50189
2023-04-09,10.95900000,11.09300000,10.86200000,11.02800000,936338.61000000,10271093.79463000,39147
2023-04-10,11.02800000,11.23000000,10.91000000,11.18000000,1399850.30000000,15489014.35387000,59758
2023-04-11,11.18000000,11.40900000,11.11500000,11.26700000,1718610.86000000,19386693.17068000,78807
2023-04-12,11.26700000,11.36200000,10.92100000,11.31800000,1846368.86000000,20659497.85847000,85859
2023-04-13,11.31800000,11.99700000,11.24000000,11.80700000,2345843.40000000,27365299.70634000,101290
2023-04-14,11.80500000,12.46000000,11.79100000,12.25400000,3931691.17000000,47971119.11325000,173702
2023-04-15,12.25200000,12.48500000,12.03900000,12.37100000,1838098.61000000,22593286.86011000,82073
2023-04-16,12.36900000,12.90000000,12.36700000,12.66200000,2646291.43000000,33583184.66598000,120667
2023-04-17,12.66200000,12.94000000,12.31000000,12.35200000,2187222.50000000,27532257.91433000,102118
2023-04-18,12.35200000,12.77300000,12.15400000,12.55500000,1888010.50000000,23650068.50508000,84979
2023-04-19,12.55500000,12.58600000,11.47800000,11.70200000,3442606.38000000,40945118.39665000,161463
2023-04-20,11.69600000,12.12700000,11.27900000,11.39300000,2760386.06000000,32295086.12059000,133606
2023-04-21,11.39200000,11.49100000,10.63900000,10.80700000,2904058.12000000,32185570.67518000,126963
2023-04-22,10.80700000,11.05200000,10.70000000,11.03000000,1434226.76000000,15629089.95949000,65936
2023-04-23,11.03500000,11.04500000,10.56900000,10.81600000,1165478.59000000,12628892.84452000,54785
2023-04-24,10.81900000,10.98400000,10.65000000,10.90300000,1392230.10000000,15067219.76312000,63050
2023-04-25,10.90300000,11.09000000,10.65700000,11.05000000,1269398.63000000,13760459.05776000,57013
2023-04-26,11.04800000,11.39900000,10.20000000,10.93700000,2969497.98000000,32371238.25193000,132699
2023-04-27,10.94100000,11.78100000,10.88000000,11.51900000,2968922.76000000,33819445.13500000,142379
2023-04-28,11.51800000,11.76700000,11.27400000,11.71500000,1654062.88000000,19090780.87802000,75497
2023-04-29,11.71500000,11.83200000,11.53200000,11.70700000,928025.25000000,10857452.92833000,45296
2023-04-30,11.70800000,11.95800000,11.46000000,11.51500000,1334539.94000000,15678960.50313000,67320
2023-05-01,11.51300000,11.56900000,10.83100000,11.00300000,1895490.75000000,21103968.41827000,93433
2023-05-02,11.00000000,11.11000000,10.88400000,11.03000000,974178.79000000,10719713.54450000,45961
2023-05-03,11.03200000,11.16100000,10.74800000,11.10200000,1436293.40000000,15701370.62413000,73419
2023-05-04,11.10200000,11.14200000,10.88800000,10.98000000,941697.70000000,10363221.65654000,39291
2023-05-05,10.97900000,11.30700000,10.94000000,11.21400000,1173260.80000000,13078500.94579000,52628
2023-05-06,11.21400000,11.29500000,10.75600000,10.84100000,992886.54000000,10894693.67013000,45237
2023-05-07,10.84100000,11.09700000,10.77400000,10.97400000,811361.93000000,8868897.21887000,34887
2023-05-08,10.97000000,11.14400000,10.39300000,10.59100000,2932929.87000000,31605183.88266000,130260
2023-05-09,10.59000000,10.71600000,10.14800000,10.37500000,1909951.00000000,19941249.86556000,78011
2023-05-10,10.37500000,11.20000000,10.20000000,10.98300000,3105538.77000000,33426855.53581000,139219
2023-05-11,10.98500000,11.07900000,10.51100000,11.02600000,2367306.81000000,25707133.56795000,112048
2023-05-12,11.02400000,11.27800000,10.72900000,11.15200000,2730596.50000000,30130233.36740000,126345
2023-05-13,11.15100000,11.17200000,10.81100000,10.88300000,1451623.75000000,15859979.45070000,56135
2023-05-14,10.88200000,11.10400000,10.80400000,10.91800000,1695546.34000000,18516847.08124000,55003
2023-05-15,10.91800000,11.10400000,10.72500000,10.79800000,1248831.16000000,13668779.17950000,49956
2023-05-16,10.79500000,11.19100000,10.68400000,10.88800000,1084260.79000000,11750155.49944000,45651
2023-05-17,10.88700000,11.07900000,10.72000000,10.93700000,1151106.20000000,12539738.53081000,50146
2023-05-18,10.93800000,11.00400000,10.49300000,10.73600000,1584901.80000000,17128803.21326000,61601
2023-05-19,10.73800000,10.74600000,10.40800000,10.61400000,1406031.03000000,14858200.21022000,50808
2023-05-20,10.61400000,10.64200000,10.51900000,10.61000000,580547.14000000,6138128.58242000,21953
2023-05-21,10.61200000,10.61900000,10.40300000,10.47400000,593938.69000000,6240877.58272000,25899
2023-05-22,10.47000000,10.58400000,10.32500000,10.48800000,612776.11000000,6415609.03175000,25787
2023-05-23,10.48800000,10.62300000,10.44500000,10.52700000,832620.67000000,8762389.09183000,32041
2023-05-24,10.52700000,10.53500000,10.20000000,10.41300000,1037466.90000000,10732758.01381000,39811
2023-05-25,10.41300000,10.55700000,10.22300000,10.47600000,935809.88000000,9783876.55751000,32532
2023-05-26,10.47600000,10.61000000,10.41800000,10.53000000,739144.56000000,7769437.11857000,26074
2023-05-27,10.53000000,10.59800000,10.45500000,10.54400000,536939.60000000,5653458.35393000,19130
2023-05-28,10.54400000,10.95300000,10.50800000,10.93200000,993471.22000000,10634592.44061000,39483
2023-05-29,10.93600000,10.96900000,10.70200000,10.75100000,732320.67000000,7924522.89017000,28069
2023-05-30,10.75000000,10.90000000,10.72600000,10.83700000,678313.19000000,7341267.86506000,27867
2023-05-31,10.83200000,10.88300000,10.41800000,10.45800000,959597.23000000,10166320.09397000,36899
2023-06-01,10.45800000,10.49100000,10.19700000,10.33000000,1076434.71000000,11130172.55852000,41348
2023-06-02,10.32900000,10.66900000,10.25200000,10.65300000,799611.13000000,8429909.26280000,32838
2023-06-03,10.65600000,10.77000000,10.54400000,10.70000000,474508.87000000,5053200.66706000,19238
2023-06-04,10.69900000,10.84900000,10.65600000,10.75000000,575227.56000000,6201682.39888000,24203
2023-06-05,10.74900000,10.81500000,9.86500000,10.00500000,1969299.76000000,20177378.03997000,82079
2023-06-06,10.00600000,10.28400000,9.80300000,10.14800000,1069914.36000000,10753023.38966000,42373
2023-06-07,10.14700000,10.17200000,9.33900000,9.43400000,1244910.36000000,12122708.89548000,52672
2023-06-08,9.43600000,9.62900000,9.33100000,9.43700000,912479.66000000,8654352.81250000,33134
2023-06-09,9.43800000,9.47200000,9.14700000,9.17400000,1223755.94000000,11393900.40287000,39962
2023-06-10,9.17600000,9.18000000,7.01000000,8.23700000,4232118.58000000,34076963.33663000,182404
2023-06-11,8.23700000,8.50800000,8.11600000,8.44400000,1254000.84000000,10381067.64776000,51802
2023-06-12,8.44300000,8.84300000,8.25500000,8.73800000,1414412.60000000,12142936.60106000,58196
2023-06-13,8.74000000,8.95100000,8.54200000,8.64900000,1106953.62000000,9651264.95338000,42587
2023-06-14,8.65000000,8.84500000,8.37500000,8.50200000,1198259.74000000,10341165.11527000,44512
2023-06-15,8.50300000,8.77100000,8.41100000,8.66500000,1519554.44000000,13028754.60675000,57222
2023-06-16,8.66500000,8.94000000,8.55700000,8.76400000,978598.65000000,8532873.61988000,35637
2023-06-17,8.76300000,8.98200000,8.68900000,8.90300000,645610.56000000,5726337.50179000,26418
2023-06-18,8.90200000,8.93400000,8.47700000,8.56800000,897485.09000000,7838571.00356000,29976
2023-06-19,8.56500000,8.63600000,8.34000000,8.59900000,879121.04000000,7487217.43516000,29979
2023-06-20,8.60400000,8.79400000,8.26300000,8.77000000,1353659.52000000,11579700.22274000,42544
2023-06-21,8.77100000,9.12700000,8.74600000,9.03800000,1678420.46000000,14977829.09838000,61634
2023-06-22,9.03800000,9.41500000,8.98500000,9.00200000,1394446.55000000,12817823.63576000,53326
2023-06-23,9.00200000,9.42800000,8.98900000,9.31000000,1035964.33000000,9552009.81326000,44078
2023-06-24,9.31300000,9.48400000,9.09200000,9.38500000,922825.88000000,8603488.17569000,36063
2023-06-25,9.38600000,9.74400000,9.35400000,9.45200000,1001075.30000000,9584797.15040000,41347
2023-06-26,9.45200000,9.52400000,9.09800000,9.18500000,999578.12000000,9315569.77970000,44405
2023-06-27,9.18400000,9.44700000,9.16500000,9.42800000,926043.43000000,8625996.60699000,38249
2023-06-28,9.42700000,9.43900000,8.95000000,9.12600000,1177991.02000000,10834513.30528000,54625
2023-06-29,9.12600000,9.70000000,8.97400000,8.97600000,1236995.08000000,11401476.33423000,45476
2023-06-30,8.97700000,9.43600000,8.74100000,9.28900000,2175272.65000000,19972158.42021000,84695
2023-07-01,9.28900000,9.57900000,9.15500000,9.55900000,1255616.32000000,11793224.44638000,41974
2023-07-02,9.55900000,9.60000000,9.33500000,9.59900000,930966.70000000,8815045.67925000,35298
2023-07-03,9.59900000,10.10200000,9.56400000,9.94200000,1416709.12000000,13977383.47507000,57215
2023-07-04,9.94400000,9.96300000,9.62200000,9.68400000,1085032.40000000,10627253.13510000,39931
2023-07-05,9.68500000,9.87800000,9.25500000,9.39600000,1523001.39000000,14510822.94202000,58049
2023-07-06,9.39500000,9.65000000,9.10000000,9.18100000,1330064.53000000,12477999.51723000,51779
2023-07-07,9.17500000,9.37600000,9.10000000,9.16900000,811383.42000000,7502795.75330000,31447
2023-07-08,9.16800000,9.30500000,9.08700000,9.20800000,638938.47000000,5870904.99461000,24307
2023-07-09,9.20700000,9.61200000,9.18600000,9.42600000,885765.93000000,8342673.49970000,34537
2023-07-10,9.42700000,9.43700000,9.17500000,9.24200000,1232530.99000000,11453403.41811000,44795
2023-07-11,9.24100000,9.36300000,9.15300000,9.19800000,783490.58000000,7244312.44673000,32578
2023-07-12,9.19700000,9.29100000,8.96500000,9.06900000,902211.22000000,8254191.23575000,32809
2023-07-13,9.06900000,9.90500000,8.93800000,9.88900000,2451711.48000000,23265154.60643000,90822
2023-07-14,9.88900000,10.29100000,9.42700000,9.78700000,2988277.88000000,29659973.79820000,111314
2023-07-15,9.78700000,9.98500000,9.63400000,9.71200000,979835.37000000,9577388.19337000,42100
2023-07-16,9.71100000,9.73000000,9.33300000,9.39500000,1041811.87000000,9943987.76954000,41001
2023-07-17,9.39500000,9.60700000,9.16400000,9.43100000,1406646.27000000,13223429.30013000,57463
2023-07-18,9.43000000,9.51700000,9.10000000,9.28800000,1028638.18000000,9553871.30533000,38940
2023-07-19,9.28500000,9.41500000,9.12200000,9.18400000,1116609.81000000,10336862.35732000,37992
2023-07-20,9.18300000,9.59600000,9.14800000,9.37200000,1497817.22000000,14045475.82925000,45848
2023-07-21,9.37200000,9.53800000,9.29500000,9.42600000,1007217.48000000,9499498.99427000,31085
2023-07-22,9.42200000,9.57000000,9.18300000,9.26500000,1038985.77000000,9767103.96122000,32096
2023-07-23,9.26600000,9.36500000,9.22200000,9.27800000,590016.24000000,5482712.88267000,19828
2023-07-24,9.27700000,9.29500000,8.84400000,9.00500000,1227388.55000000,11121635.90094000,37243
2023-07-25,9.00500000,9.06500000,8.92100000,8.95500000,794756.22000000,7133987.63512000,21120
2023-07-26,8.95500000,9.03900000,8.77700000,8.98800000,1101466.95000000,9817172.39238000,29942
2023-07-27,8.98400000,9.10500000,8.85400000,8.91400000,672056.85000000,6041416.40366000,23169
2023-07-28,8.91100000,9.06900000,8.85500000,9.02400000,587440.04000000,5274415.19545000,17422
2023-07-29,9.02800000,9.09200000,8.98300000,9.07700000,404708.41000000,3660021.15665000,13577
2023-07-30,9.07600000,9.09700000,8.84400000,9.00800000,654452.82000000,5900577.54077000,24118
2023-07-31,9.00700000,9.11600000,8.75400000,8.86200000,856518.94000000,7668520.94777000,28267
2023-08-01,8.86400000,8.99000000,8.59000000,8.98000000,1070119.06000000,9396108.56768000,33629
2023-08-02,8.98100000,9.02500000,8.68200000,8.71700000,897845.49000000,7955142.46338000,28643
2023-08-03,8.71400000,8.78100000,8.58500000,8.61600000,737076.59000000,6400483.07050000,22757
2023-08-04,8.61600000,8.68200000,8.37100000,8.47900000,854731.43000000,7312638.62622000,27698
2023-08-05,8.47900000,8.54100000,8.36800000,8.50700000,665698.51000000,5621417.92404000,18791
2023-08-06,8.50800000,8.58400000,8.44900000,8.48600000,553919.77000000,4717599.97237000,17928
2023-08-07,8.49000000,8.59200000,8.26500000,8.49900000,1095875.76000000,9255472.92815000,30262
2023-08-08,8.50100000,8.66700000,8.44800000,8.52100000,978778.97000000,8368827.61051000,31950
2023-08-09,8.52200000,8.67800000,8.43300000,8.54500000,738045.65000000,6307655.85102000,22635
2023-08-10,8.54600000,8.56900000,8.40300000,8.41600000,689840.04000000,5844872.36599000,20396
2023-08-11,8.41900000,8.46500000,8.31000000,8.34900000,752563.35000000,6306286.02149000,18534
2023-08-12,8.34800000,8.44000000,8.33700000,8.42100000,678137.27000000,5686682.44672000,18759
2023-08-13,8.42000000,8.50800000,8.34700000,8.37500000,592151.89000000,4989962.70095000,18779
2023-08-14,8.37500000,8.57500000,8.32600000,8.51600000,699463.57000000,5923868.46880000,20799
2023-08-15,8.51600000,8.55600000,7.81800000,8.10900000,1396214.64000000,11512598.20776000,41000
2023-08-16,8.10500000,8.12900000,7.59100000,7.80200000,1397206.84000000,11010315.61995000,37428
2023-08-17,7.80200000,8.25000000,7.12100000,7.38700000,6336247.47000000,50052751.56530000,210449
2023-08-18,7.38700000,7.69600000,7.36100000,7.57100000,2592940.39000000,19487446.06442000,72568
2023-08-19,7.57300000,7.73700000,7.50300000,7.70300000,812234.90000000,6173244.88199000,23448
2023-08-20,7.70400000,7.90300000,7.68900000,7.86600000,865738.76000000,6750321.74700000,28795
2023-08-21,7.86500000,7.89200000,7.40700000,7.54600000,1071781.92000000,8178751.84077000,32535
2023-08-22,7.54400000,7.55800000,7.10500000,7.40100000,1420968.55000000,10447123.99271000,47988
2023-08-23,7.40300000,7.52900000,7.30900000,7.42900000,1026253.75000000,7614254.05909000,38258
2023-08-24,7.42900000,7.45400000,7.09300000,7.20600000,1254195.03000000,9131796.85849000,43381
2023-08-25,7.20700000,7.27300000,7.03100000,7.24600000,1116174.31000000,8014789.18180000,33985
2023-08-26,7.24600000,7.26200000,7.13500000,7.15400000,1199365.33000000,8639806.74525000,25132
2023-08-27,7.15300000,7.21100000,7.09500000,7.18000000,536603.15000000,3835020.69964000,16419
2023-08-28,7.18100000,7.28200000,7.05100000,7.26700000,860797.77000000,6167303.14368000,26479
2023-08-29,7.26800000,7.51900000,7.11300000,7.44300000,1513116.42000000,11118332.14287000,53746
2023-08-30,7.44300000,7.45800000,7.17200000,7.22100000,1016397.84000000,7416115.31249000,29638
2023-08-31,7.22200000,7.26800000,6.80000000,6.92400000,1622862.21000000,11470421.83863000,51426
2023-09-01,6.92400000,6.97800000,6.64100000,6.66500000,1341722.73000000,9128992.31087000,37118
2023-09-02,6.66300000,6.83300000,6.62900000,6.82500000,792791.27000000,5326190.63913000,23115
2023-09-03,6.82800000,6.88100000,6.75800000,6.80500000,678322.37000000,4627579.05171000,21045
2023-09-04,6.80400000,6.92200000,6.66900000,6.72300000,1279860.09000000,8707003.37656000,32875
2023-09-05,6.72100000,6.85600000,6.66400000,6.81300000,998006.81000000,6753856.67394000,28897
2023-09-06,6.81500000,6.92700000,6.70100000,6.89500000,889485.91000000,6066632.80686000,27876
2023-09-07,6.89400000,6.99100000,6.80800000,6.94800000,796780.92000000,5487775.34227000,25019
2023-09-08,6.95000000,7.00000000,6.77100000,6.83700000,778978.15000000,5359936.90297000,23524
2023-09-09,6.83600000,6.92900000,6.80700000,6.85100000,677434.15000000,4646152.45388000,17655
2023-09-10,6.85100000,6.85300000,6.50100000,6.66000000,1163809.01000000,7797236.90126000,40426
2023-09-11,6.66000000,6.68600000,6.28700000,6.37500000,2411023.10000000,15546686.89210000,61869
2023-09-12,6.37400000,6.56500000,6.33500000,6.38000000,1336356.14000000,8598175.41244000,40426
2023-09-13,6.38000000,6.66200000,6.36000000,6.53900000,1171388.24000000,7606278.79055000,33517
2023-09-14,6.53900000,6.92000000,6.50000000,6.83400000,1504448.04000000,10069693.13186000,45380
2023-09-15,6.83500000,7.05200000,6.75700000,6.93300000,1333196.08000000,9149190.79727000,39570
2023-09-16,6.93300000,7.17200000,6.93300000,7.14400000,936919.09000000,6639091.81121000,31737
2023-09-17,7.14500000,7.17100000,6.90000000,6.94300000,1173770.19000000,8263792.25404000,42187
2023-09-18,6.94300000,7.50000000,6.84000000,7.38400000,1949357.96000000,14170091.49088000,60651
2023-09-19,7.37900000,7.58700000,7.19700000,7.50300000,1494600.73000000,11080739.01862000,46316
2023-09-20,7.50300000,7.51400000,7.17100000,7.29200000,1106490.50000000,8101279.22193000,35891
2023-09-21,7.29400000,7.51200000,7.12700000,7.14800000,1777543.68000000,13140732.86909000,45946
2023-09-22,7.14800000,7.23700000,7.03300000,7.13100000,931375.02000000,6653048.51011000,31279
2023-09-23,7.13200000,7.25000000,7.05000000,7.08500000,849828.57000000,6040153.15155000,23839
2023-09-24,7.08500000,7.14800000,6.95900000,6.98000000,589450.80000000,4155824.94148000,20474
2023-09-25,6.98100000,7.08000000,6.90000000,7.03900000,1127854.82000000,7885049.02755000,34388
2023-09-26,7.04000000,7.09300000,6.86600000,6.95800000,945195.13000000,6632535.46590000,25809
2023-09-27,6.95800000,7.13500000,6.89300000,6.97000000,1004230.08000000,7024594.07902000,32582
2023-09-28,6.97100000,7.19800000,6.93400000,7.10600000,1062320.43000000,7532162.00020000,35916
2023-09-29,7.10700000,7.19600000,7.07200000,7.10200000,716936.11000000,5111931.15604000,26408
2023-09-30,7.10100000,7.30000000,7.08900000,7.23500000,685659.23000000,4941998.45690000,27101
2023-10-01,7.23700000,7.66600000,7.17600000,7.56500000,1366624.64000000,10101988.49333000,46836
2023-10-02,7.56600000,7.58800000,7.08800000,7.14400000,1423670.07000000,10505858.71716000,52063
2023-10-03,7.14400000,7.28000000,7.03100000,7.06300000,970450.83000000,6960716.26523000,37075
2023-10-04,7.06200000,7.06700000,6.85200000,6.96300000,1121746.32000000,7822416.88433000,43547
2023-10-05,6.96300000,6.99600000,6.76900000,6.83000000,916538.07000000,6317686.77494000,36230
2023-10-06,6.83200000,6.97500000,6.80800000,6.90900000,686839.59000000,4733624.31664000,27293
2023-10-07,6.91000000,6.99500000,6.86700000,6.96300000,601673.72000000,4173619.44475000,19682
2023-10-08,6.96300000,7.00000000,6.84900000,6.94200000,618332.13000000,4276107.30935000,18322
2023-10-09,6.94400000,6.96000000,6.57500000,6.83200000,1271434.54000000,8581586.39746000,38738
2023-10-10,6.83200000,7.37000000,6.59400000,6.68000000,5459671.40000000,38177733.41515000,140440
2023-10-11,6.67900000,6.75400000,6.47900000,6.70600000,1463591.68000000,9707087.12251000,44935
2023-10-12,6.70400000,6.73300000,6.37300000,6.58400000,1700233.87000000,11108843.35896000,46191
2023-10-13,6.58500000,6.65000000,6.50100000,6.56500000,975899.90000000,6443170.46048000,31963
2023-10-14,6.56500000,6.66100000,6.55900000,6.58100000,463422.86000000,3064117.82604000,14842
2023-10-15,6.58100000,6.69000000,6.52300000,6.60000000,1000933.93000000,6607754.04972000,26717
2023-10-16,6.60100000,6.80500000,6.55800000,6.62700000,1773544.72000000,11804767.18924000,49379
2023-10-17,6.62800000,6.63200000,6.37700000,6.44300000,1058891.37000000,6862448.33852000,28067
2023-10-18,6.44400000,6.48400000,6.28700000,6.29200000,1143198.31000000,7293391.93991000,26523
2023-10-19,6.29300000,6.29300000,6.15800000,6.26300000,1409092.49000000,8774930.30778000,33628
2023-10-20,6.26300000,6.48400000,6.24700000,6.40700000,1421213.89000000,9066533.98891000,35672
2023-10-21,6.40700000,6.69900000,6.36100000,6.62900000,1520330.15000000,9932537.49634000,35925
2023-10-22,6.62900000,6.76200000,6.50300000,6.75500000,1437084.46000000,9517970.25192000,36182
2023-10-23,6.75400000,7.06200000,6.61400000,7.03200000,2972510.41000000,20142546.15088000,74546
2023-10-24,7.03300000,7.31300000,6.72000000,7.00200000,4853520.59000000,34279527.96993000,112506
2023-10-25,7.00200000,7.22300000,6.86000000,7.11600000,2408114.30000000,17006015.81049000,62249
2023-10-26,7.11800000,7.37900000,6.90200000,7.16800000,2979952.04000000,21294515.12707000,112185
2023-10-27,7.17000000,7.17900000,6.90000000,7.02700000,1484717.96000000,10458365.79916000,56114
2023-10-28,7.02600000,7.22200000,7.01900000,7.18300000,1030981.31000000,7380054.96540000,40408
2023-10-29,7.18100000,7.39000000,7.04000000,7.31400000,1287829.94000000,9313290.21766000,37570
2023-10-30,7.31300000,8.14500000,7.19900000,8.10500000,4190291.27000000,32066627.06157000,120035
2023-10-31,8.10200000,8.24900000,7.65100000,7.92900000,5836059.21000000,46451474.17350000,170384
2023-11-01,7.92700000,8.03100000,7.53800000,7.88600000,4644560.82000000,36132083.31329000,126165
2023-11-02,7.88700000,8.09800000,7.52700000,7.83300000,4618140.27000000,36142420.53915000,118232
2023-11-03,7.83300000,7.83400000,7.51400000,7.75400000,3314326.61000000,25465976.95961000,107031
2023-11-04,7.75400000,8.22800000,7.70400000,8.09300000,3694014.76000000,29136344.83871000,89806
2023-11-05,8.09200000,8.55000000,8.04600000,8.35800000,4592113.06000000,38357071.11685000,140557
2023-11-06,8.35800000,8.76200000,8.30500000,8.73800000,3411600.26000000,29146967.24229000,130490
2023-11-07,8.73400000,8.74200000,8.15300000,8.46300000,3167265.87000000,26655512.76778000,119275
2023-11-08,8.46400000,8.75600000,8.36700000,8.65000000,2454465.66000000,21079233.12714000,86247
2023-11-09,8.65000000,9.06600000,8.13000000,9.02300000,5736471.69000000,50213348.80792000,198241
2023-11-10,9.02600000,9.54400000,8.93400000,9.17800000,5665848.60000000,52183873.92633000,200801
2023-11-11,9.17800000,9.44900000,8.85900000,9.23900000,3034301.61000000,27864188.47009000,126631
2023-11-12,9.24100000,9.70000000,8.87200000,9.52700000,3560214.76000000,33431860.82393000,137010
2023-11-13,9.52800000,10.57900000,9.16900000,9.17300000,7317236.91000000,72354763.71124000,311867
2023-11-14,9.17500000,9.41000000,8.62000000,9.11800000,6023952.47000000,55234079.18161000,205776
2023-11-15,9.11600000,9.79300000,8.95100000,9.64600000,5049213.80000000,47699746.56644000,171977
2023-11-16,9.64600000,10.19500000,9.42400000,9.59400000,5713053.52000000,56245429.38905000,246995
2023-11-17,9.59400000,10.22300000,9.03800000,9.39000000,4041826.86000000,38824162.03142000,171521
2023-11-18,9.38900000,9.42000000,8.86500000,9.23100000,3547210.02000000,32545707.28915000,120999
2023-11-19,9.23000000,9.39600000,8.96600000,9.36500000,2344474.39000000,21525576.55208000,84958
2023-11-20,9.36600000,9.54700000,8.87700000,8.96600000,3400076.82000000,31621651.64936000,115953
2023-11-21,8.96600000,9.07800000,8.18800000,8.20300000,4425541.53000000,38685399.47551000,182544
2023-11-22,8.19900000,8.92400000,8.17900000,8.80600000,2922591.38000000,25261636.77698000,88581
2023-11-23,8.80500000,9.07700000,8.65700000,8.74400000,1888757.11000000,16738324.78065000,74597
2023-11-24,8.75200000,9.08900000,8.71200000,8.90800000,2643683.77000000,23542454.28210000,100470
2023-11-25,8.90800000,9.67500000,8.84100000,9.49100000,2648668.07000000,24475023.80696000,98262
2023-11-26,9.49100000,10.01300000,9.26700000,9.91200000,6272048.44000000,61016056.85545000,230882
2023-11-27,9.91200000,9.95100000,8.96000000,9.30700000,3895989.42000000,36554809.49400000,142186
2023-11-28,9.30700000,9.36100000,8.78600000,9.25600000,3333002.78000000,30325785.95030000,124014
2023-11-29,9.25400000,9.32600000,9.01000000,9.22200000,2472582.04000000,22747681.81391000,84965
2023-11-30,9.22500000,9.50000000,9.12300000,9.24900000,2456821.19000000,22807347.25114000,88757
2023-12-01,9.24900000,9.47200000,9.17900000,9.46600000,1851704.83000000,17371714.13022000,71712
2023-12-02,9.46600000,9.70200000,9.39400000,9.63500000,1949092.36000000,18599624.59878000,85162
2023-12-03,9.63500000,9.65600000,9.35000000,9.53900000,1811334.41000000,17211397.77449000,82888
2023-12-04,9.54100000,9.87600000,9.20500000,9.77700000,5677618.72000000,54499527.08746000,220389
2023-12-05,9.77700000,9.93300000,9.48200000,9.89100000,3816600.51000000,37033299.14937000,166977
2023-12-06,9.89100000,10.29000000,9.70000000,9.74500000,6076391.93000000,60514179.65518000,267028
2023-12-07,9.74500000,10.03200000,9.54700000,9.90200000,3873663.22000000,38084523.64507000,168152
2023-12-08,9.90100000,10.68500000,9.82800000,10.40600000,4826866.69000000,49368447.27863000,191027
2023-12-09,10.41000000,11.35800000,10.38000000,10.46800000,6755392.31000000,73464260.50512000,326344
2023-12-10,10.46900000,10.70000000,10.10300000,10.69400000,2858327.15000000,29818787.64230000,139226
2023-12-11,10.69100000,10.70500000,9.45000000,9.86000000,5747794.74000000,57123517.12593000,277463
2023-12-12,9.86100000,12.41200000,9.82300000,11.74400000,13344301.03000000,151383422.92332000,667124
2023-12-13,11.74200000,11.92700000,10.73700000,11.65700000,9214603.53000000,103564629.22757000,472222
2023-12-14,11.66000000,11.93200000,11.01300000,11.53400000,6058054.56000000,69546191.92516000,264895
2023-12-15,11.53500000,11.54800000,10.82700000,10.88400000,4172905.39000000,46766263.42044000,181428
2023-12-16,10.88300000,12.10000000,10.69100000,12.05000000,4888833.60000000,56211571.18943000,215126
2023-12-17,12.04500000,12.08000000,11.06500000,11.10400000,4560084.23000000,52449665.98451000,213787
2023-12-18,11.10400000,11.15300000,10.20000000,10.90200000,4674443.36000000,49824029.86881000,194691
2023-12-19,10.90200000,11.02900000,10.28600000,10.42100000,3602473.22000000,38427063.95921000,144042
2023-12-20,10.42100000,10.90000000,10.23400000,10.66300000,4637987.25000000,49387530.14390000,161380
2023-12-21,10.66200000,11.70200000,10.48500000,11.40200000,6570770.65000000,71749812.52251000,212042
2023-12-22,11.40100000,11.75000000,10.96800000,11.39900000,5268763.21000000,59625141.58360000,213100
2023-12-23,11.39900000,11.41900000,11.04300000,11.33000000,3271338.98000000,36681628.64800000,122257
2023-12-24,11.33000000,11.75000000,11.05400000,11.23300000,5377444.69000000,61763503.13079000,232239
2023-12-25,11.22900000,12.05600000,11.00100000,11.89400000,4906600.46000000,56949371.26096000,230814
2023-12-26,11.89400000,12.60000000,11.06900000,11.63700000,9068321.44000000,108858495.20717000,446861
2023-12-27,11.63700000,12.10000000,11.15300000,11.96000000,3901854.62000000,45628943.93753000,205698
2023-12-28,11.96200000,12.21900000,11.29300000,11.40000000,4411529.23000000,51633374.68219000,213093
2023-12-29,11.39600000,11.54000000,10.70100000,10.98600000,4119385.67000000,46128625.34664000,181934
2023-12-30,10.98600000,11.03200000,10.56800000,10.75000000,2755027.24000000,29762123.58299000,106791
2023-12-31,10.75000000,10.99000000,10.33000000,10.60000000,2683841.16000000,29028564.52692000,104458
2024-01-01,10.60000000,11.20400000,10.45200000,11.20100000,2227784.22000000,24250114.15650000,88025
2024-01-02,11.20100000,11.42200000,10.92600000,10.96300000,3090508.99000000,34670475.82661000,119607
2024-01-03,10.96000000,11.38200000,9.12300000,9.92200000,7009719.63000000,72771291.92329000,285937
2024-01-04,9.92200000,10.35700000,9.73800000,10.26800000,4863069.88000000,49160431.68907000,163497
2024-01-05,10.26800000,10.80000000,9.73700000,10.32800000,6714398.32000000,68829661.89186000,257068
2024-01-06,10.32400000,10.41000000,9.51900000,9.82900000,4294855.09000000,42514843.04126000,171746
2024-01-07,9.82700000,9.91400000,9.31000000,9.41000000,3089679.48000000,30062524.11410000,127209
2024-01-08,9.41000000,9.98700000,8.88000000,9.95000000,4015397.82000000,37920481.08355000,156324
2024-01-09,9.94800000,10.07000000,9.37000000,9.66600000,4760005.68000000,46368382.92770000,202509
2024-01-10,9.66500000,10.64400000,9.34100000,10.38500000,4032696.59000000,39846469.67643000,168982
2024-01-11,10.39000000,10.89900000,10.20700000,10.65500000,4556173.34000000,48222618.48409000,188083
2024-01-12,10.65500000,10.94700000,9.60500000,9.96500000,5147343.63000000,53729041.96681000,208514
2024-01-13,9.96400000,10.34400000,9.65400000,10.20800000,2313015.11000000,23348834.19783000,97493
2024-01-14,10.20700000,10.57000000,9.95700000,9.99400000,2996046.10000000,30677458.43699000,114698
2024-01-15,9.99800000,10.40700000,9.96700000,10.18300000,3120614.92000000,31704178.52369000,108915
2024-01-16,10.18400000,10.59100000,10.05600000,10.28800000,2897613.39000000,29923786.62604000,108390
2024-01-17,10.28700000,10.35000000,10.03200000,10.15300000,2160975.84000000,21942088.93171000,79101
2024-01-18,10.15400000,10.26300000,9.54200000,9.70000000,2640214.97000000,26096536.98928000,91950
2024-01-19,9.70000000,9.89300000,9.27000000,9.71000000,2994846.61000000,28738213.48099000,106829
2024-01-20,9.71100000,9.85200000,9.59200000,9.84500000,1096706.67000000,10627619.21368000,42866
2024-01-21,9.84300000,9.94400000,9.62400000,9.65100000,1282178.34000000,12537090.43686000,62667
2024-01-22,9.64900000,9.68300000,9.04200000,9.18000000,2886509.38000000,26973547.14274000,99176
2024-01-23,9.17800000,9.34000000,8.70000000,9.23000000,2891628.93000000,26039881.16598000,104623
2024-01-24,9.22600000,9.37200000,9.14100000,9.34400000,1363197.30000000,12617001.82219000,52078
2024-01-25,9.34400000,9.36000000,9.05100000,9.23400000,1372898.68000000,12635735.80903000,54427
2024-01-26,9.23400000,9.75000000,9.16400000,9.63000000,1367523.54000000,13022973.23407000,55308
2024-01-27,9.63000000,9.73300000,9.43300000,9.67100000,1204603.16000000,11538802.91315000,51811
2024-01-28,9.67200000,9.77000000,9.34600000,9.42900000,1658925.92000000,15867482.25611000,57786
2024-01-29,9.43100000,9.69500000,9.38200000,9.66400000,1568666.83000000,15015469.91928000,56980
2024-01-30,9.66500000,9.72800000,9.31000000,9.40800000,1806814.14000000,17312033.40668000,62837
2024-01-31,9.41000000,9.44900000,9.01300000,9.10800000,2775564.58000000,25706386.89357000,81950
2024-02-01,9.10800000,9.24500000,8.96300000,9.13600000,1770713.90000000,16130455.75221000,56265
2024-02-02,9.13700000,9.28400000,9.09000000,9.16700000,1386186.96000000,12725717.71805000,43760
2024-02-03,9.16800000,9.21700000,9.04300000,9.04800000,857448.01000000,7853784.89347000,29695
2024-02-04,9.04900000,9.11000000,8.93700000,8.96600000,857646.42000000,7757577.49492000,32001
2024-02-05,8.96300000,9.18000000,8.84300000,9.05800000,1228189.89000000,11114223.34673000,42401
2024-02-06,9.06100000,9.23400000,9.03600000,9.13000000,1514585.93000000,13839257.49504000,50235
2024-02-07,9.13000000,9.66800000,9.12000000,9.59700000,2311057.11000000,21656123.33281000,68939
2024-02-08,9.59700000,9.73900000,9.44000000,9.64100000,2163362.38000000,20709782.08409000,75622
2024-02-09,9.64200000,10.19900000,9.61200000,10.02000000,3095124.02000000,30802115.31720000,110729
2024-02-10,10.02100000,10.09400000,9.90400000,9.97100000,1453812.45000000,14555189.37304000,68199
2024-02-11,9.97000000,10.26600000,9.63300000,9.74000000,4018120.61000000,39912689.57770000,133285
2024-02-12,9.74000000,10.03000000,9.50100000,9.91100000,3486068.51000000,34085804.75765000,115440
2024-02-13,9.91100000,10.38200000,9.86800000,10.29300000,4752142.61000000,47973901.12451000,163487
2024-02-14,10.29500000,10.42700000,10.05900000,10.24400000,3391888.05000000,34729887.25182000,127573
2024-02-15,10.24300000,10.45300000,10.08300000,10.32900000,3572996.19000000,36680781.73137000,130932
2024-02-16,10.33000000,10.47700000,9.99100000,10.23500000,2559775.31000000,26267517.09506000,106950
2024-02-17,10.23700000,10.33100000,9.87600000,10.27500000,2044705.30000000,20762482.23593000,75121
2024-02-18,10.27500000,10.64400000,10.19700000,10.59400000,2293061.53000000,23923347.01898000,98485
2024-02-19,10.59300000,10.78800000,10.47800000,10.72900000,2702153.97000000,28724612.18174000,89851
2024-02-20,10.72900000,10.75200000,10.00000000,10.36900000,3453939.80000000,35917410.14184000,123974
2024-02-21,10.36800000,10.36900000,9.73400000,9.98300000,3081154.47000000,30704719.47106000,109546
2024-02-22,9.98400000,10.04700000,9.70800000,9.78600000,2790382.09000000,27616787.94452000,89028
2024-02-23,9.78700000,10.05900000,9.67600000,9.95700000,3076138.99000000,30390756.53409000,93529
2024-02-24,9.95900000,10.57900000,9.76400000,10.41800000,3423655.76000000,35280416.03525000,115807
2024-02-25,10.41800000,10.45100000,10.21300000,10.37500000,1578418.21000000,16285261.64396000,64866
2024-02-26,10.37600000,11.17100000,10.26300000,11.13800000,4507482.24000000,48400263.04698000,180494
2024-02-27,11.13500000,11.49300000,10.83200000,11.21000000,5357462.53000000,60060405.92819000,198139
2024-02-28,11.21200000,11.71800000,10.66000000,11.39700000,5745137.63000000,65202333.69226000,236866
2024-02-29,11.39700000,12.23300000,11.00100000,11.28200000,6004179.92000000,70105116.34792000,253654
2024-03-01,11.27800000,11.64900000,11.20400000,11.64100000,3413532.85000000,38797105.25503000,133803
2024-03-02,11.64200000,12.20000000,11.59400000,12.19900000,4086507.42000000,48704007.39801000,164351
2024-03-03,12.19900000,12.28000000,11.20000000,12.15200000,3862964.14000000,46027973.35881000,181256
2024-03-04,12.15700000,12.84700000,12.07100000,12.48000000,6282955.27000000,78276570.59445000,261934
2024-03-05,12.48100000,12.88500000,10.71800000,12.00000000,10239003.83000000,125473281.81655000,513271
2024-03-06,12.00000000,14.30100000,11.53100000,14.22200000,7732011.16000000,99551400.77174000,349315
2024-03-07,14.22100000,14.58500000,13.53300000,13.89300000,5819880.70000000,80965199.96555000,252119
2024-03-08,13.89800000,14.00100000,12.90600000,13.40800000,4512796.02000000,60517367.57358000,208736
2024-03-09,13.40800000,13.89900000,13.29900000,13.34700000,3803136.90000000,51802868.16472000,150576
2024-03-10,13.34700000,13.55200000,12.86500000,13.17100000,4034257.57000000,53552371.65504000,155755
2024-03-11,13.16900000,13.86500000,12.61200000,13.70500000,5781455.71000000,77942485.36014000,224952
2024-03-12,13.70700000,13.82900000,12.65000000,13.41000000,5491243.58000000,73165380.05419000,249941
2024-03-13,13.41000000,14.13500000,13.25900000,14.11400000,4383579.57000000,59910643.03962000,200375
2024-03-14,14.11300000,14.27400000,12.91000000,13.68000000,7020397.90000000,95902440.29277000,301422
2024-03-15,13.68000000,13.84500000,11.81000000,12.63400000,7474377.89000000,94333067.78272000,314069
2024-03-16,12.63400000,12.90000000,11.60200000,11.93100000,5520599.22000000,68166586.55071000,235485
2024-03-17,11.93000000,12.39300000,11.48700000,12.27600000,3710951.48000000,44888891.35960000,145512
2024-03-18,12.26600000,12.44000000,11.53700000,11.72300000,3703431.22000000,44208649.62706000,137445
2024-03-19,11.72300000,11.83400000,10.63000000,10.89200000,6827540.33000000,75942625.95485000,238429
2024-03-20,10.89200000,11.78600000,10.69100000,11.75500000,4950241.56000000,55359388.60047000,170773
2024-03-21,11.75700000,11.98000000,11.51400000,11.63500000,2922343.76000000,34306576.44036000,103053
2024-03-22,11.63400000,11.83800000,11.09600000,11.41600000,2943359.71000000,33661824.67494000,104966
2024-03-23,11.41600000,11.63900000,11.23600000,11.33900000,1526883.75000000,17527790.67771000,58515
2024-03-24,11.33700000,11.67800000,11.27500000,11.61100000,1332136.10000000,15265067.40461000,52438
2024-03-25,11.61200000,12.29100000,11.53700000,12.18200000,2596388.72000000,31040108.87543000,90821
2024-03-26,12.18400000,12.37700000,11.92700000,12.21500000,2670963.65000000,32585142.07962000,100464
2024-03-27,12.21500000,13.04000000,11.82600000,12.62900000,6495547.33000000,81229442.51725000,230761
2024-03-28,12.63000000,12.66200000,12.16000000,12.29500000,3201435.97000000,39746478.42313000,123273
2024-03-29,12.29500000,12.62400000,12.04800000,12.51800000,3177814.36000000,39291186.62882000,123329
2024-03-30,12.51800000,12.84600000,12.22000000,12.25700000,2489403.72000000,31397811.85158000,93395
2024-03-31,12.25700000,12.40100000,12.14400000,12.29300000,1542263.18000000,18948936.54443000,74131
2024-04-01,12.29300000,12.39000000,11.38200000,11.63000000,3805052.82000000,44849677.09484000,126622
2024-04-02,11.63000000,11.63900000,10.81900000,10.96700000,3843021.89000000,42703895.04046000,117919
2024-04-03,10.96800000,11.23600000,10.64700000,10.82500000,2920598.72000000,32050935.52180000,90621
2024-04-04,10.82600000,11.30100000,10.66100000,11.01200000,2622584.90000000,28964332.63744000,79972
2024-04-05,11.01300000,11.05800000,10.63400000,10.89300000,2177322.47000000,23617462.22359000,70028
2024-04-06,10.89300000,11.18100000,10.84200000,11.09900000,1001203.11000000,11029880.39260000,32549
2024-04-07,11.09900000,11.23400000,10.93300000,11.08100000,1490999.54000000,16584729.15205000,52245
2024-04-08,11.08000000,11.41700000,10.91800000,11.30500000,2666118.35000000,30031612.16526000,88406
2024-04-09,11.30400000,11.32400000,10.76900000,10.83700000,2684683.93000000,29581448.67213000,91361
2024-04-10,10.83500000,10.88800000,10.33200000,10.81400000,2947076.02000000,31465453.37238000,95869
2024-04-11,10.81400000,10.94700000,10.58300000,10.75800000,1830743.51000000,19701635.83592000,60135
2024-04-12,10.75700000,10.90100000,8.77000000,9.37100000,6162510.94000000,59845374.97472000,196808
2024-04-13,9.37100000,9.37500000,7.24300000,8.07000000,11531760.29000000,95703251.72872000,322105
2024-04-14,8.06900000,8.53500000,7.76600000,8.33600000,6352957.94000000,52069681.56636000,192317
2024-04-15,8.33600000,8.73500000,7.86000000,8.13600000,5610585.51000000,46729693.41016000,137410
2024-04-16,8.13900000,8.24800000,7.77800000,8.16600000,3626766.78000000,29132098.39130000,95026
2024-04-17,8.16600000,8.28400000,7.78400000,8.04100000,2516746.19000000,20256807.80156000,66468
2024-04-18,8.04100000,8.32500000,7.88100000,8.19800000,2403610.91000000,19565084.88337000,65398
2024-04-19,8.19800000,8.38200000,7.60800000,8.15000000,3300468.04000000,26773177.18717000,86745
2024-04-20,8.14900000,8.69600000,8.09900000,8.67800000,1416798.60000000,11913465.15738000,40821
2024-04-21,8.67700000,8.82300000,8.48900000,8.75600000,1576144.22000000,13656881.58853000,42038
2024-04-22,8.75300000,9.02300000,8.66600000,8.91600000,2845350.87000000,25251515.31348000,69052
2024-04-23,8.91800000,9.24300000,8.66300000,8.70000000,4511757.84000000,39932511.79840000,98240
2024-04-24,8.70000000,8.88400000,8.32000000,8.40400000,2809699.41000000,24360189.36354000,67437
2024-04-25,8.40700000,8.50300000,8.20800000,8.32100000,1803804.20000000,15078803.84187000,47690
2024-04-26,8.32100000,8.40000000,8.12800000,8.30100000,1512115.22000000,12508600.23368000,42650
2024-04-27,8.30300000,8.47800000,8.00000000,8.39700000,1582145.86000000,13041748.46128000,43169
2024-04-28,8.39700000,8.52400000,8.16200000,8.20000000,967511.23000000,8094290.63860000,31332
2024-04-29,8.20200000,8.26000000,7.92800000,8.15100000,1604304.25000000,12947048.47069000,49272
2024-04-30,8.15100000,8.58900000,7.63600000,8.44300000,3834613.12000000,31104630.36815000,108338
2024-05-01,8.44200000,8.80500000,8.02100000,8.74500000,7381291.74000000,61859451.10473000,187730
2024-05-02,8.74200000,9.10000000,8.55300000,8.64700000,3350261.26000000,29396695.24586000,97569
2024-05-03,8.64500000,8.91400000,8.53600000,8.76500000,1583013.12000000,13825455.49087000,56030
2024-05-04,8.76400000,8.83700000,8.65000000,8.69300000,1074742.24000000,9396015.93517000,45982
2024-05-05,8.69300000,9.40500000,8.61700000,9.33500000,2010054.43000000,18191509.26844000,87966
2024-05-06,9.33400000,9.50700000,9.17900000,9.20900000,2563216.84000000,24015852.06563000,92381
2024-05-07,9.20600000,9.39200000,8.89900000,8.94000000,2173277.30000000,20001428.16394000,68256
2024-05-08,8.93800000,9.34200000,8.84900000,9.08600000,2538388.86000000,22987821.23155000,77980
2024-05-09,9.08500000,9.30200000,8.87500000,9.12300000,1880860.62000000,17085223.22485000,65664
2024-05-10,9.12300000,9.17100000,8.61500000,8.64100000,1510834.47000000,13445908.01384000,59054
2024-05-11,8.64100000,8.76000000,8.49100000,8.50300000,899468.89000000,7756481.67306000,42063
2024-05-12,8.50500000,8.66700000,8.46000000,8.47600000,599377.73000000,5136682.05196000,24518
2024-05-13,8.47900000,8.68100000,8.26200000,8.40000000,1289015.50000000,10933571.53675000,45494
2024-05-14,8.40000000,8.44800000,8.11500000,8.13400000,1403381.30000000,11648136.15770000,48445
2024-05-15,8.13500000,8.53000000,7.98700000,8.43400000,2275979.40000000,18742823.95975000,64252
2024-05-16,8.43400000,8.54400000,8.26400000,8.53300000,2000933.49000000,16861396.13880000,53257
2024-05-17,8.53400000,8.80000000,8.45200000,8.65500000,2000540.11000000,17279355.31584000,58498
2024-05-18,8.65600000,8.73700000,8.54600000,8.60300000,1176198.40000000,10172356.14352000,38135
2024-05-19,8.60500000,8.60600000,8.15800000,8.20600000,1062725.84000000,8910834.60691000,38515
2024-05-20,8.20500000,8.96200000,8.10700000,8.92000000,2924601.35000000,24835479.96455000,92233
2024-05-21,8.91900000,9.04100000,8.70000000,8.78500000,2822350.74000000,24959061.66123000,77004
2024-05-22,8.78500000,8.83000000,8.45200000,8.56100000,2279363.12000000,19701170.58566000,63907
2024-05-23,8.56100000,8.64100000,8.01100000,8.36100000,3224518.75000000,26926971.84854000,90542
2024-05-24,8.35800000,8.49200000,8.19600000,8.46000000,1268435.20000000,10630731.92636000,35770
2024-05-25,8.46100000,8.54300000,8.41800000,8.49100000,755991.09000000,6410992.70792000,23241
2024-05-26,8.49300000,8.51100000,8.27800000,8.40400000,1027230.76000000,8630355.79589000,29396
2024-05-27,8.40400000,8.73400000,8.39000000,8.69500000,1421907.77000000,12200185.82220000,52925
2024-05-28,8.69700000,8.83800000,8.45900000,8.72200000,2164630.22000000,18710387.66861000,82590
2024-05-29,8.72200000,8.91100000,8.61900000,8.63700000,2387217.26000000,20894458.01605000,84738
2024-05-30,8.63700000,8.72600000,8.39400000,8.54000000,1531035.37000000,13134634.91365000,64089
2024-05-31,8.54100000,8.54200000,8.24200000,8.30000000,1116070.05000000,9369196.19130000,49915
2024-06-01,8.29900000,8.37900000,8.25600000,8.32600000,637535.43000000,5302851.27502000,27030
2024-06-02,8.32400000,8.40000000,8.17100000,8.29200000,942557.45000000,7828467.31606000,35766
2024-06-03,8.29500000,8.49800000,8.24200000,8.33900000,1190069.19000000,10007022.00575000,49763
2024-06-04,8.34000000,8.54500000,8.28800000,8.53800000,1120073.92000000,9430744.83676000,38162
2024-06-05,8.53900000,8.73800000,8.49400000,8.69200000,1230124.64000000,10587118.39246000,45220
2024-06-06,8.69300000,8.80900000,8.56900000,8.61700000,1514247.32000000,13130636.11926000,57437
2024-06-07,8.61700000,8.70800000,7.50000000,8.10200000,3609416.11000000,29624705.44714000,135082
2024-06-08,8.10200000,8.12300000,7.71600000,7.75700000,1887973.15000000,14987731.26029000,76233
2024-06-09,7.75700000,8.35000000,7.72600000,7.88000000,1419071.35000000,11142667.94764000,62567
2024-06-10,7.88000000,7.92800000,7.71600000,7.85500000,1417401.44000000,11099909.10481000,52005
2024-06-11,7.85500000,7.86400000,7.37300000,7.51700000,2381580.34000000,18122710.26927000,75118
2024-06-12,7.51700000,7.89200000,7.40500000,7.77500000,1682582.18000000,12991528.98936000,63196
2024-06-13,7.77500000,7.79900000,7.34500000,7.44100000,1759285.69000000,13279934.86289000,55500
2024-06-14,7.44200000,7.50500000,6.95100000,7.11500000,2287337.87000000,16523752.51867000,79308
2024-06-15,7.11300000,7.21500000,7.09100000,7.14200000,812946.35000000,5806886.98201000,30455
2024-06-16,7.14400000,7.25200000,7.04900000,7.22200000,600233.45000000,4301566.46588000,29477
2024-06-17,7.22300000,7.24400000,6.75000000,6.99700000,2073491.21000000,14615821.65746000,77167
2024-06-18,6.99700000,7.02200000,6.20200000,6.68800000,4139698.27000000,26939842.22161000,132517
2024-06-19,6.68900000,6.96400000,6.63900000,6.89400000,1541986.51000000,10526041.63248000,49030
2024-06-20,6.89500000,7.11700000,6.81700000,6.83700000,1513490.07000000,10515369.36883000,47779
2024-06-21,6.83900000,6.93300000,6.75500000,6.78700000,1200186.36000000,8214978.98809000,43923
2024-06-22,6.78800000,6.80800000,6.71500000,6.74400000,630433.80000000,4259926.11976000,28652
2024-06-23,6.74400000,6.84600000,6.61500000,6.69500000,863945.62000000,5832305.72933000,36344
2024-06-24,6.69400000,6.86300000,6.36400000,6.83800000,2064243.44000000,13703193.82987000,68854
2024-06-25,6.83900000,7.04600000,6.82700000,6.94000000,1375420.84000000,9573326.21223000,52656
2024-06-26,6.94000000,6.98200000,6.73600000,6.79100000,1127984.98000000,7718134.70250000,46603
2024-06-27,6.79200000,7.11200000,6.71900000,6.96500000,1287082.31000000,8867084.00734000,48471
2024-06-28,6.96500000,7.02500000,6.72300000,6.72900000,1166253.17000000,8052833.72582000,48194
2024-06-29,6.73000000,6.89100000,6.58700000,6.60700000,1049464.35000000,7091066.16654000,43868
2024-06-30,6.60700000,6.74900000,6.55000000,6.73300000,991175.56000000,6590047.60093000,42404
2024-07-01,6.73500000,6.84900000,6.69000000,6.81300000,933686.21000000,6322175.82875000,42639
2024-07-02,6.81300000,6.97800000,6.78200000,6.81300000,1399794.38000000,9640838.79601000,47867
2024-07-03,6.81400000,6.86400000,6.27800000,6.38200000,1926000.48000000,12576828.86249000,79086
2024-07-04,6.38200000,6.39800000,5.95200000,5.99000000,2422551.18000000,14968337.84273000,81744
2024-07-05,5.99200000,5.99800000,5.05100000,5.70400000,5484691.60000000,30042092.84817900,195757
2024-07-06,5.70400000,6.16500000,5.67400000,6.07300000,1494212.55000000,8815457.43626000,45141
2024-07-07,6.07300000,6.10100000,5.76400000,5.79500000,1180368.65000000,7051721.54430000,40991
2024-07-08,5.79600000,6.22700000,5.58700000,5.82600000,2398442.64000000,14163584.37061000,84101
2024-07-09,5.82600000,5.97600000,5.77700000,5.93600000,1510441.45000000,8862520.58666000,52985
2024-07-10,5.93800000,6.07700000,5.84100000,6.03800000,1003076.84000000,6009696.50249000,34436
2024-07-11,6.03700000,6.17400000,5.91700000,5.93700000,1126102.44000000,6833701.98107000,39387
2024-07-12,5.93800000,6.15600000,5.86700000,6.15300000,800904.43000000,4805039.33154000,40879
2024-07-13,6.15300000,6.27000000,6.12100000,6.20700000,616415.64000000,3825655.69291000,33083
2024-07-14,6.20800000,6.26900000,6.09600000,6.23100000,779949.39000000,4819288.33812000,41247
2024-07-15,6.22900000,6.51300000,6.21700000,6.50100000,1369464.39000000,8668804.66644000,62509
2024-07-16,6.50300000,6.65100000,6.25700000,6.61200000,1902901.11000000,12338893.63425000,89614
2024-07-17,6.61200000,6.79900000,6.47700000,6.48300000,1345694.08000000,8950780.86158000,73573
2024-07-18,6.48600000,6.58300000,6.23800000,6.31000000,1135752.44000000,7282863.16416000,50331
2024-07-19,6.31000000,6.56000000,6.18400000,6.50100000,1419798.27000000,9026255.34751000,57851
2024-07-20,6.50000000,6.58800000,6.43200000,6.52000000,820488.81000000,5347953.69991000,43994
2024-07-21,6.52100000,6.55100000,6.21300000,6.53300000,1129463.28000000,7261462.63394000,51088
2024-07-22,6.53300000,6.58100000,6.23500000,6.26700000,1807429.99000000,11565922.73066000,70771
2024-07-23,6.26800000,6.32900000,6.06700000,6.17300000,1214087.56000000,7549187.84752000,47174
2024-07-24,6.17300000,6.30200000,5.98200000,6.02600000,787085.86000000,4861623.79234000,29833
2024-07-25,6.02600000,6.04400000,5.69600000,5.92500000,1785284.13000000,10434769.58350000,53014
2024-07-26,5.92400000,6.19200000,5.91100000,6.16800000,1393312.24000000,8502117.94066000,37848
2024-07-27,6.16700000,6.38700000,6.13000000,6.34400000,1120875.73000000,7033659.15811000,37100
2024-07-28,6.34400000,6.39700000,6.18200000,6.21800000,762150.51000000,4804185.45209000,26947
2024-07-29,6.21900000,6.37400000,6.10000000,6.10800000,1418465.70000000,8886623.33658000,45975
2024-07-30,6.10800000,6.19500000,5.94700000,6.00300000,909849.77000000,5548687.62415000,30656
2024-07-31,6.00400000,6.08300000,5.77800000,5.80700000,1164931.36000000,6930211.66190000,38986
2024-08-01,5.80600000,5.87100000,5.48800000,5.78100000,1348651.78000000,7695694.08444000,51806
2024-08-02,5.77900000,5.80900000,5.22000000,5.36000000,2554562.03000000,13991699.35102000,67297
2024-08-03,5.35900000,5.41700000,5.00900000,5.12500000,1870693.15000000,9742956.78276000,52814
2024-08-04,5.12700000,5.21500000,4.80900000,5.04900000,2559737.31800000,12758365.69154400,57879
2024-08-05,5.04900000,5.10000000,4.02700000,4.64100000,7140755.93900000,31951945.58537300,192779
2024-08-06,4.64100000,4.97200000,4.63600000,4.90500000,1737287.37000000,8431596.21274000,51889
2024-08-07,4.90400000,5.05300000,4.73400000,4.83900000,1530076.33000000,7516964.02656000,49113
2024-08-08,4.84300000,5.17800000,4.74400000,5.15000000,2401038.98000000,12063260.42590000,71769
2024-08-09,5.14800000,5.14900000,4.93800000,5.08500000,1207400.45000000,6106920.88354000,59216
2024-08-10,5.08500000,5.25000000,5.01700000,5.20400000,1028013.64000000,5280211.14938000,89139
2024-08-11,5.20500000,5.24300000,4.86500000,4.89900000,1288379.96000000,6518753.40735000,97072
2024-08-12,4.89900000,5.19800000,4.89700000,5.07500000,1344214.18000000,6778475.85694000,67956
2024-08-13,5.07600000,5.08400000,4.88900000,5.00700000,1085943.81000000,5420032.99360000,49790
2024-08-14,5.00800000,5.01100000,4.72500000,4.76900000,1579892.72000000,7688032.24336000,69654
2024-08-15,4.76900000,4.81000000,4.46800000,4.51000000,2807918.96000000,13022994.28346000,166782
2024-08-16,4.51100000,4.61000000,4.42900000,4.55400000,1634017.40000000,7413554.61748000,48207
2024-08-17,4.55500000,4.67000000,4.52400000,4.61400000,745414.37000000,3435324.36373000,25782
2024-08-18,4.61300000,4.71500000,4.55800000,4.56700000,1196464.11000000,5542862.02414000,38181
2024-08-19,4.56800000,4.64200000,4.50700000,4.63600000,1278582.97000000,5851558.23009000,41207
2024-08-20,4.63600000,4.83400000,4.62400000,4.78700000,1894012.53000000,8968736.61801000,51032
2024-08-21,4.78700000,4.82300000,4.61500000,4.74900000,1939195.94000000,9199144.52458000,84984
2024-08-22,4.74900000,4.79800000,4.64900000,4.69100000,2425070.35000000,11466943.60843000,102086
2024-08-23,4.69100000,5.14200000,4.69000000,5.09700000,3524986.23000000,17247365.46403000,177988
2024-08-24,5.09700000,5.44400000,5.07500000,5.34800000,3452216.29000000,18190145.36805000,175632
2024-08-25,5.34800000,5.35000000,5.00200000,5.06300000,6430316.14000000,32987174.26359000,262574
2024-08-26,5.06300000,5.11800000,4.87200000,4.88800000,2813803.16000000,14055481.03496000,125930
2024-08-27,4.88900000,5.03100000,4.50000000,4.59200000,4023301.82000000,19406731.73659000,149981
2024-08-28,4.59300000,4.78900000,4.44700000,4.59900000,3046377.18000000,14056755.28390000,118367
2024-08-29,4.60000000,4.73900000,4.51700000,4.61000000,1253783.69000000,5817868.82284000,44122
2024-08-30,4.60800000,4.67600000,4.44600000,4.64500000,1546926.08000000,7092303.07742000,45191
2024-08-31,4.64600000,4.70200000,4.50800000,4.56000000,802413.89000000,3685169.75911000,22536
2024-09-01,4.56100000,4.56400000,4.26300000,4.30000000,1349972.65000000,5992854.78934000,42055
2024-09-02,4.29900000,4.48000000,4.28400000,4.43700000,1500512.01000000,6552959.00124000,43100
2024-09-03,4.43700000,4.50900000,4.10100000,4.10900000,2313037.60000000,9906445.42716000,57486
2024-09-04,4.10900000,4.14100000,3.89100000,4.07100000,3932388.90000000,15864695.55314000,85672
2024-09-05,4.07200000,4.10000000,3.86000000,3.90800000,3849573.59000000,15331973.28577000,87517
2024-09-06,3.90800000,3.97600000,3.61500000,3.71600000,4208533.96000000,16131743.65474000,97553
2024-09-07,3.71600000,3.78300000,3.63600000,3.67100000,2663343.79000000,9908029.09030000,60935
2024-09-08,3.67100000,3.83600000,3.65800000,3.80800000,3171459.45000000,11779507.44662000,60051
2024-09-09,3.80800000,4.11100000,3.80500000,4.09100000,4029878.70000000,16016594.83012000,84516
2024-09-10,4.09200000,4.17400000,4.03900000,4.13200000,2540801.43000000,10457945.51866000,58284
2024-09-11,4.13200000,4.21300000,4.01200000,4.16000000,2783804.18000000,11463384.89133000,63304
2024-09-12,4.16000000,4.18800000,4.05600000,4.14500000,2010940.16000000,8262033.14766000,48389
2024-09-13,4.14600000,4.25800000,4.12200000,4.20800000,2659955.40000000,11209310.95502000,62391
2024-09-14,4.20800000,4.24900000,4.14400000,4.24100000,1282864.39000000,5382889.35386000,39041
2024-09-15,4.24200000,4.25500000,4.02300000,4.06000000,1427310.52000000,5961077.02565000,45252
2024-09-16,4.06000000,4.06400000,3.91600000,3.97000000,2041883.33000000,8145842.11537000,55500
2024-09-17,3.97100000,4.24000000,3.94000000,4.19100000,2284620.97000000,9408847.83223000,57172
2024-09-18,4.19200000,4.37800000,4.09800000,4.37600000,3445134.81000000,14495316.91345000,83398
2024-09-19,4.37500000,4.61600000,4.37300000,4.50700000,3203358.30000000,14362688.91007000,73954
2024-09-20,4.50700000,4.59000000,4.42600000,4.52700000,3328309.46000000,15047070.98121000,69456
2024-09-21,4.52700000,4.73100000,4.46200000,4.72200000,1731673.54000000,7937348.01331000,52249
2024-09-22,4.72100000,4.72800000,4.48300000,4.59300000,2211142.45000000,10236618.18199000,57645
2024-09-23,4.59300000,4.71100000,4.50400000,4.58100000,2679658.49000000,12305713.23335000,64501
2024-09-24,4.58100000,4.84900000,4.49400000,4.81700000,3014481.27000000,14009658.93075000,72952
2024-09-25,4.81700000,4.96900000,4.74000000,4.78000000,2634936.60000000,12746148.31643000,63629
2024-09-26,4.78100000,5.09700000,4.69600000,5.00700000,3644760.91000000,17995043.44787000,70844
2024-09-27,5.00700000,5.19500000,5.00000000,5.14000000,2700905.47000000,13842740.57065000,62825
2024-09-28,5.14100000,5.16400000,4.93000000,5.01600000,1499899.56000000,7546575.86293000,49249
2024-09-29,5.01600000,5.13400000,4.95100000,5.02600000,1847627.98000000,9316648.95771000,60505
2024-09-30,5.02700000,5.06200000,4.68100000,4.72600000,2832893.48000000,13823847.68273000,84973
2024-10-01,4.72700000,4.90600000,4.24400000,4.44100000,3880632.50000000,17725965.46152000,112829
2024-10-02,4.43900000,4.58400000,4.34500000,4.43300000,2539226.67000000,11360838.90447000,74533
2024-10-03,4.43300000,4.50400000,4.22500000,4.38200000,2754788.76000000,12016305.21211000,70356
2024-10-04,4.38300000,4.63000000,4.35600000,4.61900000,1514060.83000000,6816942.57641000,49266
2024-10-05,4.62000000,4.71500000,4.56300000,4.62800000,1086101.58000000,5044602.47418000,33680
2024-10-06,4.62900000,4.65300000,4.55100000,4.64900000,913097.25000000,4196703.38330000,26795
2024-10-07,4.65000000,4.84300000,4.41100000,4.42100000,3031652.52000000,14046483.80256000,70956
2024-10-08,4.42200000,4.47100000,4.30700000,4.34900000,1723105.95000000,7555899.83623000,43008
2024-10-09,4.35000000,4.39100000,4.16400000,4.23000000,1907457.41000000,8217419.18755000,42263
2024-10-10,4.22900000,4.29400000,4.04300000,4.13500000,2052514.11000000,8538774.41329000,47348
2024-10-11,4.13500000,4.30000000,4.11100000,4.27800000,1432396.56000000,6064055.19791000,40030
2024-10-12,4.27900000,4.39100000,4.27200000,4.34700000,1084709.50000000,4706206.44884000,35027
2024-10-13,4.34700000,4.36800000,4.21600000,4.34000000,1337157.17000000,5761851.95199000,38244
2024-10-14,4.34300000,4.53400000,4.29600000,4.51600000,1942813.96000000,8660764.30691000,55740
2024-10-15,4.51600000,4.59000000,4.36600000,4.48600000,2687708.25000000,12089478.59296000,72805
2024-10-16,4.48600000,4.51800000,4.38700000,4.43700000,1617921.14000000,7205953.45921000,48788
2024-10-17,4.43800000,4.46900000,4.23500000,4.30500000,1558407.51000000,6750998.39125000,44507
2024-10-18,4.30500000,4.39700000,4.28500000,4.35200000,2588227.15000000,11252847.72628000,50097
2024-10-19,4.35400000,4.49300000,4.34800000,4.46600000,1387745.99000000,6138366.38600000,46797
2024-10-20,4.46700000,4.69400000,4.39300000,4.69400000,2062749.01000000,9419520.47820000,57757
2024-10-21,4.69400000,5.18100000,4.68600000,4.89800000,7159353.06000000,35087162.72548000,160272
2024-10-22,4.89700000,4.97300000,4.70300000,4.78600000,2914554.69000000,14058131.49405000,63317
2024-10-23,4.78700000,4.85800000,4.55900000,4.62000000,2650152.57000000,12494674.31046000,65231
2024-10-24,4.62000000,4.86000000,4.56500000,4.85000000,1772728.97000000,8328024.87806000,43953
2024-10-25,4.85000000,4.85800000,4.25800000,4.41500000,3070614.40000000,14265205.66544000,82582
2024-10-26,4.41400000,4.51200000,4.30200000,4.37200000,1841747.18000000,8097761.84354000,44480
2024-10-27,4.37300000,4.47200000,4.32200000,4.45400000,1019191.69000000,4464699.79525000,28261
2024-10-28,4.45500000,4.51000000,4.26700000,4.45700000,1934746.17000000,8499521.11294000,50298
2024-10-29,4.45800000,4.61000000,4.43100000,4.53700000,3182791.70000000,14407566.70215000,87401
2024-10-30,4.53700000,4.53700000,4.37400000,4.45500000,1997526.68000000,8900225.62683000,43593
2024-10-31,4.45600000,4.47300000,4.18500000,4.23700000,1895183.42000000,8167381.74537000,41250
2024-11-01,4.23800000,4.30600000,4.10900000,4.17500000,1750222.82000000,7362795.50251000,37776
2024-11-02,4.17600000,4.22100000,4.04800000,4.10100000,998664.71000000,4112812.21590000,23909
2024-11-03,4.10200000,4.11800000,3.87200000,3.97700000,2181538.45000000,8693917.75525000,59456
2024-11-04,3.97800000,4.02500000,3.82900000,3.91700000,1777939.66000000,7002057.62359000,33632
2024-11-05,3.91700000,4.21500000,3.90900000,4.20200000,2203715.33000000,8987103.95014000,40586
2024-11-06,4.20300000,4.54300000,4.20300000,4.51000000,3978954.19000000,17566589.99752000,85236
2024-11-07,4.51100000,4.65500000,4.46200000,4.52900000,2596446.08000000,11806765.66959000,65286
2024-11-08,4.53000000,4.71900000,4.45800000,4.71800000,3328246.62000000,15272600.30657000,72739
2024-11-09,4.71700000,4.84100000,4.62700000,4.79400000,3714000.36000000,17644717.92444000,87635
2024-11-10,4.79300000,5.54100000,4.71000000,5.26800000,12009456.40000000,61842276.50521000,253398
2024-11-11,5.26900000,5.68500000,5.15900000,5.66300000,6455550.54000000,34603954.21383000,153117
2024-11-12,5.66400000,5.83300000,5.12000000,5.30600000,8961741.51000000,48559977.09583000,221853
2024-11-13,5.30600000,5.36300000,4.83400000,5.12100000,9129803.90000000,46366472.42715000,210908
2024-11-14,5.12200000,5.30800000,4.87000000,4.95300000,4700618.07000000,23798848.85357000,129927
2024-11-15,4.95300000,5.30200000,4.82400000,5.26100000,5390331.12000000,27488765.38587000,140089
2024-11-16,5.26200000,6.21700000,5.24300000,6.12200000,7076688.61000000,39959806.85488000,229766
2024-11-17,6.12400000,6.66100000,5.57600000,5.69100000,11732503.56000000,71776923.42794000,348020
2024-11-18,5.69100000,6.62300000,5.66300000,6.46900000,7500073.96000000,46703637.67740000,252462
2024-11-19,6.46900000,6.87400000,6.13400000,6.26000000,8854883.62000000,56883786.00219000,283862
2024-11-20,6.26300000,6.64200000,6.06800000,6.19700000,5506984.94000000,34973301.02460000,179924
2024-11-21,6.19800000,6.50300000,5.99600000,6.42100000,6732078.17000000,41980781.38185000,182767
2024-11-22,6.42000000,7.62800000,6.32800000,7.55000000,11728983.14000000,83067531.56400000,336978
2024-11-23,7.54900000,8.84200000,7.43300000,8.22300000,14057583.95000000,113461872.95019000,526183
2024-11-24,8.22500000,9.57600000,8.05800000,8.75700000,16704190.98000000,147273794.80256000,630437
2024-11-25,8.75700000,8.84000000,7.77100000,7.92200000,6702125.80000000,56151475.11847000,230468
2024-11-26,7.92100000,8.14300000,7.50000000,8.01100000,6416259.96000000,50526347.82044000,223371
2024-11-27,8.01000000,8.38800000,7.79200000,8.32300000,4478368.27000000,36348627.09594000,162896
2024-11-28,8.32300000,8.39900000,7.88000000,8.21900000,3233050.88000000,26218142.12983000,122405
2024-11-29,8.22200000,8.80300000,8.05100000,8.77400000,3601429.29000000,30399072.01002000,134679
2024-11-30,8.77300000,8.85000000,8.40200000,8.57300000,4212764.01000000,36366473.71020000,141540
2024-12-01,8.57300000,9.05000000,8.30200000,8.90700000,4748763.16000000,41080507.29942000,159678
2024-12-02,8.90800000,9.60100000,8.33500000,9.56800000,10662295.94000000,95728919.53804000,398911
2024-12-03,9.56700000,10.02800000,8.87000000,9.57600000,10388348.86000000,99147673.66268000,379898
2024-12-04,9.57700000,10.67800000,9.44100000,9.93100000,11035492.72000000,112067832.37286000,390171
2024-12-05,9.93100000,10.07800000,9.34000000,9.57100000,8173351.76000000,79944191.15793000,297828
2024-12-06,9.57500000,10.60000000,9.48800000,10.39300000,6372022.57000000,63670099.67854000,250939
2024-12-07,10.39300000,10.57000000,10.00500000,10.17500000,3186450.17000000,32830507.62620000,134020
2024-12-08,10.17500000,10.43700000,9.83800000,10.12700000,3204645.16000000,32417896.08138000,126527
2024-12-09,10.12700000,10.13400000,7.52000000,8.39500000,8615790.67000000,76659075.35385000,355748
2024-12-10,8.39300000,8.54800000,7.25000000,7.94100000,11861518.46000000,93921666.19013000,352802
2024-12-11,7.94300000,8.92400000,7.59300000,8.82300000,5590204.94000000,46279028.43909000,189183
2024-12-12,8.82400000,9.29300000,8.60500000,8.94800000,5866057.44000000,52658564.81819000,200009
2024-12-13,8.95000000,9.28100000,8.73600000,9.19900000,4805134.48000000,43437700.99443000,165724
2024-12-14,9.20000000,9.35000000,8.65100000,8.97100000,3382515.89000000,30488240.48051000,116801
2024-12-15,8.97200000,9.30800000,8.68300000,9.11000000,3405035.38000000,30650872.82374000,119504
2024-12-16,9.11100000,9.30800000,8.63900000,8.88700000,4517386.46000000,40286440.76346000,134793
2024-12-17,8.88700000,8.98500000,8.39500000,8.54600000,3424398.81000000,29867029.62701000,124923
2024-12-18,8.54700000,8.68200000,7.61200000,7.65500000,7191344.53000000,59234523.86643000,216307
2024-12-19,7.65300000,7.70500000,6.61600000,6.81600000,7870664.94000000,56847695.41259000,223859
2024-12-20,6.81800000,7.10000000,5.83000000,6.91600000,9107817.01000000,58680038.79604000,224645
2024-12-21,6.91600000,7.34900000,6.43500000,6.52400000,4621904.56000000,31445113.43850000,119150
2024-12-22,6.52700000,6.73800000,6.25200000,6.40400000,3186605.32000000,20736557.71036000,80863
2024-12-23,6.40400000,7.09200000,6.23400000,6.95500000,3635634.43000000,23942639.15757000,97325
2024-12-24,6.95500000,7.19500000,6.71800000,7.04800000,2635735.17000000,18304318.82624000,68452
2024-12-25,7.04800000,7.14400000,6.83000000,6.94400000,2008639.75000000,13971391.14889000,52166
2024-12-26,6.94500000,7.01900000,6.42500000,6.48600000,2106652.28000000,13932531.33775000,59908
2024-12-27,6.48600000,6.80300000,6.41500000,6.47000000,1775564.34000000,11668312.67974000,61272
2024-12-28,6.47000000,6.67900000,6.38700000,6.61500000,1445614.79000000,9396320.08502000,52933
2024-12-29,6.61600000,6.66400000,6.23700000,6.29400000,1287196.91000000,8354808.81450000,44022
2024-12-30,6.29400000,6.56700000,6.11700000,6.35100000,2108153.99000000,13404184.16123000,59500
2024-12-31,6.35200000,6.52000000,6.17100000,6.19000000,2123246.85000000,13438391.88723000,53185
2025-01-01,6.19100000,6.65600000,6.04700000,6.54700000,2220875.74000000,14111483.29217000,59188
2025-01-02,6.54600000,6.81000000,6.54600000,6.70100000,2066458.94000000,13816881.89105000,56612
2025-01-03,6.70200000,7.46400000,6.67200000,7.42300000,3370382.87000000,23931977.54730000,88075
2025-01-04,7.42400000,7.47600000,7.23700000,7.29500000,2071919.72000000,15200357.57078000,59962
2025-01-05,7.29600000,7.42600000,7.14300000,7.34200000,1581102.84000000,11504124.07076000,43145
2025-01-06,7.34500000,7.64200000,7.21400000,7.45300000,2938163.31000000,21961654.15975000,84529
2025-01-07,7.45200000,7.77100000,6.76500000,6.77200000,5165844.57000000,37656349.15952000,148104
2025-01-08,6.77100000,6.86900000,6.16600000,6.46100000,3828393.14000000,24958835.28390000,100862
2025-01-09,6.46100000,6.60200000,6.24400000,6.39700000,2744397.44000000,17652696.63918000,67367
2025-01-10,6.39800000,6.67400000,6.36800000,6.65100000,2472274.45000000,16131429.26830000,65524
2025-01-11,6.65300000,6.74100000,6.51600000,6.61600000,1168477.98000000,7717801.13059000,33554
2025-01-12,6.62000000,6.69900000,6.36600000,6.45900000,1723577.04000000,11270773.10797000,48064
2025-01-13,6.46300000,6.70500000,5.90000000,6.28500000,4857757.17000000,30037452.19518000,123255
2025-01-14,6.28600000,6.31800000,6.04900000,6.27200000,2386163.83000000,14806597.13578000,57383
2025-01-15,6.27200000,6.68900000,6.15200000,6.66500000,3760356.65000000,24249502.64751000,100172
2025-01-16,6.66500000,6.79600000,6.43600000,6.59400000,3191468.02000000,21140722.53547000,81243
2025-01-17,6.59500000,7.17600000,6.59500000,7.05500000,4256099.21000000,29317308.01913000,94833
2025-01-18,7.05600000,7.17200000,6.45000000,6.59500000,3316488.22000000,22177966.56442000,81062
2025-01-19,6.59400000,6.77200000,5.77900000,5.89200000,6003538.85000000,37567437.40519000,157966
2025-01-20,5.89400000,6.53600000,5.68900000,6.07200000,6793368.85000000,41522429.62862000,189324
2025-01-21,6.07200000,6.35500000,5.84000000,6.24000000,3605831.38000000,21885641.67809000,86382
2025-01-22,6.23900000,6.33200000,6.10600000,6.20100000,3123040.45000000,19495571.63133000,80453
2025-01-23,6.20100000,6.22200000,5.85900000,6.12200000,4211032.17000000,25304439.09951000,112257
2025-01-24,6.12000000,6.41600000,5.95500000,6.21500000,2627417.53000000,16431989.36308000,64169
2025-01-25,6.21400000,6.29400000,6.12900000,6.19400000,2353163.55000000,14621361.15975000,57817
2025-01-26,6.19500000,6.41800000,6.08500000,6.09800000,3292679.72000000,20513067.76861000,68524
2025-01-27,6.09500000,6.12700000,5.53000000,5.99400000,4508414.55000000,26106773.21952000,106743
2025-01-28,5.99500000,6.06700000,5.61100000,5.66800000,2177995.78000000,12803235.63943000,48720
2025-01-29,5.66500000,5.98100000,5.65300000,5.82300000,2705750.40000000,15761147.32429000,60888
2025-01-30,5.82200000,6.27500000,5.77000000,6.21300000,2177427.82000000,13266226.99542000,51965
2025-01-31,6.21300000,6.41600000,6.11700000,6.24200000,2506495.19000000,15661576.46944000,66782
2025-02-01,6.24200000,6.41600000,5.79300000,5.81800000,2108237.84000000,13022145.60270000,61472
2025-02-02,5.81700000,5.93700000,4.64400000,4.88200000,6597379.01000000,34872367.04874000,150484
2025-02-03,4.88200000,4.96900000,3.65000000,4.92700000,16554442.94000000,71826565.19979000,346030
2025-02-04,4.92600000,4.97800000,4.40300000,4.69000000,6303436.39000000,29342995.35359000,154532
2025-02-05,4.69000000,4.84400000,4.63000000,4.67600000,3798330.88000000,17981051.73325000,95823
2025-02-06,4.67600000,4.73500000,4.35800000,4.40800000,4581324.98000000,21003597.74669000,123101
2025-02-07,4.40800000,4.67500000,4.25500000,4.37300000,5433834.38000000,24423648.92357000,127483
2025-02-08,4.37300000,4.59200000,4.32300000,4.56900000,1820191.60000000,8045472.95136000,50173
2025-02-09,4.56800000,4.78600000,4.38900000,4.57000000,3328971.61000000,15427501.83717000,78768
2025-02-10,4.56900000,4.84100000,4.43700000,4.81900000,2757888.67000000,12949566.18823000,71642
2025-02-11,4.81800000,4.98200000,4.63300000,4.70400000,3144781.53000000,15174337.29410000,73474
2025-02-12,4.70500000,5.10400000,4.53400000,5.06700000,4032672.25000000,19120307.10281000,96690
2025-02-13,5.07000000,5.14900000,4.92700000,4.99000000,2780490.05000000,13941367.85201000,72131
2025-02-14,4.99000000,5.09000000,4.86500000,4.91000000,4489244.02000000,22259700.40880000,97852
2025-02-15,4.91000000,5.04300000,4.79400000,4.83000000,2537131.86000000,12498109.52972000,56781
2025-02-16,4.83100000,4.87700000,4.73000000,4.76500000,1857019.39000000,8920819.05863000,47841
2025-02-17,4.76600000,4.94700000,4.70800000,4.81500000,2897430.71000000,13967125.19475000,79269
2025-02-18,4.81500000,4.89700000,4.44400000,4.57300000,2768270.14000000,12825616.92552000,81207
2025-02-19,4.57300000,4.70700000,4.48900000,4.68900000,1833891.01000000,8491406.34418000,56696
2025-02-20,4.68900000,4.97500000,4.66700000,4.92400000,2690196.24000000,13073384.77024000,68307
2025-02-21,4.92500000,5.08300000,4.67700000,4.77100000,3188662.36000000,15674557.27223000,86291
2025-02-22,4.77100000,5.02900000,4.74200000,4.96500000,2327977.46000000,11336888.82236000,60609
2025-02-23,4.96500000,5.01800000,4.82600000,4.87800000,1568120.38000000,7718680.92652000,49907
2025-02-24,4.87800000,4.89900000,4.26500000,4.35800000,3487926.92000000,15965807.00038000,112233
2025-02-25,4.35800000,4.54900000,4.10700000,4.45700000,4887745.71000000,20947291.77865000,175849
2025-02-26,4.45600000,4.69500000,4.41500000,4.60900000,3379806.64000000,15361175.06014000,107566
2025-02-27,4.60900000,4.78100000,4.47500000,4.57200000,2152665.17000000,9966912.06140000,73985
2025-02-28,4.57300000,4.66800000,4.20800000,4.63500000,3910841.66000000,17261297.56718000,132152
2025-03-01,4.63600000,4.66200000,4.42300000,4.49400000,1311243.82000000,5950137.49284000,47462
2025-03-02,4.49500000,4.92800000,4.40900000,4.90700000,3596759.64000000,16889330.16929000,121132
2025-03-03,4.90800000,4.95100000,4.14400000,4.22600000,3747829.67000000,16918218.42142000,141717
2025-03-04,4.22600000,4.25300000,3.88500000,4.16100000,5050037.85000000,20707678.77027000,161608
2025-03-05,4.16100000,4.35300000,4.09700000,4.32500000,2280152.25000000,9611247.39167000,54220
2025-03-06,4.32700000,4.43900000,4.23000000,4.25600000,1880055.79000000,8160791.02805000,46191
2025-03-07,4.25600000,4.44400000,4.07100000,4.26300000,3123143.81000000,13419788.19855000,78461
2025-03-08,4.26300000,4.27600000,4.07300000,4.10900000,1359144.43000000,5652319.73943000,34161
2025-03-09,4.10900000,4.13200000,3.74300000,3.80600000,2431830.70000000,9478250.89310000,59880
2025-03-10,3.80700000,4.04200000,3.57100000,3.58000000,4144834.79000000,15793475.44120000,89580
2025-03-11,3.58100000,3.99300000,3.38600000,3.88400000,5436350.38000000,19999401.70570000,103367
2025-03-12,3.88400000,3.97600000,3.75300000,3.88700000,2874819.57000000,11142492.76035000,58814
2025-03-13,3.88700000,3.96500000,3.78400000,3.91000000,2015845.03000000,7824292.02891000,31107
2025-03-14,3.90900000,4.31800000,3.89300000,4.29000000,2630229.81000000,10796021.05072000,45216
2025-03-15,4.28900000,4.72200000,4.23000000,4.64900000,3963997.80000000,17778970.43701000,81733
2025-03-16,4.64900000,4.76100000,4.50000000,4.61400000,3199837.70000000,14794832.12207000,59115
2025-03-17,4.61400000,4.73800000,4.52800000,4.63600000,2918218.05000000,13476864.98418000,57315
2025-03-18,4.63500000,4.83300000,4.52800000,4.72200000,4495935.60000000,21086628.39202000,79007
2025-03-19,4.72400000,4.76300000,4.57500000,4.75200000,2566528.90000000,12000876.81455000,51657
2025-03-20,4.75200000,4.84800000,4.60900000,4.68400000,2062242.01000000,9754627.05995000,40625
2025-03-21,4.68400000,4.72300000,4.47400000,4.59400000,1559803.81000000,7171903.38137000,35332
2025-03-22,4.59500000,5.04600000,4.58200000,4.88600000,2323077.36000000,11272259.86115000,51638
2025-03-23,4.88400000,4.89600000,4.68400000,4.80700000,1524023.42000000,7300343.53529000,36514
2025-03-24,4.80500000,4.99700000,4.75800000,4.95600000,2175247.42000000,10620885.25858000,44659
2025-03-25,4.95500000,5.01600000,4.79000000,4.83600000,2236413.16000000,10908299.95092000,51332
2025-03-26,4.83600000,4.98500000,4.77300000,4.87700000,2267637.17000000,11095954.07649000,45775
2025-03-27,4.87800000,4.96500000,4.73800000,4.80600000,1401638.95000000,6806075.99903000,33204
2025-03-28,4.80600000,4.82700000,4.49500000,4.54900000,1673617.19000000,7718090.74081000,41873
2025-03-29,4.54800000,4.56100000,4.17100000,4.24300000,2170199.73000000,9485055.93409000,47605
2025-03-30,4.24300000,4.39400000,4.18600000,4.31400000,1282942.79000000,5521914.86317000,30530
2025-03-31,4.31500000,4.46600000,4.17800000,4.37500000,1642607.56000000,7122838.18811000,40077
2025-04-01,4.37500000,4.54500000,4.34500000,4.37200000,1548011.34000000,6876270.61619000,33247
2025-04-02,4.37500000,4.60800000,4.14300000,4.21300000,2423987.59000000,10649323.37807000,65619
2025-04-03,4.21200000,4.71500000,4.19700000,4.65000000,2617001.80000000,11636167.91052000,58081
2025-04-04,4.65100000,5.09200000,4.61500000,4.98900000,5627249.32000000,27475938.79089000,116307
2025-04-05,4.99000000,5.01600000,4.72500000,4.80400000,2200966.29000000,10771662.55818000,50218
2025-04-06,4.80400000,4.83400000,4.37800000,4.44100000,3327857.61000000,15354518.16754000,77094
2025-04-07,4.44100000,4.58300000,4.04100000,4.33000000,5570580.47000000,23976476.40624000,119288
2025-04-08,4.33200000,4.43300000,4.10100000,4.17100000,2398906.58000000,10254505.01001000,69968
2025-04-09,4.17000000,4.58500000,4.01300000,4.53700000,3337599.43000000,14502858.42309000,85761
2025-04-10,4.53600000,4.54200000,4.22700000,4.33600000,2018522.08000000,8845586.25674000,48758
2025-04-11,4.33500000,4.41800000,4.20100000,4.24600000,2135484.31000000,9160749.80225000,51561
2025-04-12,4.24500000,4.39700000,4.16200000,4.35200000,2157480.46000000,9194267.04687000,47524
2025-04-13,4.35300000,4.39100000,4.05100000,4.14700000,2031150.96000000,8539343.06053000,53140
2025-04-14,4.14800000,4.27800000,4.06300000,4.13300000,1839165.32000000,7656838.98410000,53088
2025-04-15,4.13200000,4.18500000,3.97300000,3.98000000,1558242.75000000,6374751.49018000,42580
2025-04-16,3.98000000,4.09600000,3.92400000,4.02200000,1640621.29000000,6589793.91871000,45133
2025-04-17,4.02200000,4.20700000,3.99100000,4.11200000,1907209.35000000,7869000.12631000,47965
2025-04-18,4.11300000,4.22500000,4.07200000,4.12200000,949391.77000000,3948374.54300000,27821
2025-04-19,4.12200000,4.25200000,4.12200000,4.21100000,937460.82000000,3924752.12750000,25558
2025-04-20,4.21200000,4.26500000,4.10300000,4.14900000,1046446.27000000,4364051.00236000,30544
2025-04-21,4.15000000,4.29500000,4.04800000,4.06200000,1948106.49000000,8205368.68053000,56590
2025-04-22,4.06200000,4.34000000,3.97900000,4.31000000,3441661.69000000,14226124.14424000,91729
2025-04-23,4.31100000,4.44300000,4.27500000,4.40900000,2952141.89000000,12877015.11954000,110964
2025-04-24,4.40800000,4.61500000,4.28100000,4.55100000,2547601.26000000,11414173.83160000,84748
2025-04-25,4.55000000,4.63000000,4.42400000,4.54300000,1844605.41000000,8379250.97163000,58159
2025-04-26,4.54400000,4.73400000,4.54400000,4.58700000,2273274.91000000,10504797.83052000,69940
2025-04-27,4.58800000,4.62600000,4.36300000,4.37800000,2947334.56000000,13143230.28483000,79491
2025-04-28,4.37900000,4.49600000,4.28200000,4.46100000,1747531.40000000,7725343.91687000,49043
2025-04-29,4.46100000,4.53800000,4.33400000,4.37700000,1490765.46000000,6657491.33779000,41761
2025-04-30,4.37600000,4.42800000,4.21600000,4.30100000,1493237.44000000,6458874.00610000,43993
2025-05-01,4.30200000,4.48400000,4.29200000,4.43300000,1103217.91000000,4849807.08776000,32889
2025-05-02,4.43300000,4.51300000,4.32900000,4.36800000,1210613.08000000,5360822.53441000,37625
2025-05-03,4.36700000,4.36900000,4.16100000,4.21700000,954845.02000000,4075696.41482000,27069
2025-05-04,4.21600000,4.24900000,4.06300000,4.09500000,1251772.20000000,5187051.96230000,38526
2025-05-05,4.09500000,4.20300000,4.04700000,4.07400000,1473336.47000000,6053805.31317000,35941
2025-05-06,4.07300000,4.12200000,3.98100000,4.10800000,1215771.55000000,4921993.26612000,32059
2025-05-07,4.10900000,4.19100000,4.08400000,4.17000000,1975783.70000000,8171563.07874000,74589
2025-05-08,4.17000000,4.58700000,4.15500000,4.54100000,2180717.12000000,9564083.29010000,55886
2025-05-09,4.54100000,4.99900000,4.52300000,4.94600000,4619667.64000000,22194615.23138000,117673
2025-05-10,4.94600000,5.39200000,4.85600000,5.38400000,2997179.42000000,15213218.73889000,90644
2025-05-11,5.38300000,5.42000000,5.11600000,5.31000000,2348895.38000000,12401651.67780000,77947
2025-05-12,5.30900000,5.49900000,5.11500000,5.23500000,3038014.39000000,16172150.01494000,125630
2025-05-13,5.23500000,5.36700000,5.00000000,5.26200000,2413529.61000000,12458668.71501000,88389
2025-05-14,5.26200000,5.34900000,5.04100000,5.09100000,1591271.32000000,8234421.22998000,68373
2025-05-15,5.09000000,5.12700000,4.76300000,4.86600000,2616526.35000000,12891148.36295000,83010
2025-05-16,4.86600000,4.98700000,4.78000000,4.81200000,1529985.97000000,7497666.78768000,51141
2025-05-17,4.81200000,4.83600000,4.65400000,4.71800000,1167332.59000000,5531356.97035000,48660
2025-05-18,4.71900000,5.13600000,4.63700000,4.96300000,3507807.40000000,16937200.68090000,113239
2025-05-19,4.96300000,5.00400000,4.58200000,4.77900000,1907581.00000000,9058801.55587000,68388
2025-05-20,4.77900000,4.88500000,4.65600000,4.84800000,1385848.75000000,6613436.93030000,52132
2025-05-21,4.84900000,5.06700000,4.77700000,4.97400000,1904545.97000000,9387477.93874000,74119
2025-05-22,4.97500000,5.22900000,4.97000000,5.21900000,1756784.32000000,8983530.99810000,59844
2025-05-23,5.21800000,5.34400000,4.76900000,4.79200000,2548882.38000000,13010235.45784000,93969
2025-05-24,4.79300000,4.86200000,4.69400000,4.71500000,1298084.57000000,6216916.48430000,48837
2025-05-25,4.71600000,4.81900000,4.57300000,4.79000000,1594655.60000000,7473314.82641000,54066
2025-05-26,4.79100000,4.95300000,4.74500000,4.77600000,1390779.89000000,6723292.13159000,41591
2025-05-27,4.77800000,4.95900000,4.67800000,4.75400000,1979269.94000000,9582278.76757000,64724
2025-05-28,4.75400000,4.85200000,4.64000000,4.84500000,1750358.15000000,8309319.95765000,47381
2025-05-29,4.84500000,4.91700000,4.59600000,4.61400000,1586401.25000000,7581536.37307000,51531
2025-05-30,4.61500000,4.63900000,4.23400000,4.29100000,2556011.58000000,11316781.93827000,77049
2025-05-31,4.29000000,4.39300000,4.17700000,4.34800000,1415558.66000000,6063739.02521000,49207
2025-06-01,4.34900000,4.38500000,4.25500000,4.36600000,776675.71000000,3362942.29476000,26368
2025-06-02,4.36700000,4.49200000,4.25700000,4.46800000,1065571.79000000,4624393.78428000,31689
2025-06-03,4.46900000,4.53000000,4.37200000,4.41500000,1169489.03000000,5211950.90994000,31070
2025-06-04,4.41600000,4.46900000,4.24100000,4.26700000,1180617.98000000,5144840.43848000,32583
2025-06-05,4.26800000,4.36100000,4.02900000,4.08100000,1790420.40000000,7520484.70499000,54267
2025-06-06,4.08100000,4.29400000,4.06600000,4.17400000,1219941.63000000,5118216.96877000,38118
2025-06-07,4.17400000,4.33200000,4.17200000,4.30900000,660758.45000000,2833736.27094000,17733
2025-06-08,4.30900000,4.32700000,4.20100000,4.26700000,1019401.25000000,4341310.10650000,28694
2025-06-09,4.27000000,4.44600000,4.20800000,4.43300000,1180825.45000000,5107831.04099000,27754
2025-06-10,4.43400000,4.62600000,4.38000000,4.60100000,1922630.94000000,8671355.70134000,43159
2025-06-11,4.60200000,4.62900000,4.45400000,4.50900000,1745267.01000000,7955256.09438000,41064
2025-06-12,4.51000000,4.51900000,4.21300000,4.21400000,1524166.99000000,6668353.28749000,38679
2025-06-13,4.21500000,4.21600000,4.00100000,4.13100000,2528137.46000000,10311364.39626000,76917
2025-06-14,4.13000000,4.15900000,4.02000000,4.08700000,920527.91000000,3773420.61626000,23700
2025-06-15,4.08700000,4.13300000,4.00800000,4.09300000,891381.76000000,3635727.41902000,20841
2025-06-16,4.09400000,4.29700000,4.06200000,4.14100000,1232673.82000000,5195786.13812000,31626
2025-06-17,4.14100000,4.19900000,3.97100000,4.02100000,1373051.61000000,5584884.96361000,41455
2025-06-18,4.02200000,4.07800000,3.91900000,4.01400000,995518.62000000,3974651.89770000,35812
2025-06-19,4.01500000,4.07500000,3.95900000,4.03800000,733174.76000000,2944835.10773000,20634
2025-06-20,4.03900000,4.08400000,3.82700000,3.92800000,1277832.69000000,5073749.64446000,33931
2025-06-21,3.92800000,3.99100000,3.69100000,3.79400000,1407692.36000000,5400533.80391000,35544
2025-06-22,3.79400000,3.84600000,3.55000000,3.71900000,3572185.66000000,13141254.52136000,70858
2025-06-23,3.72000000,4.09800000,3.70600000,4.07300000,1651007.89000000,6408478.38694000,38435
2025-06-24,4.07300000,4.14000000,3.99300000,4.07400000,1697405.77000000,6887485.11467000,31587
2025-06-25,4.07600000,4.08200000,3.97700000,4.00000000,1464860.98000000,5907065.67051000,28223
2025-06-26,4.00100000,4.06600000,3.88900000,3.89200000,1131090.62000000,4491319.47796000,31173
2025-06-27,3.89200000,3.95000000,3.84600000,3.92600000,857112.73000000,3348999.42775000,22390
2025-06-28,3.92700000,4.03000000,3.91700000,3.99400000,787235.57000000,3125894.28226000,20382
2025-06-29,3.99500000,4.23300000,3.96400000,4.20400000,1010510.81000000,4111196.81280000,21692
2025-06-30,4.20500000,4.23900000,4.05700000,4.09300000,1107615.08000000,4578916.84256000,28748
2025-07-01,4.09400000,4.11100000,3.91200000,3.92900000,796696.90000000,3185012.99316000,23790
2025-07-02,3.92900000,4.25100000,3.90200000,4.17500000,1435221.28000000,5920601.37872000,37319
2025-07-03,4.17500000,4.26500000,4.15500000,4.18400000,1233026.85000000,5195341.21339000,31680
2025-07-04,4.18400000,4.19900000,3.95300000,3.99900000,1075824.66000000,4362643.23306000,31406
2025-07-05,4.00000000,4.03400000,3.94500000,4.01100000,569766.12000000,2274641.67328000,20888
2025-07-06,4.01200000,4.14100000,3.97700000,4.07900000,828304.09000000,3362591.10155000,20241
2025-07-07,4.08000000,4.11500000,4.01300000,4.04700000,696084.55000000,2830802.49680000,21397
2025-07-08,4.04800000,4.17700000,3.99700000,4.12500000,800024.46000000,3270175.39175000,25242
2025-07-09,4.12600000,4.36500000,4.09200000,4.31300000,1812453.38000000,7684439.19028000,44218
2025-07-10,4.31400000,4.62900000,4.28700000,4.61800000,1938668.75000000,8531551.07221000,50342
2025-07-11,4.61800000,4.80500000,4.54900000,4.64000000,3455063.61000000,16183855.87843000,104471
2025-07-12,4.64100000,4.73100000,4.49400000,4.58000000,1322569.28000000,6111592.86465000,46820
2025-07-13,4.58100000,4.75800000,4.56500000,4.67900000,1177149.48000000,5497066.83490000,44845
2025-07-14,4.68000000,4.85400000,4.48800000,4.55500000,2244151.97000000,10514258.65814000,71220
2025-07-15,4.55500000,4.72100000,4.43200000,4.66800000,2201113.21000000,10014948.36108000,70786
2025-07-16,4.66800000,4.88000000,4.60400000,4.74400000,2027791.46000000,9559509.21368000,63504
2025-07-17,4.74500000,4.90100000,4.63600000,4.85500000,2449351.27000000,11704796.72020000,76498
2025-07-18,4.85600000,5.15600000,4.78200000,4.85500000,3665990.61000000,18355391.81365000,110031
2025-07-19,4.85500000,5.04800000,4.75300000,5.01600000,1806676.01000000,8831486.29372000,55654
2025-07-20,5.01700000,5.28100000,4.98300000,5.17400000,2375883.39000000,12245547.76004000,72396
2025-07-21,5.17400000,5.31700000,5.06300000,5.18600000,2526531.84000000,13176444.60192000,72026
2025-07-22,5.18600000,5.20900000,4.92200000,5.11000000,2347534.27000000,11855832.31039000,83102
2025-07-23,5.11100000,5.13800000,4.55800000,4.70200000,3444856.97000000,16654731.77897000,112402
2025-07-24,4.70400000,4.80500000,4.46000000,4.62500000,2330171.81000000,10834546.54812000,86232
2025-07-25,4.62600000,4.73800000,4.49800000,4.70900000,2102166.36000000,9702751.50430000,71835
2025-07-26,4.71000000,4.83800000,4.66900000,4.76500000,942834.34000000,4468083.77054000,28052
2025-07-27,4.76600000,4.89100000,4.73600000,4.87400000,952652.80000000,4578965.32980000,28487
2025-07-28,4.87500000,4.95100000,4.60900000,4.64300000,2174853.83000000,10485728.07697000,71914
2025-07-29,4.64300000,4.77200000,4.52000000,4.61600000,2413134.71000000,11175351.89068000,66621
2025-07-30,4.61700000,4.61800000,4.24700000,4.41700000,3020984.58000000,13432713.91104000,80986
2025-07-31,4.41700000,4.51600000,4.18600000,4.21000000,2247401.93000000,9797279.50291000,59017
2025-08-01,4.20900000,4.26300000,4.03800000,4.14000000,3385162.22000000,14118451.01861000,99349
2025-08-02,4.14000000,4.20000000,4.00700000,4.09200000,1733932.51000000,7107722.60861000,49886
2025-08-03,4.09200000,4.28600000,4.03500000,4.27300000,1219347.14000000,5118755.69863000,31745
2025-08-04,4.27300000,4.33800000,4.23100000,4.31100000,1592055.18000000,6811803.10198000,35049
2025-08-05,4.31100000,4.31800000,4.13700000,4.23000000,1942660.33000000,8225203.46873000,46059
2025-08-06,4.23100000,4.34200000,4.13000000,4.32100000,1486079.71000000,6293358.83540000,39479
2025-08-07,4.32100000,4.47600000,4.29000000,4.47100000,1374084.39000000,6005302.40083000,33300
2025-08-08,4.47100000,4.66400000,4.39600000,4.60400000,3476692.94000000,15696957.11399000,86805
2025-08-09,4.60500000,4.79100000,4.60400000,4.73000000,1900044.85000000,8959900.81063000,46057
2025-08-10,4.72900000,4.80300000,4.57200000,4.66200000,1459138.85000000,6832467.55334000,44827
2025-08-11,4.66200000,4.77600000,4.45000000,4.48700000,2152070.09000000,9924776.91042000,64250
2025-08-12,4.48600000,4.79500000,4.46400000,4.70600000,2041550.17000000,9415002.22545000,60225
2025-08-13,4.70600000,4.89200000,4.65600000,4.85300000,2625078.73000000,12608914.59686000,66376
2025-08-14,4.85400000,4.91600000,4.43200000,4.52100000,3326838.90000000,15468529.67425000,105045
2025-08-15,4.52100000,4.62800000,4.33100000,4.46100000,2161250.75000000,9648368.51931000,63591
2025-08-16,4.45900000,4.60300000,4.44700000,4.57100000,1067237.02000000,4820936.18303000,29978
2025-08-17,4.57200000,4.75800000,4.54100000,4.62200000,1342636.54000000,6249040.23650000,34563
2025-08-18,4.62100000,4.62800000,4.38000000,4.46300000,1850426.79000000,8269829.34549000,51514
2025-08-19,4.46400000,4.51000000,4.27700000,4.29100000,1826507.78000000,7982018.50302000,54507
2025-08-20,4.29100000,4.50700000,4.26700000,4.47200000,1276589.45000000,5604524.31251000,36435
2025-08-21,4.47300000,4.51900000,4.40100000,4.42900000,1487376.29000000,6650811.33859000,37834
2025-08-22,4.43000000,4.85400000,4.29600000,4.81900000,3788204.74000000,17346567.96917000,91737
2025-08-23,4.82000000,4.93400000,4.67300000,4.89000000,2630807.17000000,12714520.24908000,61403
2025-08-24,4.89000000,4.97100000,4.65400000,4.79100000,2567263.98000000,12279247.34320000,73477
2025-08-25,4.79100000,4.85000000,4.38900000,4.41400000,4065025.62000000,18625008.90117000,102147
2025-08-26,4.41400000,4.58300000,4.38800000,4.52600000,2141382.30000000,9580365.17345000,57619
2025-08-27,4.52600000,4.59900000,4.47300000,4.49100000,1402085.86000000,6357527.16001000,48435
2025-08-28,4.49100000,4.80800000,4.46100000,4.78200000,1737576.67000000,8076910.45723000,46263
2025-08-29,4.78200000,4.80900000,4.42500000,4.48300000,2299170.21000000,10570451.54547000,66888
2025-08-30,4.48300000,4.56000000,4.41800000,4.50500000,964652.69000000,4336339.21429000,25611
2025-08-31,4.50400000,4.61800000,4.46200000,4.46700000,862657.87000000,3928539.80349000,23144
2025-09-01,4.46500000,4.59800000,4.32100000,4.39500000,2018808.10000000,8956382.96685000,56625
2025-09-02,4.39600000,4.47100000,4.35100000,4.43000000,1313954.85000000,5800961.28884000,35500
2025-09-03,4.43100000,4.56400000,4.40300000,4.52100000,1198740.74000000,5373542.76748000,27287
2025-09-04,4.52200000,4.53900000,4.33800000,4.38600000,1281181.05000000,5651660.47169000,29441
2025-09-05,4.38600000,4.55500000,4.36500000,4.44100000,2031030.71000000,9039967.88343000,49124
2025-09-06,4.44100000,4.45800000,4.36100000,4.40900000,695969.69000000,3062506.92489000,19059
2025-09-07,4.41000000,4.51000000,4.40900000,4.48400000,942232.46000000,4201093.58924000,20790
2025-09-08,4.48500000,4.59800000,4.47600000,4.53900000,1638384.69000000,7439493.33346000,45599
2025-09-09,4.54100000,4.67900000,4.48900000,4.59100000,1925198.28000000,8834457.36266000,54942
2025-09-10,4.59100000,4.71700000,4.55700000,4.68000000,1701670.40000000,7908164.64740000,49621
2025-09-11,4.68100000,4.70500000,4.58700000,4.69200000,1108703.39000000,5165469.62757000,32793
2025-09-12,4.69300000,4.75400000,4.60100000,4.74800000,1366646.95000000,6397079.56170000,31914
2025-09-13,4.74900000,4.88700000,4.71100000,4.82300000,2274630.07000000,10930428.57299000,51929
2025-09-14,4.82200000,4.82800000,4.61200000,4.63500000,1201641.27000000,5659791.10305000,39574
2025-09-15,4.63500000,4.67600000,4.45100000,4.51000000,1789895.83000000,8131244.02164000,52428
2025-09-16,4.51000000,4.57300000,4.41800000,4.54700000,1699455.25000000,7627319.28494000,43148
2025-09-17,4.54700000,4.63900000,4.45100000,4.61300000,1531271.52000000,6926877.43655000,48866
2025-09-18,4.61400000,4.70400000,4.55500000,4.67200000,1348679.91000000,6249442.18033000,41077
2025-09-19,4.67200000,4.75100000,4.45200000,4.47700000,1576905.06000000,7253386.74238000,44680
2025-09-20,4.47600000,4.49900000,4.42000000,4.45300000,941034.06000000,4197718.91339000,24864
2025-09-21,4.45200000,4.51100000,4.34900000,4.40000000,1451975.33000000,6464385.53086000,32093
2025-09-22,4.40000000,4.42200000,4.03100000,4.16100000,3540931.19000000,14834325.36599000,105194
2025-09-23,4.16100000,4.22200000,4.09600000,4.12700000,1264377.24000000,5270730.10775000,39456
2025-09-24,4.12800000,4.22800000,4.07000000,4.15300000,1276939.38000000,5333499.52502000,36825
2025-09-25,4.15300000,4.16300000,3.94100000,4.01200000,2403411.17000000,9741993.60101000,67640
2025-09-26,4.01300000,4.18300000,3.96400000,4.11400000,1464358.06000000,5955695.21133000,42495
2025-09-27,4.11600000,4.16200000,4.05500000,4.11100000,1028188.06000000,4211311.71625000,26314
2025-09-28,4.11200000,4.18700000,4.02300000,4.18300000,1090247.65000000,4455072.24173000,27453
2025-09-29,4.18300000,4.18400000,4.00800000,4.11300000,1510554.02000000,6196365.44833000,33290
2025-09-30,4.11300000,4.11300000,3.97600000,4.10000000,1339371.08000000,5432702.17844000,31573
2025-10-01,4.10100000,4.25700000,4.06200000,4.13600000,4430543.46000000,18428305.14134000,87304
2025-10-02,4.13700000,4.32100000,4.12900000,4.31500000,3016663.87000000,12796267.64477000,52281
2025-10-03,4.31400000,4.35300000,4.19500000,4.27800000,2220288.32000000,9465569.41745000,54176
2025-10-04,4.28000000,4.29300000,4.08800000,4.13600000,1358566.86000000,5650029.89459000,31992
2025-10-05,4.13600000,4.30700000,4.11300000,4.14800000,2297041.96000000,9676437.72119000,46919
2025-10-06,4.14800000,4.30700000,4.10900000,4.27200000,2007604.00000000,8447677.47947000,46223
2025-10-07,4.27200000,4.29600000,4.03400000,4.05600000,3137544.67000000,13002556.59463000,65763
2025-10-08,4.05500000,4.20400000,4.01000000,4.17300000,1473945.53000000,6062309.42680000,39037
2025-10-09,4.17300000,4.18600000,3.98600000,4.05700000,1798146.10000000,7272128.77390000,41009
2025-10-10,4.05700000,4.18800000,0.00100000,2.94600000,12048856.01000000,37601154.20140800,420107
2025-10-11,2.94200000,3.29600000,2.85600000,3.14300000,8685323.26000000,26688949.59649000,269852
2025-10-12,3.14200000,3.55000000,3.03600000,3.48300000,3856508.09000000,12746934.32115000,113415
2025-10-13,3.48200000,3.66900000,3.44400000,3.64500000,3483907.92000000,12361855.57295000,72763
2025-10-14,3.64500000,3.66700000,3.28700000,3.47100000,3811915.02000000,13084034.82237000,63815
2025-10-15,3.47100000,3.51900000,3.27900000,3.33400000,2138365.79000000,7264093.99797000,34841
2025-10-16,3.33500000,3.42000000,3.19600000,3.25600000,2296516.77000000,7626644.62761000,35607
2025-10-17,3.25600000,3.30600000,3.01600000,3.15200000,2585138.48000000,8141186.53797000,42613
2025-10-18,3.15200000,3.23400000,3.14300000,3.18500000,977986.52000000,3118495.08543000,17748
2025-10-19,3.18600000,3.29300000,3.11600000,3.22800000,1655400.27000000,5306151.28782000,23225
2025-10-20,3.22900000,3.32600000,3.17900000,3.27300000,1706414.88000000,5601739.73523000,24479
2025-10-21,3.27300000,3.37300000,3.17000000,3.18800000,2397495.25000000,7838158.42939000,37350
2025-10-22,3.18800000,3.22600000,3.02800000,3.11400000,1983645.17000000,6238396.28467000,48369
2025-10-23,3.11500000,3.23500000,3.10900000,3.18200000,1242261.40000000,3938681.74584000,21138
2025-10-24,3.18300000,3.22600000,3.12700000,3.18600000,1742604.22000000,5527943.86698000,25047
2025-10-25,3.18500000,3.19700000,3.13600000,3.15000000,752703.33000000,2378496.50064000,12155
2025-10-26,3.15100000,3.28300000,3.11700000,3.25400000,1348242.77000000,4319529.64516000,19500
2025-10-27,3.25500000,3.28600000,3.15900000,3.17800000,1363288.78000000,4392375.79734000,23080
2025-10-28,3.17900000,3.21800000,3.03400000,3.09800000,1915460.79000000,6032057.23849000,24779
2025-10-29,3.09800000,3.17700000,3.03600000,3.09500000,1680198.62000000,5224430.23176000,32782
2025-10-30,3.09600000,3.15400000,2.85400000,2.95100000,2460747.52000000,7342500.66632000,46178
2025-10-31,2.95100000,3.03300000,2.93600000,2.96200000,1958140.69000000,5853052.54568000,24672
2025-11-01,2.96300000,3.04700000,2.94600000,3.03000000,1250437.67000000,3758515.43600000,15703
2025-11-02,3.02900000,3.07800000,2.95200000,3.05400000,1640359.90000000,4943979.42622000,21480
2025-11-03,3.05500000,3.06400000,2.47100000,2.50600000,6968968.32000000,18669733.04437000,83223
2025-11-04,2.50700000,2.64100000,2.34600000,2.50700000,6563022.20000000,16408008.28373000,106720
2025-11-05,2.50700000,2.68500000,2.40700000,2.66700000,2875453.73000000,7423188.78415000,42115
2025-11-06,2.66700000,2.67900000,2.53400000,2.64800000,2334384.95000000,6093371.62920000,30273
2025-11-07,2.64900000,3.19900000,2.64600000,3.05100000,5985747.40000000,17276469.17643000,75936
2025-11-08,3.05000000,3.15700000,2.88900000,2.95300000,3263202.00000000,9817766.58377000,53312
2025-11-09,2.95400000,3.00200000,2.83500000,2.97200000,4223386.59000000,12254420.86318000,49024
2025-11-10,2.97200000,3.15500000,2.95000000,3.10800000,2448109.42000000,7465231.94485000,42328
2025-11-11,3.10900000,3.15600000,2.93600000,2.94200000,2261103.87000000,6876646.84982000,63297
2025-11-12,2.94200000,3.11400000,2.86100000,2.89100000,1987555.85000000,5938543.50506000,31552
2025-11-13,2.89100000,3.01600000,2.76800000,2.86700000,1997335.07000000,5811119.09540000,36224
2025-11-14,2.86700000,2.91400000,2.75000000,2.80000000,2521948.63000000,7164949.17980000,63846
2025-11-15,2.80100000,3.00000000,2.79800000,2.85400000,1646632.70000000,4791595.44665000,37479
2025-11-16,2.85400000,2.88300000,2.69600000,2.76600000,1625065.42000000,4527529.36531000,39929
2025-11-17,2.76700000,2.91400000,2.68600000,2.70800000,2486356.26000000,6958448.50695000,59761
2025-11-18,2.70700000,2.82200000,2.66700000,2.76000000,2500795.14000000,6842570.71619000,56048
2025-11-19,2.75900000,2.78900000,2.61900000,2.73300000,1686255.33000000,4567002.67029000,44504
2025-11-20,2.73100000,3.14100000,2.71900000,2.73900000,7155653.47000000,21174368.68207000,129105
2025-11-21,2.73800000,2.82600000,2.44600000,2.51500000,3567957.85000000,9290578.12720000,84950
2025-11-22,2.51400000,2.53300000,2.43800000,2.51400000,1640766.93000000,4073856.72019000,37562
2025-11-23,2.51500000,2.56900000,2.48300000,2.49700000,1827029.99000000,4624137.88477000,35110
2025-11-24,2.49700000,2.54700000,2.38400000,2.50100000,2517664.77000000,6199290.61612000,35767
2025-11-25,2.50100000,2.53200000,2.41400000,2.46700000,1349609.29000000,3343272.19349000,21135
2025-11-26,2.46900000,2.56100000,2.43400000,2.52400000,1565015.41000000,3894865.41330000,22038
2025-11-27,2.52500000,2.55600000,2.50000000,2.52000000,1233291.16000000,3116425.85145000,18418
2025-11-28,2.52000000,2.54400000,2.42700000,2.43900000,1157367.08000000,2870986.50943000,21133
2025-11-29,2.43900000,2.45500000,2.38900000,2.42700000,946416.05000000,2290222.71323000,15238
2025-11-30,2.42700000,2.45400000,2.37100000,2.37600000,903157.66000000,2186573.06585000,15012
2025-12-01,2.37600000,2.38500000,2.14000000,2.26800000,3357509.11000000,7570862.14157000,50025
2025-12-02,2.26900000,2.43200000,2.24600000,2.36500000,1665201.61000000,3876698.00550000,24199
2025-12-03,2.36600000,2.41700000,2.31100000,2.39300000,1907744.66000000,4520315.37831000,29701
2025-12-04,2.39400000,2.40800000,2.28400000,2.31100000,1229459.71000000,2889536.30779000,18833
2025-12-05,2.31100000,2.33800000,2.15000000,2.19700000,1530157.73000000,3429174.44222000,28255
2025-12-06,2.19800000,2.28300000,2.18500000,2.23900000,1012086.74000000,2255069.47842000,15299
2025-12-07,2.23800000,2.24900000,2.13400000,2.18000000,1110822.23000000,2435983.00239000,17306
2025-12-08,2.18000000,2.27100000,2.17400000,2.24900000,1242134.03000000,2779436.41298000,19839
2025-12-09,2.24900000,2.42100000,2.19500000,2.32500000,1879614.44000000,4369148.09527000,31429
2025-12-10,2.32700000,2.37300000,2.24600000,2.26700000,2866499.63000000,6560145.95239000,35088
2025-12-11,2.26800000,2.27200000,2.16000000,2.18500000,2109669.24000000,4623343.39115000,25357
2025-12-12,2.18500000,2.20600000,2.07100000,2.14000000,2111887.25000000,4515594.43841000,27184
2025-12-13,2.14100000,2.19500000,2.13900000,2.18300000,775387.84000000,1686408.22492000,11827
2025-12-14,2.18400000,2.19100000,2.08200000,2.10300000,1282212.36000000,2742662.35220000,14707
2025-12-15,2.10300000,2.16500000,2.00200000,2.05000000,1700469.80000000,3561614.62723000,24145
2025-12-16,2.05100000,2.07100000,1.98900000,1.99900000,2450554.25000000,4977882.44414000,31434
2025-12-17,2.00100000,2.09400000,1.92300000,1.94400000,2741443.53000000,5481092.45159000,34699
2025-12-18,1.94400000,1.97400000,1.83200000,1.85200000,3785200.17000000,7210286.61453000,40375
2025-12-19,1.85300000,1.99100000,1.84600000,1.96500000,2522513.85000000,4803242.02975000,25261
2025-12-20,1.96600000,2.00400000,1.95900000,1.98300000,862183.82000000,1705287.62411000,12548
2025-12-21,1.98300000,1.99600000,1.90700000,1.94200000,830050.68000000,1612940.65222000,14186
2025-12-22,1.94300000,2.00000000,1.92300000,1.95000000,1353134.86000000,2655310.32813000,18893
2025-12-23,1.95000000,2.00100000,1.91800000,1.97100000,1365990.62000000,2673403.59318000,20129
2025-12-24,1.97100000,1.99400000,1.91600000,1.98200000,1263819.33000000,2463687.91069000,16650
2025-12-25,1.98200000,2.02700000,1.95500000,1.95700000,1255280.30000000,2507274.84244000,15189
2025-12-26,1.95700000,2.06000000,1.95100000,2.04800000,1108972.13000000,2244536.36928000,17271
2025-12-27,2.04700000,2.09900000,2.02900000,2.08000000,1145541.13000000,2359500.21892000,12823
2025-12-28,2.08000000,2.11200000,2.05500000,2.07400000,976612.96000000,2036392.10910000,14105
2025-12-29,2.07500000,2.10300000,1.95900000,1.96500000,1893871.08000000,3843081.05629000,29253
2025-12-30,1.96500000,2.00100000,1.95600000,1.96700000,1265741.86000000,2502211.93924000,19977
2025-12-31,1.96700000,1.98500000,1.90700000,1.93000000,831184.17000000,1621069.87646000,14195
2026-01-01,1.93000000,2.07900000,1.92000000,2.06900000,1309209.82000000,2607691.96194000,15203
2026-01-02,2.06900000,2.17000000,2.05900000,2.16800000,1496421.58000000,3172344.42168000,20197
2026-01-03,2.16800000,2.26000000,2.16700000,2.23900000,1536274.01000000,3405602.86443000,21374
2026-01-04,2.24000000,2.34800000,2.23000000,2.34000000,1987686.01000000,4570439.93089000,25764
2026-01-05,2.34100000,2.39100000,2.26400000,2.36900000,1800750.23000000,4200451.83771000,24337
2026-01-06,2.37000000,2.55000000,2.35200000,2.53200000,2297088.48000000,5622664.29947000,37244
2026-01-07,2.53100000,2.53500000,2.39400000,2.43300000,2234064.05000000,5450522.85344000,33109
2026-01-08,2.43400000,2.50700000,2.37800000,2.46100000,2503324.00000000,6114820.81552000,40483
2026-01-09,2.46300000,2.65400000,2.41100000,2.59200000,3177422.24000000,8011172.49938000,57445
2026-01-10,2.59200000,2.68200000,2.54500000,2.57000000,2409345.57000000,6280194.68454000,51188
2026-01-11,2.56900000,2.64200000,2.55600000,2.57400000,1411131.47000000,3673394.80090000,31900
2026-01-12,2.57300000,2.65600000,2.47800000,2.48700000,1665083.44000000,4286425.99715000,43574
2026-01-13,2.48600000,2.67800000,2.48500000,2.63600000,1662177.48000000,4304497.23603000,46744
2026-01-14,2.63500000,2.69700000,2.56800000,2.58200000,1944437.61000000,5130092.07684000,35604
2026-01-15,2.58300000,2.59900000,2.44300000,2.47700000,1396375.72000000,3514364.82857000,25174
2026-01-16,2.47700000,2.50800000,2.42700000,2.49400000,1227538.35000000,3033899.69122000,19158
2026-01-17,2.49300000,2.60100000,2.48900000,2.56700000,1071340.88000000,2738003.65300000,18956
2026-01-18,2.56800000,2.59500000,2.42200000,2.42600000,1204661.12000000,3022850.47013000,20864
2026-01-19,2.42600000,2.48500000,2.23100000,2.45600000,2539417.73000000,6025579.18481000,47636
2026-01-20,2.45700000,2.54700000,2.28500000,2.29500000,2488729.39000000,5998153.60413000,50198
2026-01-21,2.29500000,2.45300000,2.29300000,2.38200000,3264710.58000000,7786091.07946000,53238
2026-01-22,2.38200000,2.44000000,2.32700000,2.33500000,1011233.29000000,2403134.72635000,21683
2026-01-23,2.33600000,2.41900000,2.33000000,2.36800000,1139393.52000000,2702605.61660000,23753
2026-01-24,2.36800000,2.38700000,2.29300000,2.33400000,776424.72000000,1817609.41096000,14513
2026-01-25,2.33300000,2.33700000,2.20100000,2.23600000,1237802.86000000,2798942.74481000,22577
2026-01-26,2.23700000,2.31400000,2.21000000,2.22200000,1523084.26000000,3429327.90623000,25134
2026-01-27,2.22300000,2.27000000,2.18300000,2.24400000,1366942.63000000,3035766.90594000,19775
2026-01-28,2.24400000,2.30300000,2.21900000,2.23700000,2112013.52000000,4763019.22425000,27817
2026-01-29,2.23800000,2.24200000,2.07700000,2.12800000,1586179.01000000,3403744.17299000,25569
2026-01-30,2.12800000,2.13500000,2.05100000,2.11200000,1370453.56000000,2868496.16852000,25986
2026-01-31,2.11300000,2.11600000,1.81000000,1.97100000,2472219.26000000,4862233.54857000,48688
2026-02-01,1.97200000,1.99300000,1.87400000,1.91000000,1626128.34000000,3156599.22315000,30539
2026-02-02,1.91300000,2.00700000,1.86400000,1.98200000,1538111.29000000,2980166.18417000,30958
2026-02-03,1.98200000,2.05300000,1.88900000,2.03600000,2205203.71000000,4379986.58213000,28735
2026-02-04,2.03400000,2.10600000,1.97600000,1.99500000,3134460.50000000,6407092.55239000,41785
2026-02-05,1.99500000,2.05700000,1.77000000,1.81900000,5771706.55000000,11106687.27145000,95441
2026-02-06,1.81900000,2.01600000,1.65400000,1.98700000,4164696.00000000,7662613.01812000,71713
2026-02-07,1.98700000,2.05000000,1.92900000,1.98900000,2213890.07000000,4424862.55824000,45176
2026-02-08,1.99000000,2.00100000,1.93100000,1.95000000,1110155.91000000,2189047.05577000,19422
2026-02-09,1.95000000,1.98500000,1.90200000,1.96000000,1220117.12000000,2377314.48201000,23924
2026-02-10,1.96000000,1.97400000,1.89500000,1.92200000,995814.08000000,1917763.04777000,20925
2026-02-11,1.92300000,2.00900000,1.87400000,1.94500000,1786589.62000000,3436837.65064000,30996
2026-02-12,1.94600000,2.01700000,1.92900000,1.96800000,1291115.88000000,2545194.63125000,24887
2026-02-13,1.96800000,2.12900000,1.95300000,2.12200000,1446322.64000000,2946032.41572000,22694
2026-02-14,2.12200000,2.22100000,2.11000000,2.18600000,749230.49000000,1617392.19394000,16952
2026-02-15,2.18600000,2.22500000,2.09600000,2.13700000,1282038.56000000,2756242.59317000,26793
2026-02-16,2.13800000,2.32200000,2.11300000,2.29200000,2766288.69000000,6126603.48485000,44486
2026-02-17,2.29400000,2.33200000,2.22300000,2.24200000,2117552.03000000,4814048.10852000,40208
2026-02-18,2.24100000,2.51200000,2.21200000,2.34600000,3728704.61000000,8833440.00092000,71519
2026-02-19,2.34600000,2.36700000,2.26700000,2.29200000,1811232.89000000,4192939.51601000,37321
2026-02-20,2.29100000,2.39200000,2.25800000,2.35800000,1847571.79000000,4315158.36621000,36746
2026-02-21,2.35800000,2.41300000,2.30600000,2.31400000,1111050.32000000,2634161.41872000,21414
2026-02-22,2.31400000,2.31900000,2.23000000,2.25000000,1016411.11000000,2309561.88071000,16595
2026-02-23,2.25000000,2.25500000,2.11200000,2.12000000,2000572.46000000,4381927.61757000,34911
2026-02-24,2.12000000,2.14800000,1.98000000,1.99200000,1628456.56000000,3337675.32727000,27429
2026-02-25,1.99300000,2.12000000,1.92800000,1.94200000,4359402.37000000,8873822.83264000,68272
2026-02-26,1.94100000,1.98400000,1.82500000,1.87900000,4041871.07000000,7669372.02106000,52402
2026-02-27,1.88000000,1.94100000,1.81700000,1.84900000,2257799.19000000,4249393.50471000,29819
2026-02-28,1.85000000,1.86200000,1.76700000,1.84900000,2286622.78000000,4139042.52611000,31597
2026-03-01,1.84800000,1.88500000,1.76300000,1.79900000,1628549.29000000,2977479.32399000,21847
2026-03-02,1.79900000,1.88100000,1.78300000,1.84300000,1971903.32000000,3607941.75121000,25443
2026-03-03,1.84300000,1.85600000,1.76500000,1.81400000,2451285.16000000,4428110.03177000,26072
2026-03-04,1.81500000,1.92700000,1.80600000,1.87900000,2116812.45000000,3961951.03970000,25772
2026-03-05,1.87900000,1.89400000,1.82400000,1.84000000,1338080.00000000,2496937.37080000,17281
2026-03-06,1.83900000,1.85500000,1.77300000,1.80900000,1110325.18000000,2016503.90509000,14845
2026-03-07,1.81000000,1.83200000,1.77800000,1.78500000,958208.82000000,1732931.28790000,14187
2026-03-08,1.78600000,1.78700000,1.71600000,1.73800000,1071463.94000000,1875888.82239000,13727
2026-03-09,1.73800000,1.77800000,1.70600000,1.74300000,1411291.18000000,2461704.36370000,15017
2026-03-10,1.74400000,1.84400000,1.74300000,1.78800000,1540286.50000000,2763166.28278000,15188
2026-03-11,1.78900000,1.85600000,1.78500000,1.84000000,1138571.21000000,2075755.23215000,16227
2026-03-12,1.84100000,1.84600000,1.80700000,1.83800000,1019499.61000000,1863572.90015000,14647
2026-03-13,1.83800000,1.89800000,1.83300000,1.86200000,1595669.94000000,2975956.92492000,17490
2026-03-14,1.86100000,1.89300000,1.85100000,1.87000000,849985.15000000,1591165.09767000,11475
2026-03-15,1.86900000,1.87300000,1.84200000,1.86100000,686685.94000000,1275584.72150000,8160
2026-03-16,1.86100000,2.00600000,1.85600000,1.97800000,2020095.37000000,3909272.37061000,25158
2026-03-17,1.97800000,1.98500000,1.92600000,1.96100000,1200005.03000000,2343074.28180000,13590
2026-03-18,1.96100000,2.03500000,1.86800000,1.90900000,1959248.70000000,3844158.49304000,23536
2026-03-19,1.90900000,1.92900000,1.79900000,1.81100000,1673215.64000000,3086420.39365000,17509
2026-03-20,1.81200000,1.84100000,1.78500000,1.83400000,1822920.31000000,3306137.95876000,21216
2026-03-21,1.83400000,1.86000000,1.78700000,1.79300000,664908.75000000,1220923.02385000,11865
2026-03-22,1.79300000,1.80700000,1.75300000,1.76900000,910719.54000000,1621878.45648000,11887
2026-03-23,1.77000000,1.84300000,1.75000000,1.78600000,2095644.14000000,3741152.32729000,27904
2026-03-24,1.78600000,1.79700000,1.76200000,1.78700000,1349592.94000000,2402436.48394000,15384
2026-03-25,1.78800000,1.80600000,1.75800000,1.76500000,1225226.69000000,2185412.80328000,14467
2026-03-26,1.76500000,1.76700000,1.67300000,1.69900000,1456631.98000000,2494961.37448000,14471
2026-03-27,1.69800000,1.73100000,1.65500000,1.67600000,1209660.16000000,2040204.26465000,14044
2026-03-28,1.67600000,1.70200000,1.65700000,1.66600000,913233.21000000,1534663.33304000,8613
2026-03-29,1.66700000,1.67200000,1.60700000,1.64600000,931092.50000000,1530846.07917000,11494
2026-03-30,1.64700000,1.70100000,1.64100000,1.66500000,1181191.93000000,1975680.38530000,10331
2026-03-31,1.66700000,1.71300000,1.66400000,1.70700000,1085332.95000000,1832152.15098000,11393
2026-04-01,1.70700000,1.74100000,1.67100000,1.67600000,1199671.61000000,2048860.68033000,15945
2026-04-02,1.67700000,1.68900000,1.61400000,1.66800000,804945.99000000,1321310.39307000,10064
2026-04-03,1.66800000,1.72900000,1.66500000,1.68800000,846322.78000000,1441815.17472000,12207
2026-04-04,1.68800000,1.72100000,1.68100000,1.71300000,486184.61000000,827267.99154000,6115
2026-04-05,1.71300000,1.72500000,1.66600000,1.69800000,677521.31000000,1144687.33158000,7491
2026-04-06,1.69800000,1.75800000,1.69200000,1.70300000,1674122.34000000,2888761.65855000,15270
2026-04-07,1.70200000,1.80900000,1.67400000,1.80700000,1421880.08000000,2432074.26772000,15218
2026-04-08,1.80600000,1.80900000,1.75100000,1.77900000,1173007.94000000,2097669.02331000,14932
2026-04-09,1.78000000,1.82800000,1.76200000,1.80100000,1372816.23000000,2465789.35460000,16517
2026-04-10,1.80200000,1.84500000,1.79300000,1.80600000,1170514.96000000,2134470.72809000,16479
2026-04-11,1.80700000,1.80800000,1.76600000,1.77800000,605131.45000000,1078854.36612000,9438
2026-04-12,1.77800000,1.78700000,1.71900000,1.72300000,593280.08000000,1033164.42990000,9014
2026-04-13,1.72300000,1.78800000,1.70900000,1.77900000,1260133.58000000,2191866.07543000,14047
2026-04-14,1.77900000,1.78400000,1.73600000,1.74400000,1058928.80000000,1866306.68439000,11478
2026-04-15,1.74500000,1.77700000,1.72800000,1.76700000,803021.23000000,1406308.18748000,9819
2026-04-16,1.76700000,1.82400000,1.75600000,1.81000000,1396455.01000000,2506732.05218000,17104
2026-04-17,1.80900000,1.86700000,1.78500000,1.83300000,1371725.16000000,2504099.39933000,15362
2026-04-18,1.83200000,1.85000000,1.77500000,1.78300000,651759.53000000,1181062.28002000,8308
2026-04-19,1.78300000,1.80100000,1.75400000,1.75800000,945300.29000000,1680027.93064000,11140
2026-04-20,1.75900000,1.81800000,1.75800000,1.80000000,710917.44000000,1272427.04276000,9901
2026-04-21,1.80000000,1.84600000,1.76300000,1.84500000,1342341.84000000,2424084.32264000,20206
2026-04-22,1.84500000,1.91900000,1.84500000,1.86200000,1486034.71000000,2803842.83988000,19853
2026-04-23,1.86200000,1.91600000,1.83700000,1.91200000,979283.51000000,1830512.44411000,12015
2026-04-24,1.91200000,1.99800000,1.90900000,1.99300000,1428674.27000000,2795260.65207000,20047
2026-04-25,1.99300000,2.05800000,1.99100000,2.03000000,1184838.20000000,2403149.72713000,19269
2026-04-26,2.02900000,2.03600000,1.99600000,2.00000000,726471.71000000,1464121.92254000,11121
2026-04-27,2.00000000,2.02600000,1.94600000,1.98400000,989455.28000000,1955867.65300000,14230
2026-04-28,1.98400000,1.99100000,1.93200000,1.95300000,809928.62000000,1589917.15956000,10884
2026-04-29,1.95200000,1.99000000,1.89600000,1.92900000,624363.49000000,1217519.54994000,10664
2026-04-30,1.92900000,1.93900000,1.87600000,1.88800000,853189.89000000,1626350.94986000,12133
2026-05-01,1.88800000,1.91800000,1.87100000,1.89700000,533601.81000000,1010230.57852000,7900
2026-05-02,1.89700000,1.90900000,1.86400000,1.88400000,450571.60000000,851969.11676000,7505
2026-05-03,1.88400000,1.89700000,1.85400000,1.87400000,533842.22000000,1004274.58409000,7349
2026-05-04,1.87400000,1.92600000,1.86100000,1.88900000,984295.83000000,1862701.93146000,11383
2026-05-05,1.89000000,1.92300000,1.83800000,1.88200000,1207343.68000000,2278638.28845000,15047
2026-05-06,1.88200000,1.97500000,1.87900000,1.90200000,1860900.16000000,3595222.20766000,23077
2026-05-07,1.90200000,1.94700000,1.87000000,1.88600000,1183505.93000000,2254192.71237000,16205
2026-05-08,1.88600000,1.96100000,1.85400000,1.95000000,1464737.92000000,2782808.60402000,18490
2026-05-09,1.95100000,1.99400000,1.92900000,1.93700000,858451.80000000,1687101.58437000,12668
2026-05-10,1.93700000,2.05200000,1.89600000,2.01300000,2310975.61000000,4605667.26502000,37486
2026-05-11,2.01300000,2.10900000,1.97500000,2.04300000,3807616.68000000,7739483.09348000,68627
2026-05-12,2.04300000,2.18200000,1.98100000,2.10500000,4401025.09000000,9137089.27665000,54929
2026-05-13,2.10600000,2.23500000,2.03000000,2.04000000,4865780.38000000,10362722.11266000,68621
2026-05-14,2.03900000,2.07300000,1.99700000,2.04300000,1734833.07000000,3523513.03609000,32234
2026-05-15,2.04500000,2.05400000,1.92300000,1.92900000,1511395.08000000,3001626.86151000,24055
2026-05-16,1.92900000,2.05800000,1.91000000,2.03900000,2560248.09000000,5083479.09925000,48307
2026-05-17,2.03900000,2.14000000,1.99000000,2.03500000,3052324.40000000,6297351.06652000,48458
2026-05-18,2.03400000,2.08900000,1.98600000,2.07600000,2081577.73000000,4250552.54747000,32638
2026-05-19,2.07600000,2.09300000,2.01700000,2.04100000,1483833.20000000,3055554.48705000,23074
2026-05-20,2.04000000,2.04000000,1.97900000,1.99200000,819189.17000000,1645984.94326000,16381
2026-05-21,1.99200000,2.08400000,1.99100000,2.05200000,1615000.63000000,3300935.39122000,33305
2026-05-22,2.05200000,2.19000000,2.03900000,2.07000000,2406933.60000000,5116939.97787000,50935
2026-05-23,2.07000000,2.15000000,2.00800000,2.11000000,1510693.22000000,3146054.54229000,29485
2026-05-24,2.11000000,2.13200000,1.99800000,2.05400000,1078481.06000000,2238213.12093000,20281
2026-05-25,2.05500000,2.18900000,2.05000000,2.13600000,1655237.25000000,3534008.08777000,29690
2026-05-26,2.13600000,2.29800000,2.11800000,2.21800000,3157990.97000000,6936201.24993000,58111
2026-05-27,2.21800000,2.26300000,2.11300000,2.13200000,1990094.71000000,4390797.28782000,39135
2026-05-28,2.13200000,2.13800000,2.00500000,2.06100000,1558515.36000000,3209739.40503000,27327
2026-05-29,2.06100000,2.11100000,1.97100000,2.01700000,1504283.10000000,3062940.49469000,24863
2026-05-30,2.01600000,2.07000000,2.00500000,2.02000000,748935.75000000,1524060.72041000,12745
2026-05-31,2.02000000,2.02500000,1.92300000,1.95800000,1842206.81000000,3656671.52480000,20813
2026-06-01,1.95800000,1.97800000,1.88800000,1.90600000,989232.53000000,1911180.16274000,15807
2026-06-02,1.90700000,1.91000000,1.78600000,1.82100000,1399572.26000000,2589767.41883000,23191
2026-06-03,1.82300000,1.92000000,1.81200000,1.85600000,1557736.60000000,2910946.68906000,25819
2026-06-04,1.85500000,1.86700000,1.73300000,1.81000000,1541533.40000000,2775693.40729000,31974
2026-06-05,1.80800000,1.81700000,1.60100000,1.65800000,2168726.17000000,3699932.60634000,46198
2026-06-06,1.65800000,1.68300000,1.55900000,1.62800000,980496.59000000,1591147.84329000,23983
2026-06-07,1.62900000,1.74400000,1.62400000,1.71500000,1136274.31000000,1920015.98741000,32962
2026-06-08,1.71500000,1.80700000,1.69800000,1.76600000,963126.24000000,1690111.03625000,19618
2026-06-09,1.76500000,1.80200000,1.71800000,1.78000000,1278213.17000000,2250500.83643000,22310
2026-06-10,1.78000000,1.86200000,1.73700000,1.76300000,1853030.31000000,3333069.87955000,29962
2026-06-11,1.76400000,2.03500000,1.76400000,2.03400000,4148441.67000000,7905894.99585000,55681
2026-06-12,2.03500000,2.03700000,1.93200000,1.98100000,1714520.62000000,3400776.42731000,28345
2026-06-13,1.98000000,2.02400000,1.94000000,1.94900000,979402.03000000,1944923.17198000,15411
2026-06-14,1.94900000,2.01600000,1.92300000,2.00800000,1463504.54000000,2872446.96315000,20710
2026-06-15,2.00700000,2.02400000,1.94700000,1.96500000,1426344.83000000,2829287.04137000,19239
2026-06-16,1.96400000,2.01600000,1.94000000,1.99200000,1002652.99000000,1987844.08969000,14856
2026-06-17,1.99300000,2.02300000,1.87500000,1.90000000,1437924.96000000,2822637.14929000,24546
2026-06-18,1.90100000,1.90800000,1.77900000,1.81300000,1560223.33000000,2857880.56522000,20853
2026-06-19,1.81400000,1.85400000,1.79500000,1.81000000,564189.13000000,1024485.70779000,11963
2026-06-20,1.81100000,1.81800000,1.76200000,1.80300000,518449.53000000,929450.24061000,8856
2026-06-21,1.80300000,1.81100000,1.75000000,1.75600000,378786.22000000,672686.96328000,6308
2026-06-22,1.75800000,1.83800000,1.75300000,1.79900000,833124.08000000,1503581.80074000,12034
2026-06-23,1.79900000,1.80600000,1.71500000,1.71900000,1055000.58000000,1849449.48435000,14668
2026-06-24,1.71900000,1.73400000,1.60300000,1.65100000,1894381.84000000,3141930.19090000,21645
2026-06-25,1.65100000,1.67900000,1.54800000,1.61300000,1416537.30000000,2290912.47335000,21193
2026-06-26,1.61300000,1.64900000,1.57300000,1.59500000,1410452.27000000,2267032.35622000,21240
2026-06-27,1.59600000,1.61700000,1.55900000,1.58300000,1132431.95000000,1801038.38056000,13299
2026-06-28,1.58100000,1.58500000,1.55400000,1.57300000,959942.84000000,1508437.09344000,11695
2026-06-29,1.57300000,1.59500000,1.51900000,1.53500000,1803164.20000000,2794235.24893000,18009
2026-06-30,1.53600000,1.54200000,1.50000000,1.51300000,1563762.14000000,2370967.73067000,21040
2026-07-01,1.51400000,1.57200000,1.48200000,1.53900000,1119638.58000000,1714344.87938000,13398
2026-07-02,1.54000000,1.58000000,1.53700000,1.56000000,1256381.41000000,1953286.65650000,11908
2026-07-03,1.56000000,1.61300000,1.55200000,1.59700000,854834.14000000,1356805.35465000,10529
2026-07-04,1.59700000,1.61200000,1.58000000,1.59300000,467739.56000000,746437.38706000,6993
2026-07-05,1.59300000,1.60000000,1.54300000,1.59800000,656600.00000000,1028940.64966000,9058
2026-07-06,1.59900000,1.63000000,1.54500000,1.60300000,1158774.11000000,1840998.25297000,11194
2026-07-07,1.60200000,1.61200000,1.56200000,1.57500000,919382.46000000,1463519.64545000,8805
2026-07-08,1.57500000,1.58400000,1.52900000,1.56600000,1199869.34000000,1868966.67159000,10585
2026-07-09,1.56600000,1.58400000,1.54600000,1.55200000,684727.90000000,1070364.79644000,7029
2026-07-10,1.55200000,1.59500000,1.54400000,1.58800000,627893.69000000,989430.97606000,7836
2026-07-11,1.58900000,1.61300000,1.57900000,1.58100000,716780.03000000,1144657.19274000,8003
2026-07-12,1.58100000,1.59100000,1.55400000,1.56800000,771444.74000000,1212481.65694000,8079
2026-07-13,1.56800000,1.58400000,1.52200000,1.53800000,770635.20000000,1190767.40900000,10704
2026-07-14,1.53900000,1.56700000,1.51700000,1.56400000,807087.02000000,1244655.34309000,13380
2026-07-15,1.56400000,1.59400000,1.55200000,1.55600000,1205739.35000000,1889694.82888000,15834
2026-07-16,1.55600000,1.56900000,1.50400000,1.51200000,1213093.54000000,1865556.66842000,18823
2026-07-17,1.51300000,1.53000000,1.48900000,1.51100000,1147910.59000000,1729491.09403000,18017
2026-07-18,1.51000000,1.51400000,1.48400000,1.49800000,734495.92000000,1100026.60662000,11872
2026-07-19,1.49800000,1.50500000,1.47200000,1.47700000,845945.19000000,1259474.25070000,11178
2026-07-20,1.47700000,1.50900000,1.44500000,1.49600000,1480779.33000000,2187679.37286000,19845
2026-07-21,1.49500000,1.51100000,1.47800000,1.48600000,975576.94000000,1460184.68412000,13404
2026-07-22,1.48500000,1.49300000,1.45800000,1.46900000,934570.60000000,1375257.53959000,13293
2026-07-23,1.46900000,1.48000000,1.41800000,1.42000000,1124943.41000000,1635508.87727000,14557
2026-07-24,1.42100000,1.43100000,1.37300000,1.39400000,898454.97000000,1259604.32336000,14161
2026-07-25,1.39400000,1.40200000,1.37000000,1.38300000,594606.79000000,823224.14938000,11028
2026-07-26,1.38300000,1.40500000,1.38100000,1.39900000,802521.23000000,1117647.46447000,11860
2026-07-27,1.39900000,1.40000000,1.29500000,1.29900000,1546372.34000000,2093610.80894000,16019
2026-07-28,1.30000000,1.31600000,1.28500000,1.30800000,1792595.63000000,2333871.22132000,18774
2026-07-29,1.30800000,1.31200000,1.26500000,1.28300000,1138700.82000000,1465510.06520000,12226
2026-07-30,1.28300000,1.30800000,1.27100000,1.28200000,524599.85000000,676498.45743000,6557
2026-07-31,1.28100000,1.29000000,1.21900000,1.22900000,1793439.65000000,2226037.30722000,13499
2026-08-01,1.22800000,1.24000000,1.21200000,1.22400000,485339.41000000,596363.66736000,5805
2026-08-02,1.22400000,1.27300000,1.22200000,1.26600000,1222811.03000000,1530558.81538000,10424
2026-08-03,1.26700000,1.39300000,1.25400000,1.36600000,2923448.98000000,3897735.17602000,24241
2026-08-04,1.36500000,1.39500000,1.35400000,1.37600000,1652098.28000000,2270248.12222000,14374
2026-08-05,1.37500000,1.38400000,1.33800000,1.35500000,1100546.90000000,1493979.33301000,11738
2026-08-06,1.35500000,1.39700000,1.32700000,1.35400000,985247.06000000,1339558.47076000,10155
2026-08-07,1.35400000,1.36700000,1.33600000,1.36400000,788005.80000000,1066010.37229000,7717
2026-08-08,1.36400000,1.40300000,1.36200000,1.38800000,590028.91000000,817151.47244000,6503
2026-08-09,1.38800000,1.39600000,1.37000000,1.37500000,501562.91000000,693342.65685000,7965
2026-08-10,1.37500000,1.43100000,1.36900000,1.40000000,954302.23000000,1336242.25563000,9099
2026-08-11,1.40000000,1.44600000,1.38900000,1.43600000,1079200.90000000,1537068.03595000,10767
2026-08-12,1.43600000,1.44800000,1.39300000,1.40000000,681227.74000000,966038.66723000,9710
2026-08-13,1.40000000,1.53200000,1.39300000,1.50200000,1884011.85000000,2788638.66739000,23534
2026-08-14,1.50200000,1.57300000,1.47700000,1.51200000,2109271.00000000,3236763.26061000,24994
2026-08-15,1.51300000,1.51400000,1.46400000,1.47500000,831941.73000000,1234703.20274000,8301
2026-08-16,1.47500000,1.50500000,1.45000000,1.45500000,794243.28000000,1176819.66594000,8163
2026-08-17,1.45500000,1.46500000,1.40000000,1.41500000,1183664.60000000,1697750.68494000,11539
2026-08-18,1.41500000,1.45600000,1.37900000,1.41300000,1591705.39000000,2244837.55609000,18092
2026-08-19,1.41400000,1.51400000,1.39600000,1.49400000,2248726.39000000,3240972.59403000,21408
2026-08-20,1.49400000,1.52300000,1.46500000,1.51400000,1285491.70000000,1920396.12809000,17733
2026-08-21,1.51400000,1.62300000,1.50900000,1.60300000,2614615.19000000,4084738.76892000,32952
2026-08-22,1.60200000,1.72100000,1.51300000,1.57800000,3170799.00000000,5114482.69722000,43084
2026-08-23,1.57900000,1.62300000,1.51900000,1.60200000,1217366.76000000,1917243.99033000,16757
2026-08-24,1.60300000,1.60700000,1.51400000,1.52300000,1514509.17000000,2364105.49562000,18001
2026-08-25,1.52300000,1.56500000,1.49300000,1.52300000,1997586.31000000,3068065.57907000,23928
2026-08-26,1.52400000,1.56600000,1.48300000,1.51300000,1493422.67000000,2283204.68258000,16828
2026-08-27,1.51300000,1.56400000,1.47500000,1.56200000,1481698.72000000,2250524.16160000,17583
2026-08-28,1.56300000,1.58000000,1.45400000,1.48200000,1671326.72000000,2520594.57685000,18359
2026-08-29,1.48300000,1.51700000,1.48200000,1.50200000,586672.63000000,881439.96274000,8981
2026-08-30,1.50200000,1.50200000,1.43600000,1.45800000,881827.45000000,1301775.30813000,12163
2026-08-31,1.45700000,1.49500000,1.45000000,1.47000000,831385.40000000,1223617.93266000,11332
2026-09-01,1.47000000,1.51300000,1.45300000,1.46300000,1100396.43000000,1633921.02327000,14688
2026-09-02,1.46300000,1.47100000,1.44000000,1.45500000,1034650.35000000,1506357.05727000,13601
2026-09-03,1.45500000,1.53000000,1.44900000,1.50600000,954200.74000000,1433746.55307000,12410
2026-09-04,1.50700000,1.53700000,1.47000000,1.49300000,766762.85000000,1154095.88617000,10476
2026-09-05,1.49500000,1.56400000,1.49100000,1.55700000,805899.63000000,1243996.42028000,8916
2026-09-06,1.55600000,1.61100000,1.55500000,1.59700000,801960.08000000,1269020.53984000,11019
2026-09-07,1.59700000,1.69800000,1.57700000,1.63100000,1497816.32000000,2445440.84045000,21307
2026-09-08,1.62800000,1.87400000,1.62500000,1.85900000,3061801.92000000,5397449.22106000,36803
2026-09-09,1.85800000,2.03100000,1.79900000,1.85700000,4458637.73000000,8542374.39469000,63884
2026-09-10,1.85700000,1.89800000,1.74700000,1.79000000,2325044.28000000,4216023.09846000,39103
2026-09-11,1.79100000,1.82400000,1.62300000,1.64200000,2397923.94000000,4144907.89123000,35677
2026-09-12,1.64100000,1.65900000,1.59300000,1.60600000,1139585.99000000,1860178.92512000,12834
2026-09-13,1.60400000,1.61800000,1.57100000,1.58100000,991497.66000000,1584081.62981000,10686
2026-09-14,1.58000000,1.62600000,1.53000000,1.58400000,1671914.81000000,2650341.17500000,22214
2026-09-15,1.58400000,1.61000000,1.50200000,1.51800000,1760844.83000000,2751050.81597000,20719
2026-09-16,1.51800000,1.52500000,1.46800000,1.52100000,1046938.03000000,1567403.71183000,13278
2026-09-17,1.52200000,1.58300000,1.50200000,1.57600000,1026931.97000000,1585173.90464000,11352
2026-09-18,1.57700000,1.74000000,1.57100000,1.72000000,2398823.89000000,3986808.37050000,24485
2026-09-19,1.72000000,1.78100000,1.67100000,1.74600000,2115890.64000000,3659813.10207000,32374
2026-09-20,1.74600000,1.78500000,1.67000000,1.76700000,1764556.07000000,3062818.26537000,21989
2026-09-21,1.76600000,1.82600000,1.72200000,1.81300000,2562423.15000000,4572821.12825000,32223
2026-09-22,1.81200000,1.86400000,1.72800000,1.84600000,2438619.91000000,4341275.08373000,32733
2026-09-23,1.84500000,1.86300000,1.68200000,1.69800000,2020121.78000000,3571178.86895000,29214
2026-09-24,1.69700000,1.81300000,1.66800000,1.78500000,1608798.01000000,2794095.53677000,29416
2026-09-25,1.78600000,1.83400000,1.75300000,1.79200000,2665481.31000000,4767523.86585000,43109
2026-09-26,1.79200000,1.88800000,1.78600000,1.86700000,2235863.79000000,4112897.81137000,24622
2026-09-27,1.86600000,1.92700000,1.81700000,1.88600000,2275981.39000000,4273829.47847000,30099
2026-09-28,1.88500000,1.89700000,1.68200000,1.73500000,3352656.45000000,5923038.96050000,45222
2026-09-29,1.73500000,1.79300000,1.68000000,1.72400000,3962851.13000000,6888410.09964000,49934
2026-09-30,1.72400000,1.76800000,1.70000000,1.74500000,2160016.88000000,3732390.11574000,25647
2026-10-01,1.74400000,1.79000000,1.69000000,1.70800000,1371928.08000000,2389658.23021000,19616
2026-10-02,1.70700000,1.76400000,1.61000000,1.65300000,2149406.35000000,3634029.91276000,29737
2026-10-03,1.65100000,1.74900000,1.64900000,1.72000000,1206388.00000000,2054670.37005000,13875
2026-10-04,1.72000000,1.80800000,1.70300000,1.75000000,1833469.68000000,3234011.26635000,24236
2026-10-05,1.75100000,1.84700000,1.72900000,1.81200000,2540447.14000000,4540174.04640000,29498
2026-10-06,1.81000000,1.82600000,1.77500000,1.78200000,1378003.76000000,2478974.37297000,14237
