date,open,high,low,close,volume,quote_volume,trades
2021-04-17,35.43830000,36.90620000,33.51000000,33.93420000,2447216.38000000,86641993.55815400,164439
2021-04-18,33.96730000,34.30000000,22.54730000,29.33480000,5871628.96000000,166326205.42192800,355080
2021-04-19,29.32300000,30.57960000,25.54720000,26.18270000,3255981.02000000,90979934.53238000,170020
2021-04-20,26.20290000,29.97520000,23.87660000,27.40580000,3447186.95000000,90912258.53880900,171486
2021-04-21,27.40590000,28.48990000,25.75000000,25.81310000,2761857.45000000,74969648.92741800,146335
2021-04-22,25.81310000,27.75190000,22.87000000,23.97030000,3474222.21000000,89712278.56233800,167755
2021-04-23,23.96920000,26.55700000,19.80000000,23.53170000,4749135.19000000,105328377.18568100,214708
2021-04-24,23.55000000,23.93810000,21.38010000,21.85230000,2231443.96000000,50480605.99209100,91691
2021-04-25,21.84290000,23.75000000,20.35900000,21.62400000,1711011.13500000,37881647.72113900,88693
2021-04-26,21.62800000,26.50000000,21.39000000,26.45100000,3025256.65000000,75465416.01002000,146288
2021-04-27,26.44100000,28.00000000,25.70000000,27.94900000,2350750.04800000,63681712.66651600,118589
2021-04-28,27.96100000,29.07700000,25.82600000,28.23300000,2546834.94400000,70419912.59010600,134669
2021-04-29,28.24600000,29.76500000,26.60000000,27.91200000,2274429.72400000,63709226.53237600,117411
2021-04-30,27.92600000,33.00000000,27.50100000,32.80000000,3368373.69600000,103924073.25336100,203516
2021-05-01,32.81900000,35.68000000,31.72200000,31.80500000,3589503.04200000,120606500.59768100,221956
2021-05-02,31.81500000,32.68100000,30.38300000,31.28000000,2177846.52900000,68800524.69914200,134885
2021-05-03,31.26200000,37.36000000,30.69700000,35.87100000,5397490.38300000,184269843.68859000,342233
2021-05-04,35.88500000,36.19400000,29.50100000,30.28700000,4452223.23700000,145089846.10521700,266018
2021-05-05,30.30700000,35.61600000,29.70000000,35.25800000,3289567.94400000,109473038.55279400,197654
2021-05-06,35.22500000,39.30000000,34.66000000,38.00300000,6195375.72600000,230357016.40610600,415675
2021-05-07,38.00200000,43.88500000,35.96900000,37.87500000,6802609.55700000,273821708.08021220,462203
2021-05-08,37.85200000,39.84400000,37.15700000,38.39900000,2493215.19700000,95715259.47812800,160167
2021-05-09,38.39900000,39.50000000,35.01700000,38.96900000,2403153.53400000,89501364.02466500,152065
2021-05-10,38.98800000,41.80000000,29.69000000,34.65200000,4334618.08800000,159738078.07214500,302308
2021-05-11,34.65000000,37.30000000,32.57500000,36.80000000,2729477.60400000,95271679.57301300,187315
2021-05-12,36.76800000,41.47000000,32.00000000,32.80000000,5512564.20000000,210662204.12867800,342613
2021-05-13,32.87200000,37.17000000,30.73900000,35.07500000,4599017.97800000,156789885.05229000,299266
2021-05-14,35.03600000,38.00000000,33.27600000,36.99900000,2531482.45500000,90688909.49718800,164699
2021-05-15,36.99300000,39.99000000,34.03100000,34.43900000,4984162.83700000,184846636.83431400,307713
2021-05-16,34.46400000,39.70000000,32.50000000,36.60000000,5278663.19900000,190808554.56056700,321182
2021-05-17,36.59700000,37.93600000,31.75000000,33.67000000,4761781.53600000,165234150.12218300,273521
2021-05-18,33.68400000,37.70000000,33.26800000,36.87500000,3692884.15600000,132738977.36407700,209409
2021-05-19,36.90700000,38.53500000,17.77500000,23.05200000,7854204.01200000,223825127.90984500,431631
2021-05-20,23.06400000,28.20000000,20.80900000,25.08600000,4667836.19900000,115628255.55487900,254939
2021-05-21,25.04200000,26.71200000,18.36800000,21.82700000,3781391.33400000,85878210.50720700,197862
2021-05-22,21.82500000,22.47400000,18.30000000,18.79700000,2628918.37100000,52186116.31586300,136771
2021-05-23,18.80900000,19.66800000,12.08600000,15.60600000,5463994.51400000,82687662.97950700,231450
2021-05-24,15.60300000,20.50000000,15.03400000,19.39500000,4361327.48100000,78219280.06030400,184795
2021-05-25,19.39500000,20.24300000,17.00100000,19.44600000,2878326.67600000,53730357.65711000,138929
2021-05-26,19.43100000,21.45300000,18.91800000,20.79700000,3101870.52100000,62721216.86484800,138994
2021-05-27,20.79400000,21.19800000,18.71700000,19.11800000,1878833.96600000,37144061.89919700,89922
2021-05-28,19.13300000,19.56800000,16.01500000,16.72700000,2318888.92300000,40285104.07871700,109965
2021-05-29,16.72700000,17.59200000,15.16900000,16.16800000,1260980.20900000,20444938.26396300,66801
2021-05-30,16.19400000,17.46800000,15.10100000,16.51800000,1133881.01400000,18967076.15311300,52207
2021-05-31,16.50400000,18.19800000,15.67100000,18.14000000,1357131.01500000,23344234.82288600,58931
2021-06-01,18.15300000,18.58300000,17.06600000,17.74800000,1195464.41500000,21252314.19634600,55191
2021-06-02,17.74800000,19.41900000,17.14500000,18.68700000,1696639.30100000,31441233.73313100,72378
2021-06-03,18.68600000,20.70000000,18.21900000,20.26800000,1754635.67100000,34768091.11969400,77913
2021-06-04,20.24700000,20.55000000,17.41000000,18.24300000,1844859.94100000,34131796.22218600,79063
2021-06-05,18.23600000,19.14200000,16.86000000,17.23000000,1557214.89000000,28105158.81873900,63405
2021-06-06,17.23300000,18.00000000,17.09000000,17.38300000,747036.54100000,13149046.69052300,31513
2021-06-07,17.38000000,18.05300000,15.30400000,15.53600000,2846106.84600000,48358814.14306000,95659
2021-06-08,15.53300000,16.04800000,13.63900000,14.79200000,2622746.58100000,38874804.23242900,94670
2021-06-09,14.80300000,15.76500000,13.65000000,15.40000000,2507532.95300000,37197544.87271000,86605
2021-06-10,15.40300000,15.57800000,13.73000000,14.19300000,2406206.41000000,34900914.84187700,76800
2021-06-11,14.19300000,14.61600000,13.14000000,13.40800000,1985298.58100000,27700725.96289600,60148
2021-06-12,13.42300000,14.00000000,12.63800000,13.54500000,1721108.68900000,22830447.28466100,57398
2021-06-13,13.55100000,14.99900000,13.24100000,14.76100000,1905070.73600000,26854958.58503000,63885
2021-06-14,14.76200000,15.41900000,14.37100000,15.11300000,1753753.57900000,26069796.79790100,54409
2021-06-15,15.11100000,15.63200000,14.58100000,14.71400000,1618961.45400000,24356226.18104300,52398
2021-06-16,14.71500000,14.95100000,13.91300000,14.07800000,1593156.60500000,22971491.58311300,57080
2021-06-17,14.08100000,15.49800000,14.02000000,14.84400000,2176578.34100000,32446965.98547200,74881
2021-06-18,14.85800000,15.30000000,13.10000000,13.64000000,1646645.54800000,23345824.08595500,54114
2021-06-19,13.63500000,14.04000000,13.20900000,13.38300000,677502.97500000,9272511.48766300,25832
2021-06-20,13.37400000,14.18800000,12.78300000,13.91700000,1178226.51400000,15764150.00571400,39488
2021-06-21,13.91400000,14.06900000,11.07700000,11.20000000,2203255.62700000,27106302.10066000,69229
2021-06-22,11.19000000,11.76400000,9.32500000,10.57800000,3283390.30100000,34589702.59977600,94310
2021-06-23,10.58500000,11.89900000,10.15000000,11.45600000,2090766.33300000,23569095.29318800,59085
2021-06-24,11.46700000,11.75700000,10.82200000,11.49300000,1288733.89600000,14628465.68749400,39267
2021-06-25,11.49900000,11.75600000,10.20000000,10.23500000,1369495.41900000,14874246.00790300,42377
2021-06-26,10.23800000,10.60000000,9.78400000,10.31800000,1136001.57900000,11552426.25393200,34190
2021-06-27,10.31700000,10.98000000,10.08700000,10.94100000,692604.82900000,7234629.50074800,23037
2021-06-28,10.95300000,11.46900000,10.69400000,11.32200000,1022964.87400000,11386590.08131600,30175
2021-06-29,11.33300000,12.34800000,11.07700000,11.92000000,1388415.12300000,16385766.89055400,42564
2021-06-30,11.92100000,12.16600000,11.03500000,11.94900000,1137246.75100000,13240407.45750800,36422
2021-07-01,11.94000000,12.08000000,11.00000000,11.18100000,717086.76700000,8116281.30165400,22868
2021-07-02,11.19000000,11.35500000,10.57200000,11.11200000,979100.75500000,10654044.47094800,26843
2021-07-03,11.11700000,11.67600000,10.87800000,11.50900000,737397.36800000,8372964.61025400,23470
2021-07-04,11.49900000,12.90000000,11.21000000,12.34500000,1361790.03300000,16615785.97994200,42459
2021-07-05,12.34200000,12.44000000,11.51900000,12.04200000,1408712.78800000,17011192.52485500,43689
2021-07-06,12.04100000,14.22600000,12.02600000,13.38400000,2391422.13300000,32055829.00677500,76797
2021-07-07,13.36900000,14.20000000,13.04000000,13.10500000,2048553.78800000,27867267.41859000,67875
2021-07-08,13.09100000,13.11800000,11.83800000,12.09800000,1467700.32200000,18101804.61805000,52512
2021-07-09,12.09300000,12.88000000,11.63900000,12.55200000,1365886.91300000,16789649.40947200,44074
2021-07-10,12.55900000,12.85100000,11.83800000,12.01500000,729693.40300000,8962435.35984700,30824
2021-07-11,12.02300000,12.49000000,11.91200000,12.43300000,574831.74000000,7017301.60589300,21481
2021-07-12,12.43700000,12.84100000,11.70000000,12.15700000,1105226.31200000,13650203.06066400,33430
2021-07-13,12.16200000,12.43400000,11.74400000,11.91000000,937209.08100000,11351440.84070100,30668
2021-07-14,11.91600000,12.11000000,11.11100000,11.79300000,916149.50400000,10660796.48320800,31786
2021-07-15,11.79100000,12.10200000,11.12800000,11.39100000,799151.21700000,9211057.89878900,27111
2021-07-16,11.39100000,11.82000000,10.80000000,10.81400000,869808.84700000,9833877.12302100,31933
2021-07-17,10.81600000,11.14400000,10.71600000,10.95800000,588168.81000000,6416594.54344100,19891
2021-07-18,10.95600000,11.27500000,10.65000000,10.69000000,669471.27800000,7325338.19870100,18543
2021-07-19,10.69000000,10.75700000,10.01000000,10.18300000,613091.68900000,6325661.84891000,22340
2021-07-20,10.18600000,10.36600000,9.32700000,9.63900000,784232.56600000,7538086.81733700,28856
2021-07-21,9.64700000,10.75200000,9.47300000,10.42500000,994914.75500000,10267860.30323300,35835
2021-07-22,10.44000000,10.96000000,10.23800000,10.83300000,879782.50300000,9345434.27226600,31615
2021-07-23,10.84000000,11.17400000,10.53000000,11.08600000,695996.73200000,7538887.71093300,24854
2021-07-24,11.09200000,11.44700000,10.95400000,11.14200000,839109.69100000,9397797.98906400,30075
2021-07-25,11.14200000,11.33900000,10.76500000,11.24700000,601383.14900000,6648354.32815000,23214
2021-07-26,11.24700000,12.70000000,11.21300000,11.46000000,2057987.32500000,24821128.42290100,81027
2021-07-27,11.45500000,12.35200000,11.17500000,11.91700000,977794.90100000,11458152.58263800,37861
2021-07-28,11.92100000,12.48500000,11.69100000,12.32000000,1510307.38400000,18422159.01294100,51346
2021-07-29,12.33100000,12.65000000,11.98000000,12.43300000,1634174.61000000,20162756.48491500,51288
2021-07-30,12.43300000,13.00000000,11.93000000,12.97800000,1572248.75600000,19599467.04265600,50237
2021-07-31,12.97800000,13.63000000,12.58500000,13.52500000,1248768.22100000,16272148.75360300,47007
2021-08-01,13.53500000,14.07700000,12.61700000,12.85300000,1860616.43800000,25152192.02907400,65591
2021-08-02,12.84600000,13.37400000,12.61600000,12.99300000,928801.98900000,12133849.91965800,37628
2021-08-03,12.99200000,13.52200000,12.32500000,12.55700000,1198368.48400000,15258298.67764500,39397
2021-08-04,12.56800000,13.78000000,12.41000000,13.69600000,1246721.96400000,16255550.76616500,45201
2021-08-05,13.69600000,14.00000000,12.84900000,13.83400000,1372439.96700000,18478805.54198800,54152
2021-08-06,13.83400000,15.08000000,13.38800000,14.77000000,2108094.94900000,29965356.38663100,72992
2021-08-07,14.77400000,15.95200000,14.61200000,15.83400000,2346816.42200000,35897227.53200900,94332
2021-08-08,15.85000000,16.10000000,14.55700000,14.82600000,1318372.02700000,20289977.62886000,51900
2021-08-09,14.83000000,16.75900000,14.42400000,16.16900000,2569371.61400000,40344963.22669700,101119
2021-08-10,16.16700000,17.18400000,15.80100000,16.42000000,2076458.19800000,34191887.71139300,87917
2021-08-11,16.43000000,17.54700000,16.37800000,16.68800000,1849892.04500000,31656313.72536700,82229
2021-08-12,16.67400000,17.53800000,15.42900000,16.57500000,1704787.84100000,27961277.71387400,65337
2021-08-13,16.57400000,18.29100000,16.38900000,18.03100000,1519296.77700000,26964549.42389400,75881
2021-08-14,18.04400000,18.43300000,17.16900000,18.09300000,1428803.97100000,25525639.09653300,61967
2021-08-15,18.09000000,18.85500000,17.05800000,18.76200000,1404168.53300000,24987998.01130000,63538
2021-08-16,18.76200000,21.13000000,18.44100000,19.07100000,3800908.89000000,75257840.61299500,184536
2021-08-17,19.07100000,25.46000000,18.41800000,23.44600000,10172036.37400000,232692122.49374900,511785
2021-08-18,23.45200000,30.88500000,21.45400000,29.99300000,12872464.95300000,329590346.41597400,711659
2021-08-19,29.99200000,33.75500000,28.71400000,30.65300000,11884539.98900000,367827425.34607100,725134
2021-08-20,30.65300000,39.22900000,29.94300000,39.15500000,8246852.13700000,292804357.41178300,676833
2021-08-21,39.14800000,50.27000000,37.67600000,43.67600000,13275218.25300000,603282807.71899800,1244473
2021-08-22,43.69300000,45.03000000,40.53700000,43.66300000,8717113.46000000,373450451.66882800,656362
2021-08-23,43.68200000,53.62300000,43.61400000,46.45100000,11058622.43600000,538289839.35215600,922963
2021-08-24,46.40700000,58.97700000,44.15100000,55.47400000,13474170.15600000,688067868.65039100,1264512
2021-08-25,55.47500000,57.58400000,45.65000000,46.20800000,11480697.36900000,580655281.69301700,918410
2021-08-26,46.21100000,48.46300000,41.20000000,41.32000000,9280721.69600000,411045221.73969700,627615
2021-08-27,41.32000000,50.47000000,40.30000000,50.14000000,10990447.09800000,499580728.29196200,706713
2021-08-28,50.12000000,51.79000000,46.12000000,50.20000000,7177328.36400000,349338313.78982300,521462
2021-08-29,50.20000000,52.40000000,46.66000000,47.39000000,5176181.90100000,254017057.60815300,403399
2021-08-30,47.43000000,48.33000000,41.00000000,41.44000000,6827433.15000000,302290628.14560000,475847
2021-08-31,41.42000000,44.22000000,38.17000000,39.50000000,6855430.91600000,285271157.08256600,497201
2021-09-01,39.51000000,45.71000000,38.55000000,42.47000000,7820541.21700000,337278992.78760800,538884
2021-09-02,42.50000000,47.98000000,41.00000000,47.58000000,6481497.68000000,285384060.93920200,523633
2021-09-03,47.60000000,51.66000000,44.45000000,45.89000000,9097559.66000000,438178527.62420000,877686
2021-09-04,45.90000000,49.88000000,44.07000000,47.15000000,6077749.28000000,285561090.48840000,567762
2021-09-05,47.19000000,49.40000000,45.44000000,48.15000000,5904540.19000000,279244419.51750000,468959
2021-09-06,48.14000000,51.36000000,42.45000000,47.10000000,7931732.22000000,378046443.81920000,705606
2021-09-07,47.11000000,47.20000000,32.23000000,37.93000000,12849059.61700000,517373750.96837500,937571
2021-09-08,37.97000000,39.50000000,33.08000000,37.00000000,7464147.83000000,270862112.86930000,516669
2021-09-09,37.03000000,44.60000000,36.21000000,40.77000000,10152448.67400000,423030611.97267800,815604
2021-09-10,40.75000000,49.70000000,40.38000000,49.30000000,17253541.93000000,796849170.94610000,1550272
2021-09-11,49.33000000,59.25000000,48.11000000,57.02000000,16295853.41600000,855169399.89139500,1666314
2021-09-12,57.02000000,64.90000000,53.59000000,59.22000000,16140497.30900000,975563399.09736500,1544605
2021-09-13,59.21000000,60.92000000,47.66000000,53.15000000,17195092.80000000,916467701.79160000,1318399
2021-09-14,53.14000000,57.63000000,48.80000000,51.50000000,8170590.05000000,433586433.93010000,650142
2021-09-15,51.51000000,58.18000000,50.30000000,57.84000000,6756093.54000000,363330100.73970000,616300
2021-09-16,57.83000000,68.33000000,57.17000000,67.56000000,15000080.37400000,944283890.77511400,1767106
2021-09-17,67.59000000,70.90000000,60.36000000,70.11000000,10905615.52500000,714550797.02138900,1144809
2021-09-18,70.15000000,75.59000000,67.16000000,69.02000000,10521283.48800000,751508106.45512000,1147215
2021-09-19,69.02000000,76.27000000,66.42000000,70.07000000,9524488.55100000,682471352.19935700,1041226
2021-09-20,70.06000000,70.45000000,55.00000000,57.33000000,15410116.45000000,955076944.96070000,1249381
2021-09-21,57.34000000,66.24000000,52.55000000,58.98000000,15940591.44000000,963082835.44610000,1236028
2021-09-22,59.00000000,74.69000000,57.72000000,74.07000000,13033656.10000000,855939922.62080000,1239279
2021-09-23,74.04000000,79.80000000,72.76000000,76.44000000,11366707.86000000,861656035.00866700,1371889
2021-09-24,76.43000000,78.86000000,66.59000000,72.31000000,11472906.45000000,825634622.99750000,1166292
2021-09-25,72.30000000,72.60000000,67.50000000,68.28000000,4943069.71000000,346671054.99570000,515569
2021-09-26,68.28000000,71.44000000,61.59000000,66.77000000,6395395.40000000,425416235.94970000,612229
2021-09-27,66.77000000,72.69000000,65.31000000,66.33000000,5974772.52000000,414345004.83900000,662188
2021-09-28,66.34000000,69.44000000,61.11000000,61.51000000,4765761.77000000,312378413.10310000,441886
2021-09-29,61.51000000,69.50000000,61.26000000,65.46000000,6780246.71000000,440348766.53830000,653135
2021-09-30,65.46000000,68.91000000,64.28000000,66.63000000,5085384.45000000,336103596.20540000,449522
2021-10-01,66.64000000,69.58000000,63.12000000,67.67000000,6973676.03000000,466411655.79060000,704231
2021-10-02,67.66000000,73.41000000,65.80000000,69.08000000,6536616.52000000,453535406.45390000,762679
2021-10-03,69.09000000,71.61000000,67.55000000,68.69000000,4467356.39000000,312043278.01750000,505721
2021-10-04,68.69000000,68.76000000,63.30000000,65.29000000,4826593.69000000,319552435.77660000,524920
2021-10-05,65.26000000,66.78000000,62.70000000,64.60000000,3831519.71000000,248341576.13260000,404791
2021-10-06,64.60000000,65.76000000,58.16000000,60.01000000,5068720.14000000,311318968.63290000,502430
2021-10-07,60.00000000,62.29000000,57.39000000,61.52000000,4761648.55000000,284932245.83320000,507118
2021-10-08,61.53000000,64.94000000,59.76000000,60.51000000,4392451.39000000,275489109.80780000,477094
2021-10-09,60.52000000,62.04000000,59.70000000,60.63000000,1985268.84000000,120928905.54060000,188297
2021-10-10,60.63000000,61.01000000,55.39000000,56.51000000,2515959.37000000,148339876.36370000,266235
2021-10-11,56.50000000,59.23000000,53.76000000,55.30000000,3407191.20000000,192868511.75750000,278824
2021-10-12,55.30000000,55.31000000,51.04000000,54.34000000,4070051.40000000,216938819.82220000,329753
2021-10-13,54.33000000,57.09000000,53.23000000,55.01000000,3632007.14000000,200467343.62120000,308283
2021-10-14,55.00000000,58.46000000,54.92000000,56.18000000,3000941.32000000,170145411.60330000,279737
2021-10-15,56.18000000,57.61000000,54.44000000,56.36000000,2963326.33000000,165216496.13700000,270204
2021-10-16,56.33000000,62.11000000,55.68000000,57.61000000,3914987.29000000,231345309.94840000,432902
2021-10-17,57.62000000,58.55000000,53.27000000,56.10000000,2134508.30000000,120837657.88910000,201480
2021-10-18,56.11000000,56.46000000,54.05000000,55.48000000,1553173.47000000,85853005.20040000,136860
2021-10-19,55.47000000,58.10000000,55.12000000,56.80000000,1873629.97000000,106037197.78970000,181723
2021-10-20,56.81000000,61.64000000,56.70000000,59.66000000,2707834.23000000,158948106.68340000,316839
2021-10-21,59.66000000,64.35000000,58.78000000,61.48000000,3959021.69000000,243518064.39920000,541923
2021-10-22,61.48000000,68.83000000,61.36000000,65.54000000,5522607.50000000,362476810.84800000,791026
2021-10-23,65.54000000,69.18000000,64.51000000,65.38000000,2978489.66000000,197843936.32950000,400236
2021-10-24,65.39000000,67.61000000,61.94000000,64.53000000,2184761.84000000,141733731.86930000,269881
2021-10-25,64.53000000,69.90000000,64.35000000,69.73000000,2270486.65000000,151807987.95150000,350486
2021-10-26,69.74000000,73.01000000,67.61000000,68.66000000,3840473.40000000,271666008.60710000,600928
2021-10-27,68.68000000,69.82000000,57.02000000,61.57000000,4273308.61000000,270961725.08280000,521106
2021-10-28,61.58000000,64.98000000,61.44000000,64.34000000,2484514.38000000,157045788.64420000,295480
2021-10-29,64.34000000,66.19000000,63.43000000,64.87000000,1513107.96000000,98234754.84590000,191656
2021-10-30,64.87000000,64.96000000,60.89000000,62.35000000,1483432.23000000,93282368.99570000,163046
2021-10-31,62.33000000,64.50000000,60.09000000,64.50000000,1531085.26000000,95846366.22330000,203026
2021-11-01,64.50000000,66.85000000,62.19000000,64.93000000,2515107.85000000,163029154.03460000,349757
2021-11-02,64.94000000,68.04000000,64.26000000,67.74000000,1746644.56000000,115527073.87850000,276001
2021-11-03,67.75000000,75.57000000,67.09000000,75.55000000,4504183.21000000,323636741.72450000,873404
2021-11-04,75.56000000,80.91000000,73.91000000,78.97000000,4700338.46500000,365119419.93295600,922503
2021-11-05,78.96000000,81.00000000,72.13000000,74.19000000,2367154.90000000,181860826.72750000,429939
2021-11-06,74.19000000,78.72000000,72.32000000,78.72000000,1708791.07000000,128788048.03460000,324528
2021-11-07,78.70000000,88.88000000,78.00000000,87.57000000,4847020.51600000,409094905.98662200,1142243
2021-11-08,87.56000000,96.92000000,83.61000000,91.18000000,6890764.66100000,630273009.14791900,1487957
2021-11-09,91.18000000,91.49000000,87.00000000,88.33000000,2716240.59000000,242197974.23580000,531304
2021-11-10,88.35000000,94.00000000,78.31000000,85.23000000,4363326.07000000,387688057.05910000,846206
2021-11-11,85.19000000,89.56000000,83.73000000,87.88000000,2085731.80000000,182214801.01880000,397496
2021-11-12,87.86000000,89.88000000,81.11000000,84.78000000,2247279.59000000,190900107.50210000,438268
2021-11-13,84.81000000,98.69000000,84.79000000,97.54000000,3519352.27800000,326031351.04907600,956436
2021-11-14,97.56000000,99.90000000,91.65000000,95.40000000,3548704.67900000,339169506.43396000,742996
2021-11-15,95.40000000,101.70000000,92.00000000,93.90000000,3770997.00400000,367311805.62845000,825655
2021-11-16,93.86000000,101.82000000,83.50000000,97.84000000,5618799.05000000,519762762.96340000,1185528
2021-11-17,97.80000000,110.00000000,91.50000000,107.63000000,7144221.09800000,724754711.62441500,1664007
2021-11-18,107.62000000,110.41000000,92.00000000,100.63000000,5656362.44700000,574610818.88914400,1132789
2021-11-19,100.54000000,112.35000000,95.89000000,111.93000000,4039089.13000000,426489727.93466000,1021316
2021-11-20,111.91000000,129.94000000,111.57000000,125.83000000,5546998.32000000,669094804.75214600,1742540
2021-11-21,125.86000000,147.00000000,123.23000000,128.47000000,7608661.93400000,1024944849.48095400,2377963
2021-11-22,128.52000000,145.00000000,125.76000000,134.84000000,6564376.00000000,894863160.33350000,1934452
2021-11-23,134.84000000,136.49000000,121.75000000,123.83000000,4209995.63000000,545312344.83530000,1053367
2021-11-24,123.83000000,124.68000000,112.64000000,115.24000000,4577775.34000000,541093685.69770000,954280
2021-11-25,115.25000000,130.00000000,114.22000000,119.27000000,4680745.85000000,577389587.16070000,1275487
2021-11-26,119.25000000,119.87000000,101.31000000,104.27000000,4575826.59000000,500649893.40650000,936325
2021-11-27,104.30000000,118.00000000,103.22000000,113.52000000,2842064.96000000,316173642.02570000,674302
2021-11-28,113.55000000,113.97000000,100.57000000,110.42000000,3365794.57000000,362016044.42400000,769419
2021-11-29,110.42000000,120.41000000,109.03000000,120.39000000,2516574.06000000,286230167.45300000,602880
2021-11-30,120.39000000,124.80000000,114.00000000,120.41000000,3625461.85000000,435034335.80150000,995002
2021-12-01,120.42000000,127.41000000,117.25000000,119.65000000,3007063.68000000,371842650.49370000,870375
2021-12-02,119.64000000,119.75000000,106.88000000,107.78000000,2475877.81000000,283945869.40380000,572711
2021-12-03,107.79000000,113.23000000,100.00000000,108.32000000,3316203.87000000,355634559.86070000,720092
2021-12-04,108.36000000,108.81000000,76.57000000,93.05000000,6768729.16000000,621549884.96840000,1056013
2021-12-05,93.02000000,95.50000000,82.55000000,86.35000000,3562051.48000000,314125316.67570000,569060
2021-12-06,86.34000000,94.90000000,77.00000000,92.97000000,5155977.54000000,439819665.48660000,756721
2021-12-07,92.93000000,96.62000000,88.00000000,89.57000000,2882225.85000000,268707936.50060000,526949
2021-12-08,89.54000000,93.22000000,86.00000000,93.19000000,1976726.13000000,177886851.22760000,353013
2021-12-09,93.20000000,94.57000000,83.28000000,85.46000000,2603024.55000000,231828745.65260000,423503
2021-12-10,85.41000000,91.78000000,80.22000000,80.61000000,3342367.08000000,288264849.11250000,481767
2021-12-11,80.57000000,87.07000000,78.32000000,86.55000000,2324989.97000000,192503522.11000000,343696
2021-12-12,86.55000000,88.97000000,82.94000000,88.00000000,1544788.55000000,132574718.75870000,259733
2021-12-13,88.01000000,89.92000000,75.50000000,79.05000000,3604282.51000000,297920347.43610000,529020
2021-12-14,79.05000000,87.46000000,76.31000000,87.17000000,2973253.39000000,240732813.45880000,437573
2021-12-15,87.16000000,105.77000000,86.10000000,101.24000000,6449158.02000000,608721178.01810000,1177681
2021-12-16,101.28000000,110.00000000,98.00000000,98.21000000,4989316.02000000,521108640.62920000,953252
2021-12-17,98.23000000,116.10000000,98.14000000,110.81000000,6159186.26000000,661735819.12040000,1279729
2021-12-18,110.82000000,117.39000000,105.51000000,115.90000000,3442233.16000000,387451666.14960000,759562
2021-12-19,115.91000000,116.69000000,106.66000000,107.61000000,2140304.15000000,238953714.02420000,450765
2021-12-20,107.61000000,116.33000000,100.96000000,113.55000000,4463038.26000000,479899741.23110000,871353
2021-12-21,113.52000000,123.97000000,110.59000000,123.24000000,3711910.20000000,436728554.53180000,870925
2021-12-22,123.23000000,127.32000000,115.55000000,116.69000000,2949493.16000000,361612835.43840000,681019
2021-12-23,116.68000000,125.06000000,116.22000000,121.40000000,2526919.70000000,305123263.31180000,631183
2021-12-24,121.45000000,124.57000000,113.19000000,114.94000000,2103167.74000000,253576727.47570000,506250
2021-12-25,114.95000000,116.93000000,112.00000000,115.01000000,1699906.82000000,195445144.15150000,341094
2021-12-26,114.99000000,118.00000000,109.28000000,115.02000000,1883628.30000000,213934618.15050000,414687
2021-12-27,115.06000000,120.96000000,113.23000000,113.85000000,1738245.11000000,203485615.84860000,404877
2021-12-28,113.85000000,116.73000000,104.33000000,107.06000000,2819996.86000000,313337643.15280000,644930
2021-12-29,107.05000000,110.55000000,102.30000000,103.10000000,1941041.10000000,206638050.67160000,452725
2021-12-30,103.10000000,105.40000000,98.25000000,101.75000000,1935135.51000000,198166564.19760000,352551
2021-12-31,101.75000000,111.99000000,100.13000000,109.43000000,2472910.64000000,262031150.63830000,514427
2022-01-01,109.43000000,114.50000000,108.42000000,114.13000000,1211127.98000000,134625293.11490000,330579
2022-01-02,114.12000000,117.53000000,112.00000000,113.03000000,1157325.57000000,133181297.43190000,349691
2022-01-03,113.02000000,114.13000000,106.01000000,108.11000000,1518111.91000000,167515698.02320000,345835
2022-01-04,108.11000000,109.28000000,102.78000000,103.33000000,1646729.79000000,174879133.65800000,328774
2022-01-05,103.33000000,106.66000000,90.40000000,97.42000000,2277529.75000000,229006153.21460000,432956
2022-01-06,97.42000000,97.97000000,91.04000000,95.11000000,1633034.05000000,154100385.59460000,335865
2022-01-07,95.10000000,95.54000000,85.00000000,86.74000000,2602084.56000000,231122016.72060000,485254
2022-01-08,86.74000000,89.64000000,79.18000000,83.90000000,2469062.48000000,208857798.74830000,365452
2022-01-09,83.87000000,91.88000000,82.46000000,89.33000000,1808479.57000000,157649981.25270000,309607
2022-01-10,89.32000000,92.40000000,80.10000000,84.36000000,2836094.17000000,241549190.78150000,437854
2022-01-11,84.42000000,91.00000000,83.21000000,89.59000000,1431317.89000000,124662083.45880000,253209
2022-01-12,89.57000000,96.89000000,88.80000000,95.94000000,1757081.56000000,164578221.12370000,339803
2022-01-13,95.95000000,97.26000000,89.08000000,89.65000000,1429888.43000000,133587226.48390000,298322
2022-01-14,89.65000000,91.77000000,87.23000000,90.39000000,1200068.60000000,107669260.02780000,208567
2022-01-15,90.40000000,94.44000000,89.47000000,92.98000000,914689.68000000,83986168.00840000,176610
2022-01-16,92.98000000,94.90000000,91.80000000,92.24000000,967418.87000000,90134788.73860000,179015
2022-01-17,92.25000000,92.50000000,85.34000000,86.67000000,1328305.00000000,117439344.85440000,236491
2022-01-18,86.67000000,87.41000000,83.70000000,86.00000000,1041520.48000000,89047242.52780000,172814
2022-01-19,86.03000000,86.38000000,81.08000000,82.61000000,1139560.79000000,95386563.90790000,184307
2022-01-20,82.58000000,87.80000000,78.68000000,79.33000000,1225812.76000000,103096137.48180000,215550
2022-01-21,79.32000000,80.38000000,63.93000000,66.06000000,3392205.59000000,245692803.73360000,462923
2022-01-22,66.03000000,67.54000000,52.95000000,59.78000000,5109157.94000000,304793609.73590000,571890
2022-01-23,59.81000000,66.88000000,59.02000000,64.83000000,2926022.98000000,184024003.36300000,346910
2022-01-24,64.80000000,64.83000000,55.14000000,63.06000000,3701249.83000000,219436865.37570000,442835
2022-01-25,63.00000000,70.53000000,61.65000000,68.01000000,2702688.81000000,177636701.69660000,347292
2022-01-26,68.01000000,73.50000000,64.39000000,65.87000000,3400732.97000000,234514414.36310000,446906
2022-01-27,65.87000000,67.96000000,61.06000000,64.70000000,2519156.06000000,161461952.38260000,316293
2022-01-28,64.68000000,67.50000000,61.71000000,67.01000000,1790400.08000000,115890537.67020000,245292
2022-01-29,67.02000000,73.58000000,66.86000000,71.89000000,1662626.47000000,117157264.50930000,240922
2022-01-30,71.91000000,72.39000000,66.85000000,67.96000000,1307594.65000000,91110546.73170000,162101
2022-01-31,67.94000000,70.65000000,64.25000000,69.87000000,1747136.27000000,117666155.98480000,204907
2022-02-01,69.90000000,73.87000000,68.47000000,73.33000000,1951093.27000000,138231722.04670000,249796
2022-02-02,73.32000000,74.86000000,67.43000000,67.79000000,2238866.41000000,159980250.01700000,270539
2022-02-03,67.79000000,69.31000000,64.85000000,68.44000000,1792227.65000000,120496574.82300000,207929
2022-02-04,68.44000000,77.95000000,67.43000000,77.77000000,2263149.96000000,165117581.12500000,314829
2022-02-05,77.80000000,80.93000000,74.94000000,77.01000000,1700729.64000000,132702633.58550000,265512
2022-02-06,77.01000000,79.15000000,74.10000000,78.93000000,1113858.87000000,85466391.73680000,178658
2022-02-07,78.91000000,85.42000000,77.44000000,83.20000000,1879396.49000000,155038987.17210000,343928
2022-02-08,83.23000000,95.50000000,81.65000000,86.34000000,5245827.40000000,460480912.04350000,814942
2022-02-09,86.35000000,92.03000000,84.34000000,90.05000000,1774621.17000000,157888513.48790000,337877
2022-02-10,90.05000000,95.00000000,84.93000000,91.16000000,2654551.53000000,240120281.41140000,527009
2022-02-11,91.18000000,92.66000000,80.00000000,81.75000000,2422691.49000000,211677357.33970000,400391
2022-02-12,81.76000000,84.80000000,78.65000000,81.31000000,2173440.39000000,177934028.19320000,312675
2022-02-13,81.29000000,83.28000000,77.49000000,77.91000000,1168439.44000000,94204752.13170000,187215
2022-02-14,77.93000000,82.60000000,76.14000000,81.86000000,1524047.88000000,121572615.57900000,224407
2022-02-15,81.84000000,93.68000000,81.41000000,92.97000000,2301376.54000000,201963674.87560000,385670
2022-02-16,92.96000000,97.35000000,91.44000000,95.32000000,2885648.71000000,271746583.12220000,580477
2022-02-17,95.33000000,98.77000000,86.32000000,88.24000000,3177570.87000000,292577748.91560000,611534
2022-02-18,88.24000000,89.99000000,82.35000000,83.67000000,2364097.49000000,203097006.82690000,373313
2022-02-19,83.69000000,86.34000000,80.82000000,85.01000000,1584310.20000000,133206597.12890000,268613
2022-02-20,85.01000000,85.73000000,76.56000000,77.37000000,1851608.12000000,147802271.93460000,281004
2022-02-21,77.34000000,82.70000000,69.38000000,70.04000000,3597142.77000000,276892269.48020000,444515
2022-02-22,70.03000000,74.94000000,67.20000000,74.42000000,3024268.59000000,215588321.27940000,314877
2022-02-23,74.42000000,82.50000000,73.28000000,73.47000000,3483406.50000000,271858501.40360000,434724
2022-02-24,73.46000000,79.98000000,64.45000000,76.39000000,7820713.29000000,549303006.46410000,823813
2022-02-25,76.39000000,81.99000000,72.68000000,80.98000000,3877124.60000000,297496792.41610000,478279
2022-02-26,80.98000000,84.95000000,78.02000000,81.81000000,2805070.69000000,228083868.77070000,390264
2022-02-27,81.81000000,83.07000000,73.02000000,75.07000000,3334479.25000000,260467180.04540000,476284
2022-02-28,75.06000000,85.88000000,71.76000000,84.54000000,3896436.49000000,306286202.72460000,480872
2022-03-01,84.54000000,90.80000000,83.48000000,86.89000000,4517499.99000000,393520657.33100000,644503
2022-03-02,86.89000000,89.94000000,82.29000000,83.36000000,3048063.73000000,260108758.09450000,398704
2022-03-03,83.35000000,84.33000000,77.02000000,78.50000000,2971518.96000000,238658273.67650000,344792
2022-03-04,78.50000000,82.24000000,74.92000000,75.79000000,3853710.64000000,302363088.14410000,467766
2022-03-05,75.78000000,78.74000000,73.27000000,76.68000000,1992002.84000000,151948773.51780000,263839
2022-03-06,76.69000000,77.10000000,72.09000000,72.51000000,1936414.77000000,144793634.14330000,206729
2022-03-07,72.51000000,76.53000000,70.35000000,71.69000000,2451038.10000000,178997962.34820000,277344
2022-03-08,71.67000000,76.62000000,71.19000000,73.00000000,3043774.10000000,222357599.39890000,304966
2022-03-09,73.02000000,80.44000000,72.34000000,77.63000000,3319070.88000000,258132353.53270000,337710
2022-03-10,77.60000000,79.00000000,71.50000000,73.93000000,2525259.61000000,186714442.85320000,284461
2022-03-11,73.93000000,76.97000000,70.79000000,71.22000000,3182516.66000000,235440597.15210000,345943
2022-03-12,71.23000000,73.62000000,70.67000000,70.94000000,1178080.64000000,84879095.24080000,131599
2022-03-13,70.93000000,71.99000000,67.21000000,67.94000000,1213188.75000000,85166976.68840000,149309
2022-03-14,67.92000000,71.50000000,65.55000000,68.97000000,2929390.22000000,198926453.36510000,295785
2022-03-15,68.97000000,72.24000000,66.04000000,69.82000000,2272701.89000000,157179065.55290000,246523
2022-03-16,69.82000000,74.72000000,68.07000000,74.08000000,2655390.64000000,189099000.25610000,312483
2022-03-17,74.07000000,81.73000000,73.16000000,79.40000000,3601064.66000000,282934334.36080000,439260
2022-03-18,79.40000000,86.95000000,76.48000000,85.71000000,3592188.77000000,293299235.77410000,480240
2022-03-19,85.72000000,92.39000000,85.58000000,89.53000000,3285297.07000000,292078254.54070000,450713
2022-03-20,89.54000000,89.98000000,84.26000000,84.84000000,2817986.41000000,245565144.81200000,322188
2022-03-21,84.87000000,92.50000000,83.02000000,86.25000000,4199445.72000000,368983120.25090000,522479
2022-03-22,86.24000000,89.89000000,83.70000000,83.98000000,3258174.08000000,283815485.50930000,405427
2022-03-23,83.97000000,87.30000000,82.21000000,86.00000000,2633332.52000000,223267532.15250000,295059
2022-03-24,85.99000000,88.30000000,83.63000000,87.56000000,2936844.44000000,253138344.22660000,320951
2022-03-25,87.57000000,87.80000000,82.25000000,83.54000000,2533187.45000000,216075919.27750000,284452
2022-03-26,83.54000000,86.74000000,82.46000000,85.86000000,1350476.61000000,114857398.18330000,148804
2022-03-27,85.87000000,89.99000000,84.40000000,89.88000000,1651306.21000000,143186147.46980000,202321
2022-03-28,89.88000000,96.23000000,88.58000000,89.58000000,3900950.93000000,360373912.53810000,529962
2022-03-29,89.57000000,96.46000000,89.27000000,92.74000000,2945036.40000000,275198995.93140000,408554
2022-03-30,92.73000000,100.48000000,89.50000000,95.58000000,3528529.66000000,336542961.09290000,521269
2022-03-31,95.57000000,101.98000000,93.68000000,97.41000000,4416636.71000000,432476993.41680000,697779
2022-04-01,97.43000000,99.80000000,90.26000000,96.83000000,3360841.07000000,319999605.55860000,486329
2022-04-02,96.81000000,103.62000000,95.73000000,96.25000000,3326092.55000000,331193208.95110000,509367
2022-04-03,96.25000000,100.09000000,94.41000000,98.05000000,2729825.05000000,266967348.60560000,331240
2022-04-04,98.02000000,98.08000000,90.81000000,96.16000000,2600693.06000000,246731044.34010000,299116
2022-04-05,96.16000000,97.70000000,90.60000000,91.06000000,2436266.33000000,231181134.81740000,345111
2022-04-06,91.07000000,91.11000000,82.63000000,82.94000000,3526547.24000000,306773293.55840000,458964
2022-04-07,82.94000000,88.66000000,81.34000000,87.55000000,3392547.98000000,287533326.74250000,463282
2022-04-08,87.56000000,90.56000000,82.69000000,83.66000000,3189742.20000000,279883276.91840000,452858
2022-04-09,83.66000000,85.56000000,81.88000000,84.55000000,1368929.80000000,114362501.96270000,208349
2022-04-10,84.57000000,85.66000000,80.67000000,81.01000000,1119413.47000000,93634764.77430000,183036
2022-04-11,81.00000000,81.54000000,72.73000000,74.35000000,3030700.60000000,232945107.74880000,381289
2022-04-12,74.35000000,79.50000000,73.88000000,76.31000000,2146833.60000000,164615852.78660000,347797
2022-04-13,76.32000000,80.65000000,75.80000000,80.20000000,1680567.89000000,131776613.79940000,271729
2022-04-14,80.20000000,81.87000000,76.16000000,76.81000000,1741713.69000000,137665312.29710000,246886
2022-04-15,76.80000000,78.53000000,74.75000000,77.43000000,1318038.23000000,101105439.98830000,168686
2022-04-16,77.44000000,78.26000000,76.50000000,77.74000000,616267.40000000,47650208.09700000,79050
2022-04-17,77.74000000,78.68000000,75.08000000,75.42000000,776597.80000000,60068940.32630000,106308
2022-04-18,75.41000000,77.95000000,71.50000000,77.73000000,1812465.17000000,135244038.96040000,227384
2022-04-19,77.73000000,81.10000000,76.80000000,80.28000000,1467897.35000000,115958594.80080000,184872
2022-04-20,80.27000000,81.31000000,77.46000000,78.21000000,1497709.36000000,118692630.08250000,190828
2022-04-21,78.22000000,80.21000000,74.13000000,75.02000000,1363115.38000000,105975760.68610000,179006
2022-04-22,75.01000000,77.22000000,73.33000000,74.03000000,1261738.35000000,94738870.02420000,162494
2022-04-23,74.04000000,74.42000000,72.35000000,72.83000000,865209.06000000,63820809.36410000,107149
2022-04-24,72.84000000,73.49000000,71.00000000,71.51000000,671237.21000000,48552622.79740000,108363
2022-04-25,71.50000000,72.99000000,67.36000000,72.88000000,2017379.58000000,140782638.15260000,269381
2022-04-26,72.90000000,73.18000000,67.50000000,68.70000000,1568050.00000000,109748648.93870000,200668
2022-04-27,68.70000000,71.98000000,68.32000000,69.86000000,1173322.27000000,82190463.96590000,176262
2022-04-28,69.86000000,70.76000000,66.65000000,67.26000000,1530116.95000000,104965042.10570000,186555
2022-04-29,67.26000000,67.99000000,62.20000000,63.40000000,1419116.89000000,92784258.17600000,180079
2022-04-30,63.40000000,64.65000000,55.05000000,56.98000000,2393352.67000000,143451300.11550000,221535
2022-05-01,56.98000000,61.14000000,56.27000000,58.77000000,2344079.85000000,137544274.08840000,266367
2022-05-02,58.74000000,62.46000000,56.74000000,60.34000000,2855611.45000000,169730688.57690000,300423
2022-05-03,60.34000000,62.55000000,58.12000000,59.63000000,1686585.01000000,101966304.57110000,177566
2022-05-04,59.63000000,67.64000000,59.30000000,67.27000000,2409142.35000000,152081544.43300000,267842
2022-05-05,67.28000000,69.52000000,56.51000000,59.04000000,4442154.36000000,273638039.07860000,431253
2022-05-06,59.04000000,59.40000000,55.00000000,57.00000000,2822758.39000000,161307181.25070000,284331
2022-05-07,57.00000000,57.53000000,53.24000000,55.04000000,1898625.35000000,106516306.68210000,183317
2022-05-08,55.05000000,55.47000000,50.63000000,51.62000000,3163317.55000000,167049739.64920000,295120
2022-05-09,51.62000000,53.06000000,41.15000000,41.20000000,5783146.80000000,272639795.89910000,558091
2022-05-10,41.20000000,50.32000000,40.00000000,44.58000000,6887935.36000000,312339162.45460000,667736
2022-05-11,44.58000000,46.25000000,26.11000000,31.17000000,12956731.61300000,461836384.18578300,1182055
2022-05-12,31.17000000,33.94000000,23.51000000,30.32000000,11602675.67000000,337685872.38066000,857502
2022-05-13,30.31000000,37.99000000,29.55000000,32.21000000,7405352.03000000,253666797.81290000,528898
2022-05-14,32.20000000,34.32000000,29.27000000,33.93000000,4033165.08000000,128006346.46110000,332116
2022-05-15,33.93000000,37.07000000,31.87000000,36.57000000,3611773.82000000,124438388.64520000,332711
2022-05-16,36.56000000,36.56000000,31.40000000,32.56000000,4737925.30000000,157350704.40580000,397953
2022-05-17,32.56000000,35.77000000,32.20000000,34.39000000,3323237.18000000,112815198.97340000,285123
2022-05-18,34.40000000,35.16000000,29.37000000,29.58000000,3400565.86000000,108263640.76510000,267351
2022-05-19,29.59000000,31.89000000,27.51000000,30.39000000,4763307.53000000,140996504.44800000,337233
2022-05-20,30.39000000,31.93000000,27.83000000,28.80000000,4866371.46000000,145419041.63310000,335700
2022-05-21,28.80000000,30.61000000,28.19000000,29.89000000,2170197.88000000,63913906.53360000,154638
2022-05-22,29.89000000,32.70000000,29.01000000,31.71000000,3775539.16000000,117042427.92580000,231296
2022-05-23,31.71000000,33.08000000,28.54000000,29.06000000,4621612.58000000,144511813.86210000,323865
2022-05-24,29.06000000,29.66000000,26.87000000,29.08000000,4251299.31000000,121105251.31190000,217586
2022-05-25,29.07000000,29.68000000,27.11000000,27.25000000,3491521.18000000,98072485.91820000,172491
2022-05-26,27.25000000,28.03000000,22.84000000,23.43000000,7355985.50000000,182792709.96510000,328080
2022-05-27,23.42000000,23.88000000,21.35000000,22.58000000,7882719.85900000,177611133.21180000,365323
2022-05-28,22.57000000,25.73000000,22.17000000,24.76000000,5080017.44000000,120720303.32180000,243091
2022-05-29,24.76000000,27.00000000,23.72000000,26.16000000,5201437.75000000,132561529.32740000,241273
2022-05-30,26.16000000,28.48000000,25.32000000,27.71000000,6453169.48000000,175262406.72140000,304571
2022-05-31,27.71000000,29.11000000,25.55000000,26.42000000,6372299.65000000,172488062.01010000,297803
2022-06-01,26.43000000,27.03000000,23.20000000,23.68000000,5323660.08000000,133858856.00810000,241222
2022-06-02,23.68000000,24.90000000,22.50000000,24.63000000,4487201.10000000,106529006.91290000,184799
2022-06-03,24.64000000,24.70000000,22.50000000,23.00000000,3150778.48000000,73290824.55990000,164522
2022-06-04,23.00000000,24.67000000,22.14000000,24.57000000,2472290.13000000,57438768.41090000,119287
2022-06-05,24.58000000,25.20000000,23.93000000,24.18000000,2624339.66000000,64475667.36730000,125904
2022-06-06,24.18000000,27.79000000,24.05000000,25.99000000,5560470.13000000,146780541.08140000,275037
2022-06-07,26.00000000,26.21000000,23.12000000,24.60000000,7021609.51000000,171021518.21370000,321648
2022-06-08,24.60000000,25.45000000,23.72000000,24.50000000,3467088.16000000,84737930.33270000,168920
2022-06-09,24.51000000,25.38000000,23.72000000,24.41000000,3066998.40000000,75435070.62690000,144149
2022-06-10,24.42000000,24.87000000,21.91000000,22.08000000,3881414.90000000,90397131.15100000,187424
2022-06-11,22.07000000,23.02000000,19.67000000,19.90000000,4541127.87000000,95645982.68224900,188689
2022-06-12,19.91000000,20.16000000,17.21000000,17.29000000,8238012.46800000,152911830.37817000,315278
2022-06-13,17.29000000,17.50000000,14.58000000,16.11000000,14886625.66000000,235101972.78749100,497675
2022-06-14,16.11000000,17.30000000,14.67000000,16.55000000,9763946.74000000,158611041.47640000,347574
2022-06-15,16.55000000,18.48000000,14.55000000,18.31000000,10721989.07000000,172390936.95120000,393023
2022-06-16,18.31000000,18.72000000,15.50000000,15.79000000,6686483.00000000,111859275.75990000,236844
2022-06-17,15.80000000,16.74000000,15.50000000,15.99000000,3480673.40000000,56227284.35730000,136259
2022-06-18,16.00000000,16.30000000,13.78000000,14.83000000,5914211.73000000,87923508.69310000,210183
2022-06-19,14.83000000,16.42000000,13.71000000,16.16000000,5183939.46000000,78016826.98560000,181930
2022-06-20,16.17000000,17.87000000,15.32000000,17.10000000,5578156.93000000,93633945.36890000,197826
2022-06-21,17.10000000,18.49000000,16.62000000,16.90000000,4574348.39000000,80277149.81050000,189759
2022-06-22,16.91000000,17.41000000,15.97000000,16.09000000,4115611.37000000,68292203.52520000,172541
2022-06-23,16.08000000,18.40000000,16.03000000,18.29000000,4695733.00000000,82265599.48060000,181608
2022-06-24,18.29000000,20.95000000,17.98000000,20.47000000,5577636.08000000,109018936.59580000,261729
2022-06-25,20.47000000,21.68000000,19.86000000,21.36000000,3710311.20000000,77192072.38510000,171835
2022-06-26,21.37000000,22.05000000,19.60000000,19.73000000,3449424.73000000,72295384.40010000,155279
2022-06-27,19.73000000,21.39000000,19.18000000,19.32000000,3808707.61000000,76891888.18570000,160142
2022-06-28,19.33000000,20.53000000,17.99000000,18.12000000,4832850.59000000,93501229.30310000,174659
2022-06-29,18.11000000,18.68000000,17.18000000,17.79000000,3932196.54000000,70470639.34450000,146681
2022-06-30,17.79000000,17.81000000,15.79000000,16.99000000,3831530.37000000,63198227.86200000,157177
2022-07-01,16.98000000,17.68000000,15.80000000,16.12000000,4908972.09000000,80522290.20230000,174973
2022-07-02,16.12000000,16.61000000,15.96000000,16.33000000,1937632.45000000,31571349.96770000,76826
2022-07-03,16.33000000,16.90000000,15.83000000,16.65000000,2285393.04000000,37164410.26950000,73912
2022-07-04,16.65000000,18.06000000,16.31000000,17.92000000,3950488.78000000,68024108.97190000,123072
2022-07-05,17.92000000,18.65000000,16.66000000,18.03000000,4832782.93000000,84880794.14950000,156748
2022-07-06,18.03000000,19.47000000,17.79000000,19.17000000,4491727.98000000,83280450.04590000,170986
2022-07-07,19.17000000,20.60000000,18.86000000,20.18000000,3901523.31000000,76864983.68220000,176247
2022-07-08,20.18000000,21.12000000,19.42000000,19.72000000,4363644.25000000,87821365.54130000,194130
2022-07-09,19.72000000,20.27000000,19.49000000,19.89000000,1907418.34000000,37998842.78460000,86679
2022-07-10,19.90000000,19.99000000,18.76000000,19.16000000,1946346.67000000,37489161.59890000,77669
2022-07-11,19.17000000,19.17000000,17.32000000,17.35000000,2340215.74000000,42857672.20010000,92801
2022-07-12,17.34000000,18.07000000,16.71000000,16.75000000,2847335.47000000,49839858.60790000,103131
2022-07-13,16.75000000,18.92000000,16.37000000,18.83000000,5090897.41000000,89070005.24780000,180403
2022-07-14,18.82000000,19.98000000,17.78000000,19.76000000,4727801.64000000,88740816.81420000,169219
2022-07-15,19.76000000,20.28000000,19.09000000,19.35000000,3455357.97000000,68237953.60190000,139499
2022-07-16,19.36000000,21.50000000,18.67000000,21.25000000,3961722.82000000,80100019.30210000,150981
2022-07-17,21.25000000,22.12000000,20.57000000,20.63000000,3026561.51000000,64514389.61950000,137876
2022-07-18,20.62000000,24.33000000,20.59000000,23.95000000,6122739.72000000,141905246.20340000,308510
2022-07-19,23.95000000,26.29000000,23.03000000,24.72000000,6902992.92000000,169430115.20890000,365496
2022-07-20,24.71000000,26.38000000,23.35000000,23.59000000,6483006.16000000,161853092.41010000,312630
2022-07-21,23.59000000,25.46000000,22.64000000,24.99000000,4561440.24000000,110003521.27440000,236611
2022-07-22,24.99000000,25.55000000,23.59000000,23.63000000,3744683.03000000,92501087.89640000,180839
2022-07-23,23.64000000,24.66000000,22.83000000,23.60000000,2404591.64000000,56990107.37000000,121951
2022-07-24,23.59000000,24.47000000,23.23000000,23.79000000,2196886.66000000,52611467.15380000,109462
2022-07-25,23.79000000,23.85000000,20.89000000,20.92000000,3848762.01000000,84930134.75570000,153814
2022-07-26,20.93000000,20.99000000,19.55000000,20.71000000,2582466.15000000,52645693.94410000,115446
2022-07-27,20.72000000,23.49000000,20.21000000,23.39000000,4294616.47000000,94226960.71600000,193914
2022-07-28,23.38000000,24.69000000,22.42000000,24.20000000,5656707.22000000,133111101.32280000,235308
2022-07-29,24.21000000,25.37000000,23.46000000,24.49000000,4714786.88000000,115555937.20320000,236251
2022-07-30,24.49000000,25.83000000,23.91000000,24.23000000,3897237.98000000,96753191.04250000,182629
2022-07-31,24.24000000,25.22000000,23.53000000,23.72000000,2308947.34000000,56527396.83090000,129722
2022-08-01,23.72000000,24.33000000,22.96000000,23.57000000,2662595.41000000,62745803.36200000,135445
2022-08-02,23.58000000,24.00000000,22.24000000,22.85000000,2826174.06000000,64873075.04730000,153939
2022-08-03,22.85000000,24.19000000,22.28000000,23.04000000,2493366.49000000,58666961.28970000,129428
2022-08-04,23.04000000,24.00000000,22.88000000,23.36000000,1991779.10000000,46603456.16960000,108622
2022-08-05,23.36000000,24.98000000,23.11000000,24.95000000,2970807.41000000,71911103.72390000,141282
2022-08-06,24.95000000,26.94000000,24.71000000,26.63000000,3517848.23000000,90802307.61470000,188092
2022-08-07,26.64000000,28.50000000,25.82000000,27.90000000,3666990.33000000,100105202.97410000,212179
2022-08-08,27.89000000,30.89000000,27.57000000,27.91000000,5280186.71000000,153304278.19400000,288110
2022-08-09,27.90000000,28.81000000,26.96000000,27.42000000,3737879.06000000,103796158.71610000,214507
2022-08-10,27.41000000,30.20000000,26.60000000,29.18000000,4778667.33000000,137305889.06010000,273581
2022-08-11,29.17000000,30.09000000,28.31000000,28.53000000,3518091.35000000,103317894.79290000,201223
2022-08-12,28.53000000,29.45000000,28.07000000,29.34000000,2021882.17000000,58337335.93160000,119434
2022-08-13,29.33000000,30.35000000,28.87000000,29.16000000,2359927.97000000,69907009.00870000,142268
2022-08-14,29.16000000,29.85000000,27.84000000,28.18000000,2248073.33000000,64988394.32610000,130836
2022-08-15,28.19000000,29.30000000,27.03000000,27.88000000,2302258.65000000,64486401.72400000,152333
2022-08-16,27.87000000,28.41000000,26.93000000,27.10000000,1936702.68000000,53465184.09860000,127419
2022-08-17,27.11000000,28.23000000,25.26000000,25.55000000,2779421.89000000,74164986.61360000,162009
2022-08-18,25.56000000,26.29000000,23.95000000,24.21000000,1882128.59000000,47936727.79770000,116615
2022-08-19,24.20000000,24.43000000,21.32000000,22.44000000,4153725.40000000,94492597.62790000,229186
2022-08-20,22.44000000,23.09000000,21.63000000,22.30000000,2536233.27000000,57061226.71970000,134352
2022-08-21,22.30000000,23.55000000,22.15000000,22.97000000,2347004.68000000,53636289.78070000,104136
2022-08-22,22.98000000,23.00000000,21.61000000,22.55000000,2133704.42000000,47474582.58750000,111464
2022-08-23,22.56000000,23.74000000,21.83000000,23.50000000,2722607.74000000,62474113.71160000,128125
2022-08-24,23.52000000,23.64000000,22.81000000,23.01000000,1854532.20000000,43048285.01830000,95242
2022-08-25,23.02000000,23.65000000,22.67000000,22.99000000,1649374.38000000,38241132.97860000,80532
2022-08-26,22.99000000,23.23000000,20.34000000,20.66000000,3844695.98000000,84942786.88750000,168622
2022-08-27,20.65000000,20.91000000,19.79000000,20.03000000,2352564.36000000,47965033.33970000,116152
2022-08-28,20.04000000,20.47000000,18.05000000,18.53000000,2506950.07000000,48794607.60130000,114515
2022-08-29,18.53000000,19.47000000,17.48000000,19.32000000,5227679.45000000,96618014.28090000,190665
2022-08-30,19.32000000,20.66000000,18.87000000,19.39000000,4781627.02000000,94435865.16230000,187396
2022-08-31,19.40000000,20.07000000,18.99000000,19.14000000,2920043.96000000,57342208.65640000,115381
2022-09-01,19.14000000,19.47000000,18.33000000,19.33000000,2037932.03000000,38594956.88140000,86520
2022-09-02,19.32000000,19.66000000,18.68000000,18.86000000,2012974.14000000,38625221.54250000,84297
2022-09-03,18.86000000,19.01000000,18.57000000,18.89000000,869692.47000000,16369829.95450000,38992
2022-09-04,18.89000000,19.15000000,18.73000000,19.01000000,1137571.79000000,21551297.10630000,53906
2022-09-05,19.02000000,19.49000000,18.44000000,19.44000000,1355494.58000000,25508294.31220000,63974
2022-09-06,19.45000000,20.49000000,18.15000000,18.21000000,3455459.74000000,67442239.49240000,167502
2022-09-07,18.21000000,19.31000000,17.84000000,19.01000000,1888919.24000000,35050761.10090000,88521
2022-09-08,19.00000000,19.16000000,18.40000000,19.13000000,1853702.72000000,34930709.81680000,74167
2022-09-09,19.13000000,20.81000000,19.10000000,20.38000000,2646242.57000000,53253439.09050000,112839
2022-09-10,20.39000000,21.17000000,20.04000000,20.44000000,2316069.87000000,47427759.27170000,83914
2022-09-11,20.44000000,20.95000000,19.95000000,20.68000000,1721338.28000000,35240722.97000000,70362
2022-09-12,20.67000000,21.91000000,20.06000000,21.38000000,4690982.41000000,99043842.08100000,180428
2022-09-13,21.38000000,21.80000000,18.76000000,18.87000000,4534638.70000000,92668116.27070000,183766
2022-09-14,18.87000000,19.31000000,18.44000000,19.12000000,2492314.62000000,47348631.70980000,97924
2022-09-15,19.12000000,19.37000000,18.09000000,18.21000000,2502262.69000000,46901200.10050000,101776
2022-09-16,18.21000000,18.31000000,17.56000000,18.05000000,2145273.72000000,38526933.67310000,80703
2022-09-17,18.05000000,18.59000000,18.04000000,18.48000000,1309153.10000000,23994677.90400000,48047
2022-09-18,18.48000000,18.78000000,16.29000000,16.70000000,3634544.44000000,65818534.25250000,113290
2022-09-19,16.70000000,17.38000000,16.39000000,17.28000000,2420422.85000000,40842271.38730000,101233
2022-09-20,17.28000000,17.43000000,16.58000000,16.65000000,1816611.71000000,30790481.14050000,69684
2022-09-21,16.65000000,17.94000000,16.19000000,16.55000000,3111286.16000000,52921370.21920000,123223
2022-09-22,16.54000000,17.88000000,16.39000000,17.68000000,2032595.22000000,35134402.10740000,86250
2022-09-23,17.68000000,18.24000000,17.15000000,17.97000000,1946185.89000000,34336321.97010000,85718
2022-09-24,17.97000000,18.19000000,17.54000000,17.60000000,1139374.01000000,20411672.76650000,51150
2022-09-25,17.60000000,17.88000000,17.13000000,17.32000000,854961.36000000,15033056.61300000,40984
2022-09-26,17.32000000,17.59000000,16.97000000,17.57000000,1339230.13000000,23207341.00840000,58291
2022-09-27,17.57000000,18.50000000,16.99000000,17.30000000,3034663.42000000,53906064.59110000,103452
2022-09-28,17.30000000,17.45000000,16.73000000,17.26000000,1969129.47000000,33619299.30010000,70283
2022-09-29,17.26000000,17.39000000,16.88000000,17.35000000,1200459.71000000,20605132.40840000,52021
2022-09-30,17.35000000,17.74000000,17.01000000,17.20000000,1992313.11000000,34562981.09590000,72815
2022-10-01,17.21000000,17.30000000,16.86000000,16.95000000,614626.35000000,10524442.53840000,26388
2022-10-02,16.96000000,17.18000000,16.47000000,16.53000000,1072930.57000000,18046517.70100000,38942
2022-10-03,16.54000000,17.32000000,16.34000000,17.14000000,1488274.32000000,25069377.13210000,51149
2022-10-04,17.15000000,17.55000000,17.07000000,17.44000000,1156113.08000000,20051175.93750000,43667
2022-10-05,17.45000000,17.49000000,16.94000000,17.39000000,1304224.29000000,22465876.39880000,41511
2022-10-06,17.39000000,17.67000000,16.98000000,17.04000000,1151476.36000000,19965830.78570000,44952
2022-10-07,17.04000000,17.17000000,16.72000000,16.90000000,1022147.52000000,17308008.56660000,37624
2022-10-08,16.90000000,16.99000000,16.62000000,16.79000000,338134.43000000,5695921.68690000,15706
2022-10-09,16.79000000,16.99000000,16.70000000,16.90000000,412498.93000000,6967302.04310000,17147
2022-10-10,16.90000000,17.24000000,16.17000000,16.21000000,1180161.90000000,19644070.29960000,43272
2022-10-11,16.21000000,16.32000000,15.59000000,15.95000000,1530642.33000000,24426447.77170000,57174
2022-10-12,15.95000000,16.17000000,15.83000000,15.96000000,695088.15000000,11123567.73490000,29851
2022-10-13,15.95000000,15.99000000,14.42000000,15.66000000,3240864.90000000,49173365.34810000,119938
2022-10-14,15.65000000,16.40000000,15.54000000,15.67000000,1482124.17000000,23800954.94860000,59464
2022-10-15,15.67000000,15.78000000,15.36000000,15.43000000,578141.35000000,9036562.19140000,26523
2022-10-16,15.42000000,15.88000000,15.41000000,15.75000000,853653.89000000,13369946.94680000,30772
2022-10-17,15.75000000,16.27000000,15.65000000,16.18000000,1239751.09000000,19846422.01250000,47077
2022-10-18,16.17000000,16.36000000,15.54000000,15.88000000,1504483.22000000,24040475.96880000,52237
2022-10-19,15.87000000,15.92000000,15.01000000,15.06000000,1799942.85000000,27939027.37330000,56344
2022-10-20,15.06000000,15.48000000,14.87000000,15.14000000,1584061.75000000,24150832.84790000,54392
2022-10-21,15.15000000,15.75000000,14.58000000,15.69000000,1889118.85000000,28502925.48780000,64394
2022-10-22,15.69000000,15.93000000,15.52000000,15.69000000,690851.93000000,10849899.70320000,31160
2022-10-23,15.69000000,16.42000000,15.59000000,16.31000000,1416439.93000000,22490705.02680000,43579
2022-10-24,16.31000000,16.49000000,15.63000000,15.75000000,1061043.20000000,16914865.27580000,43678
2022-10-25,15.75000000,17.05000000,15.59000000,16.64000000,2100542.67000000,34578701.13670000,85268
2022-10-26,16.63000000,17.34000000,16.63000000,17.00000000,2023800.42000000,34494169.40710000,87045
2022-10-27,17.00000000,17.51000000,16.82000000,16.88000000,2138708.14000000,36663397.19410000,89839
2022-10-28,16.89000000,18.40000000,16.73000000,18.33000000,2746152.29000000,48345341.05750000,115111
2022-10-29,18.33000000,18.90000000,18.16000000,18.29000000,2028623.81000000,37576884.44580000,91487
2022-10-30,18.29000000,18.83000000,17.92000000,18.26000000,1629726.62000000,29975111.95360000,76423
2022-10-31,18.25000000,19.83000000,18.18000000,19.28000000,3179542.03000000,60591776.95960000,145326
2022-11-01,19.28000000,19.53000000,18.57000000,18.62000000,1699673.61000000,32377757.06680000,75815
2022-11-02,18.63000000,18.77000000,17.43000000,17.91000000,2488654.37000000,45110928.48860000,117703
2022-11-03,17.92000000,18.87000000,17.80000000,18.03000000,1411887.43000000,26036994.77850000,70670
2022-11-04,18.03000000,19.69000000,17.88000000,19.38000000,2208518.70000000,41923040.88820000,110457
2022-11-05,19.39000000,20.63000000,19.18000000,19.61000000,2448681.60000000,48469218.04740000,116490
2022-11-06,19.60000000,19.75000000,18.17000000,18.23000000,1243880.65000000,23822790.20640000,68460
2022-11-07,18.23000000,18.87000000,17.73000000,18.08000000,1903927.05000000,34924563.70310000,94775
2022-11-08,18.08000000,18.16000000,14.82000000,16.02000000,7033866.00000000,116404186.12470000,330366
2022-11-09,16.02000000,16.16000000,12.03000000,12.91000000,6217665.58300000,87647850.36100000,334700
2022-11-10,12.92000000,15.94000000,12.68000000,15.42000000,4437282.29000000,64303289.13130000,272842
2022-11-11,15.41000000,15.46000000,13.58000000,14.13000000,3576037.51000000,51389554.89750000,166243
2022-11-12,14.13000000,14.15000000,12.89000000,13.09000000,1559675.20000000,20829151.83790000,79497
2022-11-13,13.10000000,13.36000000,12.70000000,13.02000000,1769291.13000000,23109788.42700000,89497
2022-11-14,13.03000000,13.61000000,12.06000000,13.14000000,2870740.18000000,37097586.77260000,134745
2022-11-15,13.14000000,14.01000000,13.02000000,13.51000000,1631061.03000000,21987082.70150000,84985
2022-11-16,13.52000000,13.75000000,12.81000000,13.07000000,1270112.16000000,16843360.99510000,59989
2022-11-17,13.07000000,13.36000000,12.64000000,12.87000000,1670047.32000000,21668784.75220000,97864
2022-11-18,12.86000000,13.32000000,12.85000000,13.00000000,1339374.30000000,17579117.65550000,49729
2022-11-19,13.00000000,13.00000000,12.49000000,12.89000000,699870.16000000,8938900.14970000,37461
2022-11-20,12.90000000,13.14000000,12.07000000,12.19000000,1130084.38000000,14306320.74570000,54171
2022-11-21,12.19000000,12.20000000,11.57000000,11.82000000,1802036.27400000,21454814.80004400,91929
2022-11-22,11.82000000,12.38000000,11.44000000,12.36000000,2051456.21000000,24488339.01210000,78744
2022-11-23,12.36000000,13.07000000,12.35000000,13.06000000,1871100.38000000,23748492.94360000,70885
2022-11-24,13.07000000,13.40000000,12.75000000,12.95000000,1358354.49000000,17703958.38230000,56106
2022-11-25,12.95000000,13.04000000,12.52000000,12.82000000,915142.46000000,11689727.13370000,40351
2022-11-26,12.82000000,13.25000000,12.62000000,12.78000000,903394.40000000,11722267.46620000,35720
2022-11-27,12.77000000,13.26000000,12.69000000,12.86000000,893001.06000000,11640762.89030000,36215
2022-11-28,12.86000000,12.99000000,11.99000000,12.45000000,1800437.67000000,22222101.93480000,63682
2022-11-29,12.46000000,12.72000000,12.28000000,12.47000000,1718397.88000000,21412085.93190000,50852
2022-11-30,12.47000000,13.20000000,12.46000000,13.15000000,1761126.78000000,22686530.16290000,61382
2022-12-01,13.15000000,13.32000000,12.79000000,12.90000000,1309898.35000000,17065733.25360000,44556
2022-12-02,12.90000000,13.66000000,12.79000000,13.58000000,1771717.38000000,23420469.08790000,58874
2022-12-03,13.59000000,13.90000000,13.28000000,13.40000000,1661995.09000000,22577498.22030000,54126
2022-12-04,13.40000000,13.95000000,13.40000000,13.93000000,1096735.80000000,15019193.15260000,37001
2022-12-05,13.93000000,14.35000000,13.38000000,13.60000000,1432042.28000000,19940977.54450000,56064
2022-12-06,13.60000000,13.69000000,13.45000000,13.67000000,800288.63000000,10864920.89220000,29258
2022-12-07,13.68000000,13.70000000,13.00000000,13.28000000,1097954.06000000,14529973.54340000,40308
2022-12-08,13.28000000,13.55000000,13.06000000,13.42000000,894124.36000000,11886533.87100000,31767
2022-12-09,13.41000000,13.63000000,13.36000000,13.46000000,726329.12000000,9787916.66760000,27422
2022-12-10,13.46000000,14.06000000,13.34000000,13.49000000,507889.21000000,6843832.12460000,20141
2022-12-11,13.49000000,13.50000000,12.92000000,12.98000000,611673.63000000,8131725.49100000,21032
2022-12-12,12.98000000,13.06000000,12.52000000,13.00000000,1072315.11000000,13703529.51120000,35100
2022-12-13,13.01000000,14.40000000,12.55000000,13.76000000,3034773.16000000,41179331.05930000,83596
2022-12-14,13.76000000,14.19000000,13.56000000,13.71000000,1646728.29000000,22776759.19100000,56892
2022-12-15,13.71000000,13.89000000,13.06000000,13.17000000,1230073.86000000,16592093.08490000,43051
2022-12-16,13.17000000,13.29000000,11.59000000,11.84000000,1740839.24000000,21790798.42890000,63749
2022-12-17,11.84000000,11.99000000,11.52000000,11.95000000,853841.63000000,10105246.80810000,30625
2022-12-18,11.96000000,12.03000000,11.79000000,11.93000000,640622.87000000,7633150.04600000,20008
2022-12-19,11.93000000,12.10000000,11.15000000,11.39000000,991190.79000000,11668610.53418500,35223
2022-12-20,11.40000000,12.05000000,11.34000000,11.95000000,1211409.88000000,14296618.95950000,41327
2022-12-21,11.95000000,11.98000000,11.62000000,11.71000000,551520.66000000,6506060.45950000,19565
2022-12-22,11.71000000,11.87000000,11.45000000,11.85000000,624119.17000000,7283872.37670000,23366
2022-12-23,11.85000000,11.89000000,11.67000000,11.79000000,503382.85000000,5937729.93950000,18680
2022-12-24,11.79000000,11.83000000,11.64000000,11.67000000,345957.08000000,4049809.06110000,11490
2022-12-25,11.68000000,11.74000000,11.51000000,11.68000000,630940.44000000,7337612.68170000,18535
2022-12-26,11.69000000,11.78000000,11.57000000,11.71000000,656385.55000000,7656416.05390000,18122
2022-12-27,11.72000000,11.80000000,11.53000000,11.64000000,843496.11000000,9850159.69380000,21921
2022-12-28,11.64000000,11.68000000,11.09000000,11.21000000,964246.13000000,10923045.52370000,31624
2022-12-29,11.22000000,11.22000000,10.61000000,10.98000000,1028379.84100000,11301860.63590000,32046
2022-12-30,10.98000000,10.99000000,10.54000000,10.87000000,1037690.22000000,11198174.81590000,31399
2022-12-31,10.87000000,11.08000000,10.84000000,10.90000000,444155.56000000,4857394.47640000,14609
2023-01-01,10.90000000,10.94000000,10.64000000,10.87000000,855821.06000000,9249941.89780000,21402
2023-01-02,10.87000000,11.27000000,10.70000000,11.16000000,989618.96000000,10953267.19290000,31194
2023-01-03,11.16000000,11.56000000,11.06000000,11.38000000,1149421.99000000,12997288.65740000,38316
2023-01-04,11.38000000,12.30000000,11.34000000,12.08000000,1889080.62000000,22490498.47460000,64500
2023-01-05,12.09000000,12.17000000,11.67000000,11.74000000,1194570.76000000,14222201.16440000,36141
2023-01-06,11.74000000,11.82000000,11.36000000,11.78000000,1216666.03000000,14101544.12380000,46048
2023-01-07,11.79000000,11.87000000,11.65000000,11.75000000,508959.94000000,5985646.56350000,21512
2023-01-08,11.75000000,12.16000000,11.58000000,12.09000000,981816.74000000,11647536.76810000,33236
2023-01-09,12.09000000,12.65000000,12.08000000,12.19000000,2600007.21000000,32255972.10240000,84895
2023-01-10,12.19000000,12.95000000,12.02000000,12.73000000,1873010.99000000,23491606.08240000,77871
2023-01-11,12.73000000,16.04000000,12.25000000,15.86000000,9296759.42000000,132279457.64210000,266430
2023-01-12,15.86000000,16.50000000,14.65000000,15.43000000,8264385.87000000,128324493.73870000,250148
2023-01-13,15.44000000,16.60000000,14.95000000,15.96000000,5273534.10000000,82831558.99070000,148488
2023-01-14,15.97000000,18.54000000,15.79000000,16.94000000,10287102.04000000,173965988.34050000,326559
2023-01-15,16.93000000,17.20000000,16.00000000,16.80000000,4678970.49000000,77619943.42890000,132855
2023-01-16,16.79000000,17.34000000,16.06000000,16.74000000,3928124.39000000,65558570.11810000,129516
2023-01-17,16.74000000,18.21000000,16.53000000,17.12000000,4359330.19000000,75441940.82810000,155011
2023-01-18,17.13000000,17.41000000,15.50000000,15.82000000,4109688.20000000,68053868.06950000,158251
2023-01-19,15.81000000,16.30000000,15.70000000,16.19000000,2010163.26000000,32167560.41710000,70162
2023-01-20,16.19000000,17.57000000,15.86000000,17.48000000,3086123.26000000,52088871.69140000,113555
2023-01-21,17.49000000,17.76000000,16.83000000,16.88000000,3798234.96000000,65666701.13460000,137720
2023-01-22,16.87000000,18.45000000,16.79000000,17.34000000,4196670.88000000,74112784.92880000,170915
2023-01-23,17.34000000,18.32000000,17.21000000,17.97000000,3276110.41000000,58109928.76520000,128488
2023-01-24,17.97000000,18.97000000,16.75000000,17.00000000,3499087.10000000,63299881.88240000,141829
2023-01-25,16.99000000,18.27000000,16.52000000,17.79000000,2663219.54000000,46158913.47550000,116578
2023-01-26,17.80000000,18.80000000,17.78000000,18.08000000,3441891.58000000,62599123.02710000,133463
2023-01-27,18.09000000,21.67000000,17.45000000,21.20000000,4903029.78000000,94906857.28600000,218259
2023-01-28,21.19000000,21.81000000,20.05000000,20.54000000,4474456.15000000,92788078.56680000,214025
2023-01-29,20.54000000,21.17000000,20.08000000,20.99000000,2599913.75000000,53766064.57480000,118117
2023-01-30,20.99000000,21.31000000,19.25000000,19.74000000,4917486.44000000,100246091.37260000,221186
2023-01-31,19.73000000,20.19000000,19.31000000,19.80000000,2564633.38000000,50668727.68350000,116068
2023-02-01,19.80000000,21.06000000,18.69000000,20.95000000,4614268.07000000,90846309.19290000,205928
2023-02-02,20.95000000,22.79000000,20.82000000,21.21000000,6298959.25000000,138528657.31090000,282389
2023-02-03,21.21000000,21.96000000,20.68000000,21.36000000,3283902.72000000,69851250.28820000,134423
2023-02-04,21.35000000,21.69000000,20.84000000,21.04000000,2173964.82000000,46196243.10340000,79384
2023-02-05,21.03000000,21.15000000,19.71000000,20.08000000,2975611.73000000,60549243.96500000,121657
2023-02-06,20.09000000,20.43000000,19.42000000,19.58000000,1856607.05000000,37135408.53580000,79434
2023-02-07,19.58000000,21.00000000,19.51000000,20.83000000,2538688.73000000,51363309.01350000,91395
2023-02-08,20.83000000,21.02000000,19.62000000,20.11000000,1760631.93000000,35859512.54600000,71120
2023-02-09,20.11000000,20.24000000,17.44000000,17.90000000,3124670.90000000,59484285.44980000,131853
2023-02-10,17.90000000,18.24000000,17.49000000,17.79000000,1666736.69000000,29903620.43670000,76377
2023-02-11,17.78000000,18.11000000,17.66000000,18.01000000,937640.27000000,16751422.87240000,39047
2023-02-12,18.02000000,18.49000000,17.52000000,17.78000000,2661843.26000000,48228890.53910000,70468
2023-02-13,17.78000000,17.86000000,16.84000000,17.63000000,1833234.74000000,31820834.92840000,87923
2023-02-14,17.63000000,18.29000000,17.11000000,18.14000000,2085039.59000000,37075845.41410000,87263
2023-02-15,18.15000000,19.96000000,17.91000000,19.94000000,2162105.31000000,40826355.64040000,99936
2023-02-16,19.94000000,20.39000000,18.55000000,18.59000000,3100356.46000000,61105350.77480000,140323
2023-02-17,18.59000000,19.65000000,18.48000000,19.45000000,1832312.79000000,35095475.73030000,80573
2023-02-18,19.46000000,20.11000000,19.29000000,19.54000000,2371957.08000000,46716045.93880000,76229
2023-02-19,19.55000000,20.42000000,19.26000000,19.81000000,2282135.36000000,45314544.01590000,101816
2023-02-20,19.80000000,21.38000000,19.02000000,20.82000000,3948087.09000000,81441043.37820000,171667
2023-02-21,20.82000000,21.66000000,19.90000000,20.98000000,4109262.76000000,85273752.93310000,184604
2023-02-22,20.98000000,21.56000000,19.58000000,20.32000000,5077444.91000000,104139370.16290000,230420
2023-02-23,20.31000000,20.73000000,19.52000000,19.71000000,2303332.47000000,46332361.75260000,103780
2023-02-24,19.72000000,19.82000000,18.03000000,18.39000000,2530031.98000000,47774650.84630000,124859
2023-02-25,18.39000000,18.62000000,17.44000000,17.94000000,2202952.20000000,39855273.97640000,99102
2023-02-26,17.95000000,18.57000000,17.82000000,18.43000000,1010025.02000000,18383792.25460000,49294
2023-02-27,18.44000000,18.65000000,17.71000000,17.93000000,1411212.86000000,25607343.49920000,69043
2023-02-28,17.93000000,17.94000000,16.93000000,17.09000000,1522776.60000000,26587579.43050000,83367
2023-03-01,17.10000000,17.83000000,16.98000000,17.77000000,1103389.17000000,19397437.13690000,59976
2023-03-02,17.76000000,17.86000000,17.11000000,17.47000000,877078.59000000,15201011.86280000,48274
2023-03-03,17.47000000,17.48000000,15.81000000,16.66000000,2000407.80000000,32767139.74900000,109630
2023-03-04,16.66000000,16.90000000,15.74000000,16.14000000,1088928.35000000,17813346.61530000,55412
2023-03-05,16.14000000,16.52000000,16.06000000,16.14000000,745976.87000000,12167464.01710000,36705
2023-03-06,16.14000000,16.70000000,15.82000000,16.52000000,1348393.86000000,22002952.45460000,62809
2023-03-07,16.51000000,16.73000000,15.85000000,16.17000000,1448118.80000000,23503545.97090000,60776
2023-03-08,16.17000000,16.26000000,15.00000000,15.12000000,1623242.29000000,25433756.31820000,73449
2023-03-09,15.11000000,15.69000000,14.20000000,14.41000000,2487752.30000000,36998124.57410000,99840
2023-03-10,14.42000000,15.28000000,13.88000000,14.80000000,3176465.15000000,46183612.81820000,119870
2023-03-11,14.79000000,15.19000000,13.93000000,14.51000000,2626062.79000000,37866487.33280000,98297
2023-03-12,14.51000000,16.29000000,14.20000000,16.18000000,2935250.36000000,44631183.82290000,122733
2023-03-13,16.17000000,16.78000000,15.45000000,16.47000000,3653015.82000000,59049962.24860000,148001
2023-03-14,16.47000000,17.91000000,16.07000000,17.15000000,4819447.82000000,81970536.50170000,178933
2023-03-15,17.15000000,17.42000000,15.33000000,15.55000000,3381885.34000000,55175959.11000000,140842
2023-03-16,15.55000000,16.09000000,15.24000000,15.83000000,2101663.41000000,32958246.09350000,100362
2023-03-17,15.83000000,17.77000000,15.63000000,17.64000000,2625807.19000000,43768970.69090000,115037
2023-03-18,17.64000000,18.25000000,16.85000000,16.98000000,2990812.40000000,52378447.67220000,136502
2023-03-19,16.99000000,18.08000000,16.96000000,17.53000000,1927204.31000000,33932059.26960000,98288
2023-03-20,17.53000000,17.78000000,16.52000000,16.64000000,2421215.70000000,41698320.58810000,116510
2023-03-21,16.64000000,17.55000000,16.33000000,17.44000000,2044599.43000000,34835823.54630000,104711
2023-03-22,17.43000000,17.93000000,16.26000000,16.74000000,3533834.30000000,60899575.64770000,169008
2023-03-23,16.75000000,17.90000000,16.57000000,17.54000000,2132767.64000000,37044717.05070000,96695
2023-03-24,17.54000000,17.65000000,16.66000000,16.95000000,1168422.63000000,20031297.79320000,60816
2023-03-25,16.96000000,17.15000000,16.38000000,16.89000000,1012240.42000000,16953254.57800000,59680
2023-03-26,16.89000000,17.29000000,16.86000000,17.12000000,842868.94000000,14393944.70260000,45051
2023-03-27,17.12000000,17.15000000,16.00000000,16.49000000,1496965.41000000,24796799.43880000,71521
2023-03-28,16.48000000,16.85000000,16.30000000,16.71000000,1416651.25000000,23483717.81150000,62214
2023-03-29,16.72000000,17.41000000,16.65000000,17.31000000,1647283.13000000,28347879.20260000,63323
2023-03-30,17.32000000,17.57000000,16.91000000,17.23000000,1878919.84000000,32465515.81020000,77869
2023-03-31,17.23000000,17.84000000,17.08000000,17.70000000,1573547.04000000,27445923.83900000,63239
2023-04-01,17.70000000,17.89000000,17.54000000,17.80000000,864902.81000000,15313441.95410000,37585
2023-04-02,17.79000000,17.85000000,17.06000000,17.25000000,918449.47000000,15997347.72820000,40619
2023-04-03,17.24000000,17.45000000,16.65000000,17.11000000,1669238.44000000,28558818.92870000,70349
2023-04-04,17.10000000,17.67000000,16.97000000,17.65000000,1290395.25000000,22393695.84840000,47277
2023-04-05,17.65000000,18.38000000,17.44000000,18.00000000,2189499.57000000,39406410.95750000,91168
2023-04-06,17.99000000,18.35000000,17.63000000,17.97000000,1494645.37000000,26924351.90400000,61311
2023-04-07,17.98000000,18.14000000,17.42000000,17.60000000,1023361.07000000,18126661.09840000,40318
2023-04-08,17.60000000,17.74000000,17.33000000,17.45000000,565313.80000000,9935020.36530000,25871
2023-04-09,17.45000000,17.65000000,17.25000000,17.54000000,627757.54000000,10934568.45780000,29995
2023-04-10,17.54000000,17.97000000,17.37000000,17.94000000,1022190.46000000,18066250.47950000,45974
2023-04-11,17.93000000,18.62000000,17.87000000,18.14000000,1487121.23000000,27156033.42430000,66589
2023-04-12,18.13000000,19.21000000,17.68000000,18.26000000,3554063.45000000,64449888.90250000,132957
2023-04-13,18.26000000,19.08000000,18.11000000,18.84000000,2456777.92000000,45921153.13880000,95307
2023-04-14,18.83000000,19.32000000,18.46000000,19.22000000,2348398.47000000,44608549.79780000,96807
2023-04-15,19.22000000,19.52000000,18.99000000,19.07000000,1527045.96000000,29327736.90770000,62864
2023-04-16,19.07000000,20.55000000,18.84000000,20.17000000,2486851.70000000,49092230.53870000,109209
2023-04-17,20.17000000,21.28000000,19.96000000,20.51000000,4308383.80000000,88923987.25870000,195039
2023-04-18,20.52000000,21.56000000,20.26000000,21.20000000,2400684.58000000,50725754.58210000,111055
2023-04-19,21.20000000,21.22000000,18.55000000,18.98000000,3606353.32000000,70830009.52320000,171423
2023-04-20,18.98000000,19.43000000,18.13000000,18.30000000,2533024.60000000,47683834.21110000,105579
2023-04-21,18.30000000,18.52000000,16.72000000,16.94000000,2949411.14000000,51911303.18390000,112089
2023-04-22,16.94000000,17.36000000,16.81000000,17.21000000,1163505.95000000,19929241.11210000,49823
2023-04-23,17.22000000,17.25000000,16.49000000,16.84000000,1071665.53000000,18116505.03880000,49118
2023-04-24,16.85000000,17.26000000,16.54000000,16.92000000,1229193.95000000,20767455.09070000,56930
2023-04-25,16.93000000,17.77000000,16.75000000,17.63000000,1680320.99000000,28810943.10360000,69399
2023-04-26,17.62000000,18.24000000,16.27000000,17.18000000,2820375.37000000,48868361.42000000,118420
2023-04-27,17.18000000,17.93000000,17.11000000,17.72000000,1574922.98000000,27641551.90330000,72488
2023-04-28,17.72000000,17.81000000,17.21000000,17.55000000,915809.55000000,16035752.71390000,39787
2023-04-29,17.56000000,17.72000000,17.33000000,17.49000000,596818.68000000,10465634.63730000,26006
2023-04-30,17.49000000,17.85000000,17.07000000,17.10000000,893876.28000000,15572793.31650000,40403
2023-05-01,17.10000000,17.21000000,16.51000000,16.65000000,1160711.97000000,19563822.22120000,46243
2023-05-02,16.64000000,16.97000000,16.49000000,16.84000000,781092.70000000,13054489.07650000,31959
2023-05-03,16.84000000,17.37000000,16.39000000,17.21000000,1404905.59000000,23663007.82470000,57796
2023-05-04,17.22000000,17.27000000,16.78000000,16.93000000,913527.62000000,15518899.96700000,32724
2023-05-05,16.93000000,17.73000000,16.73000000,17.38000000,1637028.01000000,28127892.41440000,66614
2023-05-06,17.38000000,17.51000000,16.43000000,16.58000000,1231115.03000000,20716428.54920000,48270
2023-05-07,16.58000000,16.73000000,16.31000000,16.41000000,783994.90000000,12992091.33530000,29380
2023-05-08,16.41000000,16.50000000,14.80000000,15.42000000,2627129.13000000,40955596.60820000,87557
2023-05-09,15.42000000,15.58000000,15.21000000,15.31000000,965502.37000000,14863780.92780000,31958
2023-05-10,15.32000000,15.74000000,14.66000000,15.52000000,2652746.29000000,40682860.91850000,74291
2023-05-11,15.52000000,15.53000000,14.76000000,14.95000000,1333686.77000000,20176405.18310000,45446
2023-05-12,14.96000000,15.22000000,14.52000000,15.19000000,1520092.84000000,22611838.50630000,49076
2023-05-13,15.19000000,15.21000000,14.90000000,14.91000000,588938.52000000,8854432.58220000,20773
2023-05-14,14.91000000,15.14000000,14.79000000,15.03000000,651517.07000000,9757423.30100000,21458
2023-05-15,15.02000000,15.35000000,14.80000000,15.08000000,1309248.51000000,19869760.79490000,35534
2023-05-16,15.08000000,15.16000000,14.73000000,14.90000000,1044669.55000000,15585306.73110000,32473
2023-05-17,14.91000000,15.30000000,14.61000000,15.17000000,1366340.39000000,20432740.21810000,42328
2023-05-18,15.18000000,15.19000000,14.42000000,14.68000000,1392832.43000000,20636331.55610000,40426
2023-05-19,14.68000000,14.84000000,14.56000000,14.68000000,850528.60000000,12494002.93750000,24768
2023-05-20,14.68000000,14.71000000,14.53000000,14.63000000,449868.14000000,6572507.83160000,14215
2023-05-21,14.63000000,14.70000000,14.17000000,14.31000000,799580.25000000,11524759.38660000,22700
2023-05-22,14.31000000,14.79000000,14.08000000,14.68000000,1338597.29000000,19436268.29970000,35499
2023-05-23,14.68000000,14.97000000,14.60000000,14.71000000,1082049.27000000,15956404.60600000,31400
2023-05-24,14.71000000,14.72000000,14.00000000,14.14000000,1527725.49000000,21790066.49090000,40344
2023-05-25,14.14000000,14.25000000,13.71000000,14.08000000,1411087.75000000,19872912.67130000,35253
2023-05-26,14.08000000,14.39000000,13.96000000,14.33000000,1159336.18000000,16462543.35270000,29183
2023-05-27,14.33000000,14.62000000,14.26000000,14.56000000,866210.61000000,12466830.64060000,24260
2023-05-28,14.56000000,15.06000000,14.24000000,14.89000000,1663810.90000000,24389890.53510000,50708
2023-05-29,14.90000000,14.98000000,14.35000000,14.48000000,1345784.55000000,19667156.40330000,35886
2023-05-30,14.48000000,14.73000000,14.37000000,14.45000000,1193651.11000000,17354771.85400000,32603
2023-05-31,14.44000000,14.46000000,13.96000000,14.11000000,1145769.56000000,16200462.03130000,36630
2023-06-01,14.10000000,14.30000000,13.83000000,14.09000000,1037684.09000000,14633844.77520000,29716
2023-06-02,14.09000000,14.57000000,13.96000000,14.49000000,1166756.42000000,16784948.05370000,34498
2023-06-03,14.49000000,14.60000000,14.39000000,14.58000000,728715.16000000,10582665.77760000,19781
2023-06-04,14.57000000,14.93000000,14.52000000,14.79000000,1070607.70000000,15804563.26350000,28981
2023-06-05,14.79000000,14.90000000,13.48000000,13.87000000,2829208.26000000,40485782.59970000,81476
2023-06-06,13.87000000,14.67000000,13.81000000,14.62000000,1992149.85000000,28289622.73070000,49774
2023-06-07,14.63000000,14.70000000,13.95000000,14.02000000,1702244.40000000,24372974.76670000,44020
2023-06-08,14.01000000,14.11000000,13.79000000,13.93000000,920454.95000000,12839672.05280000,26969
2023-06-09,13.93000000,14.25000000,13.70000000,13.75000000,1330825.25000000,18556998.29850000,36362
2023-06-10,13.76000000,13.76000000,10.00000000,11.65000000,7634205.66300000,87539377.88360000,219344
2023-06-11,11.65000000,11.81000000,11.44000000,11.58000000,1692031.53000000,19671176.22520000,43892
2023-06-12,11.58000000,11.61000000,11.16000000,11.52000000,1987087.75000000,22758230.68240000,47456
2023-06-13,11.52000000,12.08000000,11.43000000,11.80000000,1946941.54000000,22874085.99970000,44316
2023-06-14,11.80000000,11.96000000,11.16000000,11.38000000,2059036.04000000,23889748.13710000,45546
2023-06-15,11.39000000,11.57000000,11.02000000,11.41000000,2323911.70000000,26285962.93620000,52201
2023-06-16,11.40000000,11.73000000,11.22000000,11.55000000,1210256.45000000,13870745.78600000,29026
2023-06-17,11.54000000,11.85000000,11.47000000,11.62000000,1144774.10000000,13395282.89890000,26726
2023-06-18,11.63000000,11.63000000,11.25000000,11.34000000,1329941.71000000,15281307.24320000,29304
2023-06-19,11.34000000,11.52000000,11.17000000,11.47000000,1123434.72000000,12739019.98480000,24676
2023-06-20,11.48000000,12.13000000,11.17000000,12.12000000,1626750.24000000,18941224.04190000,40464
2023-06-21,12.12000000,13.04000000,12.06000000,12.90000000,2738855.15000000,34288313.40130000,69276
2023-06-22,12.90000000,13.24000000,12.58000000,12.65000000,2240979.03000000,28919605.67010000,63168
2023-06-23,12.66000000,13.51000000,12.62000000,13.29000000,2283130.73000000,29855584.26290000,60570
2023-06-24,13.28000000,13.40000000,12.73000000,13.01000000,1396657.31000000,18230605.31880000,38277
2023-06-25,13.01000000,13.68000000,12.97000000,13.44000000,1464082.61000000,19658998.52200000,43243
2023-06-26,13.44000000,13.69000000,12.96000000,13.15000000,2115880.03000000,28198537.74270000,58497
2023-06-27,13.15000000,13.47000000,13.09000000,13.20000000,1323233.27000000,17580158.13310000,35948
2023-06-28,13.20000000,13.21000000,12.08000000,12.34000000,2629569.82000000,33275891.13160000,62645
2023-06-29,12.34000000,12.96000000,12.27000000,12.67000000,1769980.72000000,22354674.79920000,43871
2023-06-30,12.68000000,13.34000000,12.12000000,13.03000000,3869609.02000000,49796318.12700000,97319
2023-07-01,13.03000000,13.16000000,12.83000000,12.99000000,1571688.38000000,20399462.62130000,35100
2023-07-02,13.00000000,13.22000000,12.71000000,13.13000000,2019538.49000000,26193050.49380000,45397
2023-07-03,13.13000000,13.49000000,13.07000000,13.25000000,2397430.98000000,31765229.70240000,58862
2023-07-04,13.25000000,13.40000000,13.00000000,13.04000000,2120178.89000000,28019470.10180000,51196
2023-07-05,13.04000000,13.16000000,12.50000000,12.67000000,1996286.11000000,25465377.39980000,47989
2023-07-06,12.67000000,13.12000000,12.24000000,12.37000000,2295716.98000000,29097279.63860000,58293
2023-07-07,12.37000000,12.75000000,12.25000000,12.74000000,1501124.31000000,18897652.70340000,34791
2023-07-08,12.74000000,13.89000000,12.72000000,13.64000000,4132298.80000000,55964752.97070000,114301
2023-07-09,13.64000000,14.21000000,13.57000000,13.58000000,2882299.75000000,40141403.85040000,80696
2023-07-10,13.58000000,13.85000000,13.16000000,13.39000000,2544390.52000000,34077334.09580000,64781
2023-07-11,13.38000000,13.69000000,13.15000000,13.27000000,2000014.47000000,26835736.13270000,45060
2023-07-12,13.26000000,13.38000000,12.85000000,13.01000000,1755979.45000000,23093581.55900000,43712
2023-07-13,13.01000000,14.20000000,12.89000000,14.11000000,4270359.34000000,58829315.51960000,111528
2023-07-14,14.11000000,15.97000000,14.02000000,14.64000000,8887780.00000000,133732321.03940000,238392
2023-07-15,14.63000000,15.35000000,14.41000000,14.84000000,2332639.50000000,34756711.05490000,62878
2023-07-16,14.84000000,14.93000000,14.16000000,14.29000000,1645509.68000000,23976549.44650000,47309
2023-07-17,14.29000000,14.62000000,13.80000000,14.40000000,1862297.69000000,26478735.39840000,59849
2023-07-18,14.40000000,14.59000000,13.61000000,13.80000000,1504811.26000000,21020941.49970000,48799
2023-07-19,13.80000000,14.27000000,13.76000000,13.99000000,1249131.35000000,17493934.07330000,40351
2023-07-20,13.99000000,14.42000000,13.68000000,13.88000000,1776280.27000000,24927060.61390000,53861
2023-07-21,13.87000000,14.07000000,13.72000000,13.98000000,920020.15000000,12823598.72350000,29806
2023-07-22,13.98000000,14.05000000,13.29000000,13.53000000,911581.17000000,12494404.47240000,32806
2023-07-23,13.52000000,13.75000000,13.39000000,13.54000000,798875.26000000,10856342.74820000,24581
2023-07-24,13.54000000,13.60000000,12.77000000,13.11000000,1501733.40000000,19740644.23830000,46911
2023-07-25,13.11000000,13.55000000,13.04000000,13.33000000,1578349.70000000,20967809.31500000,45561
2023-07-26,13.34000000,13.47000000,13.08000000,13.27000000,1381301.05000000,18323120.10390000,39108
2023-07-27,13.27000000,13.43000000,13.02000000,13.15000000,898069.06000000,11889887.56640000,25892
2023-07-28,13.15000000,13.30000000,13.01000000,13.22000000,669907.99000000,8813905.30210000,18911
2023-07-29,13.23000000,13.30000000,13.15000000,13.23000000,306523.52000000,4053677.30450000,10340
2023-07-30,13.24000000,13.41000000,12.92000000,13.12000000,898388.07000000,11868363.08340000,26353
2023-07-31,13.12000000,13.42000000,12.69000000,12.82000000,1110757.24000000,14411803.43630000,31319
2023-08-01,12.81000000,12.90000000,12.40000000,12.89000000,1385072.75000000,17563963.07750000,37732
2023-08-02,12.89000000,12.96000000,12.42000000,12.55000000,1017575.22000000,12885950.60700000,26096
2023-08-03,12.54000000,12.64000000,12.36000000,12.44000000,956470.45000000,11964056.04990000,21045
2023-08-04,12.45000000,12.61000000,12.25000000,12.41000000,699345.21000000,8714283.25030000,19177
2023-08-05,12.41000000,12.45000000,12.29000000,12.45000000,412492.25000000,5094631.88720000,12624
2023-08-06,12.45000000,12.67000000,12.42000000,12.59000000,562034.72000000,7070093.87770000,17371
2023-08-07,12.60000000,12.77000000,12.20000000,12.47000000,1011365.55000000,12656414.96300000,27716
2023-08-08,12.46000000,12.81000000,12.38000000,12.68000000,1262794.87000000,15897607.25140000,28310
2023-08-09,12.69000000,12.81000000,12.50000000,12.62000000,824323.31000000,10432851.89510000,19305
2023-08-10,12.63000000,12.67000000,12.47000000,12.48000000,902127.87000000,11346922.85990000,19174
2023-08-11,12.49000000,12.55000000,12.35000000,12.44000000,499834.93000000,6228259.44910000,14667
2023-08-12,12.44000000,12.49000000,12.35000000,12.39000000,316232.47000000,3932764.43540000,10091
2023-08-13,12.40000000,12.43000000,12.20000000,12.27000000,504796.73000000,6222172.62670000,16005
2023-08-14,12.27000000,12.46000000,12.15000000,12.37000000,698660.88000000,8622920.07510000,16899
2023-08-15,12.37000000,12.38000000,11.29000000,11.83000000,1220493.22000000,14487265.87420000,36459
2023-08-16,11.83000000,11.87000000,11.07000000,11.38000000,1453581.04000000,16644155.38130000,34681
2023-08-17,11.39000000,11.51000000,9.99000000,10.57000000,2153968.62000000,23524130.39800000,74171
2023-08-18,10.58000000,11.00000000,10.53000000,10.81000000,1456015.19000000,15673309.16010000,41733
2023-08-19,10.80000000,10.89000000,10.56000000,10.81000000,867573.99000000,9298433.78910000,25340
2023-08-20,10.81000000,10.93000000,10.74000000,10.86000000,444700.39000000,4821467.43070000,13277
2023-08-21,10.87000000,10.87000000,10.15000000,10.36000000,1327961.76000000,13924624.17420000,32945
2023-08-22,10.36000000,10.38000000,9.71000000,10.15000000,1950280.84000000,19557510.32400000,49590
2023-08-23,10.15000000,10.47000000,10.06000000,10.33000000,1041985.33000000,10695625.25400000,24904
2023-08-24,10.34000000,10.36000000,9.98000000,10.12000000,907479.29000000,9242636.25700000,22304
2023-08-25,10.12000000,10.13000000,9.89000000,10.04000000,1276333.67000000,12774553.38630000,25169
2023-08-26,10.05000000,10.13000000,10.01000000,10.09000000,400362.23000000,4023014.45720000,10171
2023-08-27,10.10000000,10.28000000,10.07000000,10.20000000,542549.14000000,5522445.75500000,15676
2023-08-28,10.21000000,10.45000000,9.91000000,10.37000000,1100627.11000000,11229118.62640000,25981
2023-08-29,10.37000000,11.21000000,10.33000000,10.81000000,2530985.01000000,27221388.39160000,54342
2023-08-30,10.81000000,10.83000000,10.33000000,10.41000000,1031201.84000000,10853711.20180000,22924
2023-08-31,10.40000000,10.55000000,9.82000000,9.98000000,1826854.02000000,18629391.42890000,39176
2023-09-01,9.98000000,10.07000000,9.75000000,9.92000000,947344.83000000,9409995.81460000,23410
2023-09-02,9.92000000,9.97000000,9.76000000,9.92000000,504146.54000000,4977252.68140000,13587
2023-09-03,9.92000000,9.99000000,9.83000000,9.88000000,412221.11000000,4083544.75080000,11101
2023-09-04,9.88000000,10.05000000,9.68000000,9.81000000,769303.74000000,7591881.03630000,17655
2023-09-05,9.81000000,9.97000000,9.65000000,9.91000000,726190.80000000,7150631.88540000,18119
2023-09-06,9.91000000,10.05000000,9.76000000,9.95000000,806313.46000000,7994375.23970000,21474
2023-09-07,9.94000000,10.14000000,9.83000000,10.10000000,675529.11000000,6742928.24180000,17514
2023-09-08,10.09000000,10.15000000,9.84000000,9.93000000,689024.96000000,6867950.73880000,20938
2023-09-09,9.92000000,9.93000000,9.83000000,9.84000000,320699.91000000,3168033.27430000,10055
2023-09-10,9.83000000,9.84000000,9.22000000,9.47000000,1644037.72000000,15670164.91090000,41834
2023-09-11,9.46000000,9.51000000,9.05000000,9.23000000,1436614.67000000,13294366.82920000,35317
2023-09-12,9.24000000,9.60000000,9.19000000,9.22000000,1493579.60000000,13987420.50250000,31625
2023-09-13,9.22000000,9.46000000,9.10000000,9.29000000,1166588.89000000,10786515.28330000,23445
2023-09-14,9.29000000,9.48000000,9.25000000,9.40000000,846740.43000000,7924634.80080000,19014
2023-09-15,9.40000000,9.52000000,9.18000000,9.43000000,1025374.07000000,9573822.69510000,24698
2023-09-16,9.42000000,9.61000000,9.36000000,9.38000000,874568.63000000,8286075.99790000,22672
2023-09-17,9.38000000,9.38000000,9.00000000,9.10000000,1030936.69000000,9464126.04040000,26302
2023-09-18,9.09000000,9.31000000,8.81000000,9.11000000,1649478.75000000,15039509.39690000,34528
2023-09-19,9.11000000,9.31000000,9.04000000,9.21000000,1104724.32000000,10158297.40510000,23358
2023-09-20,9.21000000,9.24000000,8.86000000,9.05000000,1653192.29000000,14962398.81640000,30560
2023-09-21,9.05000000,9.11000000,8.77000000,8.83000000,1429451.17000000,12728825.93740000,27498
2023-09-22,8.82000000,8.92000000,8.72000000,8.87000000,897556.95000000,7946370.07280000,18140
2023-09-23,8.86000000,8.99000000,8.83000000,8.90000000,639062.46000000,5690113.62030000,14917
2023-09-24,8.90000000,9.05000000,8.73000000,8.78000000,1047017.16000000,9350946.27140000,20512
2023-09-25,8.78000000,8.96000000,8.61000000,8.95000000,974057.28000000,8593306.07490000,20988
2023-09-26,8.95000000,9.07000000,8.85000000,9.04000000,934956.91000000,8396510.87140000,17458
2023-09-27,9.05000000,9.19000000,8.81000000,8.92000000,1223697.83000000,11022337.44030000,23938
2023-09-28,8.93000000,9.36000000,8.91000000,9.27000000,1399102.70000000,12849433.81970000,28271
2023-09-29,9.28000000,9.37000000,9.07000000,9.17000000,1405080.87000000,12951374.02630000,28995
2023-09-30,9.17000000,9.30000000,9.11000000,9.24000000,805999.91000000,7426692.73240000,17756
2023-10-01,9.23000000,9.83000000,9.21000000,9.75000000,1684642.75000000,16097594.59220000,41656
2023-10-02,9.75000000,9.84000000,9.15000000,9.31000000,1934866.84000000,18495035.24860000,46630
2023-10-03,9.32000000,9.48000000,9.23000000,9.42000000,1282164.09000000,11978781.87180000,29832
2023-10-04,9.42000000,10.30000000,9.11000000,10.10000000,3916501.71000000,38293715.73850000,93957
2023-10-05,10.10000000,10.35000000,9.81000000,10.14000000,3629799.18000000,36532955.23650000,85011
2023-10-06,10.14000000,10.83000000,10.12000000,10.66000000,3037211.24000000,32172091.24260000,78161
2023-10-07,10.66000000,11.88000000,10.24000000,10.35000000,5342085.38000000,57924804.91480000,141509
2023-10-08,10.34000000,10.54000000,9.95000000,10.09000000,1875461.06000000,19086610.95440000,46244
2023-10-09,10.08000000,10.09000000,9.28000000,9.54000000,2374413.48000000,22985755.45990000,55556
2023-10-10,9.54000000,9.86000000,9.42000000,9.53000000,1854748.33000000,17927684.10230000,39672
2023-10-11,9.52000000,9.57000000,9.20000000,9.30000000,1815554.11000000,16974322.81540000,38707
2023-10-12,9.31000000,9.32000000,8.88000000,9.12000000,2057336.14000000,18634129.50360000,39726
2023-10-13,9.11000000,9.35000000,9.00000000,9.15000000,1415530.31000000,12945986.50550000,24860
2023-10-14,9.15000000,9.25000000,9.11000000,9.15000000,469812.77000000,4315713.83030000,10774
2023-10-15,9.15000000,9.27000000,9.07000000,9.17000000,998932.66000000,9155281.38630000,17953
2023-10-16,9.18000000,9.83000000,9.17000000,9.40000000,2396526.73000000,22689861.62890000,45893
2023-10-17,9.40000000,9.42000000,9.01000000,9.10000000,2216404.32000000,20431008.11880000,32375
2023-10-18,9.11000000,9.21000000,8.84000000,8.91000000,1617532.29000000,14621349.49790000,27248
2023-10-19,8.90000000,9.12000000,8.65000000,9.06000000,1655127.66000000,14767586.75070000,29421
2023-10-20,9.06000000,9.39000000,9.02000000,9.22000000,1958799.09000000,18063925.61560000,35271
2023-10-21,9.22000000,9.81000000,9.17000000,9.63000000,2742101.15000000,26179121.61360000,47132
2023-10-22,9.64000000,10.09000000,9.53000000,10.09000000,3289863.42000000,32389794.70320000,63952
2023-10-23,10.09000000,10.68000000,9.86000000,10.58000000,5134792.10000000,52284004.23710000,102429
2023-10-24,10.59000000,10.80000000,10.06000000,10.32000000,4867065.26000000,50965791.90820000,115045
2023-10-25,10.33000000,10.64000000,10.17000000,10.52000000,2884290.26000000,30027487.28130000,64129
2023-10-26,10.52000000,11.47000000,10.37000000,11.05000000,6154843.18000000,67429642.02850000,136448
2023-10-27,11.05000000,11.07000000,10.38000000,10.59000000,2529788.17000000,27011630.08380000,60760
2023-10-28,10.60000000,11.09000000,10.55000000,10.97000000,2619953.67000000,28279625.70900000,50273
2023-10-29,10.97000000,11.44000000,10.77000000,11.37000000,2022533.88000000,22501237.26060000,49998
2023-10-30,11.38000000,11.69000000,11.06000000,11.46000000,2156521.47000000,24680292.28460000,61116
2023-10-31,11.46000000,11.76000000,11.00000000,11.33000000,3346450.77000000,38194204.72890000,76017
2023-11-01,11.32000000,12.33000000,10.88000000,12.23000000,4822225.84000000,55832780.59870000,121330
2023-11-02,12.23000000,12.55000000,11.43000000,11.88000000,4220621.92000000,50511911.47300000,107471
2023-11-03,11.88000000,12.19000000,11.43000000,12.11000000,2411690.33000000,28636907.03330000,73948
2023-11-04,12.12000000,12.33000000,11.92000000,12.22000000,1471832.59000000,17789371.17220000,45725
2023-11-05,12.21000000,12.67000000,12.10000000,12.35000000,2559244.68000000,31702779.99220000,72445
2023-11-06,12.34000000,13.17000000,12.24000000,13.08000000,2999305.97000000,38425106.56300000,88803
2023-11-07,13.07000000,13.10000000,12.29000000,12.81000000,2677547.02000000,34140867.40420000,87332
2023-11-08,12.80000000,13.15000000,12.66000000,12.99000000,2037125.60000000,26247567.73210000,60624
2023-11-09,12.98000000,13.96000000,11.90000000,12.96000000,6349228.52000000,83842388.03520000,188120
2023-11-10,12.97000000,14.85000000,12.88000000,14.74000000,7715255.48000000,106183310.08370000,228393
2023-11-11,14.75000000,17.00000000,13.99000000,16.79000000,10333477.54000000,159070608.38880000,341127
2023-11-12,16.80000000,19.73000000,15.87000000,18.98000000,12880795.74000000,233124323.44950000,533475
2023-11-13,18.98000000,19.75000000,16.10000000,16.12000000,9459851.54000000,167177315.27970000,350660
2023-11-14,16.12000000,18.10000000,15.56000000,17.05000000,10623733.95000000,181131673.61360000,385816
2023-11-15,17.05000000,20.95000000,17.01000000,20.70000000,14801379.20000000,287491439.82570000,589880
2023-11-16,20.69000000,24.07000000,20.23000000,21.71000000,17186161.77000000,386568923.68010000,884870
2023-11-17,21.71000000,24.69000000,20.00000000,21.94000000,15838526.82000000,353409409.68630000,745225
2023-11-18,21.94000000,22.69000000,20.17000000,21.99000000,6017391.55000000,129832291.48090000,296471
2023-11-19,22.00000000,23.04000000,20.75000000,22.85000000,5314132.45000000,115529303.95820000,244319
2023-11-20,22.84000000,23.25000000,20.71000000,20.85000000,5827146.19000000,128538901.97270000,270078
2023-11-21,20.86000000,22.29000000,18.90000000,19.02000000,11207307.49000000,233043114.47640000,495393
2023-11-22,19.02000000,21.25000000,18.96000000,20.78000000,6214364.77000000,125310912.97060000,223618
2023-11-23,20.79000000,21.49000000,20.42000000,20.64000000,3128091.29000000,65344795.49770000,128043
2023-11-24,20.64000000,21.88000000,20.45000000,20.89000000,3692026.02000000,77975012.70990000,155030
2023-11-25,20.89000000,21.48000000,20.63000000,21.36000000,2069224.51000000,43652173.50750000,84669
2023-11-26,21.36000000,21.52000000,20.10000000,21.06000000,2825385.24000000,59237018.82430000,119899
2023-11-27,21.07000000,21.30000000,19.82000000,20.35000000,2994013.72000000,61234389.44280000,120145
2023-11-28,20.36000000,20.86000000,19.47000000,20.68000000,3188388.54000000,64763035.14200000,114657
2023-11-29,20.69000000,21.56000000,20.55000000,21.12000000,3710793.82000000,78187215.84220000,128472
2023-11-30,21.12000000,21.50000000,20.81000000,21.39000000,2759264.75000000,58399634.03710000,103529
2023-12-01,21.40000000,22.64000000,21.10000000,21.87000000,4149300.78000000,91827588.21740000,158212
2023-12-02,21.86000000,22.45000000,21.75000000,22.24000000,2115296.06000000,46717861.22670000,76423
2023-12-03,22.24000000,22.74000000,21.59000000,21.94000000,2457069.20000000,54187429.41280000,95393
2023-12-04,21.94000000,23.20000000,20.56000000,22.68000000,5307454.35000000,117438240.46180000,227104
2023-12-05,22.67000000,24.83000000,21.81000000,24.54000000,6173878.71000000,143298771.34360000,286752
2023-12-06,24.54000000,27.68000000,24.45000000,26.20000000,10747936.78000000,281995542.98520000,542675
2023-12-07,26.20000000,27.90000000,25.71000000,26.28000000,7035602.62000000,187854395.83520000,349877
2023-12-08,26.28000000,30.80000000,26.03000000,30.44000000,8000503.43000000,225203648.10760000,372186
2023-12-09,30.44000000,34.26000000,30.44000000,31.91000000,10263975.20000000,332719137.46580000,554857
2023-12-10,31.91000000,37.99000000,31.52000000,37.14000000,9029970.15000000,311306219.80570000,517411
2023-12-11,37.14000000,39.39000000,31.60000000,38.04000000,17625128.99000000,636025432.12220000,1094438
2023-12-12,38.04000000,42.89000000,36.00000000,37.49000000,12429466.44000000,493046908.66930000,789661
2023-12-13,37.49000000,41.47000000,34.02000000,38.99000000,11810098.40000000,447891593.75200000,677167
2023-12-14,38.98000000,40.34000000,36.51000000,39.30000000,7164273.35000000,277752335.22590000,419683
2023-12-15,39.29000000,42.27000000,38.52000000,39.71000000,8958206.04000000,361849206.99140000,570649
2023-12-16,39.72000000,45.33000000,38.50000000,42.22000000,8705680.65000000,371395389.56340000,585061
2023-12-17,42.23000000,44.06000000,40.28000000,40.62000000,4937788.07000000,208149662.11940000,349588
2023-12-18,40.62000000,41.44000000,36.50000000,41.16000000,6850358.50000000,268766460.25560000,421847
2023-12-19,41.15000000,42.17000000,38.73000000,39.74000000,4755734.07000000,192934937.91260000,300526
2023-12-20,39.73000000,44.49000000,39.08000000,43.46000000,6459700.84000000,274642781.08890000,431865
2023-12-21,43.46000000,47.38000000,43.06000000,45.97000000,7253794.87000000,328793781.96480000,501069
2023-12-22,45.96000000,48.88000000,43.66000000,45.35000000,6546935.03000000,301992614.48290000,492508
2023-12-23,45.35000000,48.27000000,43.34000000,48.05000000,4660235.64000000,211931808.80440000,304844
2023-12-24,48.04000000,49.96000000,46.32000000,47.68000000,6410094.86000000,306550236.14120000,467138
2023-12-25,47.68000000,48.90000000,45.94000000,48.18000000,4146186.27000000,197044393.30150000,281206
2023-12-26,48.18000000,48.35000000,40.53000000,44.41000000,4773394.73000000,215972199.47330000,344947
2023-12-27,44.41000000,44.95000000,41.87000000,42.39000000,4199478.73000000,181963479.03210000,289382
2023-12-28,42.40000000,43.39000000,39.23000000,39.80000000,5049991.19000000,206543476.75540000,341277
2023-12-29,39.80000000,42.15000000,38.50000000,40.18000000,5054515.59000000,205177566.47110000,304590
2023-12-30,40.18000000,40.36000000,38.15000000,39.33000000,2217519.52000000,87475649.37590000,145795
2023-12-31,39.33000000,40.55000000,37.51000000,38.55000000,2208181.77000000,87260271.43290000,149718
2024-01-01,38.57000000,42.00000000,38.00000000,41.94000000,2734126.31000000,109336068.27520000,160645
2024-01-02,41.95000000,43.44000000,40.31000000,40.61000000,3642001.26000000,152881602.45290000,231180
2024-01-03,40.61000000,41.43000000,33.06000000,36.80000000,6289630.67000000,235808452.79710000,419264
2024-01-04,36.79000000,39.45000000,36.07000000,38.72000000,3541865.71000000,134629036.81370000,205791
2024-01-05,38.72000000,38.91000000,35.00000000,36.46000000,3385914.09000000,123863570.23480000,205391
2024-01-06,36.46000000,36.51000000,33.42000000,34.61000000,2367153.87000000,82136611.39570000,140623
2024-01-07,34.62000000,35.78000000,33.08000000,33.64000000,2727132.92000000,94797296.68740000,152259
2024-01-08,33.65000000,36.46000000,31.12000000,36.08000000,5416852.99000000,183891701.83090000,301153
2024-01-09,36.08000000,37.60000000,33.78000000,34.65000000,4305952.25000000,153866821.88300000,279585
2024-01-10,34.64000000,39.55000000,33.32000000,38.53000000,4360929.64000000,156681131.74590000,271878
2024-01-11,38.54000000,41.85000000,37.54000000,39.29000000,5071643.06000000,200053618.72250000,345045
2024-01-12,39.29000000,39.59000000,34.34000000,35.93000000,3189656.48000000,119413535.18550000,236120
2024-01-13,35.93000000,36.63000000,34.70000000,36.49000000,1741500.31000000,62472543.15890000,118798
2024-01-14,36.48000000,37.86000000,35.28000000,35.29000000,2179493.62000000,79754495.88940000,155839
2024-01-15,35.28000000,36.81000000,35.16000000,35.61000000,1568139.13000000,56483453.14150000,115039
2024-01-16,35.60000000,36.54000000,34.74000000,35.57000000,1813027.08000000,64853795.11330000,116171
2024-01-17,35.58000000,36.51000000,35.25000000,36.06000000,2106057.31000000,75831603.86870000,124471
2024-01-18,36.07000000,36.19000000,32.72000000,33.59000000,2528256.10000000,87012674.83340000,142140
2024-01-19,33.59000000,33.75000000,31.18000000,32.73000000,2406347.38000000,78517635.83570000,135775
2024-01-20,32.74000000,32.99000000,32.03000000,32.89000000,1224130.01000000,39872607.79680000,62831
2024-01-21,32.87000000,33.50000000,32.45000000,32.54000000,1038127.76000000,34299280.47130000,61407
2024-01-22,32.54000000,32.74000000,29.32000000,29.53000000,3467720.04000000,107101920.97230000,166244
2024-01-23,29.53000000,30.88000000,27.24000000,30.63000000,4731522.21000000,136439933.49590000,212713
2024-01-24,30.64000000,31.91000000,29.49000000,31.20000000,3391798.91000000,104263442.80630000,160785
2024-01-25,31.19000000,31.36000000,29.61000000,30.51000000,2064388.45000000,62623570.06280000,114383
2024-01-26,30.51000000,33.11000000,30.12000000,32.26000000,2655940.67000000,84623777.37370000,140686
2024-01-27,32.26000000,33.32000000,31.85000000,33.28000000,1194938.73000000,38915351.91550000,72926
2024-01-28,33.29000000,36.72000000,33.19000000,34.82000000,4440497.00000000,157564050.23100000,244070
2024-01-29,34.83000000,36.55000000,34.34000000,36.06000000,3030189.03000000,107431891.17200000,169228
2024-01-30,36.07000000,37.15000000,35.00000000,35.22000000,2959029.15000000,106967388.28510000,169147
2024-01-31,35.23000000,35.50000000,33.13000000,33.17000000,2629653.91000000,90998502.27800000,157782
2024-02-01,33.18000000,33.97000000,32.30000000,33.85000000,2100203.11000000,69850053.08530000,121332
2024-02-02,33.87000000,36.94000000,33.76000000,36.76000000,3620321.22000000,129263139.97560000,186691
2024-02-03,36.76000000,37.60000000,35.40000000,35.95000000,1968125.41000000,71345861.01390000,112271
2024-02-04,35.96000000,36.53000000,34.68000000,34.87000000,1546090.99000000,55027209.62820000,84999
2024-02-05,34.86000000,35.92000000,34.11000000,34.55000000,2069405.65000000,72413861.00350000,100623
2024-02-06,34.55000000,34.75000000,33.72000000,34.16000000,1814138.17000000,62009663.59490000,81431
2024-02-07,34.16000000,35.50000000,33.65000000,35.28000000,2098188.17000000,73067917.61890000,89161
2024-02-08,35.28000000,36.15000000,35.08000000,35.42000000,2450459.44000000,87019169.57200000,109683
2024-02-09,35.43000000,38.61000000,35.41000000,38.00000000,4106859.37000000,152502318.21920000,184525
2024-02-10,38.00000000,41.24000000,38.00000000,40.20000000,3494637.43000000,138026385.26980000,197281
2024-02-11,40.20000000,41.20000000,39.33000000,39.72000000,2087708.31000000,83925949.11240000,122058
2024-02-12,39.73000000,41.18000000,38.38000000,40.97000000,4287581.66000000,170721445.51890000,200787
2024-02-13,40.96000000,41.70000000,38.88000000,39.74000000,3441748.25000000,138973220.81960000,184014
2024-02-14,39.73000000,42.42000000,39.10000000,42.22000000,3949578.16000000,162922260.72940000,195370
2024-02-15,42.23000000,43.60000000,40.84000000,41.55000000,3666472.28000000,154895019.49350000,205233
2024-02-16,41.54000000,41.81000000,39.41000000,40.26000000,2493109.32000000,101322784.79270000,149655
2024-02-17,40.25000000,40.47000000,38.38000000,39.76000000,1859591.84000000,73476733.99870000,97184
2024-02-18,39.75000000,40.75000000,38.97000000,40.29000000,1612326.72000000,64625056.91960000,92429
2024-02-19,40.29000000,40.64000000,39.11000000,39.51000000,2680806.50000000,106838681.11960000,138230
2024-02-20,39.51000000,39.72000000,36.84000000,38.49000000,3285660.95000000,126250607.26160000,170700
2024-02-21,38.50000000,38.55000000,35.90000000,37.61000000,2338956.78000000,86455737.69330000,119650
2024-02-22,37.60000000,38.22000000,36.52000000,36.78000000,1867725.13000000,69690461.63450000,105007
2024-02-23,36.77000000,36.96000000,35.14000000,35.92000000,2257491.88000000,81642670.30180000,118662
2024-02-24,35.91000000,36.95000000,35.20000000,36.76000000,1363828.68000000,49567366.35070000,75714
2024-02-25,36.76000000,37.49000000,36.42000000,37.46000000,1434112.18000000,52961284.93520000,74953
2024-02-26,37.46000000,39.35000000,36.28000000,39.29000000,2919488.80000000,110880743.61140000,149261
2024-02-27,39.29000000,39.94000000,38.31000000,39.26000000,2163692.33000000,84965291.77470000,129655
2024-02-28,39.25000000,41.30000000,36.20000000,40.33000000,5048286.26000000,199681257.95410000,331180
2024-02-29,40.33000000,44.65000000,39.59000000,40.97000000,5668569.24000000,240248455.96030000,410286
2024-03-01,40.98000000,43.37000000,40.98000000,42.67000000,3451947.63000000,145794882.90880000,218248
2024-03-02,42.68000000,44.58000000,41.95000000,44.35000000,3750371.17000000,161061187.01290000,222528
2024-03-03,44.35000000,44.89000000,40.35000000,42.58000000,3292222.38000000,141173893.63210000,225814
2024-03-04,42.59000000,43.99000000,41.42000000,43.08000000,4856334.08000000,208220180.69850000,310855
2024-03-05,43.09000000,45.18000000,34.83000000,39.43000000,9520539.61000000,393662488.66560000,646234
2024-03-06,39.42000000,42.14000000,37.90000000,41.56000000,4232399.84000000,170395711.45540000,266695
2024-03-07,41.56000000,44.50000000,41.55000000,43.20000000,4954173.81000000,214071326.40930000,318278
2024-03-08,43.20000000,43.96000000,41.09000000,42.61000000,3926241.42000000,167931924.50180000,246965
2024-03-09,42.62000000,43.54000000,42.33000000,42.92000000,2418252.27000000,103820937.72420000,138282
2024-03-10,42.92000000,43.93000000,40.89000000,42.05000000,2834035.29000000,120671794.46630000,166151
2024-03-11,42.04000000,49.56000000,40.01000000,49.09000000,8911493.52000000,409472577.09860000,563794
2024-03-12,49.09000000,57.36000000,46.34000000,55.48000000,12915245.00000000,668918266.42060000,1023325
2024-03-13,55.48000000,55.52000000,52.20000000,54.79000000,5785825.53000000,312228136.66040000,471263
2024-03-14,54.79000000,59.28000000,50.46000000,53.95000000,7732957.59000000,427385035.77650000,655742
2024-03-15,53.95000000,59.00000000,48.30000000,58.36000000,11735553.58000000,636414805.63400000,999017
2024-03-16,58.36000000,61.46000000,52.00000000,53.44000000,9615415.71000000,549894204.41900000,803907
2024-03-17,53.44000000,58.50000000,50.05000000,58.45000000,6421648.71000000,352408551.08940000,515350
2024-03-18,58.44000000,65.39000000,55.26000000,60.65000000,11907328.03000000,735077808.72960000,1075890
2024-03-19,60.64000000,61.95000000,53.16000000,53.63000000,12376814.57000000,717161181.61600000,1109180
2024-03-20,53.62000000,58.15000000,50.42000000,57.06000000,9552672.65000000,510854815.88580000,772785
2024-03-21,57.05000000,57.87000000,52.76000000,53.82000000,4920044.95000000,270643944.25920000,433991
2024-03-22,53.83000000,57.80000000,51.63000000,53.44000000,5691573.77000000,310739153.21660000,490639
2024-03-23,53.44000000,55.98000000,52.60000000,53.45000000,2791760.71000000,151858218.49950000,238466
2024-03-24,53.45000000,55.82000000,52.43000000,55.68000000,2317592.73000000,125020868.10120000,200005
2024-03-25,55.69000000,59.19000000,54.94000000,57.76000000,3814842.59000000,219010109.68450000,317439
2024-03-26,57.75000000,60.00000000,55.33000000,55.78000000,3466292.41000000,198542241.17750000,296813
2024-03-27,55.79000000,56.72000000,52.50000000,54.10000000,3233550.45000000,176643631.99440000,261268
2024-03-28,54.10000000,55.05000000,53.18000000,54.63000000,1684510.45000000,91542489.91230000,154367
2024-03-29,54.62000000,54.65000000,52.52000000,53.33000000,1637003.96000000,87644369.35650000,162699
2024-03-30,53.32000000,54.63000000,52.76000000,52.93000000,1334954.82000000,71782958.38160000,136246
2024-03-31,52.92000000,54.28000000,52.87000000,54.06000000,1203818.27000000,64607779.01590000,108433
2024-04-01,54.06000000,54.14000000,50.26000000,51.38000000,3011378.87000000,156553860.93610000,251520
2024-04-02,51.38000000,51.38000000,46.29000000,46.86000000,3239791.28000000,154830432.93590000,276823
2024-04-03,46.87000000,48.32000000,44.97000000,45.89000000,2363000.86000000,110514330.33070000,188692
2024-04-04,45.89000000,48.16000000,45.42000000,46.50000000,1760856.23000000,82468190.23370000,130664
2024-04-05,46.50000000,46.59000000,43.77000000,45.30000000,1789208.04000000,80710237.74410000,136014
2024-04-06,45.30000000,48.98000000,45.05000000,48.19000000,2043537.32000000,96766131.29040000,150525
2024-04-07,48.19000000,49.51000000,47.89000000,49.32000000,1194623.63000000,58052626.93380000,91725
2024-04-08,49.33000000,50.81000000,48.25000000,49.86000000,1875605.09000000,93243385.78850000,145325
2024-04-09,49.87000000,49.96000000,46.35000000,46.47000000,1749477.03000000,84177485.45310000,128360
2024-04-10,46.47000000,48.01000000,45.07000000,47.30000000,2250167.70000000,105377413.68430000,184423
2024-04-11,47.30000000,47.50000000,45.59000000,46.01000000,1481848.10000000,68799759.50260000,119415
2024-04-12,46.02000000,46.88000000,36.00000000,39.34000000,4679039.33000000,189778464.97310000,366310
2024-04-13,39.34000000,39.35000000,29.24000000,33.89000000,8362401.51000000,287382772.21560000,563720
2024-04-14,33.90000000,37.91000000,32.64000000,37.27000000,5518136.95000000,195815295.57170000,363407
2024-04-15,37.27000000,38.61000000,34.09000000,35.16000000,4953905.89000000,181182661.63170000,323779
2024-04-16,35.16000000,35.91000000,32.70000000,34.76000000,3313166.78000000,113739884.01860000,235639
2024-04-17,34.75000000,35.36000000,32.23000000,33.58000000,3016090.08000000,102621089.25080000,218134
2024-04-18,33.58000000,35.61000000,32.80000000,34.85000000,2688659.01000000,92539554.37440000,195266
2024-04-19,34.84000000,36.14000000,31.92000000,34.67000000,3273162.24000000,112889750.93770000,216931
2024-04-20,34.66000000,38.49000000,34.12000000,38.31000000,1920545.62000000,69728770.22620000,142619
2024-04-21,38.31000000,38.77000000,36.35000000,37.15000000,1574355.22000000,59028643.46370000,104016
2024-04-22,37.14000000,39.72000000,36.75000000,39.19000000,1818594.75000000,70413028.09850000,141631
2024-04-23,39.18000000,39.92000000,37.98000000,38.30000000,1435816.55000000,55564423.53310000,106515
2024-04-24,38.30000000,39.84000000,36.02000000,36.37000000,2306966.50000000,87499076.50490000,163223
2024-04-25,36.37000000,36.75000000,34.70000000,35.59000000,2133979.93000000,75984595.74830000,133350
2024-04-26,35.59000000,35.88000000,34.27000000,34.42000000,1641347.49000000,57796224.89620000,90854
2024-04-27,34.43000000,35.13000000,33.08000000,34.47000000,1810409.95000000,61815567.02870000,98299
2024-04-28,34.47000000,35.39000000,33.80000000,33.95000000,1251390.90000000,43507285.11600000,67524
2024-04-29,33.95000000,35.88000000,32.84000000,35.28000000,2258794.34000000,77198606.24640000,127634
2024-04-30,35.29000000,35.73000000,31.92000000,32.71000000,2815332.30000000,93852030.79490000,153960
2024-05-01,32.71000000,34.00000000,30.26000000,33.33000000,3380517.89000000,108925079.83470000,186008
2024-05-02,33.33000000,34.13000000,32.30000000,33.58000000,1703436.21000000,56848906.04510000,97831
2024-05-03,33.57000000,36.13000000,33.30000000,35.54000000,1553343.97000000,53837533.69250000,91459
2024-05-04,35.55000000,37.68000000,35.18000000,37.36000000,1920904.84000000,69719212.22340000,116976
2024-05-05,37.36000000,38.01000000,36.60000000,37.35000000,1760586.91000000,65537437.85770000,117502
2024-05-06,37.35000000,39.87000000,36.78000000,37.11000000,2933511.56000000,111834033.51090000,184111
2024-05-07,37.12000000,37.60000000,35.27000000,35.31000000,1852417.36000000,67921942.22240000,110319
2024-05-08,35.31000000,35.50000000,33.62000000,34.02000000,2157691.01000000,74538366.50020000,126565
2024-05-09,34.02000000,35.38000000,33.73000000,35.07000000,1576030.39000000,54170713.06900000,96262
2024-05-10,35.07000000,36.12000000,33.23000000,33.71000000,2261922.59000000,78617666.39080000,127159
2024-05-11,33.71000000,34.04000000,33.06000000,33.49000000,1182903.00000000,39737059.97580000,64666
2024-05-12,33.49000000,34.00000000,32.78000000,33.14000000,688258.16000000,23080898.46860000,46622
2024-05-13,33.14000000,33.82000000,31.93000000,32.46000000,2038043.28000000,67252363.28800000,104801
2024-05-14,32.46000000,33.34000000,31.48000000,31.58000000,1769809.13000000,57193264.90230000,88674
2024-05-15,31.58000000,34.79000000,31.35000000,34.66000000,2196525.74000000,73696952.44860000,111021
2024-05-16,34.66000000,35.01000000,33.75000000,34.46000000,1449092.77000000,49891095.65220000,77062
2024-05-17,34.45000000,37.59000000,34.26000000,36.43000000,2207393.25000000,80374559.89830000,118166
2024-05-18,36.43000000,37.66000000,36.34000000,37.24000000,1211992.75000000,45083811.82690000,83473
2024-05-19,37.23000000,37.76000000,35.37000000,35.60000000,1108974.49000000,40393050.16410000,71979
2024-05-20,35.60000000,40.35000000,35.15000000,40.13000000,2853777.98000000,107147027.40220000,169707
2024-05-21,40.13000000,41.42000000,39.66000000,41.20000000,3039403.61000000,123442698.74880000,186669
2024-05-22,41.19000000,41.80000000,39.19000000,40.00000000,2116832.47000000,85499874.05300000,133765
2024-05-23,40.01000000,40.47000000,36.37000000,38.52000000,3125908.90000000,120639334.92630000,204625
2024-05-24,38.52000000,39.00000000,36.91000000,38.01000000,1363527.65000000,51852303.83840000,85102
2024-05-25,38.01000000,38.72000000,37.71000000,38.28000000,735441.75000000,28064975.97830000,55470
2024-05-26,38.28000000,38.31000000,36.46000000,36.76000000,892477.39000000,33232783.77000000,60033
2024-05-27,36.76000000,38.95000000,36.65000000,38.26000000,1355234.36000000,51245768.08040000,84190
2024-05-28,38.27000000,38.40000000,36.53000000,37.02000000,1944227.48000000,72192289.80090000,116033
2024-05-29,37.02000000,37.50000000,36.14000000,36.20000000,1410140.99000000,51945591.12980000,80252
2024-05-30,36.20000000,37.09000000,35.30000000,35.98000000,1589093.30000000,57807071.27830000,91372
2024-05-31,35.98000000,36.79000000,35.20000000,36.02000000,1109882.27000000,39991001.99670000,66256
2024-06-01,36.04000000,36.22000000,35.70000000,35.76000000,480351.19000000,17298006.53760000,39651
2024-06-02,35.76000000,36.18000000,34.77000000,34.91000000,948549.12000000,33668426.94070000,61891
2024-06-03,34.91000000,36.27000000,34.56000000,35.03000000,1502543.10000000,53465616.59720000,72442
2024-06-04,35.03000000,36.29000000,34.41000000,36.06000000,1295062.99000000,45713111.83790000,69977
2024-06-05,36.07000000,36.91000000,35.93000000,36.57000000,1320551.18000000,48026610.50660000,67320
2024-06-06,36.58000000,37.20000000,35.72000000,35.89000000,1130097.72000000,41245262.01840000,61706
2024-06-07,35.89000000,36.89000000,30.90000000,33.51000000,2946397.48000000,100663704.73750000,192205
2024-06-08,33.51000000,33.73000000,31.92000000,32.27000000,1168309.91000000,38304804.58550000,70890
2024-06-09,32.27000000,33.02000000,32.04000000,32.98000000,601496.64000000,19536741.67050000,38266
2024-06-10,32.99000000,33.47000000,32.02000000,32.28000000,1131273.21000000,36937712.15570000,54310
2024-06-11,32.28000000,32.38000000,30.59000000,31.55000000,1847318.93000000,58507811.98310000,93585
2024-06-12,31.56000000,33.99000000,30.79000000,33.27000000,1877715.47000000,61655997.15700000,114337
2024-06-13,33.27000000,33.44000000,30.92000000,30.99000000,1377426.40000000,44157110.41070000,81703
2024-06-14,31.00000000,32.21000000,29.29000000,30.29000000,2200667.62000000,67446270.91290000,124209
2024-06-15,30.29000000,30.65000000,29.91000000,30.01000000,647613.47000000,19579437.52710000,38864
2024-06-16,30.01000000,30.48000000,29.66000000,30.08000000,951476.40000000,28573651.37260000,59103
2024-06-17,30.07000000,30.35000000,27.29000000,28.47000000,1975971.78000000,56802836.11040000,104131
2024-06-18,28.47000000,28.54000000,24.94000000,26.60000000,2809030.18000000,73954733.24370000,155571
2024-06-19,26.60000000,27.67000000,26.38000000,26.94000000,1296859.97000000,35174949.16020000,69756
2024-06-20,26.95000000,28.89000000,26.67000000,27.58000000,1873349.75000000,51810644.17320000,93877
2024-06-21,27.58000000,28.03000000,26.93000000,27.48000000,1411878.18000000,38909264.31930000,74118
2024-06-22,27.48000000,27.50000000,24.52000000,25.61000000,3754180.61000000,96219307.81660000,233449
2024-06-23,25.62000000,26.15000000,24.12000000,25.09000000,2992605.46000000,74742374.20280000,148185
2024-06-24,25.08000000,25.25000000,23.51000000,24.80000000,3210819.75000000,78337741.24750000,151050
2024-06-25,24.79000000,25.79000000,24.58000000,25.40000000,1484143.35000000,37456242.45560000,73693
2024-06-26,25.40000000,26.66000000,25.28000000,25.82000000,2304629.01000000,59795467.94100000,99211
2024-06-27,25.82000000,28.38000000,25.36000000,27.91000000,2306236.79000000,62280204.56500000,111616
2024-06-28,27.91000000,29.09000000,27.66000000,27.96000000,2075840.60000000,58730860.74560000,111704
2024-06-29,27.96000000,28.68000000,27.57000000,27.76000000,1083357.00000000,30477482.76180000,56658
2024-06-30,27.77000000,29.57000000,27.40000000,29.36000000,1537329.37000000,43687945.32380000,91155
2024-07-01,29.36000000,30.12000000,28.81000000,28.83000000,1691942.47000000,50168618.60360000,106466
2024-07-02,28.83000000,28.91000000,28.09000000,28.71000000,1535912.34000000,43714512.60250000,82902
2024-07-03,28.72000000,28.97000000,26.43000000,26.51000000,2084008.75000000,57083893.42530000,116249
2024-07-04,26.51000000,26.70000000,24.28000000,24.44000000,2122362.53000000,54238577.75260000,116464
2024-07-05,24.43000000,25.44000000,21.80000000,25.13000000,4416833.20000000,104088829.61590000,235885
2024-07-06,25.13000000,27.61000000,24.84000000,27.41000000,1273710.29000000,33193537.63490000,85481
2024-07-07,27.41000000,27.49000000,25.46000000,25.75000000,1523225.99000000,40061548.53450000,100515
2024-07-08,25.75000000,27.21000000,24.53000000,25.21000000,3013924.84000000,78064237.49120000,174853
2024-07-09,25.21000000,26.50000000,24.71000000,26.43000000,2301249.16000000,58903183.49730000,120415
2024-07-10,26.43000000,27.42000000,25.63000000,25.75000000,1444884.87000000,38399327.97630000,97645
2024-07-11,25.75000000,26.38000000,25.01000000,25.21000000,2064310.70000000,52941820.68210000,125177
2024-07-12,25.19000000,26.10000000,24.82000000,25.96000000,1236543.80000000,31475282.67950000,79061
2024-07-13,25.97000000,26.34000000,25.53000000,25.86000000,1755388.94000000,45491281.93590000,107690
2024-07-14,25.85000000,26.67000000,25.60000000,26.35000000,1493849.24000000,38925850.49960000,91034
2024-07-15,26.35000000,27.89000000,26.27000000,27.82000000,2252819.90000000,60995475.21530000,146787
2024-07-16,27.83000000,29.25000000,26.47000000,28.01000000,2956440.06000000,82273401.70240000,203215
2024-07-17,28.01000000,29.03000000,27.21000000,27.24000000,2275728.47000000,64203078.29200000,146080
2024-07-18,27.24000000,27.94000000,26.59000000,27.14000000,1688798.14000000,46231790.19610000,101322
2024-07-19,27.13000000,28.41000000,26.65000000,28.16000000,2176432.94000000,59868083.94650000,112146
2024-07-20,28.17000000,29.18000000,27.78000000,29.11000000,1467397.44000000,41756067.04320000,81374
2024-07-21,29.10000000,33.00000000,28.54000000,32.64000000,4881628.18000000,149864559.63750000,322402
2024-07-22,32.64000000,32.95000000,31.32000000,31.87000000,2823413.40000000,90737040.37860000,207046
2024-07-23,31.87000000,32.63000000,29.43000000,29.82000000,2989620.04000000,91559187.20200000,199956
2024-07-24,29.82000000,30.55000000,28.26000000,28.38000000,2813233.19000000,82729476.27320000,198571
2024-07-25,28.37000000,28.59000000,26.26000000,27.24000000,2457846.44000000,67018304.04810000,170650
2024-07-26,27.23000000,28.93000000,27.17000000,28.72000000,2103180.06000000,59215084.02210000,131944
2024-07-27,28.73000000,29.52000000,27.59000000,28.04000000,1595083.64000000,45551954.80350000,113472
2024-07-28,28.04000000,28.17000000,27.10000000,27.40000000,955992.62000000,26343950.08450000,73432
2024-07-29,27.39000000,28.86000000,26.96000000,27.01000000,2335986.83000000,65430675.01450000,144348
2024-07-30,27.01000000,27.32000000,26.03000000,26.33000000,1375203.85000000,36860292.96840000,94873
2024-07-31,26.32000000,26.87000000,25.44000000,25.70000000,1930480.93000000,50588227.54100000,128138
2024-08-01,25.70000000,25.92000000,24.01000000,25.71000000,1979230.94000000,49488078.45280000,137581
2024-08-02,25.71000000,25.91000000,23.35000000,23.60000000,2234805.73000000,54604667.84360000,170351
2024-08-03,23.60000000,24.15000000,22.20000000,22.67000000,1850832.83000000,42969793.94170000,123914
2024-08-04,22.68000000,22.96000000,20.58000000,21.25000000,2081859.37000000,45338300.75480000,116384
2024-08-05,21.26000000,21.38000000,17.29000000,19.54000000,9670531.58000000,182450243.82810000,471497
2024-08-06,19.54000000,21.46000000,19.51000000,20.89000000,2687249.82000000,55749283.57020000,148054
2024-08-07,20.88000000,21.70000000,19.71000000,19.85000000,2185632.53000000,45248760.45470000,130283
2024-08-08,19.86000000,22.80000000,19.52000000,22.73000000,2398279.56000000,51022188.49700000,133218
2024-08-09,22.73000000,22.80000000,21.29000000,21.74000000,1708499.52000000,37226098.66350000,110759
2024-08-10,21.75000000,22.05000000,21.40000000,21.59000000,829812.48000000,17996461.18320000,54711
2024-08-11,21.59000000,22.37000000,20.39000000,20.40000000,1316532.04000000,28180519.50600000,90996
2024-08-12,20.40000000,21.71000000,20.30000000,21.26000000,1828261.75000000,38548924.10000000,128574
2024-08-13,21.27000000,21.62000000,20.60000000,21.37000000,1369820.30000000,28945587.83750000,98570
2024-08-14,21.38000000,21.87000000,20.77000000,20.95000000,1239087.66000000,26415235.11380000,100440
2024-08-15,20.95000000,21.15000000,19.83000000,20.14000000,1891885.50000000,38908034.28390000,155579
2024-08-16,20.14000000,20.72000000,19.78000000,20.36000000,1292955.85000000,26208595.50550000,120230
2024-08-17,20.36000000,20.71000000,20.23000000,20.70000000,594996.70000000,12200550.15880000,55110
2024-08-18,20.70000000,21.51000000,20.55000000,20.82000000,1080288.16000000,22734942.92130000,101615
2024-08-19,20.83000000,21.25000000,20.38000000,21.21000000,1079897.76000000,22393421.53610000,102366
2024-08-20,21.22000000,22.79000000,21.16000000,22.26000000,2257515.64000000,49753996.61910000,187686
2024-08-21,22.26000000,23.80000000,22.25000000,23.53000000,2113314.06000000,48983823.40560000,232617
2024-08-22,23.53000000,25.35000000,23.05000000,25.22000000,2451735.12000000,59655170.69040000,250052
2024-08-23,25.22000000,27.01000000,25.22000000,26.49000000,3388980.56000000,89076545.45620000,407714
2024-08-24,26.50000000,28.00000000,26.19000000,27.11000000,2329717.63000000,63305812.60520000,226125
2024-08-25,27.12000000,27.68000000,26.13000000,26.92000000,2020535.79000000,54288884.54780000,184807
2024-08-26,26.93000000,27.20000000,25.89000000,25.94000000,1936106.29000000,51492936.01620000,191108
2024-08-27,25.94000000,26.81000000,23.66000000,24.09000000,2200225.10000000,55812661.75860000,239678
2024-08-28,24.08000000,24.84000000,23.19000000,23.45000000,2427017.83000000,58124609.63990000,278901
2024-08-29,23.44000000,24.68000000,22.78000000,22.89000000,1881922.74000000,44603570.26410000,194850
2024-08-30,22.90000000,23.64000000,22.18000000,23.29000000,1640828.47000000,37662456.76930000,169262
2024-08-31,23.29000000,23.40000000,22.47000000,22.81000000,731034.89000000,16773810.89130000,73223
2024-09-01,22.80000000,22.84000000,21.09000000,21.42000000,1701717.55000000,37609773.47160000,157166
2024-09-02,21.42000000,22.57000000,21.37000000,22.37000000,1213729.20000000,26745482.64140000,120149
2024-09-03,22.37000000,22.73000000,21.33000000,21.38000000,1165499.01000000,25694253.93130000,123463
2024-09-04,21.38000000,22.32000000,20.48000000,21.90000000,1783124.44000000,38361489.18730000,167192
2024-09-05,21.91000000,22.19000000,21.23000000,21.38000000,1130561.49000000,24485822.00760000,132169
2024-09-06,21.38000000,22.19000000,20.48000000,21.17000000,2491055.66000000,53194424.16700000,230492
2024-09-07,21.16000000,22.00000000,21.05000000,21.80000000,951544.49000000,20542367.17070000,78843
2024-09-08,21.80000000,23.52000000,21.71000000,23.25000000,1913376.33000000,43646473.90700000,170187
2024-09-09,23.25000000,24.44000000,23.14000000,23.84000000,2082195.37000000,49599865.70100000,206587
2024-09-10,23.85000000,24.59000000,23.57000000,24.36000000,1441227.33000000,34584566.54620000,140635
2024-09-11,24.36000000,24.52000000,22.87000000,23.28000000,1685272.65000000,39700927.91640000,176030
2024-09-12,23.28000000,24.10000000,23.27000000,24.02000000,1532687.18000000,36335837.15310000,147872
2024-09-13,24.02000000,25.10000000,23.66000000,24.91000000,1883781.59000000,45713745.91910000,178658
2024-09-14,24.91000000,25.66000000,24.61000000,25.32000000,1199130.86000000,30153730.38330000,127713
2024-09-15,25.33000000,25.38000000,23.64000000,23.80000000,1451892.29000000,35627441.53680000,147059
2024-09-16,23.80000000,24.24000000,23.22000000,23.52000000,1751162.34000000,41392391.91520000,171860
2024-09-17,23.52000000,24.49000000,23.16000000,23.77000000,1583225.80000000,37959235.77430000,157061
2024-09-18,23.78000000,24.73000000,22.79000000,24.68000000,2073720.90000000,48753644.39840000,176396
2024-09-19,24.70000000,26.79000000,24.69000000,26.66000000,2927349.19000000,76311005.46930000,307410
2024-09-20,26.67000000,28.80000000,26.48000000,27.67000000,3375743.30000000,93413291.53390000,362098
2024-09-21,27.67000000,28.13000000,26.99000000,27.79000000,1074371.17000000,29561950.86500000,152517
2024-09-22,27.79000000,27.80000000,26.45000000,27.29000000,1232505.34000000,33432679.69090000,163349
2024-09-23,27.30000000,28.18000000,26.56000000,27.39000000,2044240.42000000,56175373.39080000,221767
2024-09-24,27.39000000,28.55000000,26.84000000,28.46000000,1891613.31000000,52064639.40760000,236954
2024-09-25,28.46000000,28.50000000,27.15000000,27.28000000,2136050.42000000,59288278.13760000,263190
2024-09-26,27.29000000,29.42000000,26.96000000,29.16000000,2834148.82000000,80954044.96180000,311542
2024-09-27,29.15000000,30.85000000,28.93000000,30.43000000,2216838.14000000,66390948.59370000,338523
2024-09-28,30.44000000,30.76000000,29.03000000,29.28000000,1265112.67000000,37547068.66220000,190218
2024-09-29,29.29000000,29.47000000,28.24000000,29.04000000,1309575.50000000,37840831.39860000,205543
2024-09-30,29.04000000,29.12000000,27.56000000,27.71000000,2118117.74000000,59979330.25050000,241966
2024-10-01,27.71000000,28.89000000,25.00000000,25.82000000,3528601.75000000,94507403.53530000,403276
2024-10-02,25.82000000,26.78000000,25.03000000,25.33000000,2104510.83000000,54444077.26510000,245103
2024-10-03,25.33000000,25.67000000,23.90000000,24.66000000,2257868.51000000,55724653.94270000,258293
2024-10-04,24.66000000,26.50000000,24.44000000,26.27000000,1804442.66000000,46297749.99780000,207850
2024-10-05,26.27000000,26.45000000,25.10000000,25.67000000,1054363.46000000,27258996.91850000,129497
2024-10-06,25.67000000,27.08000000,25.49000000,26.94000000,1233938.51000000,32687088.21070000,160985
2024-10-07,26.93000000,27.74000000,26.51000000,26.56000000,1779576.78000000,48317380.61450000,215829
2024-10-08,26.57000000,27.19000000,26.03000000,26.34000000,1316635.28000000,34934854.72370000,178196
2024-10-09,26.34000000,26.70000000,25.68000000,25.76000000,1612088.05000000,42119019.95670000,194597
2024-10-10,25.76000000,26.37000000,25.06000000,25.86000000,1305991.34000000,33682369.14920000,171184
2024-10-11,25.85000000,27.60000000,25.75000000,27.45000000,1356314.72000000,36241553.54280000,162260
2024-10-12,27.46000000,29.37000000,27.39000000,28.64000000,2063826.88000000,59088021.32940000,261282
2024-10-13,28.63000000,29.36000000,28.30000000,29.06000000,1605213.50000000,46283905.10460000,192854
2024-10-14,29.05000000,29.87000000,28.65000000,29.07000000,2007570.41000000,58934697.38770000,276167
2024-10-15,29.07000000,29.62000000,27.45000000,28.21000000,2806768.34000000,80098151.23860000,367975
2024-10-16,28.21000000,28.22000000,27.25000000,28.02000000,1952738.95000000,54092851.61230000,178468
2024-10-17,28.03000000,28.27000000,26.82000000,27.31000000,1321790.89000000,36337925.13130000,129401
2024-10-18,27.31000000,28.17000000,27.10000000,28.10000000,894689.48000000,24778156.15310000,92961
2024-10-19,28.10000000,28.46000000,27.71000000,28.10000000,588731.97000000,16538971.60940000,69381
2024-10-20,28.10000000,29.00000000,27.76000000,28.96000000,883990.57000000,25017782.38930000,92107
2024-10-21,28.97000000,29.32000000,27.38000000,27.75000000,1515208.07000000,42865094.75060000,134977
2024-10-22,27.75000000,28.23000000,27.24000000,27.64000000,1311372.78000000,36359773.81130000,116048
2024-10-23,27.65000000,27.71000000,25.89000000,26.75000000,1697988.90000000,45278205.20170000,128316
2024-10-24,26.75000000,27.24000000,26.38000000,26.83000000,1323965.20000000,35524442.59940000,101092
2024-10-25,26.84000000,26.89000000,24.01000000,24.93000000,2098635.37000000,53725297.04260000,181917
2024-10-26,24.94000000,25.68000000,24.56000000,25.41000000,1042871.56000000,26269037.03880000,88867
2024-10-27,25.41000000,25.94000000,25.25000000,25.77000000,596461.70000000,15291541.58100000,66965
2024-10-28,25.77000000,26.54000000,25.05000000,26.25000000,1509538.85000000,39155059.55000000,157560
2024-10-29,26.26000000,27.16000000,26.17000000,26.88000000,1492949.80000000,39886683.75370000,125685
2024-10-30,26.88000000,26.91000000,26.01000000,26.18000000,1634180.54000000,43220750.80530000,124432
2024-10-31,26.17000000,26.23000000,24.68000000,25.03000000,1389613.61000000,35186075.72170000,107299
2024-11-01,25.03000000,25.71000000,24.40000000,24.78000000,1566405.89000000,39162928.63680000,126459
2024-11-02,24.79000000,25.02000000,23.96000000,24.12000000,747467.07000000,18214287.55240000,78249
2024-11-03,24.13000000,24.20000000,22.60000000,23.54000000,1839984.69000000,42845339.89920000,160607
2024-11-04,23.53000000,23.94000000,22.35000000,22.72000000,1698424.83000000,39369761.11750000,174293
2024-11-05,22.72000000,24.51000000,22.59000000,23.99000000,1705771.01000000,40421717.80390000,184772
2024-11-06,24.00000000,27.30000000,24.00000000,27.01000000,3669930.55000000,95661304.15020000,305182
2024-11-07,27.01000000,28.00000000,26.51000000,27.38000000,2304556.93000000,62873205.23140000,236895
2024-11-08,27.39000000,28.79000000,27.10000000,28.78000000,2423694.41000000,67829426.47640000,403055
2024-11-09,28.78000000,30.48000000,28.49000000,30.36000000,2817405.70000000,82497709.14340000,361047
2024-11-10,30.37000000,33.29000000,29.69000000,31.89000000,6132136.02000000,194206289.38450000,870208
2024-11-11,31.89000000,35.79000000,30.70000000,35.71000000,7008431.33000000,232582798.02920000,854776
2024-11-12,35.72000000,37.67000000,32.66000000,33.96000000,9074667.64000000,316778934.58850000,1313970
2024-11-13,33.96000000,35.05000000,31.20000000,33.12000000,8175967.91000000,271484932.74250000,962432
2024-11-14,33.11000000,34.72000000,30.68000000,31.21000000,4206583.37000000,136834420.79920000,622735
2024-11-15,31.21000000,33.30000000,30.59000000,33.13000000,2971420.25000000,95198522.40960000,443912
2024-11-16,33.13000000,35.74000000,32.79000000,35.14000000,4066373.30000000,141387216.15300000,568668
2024-11-17,35.15000000,37.27000000,33.08000000,34.71000000,5673738.64000000,202935987.02290000,719943
2024-11-18,34.72000000,36.16000000,34.06000000,35.48000000,4439039.40000000,156459725.77560000,571800
2024-11-19,35.48000000,35.63000000,33.52000000,34.20000000,2987306.04000000,103415382.17490000,390101
2024-11-20,34.20000000,35.75000000,32.77000000,33.59000000,3615587.80000000,123686935.66770000,465209
2024-11-21,33.60000000,36.20000000,32.31000000,35.84000000,4208872.98000000,146592209.79500000,539825
2024-11-22,35.84000000,43.52000000,35.18000000,43.17000000,8056726.78000000,313578549.61650000,1020925
2024-11-23,43.18000000,45.27000000,40.69000000,41.44000000,7788308.37000000,334734194.35380000,1128343
2024-11-24,41.44000000,43.14000000,38.31000000,42.06000000,5915164.28000000,241000210.30460000,891844
2024-11-25,42.05000000,47.93000000,40.02000000,41.31000000,9557513.01000000,417727497.52340000,1301940
2024-11-26,41.31000000,43.35000000,38.50000000,42.72000000,6473991.30000000,267482961.01920000,925694
2024-11-27,42.73000000,44.47000000,41.95000000,43.78000000,4868664.66000000,210644449.29720000,657803
2024-11-28,43.78000000,44.24000000,41.51000000,42.77000000,2715014.37000000,115964045.75990000,391227
2024-11-29,42.78000000,45.07000000,42.54000000,44.86000000,2791481.17000000,122489794.78800000,457010
2024-11-30,44.86000000,46.26000000,43.65000000,44.81000000,2529834.27000000,114264133.79380000,451738
2024-12-01,44.81000000,45.78000000,43.65000000,45.09000000,2620155.57000000,116980846.15560000,503371
2024-12-02,45.09000000,52.49000000,45.00000000,52.27000000,13230224.23000000,637685454.45090000,1663473
2024-12-03,52.27000000,53.95000000,47.80000000,50.90000000,8509217.61000000,433373443.56310000,1234667
2024-12-04,50.90000000,55.79000000,50.83000000,52.76000000,6737952.02000000,361391902.15410000,806244
2024-12-05,52.76000000,53.62000000,48.76000000,50.30000000,5150018.91000000,266029870.37270000,825078
2024-12-06,50.29000000,53.55000000,49.62000000,52.47000000,3531401.48000000,183017115.24370000,598554
2024-12-07,52.48000000,53.08000000,51.20000000,51.60000000,1802079.69000000,93826491.07300000,331616
2024-12-08,51.60000000,54.39000000,50.35000000,53.98000000,2610374.95000000,136298773.01720000,453528
2024-12-09,53.99000000,54.20000000,40.40000000,45.02000000,8678006.11000000,410835147.27900000,1122982
2024-12-10,45.02000000,46.49000000,41.32000000,44.60000000,5913538.77000000,260398681.02320000,855291
2024-12-11,44.60000000,48.48000000,42.78000000,48.47000000,3179918.54000000,146677911.42260000,426477
2024-12-12,48.46000000,55.41000000,48.21000000,53.14000000,6946012.23000000,361910981.18840000,941176
2024-12-13,53.14000000,54.03000000,50.72000000,52.78000000,3059871.58000000,159498082.86420000,458236
2024-12-14,52.79000000,53.84000000,49.38000000,49.85000000,2178229.40000000,112587915.56920000,377038
2024-12-15,49.85000000,51.56000000,48.10000000,50.76000000,2534152.78000000,126223151.34980000,319640
2024-12-16,50.77000000,52.05000000,48.34000000,48.98000000,2847916.50000000,142060478.58040000,485608
2024-12-17,48.99000000,50.84000000,47.52000000,47.92000000,2405448.95000000,118587968.52690000,437143
2024-12-18,47.92000000,48.20000000,42.63000000,42.78000000,4851431.93000000,220212557.43530000,563112
2024-12-19,42.78000000,43.61000000,37.46000000,38.83000000,6144612.93000000,249266230.68410000,694030
2024-12-20,38.84000000,40.39000000,33.60000000,39.86000000,6360495.34000000,236335621.78530000,624025
2024-12-21,39.85000000,42.36000000,36.93000000,37.42000000,2760917.70000000,108690002.07660000,353190
2024-12-22,37.42000000,38.54000000,35.52000000,36.57000000,2091153.42000000,77612224.23740000,267976
2024-12-23,36.57000000,39.74000000,35.62000000,39.11000000,3166198.31000000,118045262.30490000,372445
2024-12-24,39.10000000,42.06000000,37.70000000,41.25000000,2566311.12000000,102505025.00550000,275405
2024-12-25,41.25000000,41.90000000,39.83000000,40.25000000,1222671.71000000,49851890.42000000,161888
2024-12-26,40.26000000,40.74000000,36.97000000,37.33000000,1918690.88000000,73445870.69350000,224763
2024-12-27,37.33000000,39.05000000,36.31000000,36.56000000,1872302.26000000,70181445.81190000,244609
2024-12-28,36.57000000,38.14000000,36.28000000,37.74000000,1085666.84000000,40337601.07820000,125427
2024-12-29,37.75000000,37.81000000,35.53000000,35.84000000,1157162.61000000,42295552.22930000,120656
2024-12-30,35.85000000,37.19000000,34.87000000,35.97000000,2903986.22000000,105411654.37000000,208895
2024-12-31,35.98000000,37.29000000,34.94000000,35.71000000,1329180.53000000,47951380.44690000,108609
2025-01-01,35.70000000,37.99000000,34.95000000,37.78000000,1248478.54000000,45581445.13640000,101431
2025-01-02,37.77000000,40.60000000,37.77000000,39.28000000,1937889.62000000,76293071.22950000,198664
2025-01-03,39.28000000,42.19000000,38.89000000,41.94000000,2194111.86000000,90014945.11820000,263766
2025-01-04,41.93000000,42.85000000,40.89000000,42.63000000,1643635.51000000,68826668.92440000,197063
2025-01-05,42.63000000,43.20000000,41.24000000,43.11000000,1297708.53000000,54687769.58800000,183441
2025-01-06,43.11000000,45.05000000,42.03000000,44.05000000,2332218.89000000,102430295.04040000,284387
2025-01-07,44.04000000,44.57000000,39.13000000,39.21000000,3020624.86000000,125638901.67210000,270479
2025-01-08,39.20000000,39.93000000,36.19000000,37.43000000,2979010.30000000,113149764.62100000,326027
2025-01-09,37.42000000,37.94000000,35.50000000,36.20000000,1999453.23000000,73080769.73530000,260786
2025-01-10,36.21000000,37.93000000,35.95000000,36.67000000,2106803.56000000,77720625.26690000,301439
2025-01-11,36.67000000,37.78000000,36.02000000,37.13000000,864520.17000000,31797081.11180000,148606
2025-01-12,37.14000000,37.63000000,36.11000000,36.56000000,806162.71000000,29734176.15470000,138559
2025-01-13,36.57000000,37.36000000,32.79000000,35.29000000,3196828.06000000,110252574.66970000,385223
2025-01-14,35.30000000,36.72000000,35.01000000,36.57000000,1368764.92000000,49231450.65720000,168168
2025-01-15,36.57000000,40.02000000,36.20000000,39.82000000,2645740.70000000,101398574.69730000,382193
2025-01-16,39.83000000,40.53000000,38.34000000,40.06000000,2530086.47000000,99954575.88910000,338346
2025-01-17,40.07000000,41.82000000,40.07000000,41.38000000,1918562.98000000,78772706.52810000,296435
2025-01-18,41.37000000,41.68000000,38.30000000,39.25000000,2433155.45000000,96055274.18310000,286747
2025-01-19,39.25000000,40.57000000,34.86000000,35.68000000,5434412.75000000,204328955.07600000,559038
2025-01-20,35.68000000,40.24000000,34.49000000,36.03000000,7072834.44000000,260134821.68610000,726992
2025-01-21,36.04000000,37.59000000,34.52000000,36.95000000,2671980.96000000,96599835.12130000,325245
2025-01-22,36.96000000,37.77000000,36.50000000,36.80000000,1563354.77000000,57918690.42780000,183080
2025-01-23,36.80000000,36.96000000,34.64000000,35.56000000,2662984.04000000,94707000.30010000,294479
2025-01-24,35.56000000,36.79000000,34.56000000,35.34000000,1730924.12000000,62133579.02960000,190576
2025-01-25,35.35000000,37.26000000,34.90000000,36.61000000,1441802.34000000,52088486.77230000,152858
2025-01-26,36.61000000,38.16000000,35.71000000,35.75000000,1529011.14000000,57086352.31270000,169827
2025-01-27,35.74000000,36.06000000,32.87000000,34.20000000,3827537.04000000,130216503.94590000,381484
2025-01-28,34.20000000,34.52000000,31.84000000,32.08000000,1705606.48000000,57137570.95170000,188835
2025-01-29,32.08000000,33.84000000,31.89000000,32.80000000,2065519.30000000,68039294.09120000,237242
2025-01-30,32.80000000,34.70000000,32.44000000,34.29000000,1413844.81000000,48115679.59650000,156632
2025-01-31,34.29000000,36.17000000,33.80000000,34.42000000,2009294.72000000,70087463.15080000,211333
2025-02-01,34.42000000,35.10000000,31.87000000,32.11000000,1623830.23000000,54567232.23560000,165539
2025-02-02,32.11000000,32.59000000,25.91000000,27.63000000,5849752.61000000,169857544.97200000,509067
2025-02-03,27.63000000,28.78000000,21.20000000,28.39000000,16232211.47000000,412423278.61820000,1133223
2025-02-04,28.40000000,28.64000000,25.54000000,26.46000000,4687789.13000000,125115874.64980000,462494
2025-02-05,26.47000000,27.41000000,25.62000000,25.84000000,2339405.41000000,61967111.55630000,251487
2025-02-06,25.85000000,26.82000000,24.28000000,24.50000000,2104041.57000000,53648955.70170000,237153
2025-02-07,24.50000000,26.22000000,23.71000000,24.46000000,2801287.99000000,70197288.25720000,291563
2025-02-08,24.46000000,24.82000000,23.91000000,24.58000000,1241644.47000000,30238254.65430000,138051
2025-02-09,24.59000000,25.52000000,23.66000000,24.87000000,1924433.81000000,47747381.89610000,187791
2025-02-10,24.87000000,25.99000000,23.86000000,25.67000000,2019175.78000000,51027513.99930000,228029
2025-02-11,25.66000000,27.02000000,24.88000000,25.39000000,2096874.29000000,54579420.51820000,226430
2025-02-12,25.39000000,27.09000000,24.29000000,26.49000000,2870270.45000000,72789130.04130000,302388
2025-02-13,26.50000000,26.62000000,25.09000000,25.39000000,1590769.95000000,40864349.80230000,186237
2025-02-14,25.40000000,27.23000000,25.30000000,26.39000000,1934433.81000000,50962705.42600000,205146
2025-02-15,26.38000000,26.97000000,25.38000000,25.48000000,880943.46000000,22959101.30970000,115586
2025-02-16,25.49000000,25.59000000,24.74000000,24.85000000,1050638.52000000,26467002.95190000,114085
2025-02-17,24.86000000,25.95000000,24.43000000,25.03000000,1756982.01000000,44270096.33290000,205132
2025-02-18,25.04000000,25.12000000,22.93000000,23.52000000,2182686.86000000,51671352.22500000,303459
2025-02-19,23.53000000,24.02000000,22.98000000,23.74000000,1684111.70000000,39830964.99590000,184576
2025-02-20,23.73000000,25.35000000,23.72000000,25.15000000,2019666.25000000,49698632.51280000,200576
2025-02-21,25.15000000,26.54000000,23.77000000,24.54000000,3693083.33000000,93158496.78420000,382990
2025-02-22,24.54000000,26.37000000,24.44000000,25.83000000,2159273.44000000,55008685.35410000,208567
2025-02-23,25.84000000,25.98000000,24.40000000,24.85000000,1371001.72000000,34383537.23430000,148440
2025-02-24,24.85000000,25.18000000,21.47000000,21.88000000,2988167.30000000,69436665.50740000,369982
2025-02-25,21.88000000,22.34000000,20.30000000,21.94000000,5702796.73000000,121123997.59430000,567068
2025-02-26,21.94000000,22.59000000,21.00000000,21.87000000,3583388.79000000,78322118.17500000,354172
2025-02-27,21.88000000,23.39000000,21.65000000,22.52000000,2709549.54000000,61273125.58630000,274989
2025-02-28,22.53000000,22.61000000,20.23000000,22.37000000,4866833.75000000,103422389.14540000,390828
2025-03-01,22.38000000,22.50000000,21.05000000,21.86000000,1582538.68000000,34477528.88090000,145442
2025-03-02,21.87000000,24.99000000,21.56000000,24.95000000,5943544.61000000,139096246.28030000,501795
2025-03-03,24.95000000,25.12000000,20.58000000,20.95000000,5065494.28000000,115053851.08950000,491084
2025-03-04,20.96000000,21.11000000,18.84000000,20.00000000,7079770.52000000,141421209.33690000,629235
2025-03-05,19.99000000,22.48000000,19.69000000,21.73000000,5087934.65000000,106170321.92420000,384524
2025-03-06,21.73000000,22.57000000,20.89000000,20.99000000,3392070.57000000,73529163.99970000,327922
2025-03-07,21.00000000,21.32000000,19.68000000,20.14000000,4832190.14000000,99216520.79260000,430605
2025-03-08,20.14000000,21.10000000,19.42000000,20.49000000,2408378.09000000,48799426.93910000,221625
2025-03-09,20.50000000,20.69000000,17.76000000,17.97000000,2853469.06000000,53567494.22430000,261847
2025-03-10,17.98000000,19.06000000,16.14000000,16.26000000,5594677.27000000,97887232.21780000,468913
2025-03-11,16.26000000,17.91000000,15.27000000,17.51000000,7468057.14000000,125898176.69610000,474716
2025-03-12,17.51000000,18.98000000,16.95000000,18.91000000,3790676.49000000,68699303.49440000,292452
2025-03-13,18.92000000,19.33000000,17.73000000,18.50000000,3010210.36000000,56114838.33780000,254820
2025-03-14,18.51000000,19.31000000,18.46000000,18.58000000,2623693.56000000,49382522.03370000,184398
2025-03-15,18.58000000,19.47000000,18.37000000,19.40000000,2550418.34000000,47865003.70580000,182174
2025-03-16,19.39000000,19.85000000,18.12000000,18.25000000,2170899.75000000,40969548.71150000,200582
2025-03-17,18.26000000,19.09000000,18.20000000,18.82000000,1988333.14000000,36971660.98530000,164503
2025-03-18,18.83000000,19.28000000,18.32000000,18.97000000,2168023.22000000,40601532.79850000,203824
2025-03-19,18.97000000,20.10000000,18.84000000,19.74000000,3243124.39000000,63209350.02080000,292647
2025-03-20,19.74000000,19.86000000,18.41000000,18.74000000,1835276.74000000,34882936.57820000,153031
2025-03-21,18.75000000,19.49000000,18.36000000,19.18000000,1398814.97000000,26361091.90000000,119003
2025-03-22,19.19000000,19.74000000,19.08000000,19.43000000,1024746.34000000,19927143.81460000,86504
2025-03-23,19.43000000,19.85000000,19.31000000,19.82000000,931913.86000000,18218893.49980000,82278
2025-03-24,19.82000000,22.14000000,19.78000000,21.48000000,3286114.76000000,70137438.44960000,271256
2025-03-25,21.49000000,23.46000000,21.29000000,22.90000000,2480199.49000000,55666156.96000000,236458
2025-03-26,22.91000000,23.25000000,21.83000000,22.04000000,1937359.30000000,43449904.96550000,167441
2025-03-27,22.05000000,22.38000000,21.63000000,22.02000000,1464098.29000000,32253008.44960000,130407
2025-03-28,22.03000000,22.19000000,19.77000000,20.36000000,2326905.48000000,48054422.38700000,191564
2025-03-29,20.37000000,20.54000000,19.46000000,19.60000000,1829316.22000000,36504610.33050000,154664
2025-03-30,19.60000000,19.91000000,18.69000000,18.86000000,1847685.92000000,35696938.21000000,153442
2025-03-31,18.87000000,19.12000000,18.18000000,18.77000000,2071811.15000000,38779225.20740000,191836
2025-04-01,18.78000000,19.95000000,18.72000000,19.82000000,2184703.13000000,42539275.31530000,170214
2025-04-02,19.83000000,19.90000000,17.76000000,17.99000000,4154300.33000000,79695314.82660000,331745
2025-04-03,17.98000000,18.99000000,17.58000000,18.15000000,2568740.81000000,46698936.21020000,206603
2025-04-04,18.16000000,18.77000000,17.61000000,18.19000000,2567824.38000000,46526960.44370000,218548
2025-04-05,18.18000000,18.37000000,17.69000000,17.87000000,892954.09000000,16053024.75340000,69064
2025-04-06,17.88000000,17.92000000,15.62000000,16.04000000,2995334.12000000,50269103.40190000,211162
2025-04-07,16.05000000,17.23000000,14.66000000,16.68000000,7001164.45000000,112072613.59960000,529203
2025-04-08,16.69000000,17.74000000,15.94000000,16.15000000,3013852.32000000,50680687.36260000,248240
2025-04-09,16.16000000,18.91000000,15.59000000,18.44000000,5039404.19000000,87358685.73850000,408307
2025-04-10,18.44000000,18.45000000,17.55000000,18.31000000,2260469.93000000,40856524.91910000,188169
2025-04-11,18.31000000,19.57000000,18.31000000,19.12000000,2645844.68000000,50243726.57950000,192222
2025-04-12,19.13000000,21.03000000,18.84000000,20.49000000,2565460.53000000,51164785.41250000,176306
2025-04-13,20.50000000,20.68000000,19.27000000,19.59000000,2081180.70000000,41435383.95040000,165364
2025-04-14,19.60000000,20.68000000,19.55000000,20.11000000,2493602.65000000,50354679.00920000,222343
2025-04-15,20.12000000,20.28000000,18.96000000,19.01000000,1992562.14000000,39340073.80860000,180495
2025-04-16,19.01000000,19.30000000,18.50000000,18.76000000,1866616.80000000,35218492.23730000,186846
2025-04-17,18.75000000,19.56000000,18.69000000,19.05000000,1310110.82000000,25172332.37130000,132090
2025-04-18,19.06000000,19.34000000,18.85000000,19.07000000,717388.72000000,13686565.82890000,75533
2025-04-19,19.07000000,20.36000000,19.03000000,19.89000000,1150790.73000000,22727767.97920000,117853
2025-04-20,19.89000000,20.04000000,19.23000000,19.51000000,968529.05000000,18959174.46910000,87915
2025-04-21,19.51000000,20.95000000,19.51000000,19.92000000,2363765.38000000,47952952.13320000,206436
2025-04-22,19.92000000,22.30000000,19.44000000,22.11000000,3142750.25000000,66139435.17820000,302341
2025-04-23,22.11000000,23.08000000,21.88000000,22.33000000,3055259.88000000,68661297.30000000,330659
2025-04-24,22.34000000,22.64000000,21.61000000,22.37000000,1922790.32000000,42587258.30430000,218568
2025-04-25,22.38000000,22.87000000,21.77000000,22.17000000,2307424.43000000,51711129.25560000,236089
2025-04-26,22.17000000,22.99000000,21.72000000,22.42000000,1837182.04000000,40923431.64440000,191332
2025-04-27,22.41000000,22.80000000,21.65000000,21.71000000,1405919.05000000,31126231.05430000,179269
2025-04-28,21.72000000,22.43000000,21.02000000,21.84000000,2387195.87000000,52073415.87340000,244850
2025-04-29,21.84000000,22.30000000,21.27000000,21.57000000,1849977.57000000,40576282.76020000,196135
2025-04-30,21.56000000,21.94000000,20.36000000,20.92000000,2032986.84000000,42991436.42240000,196036
2025-05-01,20.91000000,21.87000000,20.81000000,21.64000000,2133588.19000000,45632481.53940000,170167
2025-05-02,21.64000000,22.19000000,20.97000000,21.25000000,1781738.14000000,38255276.47560000,173594
2025-05-03,21.26000000,21.28000000,20.49000000,20.52000000,1026816.50000000,21408406.85640000,85636
2025-05-04,20.53000000,20.63000000,19.76000000,19.91000000,1135995.10000000,22868619.52670000,112606
2025-05-05,19.91000000,20.24000000,19.30000000,19.69000000,1425147.33000000,28146509.30880000,121494
2025-05-06,19.69000000,20.13000000,19.27000000,20.01000000,1370974.68000000,27023837.24360000,137363
2025-05-07,20.01000000,20.25000000,19.09000000,19.55000000,1742392.20000000,34142291.68190000,152566
2025-05-08,19.55000000,22.17000000,19.49000000,22.16000000,3458163.09000000,72841350.78560000,279818
2025-05-09,22.16000000,24.01000000,21.96000000,23.27000000,4452531.81000000,102519688.40500000,399378
2025-05-10,23.27000000,25.97000000,23.01000000,25.82000000,4159813.91000000,101624346.20230000,391744
2025-05-11,25.81000000,26.02000000,24.16000000,24.78000000,2729887.08000000,68150117.33420000,311422
2025-05-12,24.79000000,26.84000000,23.73000000,24.83000000,5218008.53000000,131614493.60470000,509067
2025-05-13,24.83000000,26.25000000,23.45000000,25.72000000,2925803.50000000,72716442.24310000,306181
2025-05-14,25.72000000,26.54000000,24.74000000,24.96000000,2672732.93000000,68678206.33570000,319358
2025-05-15,24.95000000,25.13000000,22.94000000,23.50000000,3638550.04000000,86761937.60500000,358053
2025-05-16,23.51000000,24.05000000,22.67000000,23.06000000,2227565.34000000,52512748.39830000,242918
2025-05-17,23.06000000,23.14000000,21.97000000,22.17000000,1687574.64000000,38022312.18840000,191589
2025-05-18,22.18000000,23.86000000,21.56000000,23.06000000,2886141.50000000,65624125.94040000,263970
2025-05-19,23.06000000,23.20000000,21.26000000,22.25000000,2300923.36000000,50650958.33850000,228547
2025-05-20,22.25000000,22.82000000,21.75000000,22.60000000,2363016.87000000,52681440.00960000,224065
2025-05-21,22.61000000,23.81000000,22.15000000,23.17000000,3700764.84000000,84517794.05430000,357335
2025-05-22,23.18000000,25.43000000,23.13000000,25.26000000,4544921.58000000,112080848.16330000,392026
2025-05-23,25.26000000,25.98000000,22.92000000,23.07000000,4705888.32000000,116259960.81710000,471129
2025-05-24,23.08000000,23.48000000,22.75000000,22.96000000,1900215.75000000,43939870.41760000,204181
2025-05-25,22.96000000,23.47000000,22.03000000,23.45000000,1560632.88000000,35290419.95250000,179472
2025-05-26,23.45000000,24.00000000,22.87000000,23.07000000,1683985.16000000,39483368.52590000,192272
2025-05-27,23.06000000,23.88000000,22.51000000,23.38000000,2332149.83000000,54648932.47140000,225622
2025-05-28,23.38000000,23.77000000,22.77000000,23.60000000,1846290.62000000,42979769.13250000,187605
2025-05-29,23.61000000,24.35000000,22.17000000,22.25000000,3088525.48000000,71969453.61830000,278205
2025-05-30,22.25000000,22.35000000,20.40000000,20.56000000,3279913.72000000,70186709.58420000,333701
2025-05-31,20.55000000,21.12000000,19.77000000,20.80000000,1892744.39000000,38663263.23050000,203361
2025-06-01,20.81000000,20.97000000,20.17000000,20.88000000,1153604.59000000,23818452.02860000,115680
2025-06-02,20.88000000,21.32000000,20.22000000,21.15000000,1502072.99000000,31027122.40760000,157839
2025-06-03,21.16000000,21.70000000,20.89000000,21.14000000,1566776.54000000,33430603.68160000,149396
2025-06-04,21.14000000,21.64000000,20.06000000,20.09000000,1830422.72000000,38314308.97400000,137149
2025-06-05,20.08000000,20.54000000,18.43000000,18.75000000,3250405.70000000,63224269.49290000,267943
2025-06-06,18.75000000,19.95000000,18.63000000,19.64000000,1859494.01000000,36188053.49910000,142988
2025-06-07,19.64000000,21.13000000,19.56000000,20.65000000,1466628.82000000,30282870.04830000,118155
2025-06-08,20.66000000,21.49000000,20.14000000,21.04000000,1901641.64000000,39498650.98250000,131345
2025-06-09,21.04000000,22.04000000,20.22000000,21.95000000,2477870.38000000,52259304.38580000,186213
2025-06-10,21.94000000,22.59000000,21.51000000,22.57000000,3111970.84000000,68629418.89380000,271598
2025-06-11,22.57000000,22.77000000,21.32000000,21.57000000,2612028.00000000,57771094.10210000,231003
2025-06-12,21.56000000,21.62000000,20.15000000,20.28000000,2415966.59000000,50459040.44080000,201025
2025-06-13,20.28000000,20.30000000,18.46000000,19.41000000,5203353.31000000,99727333.40400000,347239
2025-06-14,19.42000000,19.43000000,18.71000000,18.93000000,1096166.12000000,20932176.89450000,94944
2025-06-15,18.94000000,19.28000000,18.73000000,19.10000000,1025408.30000000,19509764.37310000,91189
2025-06-16,19.11000000,20.00000000,18.90000000,19.06000000,2053892.52000000,40223871.20450000,169539
2025-06-17,19.06000000,19.49000000,18.13000000,18.58000000,2290731.00000000,43022270.92230000,194810
2025-06-18,18.59000000,18.90000000,18.07000000,18.16000000,1961262.65000000,36105227.57140000,166141
2025-06-19,18.17000000,18.39000000,17.64000000,18.06000000,2008390.39000000,36067416.07770000,121864
2025-06-20,18.06000000,18.41000000,16.94000000,17.37000000,2195101.91000000,38767451.28000000,151181
2025-06-21,17.38000000,17.64000000,16.32000000,16.82000000,2333601.25000000,39632785.82370000,153776
2025-06-22,16.82000000,17.11000000,15.61000000,16.53000000,3130501.11000000,51197558.85480000,253329
2025-06-23,16.53000000,18.19000000,16.26000000,18.06000000,3812779.65000000,65369436.34860000,255852
2025-06-24,18.06000000,18.49000000,17.88000000,18.23000000,2249538.26000000,40819439.16020000,171652
2025-06-25,18.24000000,18.37000000,17.42000000,17.57000000,1737924.36000000,31076200.95900000,136927
2025-06-26,17.57000000,18.02000000,17.09000000,17.23000000,1486292.73000000,25923578.81270000,128886
2025-06-27,17.24000000,17.79000000,17.02000000,17.58000000,1267515.56000000,22106995.53660000,108169
2025-06-28,17.58000000,18.08000000,17.48000000,17.97000000,818567.26000000,14551091.66470000,58142
2025-06-29,17.98000000,18.90000000,17.80000000,18.73000000,1322755.99000000,24223211.43500000,99799
2025-06-30,18.73000000,18.88000000,17.71000000,17.96000000,1826960.62000000,33127241.39940000,127103
2025-07-01,17.97000000,18.06000000,16.94000000,17.10000000,1494015.26000000,26047107.17500000,88744
2025-07-02,17.11000000,18.83000000,16.97000000,18.51000000,2701044.64000000,49193260.27310000,165420
2025-07-03,18.51000000,19.17000000,18.34000000,18.54000000,2023149.88000000,37940372.21920000,134021
2025-07-04,18.55000000,18.88000000,17.50000000,17.80000000,1884464.87000000,34416034.02140000,135555
2025-07-05,17.80000000,17.99000000,17.62000000,17.92000000,638719.79000000,11378956.89950000,48876
2025-07-06,17.92000000,18.62000000,17.74000000,18.29000000,1092614.20000000,19852310.15090000,72075
2025-07-07,18.30000000,18.59000000,17.80000000,17.99000000,1162903.04000000,21090066.25620000,89943
2025-07-08,18.00000000,18.48000000,17.69000000,18.36000000,1311269.48000000,23725709.97570000,91947
2025-07-09,18.37000000,19.63000000,18.09000000,19.50000000,2690754.32000000,50742758.87650000,154412
2025-07-10,19.50000000,20.79000000,19.34000000,20.70000000,3077304.92000000,61077271.26470000,167142
2025-07-11,20.70000000,21.53000000,20.32000000,20.68000000,3331979.17000000,69861988.40640000,269620
2025-07-12,20.67000000,21.08000000,20.18000000,20.69000000,2113337.99000000,43711197.21160000,159771
2025-07-13,20.68000000,21.80000000,20.66000000,21.20000000,2637539.97000000,56090250.13890000,215268
2025-07-14,21.21000000,22.08000000,21.02000000,21.26000000,2537960.71000000,54912747.92300000,223547
2025-07-15,21.27000000,22.58000000,20.39000000,22.51000000,4237676.39000000,90392468.09330000,307705
2025-07-16,22.52000000,23.02000000,21.61000000,22.66000000,3024064.87000000,67472490.81460000,242947
2025-07-17,22.65000000,24.34000000,22.02000000,23.91000000,4163407.41000000,95506180.64240000,346722
2025-07-18,23.91000000,25.03000000,23.06000000,23.51000000,4182701.83000000,100857656.51530000,352325
2025-07-19,23.51000000,25.23000000,23.01000000,24.50000000,2828014.21000000,68471815.76850000,220123
2025-07-20,24.51000000,25.55000000,24.31000000,25.04000000,3050674.47000000,76318637.96440000,255695
2025-07-21,25.05000000,26.53000000,24.64000000,25.43000000,3722779.88000000,95637853.54640000,332336
2025-07-22,25.43000000,26.09000000,24.71000000,25.88000000,5403307.88000000,137071109.38330000,482299
2025-07-23,25.88000000,26.10000000,23.15000000,23.95000000,4138078.83000000,101151689.04730000,365967
2025-07-24,23.96000000,24.44000000,22.53000000,23.67000000,2954572.88000000,69983103.37110000,301560
2025-07-25,23.67000000,24.04000000,22.86000000,24.01000000,2429187.43000000,56915041.31950000,271764
2025-07-26,24.01000000,25.77000000,23.84000000,24.94000000,2322954.64000000,57584998.19660000,191365
2025-07-27,24.94000000,26.46000000,24.74000000,26.06000000,2193331.40000000,55664672.92230000,194622
2025-07-28,26.06000000,27.38000000,24.99000000,25.21000000,5003307.81000000,132011082.12010000,468867
2025-07-29,25.21000000,25.51000000,23.88000000,24.37000000,3654141.86000000,90297768.06620000,304276
2025-07-30,24.38000000,24.51000000,22.40000000,23.31000000,3448147.52000000,80756333.78790000,294597
2025-07-31,23.30000000,24.12000000,22.40000000,22.47000000,2756295.09000000,63798314.30430000,206356
2025-08-01,22.47000000,22.58000000,21.02000000,21.51000000,3948656.05000000,86599867.33140000,356558
2025-08-02,21.52000000,21.82000000,20.66000000,20.86000000,1443378.50000000,30625872.29360000,162224
2025-08-03,20.87000000,21.54000000,20.57000000,21.37000000,1065667.37000000,22670383.03550000,95738
2025-08-04,21.38000000,23.13000000,21.34000000,23.11000000,2828179.45000000,62947527.97940000,214213
2025-08-05,23.12000000,23.14000000,21.44000000,21.92000000,1854068.50000000,41395062.41600000,164618
2025-08-06,21.92000000,22.40000000,21.57000000,22.23000000,1609597.38000000,35484210.30860000,128196
2025-08-07,22.24000000,23.36000000,21.95000000,23.36000000,2606524.79000000,59086246.07130000,149593
2025-08-08,23.35000000,23.87000000,23.00000000,23.79000000,2948550.23000000,69027912.03420000,249685
2025-08-09,23.80000000,24.82000000,23.73000000,24.23000000,3706511.37000000,90316333.96960000,234768
2025-08-10,24.24000000,24.55000000,23.26000000,23.83000000,2042077.94000000,48725702.88840000,186460
2025-08-11,23.84000000,24.63000000,22.65000000,22.79000000,2917750.34000000,69378117.54160000,280898
2025-08-12,22.79000000,24.90000000,22.74000000,24.67000000,3234718.02000000,77214092.91740000,259768
2025-08-13,24.67000000,25.68000000,24.37000000,25.47000000,3255245.91000000,81639829.35960000,283833
2025-08-14,25.47000000,25.99000000,23.18000000,23.67000000,5773899.55000000,140109859.80520000,429800
2025-08-15,23.66000000,25.66000000,23.46000000,23.77000000,5593714.70000000,136005122.67200000,408154
2025-08-16,23.76000000,24.37000000,23.57000000,24.30000000,1610583.32000000,38546322.94270000,150604
2025-08-17,24.30000000,25.68000000,24.02000000,25.06000000,2713774.39000000,67900115.26240000,201223
2025-08-18,25.07000000,25.33000000,23.36000000,23.70000000,3792415.91000000,90778161.19430000,311523
2025-08-19,23.70000000,24.06000000,22.31000000,22.37000000,2882360.08000000,66367317.70420000,259082
2025-08-20,22.36000000,23.55000000,22.23000000,23.46000000,2293194.21000000,52662843.92660000,205705
2025-08-21,23.45000000,23.62000000,22.72000000,22.77000000,1706315.72000000,39551905.80330000,154707
2025-08-22,22.78000000,25.40000000,22.19000000,25.25000000,5485181.93000000,131281578.86510000,402824
2025-08-23,25.26000000,26.77000000,24.47000000,26.26000000,5753729.12000000,148324322.00800000,355768
2025-08-24,26.26000000,26.57000000,24.92000000,25.83000000,4047628.70000000,103785899.48870000,339088
2025-08-25,25.83000000,26.00000000,23.03000000,23.35000000,4117635.73000000,99633826.54080000,355922
2025-08-26,23.35000000,24.35000000,23.09000000,24.17000000,2647190.56000000,62575477.95490000,245186
2025-08-27,24.17000000,25.33000000,23.86000000,24.42000000,3575703.83000000,88227442.46310000,289031
2025-08-28,24.42000000,25.08000000,24.13000000,24.93000000,2606202.30000000,64188025.29060000,177786
2025-08-29,24.93000000,25.20000000,23.20000000,23.55000000,3838827.52000000,92240264.25510000,270862
2025-08-30,23.54000000,23.94000000,23.10000000,23.78000000,1173614.41000000,27698339.06220000,91691
2025-08-31,23.78000000,24.20000000,23.38000000,23.40000000,1062889.49000000,25411840.72280000,80535
2025-09-01,23.40000000,24.33000000,22.67000000,23.21000000,3735535.61000000,87954802.39320000,219980
2025-09-02,23.22000000,24.50000000,23.02000000,24.46000000,3640156.76000000,87088297.52680000,244361
2025-09-03,24.47000000,25.78000000,24.27000000,25.20000000,3567888.32000000,89324292.27560000,222471
2025-09-04,25.21000000,25.28000000,24.18000000,24.21000000,2160658.31000000,53366143.09530000,129682
2025-09-05,24.21000000,25.11000000,23.86000000,24.47000000,2980843.48000000,73138861.17630000,174769
2025-09-06,24.48000000,24.62000000,24.09000000,24.38000000,869250.62000000,21159306.97310000,59186
2025-09-07,24.37000000,24.95000000,24.26000000,24.68000000,1253296.14000000,30811268.79770000,70890
2025-09-08,24.69000000,25.80000000,24.53000000,25.29000000,2389358.41000000,60304893.29980000,162147
2025-09-09,25.29000000,26.36000000,24.90000000,25.93000000,3883910.84000000,100408729.45270000,233130
2025-09-10,25.94000000,29.52000000,25.75000000,29.48000000,7835798.78000000,218802126.32640000,446822
2025-09-11,29.47000000,29.99000000,28.30000000,29.15000000,4409659.20000000,127862617.23410000,309958
2025-09-12,29.14000000,29.40000000,28.25000000,28.99000000,3485659.59000000,99961035.39920000,209845
2025-09-13,28.98000000,31.25000000,28.74000000,30.08000000,6655109.56000000,200842960.05130000,476544
2025-09-14,30.08000000,30.64000000,28.96000000,29.44000000,4026228.24000000,120027359.03400000,285555
2025-09-15,29.44000000,30.45000000,28.22000000,29.81000000,4822176.71000000,141231815.98250000,359858
2025-09-16,29.81000000,31.00000000,29.17000000,30.08000000,4046243.14000000,122246666.58470000,316924
2025-09-17,30.07000000,32.00000000,29.38000000,31.82000000,4496864.96000000,136426878.40080000,357194
2025-09-18,31.82000000,35.43000000,31.63000000,35.19000000,8086451.91000000,270473842.65640000,599408
2025-09-19,35.19000000,35.81000000,33.34000000,33.75000000,5353801.63000000,184306198.66170000,433645
2025-09-20,33.74000000,34.11000000,32.86000000,33.17000000,2827363.71000000,94837130.89420000,183527
2025-09-21,33.17000000,33.61000000,32.58000000,33.04000000,2354952.36000000,77740220.42210000,158234
2025-09-22,33.05000000,33.98000000,29.41000000,33.86000000,7906750.93000000,250346419.50270000,563694
2025-09-23,33.87000000,36.16000000,32.75000000,33.61000000,9338116.95000000,322546503.30920000,789199
2025-09-24,33.60000000,34.85000000,32.26000000,32.31000000,4766219.20000000,161661593.91120000,427498
2025-09-25,32.31000000,32.80000000,28.51000000,28.64000000,7152756.29000000,218339928.16010000,659455
2025-09-26,28.63000000,29.60000000,27.07000000,29.09000000,6421766.72000000,181928406.87360000,514120
2025-09-27,29.10000000,29.11000000,28.23000000,28.74000000,1881547.05000000,53893549.80490000,180862
2025-09-28,28.75000000,30.30000000,27.92000000,30.01000000,2997791.17000000,87001287.70430000,256671
2025-09-29,30.01000000,30.82000000,29.13000000,30.41000000,5331556.45000000,159622162.44100000,391175
2025-09-30,30.41000000,30.72000000,28.81000000,30.01000000,4008225.28000000,119033130.02390000,332688
2025-10-01,30.02000000,31.10000000,29.61000000,30.73000000,3883191.93000000,118338502.39580000,313335
2025-10-02,30.74000000,31.38000000,29.48000000,30.98000000,6997460.97000000,213606125.86300000,488220
2025-10-03,30.97000000,31.57000000,29.99000000,31.31000000,4752367.67000000,146423055.68870000,341928
2025-10-04,31.32000000,31.44000000,29.85000000,30.12000000,2572315.27000000,78386828.01170000,202161
2025-10-05,30.12000000,31.21000000,29.63000000,30.07000000,2993145.41000000,90821357.52740000,237887
2025-10-06,30.07000000,31.03000000,29.94000000,30.61000000,3085401.61000000,94315938.16050000,237396
2025-10-07,30.61000000,30.73000000,27.81000000,27.93000000,4890362.40000000,142728911.24370000,338382
2025-10-08,27.92000000,29.63000000,27.84000000,28.82000000,2651599.97000000,75823094.57060000,228908
2025-10-09,28.82000000,28.90000000,27.58000000,28.38000000,2269490.81000000,63914514.10150000,194206
2025-10-10,28.38000000,28.62000000,8.52000000,20.68000000,15387912.02000000,355423741.42960000,1222436
2025-10-11,20.67000000,23.38000000,20.27000000,21.46000000,9122170.63000000,200303058.18700000,678716
2025-10-12,21.45000000,23.34000000,20.66000000,22.51000000,7083271.57000000,156432252.57980000,528574
2025-10-13,22.50000000,24.07000000,21.68000000,23.80000000,9277860.33000000,211242005.74490000,581017
2025-10-14,23.80000000,23.90000000,21.81000000,22.74000000,6841648.76000000,155363045.77100000,494159
2025-10-15,22.73000000,23.29000000,21.56000000,21.90000000,3657254.33000000,81752047.99570000,288281
2025-10-16,21.90000000,22.39000000,20.58000000,20.98000000,4348824.61000000,93192365.14080000,330972
2025-10-17,20.97000000,21.27000000,19.03000000,19.96000000,5812253.03000000,115493913.20180000,409861
2025-10-18,19.95000000,20.42000000,19.82000000,20.21000000,1676585.17000000,33746941.39280000,110733
2025-10-19,20.22000000,20.84000000,19.75000000,20.59000000,2143184.10000000,43803823.65710000,146925
2025-10-20,20.59000000,21.21000000,20.17000000,20.34000000,2955524.04000000,61149660.57640000,174338
2025-10-21,20.34000000,20.85000000,19.46000000,19.54000000,3757859.23000000,75890386.34190000,224113
2025-10-22,19.54000000,19.71000000,18.42000000,19.02000000,3336086.79000000,64278722.89370000,220668
2025-10-23,19.02000000,19.74000000,18.98000000,19.14000000,2616353.30000000,50733521.19030000,135404
2025-10-24,19.13000000,19.96000000,19.02000000,19.49000000,2398372.66000000,46733834.74620000,141981
2025-10-25,19.49000000,19.83000000,19.24000000,19.71000000,1481426.75000000,28889885.05460000,72228
2025-10-26,19.72000000,20.96000000,19.34000000,20.82000000,3076459.26000000,62228033.35120000,144559
2025-10-27,20.83000000,21.10000000,20.17000000,20.33000000,2370635.69000000,48957552.50110000,157247
2025-10-28,20.33000000,20.52000000,19.13000000,19.47000000,2668509.90000000,53225162.38340000,179255
2025-10-29,19.47000000,20.20000000,19.31000000,19.66000000,2469575.16000000,48732370.80200000,154442
2025-10-30,19.66000000,19.97000000,17.51000000,18.11000000,4250377.06000000,78350130.58530000,302321
2025-10-31,18.12000000,18.58000000,17.78000000,18.19000000,2613032.42000000,47718618.37500000,145814
2025-11-01,18.19000000,18.74000000,18.07000000,18.73000000,1331179.23000000,24659844.24440000,79350
2025-11-02,18.72000000,19.01000000,18.10000000,18.80000000,1391904.48000000,25880155.62480000,95726
2025-11-03,18.81000000,18.91000000,15.91000000,16.65000000,6049270.76000000,103153252.39100000,320137
2025-11-04,16.66000000,17.01000000,15.00000000,15.98000000,6537912.15000000,104763679.01770000,354705
2025-11-05,15.98000000,16.99000000,15.29000000,16.61000000,3776605.59000000,62133482.15320000,216935
2025-11-06,16.61000000,16.73000000,15.61000000,16.13000000,2855283.89000000,46193777.13140000,177283
2025-11-07,16.13000000,18.07000000,16.05000000,17.74000000,6510611.20000000,111659627.43700000,304531
2025-11-08,17.75000000,18.41000000,17.02000000,17.50000000,3365687.64000000,59266371.87440000,189948
2025-11-09,17.50000000,17.91000000,16.81000000,17.77000000,2421432.02000000,42188313.59060000,161167
2025-11-10,17.77000000,18.36000000,17.64000000,18.18000000,2968615.81000000,53538848.06160000,181348
2025-11-11,18.19000000,18.61000000,16.97000000,17.00000000,2938925.18000000,52035059.81740000,195435
2025-11-12,17.01000000,17.77000000,16.64000000,16.82000000,2341822.26000000,40121731.14280000,187335
2025-11-13,16.81000000,17.69000000,15.76000000,16.10000000,3784604.46000000,63446700.84750000,258191
2025-11-14,16.10000000,16.18000000,14.84000000,15.13000000,4989778.42000000,77449587.24930000,328350
2025-11-15,15.13000000,15.79000000,15.11000000,15.53000000,1355598.92000000,21081244.92470000,90964
2025-11-16,15.52000000,15.86000000,14.62000000,15.15000000,3008987.32000000,45595738.17590000,160471
2025-11-17,15.14000000,15.85000000,14.26000000,14.53000000,4255835.74000000,64202476.93590000,254874
2025-11-18,14.53000000,14.93000000,14.03000000,14.58000000,3585664.15000000,52129744.50260000,200974
2025-11-19,14.59000000,14.70000000,13.71000000,14.28000000,3315595.15000000,46989226.72910000,188466
2025-11-20,14.28000000,14.53000000,13.50000000,13.81000000,4382359.95000000,61675732.99260000,196087
2025-11-21,13.81000000,13.99000000,12.57000000,13.28000000,6350052.93000000,84160771.90820000,299072
2025-11-22,13.29000000,13.39000000,13.03000000,13.23000000,2893129.28000000,38316875.88970000,101679
2025-11-23,13.24000000,13.47000000,13.21000000,13.27000000,2262185.57000000,30177624.76350000,60129
2025-11-24,13.28000000,14.05000000,13.16000000,13.89000000,3754410.25000000,50914672.99290000,128475
2025-11-25,13.89000000,14.38000000,13.70000000,14.18000000,2984316.25000000,41618084.29850000,88066
2025-11-26,14.18000000,14.96000000,13.91000000,14.95000000,2717281.59000000,38749467.40730000,89316
2025-11-27,14.96000000,15.17000000,14.87000000,15.02000000,2289006.72000000,34278088.92800000,69913
2025-11-28,15.02000000,15.27000000,14.78000000,14.84000000,2618362.46000000,39194815.09920000,89156
2025-11-29,14.85000000,14.91000000,14.19000000,14.25000000,1712927.69000000,25057545.19010000,55231
2025-11-30,14.25000000,14.34000000,13.66000000,13.71000000,2295459.19000000,32271287.35170000,74592
2025-12-01,13.72000000,13.74000000,12.54000000,12.76000000,3627901.18000000,47051453.39940000,153493
2025-12-02,12.76000000,13.76000000,12.71000000,13.62000000,4573878.59000000,60411813.71900000,143607
2025-12-03,13.63000000,15.09000000,13.58000000,14.78000000,5191197.88000000,74285329.34770000,154066
2025-12-04,14.78000000,14.88000000,14.21000000,14.41000000,2684653.29000000,39320101.16160000,86963
2025-12-05,14.40000000,14.52000000,13.09000000,13.21000000,3576441.81000000,49115712.37000000,138570
2025-12-06,13.21000000,13.49000000,13.14000000,13.40000000,1994460.04000000,26576206.37580000,68189
2025-12-07,13.41000000,13.85000000,12.96000000,13.49000000,2408002.80000000,32338488.99100000,108521
2025-12-08,13.49000000,13.91000000,13.38000000,13.64000000,1938188.44000000,26460938.80500000,85114
2025-12-09,13.64000000,14.73000000,13.50000000,14.60000000,3324499.54000000,47077279.05490000,183166
2025-12-10,14.61000000,14.83000000,14.09000000,14.11000000,3106622.83000000,44949260.85020000,146333
2025-12-11,14.11000000,14.11000000,12.89000000,13.42000000,3801664.23000000,50712589.72450000,183190
2025-12-12,13.42000000,13.79000000,12.81000000,13.10000000,2464500.09000000,32786328.32660000,119226
2025-12-13,13.11000000,13.47000000,13.09000000,13.37000000,1578228.62000000,21003972.40530000,51424
2025-12-14,13.37000000,13.40000000,12.73000000,12.88000000,1429641.00000000,18627985.50920000,59852
2025-12-15,12.88000000,13.35000000,12.20000000,12.34000000,3503587.76000000,44757241.02370000,159279
2025-12-16,12.35000000,12.40000000,11.91000000,12.35000000,3313909.31000000,40541581.33270000,116510
2025-12-17,12.34000000,12.66000000,11.69000000,11.87000000,3989453.63000000,48462273.40250000,154749
2025-12-18,11.86000000,12.32000000,11.28000000,11.44000000,4678986.21000000,55023041.68650000,158226
2025-12-19,11.44000000,12.45000000,11.26000000,12.26000000,4112097.37000000,49154111.54420000,138640
2025-12-20,12.25000000,12.38000000,12.13000000,12.21000000,971046.59000000,11900415.35340000,36530
2025-12-21,12.22000000,12.34000000,11.96000000,12.14000000,1234066.71000000,14970691.45860000,57237
2025-12-22,12.15000000,12.45000000,12.01000000,12.42000000,3136015.78000000,38599397.08210000,116150
2025-12-23,12.42000000,12.55000000,11.84000000,12.18000000,2667803.57000000,32524544.69210000,95593
2025-12-24,12.18000000,12.23000000,11.89000000,12.10000000,1607835.82000000,19347832.12100000,62917
2025-12-25,12.11000000,12.55000000,12.05000000,12.09000000,2261537.45000000,27774426.62720000,74639
2025-12-26,12.09000000,12.62000000,12.03000000,12.34000000,2107626.16000000,26086861.11780000,83087
2025-12-27,12.34000000,12.80000000,12.33000000,12.69000000,1402720.88000000,17570216.92880000,49020
2025-12-28,12.70000000,12.90000000,12.53000000,12.64000000,1705451.88000000,21712113.22340000,55547
2025-12-29,12.64000000,13.20000000,12.35000000,12.38000000,3591031.92000000,45908072.77200000,115701
2025-12-30,12.37000000,12.64000000,12.33000000,12.58000000,1682281.43000000,21029649.63730000,48306
2025-12-31,12.58000000,12.72000000,12.21000000,12.32000000,1812519.45000000,22579867.52880000,49791
2026-01-01,12.32000000,13.69000000,12.23000000,13.59000000,4403379.82000000,57578512.30740000,162579
2026-01-02,13.59000000,13.98000000,13.09000000,13.82000000,3276497.14000000,44348526.62630000,140852
2026-01-03,13.82000000,14.40000000,13.67000000,13.99000000,2908188.75000000,40706474.07170000,107989
2026-01-04,13.98000000,14.49000000,13.90000000,14.25000000,2167561.94000000,30655106.36510000,106824
2026-01-05,14.25000000,14.72000000,13.91000000,14.45000000,3062802.52000000,43704881.73780000,163101
2026-01-06,14.46000000,14.83000000,14.24000000,14.59000000,3416418.28000000,49563749.21240000,158219
2026-01-07,14.60000000,14.60000000,13.88000000,14.11000000,2264630.86000000,32315696.06400000,93068
2026-01-08,14.12000000,14.25000000,13.60000000,13.89000000,1822609.54000000,25339467.51400000,104413
2026-01-09,13.89000000,14.22000000,13.61000000,13.79000000,1860467.06000000,25818717.81220000,107555
2026-01-10,13.78000000,13.94000000,13.64000000,13.74000000,656465.16000000,9058291.63670000,33948
2026-01-11,13.73000000,13.99000000,13.48000000,13.70000000,1071942.18000000,14780604.38370000,52591
2026-01-12,13.71000000,14.22000000,13.39000000,13.53000000,2612087.13000000,35987620.60390000,120849
2026-01-13,13.52000000,14.85000000,13.48000000,14.75000000,4022695.09000000,57616247.14690000,199179
2026-01-14,14.76000000,14.95000000,14.41000000,14.60000000,2956916.76000000,43374926.86240000,106502
2026-01-15,14.60000000,14.63000000,13.61000000,13.82000000,2471785.31000000,34914543.00240000,127989
2026-01-16,13.82000000,13.87000000,13.19000000,13.59000000,2257468.71000000,30594800.48430000,94057
2026-01-17,13.59000000,13.97000000,13.53000000,13.75000000,1153279.65000000,15840086.48860000,35785
2026-01-18,13.75000000,13.83000000,12.94000000,12.98000000,1448582.51000000,19542676.31790000,61903
2026-01-19,12.98000000,12.99000000,12.09000000,12.74000000,3210706.15000000,40573654.40270000,127369
2026-01-20,12.73000000,12.76000000,11.97000000,12.09000000,3044192.13000000,37741757.08420000,108136
2026-01-21,12.09000000,12.73000000,11.88000000,12.42000000,3475396.94000000,42619585.54020000,134770
2026-01-22,12.42000000,12.62000000,12.04000000,12.20000000,1477392.32000000,18151949.87700000,60223
2026-01-23,12.20000000,12.50000000,11.99000000,12.13000000,2123247.62000000,25918054.99280000,74860
2026-01-24,12.13000000,12.19000000,11.97000000,12.05000000,635754.35000000,7684381.22840000,22373
2026-01-25,12.05000000,12.08000000,11.23000000,11.49000000,2327274.41000000,27066900.27010000,85899
2026-01-26,11.49000000,11.92000000,11.46000000,11.72000000,2217831.40000000,25948768.59410000,71004
2026-01-27,11.72000000,12.20000000,11.58000000,12.14000000,2157614.23000000,25542573.59930000,66784
2026-01-28,12.14000000,12.29000000,11.93000000,12.07000000,1817855.54000000,21988193.43200000,74560
2026-01-29,12.08000000,12.10000000,10.80000000,11.04000000,4766952.55000000,53250777.08090000,166271
2026-01-30,11.04000000,11.09000000,10.63000000,10.87000000,4376331.89000000,47768558.00240000,140495
2026-01-31,10.88000000,10.90000000,9.16000000,10.12000000,8363024.98000000,83451737.87530000,243653
2026-02-01,10.12000000,10.26000000,9.67000000,9.91000000,3370320.29000000,33722448.54410000,124802
2026-02-02,9.91000000,10.32000000,9.53000000,10.14000000,3599683.70000000,35865158.50970000,165383
2026-02-03,10.14000000,10.34000000,9.54000000,9.93000000,4359390.25000000,43547369.29270000,128862
2026-02-04,9.92000000,10.17000000,9.55000000,9.72000000,3707443.30000000,36523799.26640000,151697
2026-02-05,9.71000000,9.85000000,8.24000000,8.32000000,10982635.25000000,98853376.32600000,365872
2026-02-06,8.32000000,9.48000000,7.55000000,9.28000000,7616631.97000000,64783492.22130000,301573
2026-02-07,9.28000000,9.40000000,8.91000000,9.23000000,4429288.97000000,40797502.71770000,158098
2026-02-08,9.22000000,9.30000000,9.00000000,9.08000000,1952474.13000000,17890276.97690000,61633
2026-02-09,9.08000000,9.21000000,8.72000000,9.06000000,2161048.33000000,19429451.41050000,80505
2026-02-10,9.06000000,9.11000000,8.65000000,8.76000000,2155570.06000000,18990472.99260000,67178
2026-02-11,8.76000000,8.97000000,8.43000000,8.63000000,3451059.39000000,29893867.78980000,93997
2026-02-12,8.63000000,8.97000000,8.62000000,8.90000000,2722312.61000000,23946387.50790000,67351
2026-02-13,8.90000000,9.26000000,8.74000000,9.14000000,2317253.05000000,20907564.19950000,61406
2026-02-14,9.15000000,9.72000000,9.12000000,9.59000000,1957200.45000000,18377929.97200000,48834
2026-02-15,9.60000000,9.75000000,9.14000000,9.29000000,2304620.32000000,21712947.14720000,67932
2026-02-16,9.29000000,9.42000000,9.05000000,9.26000000,1993597.08000000,18397083.99900000,55605
2026-02-17,9.26000000,9.30000000,9.00000000,9.14000000,1500684.97000000,13740698.18240000,53830
2026-02-18,9.13000000,9.21000000,8.80000000,8.86000000,1645715.84000000,14828457.35570000,49443
2026-02-19,8.86000000,8.94000000,8.66000000,8.91000000,2125984.17000000,18780977.24690000,51406
2026-02-20,8.90000000,9.36000000,8.88000000,9.17000000,3170314.84000000,28943009.47310000,85285
2026-02-21,9.17000000,9.45000000,9.11000000,9.12000000,1520821.29000000,14070433.73440000,43608
2026-02-22,9.12000000,9.12000000,8.79000000,8.87000000,1894149.53000000,16931299.83500000,42601
2026-02-23,8.87000000,8.90000000,8.27000000,8.36000000,3519799.52000000,29895998.18730000,109891
2026-02-24,8.37000000,8.45000000,8.18000000,8.29000000,2069343.37000000,17202490.66250000,68019
2026-02-25,8.28000000,9.84000000,8.26000000,9.51000000,8207207.42000000,76052286.52320000,224156
2026-02-26,9.51000000,9.64000000,9.09000000,9.31000000,4367337.35000000,40931318.92120000,112849
2026-02-27,9.31000000,9.48000000,8.78000000,8.95000000,3241829.57000000,29506228.67240000,98413
2026-02-28,8.95000000,9.27000000,8.42000000,9.16000000,4471001.96000000,39357160.64350000,126809
2026-03-01,9.17000000,9.43000000,8.85000000,9.04000000,3517576.45000000,32131214.54930000,109441
2026-03-02,9.03000000,9.48000000,8.86000000,9.17000000,3607621.55000000,33070581.50410000,111438
2026-03-03,9.18000000,9.34000000,8.90000000,9.18000000,2950312.27000000,26896497.79040000,93198
2026-03-04,9.18000000,9.78000000,9.00000000,9.50000000,5118929.94000000,48056475.87230000,119087
2026-03-05,9.49000000,9.58000000,9.26000000,9.39000000,2107112.13000000,19857822.04130000,76686
2026-03-06,9.38000000,9.46000000,8.88000000,9.01000000,3054531.85000000,27815152.40970000,88587
2026-03-07,9.01000000,9.08000000,8.87000000,8.91000000,1118928.85000000,10041314.45360000,28856
2026-03-08,8.91000000,9.02000000,8.69000000,8.82000000,1613416.48000000,14294758.91800000,50232
2026-03-09,8.82000000,9.53000000,8.81000000,9.26000000,3172189.24000000,29198149.80220000,116338
2026-03-10,9.26000000,9.96000000,9.25000000,9.53000000,3406932.21000000,32824134.32710000,113900
2026-03-11,9.53000000,9.86000000,9.48000000,9.55000000,1940684.53000000,18683958.67580000,73648
2026-03-12,9.56000000,9.74000000,9.43000000,9.67000000,1583048.46000000,15157369.25390000,56295
2026-03-13,9.67000000,10.29000000,9.65000000,9.72000000,3606631.26000000,35904321.04700000,108777
2026-03-14,9.72000000,9.78000000,9.52000000,9.73000000,1235374.88000000,11898407.46810000,38144
2026-03-15,9.73000000,10.04000000,9.65000000,9.95000000,1425372.81000000,13986887.15420000,51526
2026-03-16,9.94000000,10.52000000,9.88000000,10.49000000,4566957.89000000,46913161.82410000,132855
2026-03-17,10.48000000,10.55000000,10.18000000,10.20000000,2960054.15000000,30570380.05180000,68482
2026-03-18,10.20000000,10.36000000,9.48000000,9.69000000,3287751.42000000,32330982.62890000,89050
2026-03-19,9.68000000,9.75000000,9.33000000,9.48000000,1361923.80000000,12961724.82400000,52696
2026-03-20,9.48000000,9.65000000,9.41000000,9.56000000,1369184.65000000,13036734.15330000,48198
2026-03-21,9.57000000,9.64000000,9.15000000,9.21000000,1043822.96000000,9896298.31730000,32493
2026-03-22,9.21000000,9.36000000,8.87000000,9.03000000,1608037.56000000,14641165.44450000,55846
2026-03-23,9.03000000,9.76000000,8.92000000,9.56000000,3004958.69000000,28222467.65220000,109943
2026-03-24,9.56000000,9.65000000,9.35000000,9.62000000,1570023.23000000,14943838.06750000,58483
2026-03-25,9.63000000,9.80000000,9.56000000,9.68000000,1815508.94000000,17579205.63210000,45832
2026-03-26,9.69000000,9.69000000,8.99000000,9.11000000,2063705.57000000,19088243.02410000,53471
2026-03-27,9.10000000,9.15000000,8.66000000,8.79000000,2101191.00000000,18596444.93650000,53837
2026-03-28,8.79000000,8.99000000,8.70000000,8.75000000,949852.20000000,8393536.01070000,29354
2026-03-29,8.76000000,8.82000000,8.37000000,8.60000000,1116725.08000000,9648580.60150000,35697
2026-03-30,8.60000000,9.08000000,8.56000000,8.81000000,1613301.92000000,14327698.56590000,61317
2026-03-31,8.81000000,9.07000000,8.69000000,8.91000000,1636937.52000000,14509050.88650000,60329
2026-04-01,8.91000000,9.48000000,8.87000000,9.13000000,2896821.47000000,26749612.80920000,70442
2026-04-02,9.13000000,9.19000000,8.62000000,8.75000000,2611985.21000000,22920100.98570000,75509
2026-04-03,8.75000000,9.15000000,8.73000000,8.91000000,1539700.91000000,13776332.36270000,44335
2026-04-04,8.91000000,9.11000000,8.83000000,8.99000000,719054.70000000,6435184.21130000,23524
2026-04-05,8.99000000,9.09000000,8.74000000,9.06000000,857876.01000000,7625407.55960000,32341
2026-04-06,9.07000000,9.66000000,8.81000000,8.91000000,3843829.97000000,35888342.00160000,114486
2026-04-07,8.90000000,9.62000000,8.46000000,9.43000000,6882469.21000000,60571664.64620000,177542
2026-04-08,9.43000000,9.56000000,9.04000000,9.05000000,3286293.67000000,30689202.66510000,108164
2026-04-09,9.05000000,9.70000000,8.92000000,9.37000000,2920718.20000000,27090055.00370000,89524
2026-04-10,9.37000000,9.56000000,9.25000000,9.39000000,1997802.09000000,18751802.60680000,57466
2026-04-11,9.39000000,9.61000000,9.19000000,9.38000000,1639251.72000000,15384971.72990000,43107
2026-04-12,9.37000000,9.39000000,8.92000000,9.03000000,2241067.22000000,20346798.41020000,56354
2026-04-13,9.04000000,9.71000000,8.97000000,9.66000000,3419224.20000000,31782373.17600000,87228
2026-04-14,9.66000000,9.71000000,9.21000000,9.31000000,3276040.98000000,30819108.06300000,72642
2026-04-15,9.30000000,9.57000000,9.26000000,9.43000000,2180446.37000000,20508869.80380000,56021
2026-04-16,9.44000000,9.89000000,9.26000000,9.73000000,3911612.90000000,37403747.30010000,102995
2026-04-17,9.72000000,10.01000000,9.45000000,9.72000000,3237491.10000000,31559282.08560000,85887
2026-04-18,9.72000000,9.79000000,9.30000000,9.33000000,1985427.01000000,18844088.26900000,53208
2026-04-19,9.33000000,9.36000000,8.96000000,9.00000000,2781932.77000000,25548239.81230000,55991
2026-04-20,9.00000000,9.44000000,8.98000000,9.27000000,3340913.84000000,30817924.30920000,54911
2026-04-21,9.27000000,9.53000000,9.17000000,9.39000000,2526167.85000000,23618057.97510000,58264
2026-04-22,9.40000000,9.68000000,9.33000000,9.33000000,2632701.83000000,25108461.27690000,53704
2026-04-23,9.33000000,9.45000000,9.16000000,9.38000000,2441918.23000000,22703640.08220000,52223
2026-04-24,9.39000000,9.48000000,9.28000000,9.40000000,1285732.01000000,12086037.04320000,30597
2026-04-25,9.40000000,9.50000000,9.28000000,9.36000000,988627.53000000,9299974.00870000,19959
2026-04-26,9.36000000,9.55000000,9.31000000,9.45000000,1422096.89000000,13433194.28700000,29390
2026-04-27,9.46000000,9.57000000,9.08000000,9.27000000,1959769.48000000,18196804.43940000,46826
2026-04-28,9.26000000,9.28000000,9.11000000,9.17000000,1238580.90000000,11367352.66030000,28479
2026-04-29,9.17000000,9.45000000,8.92000000,9.12000000,2244269.38000000,20588513.88600000,53826
2026-04-30,9.12000000,9.23000000,9.05000000,9.09000000,1164480.51000000,10637781.31900000,28510
2026-05-01,9.10000000,9.27000000,9.06000000,9.08000000,1184996.33000000,10846518.50490000,31607
2026-05-02,9.09000000,9.25000000,9.06000000,9.18000000,818732.77000000,7489404.46920000,17987
2026-05-03,9.19000000,9.20000000,8.97000000,9.08000000,1301199.04000000,11812738.48500000,29467
2026-05-04,9.08000000,9.38000000,8.99000000,9.18000000,2651098.82000000,24359132.75690000,68957
2026-05-05,9.18000000,9.52000000,9.17000000,9.40000000,1941437.43000000,18200600.71480000,41493
2026-05-06,9.40000000,9.78000000,9.37000000,9.61000000,3142945.26000000,30207766.78180000,62379
2026-05-07,9.61000000,9.70000000,9.37000000,9.50000000,2245294.05000000,21385998.54620000,54159
2026-05-08,9.51000000,10.02000000,9.43000000,9.91000000,2762743.15000000,26825781.51750000,73826
2026-05-09,9.91000000,10.12000000,9.80000000,9.97000000,1852146.85000000,18436930.56840000,44661
2026-05-10,9.96000000,10.49000000,9.85000000,10.23000000,2767352.07000000,28061679.54850000,85639
2026-05-11,10.23000000,10.27000000,9.97000000,10.14000000,1857113.37000000,18798050.23520000,64933
2026-05-12,10.14000000,10.17000000,9.66000000,9.83000000,1849897.01000000,18289436.93790000,57387
2026-05-13,9.83000000,10.16000000,9.62000000,9.76000000,1862467.14000000,18389992.90830000,65067
2026-05-14,9.76000000,10.14000000,9.63000000,9.91000000,1918070.54000000,18959381.34710000,59817
2026-05-15,9.90000000,9.97000000,9.41000000,9.54000000,1530463.96000000,14745744.37820000,66293
2026-05-16,9.53000000,9.58000000,9.19000000,9.29000000,1253483.79000000,11699063.36860000,34291
2026-05-17,9.30000000,9.42000000,8.96000000,9.20000000,1450571.67000000,13361751.22830000,41829
2026-05-18,9.19000000,9.27000000,9.01000000,9.24000000,1552618.45000000,14194266.59210000,59013
2026-05-19,9.25000000,9.32000000,9.02000000,9.11000000,1038722.26000000,9536213.45980000,35422
2026-05-20,9.10000000,9.40000000,9.06000000,9.29800000,1388184.75000000,12863082.36165000,114968
2026-05-21,9.29700000,9.51700000,9.25000000,9.45300000,2948219.92000000,27718115.07936000,264232
2026-05-22,9.45300000,9.60200000,9.09900000,9.15400000,2311807.61000000,21722757.40449000,281621
2026-05-23,9.15500000,9.59000000,8.83400000,9.39000000,3277110.76000000,29936912.35195000,267361
2026-05-24,9.39100000,9.42900000,9.06900000,9.21200000,1141151.67000000,10574582.93844000,151562
2026-05-25,9.21200000,9.50600000,9.15300000,9.31000000,1275642.09000000,11934088.25096000,155858
2026-05-26,9.31000000,9.49000000,9.11900000,9.14000000,1716886.87000000,15928167.50934000,218437
2026-05-27,9.14000000,9.29100000,8.99400000,9.04300000,1635208.16000000,14942692.72791000,227363
2026-05-28,9.04200000,9.07400000,8.71500000,8.92800000,2253594.76000000,20018801.56883000,306454
2026-05-29,8.92800000,9.00300000,8.65600000,8.82700000,1503250.18000000,13330300.08660000,226126
2026-05-30,8.82700000,9.04900000,8.81200000,8.94600000,931649.88000000,8328528.15792000,123114
2026-05-31,8.94700000,9.08400000,8.80000000,8.98300000,1060096.52000000,9486430.09545000,147581
2026-06-01,8.98300000,9.07400000,8.67700000,8.93600000,1893045.04000000,16794322.31062000,276910
2026-06-02,8.93600000,8.94400000,8.02900000,8.18000000,2714711.46000000,23017029.25720000,300216
2026-06-03,8.18100000,8.37200000,7.90900000,8.04900000,3545648.75000000,29026754.16530000,333662
2026-06-04,8.04800000,8.11700000,7.51900000,7.70700000,4838681.72000000,37570384.91403000,421051
2026-06-05,7.70600000,7.72400000,6.58400000,6.72900000,6573341.98000000,46543254.08478000,667402
2026-06-06,6.73000000,6.93300000,6.22400000,6.66400000,3086870.73000000,20402971.74940000,336705
2026-06-07,6.66500000,6.96400000,6.50800000,6.81900000,2996990.59000000,20168960.78722000,281193
2026-06-08,6.81800000,6.88200000,6.53800000,6.76600000,2727140.09000000,18386357.29222000,254175
2026-06-09,6.76700000,6.79300000,6.44500000,6.63900000,2328663.06000000,15489887.92226000,208350
2026-06-10,6.63900000,6.68000000,6.30100000,6.38300000,2908246.40000000,18894069.89220000,276203
2026-06-11,6.38200000,6.70700000,6.38100000,6.64800000,2399397.53000000,15781875.21914000,164333
2026-06-12,6.64800000,6.70000000,6.52000000,6.57100000,1403717.92000000,9275278.50355000,109137
2026-06-13,6.57000000,6.77600000,6.55700000,6.71900000,949363.65000000,6341845.14930000,77638
2026-06-14,6.71800000,6.79100000,6.37600000,6.79000000,1842131.62000000,12139312.29245000,135897
2026-06-15,6.78900000,7.07900000,6.70000000,6.84000000,2814252.23000000,19392907.95407000,183328
2026-06-16,6.83900000,7.05000000,6.71400000,6.88000000,2036420.39000000,13990992.43782000,143858
2026-06-17,6.88100000,7.02200000,6.65300000,6.76600000,2845394.46000000,19522323.60700000,232483
2026-06-18,6.76600000,6.80400000,6.21400000,6.31800000,3654456.88000000,23553689.55634000,250127
2026-06-19,6.31700000,6.32400000,5.68100000,5.89600000,7913756.29000000,47285929.64757000,387894
2026-06-20,5.89600000,6.26300000,5.81900000,6.23900000,6784282.19000000,41085736.30925000,342765
2026-06-21,6.24000000,6.37200000,6.09700000,6.11300000,2202372.76000000,13788334.22450000,172655
2026-06-22,6.11300000,6.47200000,6.11300000,6.24100000,2576454.76000000,16189864.01541000,211739
2026-06-23,6.24100000,6.52700000,6.01300000,6.48400000,4373307.86000000,27418344.11341000,308031
2026-06-24,6.48400000,6.54400000,5.99800000,6.44400000,3540876.36000000,22402745.39433000,278688
2026-06-25,6.44400000,6.64000000,5.95400000,6.23500000,4001042.06000000,25184687.72947000,349270
2026-06-26,6.23500000,6.63400000,5.96300000,6.63300000,3312365.55000000,20862573.14540000,341240
2026-06-27,6.63300000,6.67600000,6.33600000,6.43300000,2366413.08000000,15494007.70533000,193758
2026-06-28,6.43300000,6.48700000,6.27000000,6.44800000,1453652.32000000,9248226.33684000,147827
2026-06-29,6.45000000,6.82200000,6.36400000,6.67900000,3152296.12000000,20845748.50120000,313148
2026-06-30,6.67800000,6.68100000,6.38500000,6.53800000,1664429.69000000,10895412.10097000,159449
2026-07-01,6.53900000,6.81400000,6.42700000,6.66600000,2181649.14000000,14568818.17286000,234431
2026-07-02,6.66700000,6.88000000,6.61300000,6.80000000,2084709.88000000,14083747.33914000,207210
2026-07-03,6.80100000,7.03500000,6.78300000,6.94800000,2109347.39000000,14506622.48909000,171687
2026-07-04,6.94900000,7.11500000,6.81700000,6.96800000,1211479.33000000,8412632.34889000,125513
2026-07-05,6.96700000,7.00800000,6.75300000,6.92400000,1466164.12000000,10078500.90494000,131659
2026-07-06,6.92500000,7.08800000,6.71400000,6.93000000,1901665.08000000,13104680.98942000,194185
2026-07-07,6.92900000,6.94900000,6.65000000,6.68900000,1751392.56000000,11851913.86037000,163084
2026-07-08,6.68900000,6.69800000,6.31700000,6.47500000,1985230.83000000,12766520.70231000,217145
2026-07-09,6.47400000,6.81300000,6.42800000,6.67900000,1914128.60000000,12762083.14203000,181082
2026-07-10,6.67900000,6.83400000,6.64900000,6.73900000,1021286.73000000,6892818.21868000,111409
2026-07-11,6.74000000,6.79100000,6.54200000,6.55200000,854226.18000000,5720446.88282000,77702
2026-07-12,6.55100000,6.55100000,6.28200000,6.40700000,1877910.33000000,12065911.37897000,194334
2026-07-13,6.40700000,6.68300000,6.33800000,6.45200000,2355092.42000000,15411686.37555000,255302
2026-07-14,6.45200000,6.71200000,6.42000000,6.71200000,1603548.32000000,10555708.40061000,163737
2026-07-15,6.71300000,6.77300000,6.60600000,6.70200000,1328396.32000000,8894916.69710000,118283
2026-07-16,6.70100000,6.73900000,6.48100000,6.51400000,1315109.52000000,8684722.50356000,118172
2026-07-17,6.51400000,6.65100000,6.37300000,6.59100000,1255596.06000000,8168545.20151000,117296
2026-07-18,6.59000000,6.66400000,6.51400000,6.57400000,686350.92000000,4520303.85000000,55627
2026-07-19,6.57300000,6.63700000,6.39200000,6.46500000,978201.70000000,6341724.23552000,91733
2026-07-20,6.46600000,6.65000000,6.44400000,6.57900000,1353877.25000000,8883156.73538000,160364
2026-07-21,6.57900000,6.68800000,6.52400000,6.57100000,1091551.70000000,7229311.67378000,100977
2026-07-22,6.57200000,6.66400000,6.46400000,6.62600000,1086140.96000000,7138948.81314000,99601
2026-07-23,6.62600000,6.65500000,6.19700000,6.26800000,1664124.96000000,10636214.85471000,123246
2026-07-24,6.26800000,6.32000000,6.13700000,6.30400000,1623221.95000000,10130160.01603000,122567
2026-07-25,6.30400000,6.84500000,6.23100000,6.77700000,3867570.51000000,25531102.10206000,303773
2026-07-26,6.77700000,6.83100000,6.64500000,6.74600000,1630808.48000000,10991740.00097000,132972
2026-07-27,6.74600000,6.74700000,6.37600000,6.40800000,1955258.87000000,12888272.12044000,160531
2026-07-28,6.40700000,6.62900000,6.35800000,6.57700000,1119463.74000000,7255483.27420000,103325
2026-07-29,6.57800000,6.63800000,6.30800000,6.43200000,1293213.73000000,8296160.23992000,137833
2026-07-30,6.43200000,6.52700000,6.39100000,6.43400000,771834.13000000,4993748.79041000,67041
2026-07-31,6.43500000,6.54400000,6.33100000,6.38600000,819820.02000000,5275242.68277000,89287
2026-08-01,6.38700000,6.45300000,6.04000000,6.19100000,1167037.11000000,7270527.04144000,139635
2026-08-02,6.19100000,6.68700000,6.18500000,6.55300000,2517781.71000000,16524199.97320000,250990
2026-08-03,6.55200000,6.59800000,6.36900000,6.57500000,1267341.88000000,8225091.00325000,103655
2026-08-04,6.57400000,6.98700000,6.56300000,6.68800000,2731770.42000000,18569402.10764000,294615
2026-08-05,6.68800000,6.72100000,6.53100000,6.66100000,1320599.81000000,8788957.92280000,108135
2026-08-06,6.66200000,6.70300000,6.35000000,6.44100000,2135215.91000000,13834039.25840000,190784
2026-08-07,6.44000000,6.52600000,6.36100000,6.43500000,1004941.86000000,6469297.27688000,92374
2026-08-08,6.43400000,6.59500000,6.41900000,6.48200000,855003.47000000,5584758.92277000,68258
2026-08-09,6.48100000,6.59500000,6.38600000,6.42100000,940429.80000000,6118562.05018000,68088
2026-08-10,6.42100000,6.58200000,6.37600000,6.43600000,878602.61000000,5707663.66249000,92891
2026-08-11,6.43600000,6.55600000,6.11000000,6.32200000,1962735.46000000,12393610.62736000,209216
2026-08-12,6.32400000,6.54600000,6.21000000,6.32000000,2173034.59000000,13796322.71158000,171098
2026-08-13,6.31900000,6.55000000,6.31700000,6.45700000,1828921.99000000,11847455.18941000,137256
2026-08-14,6.45700000,6.49500000,6.34800000,6.47600000,806959.39000000,5177480.91847000,55564
2026-08-15,6.47700000,6.87700000,6.30100000,6.33300000,3123846.95000000,20666497.88051000,235310
2026-08-16,6.33300000,6.43700000,6.22000000,6.33000000,1434201.08000000,9079295.38069000,100428
2026-08-17,6.33000000,6.40300000,6.29200000,6.35200000,1076323.37000000,6818899.79639000,76072
2026-08-18,6.35200000,6.45500000,6.23700000,6.33400000,1209321.79000000,7652329.34458000,74852
2026-08-19,6.33500000,6.87900000,6.29100000,6.77800000,3799228.33000000,25106703.75697000,338434
2026-08-20,6.77800000,7.32200000,6.69100000,7.29100000,4064817.72000000,28491075.62204000,381051
2026-08-21,7.29100000,7.89300000,7.21800000,7.83800000,5548257.14000000,41836268.44442000,501624
2026-08-22,7.83800000,8.31700000,7.00000000,7.49400000,5750893.99000000,44155102.99463000,573852
2026-08-23,7.49300000,7.67600000,7.27500000,7.60900000,2716749.15000000,20368419.90543000,260923
2026-08-24,7.60800000,7.64900000,7.39500000,7.54400000,2891583.23000000,21756216.63612000,270006
2026-08-25,7.54400000,7.73400000,7.22600000,7.32800000,2538319.32000000,19045774.95810000,221824
2026-08-26,7.32800000,7.46000000,7.15300000,7.44100000,1499356.55000000,10980307.96979000,141163
2026-08-27,7.44200000,7.58300000,7.29700000,7.52700000,1968876.18000000,14702098.86499000,135533
2026-08-28,7.52800000,7.59700000,7.20500000,7.30800000,2346908.53000000,17334368.12357000,166516
2026-08-29,7.30800000,7.36800000,7.22600000,7.33100000,757615.50000000,5531535.42402000,46859
2026-08-30,7.33100000,7.47100000,7.01100000,7.11300000,1682039.44000000,12277391.97307000,129699
2026-08-31,7.11400000,7.26500000,7.08100000,7.23300000,1331118.03000000,9564429.83368000,81071
2026-09-01,7.23300000,7.37200000,7.14300000,7.21800000,2070626.38000000,15039235.85929000,123858
2026-09-02,7.21900000,7.25700000,7.04100000,7.19400000,1521595.82000000,10883461.40216000,98951
2026-09-03,7.19400000,7.57800000,7.13400000,7.51900000,2931335.46000000,21618025.94440000,184180
2026-09-04,7.51800000,7.53700000,7.26900000,7.38600000,2432762.29000000,18065174.33593000,133131
2026-09-05,7.38600000,7.65000000,7.37700000,7.59300000,2358945.58000000,17728007.82000000,118077
2026-09-06,7.59200000,7.93600000,7.53200000,7.90800000,2487797.91000000,19164738.01559000,140630
2026-09-07,7.90700000,8.20000000,7.73100000,8.07800000,4798034.82000000,38384627.28374000,271567
2026-09-08,8.07800000,8.19900000,7.83000000,8.00800000,3981201.39000000,32005917.38436000,247699
2026-09-09,8.00800000,8.07200000,7.68500000,7.79800000,2829119.10000000,22441235.70030000,206788
2026-09-10,7.79800000,7.86800000,7.41900000,7.42500000,2083765.59000000,15969004.98456000,159249
2026-09-11,7.42500000,7.83900000,7.27600000,7.46300000,3812418.85000000,28671267.50355000,297223
2026-09-12,7.46400000,7.49300000,7.36100000,7.40100000,1153186.54000000,8566578.05089000,76309
2026-09-13,7.39900000,7.46200000,7.27900000,7.29000000,1252215.18000000,9231646.13066000,81854
2026-09-14,7.29100000,7.80300000,7.25700000,7.56300000,2307581.61000000,17380593.36651000,144639
2026-09-15,7.56300000,7.61600000,7.18900000,7.27000000,2685537.16000000,19957274.64424000,157972
2026-09-16,7.27100000,7.49000000,7.16900000,7.47700000,2589576.24000000,18888604.18141000,160967
2026-09-17,7.47800000,7.65200000,7.46900000,7.61100000,2486716.51000000,18829628.97923000,152190
2026-09-18,7.61100000,8.34100000,7.58800000,8.20400000,5854957.59000000,47072440.59026000,370436
2026-09-19,8.20400000,10.17400000,8.20200000,10.09400000,9234916.95000000,85017237.07228000,913687
2026-09-20,10.09300000,11.47400000,9.43600000,11.31300000,14361578.41000000,151380013.10478000,1556381
2026-09-21,11.31400000,11.79900000,10.76400000,11.23100000,9855466.04000000,110759359.84658000,1008250
2026-09-22,11.23100000,11.37900000,10.52400000,11.31300000,5558641.83000000,60995089.12677000,529934
2026-09-23,11.31200000,11.40000000,10.07300000,10.26400000,5850594.85000000,62891600.42385000,642203
2026-09-24,10.26600000,10.75000000,9.96600000,10.20700000,4972740.83000000,51208788.48539000,402040
2026-09-25,10.20700000,10.74400000,10.08200000,10.65200000,4721826.96000000,49214793.68163000,421455
2026-09-26,10.65200000,11.13400000,10.51100000,10.84200000,4434844.31000000,48017776.27594000,371789
2026-09-27,10.84100000,11.28200000,10.66200000,10.90500000,4425157.33000000,48613988.84509000,377055
2026-09-28,10.90500000,10.98100000,10.14500000,10.61600000,5380583.14000000,56704299.97883000,522493
2026-09-29,10.61700000,12.00800000,10.33600000,11.43600000,10479522.91000000,118483100.93423000,990388
2026-09-30,11.43500000,11.48300000,10.80300000,10.93700000,6189878.59000000,68867752.34062000,546740
2026-10-01,10.93800000,11.18200000,10.73200000,10.99000000,4557595.43000000,50077365.97250000,340661
2026-10-02,10.98900000,11.26700000,10.45000000,10.80000000,6213514.72000000,67830708.39153000,387239
2026-10-03,10.80000000,11.21800000,10.76400000,11.12500000,2999214.47000000,33069293.56592000,257426
2026-10-04,11.12500000,11.14100000,10.94800000,11.10300000,1687388.87000000,18646057.63219000,127627
2026-10-05,11.10300000,11.17500000,10.79200000,11.12900000,3249701.63000000,35657009.14241000,237087
2026-10-06,11.12900000,11.73000000,11.10700000,11.60800000,5797560.75000000,66053196.32928000,454623
2026-10-07,11.60800000,11.65500000,10.94200000,11.13000000,7020576.08000000,78512477.33430000,611873
