date,open,high,low,close,volume,quote_volume,trades
2021-04-17,1103.54000000,1219.98000000,988.62000000,991.76000000,733523.99364000,809979854.71460370,848901
2021-04-18,992.11000000,1015.30000000,806.89000000,972.51000000,781742.51031000,711976791.36975320,795104
2021-04-19,972.51000000,1040.52000000,872.18000000,891.27000000,538626.70315000,510647002.28169120,654078
2021-04-20,891.57000000,972.69000000,828.00000000,940.79000000,474777.94408000,433514424.72222000,680839
2021-04-21,940.41000000,998.80000000,899.31000000,909.20000000,390598.05242000,371644559.57955870,629387
2021-04-22,909.27000000,971.61000000,840.00000000,853.08000000,418319.88377000,383566458.36961310,515706
2021-04-23,853.22000000,874.44000000,685.36000000,839.34000000,608416.42846000,477398697.86373890,537891
2021-04-24,839.34000000,843.01000000,747.79000000,770.41000000,255044.98998000,201223826.70987730,367761
2021-04-25,771.36000000,807.01000000,715.28000000,758.87000000,164175.23223000,126412462.87316060,232758
2021-04-26,759.30000000,850.00000000,750.44000000,848.88000000,240883.28745000,197250403.43426280,244753
2021-04-27,848.89000000,892.00000000,832.19000000,890.58000000,190490.33123000,165048917.70348910,325221
2021-04-28,890.15000000,929.00000000,852.39000000,910.44000000,251408.92114000,223307776.60594300,292654
2021-04-29,910.44000000,915.00000000,859.01000000,880.43000000,154378.49380000,136919761.76940030,275029
2021-04-30,880.23000000,1000.83000000,869.05000000,995.51000000,211812.19281000,199907563.03768330,370019
2021-05-01,995.90000000,1031.27000000,975.90000000,1003.77000000,186785.08757000,187116350.71464720,458293
2021-05-02,1003.55000000,1011.00000000,950.32000000,972.25000000,120636.34335000,118052178.66143010,138902
2021-05-03,972.67000000,1049.00000000,971.20000000,1015.02000000,170309.48770000,172537791.61583290,229811
2021-05-04,1015.68000000,1055.99000000,930.69000000,950.89000000,400173.45451000,394015403.26635070,392636
2021-05-05,951.02000000,1477.00000000,939.01000000,1453.49000000,982455.57352000,1216534869.95347390,1271436
2021-05-06,1453.04000000,1610.30000000,1270.12000000,1509.27000000,1022211.69691000,1454920998.25761260,1558529
2021-05-07,1509.22000000,1511.42000000,1269.44000000,1340.72000000,571117.72722000,796083383.91355080,696471
2021-05-08,1340.15000000,1449.63000000,1322.33000000,1396.86000000,354887.17744000,492469304.18281160,573592
2021-05-09,1396.73000000,1430.00000000,1282.73000000,1427.80000000,257872.90404000,350191489.57000990,416172
2021-05-10,1427.87000000,1571.87000000,1198.15000000,1321.31000000,480686.22854000,685545869.12623660,760297
2021-05-11,1321.20000000,1550.00000000,1300.00000000,1547.51000000,351316.20726000,492558972.12505380,592569
2021-05-12,1548.29000000,1650.00000000,1200.00000000,1236.46000000,490390.17148000,716060363.97321340,763955
2021-05-13,1236.46000000,1344.10000000,1133.42000000,1258.52000000,551513.17345000,686640710.73061100,688528
2021-05-14,1257.11000000,1361.44000000,1223.79000000,1296.38000000,246717.05169000,317371822.30358840,389227
2021-05-15,1296.78000000,1336.84000000,1161.79000000,1171.75000000,241359.96058000,298020456.53580260,323984
2021-05-16,1171.36000000,1282.00000000,1098.93000000,1166.69000000,281277.75587000,333860926.11721840,374440
2021-05-17,1166.88000000,1168.14000000,988.43000000,1069.74000000,404222.98907000,432096808.24651200,456175
2021-05-18,1069.62000000,1166.13000000,1051.20000000,1089.32000000,231294.37703000,256236601.57351260,324698
2021-05-19,1089.43000000,1113.06000000,490.00000000,694.51000000,943458.65757000,766116273.36123310,946507
2021-05-20,694.50000000,864.28000000,600.00000000,817.65000000,587781.52102000,447022450.63943780,570902
2021-05-21,817.58000000,850.93000000,604.00000000,687.50000000,699870.06323000,515443469.46497220,640518
2021-05-22,687.51000000,721.76000000,598.98000000,629.85000000,456596.53325000,301579155.86326070,439641
2021-05-23,629.96000000,659.85000000,468.13000000,552.37000000,687431.92972000,380164623.14226430,550702
2021-05-24,551.74000000,759.99000000,538.11000000,754.00000000,470042.80887000,299333964.95477030,453554
2021-05-25,753.80000000,792.61000000,667.60000000,718.79000000,453339.03018000,324501332.34869800,506510
2021-05-26,719.50000000,788.66000000,707.24000000,763.96000000,269036.81715000,200937332.93407410,384931
2021-05-27,764.16000000,806.87000000,700.52000000,750.03000000,233887.66575000,176462214.71172420,330058
2021-05-28,750.20000000,761.57000000,652.25000000,688.28000000,302614.79017000,210700041.78712530,338243
2021-05-29,688.75000000,721.25000000,617.57000000,651.96000000,197313.51574000,131529018.92321510,236816
2021-05-30,652.00000000,688.61000000,616.04000000,661.66000000,138072.20393000,91093701.86518150,160869
2021-05-31,661.41000000,711.40000000,634.34000000,702.46000000,173886.93112000,118147335.03154000,183177
2021-06-01,702.47000000,721.33000000,668.13000000,691.13000000,161829.18590000,111522091.34156500,194828
2021-06-02,691.07000000,716.44000000,674.59000000,697.36000000,120872.00835000,84252236.30883190,161030
2021-06-03,697.68000000,735.53000000,687.43000000,718.91000000,133112.20681000,95109385.23035650,172038
2021-06-04,718.98000000,720.00000000,642.67000000,670.74000000,138850.61902000,93315785.42113530,194938
2021-06-05,670.57000000,688.93000000,634.13000000,649.31000000,110720.05945000,73289942.82014630,137821
2021-06-06,649.04000000,670.00000000,644.57000000,656.10000000,63516.71238000,41750028.21763780,90352
2021-06-07,656.17000000,670.63000000,590.47000000,596.45000000,108223.56663000,69300676.51638010,137266
2021-06-08,596.30000000,604.89000000,542.63000000,595.31000000,213866.11326000,123941777.60250390,225486
2021-06-09,595.31000000,634.63000000,566.11000000,634.00000000,154574.44857000,93050719.53401410,181758
2021-06-10,633.99000000,639.20000000,588.19000000,601.11000000,117895.94848000,72377727.16402580,146144
2021-06-11,601.61000000,611.60000000,569.43000000,577.04000000,101686.78286000,60469465.51542410,123101
2021-06-12,577.19000000,591.84000000,547.18000000,580.00000000,96151.23981000,54558638.93233580,117893
2021-06-13,580.06000000,615.49000000,558.61000000,613.46000000,82082.37430000,47842529.29500090,110388
2021-06-14,613.41000000,642.00000000,598.94000000,641.50000000,104342.50766000,64464258.53148090,137786
2021-06-15,641.29000000,650.35000000,616.43000000,627.17000000,90740.18982000,57406749.98221720,117806
2021-06-16,627.16000000,628.17000000,589.58000000,593.73000000,84039.84142000,51071772.88410400,121486
2021-06-17,593.70000000,621.00000000,583.66000000,598.95000000,72418.19694000,43784340.27043960,93675
2021-06-18,599.01000000,599.48000000,544.69000000,563.21000000,91446.32394000,52367912.19670620,123529
2021-06-19,563.27000000,581.59000000,551.33000000,552.12000000,59695.93864000,33843817.45496080,93788
2021-06-20,552.04000000,560.86000000,513.36000000,556.16000000,95965.81875000,51638672.90016740,119157
2021-06-21,556.10000000,559.88000000,454.13000000,455.40000000,226905.28222000,112038365.92407650,213792
2021-06-22,455.22000000,478.76000000,387.61000000,444.06000000,331912.80577000,143061256.40022840,285434
2021-06-23,444.24000000,485.90000000,428.00000000,472.79000000,172528.56467000,80510293.27785570,161751
2021-06-24,472.99000000,495.82000000,455.24000000,486.96000000,108182.74342000,52074858.67472560,111461
2021-06-25,486.97000000,497.55000000,449.18000000,449.22000000,130475.41084000,61344949.98844120,134329
2021-06-26,449.23000000,464.49000000,428.43000000,459.58000000,122490.90442000,54486897.10730780,116306
2021-06-27,459.56000000,478.31000000,446.35000000,477.79000000,76419.45428000,35180795.80231460,85480
2021-06-28,477.76000000,518.80000000,472.31000000,501.83000000,118530.62635000,58670461.30966790,118351
2021-06-29,501.62000000,546.83000000,499.89000000,524.01000000,151297.81941000,79879828.96328150,158349
2021-06-30,524.26000000,534.33000000,498.14000000,526.80000000,110061.54910000,56748214.65152140,115428
2021-07-01,526.80000000,526.81000000,485.46000000,495.79000000,114834.02249000,57318491.71769560,108103
2021-07-02,495.74000000,504.73000000,475.69000000,495.76000000,89209.25415000,43469975.45763160,87357
2021-07-03,495.76000000,514.87000000,487.84000000,505.24000000,59372.49593000,29929476.70122120,69906
2021-07-04,505.24000000,542.04000000,495.26000000,526.73000000,88071.08661000,46215587.55783150,109180
2021-07-05,526.92000000,527.43000000,487.00000000,504.31000000,107406.78704000,54595036.92976010,118014
2021-07-06,504.42000000,525.96000000,499.62000000,511.55000000,89128.39943000,45612274.63679490,103855
2021-07-07,511.42000000,537.74000000,505.35000000,509.35000000,108366.99235000,56534600.87831550,113239
2021-07-08,509.13000000,510.81000000,479.02000000,490.30000000,103159.74225000,50898324.01042240,105585
2021-07-09,490.31000000,510.28000000,471.22000000,504.16000000,87878.24218000,43159806.60980730,101070
2021-07-10,504.03000000,511.26000000,483.62000000,496.94000000,60935.68907000,30155258.49746980,70373
2021-07-11,496.95000000,503.73000000,489.30000000,498.11000000,48361.17665000,24003543.96996110,55943
2021-07-12,498.10000000,509.02000000,471.06000000,479.58000000,74244.60217000,36353601.08100270,86326
2021-07-13,479.58000000,484.41000000,459.77000000,465.10000000,63722.01888000,30159522.85146220,71662
2021-07-14,465.00000000,478.44000000,443.41000000,467.36000000,85764.77993000,39533301.13862960,92452
2021-07-15,467.36000000,474.01000000,443.62000000,455.90000000,79013.92001000,35956806.77592270,87597
2021-07-16,455.76000000,464.76000000,436.70000000,438.02000000,72404.47530000,32499380.01079620,83454
2021-07-17,438.12000000,446.81000000,430.01000000,436.07000000,66769.39009000,29180588.85485530,67302
2021-07-18,436.15000000,453.28000000,431.74000000,437.92000000,63907.09716000,28304678.54126100,63465
2021-07-19,438.00000000,441.37000000,413.22000000,414.94000000,73192.33227000,31070473.97642950,72938
2021-07-20,414.94000000,422.22000000,383.53000000,398.48000000,123809.16022000,49224069.29036000,113533
2021-07-21,398.61000000,435.56000000,392.00000000,430.70000000,110417.62569000,46237994.68793620,107464
2021-07-22,430.76000000,445.48000000,424.27000000,442.15000000,77928.94325000,33888887.16532040,76995
2021-07-23,442.27000000,456.12000000,431.36000000,454.78000000,71929.13007000,31850209.70796400,79009
2021-07-24,454.80000000,464.79000000,449.92000000,458.49000000,70744.57755000,32342430.44135390,74113
2021-07-25,458.63000000,459.52000000,441.17000000,454.99000000,73995.53641000,33234235.56288130,73109
2021-07-26,455.06000000,517.91000000,452.65000000,481.09000000,262175.42413000,129702320.64316930,258358
2021-07-27,481.25000000,504.10000000,467.51000000,501.91000000,124593.31289000,60431697.69999080,125778
2021-07-28,501.79000000,519.52000000,489.26000000,511.41000000,136467.60549000,69088745.34748890,133187
2021-07-29,511.66000000,547.66000000,498.56000000,538.90000000,132327.90946000,69236863.21075530,138293
2021-07-30,539.01000000,553.38000000,516.55000000,552.77000000,126232.68551000,67563553.05387810,145294
2021-07-31,552.78000000,558.00000000,536.73000000,545.98000000,93489.27141000,51045904.10705210,103288
2021-08-01,545.80000000,564.57000000,512.00000000,526.26000000,128112.36165000,69945287.44879120,134222
2021-08-02,526.26000000,567.57000000,519.50000000,543.30000000,132569.06316000,72778593.64802390,149005
2021-08-03,543.27000000,551.92000000,521.32000000,538.60000000,91067.60739000,48693120.76848510,103732
2021-08-04,538.52000000,552.84000000,524.44000000,545.72000000,87376.84649000,47190034.69975190,95190
2021-08-05,545.73000000,550.82000000,522.66000000,548.39000000,128862.96248000,69263919.93604660,136078
2021-08-06,548.42000000,561.17000000,536.93000000,557.42000000,132109.43214000,72647029.41469550,157198
2021-08-07,557.45000000,590.76000000,553.42000000,583.53000000,190862.13152000,109747464.72330530,253920
2021-08-08,583.61000000,590.01000000,554.05000000,555.56000000,144243.45952000,82453188.80317890,143407
2021-08-09,555.57000000,601.00000000,543.08000000,591.37000000,162018.25286000,93291728.57078500,177530
2021-08-10,591.32000000,607.57000000,573.40000000,592.06000000,144091.99390000,84800912.64938820,152295
2021-08-11,592.24000000,632.46000000,590.49000000,620.37000000,143601.15167000,87884437.22284950,182749
2021-08-12,620.28000000,649.86000000,592.37000000,606.21000000,164788.81625000,101824844.53516310,178211
2021-08-13,606.09000000,655.48000000,601.10000000,654.44000000,109691.85796000,69483300.41251800,138925
2021-08-14,654.50000000,692.88000000,642.00000000,692.08000000,147262.58574000,97348219.69979560,197804
2021-08-15,691.95000000,709.66000000,672.03000000,703.42000000,164209.90548000,113467971.32892020,204794
2021-08-16,703.25000000,714.76000000,673.16000000,673.31000000,119743.49098000,83144561.98627090,153511
2021-08-17,673.26000000,691.05000000,637.66000000,639.19000000,109258.83752000,73225136.03951690,140582
2021-08-18,639.13000000,655.25000000,619.72000000,632.04000000,108628.80486000,69375215.58793620,138343
2021-08-19,631.95000000,660.27000000,619.60000000,659.83000000,87859.81953000,55912882.33347970,119394
2021-08-20,659.71000000,700.45000000,652.13000000,693.99000000,97292.22596000,65256814.79372690,139777
2021-08-21,694.08000000,700.00000000,671.25000000,675.56000000,88300.18374000,60564554.14506290,126187
2021-08-22,675.32000000,689.39000000,652.00000000,672.29000000,69491.00267000,46690046.86950660,96433
2021-08-23,672.32000000,694.24000000,664.12000000,678.22000000,148585.12555000,100948160.80606230,157844
2021-08-24,678.05000000,683.68000000,633.27000000,636.38000000,92281.60481000,60769918.04093530,119382
2021-08-25,636.25000000,658.76000000,626.28000000,650.39000000,85748.25743000,54980342.44981280,97003
2021-08-26,650.40000000,656.26000000,603.89000000,606.10000000,85550.87441000,53135526.17862790,83805
2021-08-27,606.20000000,636.40000000,596.20000000,636.00000000,81897.10718000,50364326.60359080,81000
2021-08-28,635.90000000,646.80000000,622.40000000,646.60000000,59859.89069000,37920512.49963580,62110
2021-08-29,646.60000000,693.40000000,646.50000000,659.00000000,208061.96325000,139475000.15214920,194705
2021-08-30,659.00000000,665.20000000,630.00000000,632.40000000,82527.80600000,53309617.71110000,86472
2021-08-31,632.30000000,651.40000000,623.90000000,636.60000000,85649.52500000,54575389.52580000,89816
2021-09-01,636.80000000,657.40000000,625.30000000,655.70000000,109121.63800000,70175046.65760000,102284
2021-09-02,655.80000000,673.90000000,652.50000000,664.30000000,78695.69300000,52356574.38040000,99475
2021-09-03,664.30000000,721.70000000,651.00000000,713.70000000,183097.98987000,126902784.69547420,227311
2021-09-04,713.60000000,737.50000000,696.40000000,709.00000000,162246.49484000,115548393.01204880,193687
2021-09-05,709.10000000,767.40000000,698.10000000,764.50000000,141345.97943000,102523616.73804080,192184
2021-09-06,764.50000000,803.60000000,741.20000000,784.50000000,233263.46948000,181186652.27864580,299163
2021-09-07,784.50000000,787.60000000,583.10000000,673.40000000,376360.05746000,261173675.57551330,402795
2021-09-08,673.50000000,679.60000000,644.10000000,662.70000000,130590.47400000,86472981.01340000,127754
2021-09-09,662.80000000,673.50000000,655.40000000,661.50000000,91459.42300000,60923206.31490000,88750
2021-09-10,661.40000000,673.90000000,617.90000000,628.90000000,89982.71500000,58385323.67270000,87848
2021-09-11,628.80000000,647.90000000,625.60000000,636.10000000,58841.44200000,37498725.80380000,63152
2021-09-12,636.20000000,655.30000000,623.10000000,646.50000000,63703.35600000,40966285.54550000,71092
2021-09-13,646.60000000,661.30000000,591.40000000,614.10000000,169513.76800000,105805936.29830000,171127
2021-09-14,614.10000000,642.80000000,608.40000000,640.70000000,73259.53900000,45931851.65800000,78398
2021-09-15,640.60000000,656.90000000,632.20000000,652.60000000,62783.18000000,40383893.20380000,70366
2021-09-16,652.50000000,655.30000000,625.70000000,639.20000000,77227.74000000,49463444.28980000,82536
2021-09-17,639.20000000,647.90000000,612.40000000,621.20000000,79876.62800000,50241982.05690000,90007
2021-09-18,621.40000000,638.30000000,614.20000000,630.80000000,54528.41800000,34320447.26040000,53707
2021-09-19,630.60000000,647.50000000,601.70000000,608.70000000,80578.29000000,50242864.21440000,82187
2021-09-20,608.80000000,609.30000000,530.10000000,542.70000000,179788.74081000,100806341.14421750,160063
2021-09-21,542.60000000,552.40000000,496.60000000,505.40000000,189039.77906000,100624568.55017810,147328
2021-09-22,505.10000000,548.10000000,496.20000000,547.70000000,111368.65700000,58556346.77110000,85154
2021-09-23,547.60000000,553.80000000,532.30000000,552.70000000,75540.42100000,41082706.71940000,64217
2021-09-24,552.60000000,556.80000000,478.90000000,513.50000000,164421.03637000,83848021.92316110,128630
2021-09-25,513.20000000,523.30000000,501.70000000,516.80000000,99450.21700000,51099812.13200000,82654
2021-09-26,516.90000000,519.90000000,480.20000000,503.20000000,161614.93900000,81610829.77450000,122580
2021-09-27,503.10000000,515.20000000,487.60000000,488.00000000,106024.08800000,53394262.47140000,79928
2021-09-28,488.10000000,499.30000000,472.20000000,474.20000000,104265.50880000,50893446.83531670,77053
2021-09-29,474.00000000,498.20000000,471.30000000,484.90000000,81899.35354000,39710768.86630570,65800
2021-09-30,484.90000000,506.10000000,481.90000000,502.60000000,73302.83400000,36451576.97880000,60850
2021-10-01,502.80000000,544.70000000,500.30000000,543.70000000,102037.20400000,53629263.18780000,95025
2021-10-02,543.70000000,559.90000000,536.40000000,552.10000000,67360.38500000,36864052.05980000,68434
2021-10-03,552.00000000,579.10000000,544.50000000,571.00000000,73818.85000000,41645481.61770000,80480
2021-10-04,571.10000000,571.20000000,530.20000000,550.70000000,104364.04600000,57403601.04540000,94704
2021-10-05,550.80000000,600.30000000,548.80000000,594.50000000,101027.90100000,57979617.41420000,117561
2021-10-06,594.70000000,626.50000000,562.10000000,617.10000000,194811.31400000,117622953.00120000,214480
2021-10-07,617.20000000,636.70000000,597.60000000,611.30000000,159699.31000000,98378892.61960000,172273
2021-10-08,611.50000000,617.80000000,587.50000000,596.20000000,115217.98200000,69571178.44880000,144891
2021-10-09,596.30000000,624.50000000,591.30000000,615.20000000,82548.97800000,50558228.86620000,96468
2021-10-10,615.20000000,623.20000000,582.10000000,584.70000000,85734.07800000,51894086.86660000,92427
2021-10-11,584.50000000,618.50000000,576.70000000,601.30000000,102504.50200000,61800707.89530000,102938
2021-10-12,601.10000000,601.30000000,567.70000000,587.90000000,98138.06200000,57289477.34800000,95076
2021-10-13,587.90000000,594.90000000,571.40000000,593.70000000,91096.30600000,53166771.87340000,92350
2021-10-14,593.70000000,607.70000000,590.30000000,599.10000000,75123.44700000,44958981.24210000,80211
2021-10-15,599.10000000,637.20000000,585.60000000,625.70000000,169544.92600000,105057561.92160000,202592
2021-10-16,625.40000000,649.40000000,623.60000000,625.40000000,100802.45600000,64117104.91100000,124321
2021-10-17,625.60000000,628.70000000,589.70000000,612.50000000,84225.55700000,51619345.04280000,81778
2021-10-18,612.60000000,619.30000000,598.30000000,611.50000000,70874.91000000,43217283.07420000,69735
2021-10-19,611.30000000,625.00000000,599.40000000,618.50000000,71717.37800000,43995090.22290000,80825
2021-10-20,618.50000000,648.90000000,605.10000000,644.70000000,93634.90100000,58971236.16190000,123537
2021-10-21,644.60000000,655.90000000,621.10000000,623.40000000,116045.59500000,74279598.68440000,144925
2021-10-22,623.30000000,637.00000000,612.50000000,623.90000000,66136.18700000,41398104.98540000,84299
2021-10-23,623.80000000,637.60000000,614.80000000,629.10000000,50173.93900000,31485478.28040000,67343
2021-10-24,629.00000000,633.10000000,605.60000000,617.20000000,66362.21200000,41190710.56230000,86577
2021-10-25,617.20000000,628.50000000,614.80000000,621.30000000,58271.08200000,36230136.25680000,70773
2021-10-26,621.30000000,632.20000000,600.00000000,611.90000000,68384.25100000,42236657.10050000,105512
2021-10-27,612.00000000,619.20000000,531.20000000,548.40000000,137606.38700000,78506299.36260000,165230
2021-10-28,548.40000000,599.00000000,543.80000000,578.70000000,133464.87700000,76068244.19370000,172550
2021-10-29,578.70000000,596.60000000,574.20000000,594.80000000,57143.76100000,33466301.85950000,78540
2021-10-30,594.90000000,601.10000000,576.00000000,585.30000000,49042.95200000,28929316.70510000,67400
2021-10-31,585.30000000,604.90000000,573.90000000,596.90000000,84296.58700000,49759339.39730000,106929
2021-11-01,596.90000000,599.60000000,578.50000000,586.90000000,62284.44900000,36651017.26000000,81971
2021-11-02,587.00000000,608.60000000,582.10000000,598.40000000,64432.65200000,38367905.34090000,88117
2021-11-03,598.50000000,620.00000000,588.80000000,611.00000000,117461.92600000,71137617.51340000,145589
2021-11-04,611.20000000,613.20000000,586.20000000,595.60000000,64670.83600000,38760872.27630000,76446
2021-11-05,595.40000000,632.80000000,591.60000000,597.70000000,163703.64100000,99246574.13060000,188530
2021-11-06,597.60000000,602.40000000,576.20000000,587.40000000,51914.27600000,30599373.91510000,71838
2021-11-07,587.40000000,600.50000000,585.80000000,600.40000000,37065.57000000,21977117.97990000,48976
2021-11-08,600.40000000,643.00000000,598.70000000,638.40000000,131609.54900000,81786831.70010000,194759
2021-11-09,638.40000000,731.40000000,636.50000000,717.50000000,337609.00800000,230915708.03850000,530078
2021-11-10,717.40000000,729.30000000,643.90000000,662.90000000,290490.42600000,202521890.52020000,375746
2021-11-11,662.70000000,680.80000000,658.40000000,675.80000000,93440.46900000,62819803.52120000,117397
2021-11-12,675.80000000,684.50000000,646.70000000,668.10000000,107119.81900000,71146435.54750000,126463
2021-11-13,668.20000000,670.80000000,655.40000000,665.60000000,59366.55800000,39392721.44250000,62132
2021-11-14,665.70000000,679.60000000,657.30000000,679.50000000,65643.81500000,43850296.74850000,73753
2021-11-15,679.60000000,686.30000000,664.30000000,665.60000000,72500.05600000,48915725.70290000,84824
2021-11-16,665.60000000,665.70000000,571.00000000,597.80000000,184354.63200000,113214816.97600000,209941
2021-11-17,598.00000000,603.70000000,577.40000000,595.00000000,95949.71200000,56641821.74550000,106786
2021-11-18,595.10000000,601.90000000,542.50000000,554.40000000,112696.84000000,64220904.12660000,110133
2021-11-19,554.40000000,577.00000000,548.10000000,574.30000000,70640.87000000,39788419.26510000,64236
2021-11-20,574.30000000,588.30000000,564.60000000,584.50000000,55870.12100000,32320958.02700000,62289
2021-11-21,584.50000000,585.40000000,568.70000000,574.40000000,43043.00100000,24815035.58950000,47859
2021-11-22,574.70000000,578.30000000,546.60000000,556.90000000,79429.49800000,44724408.39220000,80461
2021-11-23,556.90000000,575.60000000,546.20000000,571.10000000,77026.05100000,43183555.33210000,74773
2021-11-24,571.00000000,620.20000000,558.40000000,618.80000000,147972.63500000,86951355.35880000,176487
2021-11-25,618.60000000,635.90000000,607.50000000,616.80000000,119004.64300000,73975971.45300000,144025
2021-11-26,616.70000000,618.70000000,540.00000000,557.30000000,238191.96100000,135111124.20570000,209063
2021-11-27,557.10000000,573.40000000,554.90000000,562.70000000,55251.04200000,31227728.15600000,55471
2021-11-28,562.40000000,569.20000000,530.80000000,568.70000000,78454.33300000,43310086.25180000,73342
2021-11-29,568.90000000,581.40000000,557.00000000,574.90000000,80606.45800000,45969441.08070000,79133
2021-11-30,575.00000000,587.70000000,556.70000000,570.40000000,97384.50500000,55717951.28600000,101408
2021-12-01,570.40000000,586.70000000,565.00000000,570.80000000,63632.86700000,36625508.19870000,70640
2021-12-02,570.50000000,574.60000000,558.10000000,561.70000000,58107.08900000,32838587.24680000,57298
2021-12-03,561.60000000,567.80000000,518.70000000,532.40000000,84425.41500000,46214479.61750000,91960
2021-12-04,532.40000000,534.80000000,344.10000000,473.20000000,454263.13227000,204066892.68924610,372945
2021-12-05,473.10000000,477.80000000,434.70000000,453.00000000,164903.07900000,75060170.76750000,143265
2021-12-06,453.20000000,480.40000000,418.80000000,474.80000000,183974.19800000,81747349.67740000,161647
2021-12-07,474.50000000,502.40000000,463.70000000,474.30000000,146890.13600000,70314072.24140000,131064
2021-12-08,474.10000000,488.20000000,463.40000000,480.40000000,116410.62600000,55336434.05360000,99120
2021-12-09,480.70000000,483.00000000,448.00000000,448.60000000,108170.72500000,50026584.53320000,91219
2021-12-10,448.80000000,468.80000000,436.70000000,438.60000000,116635.42900000,52731767.55130000,103360
2021-12-11,438.10000000,461.50000000,431.80000000,459.30000000,77717.16500000,35054237.50600000,66438
2021-12-12,459.40000000,462.50000000,441.90000000,458.00000000,51546.56900000,23361719.36780000,47429
2021-12-13,457.90000000,460.30000000,414.30000000,421.80000000,99442.49500000,43421551.08060000,108733
2021-12-14,421.90000000,441.90000000,418.50000000,436.80000000,94455.32300000,40574663.93250000,102983
2021-12-15,436.70000000,450.00000000,416.70000000,447.60000000,93653.30400000,40649153.18190000,101992
2021-12-16,447.70000000,454.30000000,437.10000000,438.30000000,51300.63700000,22868180.90050000,58416
2021-12-17,438.20000000,441.50000000,417.70000000,424.50000000,60266.62200000,25889656.45610000,67057
2021-12-18,424.60000000,439.30000000,419.00000000,435.70000000,43400.34100000,18731443.44900000,54051
2021-12-19,435.70000000,445.50000000,431.80000000,432.80000000,45051.36900000,19739573.07750000,53086
2021-12-20,432.70000000,440.00000000,419.00000000,430.20000000,61836.24600000,26527781.45370000,57491
2021-12-21,430.20000000,440.70000000,426.70000000,437.70000000,46349.44800000,20154878.01570000,41131
2021-12-22,437.70000000,447.10000000,434.60000000,438.10000000,41487.24200000,18287027.32130000,45362
2021-12-23,438.10000000,458.40000000,434.40000000,455.60000000,50587.85100000,22503591.84480000,55406
2021-12-24,455.70000000,461.20000000,448.50000000,451.80000000,47096.68000000,21467257.15910000,47384
2021-12-25,451.90000000,460.50000000,447.40000000,455.10000000,32000.05500000,14521356.95750000,32725
2021-12-26,455.20000000,455.40000000,444.30000000,451.60000000,35929.22600000,16165325.49970000,35646
2021-12-27,451.60000000,476.00000000,447.50000000,465.30000000,73456.55200000,34095037.54690000,75482
2021-12-28,465.50000000,465.50000000,437.70000000,439.00000000,68358.84500000,30822101.75600000,67443
2021-12-29,438.90000000,445.80000000,426.40000000,430.10000000,49436.70500000,21603800.24010000,48279
2021-12-30,430.00000000,437.10000000,423.50000000,431.70000000,38427.22700000,16558528.49790000,36362
2021-12-31,431.40000000,437.20000000,419.20000000,430.20000000,65754.92900000,28286787.39440000,55970
2022-01-01,430.30000000,446.10000000,430.30000000,444.80000000,38968.51400000,17106352.43980000,38732
2022-01-02,444.80000000,452.40000000,442.60000000,447.70000000,47788.51900000,21352604.50040000,40794
2022-01-03,447.60000000,447.90000000,431.10000000,434.70000000,30839.55400000,13574632.89380000,38681
2022-01-04,434.80000000,439.50000000,425.40000000,427.10000000,39425.96400000,17020730.88330000,48796
2022-01-05,427.00000000,432.50000000,391.10000000,399.40000000,67592.07800000,28044422.29620000,69576
2022-01-06,399.50000000,403.90000000,387.30000000,399.80000000,82449.32200000,32598856.64980000,71288
2022-01-07,399.70000000,401.70000000,375.30000000,385.70000000,107953.81300000,41982379.38690000,99611
2022-01-08,385.80000000,391.60000000,361.00000000,372.90000000,78690.69600000,29817559.57030000,70405
2022-01-09,372.80000000,381.10000000,367.80000000,376.80000000,52446.07700000,19691104.71030000,50047
2022-01-10,376.80000000,378.40000000,347.60000000,363.60000000,99914.20700000,36183956.55450000,78949
2022-01-11,363.50000000,375.00000000,361.70000000,369.80000000,62635.22500000,23030767.38060000,53822
2022-01-12,369.80000000,385.90000000,367.80000000,383.80000000,53145.69300000,19985565.80410000,48754
2022-01-13,383.70000000,391.70000000,376.40000000,377.50000000,50476.73900000,19373077.07300000,49117
2022-01-14,377.50000000,393.70000000,375.60000000,385.60000000,49743.72100000,19189405.47230000,48409
2022-01-15,385.50000000,393.00000000,382.90000000,390.60000000,26573.36900000,10323621.53200000,24326
2022-01-16,390.70000000,393.40000000,382.30000000,388.10000000,23265.96200000,9027257.18870000,25237
2022-01-17,388.20000000,389.20000000,373.00000000,380.60000000,35421.99000000,13455660.66600000,32056
2022-01-18,380.70000000,398.70000000,374.60000000,381.40000000,80580.34600000,31007750.66540000,77624
2022-01-19,381.40000000,384.30000000,365.80000000,368.90000000,54356.98400000,20269640.78730000,48807
2022-01-20,369.00000000,384.20000000,356.30000000,357.50000000,48632.11000000,18155344.44490000,46693
2022-01-21,357.40000000,360.00000000,308.00000000,314.90000000,135765.18480000,45424848.98099760,108342
2022-01-22,314.80000000,318.80000000,265.00000000,291.80000000,210569.15341000,61479023.65321960,161378
2022-01-23,291.90000000,303.50000000,283.80000000,302.50000000,120846.43800000,35367967.30750000,87198
2022-01-24,302.40000000,302.70000000,259.60000000,292.30000000,213574.65285000,59309131.36858010,140121
2022-01-25,292.30000000,294.60000000,259.90000000,291.60000000,100039.63200000,28687628.34150000,67368
2022-01-26,291.60000000,314.90000000,283.80000000,289.10000000,123057.25200000,36602856.47900000,99624
2022-01-27,289.10000000,294.90000000,277.50000000,289.60000000,95350.57900000,27300168.56720000,68806
2022-01-28,289.60000000,297.40000000,281.80000000,296.80000000,67163.28700000,19421420.85820000,55384
2022-01-29,296.80000000,302.10000000,291.30000000,298.80000000,35536.71800000,10532350.37330000,33542
2022-01-30,298.90000000,302.20000000,287.70000000,290.00000000,43174.97900000,12750076.05660000,36521
2022-01-31,289.90000000,290.50000000,278.10000000,285.00000000,68025.94400000,19282913.21590000,48473
2022-02-01,284.90000000,290.90000000,282.50000000,287.70000000,51781.38100000,14828593.09060000,36311
2022-02-02,287.80000000,296.80000000,276.30000000,277.80000000,64386.32000000,18483765.11630000,48057
2022-02-03,277.90000000,281.70000000,271.00000000,281.20000000,66256.66000000,18267265.65690000,45417
2022-02-04,281.20000000,307.00000000,276.40000000,306.20000000,87969.66600000,25532682.43150000,62690
2022-02-05,306.10000000,329.00000000,302.50000000,320.50000000,89958.85200000,28437216.85760000,70146
2022-02-06,320.30000000,328.00000000,312.00000000,324.70000000,69991.53200000,22479075.78360000,56622
2022-02-07,324.60000000,343.90000000,317.90000000,343.10000000,100053.85500000,33452219.36430000,84191
2022-02-08,343.20000000,355.90000000,324.90000000,335.50000000,135314.04100000,45877205.16540000,107865
2022-02-09,335.40000000,347.70000000,328.20000000,345.90000000,82944.22900000,28200332.97110000,65331
2022-02-10,345.80000000,362.70000000,336.20000000,340.70000000,116691.55000000,40855735.61130000,112901
2022-02-11,340.70000000,342.10000000,316.60000000,320.90000000,91990.73900000,30624760.02150000,69485
2022-02-12,320.70000000,330.60000000,312.10000000,330.50000000,62686.96400000,20110955.44830000,52766
2022-02-13,330.40000000,340.00000000,324.40000000,333.60000000,65178.57000000,21615315.26890000,52341
2022-02-14,333.70000000,337.70000000,318.40000000,330.50000000,61294.60700000,20028343.43000000,45452
2022-02-15,330.50000000,344.70000000,328.90000000,343.20000000,52385.78600000,17665893.15660000,44805
2022-02-16,343.20000000,343.30000000,328.90000000,334.30000000,50879.36700000,17065155.57820000,46273
2022-02-17,334.30000000,336.30000000,309.40000000,313.00000000,60201.39000000,19458850.57540000,55944
2022-02-18,313.10000000,319.00000000,306.30000000,310.00000000,61666.62900000,19287219.74160000,48264
2022-02-19,310.10000000,316.20000000,305.10000000,311.90000000,41747.09200000,12989394.33710000,31464
2022-02-20,312.00000000,312.70000000,296.60000000,302.60000000,59765.61900000,18041949.76440000,41944
2022-02-21,302.60000000,310.80000000,282.40000000,283.20000000,104936.71400000,31371619.38190000,72565
2022-02-22,283.30000000,295.50000000,275.40000000,293.20000000,83592.56500000,23922569.17030000,59331
2022-02-23,293.20000000,305.20000000,286.90000000,288.30000000,61445.07600000,18214714.48070000,41393
2022-02-24,288.40000000,309.70000000,259.60000000,300.60000000,207461.07800000,57544901.09660000,143030
2022-02-25,300.50000000,312.20000000,290.30000000,308.50000000,83986.05400000,25157543.03930000,72891
2022-02-26,308.70000000,324.70000000,307.20000000,315.30000000,70252.01000000,22216331.94850000,63328
2022-02-27,315.20000000,321.80000000,299.40000000,304.00000000,68260.32900000,21219965.68210000,60737
2022-02-28,304.00000000,339.20000000,300.50000000,339.00000000,63752.57500000,20413605.54300000,67592
2022-03-01,339.00000000,343.80000000,320.20000000,328.70000000,85168.23400000,28125087.36490000,79656
2022-03-02,328.70000000,331.40000000,318.00000000,320.20000000,53014.19900000,17180719.28260000,51636
2022-03-03,320.10000000,321.80000000,305.40000000,315.30000000,43765.62600000,13786041.67680000,43864
2022-03-04,315.20000000,315.50000000,285.80000000,290.40000000,51202.48700000,15409526.08570000,47624
2022-03-05,290.40000000,295.50000000,283.30000000,294.20000000,31733.76700000,9180313.93140000,30648
2022-03-06,294.20000000,296.20000000,281.30000000,282.00000000,33095.52100000,9567891.66980000,34367
2022-03-07,282.10000000,291.10000000,270.00000000,273.90000000,65709.16400000,18379172.68100000,53623
2022-03-08,273.80000000,289.70000000,272.30000000,284.70000000,71930.43600000,20319933.73600000,53021
2022-03-09,284.40000000,318.20000000,283.60000000,307.20000000,79058.31500000,24006054.51420000,63545
2022-03-10,307.10000000,309.00000000,283.30000000,289.40000000,64067.92100000,18727757.30320000,51212
2022-03-11,289.50000000,294.90000000,281.10000000,287.70000000,52856.94700000,15202329.70750000,43666
2022-03-12,287.60000000,294.30000000,287.20000000,290.80000000,31982.21700000,9327134.32530000,25296
2022-03-13,290.70000000,296.10000000,278.10000000,279.70000000,40607.31100000,11719989.45640000,33988
2022-03-14,279.70000000,290.00000000,277.40000000,289.50000000,47922.21500000,13613873.57250000,40992
2022-03-15,289.50000000,292.90000000,281.60000000,289.30000000,50923.92900000,14594000.37290000,44632
2022-03-16,289.20000000,302.50000000,286.20000000,299.80000000,66368.82800000,19461755.14320000,64206
2022-03-17,299.80000000,301.30000000,294.40000000,296.30000000,28223.55600000,8393216.69290000,25540
2022-03-18,296.20000000,306.50000000,290.50000000,305.50000000,47824.27700000,14231509.93640000,39799
2022-03-19,305.50000000,328.60000000,305.40000000,327.80000000,43265.13800000,13677313.83810000,44456
2022-03-20,327.80000000,332.90000000,315.30000000,327.40000000,63555.93600000,20541914.24800000,60125
2022-03-21,327.40000000,340.60000000,320.20000000,334.90000000,77658.04900000,25714656.52290000,75176
2022-03-22,334.80000000,387.10000000,334.30000000,375.40000000,186187.74400000,68141600.83600000,180509
2022-03-23,375.40000000,384.30000000,353.20000000,364.00000000,131767.74200000,47994471.68850000,118156
2022-03-24,364.00000000,367.60000000,351.50000000,366.10000000,86834.97000000,31251065.74520000,76067
2022-03-25,366.10000000,374.30000000,352.80000000,364.90000000,103907.69200000,37787496.11000000,93193
2022-03-26,365.00000000,366.30000000,356.50000000,362.10000000,45314.84300000,16372930.39240000,38793
2022-03-27,362.00000000,377.30000000,354.70000000,376.60000000,68517.84400000,24934053.05750000,59787
2022-03-28,376.60000000,385.90000000,363.30000000,368.50000000,118129.62200000,44698803.39390000,110391
2022-03-29,368.40000000,387.50000000,366.20000000,373.30000000,101742.57400000,38102792.73620000,81084
2022-03-30,373.20000000,386.70000000,362.70000000,380.10000000,88081.84700000,33223231.41440000,81231
2022-03-31,380.10000000,391.20000000,362.30000000,384.30000000,125124.26400000,47234059.09950000,125039
2022-04-01,384.00000000,389.40000000,363.20000000,377.20000000,94775.86400000,35533432.86920000,91104
2022-04-02,377.20000000,383.10000000,370.00000000,372.50000000,67876.57100000,25634969.51740000,53013
2022-04-03,372.50000000,381.40000000,368.10000000,378.60000000,36385.34300000,13661686.17690000,33956
2022-04-04,378.70000000,379.60000000,362.70000000,376.20000000,54217.97600000,20267810.63260000,50585
2022-04-05,376.20000000,382.20000000,364.90000000,365.40000000,40589.43800000,15181718.99950000,41748
2022-04-06,365.30000000,368.10000000,329.00000000,331.00000000,74696.67000000,26120328.29490000,77884
2022-04-07,330.90000000,340.00000000,325.10000000,336.10000000,36139.99500000,12057653.55030000,36699
2022-04-08,336.00000000,338.50000000,320.70000000,323.00000000,39494.23700000,13134990.27420000,38537
2022-04-09,322.90000000,327.70000000,321.40000000,325.90000000,23748.20100000,7707308.54140000,21045
2022-04-10,326.00000000,332.40000000,318.20000000,319.80000000,32583.90900000,10621520.57960000,28879
2022-04-11,319.80000000,321.00000000,290.70000000,294.80000000,57665.51000000,17676691.65610000,48663
2022-04-12,294.90000000,307.40000000,293.30000000,305.00000000,47614.94300000,14360260.74430000,38733
2022-04-13,305.00000000,349.60000000,301.30000000,341.20000000,139323.15000000,45814606.32710000,119064
2022-04-14,341.10000000,353.30000000,332.60000000,337.60000000,72737.76400000,24829938.52510000,63971
2022-04-15,337.60000000,345.20000000,333.20000000,340.80000000,41398.43500000,14023840.90510000,44986
2022-04-16,340.80000000,347.80000000,338.70000000,342.80000000,27809.62000000,9537251.05460000,28113
2022-04-17,342.80000000,348.80000000,327.20000000,328.10000000,31958.53900000,10873247.32280000,32277
2022-04-18,327.90000000,341.00000000,312.80000000,340.30000000,55095.06400000,17915636.16100000,53094
2022-04-19,340.40000000,343.00000000,332.40000000,340.50000000,40639.79900000,13687306.96180000,38537
2022-04-20,340.40000000,344.70000000,328.90000000,330.70000000,56703.39000000,19123027.76990000,52651
2022-04-21,330.60000000,345.70000000,311.20000000,315.60000000,54306.77000000,17931279.50570000,55847
2022-04-22,315.60000000,334.80000000,314.20000000,321.10000000,59306.42600000,19179102.31340000,49888
2022-04-23,321.00000000,324.20000000,311.20000000,312.50000000,19616.80500000,6229104.71440000,20028
2022-04-24,312.50000000,315.00000000,307.10000000,307.70000000,21891.37600000,6821240.12040000,19514
2022-04-25,307.60000000,315.90000000,299.80000000,314.50000000,52792.07700000,16163375.71150000,45525
2022-04-26,314.60000000,321.80000000,291.30000000,296.00000000,65129.01900000,20107622.21580000,52439
2022-04-27,296.10000000,309.40000000,293.60000000,307.20000000,47573.86300000,14466020.74390000,35902
2022-04-28,307.20000000,312.50000000,303.30000000,306.50000000,43647.97000000,13423017.36450000,36860
2022-04-29,306.40000000,309.00000000,290.80000000,294.60000000,57473.41200000,17312656.99330000,37530
2022-04-30,294.80000000,298.30000000,267.30000000,277.70000000,50642.59400000,14400905.41010000,34871
2022-05-01,277.80000000,287.80000000,272.70000000,284.00000000,43048.41500000,12058903.05230000,32674
2022-05-02,284.00000000,290.00000000,279.60000000,285.00000000,53144.92400000,15161164.54000000,33605
2022-05-03,285.10000000,289.70000000,276.30000000,279.40000000,39907.81900000,11311832.69300000,24695
2022-05-04,279.50000000,300.30000000,278.40000000,300.00000000,54287.64000000,15736421.86510000,39488
2022-05-05,299.80000000,302.60000000,272.30000000,277.30000000,82891.81500000,23705852.93260000,58916
2022-05-06,277.30000000,277.90000000,265.50000000,274.90000000,63296.08800000,17274691.41340000,50144
2022-05-07,274.90000000,277.50000000,263.50000000,268.00000000,37432.23700000,10206851.50730000,29990
2022-05-08,268.10000000,269.80000000,260.00000000,261.70000000,55073.92500000,14561908.31420000,38511
2022-05-09,261.80000000,266.50000000,215.00000000,217.90000000,171749.58531000,40827863.11028070,110928
2022-05-10,217.70000000,244.40000000,210.60000000,231.50000000,186759.91000000,43066235.20160240,130549
2022-05-11,231.60000000,250.00000000,183.60000000,194.90000000,345671.98183000,74729407.71629120,234275
2022-05-12,194.80000000,227.20000000,156.80000000,194.20000000,409283.88736000,77728239.20404000,244594
2022-05-13,194.30000000,222.20000000,191.70000000,202.40000000,320794.95100000,67366469.47830000,190828
2022-05-14,202.30000000,237.10000000,186.70000000,208.80000000,198757.51600000,41610960.95490000,127427
2022-05-15,208.90000000,216.10000000,202.50000000,214.90000000,138302.72400000,28926048.93990000,92067
2022-05-16,214.90000000,214.90000000,196.10000000,197.60000000,122135.50000000,24682455.34860000,74354
2022-05-17,197.70000000,215.60000000,194.80000000,206.90000000,244633.64100000,50249162.06960000,97615
2022-05-18,206.80000000,209.20000000,186.20000000,186.90000000,80255.79300000,15822957.49080000,50767
2022-05-19,187.00000000,198.90000000,180.80000000,196.50000000,101438.46900000,19325932.17460000,54982
2022-05-20,196.60000000,200.60000000,186.10000000,190.10000000,102758.79700000,19870039.66580000,53443
2022-05-21,190.00000000,195.80000000,186.60000000,192.40000000,51094.54600000,9789596.46220000,28300
2022-05-22,192.30000000,202.40000000,190.30000000,197.90000000,57951.32100000,11420574.51420000,32978
2022-05-23,197.90000000,208.20000000,189.00000000,192.00000000,116532.63300000,23229828.42800000,60065
2022-05-24,191.90000000,197.50000000,183.20000000,195.60000000,79347.83400000,15161817.39140000,41120
2022-05-25,195.60000000,201.40000000,189.30000000,190.20000000,102614.65200000,19885355.75080000,49528
2022-05-26,190.20000000,192.80000000,172.40000000,179.40000000,103116.09500000,18869130.70100000,56895
2022-05-27,179.30000000,185.00000000,171.60000000,174.80000000,141718.58800000,25174430.23050000,75402
2022-05-28,174.90000000,180.60000000,173.00000000,178.70000000,47540.24900000,8403551.36280000,27678
2022-05-29,178.70000000,186.40000000,175.50000000,185.20000000,54783.33600000,9922214.16110000,28764
2022-05-30,185.20000000,199.60000000,184.50000000,196.90000000,92580.36600000,17578640.15860000,52329
2022-05-31,197.00000000,207.40000000,191.60000000,204.60000000,151847.49900000,30143710.91020000,78544
2022-06-01,204.70000000,211.30000000,184.10000000,186.00000000,141982.78500000,28176750.43760000,79020
2022-06-02,185.90000000,189.80000000,182.40000000,189.00000000,63177.78200000,11728675.05560000,42632
2022-06-03,188.90000000,191.80000000,180.20000000,183.10000000,53426.61100000,9872931.27790000,32808
2022-06-04,183.00000000,189.90000000,180.00000000,188.80000000,34963.81800000,6468999.10230000,21798
2022-06-05,188.70000000,190.30000000,177.90000000,179.90000000,113501.59400000,20720582.91580000,51556
2022-06-06,179.90000000,189.20000000,179.00000000,185.60000000,88737.10700000,16477424.00650000,52819
2022-06-07,185.50000000,188.10000000,173.10000000,182.10000000,86468.19400000,15543994.81600000,53384
2022-06-08,182.00000000,183.00000000,174.90000000,176.80000000,59102.49600000,10587125.36670000,33426
2022-06-09,176.80000000,180.70000000,172.40000000,175.60000000,41535.41100000,7337055.72750000,23669
2022-06-10,175.60000000,177.60000000,166.00000000,167.40000000,86143.08900000,14726626.22220000,48381
2022-06-11,167.50000000,169.80000000,154.70000000,156.70000000,87238.86500000,14091225.53630000,45279
2022-06-12,156.80000000,158.40000000,145.70000000,146.00000000,115128.30401000,17465255.24160850,56911
2022-06-13,146.10000000,149.10000000,123.90000000,127.10000000,289756.38293000,38956874.33738870,142794
2022-06-14,127.00000000,135.00000000,117.70000000,125.90000000,213229.55553000,27042231.54346190,112628
2022-06-15,125.90000000,131.60000000,110.10000000,127.90000000,219558.00166000,26369860.94967950,107467
2022-06-16,128.00000000,130.90000000,107.20000000,109.40000000,320316.50600000,36990303.68620000,132236
2022-06-17,109.40000000,122.10000000,106.60000000,121.50000000,426728.02300000,48344216.70810000,166210
2022-06-18,121.60000000,125.40000000,109.00000000,115.50000000,287238.45500000,33588105.88300000,132402
2022-06-19,115.40000000,123.90000000,111.10000000,120.60000000,191603.13100000,22719216.64860000,88629
2022-06-20,120.50000000,124.60000000,116.10000000,118.70000000,149101.78700000,17873639.01220000,76839
2022-06-21,118.70000000,123.20000000,113.80000000,119.60000000,330662.73000000,39464634.10040000,117312
2022-06-22,119.60000000,119.60000000,112.50000000,112.80000000,123105.81900000,14182230.24160000,53476
2022-06-23,112.80000000,118.50000000,111.50000000,116.40000000,89088.92400000,10332018.67690000,34708
2022-06-24,116.40000000,121.20000000,113.50000000,114.30000000,215946.66300000,25361757.90120000,71866
2022-06-25,114.30000000,116.30000000,111.00000000,115.50000000,268020.38800000,30434978.48020000,79605
2022-06-26,115.60000000,119.50000000,112.40000000,112.90000000,213252.27300000,24879993.60780000,59512
2022-06-27,112.90000000,117.20000000,110.10000000,111.50000000,140432.42600000,15930565.16210000,44280
2022-06-28,111.50000000,112.90000000,102.20000000,103.30000000,198446.73600000,21648835.44219320,63090
2022-06-29,103.20000000,108.10000000,101.30000000,104.60000000,141256.32200000,14788414.08020000,44491
2022-06-30,104.70000000,104.90000000,97.20000000,103.20000000,144874.71500000,14582089.06779700,45409
2022-07-01,103.20000000,106.60000000,98.20000000,101.50000000,105091.00400000,10687401.96460000,33127
2022-07-02,101.50000000,107.20000000,100.60000000,106.60000000,64583.39700000,6661343.37590000,23333
2022-07-03,106.60000000,108.20000000,101.80000000,105.70000000,64949.57600000,6769383.86470000,22529
2022-07-04,105.70000000,108.60000000,102.60000000,108.10000000,78326.88600000,8262112.72710000,24904
2022-07-05,108.20000000,108.80000000,101.70000000,104.10000000,101111.63400000,10620700.15550000,36007
2022-07-06,104.00000000,107.30000000,102.80000000,105.90000000,98903.52500000,10400222.00010000,33922
2022-07-07,106.00000000,112.50000000,105.00000000,111.50000000,93603.65300000,10143483.29480000,31337
2022-07-08,111.50000000,113.70000000,106.80000000,108.60000000,94129.73800000,10338967.54240000,34337
2022-07-09,108.60000000,113.10000000,108.50000000,111.30000000,61596.64200000,6826770.90320000,24433
2022-07-10,111.40000000,111.60000000,105.30000000,106.80000000,54321.01300000,5869623.38700000,19811
2022-07-11,106.80000000,107.30000000,98.60000000,99.10000000,69451.61300000,7180097.31050000,24698
2022-07-12,99.10000000,101.20000000,96.70000000,97.20000000,78773.10400000,7834606.08710000,24982
2022-07-13,97.30000000,102.70000000,95.20000000,102.50000000,101045.44000000,9994493.78900000,29673
2022-07-14,102.60000000,104.10000000,99.10000000,103.00000000,79348.97400000,8041161.10920000,26918
2022-07-15,103.00000000,107.00000000,101.90000000,106.20000000,92927.22600000,9701215.30070000,29593
2022-07-16,106.20000000,110.70000000,103.80000000,109.50000000,87788.93400000,9469521.01680000,35184
2022-07-17,109.50000000,116.30000000,107.80000000,110.30000000,161027.80500000,17931756.88600000,53715
2022-07-18,110.30000000,122.10000000,110.00000000,121.40000000,157569.97900000,18399731.04470000,60114
2022-07-19,121.30000000,129.60000000,115.90000000,128.30000000,254745.54700000,31356121.83370000,86904
2022-07-20,128.30000000,131.30000000,119.80000000,121.70000000,166697.16700000,21065639.33110000,64992
2022-07-21,121.80000000,124.30000000,117.50000000,123.10000000,144413.33900000,17536881.90620000,52481
2022-07-22,123.10000000,129.50000000,119.70000000,123.30000000,186949.28600000,23499898.55340000,65642
2022-07-23,123.20000000,127.10000000,118.10000000,122.40000000,116672.58100000,14286598.24460000,44188
2022-07-24,122.30000000,135.00000000,122.30000000,131.90000000,164346.07000000,21083003.74190000,66151
2022-07-25,131.90000000,133.10000000,117.50000000,118.00000000,166912.88100000,20849559.15670000,59969
2022-07-26,118.10000000,119.10000000,113.60000000,118.90000000,126392.48200000,14701049.97170000,41689
2022-07-27,118.80000000,127.50000000,116.10000000,127.40000000,136958.93700000,16532476.56820000,50961
2022-07-28,127.40000000,159.70000000,127.10000000,155.80000000,461830.72400000,66844431.05670000,198855
2022-07-29,155.80000000,165.50000000,147.30000000,151.90000000,403957.60600000,62010530.26530000,177989
2022-07-30,151.90000000,154.60000000,143.20000000,145.50000000,171162.14000000,25410437.14640000,78449
2022-07-31,145.50000000,150.40000000,138.60000000,139.30000000,114363.65300000,16641407.52500000,67670
2022-08-01,139.30000000,142.20000000,134.00000000,137.90000000,105345.00300000,14590663.12240000,52208
2022-08-02,137.80000000,139.00000000,128.70000000,133.70000000,129667.97100000,17218189.00030000,64316
2022-08-03,133.70000000,143.00000000,130.30000000,133.90000000,101424.29400000,13816594.23440000,52281
2022-08-04,133.80000000,138.50000000,132.40000000,134.30000000,67767.61000000,9192758.62230000,38890
2022-08-05,134.30000000,142.20000000,133.90000000,142.00000000,110725.56400000,15264660.02270000,49454
2022-08-06,141.90000000,143.50000000,139.00000000,141.30000000,84623.86900000,11930886.74690000,37644
2022-08-07,141.30000000,143.90000000,137.90000000,141.00000000,62440.09500000,8810879.96320000,32496
2022-08-08,141.00000000,148.10000000,140.20000000,143.60000000,96906.15200000,14032048.72940000,48538
2022-08-09,143.60000000,144.50000000,133.30000000,134.70000000,114292.14900000,15746237.15270000,47315
2022-08-10,134.80000000,143.80000000,131.40000000,142.20000000,107977.37500000,14866308.23640000,57616
2022-08-11,142.10000000,148.80000000,141.70000000,142.90000000,145427.07400000,20982448.58280000,51815
2022-08-12,142.90000000,143.40000000,138.40000000,143.20000000,66455.02100000,9400613.74430000,31897
2022-08-13,143.20000000,147.10000000,142.40000000,144.20000000,63364.53500000,9167088.49680000,30230
2022-08-14,144.20000000,147.70000000,138.10000000,139.50000000,79063.38800000,11288777.52120000,40475
2022-08-15,139.50000000,143.40000000,133.80000000,137.20000000,93715.25300000,12852275.67250000,48831
2022-08-16,137.20000000,138.50000000,134.50000000,136.40000000,50347.98000000,6879563.69200000,30899
2022-08-17,136.40000000,144.90000000,132.40000000,133.80000000,127269.81700000,17640858.30110000,64780
2022-08-18,133.80000000,136.40000000,127.20000000,129.10000000,100726.99500000,13435539.19900000,40198
2022-08-19,129.00000000,129.10000000,113.40000000,114.40000000,176757.33200000,21427436.88160000,76896
2022-08-20,114.50000000,118.30000000,111.30000000,114.60000000,80142.23500000,9251294.63330000,37124
2022-08-21,114.70000000,120.60000000,114.20000000,119.70000000,76778.07100000,9006927.89600000,29066
2022-08-22,119.80000000,123.50000000,113.30000000,122.70000000,102465.71900000,12176228.37400000,48147
2022-08-23,122.70000000,135.80000000,119.90000000,133.30000000,161836.75000000,21052185.65890000,80019
2022-08-24,133.40000000,139.30000000,130.30000000,130.40000000,122996.90000000,16477630.69320000,61293
2022-08-25,130.40000000,132.80000000,128.50000000,130.60000000,72298.19500000,9437791.31800000,33007
2022-08-26,130.60000000,130.60000000,114.80000000,116.00000000,126679.41800000,15642234.09920000,55871
2022-08-27,116.10000000,118.50000000,113.10000000,115.20000000,144100.11400000,16711803.53210000,48405
2022-08-28,115.20000000,121.30000000,111.70000000,112.60000000,83911.90000000,9782896.11340000,36009
2022-08-29,112.60000000,123.50000000,110.80000000,119.50000000,110329.48500000,12795519.61730000,41214
2022-08-30,119.40000000,120.80000000,111.70000000,114.60000000,96427.49800000,11214930.93060000,39518
2022-08-31,114.60000000,118.00000000,114.20000000,115.20000000,50247.78600000,5845686.01390000,22433
2022-09-01,115.00000000,117.20000000,112.90000000,116.70000000,65712.91100000,7567080.98800000,27096
2022-09-02,116.70000000,120.50000000,114.60000000,116.30000000,107018.71500000,12590936.88000000,33847
2022-09-03,116.40000000,119.70000000,115.80000000,117.80000000,82739.11000000,9721974.50570000,25212
2022-09-04,117.80000000,118.40000000,115.80000000,118.30000000,66196.25400000,7758331.37570000,19321
2022-09-05,118.40000000,126.40000000,117.00000000,125.70000000,103294.28000000,12504858.88260000,40178
2022-09-06,125.70000000,128.00000000,111.70000000,112.20000000,146001.67800000,17555093.54120000,55286
2022-09-07,112.20000000,119.50000000,110.30000000,118.70000000,110684.84300000,12599668.53780000,37727
2022-09-08,118.80000000,130.50000000,115.90000000,126.50000000,212852.99800000,26624914.73480000,85043
2022-09-09,126.60000000,140.20000000,126.00000000,132.70000000,269297.02300000,35576525.27400000,101241
2022-09-10,132.70000000,135.00000000,130.40000000,132.60000000,119600.67100000,15881092.47130000,40999
2022-09-11,132.60000000,133.40000000,127.40000000,130.30000000,96300.44700000,12626671.40860000,34076
2022-09-12,130.30000000,132.90000000,126.20000000,129.00000000,114285.71000000,14822499.88090000,49225
2022-09-13,128.90000000,133.80000000,116.00000000,117.60000000,196200.84000000,24376915.84060000,73510
2022-09-14,117.50000000,120.80000000,116.00000000,119.90000000,73570.55500000,8730321.36060000,31440
2022-09-15,119.90000000,123.00000000,116.00000000,117.60000000,102959.18600000,12241904.32900000,42669
2022-09-16,117.50000000,120.90000000,116.10000000,119.50000000,102870.58600000,12187353.86970000,36390
2022-09-17,119.50000000,123.50000000,119.30000000,122.10000000,66653.98600000,8094854.06430000,25187
2022-09-18,122.20000000,122.20000000,110.50000000,111.80000000,92114.98200000,10776811.99460000,35227
2022-09-19,111.70000000,113.40000000,106.40000000,112.00000000,112632.73600000,12351741.94670000,45852
2022-09-20,112.00000000,114.90000000,110.80000000,112.80000000,86969.60800000,9792304.70520000,29041
2022-09-21,112.70000000,119.20000000,108.30000000,108.90000000,124129.32700000,14110072.69640000,47357
2022-09-22,108.80000000,117.30000000,108.70000000,116.50000000,77843.39000000,8842600.02180000,30119
2022-09-23,116.60000000,120.50000000,112.30000000,120.10000000,96078.24100000,11177808.69300000,38675
2022-09-24,120.20000000,122.30000000,117.30000000,117.30000000,67039.07100000,8058859.67610000,29172
2022-09-25,117.30000000,118.50000000,112.10000000,113.50000000,62611.03000000,7229415.24260000,25254
2022-09-26,113.50000000,117.60000000,112.50000000,116.30000000,66191.77900000,7602169.38050000,28317
2022-09-27,116.30000000,120.70000000,112.40000000,114.30000000,105830.62900000,12467005.40050000,37981
2022-09-28,114.30000000,115.90000000,110.10000000,114.10000000,78060.02800000,8796571.41990000,30910
2022-09-29,114.10000000,118.00000000,113.50000000,116.90000000,78588.35200000,9098697.40750000,30641
2022-09-30,117.00000000,125.00000000,114.80000000,120.10000000,141643.92500000,16998051.68360000,54176
2022-10-01,120.00000000,121.00000000,115.80000000,117.10000000,58522.77200000,6914030.97790000,21051
2022-10-02,117.10000000,118.60000000,113.80000000,114.30000000,85470.29000000,9959674.15030000,22516
2022-10-03,114.20000000,116.60000000,113.50000000,116.30000000,64768.72300000,7456849.81050000,20086
2022-10-04,116.30000000,122.10000000,115.60000000,121.10000000,74078.70700000,8837951.14080000,26397
2022-10-05,121.20000000,123.60000000,118.90000000,122.10000000,69793.07900000,8491381.81990000,30864
2022-10-06,122.10000000,123.80000000,117.80000000,118.40000000,55537.83800000,6710799.20580000,21687
2022-10-07,118.30000000,120.20000000,115.50000000,116.70000000,57774.35200000,6794526.21350000,22578
2022-10-08,116.70000000,118.80000000,115.60000000,116.90000000,37817.17900000,4445244.79490000,13938
2022-10-09,116.90000000,118.50000000,116.40000000,117.20000000,39843.49800000,4678180.61740000,14198
2022-10-10,117.20000000,118.10000000,110.60000000,111.60000000,48271.50200000,5532217.91800000,20882
2022-10-11,111.60000000,112.50000000,109.00000000,111.10000000,62627.04800000,6952218.23710000,23051
2022-10-12,111.20000000,112.90000000,110.70000000,111.70000000,70759.02100000,7922964.30920000,19322
2022-10-13,111.80000000,113.10000000,101.80000000,108.80000000,111802.85700000,11960580.88770000,45217
2022-10-14,108.80000000,111.80000000,106.60000000,107.50000000,67367.36900000,7385821.85890000,23411
2022-10-15,107.60000000,109.60000000,106.70000000,107.90000000,28022.37000000,3031588.05870000,12297
2022-10-16,107.90000000,111.00000000,107.80000000,110.30000000,22902.42000000,2510834.64530000,11876
2022-10-17,110.30000000,111.60000000,109.20000000,110.60000000,29010.83700000,3198330.73000000,13258
2022-10-18,110.60000000,111.50000000,107.10000000,108.70000000,38370.65500000,4198562.46390000,17206
2022-10-19,108.80000000,109.00000000,105.10000000,105.80000000,31119.44400000,3350030.88950000,12714
2022-10-20,105.80000000,109.00000000,104.90000000,106.50000000,31922.31900000,3416491.08380000,15269
2022-10-21,106.40000000,107.40000000,102.80000000,107.10000000,39967.06200000,4216419.49220000,16649
2022-10-22,107.10000000,110.50000000,106.10000000,108.60000000,33575.83800000,3635324.74840000,14434
2022-10-23,108.60000000,111.10000000,107.60000000,110.80000000,28095.48000000,3065373.89940000,12208
2022-10-24,110.90000000,111.20000000,107.40000000,107.90000000,30752.14000000,3345536.02360000,14235
2022-10-25,107.90000000,114.30000000,107.70000000,112.70000000,64718.95400000,7194540.47950000,25418
2022-10-26,112.80000000,116.40000000,112.00000000,114.40000000,66846.74500000,7662400.86250000,27734
2022-10-27,114.40000000,116.90000000,111.50000000,112.30000000,54627.54600000,6258173.15690000,26354
2022-10-28,112.40000000,116.30000000,111.00000000,115.60000000,58389.72600000,6619707.85250000,27882
2022-10-29,115.60000000,120.70000000,115.30000000,118.40000000,96372.21000000,11376437.80600000,44566
2022-10-30,118.50000000,120.30000000,114.40000000,116.10000000,55110.41700000,6493812.30870000,25779
2022-10-31,116.20000000,117.90000000,113.50000000,115.00000000,53424.33300000,6171066.82240000,25843
2022-11-01,115.00000000,116.60000000,113.80000000,115.00000000,48125.99000000,5549077.46480000,18717
2022-11-02,115.00000000,122.10000000,111.90000000,113.70000000,156409.70700000,18259433.18500000,72788
2022-11-03,113.60000000,120.20000000,113.20000000,115.60000000,76224.73500000,8901698.05290000,37980
2022-11-04,115.60000000,124.90000000,115.00000000,124.50000000,117930.06100000,14310027.87650000,57642
2022-11-05,124.40000000,126.00000000,122.10000000,123.70000000,79105.35000000,9832850.38130000,35855
2022-11-06,123.80000000,124.30000000,116.30000000,116.70000000,64341.01100000,7774500.33600000,29441
2022-11-07,116.70000000,119.40000000,115.30000000,117.90000000,80552.12200000,9486814.88080000,32136
2022-11-08,117.80000000,118.90000000,95.00000000,103.20000000,254612.50000000,27827734.73320000,115591
2022-11-09,103.10000000,104.00000000,87.00000000,89.00000000,218973.21222000,21379790.22450000,118419
2022-11-10,89.20000000,106.60000000,87.10000000,102.70000000,180212.82300000,17746624.68580000,97024
2022-11-11,102.60000000,107.00000000,98.70000000,103.10000000,118519.93700000,12195393.80820000,63378
2022-11-12,103.00000000,103.30000000,97.70000000,102.70000000,62502.19900000,6303312.71010000,34286
2022-11-13,102.70000000,103.60000000,98.00000000,99.60000000,99441.56200000,10006079.69320000,54997
2022-11-14,99.60000000,104.80000000,96.20000000,103.90000000,167714.73700000,16978082.72940000,86014
2022-11-15,104.00000000,106.40000000,102.30000000,103.90000000,87863.51500000,9169914.86310000,44395
2022-11-16,103.90000000,109.90000000,102.50000000,104.40000000,95714.73200000,10114088.49910000,44268
2022-11-17,104.40000000,105.30000000,101.20000000,103.90000000,50063.29900000,5165292.81870000,22817
2022-11-18,103.80000000,105.80000000,103.60000000,104.80000000,46239.22200000,4835072.51800000,17535
2022-11-19,104.70000000,106.30000000,103.90000000,104.90000000,32077.80800000,3365647.23120000,17098
2022-11-20,104.90000000,107.60000000,103.10000000,104.80000000,81819.40800000,8639254.79020000,33094
2022-11-21,104.90000000,107.60000000,100.50000000,103.40000000,106990.67000000,11042045.40480000,46943
2022-11-22,103.30000000,109.50000000,103.00000000,109.40000000,112361.60500000,11979032.97960000,51263
2022-11-23,109.40000000,119.90000000,108.40000000,115.00000000,183818.47400000,21155390.01740000,79345
2022-11-24,115.00000000,118.80000000,113.10000000,115.90000000,105513.38900000,12231337.89530000,46304
2022-11-25,115.90000000,116.40000000,113.20000000,113.80000000,51750.06100000,5942648.77760000,23998
2022-11-26,113.90000000,115.70000000,111.40000000,112.50000000,43902.31200000,4991780.70490000,19760
2022-11-27,112.40000000,113.80000000,110.70000000,111.20000000,33855.79200000,3817468.70490000,16290
2022-11-28,111.10000000,112.00000000,106.00000000,110.00000000,57502.51500000,6249257.15130000,28158
2022-11-29,110.00000000,113.20000000,109.10000000,111.00000000,41863.51100000,4667748.46610000,19409
2022-11-30,110.90000000,114.70000000,110.40000000,113.50000000,59280.21600000,6680577.63680000,27931
2022-12-01,113.50000000,113.90000000,109.60000000,110.30000000,57412.05600000,6400659.41300000,23014
2022-12-02,110.30000000,113.00000000,108.20000000,112.00000000,43985.79500000,4859391.05030000,16090
2022-12-03,112.00000000,112.70000000,109.50000000,109.70000000,32270.27000000,3589610.72080000,12297
2022-12-04,109.70000000,112.00000000,109.50000000,111.00000000,34713.42500000,3845818.07980000,14174
2022-12-05,111.10000000,117.00000000,109.70000000,110.40000000,96125.46100000,10967194.74000000,32686
2022-12-06,110.40000000,112.30000000,110.20000000,112.10000000,42918.22200000,4771641.49200000,14103
2022-12-07,112.20000000,112.90000000,107.50000000,109.10000000,51425.92000000,5630981.30950000,20130
2022-12-08,109.10000000,112.30000000,108.40000000,111.90000000,41721.42600000,4604415.37930000,15655
2022-12-09,111.90000000,112.30000000,109.00000000,109.90000000,52086.96500000,5785995.84670000,17154
2022-12-10,109.90000000,110.50000000,108.80000000,109.10000000,27203.90700000,2985386.18300000,10223
2022-12-11,109.10000000,109.90000000,105.90000000,106.30000000,41607.98000000,4499830.15760000,13450
2022-12-12,106.20000000,106.90000000,102.10000000,106.30000000,58195.80700000,6114532.55520000,18507
2022-12-13,106.20000000,111.50000000,103.70000000,110.40000000,118517.49700000,12907721.52410000,36585
2022-12-14,110.40000000,111.40000000,107.40000000,109.10000000,48182.88600000,5281770.61400000,17955
2022-12-15,109.00000000,110.00000000,106.70000000,107.20000000,33064.33100000,3587557.58630000,13195
2022-12-16,107.20000000,108.10000000,98.70000000,100.10000000,65845.58400000,6805340.24190000,25892
2022-12-17,100.10000000,103.40000000,98.70000000,103.10000000,52252.73700000,5305562.26880000,18448
2022-12-18,103.20000000,103.70000000,101.40000000,102.00000000,22885.58800000,2346653.50960000,9673
2022-12-19,102.00000000,103.00000000,97.90000000,98.40000000,40529.38700000,4080428.68060000,15633
2022-12-20,98.30000000,102.50000000,98.30000000,101.70000000,36935.55500000,3710650.16770000,11614
2022-12-21,101.60000000,102.30000000,99.80000000,100.30000000,17479.27200000,1763886.98140000,7648
2022-12-22,100.40000000,101.50000000,99.30000000,101.40000000,15722.59100000,1580412.97440000,6429
2022-12-23,101.40000000,103.00000000,101.20000000,102.00000000,19135.88600000,1949038.79030000,7655
2022-12-24,102.00000000,102.80000000,101.50000000,101.70000000,10568.98500000,1078652.73860000,4648
2022-12-25,101.60000000,102.00000000,99.70000000,101.40000000,19201.42700000,1933251.91070000,7856
2022-12-26,101.40000000,103.60000000,100.90000000,103.40000000,18810.57600000,1922513.26820000,8662
2022-12-27,103.50000000,103.80000000,101.10000000,101.70000000,17120.83500000,1755417.22860000,7768
2022-12-28,101.80000000,102.60000000,98.70000000,99.20000000,30613.42400000,3077769.10390000,11714
2022-12-29,99.10000000,100.30000000,97.20000000,98.40000000,31656.69100000,3126982.69750000,10397
2022-12-30,98.50000000,98.50000000,95.10000000,96.80000000,55044.68700000,5316137.14810000,14842
2022-12-31,96.70000000,98.40000000,96.40000000,97.00000000,24282.68500000,2368190.84300000,8245
2023-01-01,97.00000000,97.60000000,96.20000000,96.80000000,10264.91900000,992801.06160000,3777
2023-01-02,96.80000000,100.40000000,95.50000000,99.30000000,41183.03800000,4042733.81990000,13082
2023-01-03,99.30000000,100.40000000,98.80000000,99.60000000,34511.54400000,3438443.37560000,9253
2023-01-04,99.60000000,102.50000000,99.50000000,101.50000000,58636.88500000,5938819.38780000,16698
2023-01-05,101.60000000,103.50000000,100.60000000,101.20000000,60392.46200000,6167152.44420000,17094
2023-01-06,101.10000000,101.90000000,98.00000000,101.70000000,63179.02000000,6337227.57010000,14506
2023-01-07,101.60000000,102.30000000,101.10000000,101.40000000,30203.64500000,3070641.38990000,7590
2023-01-08,101.50000000,104.00000000,100.80000000,103.70000000,52981.95800000,5422569.32280000,11541
2023-01-09,103.70000000,107.90000000,103.60000000,106.90000000,68710.65700000,7296711.07720000,23456
2023-01-10,106.80000000,109.30000000,105.50000000,107.40000000,45513.41500000,4900508.48690000,17831
2023-01-11,107.50000000,110.10000000,105.50000000,109.90000000,41716.03100000,4480128.28950000,19431
2023-01-12,109.90000000,129.40000000,107.30000000,119.70000000,241816.75200000,28512548.78950000,88108
2023-01-13,119.60000000,128.00000000,117.80000000,124.60000000,143625.19400000,17569854.24180000,50843
2023-01-14,124.50000000,131.30000000,120.00000000,125.80000000,163633.92900000,20662792.77730000,61104
2023-01-15,125.80000000,127.50000000,121.40000000,124.80000000,83784.61900000,10433067.35830000,25854
2023-01-16,124.90000000,127.10000000,119.50000000,124.20000000,88029.13900000,10863943.43100000,32808
2023-01-17,124.20000000,125.70000000,121.80000000,122.70000000,53759.08500000,6656365.27610000,21069
2023-01-18,122.80000000,127.50000000,115.20000000,118.70000000,94056.58700000,11521076.83520000,46121
2023-01-19,118.60000000,122.50000000,118.60000000,121.60000000,39384.00700000,4763644.24600000,16224
2023-01-20,121.70000000,128.20000000,120.40000000,128.10000000,56520.94900000,6975557.51080000,24430
2023-01-21,128.00000000,134.20000000,125.30000000,128.00000000,98438.73900000,12749468.62140000,47555
2023-01-22,128.00000000,132.50000000,127.20000000,128.60000000,56391.95800000,7314118.47650000,27587
2023-01-23,128.50000000,138.60000000,128.40000000,133.20000000,96735.20800000,12967712.52540000,45887
2023-01-24,133.20000000,137.20000000,125.60000000,128.20000000,57354.05400000,7624474.24130000,27423
2023-01-25,128.20000000,134.60000000,125.30000000,131.80000000,48990.86300000,6352195.50750000,26196
2023-01-26,131.90000000,135.10000000,129.50000000,134.00000000,46366.21900000,6137458.70940000,28217
2023-01-27,133.90000000,136.40000000,131.70000000,135.20000000,44599.70800000,6006239.06500000,26086
2023-01-28,135.20000000,135.80000000,131.30000000,132.70000000,28534.60600000,3806611.03860000,16045
2023-01-29,132.70000000,138.70000000,131.90000000,136.60000000,51248.78100000,6983005.27270000,28478
2023-01-30,136.50000000,136.70000000,127.40000000,131.20000000,62216.15800000,8204351.83980000,32211
2023-01-31,131.20000000,136.50000000,130.60000000,133.30000000,42244.26500000,5646812.86840000,29857
2023-02-01,133.30000000,136.90000000,129.80000000,136.20000000,50549.85500000,6729341.78870000,25501
2023-02-02,136.20000000,143.60000000,135.50000000,136.70000000,82403.92500000,11456981.17040000,43932
2023-02-03,136.80000000,139.60000000,136.10000000,137.90000000,39249.19900000,5416974.45440000,20312
2023-02-04,137.90000000,140.10000000,136.40000000,138.00000000,31490.90300000,4353401.30340000,14881
2023-02-05,138.10000000,138.30000000,132.70000000,134.40000000,42079.31100000,5689951.38150000,21650
2023-02-06,134.40000000,135.00000000,130.20000000,131.50000000,29789.53600000,3968642.91720000,17336
2023-02-07,131.50000000,137.60000000,131.20000000,135.90000000,41185.68300000,5535238.62700000,21896
2023-02-08,135.90000000,136.80000000,129.40000000,131.60000000,44511.53300000,5927479.84500000,17958
2023-02-09,131.50000000,132.50000000,121.80000000,126.60000000,84390.54200000,10828950.00890000,42272
2023-02-10,126.70000000,130.30000000,123.80000000,124.30000000,47331.03500000,6039997.34880000,26859
2023-02-11,124.30000000,125.40000000,123.10000000,124.60000000,37171.50300000,4618299.32570000,16953
2023-02-12,124.70000000,126.70000000,121.20000000,122.90000000,30304.05100000,3776555.07210000,14468
2023-02-13,122.80000000,124.70000000,119.70000000,123.80000000,64537.55400000,7903790.79060000,23870
2023-02-14,123.90000000,127.20000000,122.80000000,126.70000000,51039.35300000,6376969.15580000,25399
2023-02-15,126.70000000,135.40000000,125.10000000,134.80000000,64483.62200000,8329752.28740000,31884
2023-02-16,134.80000000,135.80000000,127.60000000,128.00000000,61743.17400000,8233707.89340000,32378
2023-02-17,127.90000000,134.70000000,127.50000000,133.40000000,51358.08500000,6718795.78050000,23773
2023-02-18,133.40000000,138.80000000,133.20000000,136.20000000,46251.43200000,6268944.11370000,24690
2023-02-19,136.20000000,141.10000000,134.60000000,136.00000000,58952.37500000,8105800.43040000,34375
2023-02-20,136.10000000,149.10000000,133.20000000,145.10000000,123482.86800000,17779414.61200000,57850
2023-02-21,145.00000000,154.40000000,142.70000000,145.30000000,144377.87800000,21532133.48470000,72509
2023-02-22,145.30000000,145.70000000,136.80000000,142.00000000,49878.01700000,7017116.47800000,27613
2023-02-23,141.90000000,143.80000000,137.40000000,138.80000000,37061.14700000,5224051.85460000,21554
2023-02-24,138.70000000,139.70000000,130.40000000,132.70000000,39473.82600000,5298206.85660000,26436
2023-02-25,132.70000000,135.60000000,129.50000000,133.20000000,39638.76100000,5272748.17950000,23304
2023-02-26,133.10000000,137.50000000,132.20000000,136.30000000,27869.47000000,3759745.89390000,19743
2023-02-27,136.30000000,138.20000000,133.30000000,135.20000000,33727.45900000,4580226.83690000,21398
2023-02-28,135.20000000,135.30000000,130.50000000,132.00000000,37638.50700000,5013817.31750000,16447
2023-03-01,132.00000000,135.90000000,131.70000000,134.30000000,29814.26900000,3996834.80080000,16477
2023-03-02,134.30000000,134.80000000,129.80000000,131.80000000,32693.29900000,4309740.35250000,13602
2023-03-03,131.90000000,131.90000000,120.00000000,126.40000000,51028.14000000,6383254.69690000,25627
2023-03-04,126.30000000,127.20000000,122.30000000,124.40000000,21819.80500000,2735653.20840000,11342
2023-03-05,124.30000000,126.50000000,123.20000000,124.00000000,14793.09300000,1849966.59380000,9745
2023-03-06,124.00000000,125.00000000,122.10000000,124.20000000,22612.19900000,2794855.12910000,10503
2023-03-07,124.20000000,126.00000000,120.00000000,122.10000000,28569.05000000,3517122.15800000,15620
2023-03-08,122.20000000,122.60000000,114.50000000,116.60000000,42494.95900000,5071754.22160000,22246
2023-03-09,116.60000000,118.40000000,106.40000000,110.20000000,51768.29900000,5842285.83320000,29235
2023-03-10,110.30000000,111.90000000,105.10000000,111.50000000,62563.88600000,6798493.85380000,28196
2023-03-11,111.50000000,115.10000000,107.20000000,113.60000000,67504.73600000,7500190.26530000,34477
2023-03-12,113.60000000,120.90000000,112.00000000,120.20000000,52359.59300000,6037445.84890000,37272
2023-03-13,120.30000000,128.10000000,119.10000000,126.60000000,91701.17600000,11363993.70060000,44000
2023-03-14,126.60000000,140.00000000,125.20000000,131.00000000,97283.00400000,12709711.78600000,52747
2023-03-15,131.00000000,133.80000000,122.00000000,123.20000000,65394.58900000,8326359.09990000,37087
2023-03-16,123.10000000,127.00000000,122.20000000,125.80000000,49577.94000000,6177386.28390000,27070
2023-03-17,125.70000000,135.70000000,124.80000000,135.50000000,56746.17800000,7390479.38170000,31571
2023-03-18,135.50000000,138.00000000,130.20000000,131.10000000,47669.45000000,6421154.28960000,31613
2023-03-19,131.00000000,136.90000000,131.00000000,135.70000000,31897.55400000,4299074.72860000,23691
2023-03-20,135.80000000,139.50000000,129.50000000,130.30000000,53715.15600000,7185808.14220000,41913
2023-03-21,130.30000000,134.70000000,125.60000000,134.00000000,68393.70100000,8933699.28960000,40416
2023-03-22,134.00000000,134.20000000,122.80000000,125.90000000,76774.38000000,9951914.37070000,43724
2023-03-23,126.00000000,131.10000000,124.40000000,128.60000000,88044.15100000,11234202.27470000,30591
2023-03-24,128.70000000,131.90000000,121.50000000,123.70000000,81345.70100000,10280679.51980000,35772
2023-03-25,123.80000000,127.50000000,123.20000000,125.20000000,32778.42500000,4111393.97760000,18786
2023-03-26,125.10000000,127.10000000,123.60000000,124.70000000,27644.55500000,3460766.93850000,15492
2023-03-27,124.70000000,125.00000000,116.60000000,120.40000000,64614.15400000,7823390.33920000,29432
2023-03-28,120.40000000,122.30000000,119.10000000,120.90000000,59140.68100000,7135138.99200000,26221
2023-03-29,120.90000000,124.80000000,120.40000000,123.30000000,58026.01300000,7142998.54650000,23350
2023-03-30,123.30000000,125.30000000,119.00000000,121.10000000,61260.39300000,7489002.86160000,27866
2023-03-31,121.10000000,124.60000000,120.10000000,123.90000000,33062.45900000,4056567.98590000,17780
2023-04-01,123.90000000,127.60000000,123.40000000,126.10000000,40065.83000000,5013258.23170000,35320
2023-04-02,126.10000000,126.50000000,121.20000000,123.00000000,32720.46500000,4056086.14610000,17159
2023-04-03,123.00000000,129.70000000,119.50000000,127.80000000,117684.74000000,14887638.44530000,46842
2023-04-04,127.80000000,128.30000000,125.90000000,127.10000000,49808.46900000,6334434.70990000,16062
2023-04-05,127.10000000,130.00000000,125.20000000,127.20000000,49976.72300000,6399264.59290000,20186
2023-04-06,127.30000000,127.60000000,124.80000000,126.00000000,23152.35200000,2923067.48600000,12597
2023-04-07,126.10000000,126.60000000,123.20000000,124.50000000,27864.21900000,3475296.93510000,11331
2023-04-08,124.50000000,125.20000000,122.80000000,123.80000000,17951.77600000,2228446.08470000,8309
2023-04-09,123.70000000,126.40000000,123.30000000,125.60000000,17464.43700000,2176276.45880000,10100
2023-04-10,125.50000000,128.70000000,124.00000000,128.00000000,32059.60400000,4042907.75070000,15219
2023-04-11,128.00000000,130.70000000,127.40000000,129.10000000,43069.52000000,5554906.32100000,21169
2023-04-12,129.10000000,129.90000000,125.40000000,128.70000000,42992.59800000,5495778.27960000,19201
2023-04-13,128.80000000,132.60000000,128.00000000,131.10000000,52186.84400000,6805120.50720000,17838
2023-04-14,131.10000000,134.40000000,128.90000000,132.20000000,60371.40900000,8005716.78150000,26468
2023-04-15,132.20000000,133.60000000,130.70000000,132.50000000,37448.83100000,4942703.06150000,14536
2023-04-16,132.50000000,136.10000000,131.10000000,134.40000000,40000.53500000,5358224.67700000,18359
2023-04-17,134.30000000,134.50000000,130.20000000,131.50000000,39990.33200000,5285323.48400000,16018
2023-04-18,131.50000000,134.20000000,130.30000000,133.60000000,33908.82700000,4503467.91840000,16745
2023-04-19,133.60000000,133.90000000,122.60000000,124.90000000,77117.41200000,9818376.30540000,37710
2023-04-20,124.80000000,126.90000000,121.40000000,123.20000000,39412.50700000,4897773.23020000,22937
2023-04-21,123.10000000,125.10000000,118.30000000,119.80000000,44640.14600000,5444043.79260000,23319
2023-04-22,119.80000000,122.80000000,119.10000000,122.00000000,28302.99900000,3427361.69750000,11201
2023-04-23,122.10000000,122.80000000,117.90000000,119.80000000,23382.79900000,2819608.35020000,13424
2023-04-24,119.80000000,121.60000000,118.70000000,119.20000000,39350.50400000,4725534.38490000,16784
2023-04-25,119.20000000,120.40000000,116.60000000,120.20000000,30910.41700000,3654733.31890000,15552
2023-04-26,120.20000000,123.40000000,111.50000000,117.60000000,62735.55900000,7486276.05460000,28026
2023-04-27,117.60000000,120.40000000,116.20000000,117.00000000,77460.87700000,9111005.47370000,40009
2023-04-28,117.00000000,120.40000000,115.30000000,118.00000000,53783.83900000,6312544.95630000,26533
2023-04-29,118.00000000,120.20000000,117.60000000,119.70000000,16978.82700000,2022819.73390000,11407
2023-04-30,119.70000000,121.00000000,117.60000000,117.70000000,23552.93700000,2812985.45400000,12689
2023-05-01,117.60000000,118.40000000,115.10000000,117.10000000,22506.42500000,2625012.08200000,16248
2023-05-02,117.00000000,119.70000000,116.30000000,119.30000000,24470.90700000,2894612.73020000,14846
2023-05-03,119.20000000,120.80000000,115.90000000,120.00000000,28932.33000000,3421277.93240000,16434
2023-05-04,120.00000000,120.20000000,116.40000000,117.30000000,18089.49800000,2140326.36250000,11400
2023-05-05,117.30000000,121.00000000,116.50000000,120.00000000,27513.87400000,3280113.72120000,16175
2023-05-06,120.00000000,120.60000000,115.30000000,117.00000000,28806.37700000,3386763.40530000,15750
2023-05-07,116.90000000,117.70000000,115.80000000,116.10000000,13454.76800000,1573159.70240000,9474
2023-05-08,116.00000000,116.80000000,107.00000000,111.10000000,52782.19700000,5909544.86740000,28761
2023-05-09,111.20000000,123.90000000,110.10000000,122.20000000,235926.06000000,28243410.50460000,89654
2023-05-10,122.20000000,124.70000000,111.50000000,115.80000000,154502.29300000,18254342.18230000,60177
2023-05-11,115.70000000,115.80000000,110.00000000,113.20000000,47106.72300000,5330156.83880000,21491
2023-05-12,113.20000000,115.70000000,112.20000000,114.70000000,43317.95700000,4942995.71630000,24557
2023-05-13,114.70000000,115.00000000,112.50000000,113.00000000,21084.69100000,2394928.43510000,10144
2023-05-14,113.00000000,116.10000000,112.90000000,115.20000000,27029.82700000,3095786.59320000,12390
2023-05-15,115.20000000,120.90000000,114.20000000,116.10000000,77793.59400000,9202342.05730000,29682
2023-05-16,116.10000000,117.60000000,114.00000000,116.70000000,24166.61200000,2799502.42620000,15379
2023-05-17,116.70000000,118.80000000,115.30000000,118.00000000,40417.30000000,4724284.08050000,18533
2023-05-18,118.00000000,118.10000000,112.80000000,115.30000000,31700.59300000,3669723.41160000,17971
2023-05-19,115.20000000,116.10000000,114.40000000,115.60000000,17682.87600000,2040577.77840000,9517
2023-05-20,115.50000000,117.00000000,114.60000000,116.60000000,17287.17100000,2002943.34790000,8044
2023-05-21,116.70000000,117.10000000,113.80000000,114.70000000,13837.85300000,1596332.43490000,7792
2023-05-22,114.70000000,115.30000000,113.00000000,114.70000000,28252.40600000,3229594.24100000,11458
2023-05-23,114.70000000,117.40000000,114.70000000,115.70000000,23419.68700000,2717121.67890000,11449
2023-05-24,115.70000000,115.70000000,110.80000000,112.10000000,35368.58700000,3981200.25300000,14872
2023-05-25,112.10000000,112.40000000,109.20000000,111.90000000,21059.75700000,2342770.81210000,9583
2023-05-26,111.90000000,113.80000000,111.40000000,113.20000000,17662.87300000,1992478.60450000,7051
2023-05-27,113.20000000,114.10000000,112.10000000,113.80000000,11827.76200000,1338077.17780000,4945
2023-05-28,113.90000000,116.80000000,113.60000000,116.40000000,20725.44900000,2380722.05740000,8704
2023-05-29,116.50000000,117.30000000,114.60000000,114.90000000,36462.58600000,4216593.48190000,13995
2023-05-30,114.90000000,115.80000000,113.80000000,113.90000000,29794.61400000,3416103.44210000,13012
2023-05-31,113.90000000,114.30000000,112.00000000,113.20000000,34303.53700000,3877252.69280000,13262
2023-06-01,113.30000000,113.60000000,111.50000000,113.40000000,19159.63600000,2162555.86810000,9131
2023-06-02,113.30000000,115.40000000,112.80000000,114.90000000,27534.32500000,3148710.39460000,10663
2023-06-03,114.80000000,115.30000000,114.20000000,114.90000000,15120.55600000,1734793.17820000,6226
2023-06-04,114.90000000,117.00000000,114.10000000,115.70000000,36263.79800000,4213071.71890000,11765
2023-06-05,115.70000000,115.70000000,107.00000000,108.70000000,61000.73600000,6761058.73980000,25645
2023-06-06,108.70000000,115.10000000,107.50000000,114.90000000,50108.60800000,5607545.10980000,18899
2023-06-07,114.90000000,117.10000000,110.00000000,111.10000000,52617.49700000,5989628.92620000,23266
2023-06-08,111.10000000,112.50000000,110.20000000,111.90000000,17049.47100000,1901832.25770000,10826
2023-06-09,111.80000000,112.10000000,109.60000000,110.80000000,25473.66800000,2820477.37100000,10958
2023-06-10,110.80000000,111.00000000,90.30000000,103.40000000,144691.22600000,14471588.80150000,55407
2023-06-11,103.40000000,103.60000000,101.60000000,102.80000000,28551.01400000,2927718.66850000,12564
2023-06-12,102.80000000,104.20000000,100.50000000,102.70000000,20099.81600000,2056162.85690000,13550
2023-06-13,102.80000000,106.80000000,102.20000000,105.30000000,31135.10100000,3266570.76300000,18237
2023-06-14,105.40000000,106.30000000,100.50000000,101.70000000,24515.35500000,2545421.38640000,14398
2023-06-15,101.70000000,105.10000000,101.70000000,104.90000000,29187.91400000,3021090.27230000,13096
2023-06-16,104.80000000,109.50000000,102.70000000,108.10000000,19696.14300000,2082078.31390000,13217
2023-06-17,108.20000000,108.60000000,106.10000000,106.70000000,20624.11200000,2208695.39180000,10733
2023-06-18,106.70000000,108.80000000,105.60000000,107.00000000,34258.43600000,3681101.23930000,15184
2023-06-19,106.90000000,107.30000000,104.80000000,106.80000000,22916.62200000,2435498.40960000,11235
2023-06-20,106.90000000,110.60000000,105.20000000,110.00000000,39355.48600000,4235203.07690000,17900
2023-06-21,110.00000000,141.70000000,109.60000000,135.90000000,541394.24000000,70555036.49150000,255602
2023-06-22,135.80000000,152.00000000,128.90000000,133.50000000,323358.50900000,44487162.49200000,131758
2023-06-23,133.40000000,193.50000000,133.40000000,182.20000000,787313.75900000,132953245.63460000,428494
2023-06-24,182.30000000,221.90000000,179.10000000,212.70000000,1004614.43200000,194067937.41670000,568125
2023-06-25,212.60000000,219.90000000,185.60000000,194.30000000,689870.80900000,139677525.44190000,361083
2023-06-26,194.20000000,235.00000000,187.50000000,223.70000000,926039.44000000,197050681.77310000,491238
2023-06-27,223.80000000,239.40000000,216.00000000,229.90000000,726957.41500000,165557192.40430000,346216
2023-06-28,230.00000000,244.00000000,219.70000000,225.10000000,732766.71300000,168305625.44010000,314890
2023-06-29,225.00000000,255.50000000,223.80000000,253.40000000,711269.16200000,169729482.97550000,289973
2023-06-30,253.30000000,329.00000000,252.20000000,304.20000000,1709900.03100000,507209518.05230000,942093
2023-07-01,304.20000000,310.80000000,278.10000000,291.30000000,540822.10000000,158230763.44470000,318756
2023-07-02,291.30000000,308.90000000,268.20000000,299.20000000,804213.70400000,232894091.16950000,403568
2023-07-03,299.30000000,302.60000000,279.30000000,292.20000000,387646.47900000,112810897.40520000,219975
2023-07-04,292.20000000,293.40000000,271.20000000,272.40000000,273833.46400000,76881223.23510000,165157
2023-07-05,272.40000000,278.70000000,248.90000000,272.00000000,495714.65200000,131005050.15570000,238714
2023-07-06,271.90000000,303.70000000,268.10000000,275.00000000,810940.70200000,231624054.60610000,495578
2023-07-07,275.00000000,289.70000000,272.10000000,278.30000000,399084.96700000,112246478.66330000,226195
2023-07-08,278.40000000,283.20000000,261.70000000,272.00000000,219928.77300000,59576718.05930000,122075
2023-07-09,272.00000000,279.70000000,262.20000000,265.60000000,173195.33100000,46781589.71370000,97323
2023-07-10,265.60000000,287.80000000,258.60000000,274.70000000,371744.55500000,101272304.25340000,187910
2023-07-11,274.80000000,277.60000000,270.20000000,274.00000000,132701.15200000,36356663.47650000,71858
2023-07-12,274.00000000,295.00000000,272.70000000,282.20000000,285425.87000000,80640570.67980000,136327
2023-07-13,282.30000000,292.40000000,268.60000000,273.90000000,424908.31200000,119570143.37390000,179236
2023-07-14,274.00000000,278.20000000,253.60000000,264.00000000,325720.08400000,87605594.41850000,156514
2023-07-15,264.00000000,264.00000000,245.60000000,253.30000000,172753.55400000,43742306.42990000,75869
2023-07-16,253.30000000,261.30000000,247.40000000,249.90000000,198980.26000000,50939849.35820000,82905
2023-07-17,249.90000000,254.60000000,236.00000000,241.90000000,207007.95400000,50439431.17970000,86376
2023-07-18,241.90000000,248.10000000,231.50000000,243.60000000,233675.86500000,56105159.12690000,107033
2023-07-19,243.60000000,252.00000000,241.20000000,244.00000000,120416.23500000,29729275.36440000,51615
2023-07-20,244.00000000,255.30000000,240.20000000,244.00000000,124497.66300000,30773172.19610000,51755
2023-07-21,244.00000000,248.30000000,241.50000000,246.10000000,66221.00100000,16218140.14620000,31654
2023-07-22,246.10000000,247.80000000,237.20000000,239.40000000,57879.99300000,14108762.01850000,25265
2023-07-23,239.30000000,255.70000000,238.20000000,249.50000000,124084.94300000,30766457.84440000,48777
2023-07-24,249.50000000,253.90000000,235.80000000,238.40000000,111892.75700000,27215919.43310000,49790
2023-07-25,238.50000000,239.70000000,232.00000000,237.10000000,75736.75800000,17868760.95260000,30829
2023-07-26,237.10000000,244.70000000,233.70000000,242.20000000,100177.31800000,24004646.51180000,42866
2023-07-27,242.20000000,249.70000000,240.90000000,245.20000000,90392.15500000,22199637.23990000,35574
2023-07-28,245.30000000,245.50000000,241.10000000,241.20000000,32584.43400000,7923302.13330000,15916
2023-07-29,241.20000000,242.50000000,238.20000000,241.80000000,36370.19800000,8742207.53230000,17570
2023-07-30,241.90000000,256.30000000,241.10000000,253.00000000,174533.31700000,43548512.90930000,67910
2023-07-31,253.10000000,259.40000000,247.20000000,247.90000000,147768.88200000,37336753.42220000,57106
2023-08-01,247.90000000,248.90000000,238.70000000,245.10000000,113455.65300000,27559770.68930000,41009
2023-08-02,245.00000000,247.40000000,220.70000000,229.10000000,199778.70800000,47227231.88530000,63694
2023-08-03,229.10000000,231.70000000,222.70000000,225.20000000,95401.70600000,21770773.98830000,33333
2023-08-04,225.20000000,230.10000000,220.70000000,227.70000000,95260.81200000,21582725.44360000,31689
2023-08-05,227.70000000,229.00000000,223.20000000,226.70000000,64492.18100000,14569692.13190000,21600
2023-08-06,226.70000000,228.60000000,221.50000000,223.10000000,54562.27400000,12264695.62470000,17903
2023-08-07,223.10000000,245.40000000,216.70000000,237.70000000,634275.11000000,149364153.26850000,213676
2023-08-08,237.80000000,249.60000000,234.90000000,238.40000000,365898.77900000,88007782.94970000,131780
2023-08-09,238.40000000,239.70000000,233.70000000,238.70000000,141822.19800000,33600816.78570000,52711
2023-08-10,238.80000000,240.60000000,230.30000000,231.90000000,201215.14400000,47305501.25120000,48821
2023-08-11,231.90000000,233.00000000,227.20000000,229.10000000,102086.48200000,23423957.65270000,25894
2023-08-12,229.00000000,231.00000000,227.40000000,228.70000000,40224.07700000,9216908.58070000,12673
2023-08-13,228.70000000,231.20000000,225.00000000,228.40000000,54576.18600000,12464359.51300000,19210
2023-08-14,228.40000000,231.30000000,225.60000000,230.20000000,50608.40500000,11605188.58690000,21702
2023-08-15,230.10000000,237.30000000,225.70000000,228.90000000,228794.82800000,53184290.65390000,60633
2023-08-16,228.80000000,231.30000000,201.00000000,208.20000000,227813.16100000,49661509.70360000,66623
2023-08-17,208.20000000,211.40000000,165.40000000,184.20000000,323267.82100000,63505261.84120000,99332
2023-08-18,184.20000000,192.00000000,178.60000000,187.50000000,185828.92800000,34465067.56620000,61297
2023-08-19,187.40000000,192.10000000,184.30000000,187.10000000,117199.24800000,22064275.36260000,28540
2023-08-20,187.20000000,190.70000000,186.60000000,188.90000000,76291.83600000,14346897.51810000,16712
2023-08-21,188.90000000,199.20000000,180.60000000,185.70000000,100809.24300000,18972685.39180000,33023
2023-08-22,185.80000000,188.30000000,176.70000000,184.90000000,74586.66100000,13753369.11230000,24157
2023-08-23,185.10000000,197.00000000,184.70000000,193.80000000,108545.33800000,20837887.12320000,34196
2023-08-24,193.80000000,195.20000000,188.70000000,194.20000000,77314.99800000,14837941.05160000,20945
2023-08-25,194.10000000,194.80000000,188.40000000,192.10000000,78762.27700000,15058440.21120000,20854
2023-08-26,192.00000000,192.40000000,188.90000000,190.10000000,24752.66200000,4706758.93670000,7839
2023-08-27,190.10000000,201.90000000,190.00000000,197.80000000,69886.29500000,13653256.37660000,19577
2023-08-28,197.80000000,198.00000000,187.20000000,190.70000000,75096.93700000,14422898.56470000,20992
2023-08-29,190.60000000,228.40000000,189.00000000,225.20000000,314215.08000000,66496421.44410000,105770
2023-08-30,225.30000000,225.90000000,211.30000000,215.90000000,168554.10600000,36680933.24500000,53902
2023-08-31,216.00000000,223.00000000,203.10000000,207.60000000,196869.48700000,42237264.57480000,75679
2023-09-01,207.60000000,211.10000000,197.70000000,199.60000000,113364.15700000,23131236.65500000,37319
2023-09-02,199.60000000,201.80000000,190.80000000,195.00000000,82618.20400000,16300032.00930000,25967
2023-09-03,195.00000000,198.20000000,191.20000000,196.10000000,62087.24500000,12097440.71160000,19485
2023-09-04,196.20000000,199.10000000,189.80000000,193.90000000,92638.64700000,17995631.61070000,26205
2023-09-05,193.80000000,195.20000000,189.40000000,192.10000000,64258.26000000,12358920.40100000,20939
2023-09-06,192.00000000,195.80000000,189.50000000,193.10000000,57399.18600000,11054393.79650000,19944
2023-09-07,193.10000000,194.50000000,189.90000000,193.60000000,70621.14200000,13533623.55430000,24029
2023-09-08,193.60000000,197.10000000,190.60000000,193.10000000,101658.82200000,19762425.97720000,22864
2023-09-09,193.20000000,196.40000000,191.00000000,193.10000000,45203.14300000,8718218.43300000,12276
2023-09-10,193.00000000,193.10000000,182.00000000,190.30000000,76889.39400000,14540093.24240000,25614
2023-09-11,190.40000000,191.80000000,180.50000000,184.20000000,112676.34100000,20994392.47480000,29253
2023-09-12,184.30000000,210.70000000,184.00000000,198.50000000,257812.89000000,51105705.55380000,77471
2023-09-13,198.40000000,204.50000000,195.80000000,199.60000000,154766.63400000,30988084.77510000,48660
2023-09-14,199.60000000,210.60000000,198.50000000,207.80000000,174611.16000000,35725667.88300000,46212
2023-09-15,207.90000000,225.80000000,206.10000000,217.20000000,245876.81700000,53089653.17390000,74109
2023-09-16,217.10000000,223.90000000,212.70000000,214.60000000,116619.65900000,25400247.43020000,35523
2023-09-17,214.60000000,214.90000000,205.10000000,209.90000000,105720.44100000,22257129.48500000,33479
2023-09-18,210.00000000,225.70000000,207.40000000,217.30000000,189941.39500000,41336255.02280000,54641
2023-09-19,217.30000000,222.50000000,214.50000000,218.70000000,100740.14400000,22030765.34190000,30742
2023-09-20,218.70000000,221.00000000,211.50000000,215.40000000,133808.86900000,28853788.40450000,36389
2023-09-21,215.50000000,215.70000000,205.70000000,208.50000000,101970.74300000,21438447.99980000,30928
2023-09-22,208.60000000,210.20000000,204.20000000,207.80000000,69681.96300000,14484964.89720000,21992
2023-09-23,207.80000000,209.70000000,206.60000000,208.20000000,40415.18300000,8414113.17060000,11425
2023-09-24,208.20000000,210.00000000,202.80000000,204.70000000,48724.08700000,10127302.28770000,17023
2023-09-25,204.70000000,213.70000000,201.80000000,210.50000000,77227.07500000,16100485.02100000,25456
2023-09-26,210.50000000,216.00000000,209.50000000,214.60000000,108582.48200000,23111392.86460000,26166
2023-09-27,214.70000000,236.70000000,213.40000000,229.40000000,246673.15200000,55893623.01830000,76807
2023-09-28,229.30000000,245.80000000,227.90000000,238.70000000,269639.01300000,63847238.01440000,80107
2023-09-29,238.70000000,241.40000000,229.10000000,235.00000000,143794.19800000,33767694.55060000,41374
2023-09-30,235.00000000,239.90000000,231.90000000,233.90000000,82412.87800000,19416275.42580000,23474
2023-10-01,233.90000000,245.30000000,232.80000000,242.30000000,108512.94300000,25868908.30870000,35112
2023-10-02,242.40000000,256.50000000,240.50000000,246.30000000,263100.24700000,65144142.03040000,87667
2023-10-03,246.30000000,251.50000000,227.80000000,230.30000000,195755.37400000,46917076.89560000,64219
2023-10-04,230.20000000,234.20000000,223.60000000,233.10000000,88354.19700000,20266004.06290000,39515
2023-10-05,233.10000000,234.90000000,225.50000000,230.90000000,82627.43500000,19051789.89920000,34572
2023-10-06,231.00000000,234.00000000,226.10000000,230.80000000,57289.91600000,13206618.14050000,24352
2023-10-07,230.90000000,236.40000000,228.40000000,230.20000000,58115.35500000,13484285.20830000,22493
2023-10-08,230.20000000,233.10000000,226.50000000,227.80000000,41168.99200000,9440046.55340000,17160
2023-10-09,227.80000000,229.10000000,210.60000000,218.40000000,92214.88600000,20172050.57140000,40421
2023-10-10,218.50000000,220.40000000,210.30000000,212.20000000,87818.44800000,18858287.16930000,32415
2023-10-11,212.20000000,217.10000000,206.30000000,214.10000000,87609.57500000,18629100.71370000,38264
2023-10-12,214.00000000,217.50000000,207.50000000,214.00000000,73624.82800000,15691997.49290000,26951
2023-10-13,214.10000000,218.90000000,211.90000000,217.20000000,82605.26000000,17716153.40050000,22976
2023-10-14,217.30000000,218.20000000,214.30000000,214.50000000,23391.75000000,5062593.95790000,8383
2023-10-15,214.50000000,216.70000000,212.80000000,215.10000000,29138.27900000,6250408.51230000,10739
2023-10-16,215.20000000,249.70000000,214.80000000,230.80000000,269226.06700000,62049578.71530000,91862
2023-10-17,230.80000000,232.50000000,223.60000000,226.40000000,104566.10700000,23810222.07110000,34770
2023-10-18,226.30000000,232.90000000,224.60000000,226.80000000,113316.71500000,25914258.54080000,36463
2023-10-19,226.80000000,235.30000000,224.80000000,227.30000000,81905.78400000,18689426.98500000,33718
2023-10-20,227.30000000,249.90000000,226.10000000,240.40000000,158204.57500000,38092365.41910000,67628
2023-10-21,240.40000000,246.60000000,237.80000000,244.00000000,96104.26500000,23304780.70630000,37520
2023-10-22,244.10000000,254.70000000,237.10000000,243.40000000,139159.29000000,33943311.94280000,55927
2023-10-23,243.40000000,264.80000000,240.30000000,262.00000000,214037.56600000,53597479.20490000,97469
2023-10-24,262.00000000,269.90000000,245.50000000,251.90000000,192549.22400000,49675885.94130000,104928
2023-10-25,251.90000000,259.80000000,248.20000000,254.20000000,99341.49100000,25269231.73130000,52857
2023-10-26,254.20000000,257.00000000,240.30000000,247.30000000,99382.20000000,24806591.78860000,51797
2023-10-27,247.30000000,247.60000000,232.80000000,239.30000000,73954.68500000,17898944.87420000,37526
2023-10-28,239.20000000,247.90000000,238.80000000,245.00000000,92960.81800000,22760029.83540000,32220
2023-10-29,244.90000000,249.80000000,242.30000000,246.10000000,55762.80500000,13721028.46800000,23059
2023-10-30,246.00000000,250.90000000,241.20000000,245.80000000,64211.53800000,15763248.81740000,41002
2023-10-31,245.90000000,249.00000000,235.80000000,244.90000000,96173.64600000,23412463.42350000,63545
2023-11-01,244.90000000,247.30000000,236.50000000,245.30000000,90863.41800000,21955501.39630000,54388
2023-11-02,245.20000000,249.50000000,230.40000000,235.50000000,111134.64100000,26834009.41130000,55562
2023-11-03,235.50000000,241.00000000,231.10000000,237.60000000,86161.05000000,20356132.99210000,35705
2023-11-04,237.40000000,240.70000000,235.70000000,240.40000000,31159.01200000,7416477.71500000,15429
2023-11-05,240.50000000,243.10000000,233.30000000,237.50000000,70650.13700000,16859629.14830000,32961
2023-11-06,237.70000000,244.90000000,235.50000000,242.80000000,56406.54400000,13531584.61720000,29209
2023-11-07,242.90000000,251.90000000,237.20000000,243.90000000,128431.43100000,31414475.25030000,64440
2023-11-08,243.80000000,247.40000000,241.70000000,245.50000000,54141.06100000,13227964.88130000,29264
2023-11-09,245.40000000,257.80000000,212.00000000,240.10000000,225713.45000000,54834807.63810000,114726
2023-11-10,240.20000000,242.80000000,233.50000000,239.70000000,116981.35400000,27990611.83100000,58688
2023-11-11,239.80000000,241.70000000,232.30000000,236.70000000,86120.72700000,20442749.94790000,49696
2023-11-12,236.60000000,239.50000000,230.20000000,236.60000000,52434.36400000,12371088.99550000,28229
2023-11-13,236.60000000,240.40000000,231.90000000,234.00000000,122764.00800000,29067797.74380000,54863
2023-11-14,233.90000000,238.90000000,220.50000000,232.00000000,87054.48400000,20285183.40550000,48280
2023-11-15,232.00000000,238.20000000,230.10000000,237.80000000,58741.23600000,13718484.11640000,31715
2023-11-16,237.90000000,245.00000000,230.30000000,234.00000000,111489.39900000,26322748.42130000,54251
2023-11-17,233.90000000,234.80000000,221.40000000,229.70000000,91590.32700000,21087744.30510000,37173
2023-11-18,229.80000000,229.80000000,220.80000000,227.30000000,35985.71100000,8128001.16610000,16869
2023-11-19,227.30000000,231.00000000,224.00000000,230.10000000,33559.19100000,7650711.51740000,15457
2023-11-20,230.10000000,230.50000000,224.50000000,226.20000000,43383.83800000,9901033.56870000,21706
2023-11-21,226.20000000,236.30000000,212.70000000,216.40000000,154187.98700000,35101342.31540000,80192
2023-11-22,216.30000000,224.70000000,215.40000000,223.80000000,71131.82800000,15689036.77900000,28078
2023-11-23,223.80000000,227.60000000,221.90000000,225.10000000,43231.35600000,9718582.72980000,18357
2023-11-24,225.20000000,230.20000000,224.40000000,226.40000000,51461.46900000,11661085.26640000,22717
2023-11-25,226.50000000,228.30000000,225.50000000,227.60000000,21887.64200000,4973553.90940000,11778
2023-11-26,227.60000000,229.80000000,221.80000000,226.80000000,36711.68500000,8326478.18210000,19703
2023-11-27,226.80000000,229.70000000,219.30000000,223.20000000,88941.72000000,20004582.34340000,38986
2023-11-28,223.30000000,224.90000000,219.50000000,223.30000000,41325.25300000,9204628.06040000,20695
2023-11-29,223.30000000,227.20000000,221.00000000,223.20000000,38927.19800000,8717602.69200000,19355
2023-11-30,223.30000000,223.50000000,220.10000000,221.40000000,22303.87700000,4954050.76800000,13311
2023-12-01,221.40000000,226.40000000,220.60000000,225.10000000,26586.40300000,5959105.76080000,16454
2023-12-02,225.10000000,228.60000000,224.80000000,228.20000000,38715.04600000,8778213.46970000,21316
2023-12-03,228.30000000,233.30000000,223.80000000,230.00000000,68569.40400000,15688096.33270000,32458
2023-12-04,230.10000000,256.30000000,229.00000000,252.30000000,324819.81500000,80424103.59410000,163333
2023-12-05,252.30000000,253.10000000,238.40000000,250.90000000,137206.90000000,33657601.11300000,70671
2023-12-06,251.00000000,265.30000000,242.80000000,244.60000000,208471.82200000,52563443.81550000,107165
2023-12-07,244.60000000,249.30000000,239.20000000,246.90000000,86344.82700000,21163193.74630000,50305
2023-12-08,246.90000000,254.60000000,245.30000000,253.50000000,73675.57000000,18420511.42270000,38049
2023-12-09,253.60000000,263.00000000,250.20000000,252.70000000,110203.83000000,28205619.76510000,68153
2023-12-10,252.70000000,255.30000000,244.30000000,251.10000000,48141.55100000,12066470.71750000,33354
2023-12-11,251.10000000,251.70000000,210.10000000,230.50000000,138972.54500000,32322061.30290000,72761
2023-12-12,230.50000000,235.10000000,226.90000000,231.80000000,52552.45400000,12188054.12140000,27671
2023-12-13,231.90000000,237.20000000,222.90000000,235.30000000,68695.59000000,15792155.92070000,33451
2023-12-14,235.40000000,237.90000000,226.30000000,237.30000000,75947.53300000,17783071.52630000,35456
2023-12-15,237.20000000,237.40000000,224.90000000,227.10000000,50604.88600000,11716985.68730000,26511
2023-12-16,227.10000000,232.20000000,224.70000000,229.80000000,30972.31600000,7116205.18810000,17711
2023-12-17,229.80000000,230.60000000,225.00000000,225.90000000,31205.92800000,7119212.15160000,19602
2023-12-18,226.00000000,228.30000000,217.20000000,228.10000000,59987.07900000,13423508.14470000,34574
2023-12-19,228.20000000,231.00000000,222.60000000,225.20000000,46284.00500000,10552068.71140000,24122
2023-12-20,225.20000000,234.70000000,223.70000000,229.50000000,107793.86000000,24868080.43240000,45720
2023-12-21,229.50000000,234.50000000,228.60000000,233.00000000,38331.68400000,8868934.65600000,22699
2023-12-22,233.10000000,244.20000000,231.40000000,238.20000000,112091.99500000,26545281.72550000,53924
2023-12-23,238.20000000,238.60000000,230.00000000,232.70000000,74175.24800000,17272977.34220000,30858
2023-12-24,232.80000000,233.90000000,225.20000000,228.90000000,60413.34300000,13941150.18290000,29262
2023-12-25,229.00000000,237.50000000,228.10000000,234.80000000,63107.22300000,14760932.22120000,30681
2023-12-26,234.90000000,235.10000000,220.00000000,229.30000000,114311.22100000,26237388.30610000,52539
2023-12-27,229.20000000,265.50000000,226.30000000,264.10000000,361613.65400000,89847519.18650000,177414
2023-12-28,264.20000000,278.80000000,257.40000000,261.50000000,344643.07800000,92488322.37520000,205118
2023-12-29,261.60000000,269.40000000,249.10000000,254.10000000,221162.31100000,57349813.89660000,120912
2023-12-30,254.00000000,288.00000000,253.80000000,270.50000000,309545.69900000,85328516.75640000,175014
2023-12-31,270.50000000,272.20000000,252.00000000,259.70000000,119553.93500000,31651774.62510000,67093
2024-01-01,259.70000000,269.90000000,255.60000000,267.80000000,99997.89400000,26387127.37440000,61701
2024-01-02,267.80000000,271.10000000,254.10000000,257.10000000,119838.55900000,31548903.14990000,69672
2024-01-03,257.10000000,268.00000000,211.30000000,234.00000000,214279.41100000,52150992.14650000,123782
2024-01-04,234.00000000,240.30000000,232.10000000,239.50000000,75102.07800000,17757304.50670000,41188
2024-01-05,239.60000000,242.70000000,228.80000000,239.30000000,95347.42300000,22399820.21220000,55529
2024-01-06,239.20000000,243.50000000,230.80000000,236.10000000,69369.67300000,16440196.75990000,39122
2024-01-07,236.10000000,240.00000000,229.70000000,232.50000000,59334.14400000,13985178.88030000,31779
2024-01-08,232.50000000,256.00000000,221.00000000,253.90000000,177168.55500000,42042406.35190000,90157
2024-01-09,254.00000000,257.60000000,239.40000000,244.80000000,146402.99300000,36271745.09250000,81750
2024-01-10,244.70000000,260.20000000,233.00000000,254.70000000,123823.46400000,30376774.58790000,71335
2024-01-11,254.80000000,289.40000000,250.40000000,276.10000000,291913.79000000,79361276.20580000,181285
2024-01-12,276.10000000,298.60000000,250.10000000,259.30000000,322116.12100000,90359150.09350000,212209
2024-01-13,259.30000000,262.50000000,250.80000000,254.10000000,133675.52400000,34245849.25590000,75527
2024-01-14,254.10000000,259.10000000,245.10000000,245.70000000,81778.38100000,20762168.12170000,54988
2024-01-15,245.70000000,257.80000000,245.10000000,250.20000000,68857.59300000,17386046.53050000,47555
2024-01-16,250.20000000,256.30000000,248.90000000,251.20000000,65919.31000000,16677094.16440000,41103
2024-01-17,251.20000000,251.50000000,240.70000000,244.20000000,108380.04700000,26643498.61700000,43921
2024-01-18,244.20000000,245.10000000,233.20000000,237.70000000,71104.09200000,16995185.50730000,41785
2024-01-19,237.70000000,238.20000000,226.50000000,236.80000000,76209.81600000,17828354.32280000,45189
2024-01-20,236.80000000,240.00000000,235.00000000,239.10000000,27061.28500000,6422564.72770000,17427
2024-01-21,239.00000000,243.10000000,236.50000000,236.90000000,31640.02300000,7603697.72110000,18594
2024-01-22,236.90000000,242.80000000,230.30000000,235.70000000,135875.31300000,31904942.42690000,66053
2024-01-23,235.70000000,238.00000000,219.10000000,229.60000000,112117.56500000,25584913.43220000,53889
2024-01-24,229.60000000,238.40000000,228.50000000,236.30000000,70102.53100000,16420159.68400000,36266
2024-01-25,236.20000000,238.70000000,234.40000000,236.60000000,45885.67600000,10835711.09130000,23662
2024-01-26,236.60000000,243.00000000,234.50000000,241.80000000,38870.82200000,9291097.01470000,19579
2024-01-27,241.80000000,245.20000000,239.20000000,243.70000000,42733.63200000,10362218.10570000,20189
2024-01-28,243.70000000,245.90000000,234.80000000,236.90000000,40037.91000000,9617885.03430000,17470
2024-01-29,236.90000000,242.00000000,234.10000000,241.30000000,47720.55600000,11330828.53220000,21800
2024-01-30,241.30000000,243.80000000,236.30000000,237.40000000,40063.40400000,9678623.40360000,19836
2024-01-31,237.50000000,239.00000000,232.50000000,234.30000000,70257.70600000,16538966.36990000,32110
2024-02-01,234.20000000,237.40000000,230.40000000,236.60000000,40860.13800000,9583069.98290000,19574
2024-02-02,236.80000000,238.00000000,234.40000000,236.30000000,22391.86500000,5295283.40280000,10914
2024-02-03,236.30000000,242.20000000,236.10000000,241.00000000,38262.95500000,9167329.96740000,16786
2024-02-04,241.00000000,244.40000000,232.70000000,235.20000000,71465.64500000,17145784.63770000,28157
2024-02-05,235.20000000,238.00000000,233.90000000,235.80000000,37484.43200000,8842310.02030000,16230
2024-02-06,235.80000000,238.40000000,234.30000000,235.20000000,53932.23200000,12723652.44580000,16777
2024-02-07,235.10000000,241.00000000,234.60000000,240.60000000,29816.61100000,7058849.34730000,15434
2024-02-08,240.70000000,245.00000000,240.30000000,244.60000000,43776.72300000,10634932.55070000,19768
2024-02-09,244.60000000,254.00000000,244.60000000,250.30000000,71398.51100000,17836486.69330000,40278
2024-02-10,250.30000000,251.80000000,243.00000000,247.80000000,33287.28900000,8233997.47670000,20084
2024-02-11,247.80000000,283.80000000,246.70000000,277.60000000,430299.99600000,117048038.61710000,251092
2024-02-12,277.70000000,289.80000000,266.50000000,280.50000000,267529.30400000,74457517.15400000,152850
2024-02-13,280.50000000,287.60000000,266.50000000,270.40000000,122646.42900000,33803910.68540000,72937
2024-02-14,270.40000000,295.80000000,264.60000000,280.70000000,247560.01900000,69479785.98920000,148618
2024-02-15,280.70000000,282.60000000,265.90000000,270.40000000,233683.38000000,63371783.51460000,116585
2024-02-16,270.30000000,275.20000000,265.20000000,274.20000000,198667.21500000,53821692.60090000,87005
2024-02-17,274.20000000,274.30000000,258.40000000,267.30000000,83607.42300000,22250410.44540000,40202
2024-02-18,267.30000000,271.90000000,264.80000000,270.60000000,37506.65800000,10057440.38400000,23698
2024-02-19,270.50000000,273.70000000,266.70000000,273.10000000,62070.97400000,16756309.55770000,33861
2024-02-20,273.20000000,274.10000000,256.00000000,265.20000000,122246.64600000,32584961.41800000,60766
2024-02-21,265.30000000,267.10000000,255.20000000,263.10000000,64106.10700000,16743001.37490000,38530
2024-02-22,263.00000000,267.40000000,259.00000000,260.40000000,51094.49700000,13420235.02320000,30355
2024-02-23,260.30000000,267.10000000,259.40000000,264.70000000,53742.34300000,14152264.54120000,34496
2024-02-24,264.70000000,270.60000000,262.80000000,267.70000000,37881.14300000,10117416.03490000,27097
2024-02-25,267.70000000,270.90000000,265.50000000,267.90000000,42202.09300000,11317678.40940000,26744
2024-02-26,267.90000000,276.80000000,262.20000000,274.70000000,79611.43100000,21458806.81860000,46657
2024-02-27,274.70000000,314.00000000,274.40000000,292.80000000,472705.31200000,141569243.80290000,295595
2024-02-28,292.80000000,313.80000000,278.60000000,296.40000000,307986.35900000,92056541.78760000,205541
2024-02-29,296.40000000,323.50000000,291.00000000,297.60000000,357337.47000000,111180064.59070000,210899
2024-03-01,297.70000000,319.80000000,296.80000000,316.30000000,170705.24900000,53158786.85970000,112002
2024-03-02,316.30000000,506.40000000,315.50000000,501.10000000,1102649.19000000,459355355.19070000,1130496
2024-03-03,501.20000000,529.20000000,455.20000000,470.50000000,641629.38400000,315608410.29110000,705285
2024-03-04,470.40000000,479.00000000,433.20000000,473.50000000,485575.61400000,222036116.72550000,510367
2024-03-05,473.40000000,481.90000000,340.00000000,401.00000000,431605.45800000,185073264.61190000,508832
2024-03-06,400.90000000,421.60000000,383.40000000,415.80000000,209890.51000000,84905886.52830000,233618
2024-03-07,415.70000000,439.50000000,397.60000000,432.10000000,187382.54600000,78451629.85600000,204790
2024-03-08,432.00000000,446.50000000,400.00000000,436.50000000,194407.48600000,84240691.15890000,213315
2024-03-09,436.60000000,458.40000000,424.70000000,432.20000000,155696.29100000,68408254.67420000,162011
2024-03-10,432.10000000,446.40000000,411.80000000,423.40000000,146516.64800000,63269822.97730000,174440
2024-03-11,423.30000000,456.00000000,401.10000000,448.40000000,232768.14600000,101735763.82890000,240749
2024-03-12,448.40000000,448.50000000,409.70000000,435.00000000,270855.78800000,115746999.27820000,249592
2024-03-13,435.00000000,455.30000000,423.80000000,442.50000000,231275.94900000,101667364.68610000,204010
2024-03-14,442.40000000,474.40000000,416.10000000,440.50000000,372276.87800000,166540859.12970000,351549
2024-03-15,440.50000000,445.00000000,383.00000000,416.70000000,193041.26700000,79203695.08420000,259437
2024-03-16,416.70000000,421.50000000,381.60000000,388.60000000,122231.60200000,49074919.99200000,152046
2024-03-17,388.50000000,407.80000000,369.00000000,402.60000000,125845.58200000,49621263.43660000,128815
2024-03-18,402.50000000,411.70000000,383.40000000,401.00000000,113797.97800000,45161549.98340000,127845
2024-03-19,401.30000000,411.90000000,351.00000000,358.80000000,203229.27300000,76296846.40220000,221130
2024-03-20,358.70000000,412.60000000,348.00000000,410.00000000,193584.59800000,73349021.65900000,188290
2024-03-21,409.90000000,436.50000000,403.90000000,414.40000000,197366.15600000,82999352.56590000,205221
2024-03-22,414.50000000,433.50000000,391.50000000,431.40000000,195896.53800000,80665028.17130000,189268
2024-03-23,431.50000000,475.90000000,419.60000000,455.90000000,311308.98700000,141394691.59960000,338105
2024-03-24,455.90000000,500.00000000,444.90000000,485.10000000,284452.21200000,134255593.12850000,359743
2024-03-25,485.10000000,507.10000000,472.90000000,487.40000000,313321.64700000,154060150.09530000,372069
2024-03-26,487.30000000,495.00000000,467.80000000,479.30000000,158989.48600000,76851031.83070000,191665
2024-03-27,479.40000000,553.60000000,478.20000000,539.10000000,508240.32100000,263438945.93130000,654249
2024-03-28,539.00000000,586.90000000,527.40000000,567.40000000,351119.57600000,195752847.38760000,493927
2024-03-29,567.40000000,640.00000000,553.10000000,620.60000000,403682.72200000,242540887.35900000,588124
2024-03-30,620.70000000,624.20000000,590.30000000,597.60000000,137919.77800000,83490336.63880000,220785
2024-03-31,597.70000000,693.00000000,586.00000000,678.70000000,272976.62700000,176324754.62020000,390983
2024-04-01,678.80000000,705.00000000,617.40000000,647.60000000,432766.70500000,289380178.02370000,533967
2024-04-02,647.80000000,649.90000000,587.00000000,639.00000000,334867.06300000,207701670.11640000,461451
2024-04-03,639.20000000,644.00000000,561.70000000,592.80000000,352889.58300000,211613465.14470000,382873
2024-04-04,592.80000000,683.80000000,591.30000000,665.40000000,558864.96900000,360454086.82880000,618000
2024-04-05,665.50000000,719.50000000,645.00000000,657.30000000,521720.66800000,355538241.17790000,634316
2024-04-06,657.50000000,716.90000000,656.70000000,693.90000000,527039.09900000,367615439.64400000,541547
2024-04-07,693.90000000,710.10000000,674.70000000,684.80000000,166595.47800000,114639067.13000000,197668
2024-04-08,684.90000000,712.90000000,678.00000000,681.40000000,203752.83900000,141497403.67260000,241616
2024-04-09,681.40000000,695.80000000,656.00000000,671.80000000,244522.65500000,166350052.76530000,279056
2024-04-10,671.80000000,673.80000000,594.70000000,629.20000000,303286.49800000,189164679.23640000,385857
2024-04-11,629.30000000,629.40000000,599.70000000,614.20000000,97400.25400000,59790768.50040000,117930
2024-04-12,614.20000000,618.90000000,487.80000000,533.20000000,277284.70100000,154450489.46570000,309194
2024-04-13,533.40000000,551.70000000,443.00000000,479.60000000,310810.00700000,155667202.03500000,400914
2024-04-14,479.60000000,530.90000000,453.50000000,525.70000000,226882.95500000,110505777.88680000,293432
2024-04-15,525.60000000,568.20000000,490.90000000,508.30000000,234628.34200000,123301412.71590000,264741
2024-04-16,508.30000000,510.50000000,462.50000000,486.90000000,199190.72700000,96478269.64180000,209684
2024-04-17,486.80000000,490.70000000,446.90000000,463.90000000,127098.09100000,59329466.24140000,158290
2024-04-18,463.70000000,488.90000000,453.20000000,483.00000000,84325.23000000,40219294.95830000,107064
2024-04-19,483.10000000,492.40000000,444.30000000,476.80000000,121845.41100000,57768552.73290000,146019
2024-04-20,476.70000000,522.50000000,470.70000000,515.40000000,97746.41800000,48285697.00730000,104433
2024-04-21,515.30000000,518.30000000,493.20000000,502.20000000,54528.18200000,27707664.08520000,79006
2024-04-22,502.20000000,528.00000000,496.20000000,522.70000000,60480.94400000,30995763.49500000,75339
2024-04-23,522.70000000,523.40000000,501.70000000,505.00000000,57725.74700000,29488824.22670000,68921
2024-04-24,505.00000000,511.90000000,474.00000000,479.40000000,82120.51100000,40620281.70170000,88063
2024-04-25,479.60000000,486.00000000,466.80000000,478.10000000,69775.35800000,33330287.20010000,80398
2024-04-26,478.10000000,493.50000000,466.60000000,482.40000000,47250.07300000,22703379.18820000,62910
2024-04-27,482.70000000,486.10000000,462.00000000,477.10000000,50248.30000000,23831534.32490000,66938
2024-04-28,477.00000000,488.00000000,468.20000000,470.50000000,30354.96700000,14572171.38840000,41814
2024-04-29,470.80000000,474.50000000,447.00000000,465.10000000,56862.53000000,26084342.52950000,68038
2024-04-30,465.20000000,470.40000000,420.60000000,434.10000000,115595.85300000,50849999.63030000,125741
2024-05-01,434.10000000,436.00000000,400.00000000,424.80000000,123445.69000000,51172271.67230000,132672
2024-05-02,424.70000000,434.70000000,410.70000000,429.00000000,50861.94200000,21534672.15660000,60070
2024-05-03,429.10000000,458.60000000,425.70000000,452.60000000,61238.56000000,27172421.27160000,82212
2024-05-04,452.70000000,480.50000000,451.90000000,462.80000000,64901.95500000,30302428.34990000,89872
2024-05-05,463.00000000,473.10000000,455.70000000,469.00000000,29910.84600000,13879892.35680000,40060
2024-05-06,469.10000000,484.30000000,462.90000000,473.10000000,59984.36200000,28418555.94300000,77952
2024-05-07,473.10000000,494.60000000,466.20000000,470.90000000,77311.27800000,37093422.36890000,111280
2024-05-08,470.80000000,473.70000000,444.70000000,448.20000000,73563.78100000,33670643.36350000,99049
2024-05-09,448.10000000,458.80000000,442.00000000,454.80000000,42676.01900000,19206016.65440000,59717
2024-05-10,454.70000000,456.90000000,421.30000000,426.60000000,57408.00300000,25160982.47900000,80474
2024-05-11,426.60000000,435.80000000,425.20000000,429.50000000,38817.66400000,16710192.51830000,50590
2024-05-12,429.50000000,438.70000000,427.50000000,433.00000000,16312.88300000,7066592.00890000,26693
2024-05-13,433.10000000,448.20000000,421.50000000,437.50000000,48725.13800000,21235232.80530000,65575
2024-05-14,437.50000000,439.50000000,426.00000000,429.10000000,40060.73300000,17390412.69050000,56402
2024-05-15,429.10000000,467.10000000,423.80000000,463.70000000,60865.84600000,27116506.02790000,88534
2024-05-16,463.60000000,465.90000000,442.40000000,444.80000000,36934.91000000,16704572.48920000,54326
2024-05-17,444.80000000,478.50000000,442.30000000,466.50000000,93051.63200000,43339683.73300000,122698
2024-05-18,466.60000000,492.10000000,464.30000000,475.40000000,73575.83500000,35415816.89140000,102127
2024-05-19,475.30000000,497.10000000,473.00000000,484.90000000,86821.51200000,42416557.43150000,125119
2024-05-20,485.00000000,518.60000000,476.10000000,517.90000000,117801.39800000,58342990.00480000,169615
2024-05-21,517.90000000,530.10000000,510.00000000,515.00000000,142481.67200000,74193480.84100000,172399
2024-05-22,515.00000000,515.90000000,495.10000000,499.00000000,73263.52700000,36979168.07200000,100372
2024-05-23,499.10000000,516.40000000,472.40000000,491.20000000,87911.55100000,43855168.44040000,148818
2024-05-24,491.20000000,500.10000000,480.00000000,494.90000000,54448.92100000,26742300.30330000,78160
2024-05-25,495.00000000,501.90000000,490.90000000,493.60000000,37974.68100000,18796866.88730000,53938
2024-05-26,493.60000000,494.40000000,480.70000000,484.00000000,41700.75300000,20365033.63720000,55115
2024-05-27,484.10000000,503.70000000,481.30000000,489.60000000,35570.35700000,17504031.18380000,56030
2024-05-28,489.50000000,489.60000000,461.20000000,470.40000000,80456.84300000,37762024.16230000,115169
2024-05-29,470.40000000,475.30000000,462.70000000,465.80000000,41494.84400000,19469368.04840000,57002
2024-05-30,465.70000000,474.90000000,459.40000000,465.10000000,33226.04300000,15520941.48100000,50845
2024-05-31,465.00000000,469.30000000,447.60000000,454.80000000,36233.25600000,16684477.18980000,49763
2024-06-01,454.90000000,466.40000000,454.30000000,463.50000000,15542.05700000,7151823.56060000,25510
2024-06-02,463.60000000,465.30000000,452.90000000,458.30000000,22551.46600000,10381414.00130000,37941
2024-06-03,458.40000000,471.80000000,454.40000000,464.90000000,36878.02000000,17174530.32380000,45365
2024-06-04,465.00000000,479.90000000,459.60000000,477.00000000,49625.88500000,23354407.52770000,59163
2024-06-05,477.10000000,497.90000000,476.40000000,495.20000000,47356.33200000,22993756.04570000,65532
2024-06-06,495.10000000,502.40000000,485.80000000,496.10000000,56909.87400000,28204898.66240000,86419
2024-06-07,496.20000000,520.90000000,458.80000000,477.60000000,112336.71800000,56060688.67050000,157245
2024-06-08,477.60000000,484.90000000,465.40000000,469.50000000,47932.31500000,22769752.76090000,75011
2024-06-09,469.50000000,476.00000000,465.00000000,474.60000000,19116.67200000,8999109.34470000,38537
2024-06-10,474.60000000,474.90000000,461.20000000,469.10000000,29413.71500000,13786438.72660000,39513
2024-06-11,469.10000000,469.60000000,434.20000000,446.20000000,64910.15000000,29185413.74220000,92915
2024-06-12,446.20000000,466.70000000,438.90000000,454.20000000,54702.67600000,24847840.40110000,79791
2024-06-13,454.20000000,456.10000000,430.00000000,431.70000000,58576.40700000,25975603.40440000,72954
2024-06-14,431.80000000,441.40000000,406.10000000,422.90000000,58451.65600000,24805873.24770000,72589
2024-06-15,422.90000000,432.70000000,422.40000000,430.10000000,26177.13100000,11200521.61670000,31245
2024-06-16,430.10000000,434.00000000,426.60000000,428.40000000,22347.05900000,9616647.91600000,26603
2024-06-17,428.50000000,430.00000000,403.70000000,419.70000000,54034.75900000,22605749.06160000,71964
2024-06-18,419.60000000,421.50000000,372.20000000,389.20000000,112632.02500000,43684004.25310000,144420
2024-06-19,389.30000000,398.40000000,385.30000000,388.90000000,35558.05100000,13934998.36420000,51185
2024-06-20,389.00000000,400.80000000,385.30000000,389.80000000,40354.25100000,15867611.77910000,51095
2024-06-21,389.90000000,397.60000000,377.00000000,383.00000000,46883.27700000,18213258.29080000,60461
2024-06-22,383.20000000,410.10000000,379.70000000,392.10000000,26928.59900000,10520529.55530000,41421
2024-06-23,392.00000000,396.60000000,378.40000000,381.10000000,26081.11500000,10111776.62340000,36663
2024-06-24,381.00000000,384.30000000,343.90000000,363.80000000,94725.95900000,34008028.28570000,126071
2024-06-25,364.00000000,396.70000000,363.70000000,388.60000000,76738.73100000,29212233.86470000,101247
2024-06-26,388.80000000,397.20000000,373.50000000,374.00000000,52720.32200000,20130111.59710000,76037
2024-06-27,373.90000000,395.50000000,369.90000000,389.00000000,46924.31400000,17934537.91400000,75572
2024-06-28,389.00000000,407.00000000,384.00000000,386.00000000,67553.47600000,26641638.17440000,103267
2024-06-29,386.10000000,390.20000000,379.10000000,380.90000000,22719.81500000,8745533.80090000,34065
2024-06-30,380.90000000,397.50000000,378.60000000,394.00000000,20405.18400000,7915447.86440000,34077
2024-07-01,394.00000000,398.60000000,382.10000000,384.60000000,26682.02300000,10414079.93430000,40980
2024-07-02,384.50000000,394.20000000,378.40000000,382.10000000,23202.27600000,8939350.83940000,32541
2024-07-03,382.10000000,382.80000000,368.30000000,373.20000000,30944.58100000,11572475.52900000,40288
2024-07-04,373.20000000,374.50000000,330.30000000,331.40000000,91812.67300000,32112941.52330000,99135
2024-07-05,331.50000000,331.80000000,288.40000000,325.50000000,157825.59500000,48850525.54240000,191570
2024-07-06,325.50000000,344.00000000,319.80000000,342.90000000,42575.46900000,14150455.78750000,55801
2024-07-07,343.10000000,343.10000000,310.50000000,312.70000000,35767.79800000,11657766.20340000,56284
2024-07-08,312.70000000,338.10000000,298.90000000,333.50000000,64121.59000000,20595344.77480000,92696
2024-07-09,333.50000000,340.80000000,328.40000000,331.10000000,30953.18800000,10346419.38710000,43505
2024-07-10,331.10000000,346.60000000,326.70000000,340.30000000,39873.01900000,13534389.49250000,47838
2024-07-11,340.30000000,368.90000000,335.70000000,347.10000000,67116.21000000,23721413.99380000,95881
2024-07-12,347.10000000,370.00000000,340.50000000,368.90000000,38731.96000000,13769782.03940000,71159
2024-07-13,368.90000000,380.00000000,368.90000000,375.60000000,56019.08500000,20989629.08520000,97201
2024-07-14,375.70000000,387.90000000,363.90000000,376.60000000,52861.19100000,19897876.09680000,108684
2024-07-15,376.50000000,401.50000000,375.60000000,400.20000000,52218.02200000,20222475.64350000,108546
2024-07-16,400.20000000,405.30000000,369.50000000,387.10000000,86994.92600000,33526082.69740000,160420
2024-07-17,387.10000000,400.60000000,371.50000000,375.10000000,74347.20300000,28448128.94300000,111376
2024-07-18,375.30000000,386.50000000,369.40000000,382.80000000,51126.18400000,19425878.49370000,71285
2024-07-19,382.80000000,400.30000000,369.80000000,391.40000000,60095.15400000,23068634.45110000,100498
2024-07-20,391.50000000,398.90000000,385.60000000,395.50000000,27968.60000000,10989414.39140000,45526
2024-07-21,395.40000000,401.50000000,378.10000000,401.30000000,40563.72400000,15903716.03840000,57474
2024-07-22,401.30000000,404.60000000,382.80000000,385.90000000,45420.81500000,17840809.50720000,59868
2024-07-23,385.90000000,392.80000000,360.70000000,366.50000000,76251.47400000,28639630.34820000,93478
2024-07-24,366.40000000,374.80000000,359.10000000,362.40000000,40900.33000000,15042141.73140000,54095
2024-07-25,362.40000000,365.20000000,346.70000000,361.40000000,67584.52200000,23934408.50480000,87956
2024-07-26,361.40000000,379.00000000,361.10000000,377.30000000,34611.40800000,12840141.46060000,45656
2024-07-27,377.30000000,398.20000000,376.70000000,392.40000000,58201.82500000,22674494.57220000,76325
2024-07-28,392.50000000,423.60000000,388.90000000,416.80000000,96659.63600000,38953687.21540000,115466
2024-07-29,416.80000000,459.20000000,413.80000000,439.00000000,144369.02100000,63887472.26630000,207717
2024-07-30,439.00000000,446.70000000,428.00000000,432.40000000,98813.80600000,43127112.78530000,137376
2024-07-31,432.50000000,441.40000000,411.30000000,413.90000000,69143.85800000,29576601.42390000,93522
2024-08-01,413.90000000,423.50000000,389.80000000,413.30000000,66496.79800000,27340889.74360000,98231
2024-08-02,413.20000000,417.50000000,379.50000000,381.60000000,65059.10500000,26043028.63300000,105506
2024-08-03,381.50000000,386.10000000,354.70000000,364.40000000,63097.81800000,23507910.68830000,89882
2024-08-04,364.40000000,367.40000000,331.00000000,332.50000000,99325.45800000,34616384.48640000,114675
2024-08-05,332.50000000,335.70000000,272.70000000,309.90000000,309239.20200000,92691182.52590000,375709
2024-08-06,309.90000000,330.20000000,307.20000000,315.00000000,119116.00700000,38012436.54590000,155718
2024-08-07,315.00000000,327.80000000,308.80000000,312.40000000,63735.52600000,20257198.18370000,138985
2024-08-08,312.50000000,372.20000000,308.20000000,353.10000000,114887.39200000,38692926.73110000,195104
2024-08-09,353.10000000,357.90000000,336.10000000,347.60000000,93404.98900000,32608836.94890000,163434
2024-08-10,347.60000000,359.00000000,345.40000000,354.90000000,34079.00000000,12049962.02020000,83275
2024-08-11,354.90000000,358.60000000,327.40000000,330.20000000,25718.95400000,8860758.46220000,78549
2024-08-12,330.20000000,360.10000000,328.80000000,354.90000000,82969.97000000,28586644.07360000,166425
2024-08-13,354.80000000,365.40000000,343.50000000,351.70000000,63188.20200000,22318946.95230000,129557
2024-08-14,351.60000000,352.60000000,334.80000000,337.70000000,44204.92700000,15198946.28270000,100420
2024-08-15,337.70000000,344.30000000,327.40000000,334.30000000,46218.33800000,15513835.24820000,120774
2024-08-16,334.30000000,346.80000000,328.10000000,338.20000000,86342.62900000,29242181.03790000,152766
2024-08-17,337.90000000,348.00000000,335.70000000,341.30000000,31169.22700000,10674593.12620000,54359
2024-08-18,341.20000000,345.50000000,332.90000000,333.10000000,24835.24000000,8477667.71510000,59338
2024-08-19,333.20000000,339.70000000,330.40000000,338.00000000,23449.47300000,7836412.25810000,47689
2024-08-20,337.90000000,346.80000000,331.30000000,335.20000000,51804.15700000,17520960.16960000,74211
2024-08-21,335.20000000,355.50000000,333.10000000,349.40000000,75647.09800000,26051859.32750000,116346
2024-08-22,349.40000000,352.20000000,342.00000000,346.80000000,28477.57600000,9900585.55180000,62812
2024-08-23,346.70000000,369.00000000,346.40000000,365.10000000,47960.34800000,17102854.71840000,100494
2024-08-24,365.20000000,369.20000000,357.40000000,363.60000000,36840.78800000,13375369.03880000,81029
2024-08-25,363.70000000,364.90000000,350.00000000,356.30000000,45767.25500000,16392779.58110000,117308
2024-08-26,356.30000000,358.10000000,339.40000000,342.30000000,69526.52300000,24103512.82530000,164112
2024-08-27,342.40000000,347.20000000,314.80000000,324.20000000,45055.64100000,14993164.39010000,154237
2024-08-28,324.10000000,330.70000000,314.20000000,322.10000000,47247.71800000,15269935.26180000,135947
2024-08-29,322.00000000,331.00000000,317.10000000,322.50000000,25674.62500000,8330529.30460000,70014
2024-08-30,322.50000000,327.20000000,314.80000000,324.90000000,26233.68900000,8444133.17980000,74659
2024-08-31,324.90000000,326.80000000,319.90000000,322.40000000,9991.83800000,3234365.36800000,34097
2024-09-01,322.30000000,322.80000000,310.40000000,312.70000000,18767.35100000,5964288.46790000,66720
2024-09-02,312.60000000,325.90000000,310.60000000,323.70000000,31088.34300000,9925229.79430000,113889
2024-09-03,323.70000000,326.30000000,308.50000000,308.90000000,62875.80600000,19788566.22320000,102944
2024-09-04,308.80000000,319.50000000,296.00000000,315.20000000,44742.70100000,13842592.66610000,82581
2024-09-05,315.10000000,317.00000000,303.40000000,307.60000000,24052.70000000,7427298.43290000,44185
2024-09-06,307.70000000,312.80000000,286.00000000,295.00000000,51998.99200000,15657396.63060000,86053
2024-09-07,294.90000000,308.30000000,293.20000000,299.40000000,24333.15000000,7332605.87680000,44099
2024-09-08,299.40000000,308.30000000,298.70000000,305.40000000,19916.17600000,6039087.05130000,37421
2024-09-09,305.30000000,325.90000000,304.80000000,322.20000000,35098.29600000,11074454.32970000,69827
2024-09-10,322.30000000,332.00000000,318.10000000,329.50000000,34693.24200000,11245208.46740000,60838
2024-09-11,329.50000000,343.90000000,319.70000000,337.60000000,46519.44100000,15411406.34690000,82712
2024-09-12,337.50000000,341.00000000,330.00000000,333.00000000,37359.97900000,12510859.76970000,56473
2024-09-13,332.90000000,337.80000000,326.90000000,335.50000000,28798.90400000,9574535.41890000,51378
2024-09-14,335.70000000,337.80000000,325.30000000,327.00000000,18588.30600000,6139443.76420000,34301
2024-09-15,327.00000000,329.20000000,313.90000000,316.40000000,26702.40800000,8597322.42900000,56066
2024-09-16,316.40000000,317.30000000,308.90000000,311.80000000,31470.28100000,9855420.37740000,59794
2024-09-17,311.80000000,321.60000000,309.30000000,314.30000000,26210.35900000,8263056.81500000,54840
2024-09-18,314.30000000,328.10000000,306.20000000,327.00000000,40596.04300000,12781721.62690000,74225
2024-09-19,327.00000000,349.80000000,326.30000000,340.00000000,109539.26900000,37457914.23100000,164459
2024-09-20,340.00000000,345.50000000,332.40000000,335.80000000,50785.32100000,17203711.98350000,78664
2024-09-21,335.80000000,346.80000000,331.00000000,345.50000000,26013.12800000,8838987.37700000,38142
2024-09-22,345.50000000,347.30000000,333.90000000,342.60000000,23322.22900000,7952501.21130000,44433
2024-09-23,342.70000000,349.30000000,335.90000000,342.00000000,35302.72100000,12068783.98130000,60704
2024-09-24,341.90000000,351.80000000,336.90000000,348.00000000,50996.11600000,17574840.81470000,80414
2024-09-25,348.10000000,355.70000000,341.30000000,343.50000000,44952.29700000,15692747.90810000,88436
2024-09-26,343.60000000,358.30000000,338.90000000,351.80000000,47980.22100000,16810255.68930000,68769
2024-09-27,351.80000000,364.60000000,351.70000000,358.80000000,56981.37000000,20493751.74190000,64791
2024-09-28,358.80000000,361.10000000,345.80000000,352.30000000,40850.28700000,14423657.66580000,47839
2024-09-29,352.40000000,358.20000000,345.60000000,352.60000000,35946.43000000,12621379.98200000,52836
2024-09-30,352.60000000,353.80000000,334.50000000,337.20000000,41371.64100000,14230939.08000000,61839
2024-10-01,337.30000000,347.60000000,310.80000000,317.80000000,67265.84500000,22112775.18130000,140458
2024-10-02,317.80000000,324.50000000,309.10000000,316.10000000,41890.94300000,13309681.71110000,89989
2024-10-03,316.10000000,323.90000000,307.80000000,320.30000000,45637.24000000,14411519.81770000,84783
2024-10-04,320.40000000,326.10000000,318.10000000,324.80000000,34666.10300000,11170533.56820000,58671
2024-10-05,324.90000000,325.60000000,318.20000000,321.80000000,17626.62300000,5679184.60620000,29585
2024-10-06,321.90000000,325.90000000,320.90000000,324.60000000,13598.93500000,4400571.28240000,24085
2024-10-07,324.60000000,333.30000000,320.10000000,323.70000000,61609.35900000,20202153.73070000,81352
2024-10-08,323.70000000,333.80000000,321.70000000,329.10000000,38980.41700000,12802763.94660000,57913
2024-10-09,329.20000000,330.60000000,317.90000000,320.60000000,26568.69500000,8638696.13540000,43206
2024-10-10,320.60000000,325.80000000,317.20000000,323.00000000,28703.27000000,9233169.49790000,45317
2024-10-11,323.00000000,329.10000000,321.90000000,327.00000000,21959.35400000,7142348.78750000,33979
2024-10-12,327.00000000,333.50000000,324.80000000,329.20000000,18798.08600000,6189438.16590000,34021
2024-10-13,329.20000000,329.90000000,317.30000000,321.30000000,20785.63100000,6718798.76990000,35699
2024-10-14,321.40000000,370.70000000,318.90000000,369.60000000,117572.27800000,40950908.74590000,158903
2024-10-15,369.60000000,386.80000000,344.60000000,354.70000000,153079.09500000,55975334.14600000,273553
2024-10-16,354.70000000,371.50000000,351.30000000,365.60000000,108696.07200000,39497570.97030000,140051
2024-10-17,365.50000000,375.80000000,360.40000000,369.70000000,74433.26100000,27298115.69550000,86142
2024-10-18,369.90000000,377.50000000,362.80000000,367.30000000,62474.54400000,23104490.30860000,76787
2024-10-19,367.20000000,369.00000000,361.40000000,363.30000000,25484.62200000,9295817.85020000,40131
2024-10-20,363.30000000,371.60000000,357.30000000,369.90000000,45282.15000000,16483984.74520000,61546
2024-10-21,369.80000000,379.00000000,358.90000000,363.60000000,55252.24300000,20436282.82470000,73298
2024-10-22,363.70000000,366.60000000,354.10000000,357.30000000,33845.39300000,12167739.46910000,53894
2024-10-23,357.40000000,357.70000000,338.60000000,348.10000000,37884.76000000,13206608.16010000,53174
2024-10-24,348.10000000,371.50000000,346.60000000,367.90000000,86440.16600000,31338597.52500000,116391
2024-10-25,368.00000000,374.30000000,339.20000000,349.10000000,84956.02300000,30877642.58510000,132165
2024-10-26,349.00000000,357.20000000,346.00000000,348.00000000,23066.77200000,8106660.98100000,41160
2024-10-27,348.10000000,354.70000000,347.00000000,352.20000000,19246.26400000,6747355.86920000,38827
2024-10-28,352.20000000,368.40000000,344.00000000,365.30000000,48891.89100000,17519661.37220000,93124
2024-10-29,365.40000000,389.40000000,363.70000000,386.10000000,99948.87500000,37950188.09210000,146609
2024-10-30,386.10000000,387.80000000,365.70000000,368.90000000,93514.48600000,35185133.08260000,135204
2024-10-31,368.90000000,378.30000000,349.80000000,358.90000000,117379.02400000,43116864.25980000,150169
2024-11-01,358.80000000,360.20000000,343.50000000,349.60000000,49669.87400000,17452766.86460000,75770
2024-11-02,349.50000000,357.60000000,341.30000000,353.70000000,41864.41100000,14650911.91880000,54255
2024-11-03,353.70000000,354.30000000,333.80000000,340.10000000,58550.99700000,20063610.57510000,77044
2024-11-04,340.00000000,342.70000000,322.00000000,329.20000000,64677.33100000,21576807.39840000,76679
2024-11-05,329.20000000,345.40000000,326.50000000,342.90000000,48597.01500000,16469195.49380000,71563
2024-11-06,343.00000000,384.40000000,342.60000000,378.40000000,157446.69900000,58148114.49110000,190722
2024-11-07,378.40000000,386.90000000,370.50000000,377.50000000,69185.69200000,26281918.78300000,104681
2024-11-08,377.50000000,383.80000000,364.30000000,377.00000000,79484.47600000,29707943.30290000,162324
2024-11-09,377.00000000,407.30000000,369.50000000,405.00000000,107552.68400000,41263762.37290000,212222
2024-11-10,404.90000000,454.40000000,394.80000000,441.30000000,266010.59700000,114965275.40600000,677637
2024-11-11,441.30000000,482.60000000,422.30000000,472.60000000,206008.65500000,91838177.70430000,512633
2024-11-12,472.70000000,474.40000000,418.10000000,432.30000000,236775.38300000,104803695.02250000,616442
2024-11-13,432.30000000,450.70000000,403.20000000,439.40000000,216594.09400000,93112808.07040000,478598
2024-11-14,439.60000000,445.90000000,410.00000000,415.00000000,135347.98600000,58324890.66530000,212692
2024-11-15,415.00000000,436.70000000,410.00000000,431.60000000,90753.29300000,38511031.98960000,121797
2024-11-16,431.50000000,483.50000000,428.40000000,461.70000000,169316.70400000,77332900.44950000,226974
2024-11-17,461.80000000,488.70000000,424.50000000,433.10000000,173129.95700000,78010803.44350000,221464
2024-11-18,433.10000000,471.50000000,430.20000000,452.50000000,115691.60600000,51764126.29490000,170974
2024-11-19,452.50000000,460.30000000,438.10000000,446.80000000,93371.82000000,42059160.87240000,125433
2024-11-20,446.70000000,454.60000000,428.70000000,439.90000000,71308.95400000,31465258.26800000,101281
2024-11-21,440.10000000,536.20000000,428.60000000,484.40000000,465856.50300000,232799138.59250000,606130
2024-11-22,484.40000000,503.10000000,472.10000000,490.50000000,167475.84300000,81823044.65150000,288170
2024-11-23,490.40000000,568.50000000,485.90000000,510.10000000,350436.88000000,186023388.54310000,493464
2024-11-24,510.10000000,527.80000000,477.70000000,515.20000000,178534.66100000,89802217.43300000,258333
2024-11-25,515.30000000,532.90000000,483.20000000,491.90000000,175587.53400000,89846383.10260000,230997
2024-11-26,491.70000000,505.10000000,471.00000000,492.20000000,105105.97800000,51426625.46200000,166721
2024-11-27,492.20000000,524.30000000,484.80000000,517.40000000,140364.66500000,71752788.17930000,166239
2024-11-28,517.40000000,525.00000000,497.50000000,511.10000000,114526.21700000,58431563.98560000,183042
2024-11-29,511.10000000,522.90000000,499.60000000,518.30000000,82876.69700000,42434014.31930000,157269
2024-11-30,518.40000000,540.00000000,505.00000000,525.90000000,136173.69200000,71333747.32660000,227707
2024-12-01,526.10000000,538.20000000,509.90000000,532.00000000,121566.90200000,63554996.02520000,190063
2024-12-02,532.10000000,562.00000000,494.70000000,538.30000000,345917.60400000,181615090.04440000,530612
2024-12-03,538.30000000,591.70000000,511.50000000,585.60000000,325737.13300000,177465064.19010000,474871
2024-12-04,585.60000000,601.90000000,541.30000000,583.70000000,301050.33700000,171935660.54430000,436411
2024-12-05,583.70000000,634.70000000,550.00000000,588.60000000,347262.49500000,208848491.15730000,572310
2024-12-06,588.50000000,640.00000000,579.80000000,618.60000000,211193.93500000,128227213.03730000,295614
2024-12-07,618.70000000,626.70000000,604.30000000,607.60000000,110729.61000000,68107351.55470000,167129
2024-12-08,607.60000000,625.10000000,601.00000000,622.30000000,111609.53400000,68623815.98070000,151366
2024-12-09,622.30000000,623.80000000,514.40000000,551.50000000,233104.49900000,137160396.90030000,325911
2024-12-10,551.60000000,564.40000000,485.20000000,516.20000000,205080.31800000,108220071.38370000,332412
2024-12-11,516.20000000,550.50000000,502.70000000,546.60000000,110326.96000000,58889002.55200000,152586
2024-12-12,546.60000000,564.20000000,537.10000000,540.10000000,84599.17800000,46657894.42070000,123650
2024-12-13,540.10000000,543.90000000,525.90000000,542.50000000,52272.34000000,27947011.75600000,79365
2024-12-14,542.40000000,551.70000000,519.80000000,534.00000000,51294.24600000,27404568.70310000,73045
2024-12-15,534.10000000,550.40000000,524.50000000,546.20000000,48442.16200000,26050350.85080000,76054
2024-12-16,546.30000000,557.10000000,522.00000000,538.10000000,71069.40900000,38472564.16080000,111696
2024-12-17,538.10000000,547.50000000,524.10000000,529.90000000,64058.71300000,34382048.97670000,102715
2024-12-18,530.10000000,543.50000000,472.90000000,480.40000000,107217.70800000,54584450.28440000,150847
2024-12-19,480.30000000,488.90000000,421.30000000,438.70000000,142735.54500000,65035027.31420000,183294
2024-12-20,438.80000000,451.50000000,390.50000000,449.20000000,162809.98700000,68280715.35300000,182387
2024-12-21,449.20000000,472.90000000,442.40000000,456.10000000,99052.00400000,45268771.06250000,153339
2024-12-22,456.00000000,461.30000000,434.40000000,445.80000000,62012.77400000,27933619.10470000,87734
2024-12-23,445.80000000,466.20000000,432.40000000,460.90000000,72723.23400000,32483131.41140000,102750
2024-12-24,460.90000000,478.80000000,450.50000000,470.30000000,46815.96400000,21792446.42820000,61395
2024-12-25,470.20000000,471.50000000,455.20000000,465.40000000,36949.75700000,17131747.89450000,46658
2024-12-26,465.30000000,468.30000000,433.00000000,437.30000000,35051.61900000,15615924.48040000,51319
2024-12-27,437.20000000,462.70000000,434.70000000,441.30000000,41854.88400000,18747951.84570000,59720
2024-12-28,441.20000000,453.80000000,438.40000000,451.60000000,17568.10000000,7812546.85970000,29685
2024-12-29,451.60000000,453.90000000,435.30000000,439.10000000,20635.72000000,9221546.12300000,32613
2024-12-30,439.00000000,453.40000000,428.90000000,444.00000000,44107.51800000,19603761.39230000,54214
2024-12-31,444.10000000,455.50000000,433.10000000,434.50000000,41352.76300000,18294014.89530000,47881
2025-01-01,434.50000000,455.80000000,430.50000000,450.50000000,44553.89600000,19849613.79340000,46228
2025-01-02,450.50000000,466.60000000,450.50000000,461.70000000,39016.45500000,17961591.76030000,48660
2025-01-03,461.70000000,477.50000000,455.60000000,473.90000000,37519.24700000,17585578.29940000,50790
2025-01-04,473.80000000,483.10000000,468.70000000,478.90000000,53145.46000000,25361840.86330000,59367
2025-01-05,478.90000000,479.80000000,462.50000000,470.90000000,23617.33500000,11098558.15380000,26935
2025-01-06,471.10000000,485.90000000,464.60000000,483.00000000,41803.50300000,19866956.67500000,42717
2025-01-07,482.90000000,486.30000000,435.40000000,436.90000000,72470.77300000,33134046.32020000,83251
2025-01-08,437.00000000,442.20000000,418.20000000,434.40000000,53854.64400000,23319058.66620000,56982
2025-01-09,434.30000000,437.20000000,411.30000000,421.90000000,38248.77600000,16232732.14780000,41448
2025-01-10,421.90000000,450.70000000,420.50000000,450.10000000,68266.42400000,29931238.73640000,76472
2025-01-11,450.40000000,451.20000000,435.90000000,441.00000000,20797.21600000,9178638.98600000,29172
2025-01-12,440.90000000,464.00000000,436.40000000,447.90000000,53073.33400000,24001795.22600000,68370
2025-01-13,448.00000000,454.20000000,400.50000000,428.00000000,61397.62300000,25883240.11690000,176542
2025-01-14,428.00000000,441.50000000,426.30000000,437.90000000,32409.13900000,14132906.45970000,73865
2025-01-15,437.90000000,463.50000000,431.00000000,460.30000000,51042.80900000,22762170.66870000,119286
2025-01-16,460.30000000,471.50000000,446.40000000,461.70000000,89200.32900000,41041197.24960000,184468
2025-01-17,461.70000000,500.60000000,461.70000000,489.40000000,87609.28100000,42355355.80790000,170826
2025-01-18,489.50000000,495.00000000,458.20000000,466.40000000,91366.89200000,42958431.46690000,187119
2025-01-19,466.40000000,471.30000000,418.90000000,427.70000000,105200.66500000,47119595.27930000,289703
2025-01-20,427.70000000,483.80000000,415.40000000,430.90000000,138831.12200000,61656584.87710000,410568
2025-01-21,430.90000000,454.70000000,419.70000000,446.50000000,51102.62200000,22279665.72720000,157629
2025-01-22,446.50000000,451.40000000,433.40000000,435.40000000,27376.85200000,12145044.17450000,68495
2025-01-23,435.40000000,447.50000000,425.20000000,437.30000000,49328.63600000,21421327.08140000,137363
2025-01-24,437.40000000,443.10000000,426.40000000,432.00000000,39003.01500000,16991167.80230000,85702
2025-01-25,432.10000000,455.40000000,430.50000000,445.40000000,42792.86600000,18939688.85350000,90638
2025-01-26,445.40000000,448.10000000,424.60000000,425.20000000,21499.95500000,9400205.97420000,50637
2025-01-27,425.20000000,429.00000000,396.10000000,427.60000000,71845.87800000,29619705.71680000,178773
2025-01-28,427.60000000,431.70000000,406.70000000,410.50000000,23060.80800000,9784442.05070000,74143
2025-01-29,410.50000000,421.80000000,404.30000000,415.00000000,29165.44900000,12070873.70850000,92491
2025-01-30,415.10000000,439.20000000,412.60000000,434.70000000,40066.39300000,17282561.72340000,83516
2025-01-31,434.80000000,445.30000000,419.80000000,424.20000000,55827.36600000,24011013.18970000,109361
2025-02-01,424.30000000,431.50000000,400.00000000,404.00000000,40112.87900000,16765842.01110000,93238
2025-02-02,404.00000000,410.40000000,341.50000000,360.40000000,121215.18300000,45600967.17890000,281300
2025-02-03,360.60000000,360.60000000,270.00000000,353.20000000,347965.55300000,111058038.95650000,641282
2025-02-04,353.20000000,355.70000000,321.10000000,329.70000000,84013.25900000,28126752.17400000,216629
2025-02-05,329.80000000,338.30000000,323.20000000,328.00000000,46120.86700000,15293509.18970000,112833
2025-02-06,328.10000000,335.20000000,313.70000000,316.20000000,40946.18800000,13240161.47140000,119228
2025-02-07,316.20000000,335.20000000,308.40000000,318.60000000,45116.08200000,14590997.96440000,117754
2025-02-08,318.60000000,324.30000000,314.70000000,323.10000000,17735.81300000,5653431.28780000,49628
2025-02-09,323.20000000,329.40000000,312.80000000,324.50000000,33479.48900000,10865833.75920000,62687
2025-02-10,324.40000000,334.60000000,315.40000000,329.30000000,35027.45900000,11484455.03180000,87663
2025-02-11,329.30000000,344.40000000,325.70000000,331.40000000,35065.30300000,11769577.39490000,87230
2025-02-12,331.30000000,347.00000000,321.30000000,343.10000000,47326.12200000,15692243.54370000,117324
2025-02-13,343.10000000,345.80000000,327.40000000,335.00000000,29908.42100000,10016329.11600000,82023
2025-02-14,335.10000000,351.00000000,334.30000000,341.50000000,31536.68300000,10798014.07220000,80988
2025-02-15,341.50000000,345.70000000,331.00000000,332.90000000,16957.32200000,5747752.29890000,41249
2025-02-16,333.00000000,335.00000000,325.60000000,326.30000000,15851.07900000,5249286.65030000,36988
2025-02-17,326.20000000,337.00000000,317.10000000,323.80000000,49287.45900000,16078941.88720000,83695
2025-02-18,323.90000000,325.30000000,307.60000000,316.30000000,37198.76900000,11749242.23380000,81293
2025-02-19,316.20000000,324.30000000,311.80000000,322.80000000,27204.96000000,8684797.90790000,54456
2025-02-20,322.80000000,327.20000000,320.00000000,325.90000000,20291.23800000,6564366.49990000,43824
2025-02-21,326.00000000,334.10000000,309.80000000,313.80000000,28051.52600000,9092274.49350000,74791
2025-02-22,313.90000000,322.60000000,312.60000000,320.90000000,18231.03700000,5818383.42160000,35916
2025-02-23,321.00000000,332.40000000,320.50000000,327.80000000,27817.29100000,9093548.93040000,57730
2025-02-24,327.90000000,329.50000000,287.50000000,291.50000000,59585.94100000,18327542.53520000,123100
2025-02-25,291.60000000,296.70000000,275.20000000,291.80000000,85133.30100000,24275136.07830000,172532
2025-02-26,291.80000000,301.40000000,284.40000000,294.00000000,56638.50300000,16644071.26710000,110238
2025-02-27,293.90000000,303.50000000,290.10000000,296.80000000,33568.12200000,10002839.31010000,75553
2025-02-28,296.90000000,320.10000000,269.80000000,315.80000000,117975.32100000,34639547.35100000,211671
2025-03-01,315.90000000,324.40000000,307.60000000,311.40000000,51185.05100000,16111517.92650000,94936
2025-03-02,311.50000000,341.50000000,309.90000000,334.20000000,116420.70300000,37739376.38310000,234113
2025-03-03,334.20000000,357.50000000,310.90000000,321.30000000,230536.19700000,76636472.19450000,428185
2025-03-04,321.40000000,330.20000000,291.10000000,320.50000000,125256.19000000,38986300.20920000,347353
2025-03-05,320.60000000,399.90000000,319.50000000,392.20000000,371605.54700000,138169753.52950000,669341
2025-03-06,392.30000000,420.00000000,383.70000000,395.00000000,198925.87300000,79071386.16700000,409955
2025-03-07,395.00000000,410.50000000,382.90000000,389.00000000,169510.23800000,66999570.95130000,455089
2025-03-08,389.00000000,396.30000000,376.60000000,385.90000000,64530.72500000,24841972.12690000,176234
2025-03-09,385.80000000,387.00000000,355.90000000,357.50000000,74306.29400000,27456825.63500000,179168
2025-03-10,357.60000000,372.80000000,330.60000000,331.70000000,96571.54700000,34385586.34130000,253451
2025-03-11,331.80000000,350.90000000,316.00000000,340.20000000,79397.78100000,26542980.40170000,206249
2025-03-12,340.20000000,361.50000000,329.80000000,354.00000000,99152.32700000,34132413.03080000,226094
2025-03-13,353.90000000,355.80000000,323.90000000,325.90000000,46519.05800000,15647997.38290000,145152
2025-03-14,326.00000000,335.90000000,325.20000000,331.40000000,65046.26300000,21473350.02540000,159986
2025-03-15,331.40000000,353.20000000,328.00000000,342.30000000,210973.45700000,72539618.31520000,307400
2025-03-16,342.30000000,342.50000000,325.00000000,332.90000000,36851.36100000,12277066.00150000,95851
2025-03-17,333.00000000,342.40000000,331.00000000,337.50000000,35104.02000000,11854974.84180000,88195
2025-03-18,337.50000000,343.60000000,329.20000000,335.30000000,35380.79100000,11866208.63290000,85063
2025-03-19,335.30000000,346.80000000,332.30000000,345.30000000,48205.12900000,16322297.61070000,142631
2025-03-20,345.30000000,349.90000000,330.10000000,333.80000000,45100.34900000,15377906.40300000,118710
2025-03-21,333.70000000,335.70000000,320.10000000,323.20000000,40086.34300000,13236594.70720000,103980
2025-03-22,323.20000000,326.30000000,320.90000000,322.40000000,22669.17400000,7346828.64670000,51664
2025-03-23,322.30000000,326.00000000,320.40000000,325.40000000,23856.98700000,7714755.91630000,60810
2025-03-24,325.30000000,336.80000000,321.50000000,332.50000000,39858.97900000,13155217.00680000,94118
2025-03-25,332.50000000,340.00000000,326.50000000,336.00000000,39064.76500000,13025282.31680000,76229
2025-03-26,336.10000000,342.10000000,328.40000000,335.10000000,85556.73200000,28612984.25980000,160479
2025-03-27,335.20000000,340.00000000,321.10000000,324.70000000,49687.40100000,16477068.40340000,96141
2025-03-28,324.80000000,328.40000000,304.70000000,307.70000000,35278.04200000,11071647.43310000,69240
2025-03-29,307.70000000,309.10000000,298.60000000,303.30000000,27689.89900000,8418613.37470000,56583
2025-03-30,303.40000000,308.20000000,293.80000000,299.20000000,24186.93300000,7337557.92620000,49979
2025-03-31,299.30000000,306.10000000,289.80000000,303.50000000,58453.87500000,17489141.39470000,111868
2025-04-01,303.50000000,318.70000000,302.30000000,308.10000000,35726.95000000,11108464.03540000,81967
2025-04-02,308.20000000,317.30000000,290.20000000,293.00000000,73469.75600000,22449176.07720000,166537
2025-04-03,293.10000000,307.80000000,291.50000000,301.30000000,54662.45000000,16391225.49150000,128007
2025-04-04,301.40000000,310.20000000,294.20000000,301.40000000,43123.86800000,12961480.95370000,104598
2025-04-05,301.40000000,304.40000000,297.10000000,304.10000000,15461.30300000,4641463.21780000,33386
2025-04-06,304.10000000,308.30000000,265.40000000,272.20000000,56611.32600000,16125245.89470000,126784
2025-04-07,272.30000000,282.20000000,249.40000000,275.40000000,88888.61000000,23695098.98070000,190482
2025-04-08,275.40000000,284.80000000,266.90000000,269.20000000,38724.57600000,10746128.37300000,78451
2025-04-09,269.20000000,311.50000000,259.10000000,301.40000000,84182.79900000,24355066.74960000,186529
2025-04-10,301.30000000,304.00000000,282.40000000,289.80000000,36769.93600000,10843581.74310000,82509
2025-04-11,289.80000000,316.10000000,289.50000000,312.90000000,78188.39400000,23982089.66130000,122215
2025-04-12,312.80000000,358.90000000,311.30000000,344.70000000,80210.87800000,26845541.02850000,174470
2025-04-13,344.70000000,353.50000000,336.10000000,342.80000000,43455.54900000,14961976.31880000,145890
2025-04-14,342.80000000,375.00000000,322.90000000,323.60000000,89607.55300000,31192367.64130000,263270
2025-04-15,323.60000000,337.60000000,317.00000000,319.60000000,51537.03500000,16862944.10380000,129055
2025-04-16,319.60000000,325.80000000,314.10000000,321.60000000,28670.51400000,9199953.47760000,87562
2025-04-17,321.60000000,340.60000000,320.90000000,334.00000000,47653.83600000,15853652.21550000,134623
2025-04-18,334.00000000,345.00000000,327.30000000,335.00000000,32464.91600000,10954619.84520000,100148
2025-04-19,335.10000000,340.10000000,332.50000000,335.40000000,14217.26100000,4786822.86180000,47133
2025-04-20,335.40000000,342.70000000,331.50000000,336.10000000,27170.60600000,9141394.33620000,80570
2025-04-21,336.20000000,348.20000000,335.70000000,345.00000000,46746.31100000,15971631.31040000,130995
2025-04-22,345.10000000,365.00000000,336.90000000,362.30000000,82331.51700000,28805488.94590000,194674
2025-04-23,362.30000000,364.00000000,353.60000000,358.30000000,61558.22100000,22103250.21290000,170846
2025-04-24,358.20000000,368.70000000,343.30000000,356.70000000,103046.63600000,36626005.42690000,195978
2025-04-25,356.80000000,384.90000000,348.00000000,373.10000000,102987.97300000,38127891.21240000,273220
2025-04-26,373.10000000,377.40000000,355.00000000,355.40000000,54881.37300000,20062177.89540000,142658
2025-04-27,355.40000000,360.10000000,344.80000000,345.50000000,46972.59400000,16581016.25460000,156901
2025-04-28,345.60000000,370.60000000,341.60000000,364.10000000,59935.04700000,21123005.54010000,161909
2025-04-29,364.20000000,378.00000000,360.60000000,363.80000000,72593.63600000,26901506.36080000,208969
2025-04-30,363.70000000,369.70000000,354.90000000,366.10000000,46643.85900000,16984360.46660000,146711
2025-05-01,366.10000000,375.10000000,360.10000000,360.80000000,37888.91700000,13969145.74000000,107172
2025-05-02,360.80000000,387.10000000,359.10000000,382.80000000,76273.50900000,28635732.28050000,186807
2025-05-03,382.80000000,383.60000000,362.30000000,362.70000000,48350.15000000,17857724.91030000,123531
2025-05-04,362.70000000,371.20000000,352.90000000,356.20000000,41601.95200000,14971755.09070000,136744
2025-05-05,356.20000000,361.30000000,349.20000000,353.30000000,25766.82100000,9138219.80350000,76315
2025-05-06,353.40000000,374.80000000,350.40000000,374.60000000,77302.32900000,27720654.15640000,173673
2025-05-07,374.70000000,391.70000000,355.00000000,383.50000000,99412.59700000,36657321.51760000,263550
2025-05-08,383.60000000,430.50000000,381.00000000,421.80000000,156646.91600000,64625310.00170000,472846
2025-05-09,421.80000000,429.60000000,402.90000000,413.70000000,106699.74000000,44225311.87190000,312821
2025-05-10,413.70000000,433.30000000,409.90000000,431.20000000,61314.56900000,25765694.77670000,186376
2025-05-11,431.10000000,432.20000000,401.90000000,408.40000000,52024.63400000,21599910.63700000,178549
2025-05-12,408.40000000,419.80000000,396.00000000,410.80000000,66511.31700000,27314136.69590000,234114
2025-05-13,410.80000000,416.00000000,391.40000000,411.20000000,38880.60800000,15695178.18260000,136951
2025-05-14,411.30000000,414.60000000,398.60000000,402.70000000,32396.36400000,13174363.34190000,127082
2025-05-15,402.70000000,405.10000000,383.10000000,396.10000000,50236.80000000,19758330.13140000,197939
2025-05-16,396.10000000,404.00000000,392.70000000,395.90000000,27132.16000000,10825745.50340000,107155
2025-05-17,395.90000000,401.70000000,385.80000000,392.30000000,30414.32800000,11939521.22240000,130236
2025-05-18,392.30000000,408.10000000,389.00000000,406.50000000,37753.83000000,15084823.88710000,145013
2025-05-19,406.50000000,408.60000000,375.70000000,392.70000000,36738.02800000,14236362.88690000,143876
2025-05-20,392.80000000,398.60000000,383.90000000,394.10000000,21143.56200000,8254763.36320000,91103
2025-05-21,394.20000000,412.30000000,390.20000000,407.20000000,42819.45000000,17192794.70890000,167435
2025-05-22,407.20000000,446.20000000,407.20000000,444.40000000,107258.21700000,46087179.31180000,354773
2025-05-23,444.50000000,462.00000000,423.90000000,426.40000000,102905.57500000,45392217.09130000,403808
2025-05-24,426.50000000,432.50000000,419.10000000,421.40000000,24777.96800000,10590098.76610000,116673
2025-05-25,421.50000000,427.30000000,407.60000000,422.70000000,27101.74300000,11303161.70870000,123990
2025-05-26,422.60000000,428.70000000,412.90000000,415.40000000,25935.84100000,10899524.70550000,113088
2025-05-27,415.30000000,424.30000000,408.30000000,414.60000000,25926.63300000,10832826.72690000,120319
2025-05-28,414.70000000,427.60000000,404.40000000,424.80000000,28637.53700000,11906798.69250000,120222
2025-05-29,424.80000000,428.10000000,405.40000000,409.60000000,31238.37400000,13048311.07720000,116782
2025-05-30,409.60000000,414.60000000,394.20000000,398.40000000,37741.86400000,15262518.44570000,172868
2025-05-31,398.50000000,422.70000000,388.80000000,415.00000000,48950.75200000,19894373.78980000,200066
2025-06-01,415.10000000,415.50000000,397.00000000,403.40000000,20000.13700000,8113749.41410000,90261
2025-06-02,403.40000000,407.20000000,397.00000000,403.60000000,17796.18100000,7149631.46310000,85623
2025-06-03,403.60000000,409.00000000,399.80000000,400.70000000,19108.80900000,7725947.38500000,80088
2025-06-04,400.70000000,410.70000000,396.80000000,400.20000000,16472.87600000,6658037.61890000,69701
2025-06-05,400.20000000,405.00000000,377.50000000,385.00000000,36244.26100000,14253386.92920000,153673
2025-06-06,385.20000000,399.70000000,380.40000000,395.60000000,35734.45200000,13869820.79050000,112592
2025-06-07,395.70000000,411.70000000,393.70000000,409.40000000,38699.57100000,15614564.86770000,113130
2025-06-08,409.50000000,419.70000000,406.30000000,410.80000000,24440.27700000,10101317.14530000,85912
2025-06-09,410.90000000,429.70000000,410.60000000,424.90000000,37221.32200000,15626179.75970000,134208
2025-06-10,425.00000000,443.50000000,417.80000000,438.20000000,86515.81600000,37089513.72670000,213193
2025-06-11,438.10000000,447.20000000,421.70000000,428.90000000,106365.54900000,46775607.78710000,256475
2025-06-12,428.80000000,441.80000000,423.30000000,424.00000000,37375.46800000,16082893.99960000,137676
2025-06-13,424.00000000,454.00000000,397.70000000,448.70000000,91918.58000000,38649262.16450000,309483
2025-06-14,448.80000000,450.20000000,421.10000000,430.90000000,34424.81000000,15029792.35220000,127268
2025-06-15,431.00000000,469.90000000,431.00000000,460.40000000,75780.60900000,34369385.67490000,251638
2025-06-16,460.40000000,476.50000000,450.00000000,463.70000000,84831.99200000,39335393.22800000,282849
2025-06-17,463.60000000,483.20000000,456.80000000,462.60000000,85599.48800000,40209300.38900000,305884
2025-06-18,462.70000000,481.50000000,456.60000000,459.70000000,49330.15400000,23114420.20890000,223875
2025-06-19,459.70000000,505.20000000,453.10000000,497.10000000,136996.72900000,65677151.93770000,387679
2025-06-20,497.20000000,501.00000000,472.10000000,473.70000000,83574.09200000,40752551.46380000,235216
2025-06-21,473.70000000,479.30000000,457.70000000,467.30000000,44332.58000000,20820890.60810000,172451
2025-06-22,467.40000000,470.60000000,436.90000000,454.90000000,162641.38500000,73939438.42730000,381939
2025-06-23,454.90000000,470.00000000,437.70000000,462.70000000,73916.03700000,33594405.89630000,231880
2025-06-24,462.70000000,467.40000000,448.90000000,453.80000000,52913.65300000,24237779.31320000,167759
2025-06-25,453.90000000,494.90000000,453.50000000,482.80000000,123078.93300000,58923866.59610000,321759
2025-06-26,482.80000000,507.30000000,481.50000000,489.20000000,74856.57800000,36985304.48140000,225006
2025-06-27,489.10000000,510.50000000,484.20000000,504.80000000,69937.87200000,34864407.93290000,212551
2025-06-28,504.80000000,505.30000000,487.00000000,491.00000000,33933.25100000,16811866.19760000,112889
2025-06-29,491.00000000,508.90000000,488.40000000,504.50000000,42443.13700000,21022792.72670000,131555
2025-06-30,504.50000000,522.40000000,488.10000000,505.70000000,68960.10900000,34906938.04620000,217057
2025-07-01,505.80000000,530.00000000,497.30000000,500.20000000,95849.29900000,49625071.47700000,229902
2025-07-02,500.30000000,512.20000000,498.50000000,510.90000000,44958.51700000,22695353.10730000,147614
2025-07-03,511.00000000,515.00000000,490.90000000,496.40000000,53299.19800000,26786106.87220000,144867
2025-07-04,496.40000000,496.70000000,468.80000000,483.90000000,50309.41900000,24346012.77390000,156208
2025-07-05,484.00000000,489.70000000,480.60000000,489.30000000,22673.01900000,10988319.59160000,75996
2025-07-06,489.40000000,500.30000000,482.80000000,491.50000000,24353.73500000,11952244.90440000,81350
2025-07-07,491.50000000,500.30000000,487.50000000,496.60000000,26412.36400000,13078546.28840000,83237
2025-07-08,496.60000000,508.40000000,493.90000000,501.10000000,30667.25600000,15355851.73280000,92222
2025-07-09,501.20000000,516.90000000,499.90000000,514.50000000,50698.16000000,25755159.19480000,157684
2025-07-10,514.50000000,521.10000000,501.30000000,518.40000000,67726.53600000,34744004.50560000,167278
2025-07-11,518.50000000,539.40000000,513.90000000,531.50000000,75313.60900000,39692250.53340000,247903
2025-07-12,531.50000000,535.20000000,502.00000000,506.30000000,54446.24300000,28041470.74300000,194513
2025-07-13,506.30000000,514.10000000,501.00000000,508.00000000,53421.99100000,27122712.59390000,165975
2025-07-14,508.10000000,527.20000000,498.00000000,504.90000000,55081.92400000,28189250.20720000,205118
2025-07-15,504.90000000,505.90000000,481.90000000,497.90000000,41908.42200000,20582083.50660000,142819
2025-07-16,498.00000000,508.80000000,491.10000000,498.70000000,44220.24000000,22126170.78920000,144463
2025-07-17,498.80000000,505.10000000,487.30000000,500.00000000,48551.57700000,24108705.26710000,188441
2025-07-18,500.00000000,541.90000000,499.10000000,514.50000000,119750.31700000,62644504.56550000,340399
2025-07-19,514.50000000,522.50000000,501.80000000,513.10000000,46244.33700000,23652686.29490000,144966
2025-07-20,513.10000000,553.50000000,509.10000000,548.00000000,108500.90500000,58335449.96250000,242943
2025-07-21,548.00000000,548.60000000,516.80000000,522.60000000,170042.92200000,90000147.93880000,388259
2025-07-22,522.70000000,535.20000000,511.40000000,526.10000000,69803.00800000,36301515.69650000,215178
2025-07-23,526.20000000,529.80000000,497.50000000,512.20000000,71635.65300000,36940657.86280000,232156
2025-07-24,512.20000000,528.50000000,490.20000000,513.00000000,130810.70300000,67427751.49550000,441930
2025-07-25,513.00000000,565.00000000,509.30000000,557.30000000,171946.47800000,93091037.49030000,481793
2025-07-26,557.30000000,563.30000000,551.40000000,559.10000000,35736.24100000,19881461.55180000,137938
2025-07-27,559.00000000,608.20000000,555.40000000,590.00000000,134446.93900000,78942035.29930000,433487
2025-07-28,590.00000000,607.20000000,568.90000000,572.60000000,116811.60700000,68841530.00200000,339314
2025-07-29,572.60000000,587.10000000,560.20000000,564.20000000,59556.72600000,34036926.96790000,210008
2025-07-30,564.20000000,595.10000000,551.20000000,590.10000000,77233.16000000,44419135.13170000,258604
2025-07-31,590.10000000,597.10000000,560.30000000,561.50000000,62659.31500000,36212730.75910000,187697
2025-08-01,561.40000000,577.30000000,527.80000000,536.20000000,60868.68600000,33713273.56380000,268700
2025-08-02,536.20000000,544.30000000,517.90000000,520.20000000,28246.05100000,15060584.27360000,134836
2025-08-03,520.20000000,548.40000000,514.50000000,544.20000000,22055.57700000,11829042.86730000,97437
2025-08-04,544.30000000,581.90000000,544.20000000,574.50000000,59696.97000000,33716792.68580000,205218
2025-08-05,574.40000000,584.20000000,541.60000000,551.80000000,72354.10600000,40865662.62150000,257103
2025-08-06,551.70000000,573.70000000,547.50000000,571.10000000,35713.65700000,20096347.13450000,159925
2025-08-07,571.10000000,585.40000000,567.20000000,582.20000000,191182.85500000,110211178.31830000,601474
2025-08-08,582.20000000,589.30000000,572.70000000,586.00000000,34369.08000000,19950095.20050000,162353
2025-08-09,585.90000000,592.30000000,565.10000000,566.10000000,37699.87000000,21728612.45780000,162239
2025-08-10,566.20000000,586.80000000,559.30000000,570.50000000,44724.00800000,25586901.59160000,179710
2025-08-11,570.40000000,600.00000000,569.70000000,578.50000000,81323.39100000,47627677.99640000,314813
2025-08-12,578.60000000,626.50000000,578.20000000,618.80000000,108077.27700000,65201779.85060000,384745
2025-08-13,618.90000000,634.30000000,601.20000000,616.20000000,123882.67900000,76738941.89090000,322969
2025-08-14,616.30000000,627.20000000,578.90000000,593.20000000,90929.52200000,54879308.85390000,280247
2025-08-15,593.20000000,602.00000000,580.10000000,592.50000000,33935.02600000,20059370.84090000,143704
2025-08-16,592.50000000,597.80000000,575.50000000,587.30000000,18199.24000000,10697730.80130000,76795
2025-08-17,587.30000000,592.20000000,580.20000000,582.00000000,21580.66900000,12656681.95310000,77507
2025-08-18,582.10000000,582.50000000,560.70000000,568.80000000,30721.15100000,17489336.85940000,110073
2025-08-19,568.90000000,573.70000000,547.60000000,548.50000000,27576.51500000,15449673.97280000,119637
2025-08-20,548.50000000,562.80000000,543.20000000,560.90000000,29304.04600000,16204533.93250000,104453
2025-08-21,560.90000000,565.00000000,550.20000000,554.70000000,23171.96300000,12890664.62420000,89447
2025-08-22,554.80000000,608.00000000,550.60000000,599.80000000,66814.96500000,39103545.57630000,247678
2025-08-23,599.80000000,601.80000000,584.20000000,591.30000000,36268.32200000,21422315.97910000,97344
2025-08-24,591.40000000,600.00000000,581.90000000,583.20000000,29071.39800000,17213682.63020000,123893
2025-08-25,583.30000000,589.60000000,536.10000000,543.60000000,46152.47900000,26064324.19370000,179369
2025-08-26,543.60000000,556.40000000,532.40000000,550.90000000,59689.00100000,32499174.87250000,163380
2025-08-27,550.90000000,564.00000000,544.20000000,550.20000000,49634.20800000,27553717.33940000,141452
2025-08-28,550.20000000,567.00000000,548.40000000,557.90000000,20413.26500000,11367108.35200000,70932
2025-08-29,557.90000000,560.40000000,527.20000000,530.70000000,91087.19100000,49352448.00580000,223010
2025-08-30,530.80000000,554.30000000,524.00000000,552.80000000,38450.04800000,20716619.30190000,86389
2025-08-31,552.80000000,556.00000000,542.40000000,544.20000000,22285.82100000,12241738.87690000,66630
2025-09-01,544.20000000,552.00000000,530.00000000,545.10000000,39807.81500000,21548447.82930000,129650
2025-09-02,545.20000000,587.70000000,543.40000000,584.70000000,85623.25100000,48954313.09150000,239257
2025-09-03,584.70000000,612.50000000,578.50000000,603.70000000,132537.68600000,79044374.37280000,312502
2025-09-04,603.60000000,604.60000000,583.10000000,586.60000000,52590.84400000,30986733.01510000,149292
2025-09-05,586.60000000,629.80000000,584.70000000,606.80000000,153538.91100000,92693158.72650000,411718
2025-09-06,606.80000000,617.20000000,583.60000000,595.30000000,102093.53000000,60998808.69830000,224281
2025-09-07,595.20000000,608.50000000,593.30000000,603.20000000,23119.19700000,13899217.93920000,91432
2025-09-08,603.20000000,606.10000000,585.40000000,588.40000000,94263.03100000,56013717.66230000,241044
2025-09-09,588.30000000,594.30000000,574.50000000,580.50000000,62742.77100000,36632899.92000000,156277
2025-09-10,580.40000000,591.10000000,576.90000000,581.10000000,48566.10900000,28330844.86050000,121823
2025-09-11,581.00000000,604.10000000,576.10000000,596.40000000,65679.15200000,38997049.77600000,191703
2025-09-12,596.30000000,601.80000000,587.20000000,598.30000000,39108.59600000,23239116.74400000,99340
2025-09-13,598.40000000,605.50000000,593.80000000,598.50000000,30294.45400000,18182881.26050000,81897
2025-09-14,598.60000000,607.30000000,588.10000000,601.60000000,50172.32300000,29966196.33520000,97845
2025-09-15,601.50000000,616.90000000,587.80000000,593.70000000,41905.51700000,25030108.18700000,129689
2025-09-16,593.70000000,601.90000000,588.90000000,598.80000000,20308.14000000,12084507.99950000,75579
2025-09-17,598.70000000,625.70000000,590.50000000,616.70000000,56876.09600000,34391664.36500000,166023
2025-09-18,616.80000000,651.00000000,612.30000000,624.40000000,104972.47900000,66454766.49630000,257854
2025-09-19,624.30000000,632.40000000,598.00000000,600.60000000,51420.18200000,31487230.94880000,132360
2025-09-20,600.60000000,606.90000000,593.10000000,594.50000000,18318.96800000,11011825.15280000,49665
2025-09-21,594.50000000,602.30000000,593.50000000,593.60000000,11037.13300000,6590241.97720000,43142
2025-09-22,593.60000000,594.80000000,553.00000000,567.10000000,41757.03600000,23949504.82240000,159086
2025-09-23,567.10000000,569.80000000,553.70000000,556.70000000,38572.09600000,21642464.43820000,120306
2025-09-24,556.70000000,563.70000000,548.50000000,556.40000000,21315.88200000,11890633.37620000,90534
2025-09-25,556.40000000,557.50000000,531.50000000,536.50000000,41678.73600000,22752148.76190000,163935
2025-09-26,536.50000000,551.10000000,534.40000000,548.10000000,22936.74200000,12465368.94000000,113361
2025-09-27,548.10000000,548.10000000,539.50000000,543.70000000,6722.93300000,3655933.98920000,34089
2025-09-28,543.70000000,558.20000000,535.80000000,556.40000000,20975.30000000,11402334.90530000,64516
2025-09-29,556.40000000,563.10000000,550.00000000,561.00000000,17868.09100000,9963903.89500000,81477
2025-09-30,561.00000000,563.20000000,549.20000000,560.60000000,19237.26800000,10692440.28000000,80092
2025-10-01,560.60000000,600.00000000,559.40000000,592.80000000,39731.76700000,23183614.83310000,144811
2025-10-02,592.80000000,598.10000000,579.90000000,594.50000000,47411.80200000,27967626.21610000,138676
2025-10-03,594.50000000,615.30000000,590.80000000,608.50000000,37951.90800000,22875473.85530000,129922
2025-10-04,608.50000000,609.40000000,584.30000000,589.90000000,20534.86900000,12180503.37360000,84549
2025-10-05,590.00000000,615.30000000,587.60000000,594.20000000,30815.17000000,18536318.32270000,123168
2025-10-06,594.30000000,606.70000000,592.10000000,598.80000000,17978.12900000,10785672.76510000,85877
2025-10-07,598.90000000,599.90000000,574.10000000,576.20000000,28936.46800000,16951693.75550000,120929
2025-10-08,576.30000000,588.00000000,573.20000000,583.10000000,13300.52800000,7716527.15570000,77530
2025-10-09,583.20000000,594.30000000,568.30000000,580.00000000,24992.37200000,14467190.12550000,110895
2025-10-10,579.90000000,601.20000000,482.00000000,513.50000000,158421.14100000,87064470.23540000,520790
2025-10-11,513.40000000,540.30000000,477.70000000,500.10000000,76072.05100000,39151649.59390000,158126
2025-10-12,500.10000000,545.40000000,495.60000000,540.70000000,53846.72500000,28164313.51890000,129314
2025-10-13,540.60000000,549.40000000,530.70000000,546.50000000,32077.73600000,17387904.08440000,102937
2025-10-14,546.50000000,547.20000000,507.60000000,538.00000000,138364.62900000,72615241.92850000,403757
2025-10-15,538.00000000,546.00000000,517.40000000,522.20000000,23601.44900000,12519376.06110000,89853
2025-10-16,522.20000000,529.70000000,501.30000000,504.80000000,29780.76600000,15326630.91480000,106744
2025-10-17,504.80000000,510.80000000,443.20000000,469.80000000,109617.49700000,51316070.68110000,212135
2025-10-18,469.80000000,483.70000000,462.20000000,468.50000000,24439.90700000,11520093.42990000,68006
2025-10-19,468.40000000,479.10000000,456.60000000,472.70000000,38553.23200000,18085546.68750000,107710
2025-10-20,472.60000000,486.60000000,467.00000000,478.70000000,39713.62300000,19112439.17010000,114289
2025-10-21,478.70000000,515.50000000,464.00000000,480.80000000,115892.32100000,55897063.11190000,206185
2025-10-22,480.80000000,486.00000000,462.20000000,473.20000000,32576.11100000,15457929.16360000,77130
2025-10-23,473.20000000,491.90000000,472.70000000,480.30000000,181958.64400000,88157881.82260000,284611
2025-10-24,480.30000000,510.00000000,478.30000000,503.20000000,54287.72700000,26901458.85890000,93129
2025-10-25,503.20000000,512.80000000,495.90000000,508.20000000,50338.59400000,25505298.06200000,71925
2025-10-26,508.20000000,565.70000000,508.20000000,559.40000000,100673.13900000,54346824.17970000,202527
2025-10-27,559.40000000,580.00000000,545.80000000,555.60000000,86828.77700000,48663691.73920000,157758
2025-10-28,555.60000000,580.00000000,550.00000000,557.60000000,150063.48700000,84091128.37200000,270235
2025-10-29,557.60000000,566.70000000,546.90000000,555.60000000,75881.15100000,42334569.20490000,170998
2025-10-30,555.60000000,576.20000000,527.30000000,541.20000000,78455.10600000,43313481.24780000,237720
2025-10-31,541.20000000,568.10000000,532.60000000,535.10000000,79423.96600000,43832873.40440000,223206
2025-11-01,535.10000000,563.00000000,531.10000000,554.00000000,57782.00000000,31990619.88900000,100690
2025-11-02,554.10000000,556.10000000,522.90000000,536.90000000,53863.40200000,29177990.27050000,134066
2025-11-03,536.90000000,537.00000000,492.60000000,505.90000000,63621.99900000,33153887.36680000,204582
2025-11-04,505.90000000,512.70000000,460.30000000,480.00000000,70285.87500000,34747065.68610000,256399
2025-11-05,480.10000000,494.60000000,460.50000000,489.10000000,25353.45800000,12264665.00130000,121129
2025-11-06,489.10000000,489.90000000,464.20000000,472.90000000,23718.46700000,11316619.83600000,99975
2025-11-07,473.00000000,524.80000000,470.40000000,512.30000000,186171.86900000,90613010.01370000,409053
2025-11-08,512.40000000,515.60000000,485.80000000,495.80000000,20711.57400000,10324931.92370000,84145
2025-11-09,495.70000000,507.30000000,488.70000000,503.50000000,30337.76900000,15082296.35980000,81225
2025-11-10,503.50000000,525.70000000,500.80000000,517.60000000,33742.93700000,17294942.38540000,103693
2025-11-11,517.60000000,532.10000000,503.80000000,505.70000000,74373.85100000,38582296.65590000,204285
2025-11-12,505.70000000,532.60000000,498.40000000,507.40000000,42374.51400000,21931775.97880000,128323
2025-11-13,507.30000000,531.60000000,494.10000000,509.30000000,83367.44500000,43231736.37740000,199889
2025-11-14,509.30000000,518.10000000,475.60000000,479.60000000,52378.56100000,25901942.35190000,198577
2025-11-15,479.60000000,519.80000000,479.40000000,502.50000000,53795.09900000,27001927.87660000,156358
2025-11-16,502.40000000,504.40000000,472.50000000,483.40000000,26967.15000000,13191004.63840000,124139
2025-11-17,483.40000000,515.60000000,480.80000000,490.80000000,42251.37900000,21083612.81850000,202687
2025-11-18,490.70000000,538.00000000,475.80000000,523.20000000,101787.35300000,52407379.86170000,337823
2025-11-19,523.20000000,523.40000000,470.90000000,486.40000000,58385.65600000,28740519.03140000,192993
2025-11-20,486.40000000,513.00000000,474.10000000,480.80000000,77540.03500000,38343909.65210000,215659
2025-11-21,480.80000000,550.70000000,446.90000000,533.50000000,171524.78700000,85177592.30200000,415022
2025-11-22,533.50000000,568.10000000,521.20000000,556.70000000,152643.72500000,82868249.66130000,344742
2025-11-23,556.70000000,558.50000000,536.50000000,539.30000000,66458.99300000,36383700.82920000,183439
2025-11-24,539.30000000,564.50000000,537.10000000,549.30000000,67672.65400000,37308784.62690000,174577
2025-11-25,549.40000000,550.00000000,516.20000000,527.30000000,51763.36400000,27345025.17570000,109773
2025-11-26,527.30000000,549.10000000,525.90000000,543.70000000,118543.40200000,63597634.77490000,246639
2025-11-27,543.70000000,551.00000000,531.40000000,532.70000000,51401.12300000,27874825.80910000,109280
2025-11-28,532.70000000,554.60000000,530.80000000,548.60000000,180678.26200000,97612417.37570000,119005
2025-11-29,548.70000000,548.80000000,517.50000000,521.50000000,89057.13700000,47620061.52810000,194739
2025-11-30,521.60000000,562.60000000,518.10000000,540.80000000,82833.15100000,45098263.29360000,168898
2025-12-01,540.70000000,544.80000000,508.80000000,523.20000000,94571.73400000,49439405.55080000,211984
2025-12-02,523.10000000,558.50000000,519.90000000,545.30000000,84212.03800000,45185277.63490000,212263
2025-12-03,545.30000000,607.40000000,543.50000000,590.60000000,143540.99800000,83186470.43310000,343155
2025-12-04,590.50000000,600.00000000,566.30000000,574.90000000,57320.17400000,33474580.25300000,185879
2025-12-05,574.90000000,583.70000000,557.00000000,559.60000000,42663.37600000,24427667.27710000,174303
2025-12-06,559.60000000,596.90000000,557.90000000,583.50000000,49121.84400000,28549953.18290000,178342
2025-12-07,583.60000000,605.00000000,567.70000000,598.50000000,41420.53600000,24330078.29610000,173168
2025-12-08,598.50000000,605.00000000,575.80000000,579.10000000,36561.43500000,21642494.49530000,118983
2025-12-09,579.20000000,591.30000000,570.00000000,585.00000000,96628.13000000,56367168.10720000,123781
2025-12-10,584.90000000,588.90000000,558.80000000,572.60000000,96044.05800000,54520531.15770000,206946
2025-12-11,572.70000000,576.60000000,551.50000000,574.30000000,45546.91700000,25558206.09520000,146530
2025-12-12,574.30000000,588.40000000,567.90000000,581.90000000,59279.98100000,34366936.77680000,132680
2025-12-13,581.90000000,586.80000000,568.20000000,579.90000000,19244.26300000,11107224.08540000,72373
2025-12-14,580.00000000,585.30000000,554.20000000,558.30000000,30902.91600000,17750007.03060000,97488
2025-12-15,558.20000000,573.80000000,518.50000000,536.10000000,50432.95200000,27395405.01740000,142022
2025-12-16,536.10000000,557.80000000,527.70000000,546.30000000,39953.94300000,21650846.93830000,127208
2025-12-17,546.20000000,568.80000000,539.80000000,546.70000000,51341.41900000,28219011.94830000,154876
2025-12-18,546.60000000,588.00000000,528.10000000,565.90000000,101010.71400000,56571099.54560000,303149
2025-12-19,565.90000000,631.70000000,557.10000000,624.90000000,97388.92900000,58236846.06440000,299206
2025-12-20,624.80000000,625.90000000,588.50000000,592.10000000,62967.31400000,37912736.35380000,170436
2025-12-21,592.00000000,602.90000000,576.80000000,591.10000000,30621.09700000,18027159.26530000,95226
2025-12-22,591.20000000,598.60000000,571.40000000,590.40000000,63563.17100000,37287166.39210000,187170
2025-12-23,590.40000000,593.90000000,570.60000000,572.50000000,33806.85600000,19675175.27230000,98169
2025-12-24,572.60000000,581.10000000,563.30000000,568.70000000,46526.49100000,26505934.59360000,147060
2025-12-25,568.70000000,600.10000000,566.40000000,589.80000000,42451.45100000,24966173.37190000,128907
2025-12-26,589.70000000,614.50000000,586.80000000,594.90000000,51345.08700000,30880524.31880000,173464
2025-12-27,594.80000000,625.80000000,593.20000000,623.40000000,41932.25300000,25675047.82790000,133302
2025-12-28,623.30000000,638.00000000,610.50000000,622.40000000,53213.95500000,33113436.60950000,176189
2025-12-29,622.40000000,627.20000000,592.90000000,599.20000000,103775.53700000,63126463.83840000,310021
2025-12-30,599.20000000,608.10000000,591.30000000,595.80000000,67362.52700000,40366456.58420000,172568
2025-12-31,595.80000000,603.40000000,592.90000000,599.50000000,27177.49300000,16257856.50240000,119837
2026-01-01,599.60000000,606.50000000,585.90000000,593.20000000,34439.41300000,20443613.18520000,212562
2026-01-02,593.30000000,618.70000000,585.40000000,609.80000000,57714.78600000,34621335.80460000,197896
2026-01-03,609.90000000,664.10000000,608.50000000,654.50000000,92733.46500000,59188226.94470000,387799
2026-01-04,654.50000000,662.50000000,635.40000000,639.10000000,88728.67500000,57301597.05310000,298346
2026-01-05,639.20000000,669.60000000,639.00000000,645.20000000,87698.15800000,57294905.99950000,307661
2026-01-06,645.30000000,658.00000000,624.10000000,638.20000000,65951.65900000,42232437.03020000,216306
2026-01-07,638.20000000,638.20000000,622.20000000,629.20000000,21367.68700000,13477296.50090000,83194
2026-01-08,629.30000000,653.40000000,619.00000000,632.00000000,54007.42800000,34359337.08620000,180506
2026-01-09,632.10000000,642.50000000,625.00000000,634.70000000,34426.62500000,21788526.29470000,127120
2026-01-10,634.70000000,650.40000000,631.40000000,643.90000000,21844.69000000,14000726.37360000,86554
2026-01-11,644.00000000,667.00000000,638.10000000,649.10000000,124934.69000000,81689314.72590000,292209
2026-01-12,649.20000000,661.20000000,613.10000000,621.70000000,133573.83000000,84555051.96520000,267295
2026-01-13,621.60000000,626.60000000,605.10000000,617.00000000,101028.81900000,61959352.70650000,261973
2026-01-14,617.00000000,619.50000000,593.60000000,597.40000000,116833.26700000,70486639.39330000,224940
2026-01-15,597.50000000,630.60000000,574.50000000,590.80000000,211491.27600000,127173549.92370000,559094
2026-01-16,590.90000000,606.90000000,589.50000000,599.50000000,114365.31400000,68456010.07840000,284593
2026-01-17,599.60000000,602.70000000,588.90000000,594.10000000,64836.31500000,38711201.21000000,87721
2026-01-18,594.10000000,602.30000000,587.70000000,591.40000000,24086.23800000,14316591.67510000,73265
2026-01-19,591.40000000,594.80000000,562.80000000,584.00000000,51379.08700000,30112657.30030000,124258
2026-01-20,584.00000000,587.20000000,564.20000000,573.20000000,58930.10500000,33837464.02300000,172666
2026-01-21,573.10000000,598.00000000,570.20000000,584.80000000,63001.86000000,37051916.23050000,193309
2026-01-22,584.80000000,604.00000000,584.50000000,599.20000000,25155.54800000,14993968.27230000,100409
2026-01-23,599.20000000,601.50000000,586.50000000,595.70000000,19873.14400000,11834683.92180000,74425
2026-01-24,595.70000000,599.10000000,590.80000000,593.60000000,8196.23200000,4877741.60220000,38573
2026-01-25,593.60000000,595.90000000,563.60000000,572.20000000,23802.13900000,13817618.66610000,95330
2026-01-26,572.10000000,583.30000000,571.20000000,578.70000000,14970.05300000,8658866.98710000,69196
2026-01-27,578.70000000,603.90000000,577.60000000,600.20000000,36032.42500000,21343336.37770000,115201
2026-01-28,600.20000000,602.00000000,589.40000000,591.10000000,18786.67500000,11167380.75150000,81593
2026-01-29,591.20000000,591.40000000,548.20000000,554.10000000,27886.29400000,15808022.07680000,108607
2026-01-30,554.10000000,559.80000000,533.40000000,553.20000000,49495.20200000,27093866.43380000,163441
2026-01-31,553.30000000,554.10000000,467.20000000,507.50000000,72516.89800000,36614652.65560000,240892
2026-02-01,507.60000000,538.40000000,506.20000000,516.20000000,84361.11300000,44154554.29910000,267695
2026-02-02,516.30000000,544.10000000,497.40000000,539.70000000,52571.70200000,27472193.90260000,175724
2026-02-03,539.60000000,542.10000000,509.60000000,527.10000000,36642.32000000,19289491.06320000,141209
2026-02-04,527.00000000,539.90000000,515.00000000,532.50000000,37639.92400000,19852810.44930000,144291
2026-02-05,532.50000000,542.60000000,452.60000000,453.90000000,93295.95300000,46457366.17390000,347764
2026-02-06,453.80000000,542.80000000,423.00000000,523.20000000,131309.69800000,62439865.97350000,439745
2026-02-07,523.10000000,540.50000000,514.20000000,525.10000000,77624.27500000,40861576.77520000,294442
2026-02-08,525.20000000,540.80000000,516.80000000,527.00000000,34730.78600000,18351098.52180000,110779
2026-02-09,527.00000000,538.00000000,511.20000000,533.00000000,31391.09900000,16488149.26250000,122799
2026-02-10,533.00000000,534.30000000,511.80000000,524.30000000,38388.19000000,20062497.36840000,116666
2026-02-11,524.30000000,528.00000000,507.60000000,516.20000000,38933.85700000,20151806.78690000,126746
2026-02-12,516.20000000,521.00000000,493.80000000,503.00000000,25899.03400000,13162385.99360000,104523
2026-02-13,503.00000000,570.00000000,499.90000000,563.90000000,52303.62100000,28444904.21640000,185704
2026-02-14,563.90000000,572.60000000,557.60000000,562.90000000,30470.35900000,17199741.55440000,103208
2026-02-15,563.00000000,566.60000000,550.40000000,553.50000000,22397.93300000,12497257.82170000,91886
2026-02-16,553.50000000,581.50000000,551.50000000,569.20000000,31961.49100000,18089765.11980000,116952
2026-02-17,569.20000000,578.00000000,549.50000000,563.40000000,25801.02200000,14554122.68150000,124097
2026-02-18,563.50000000,570.20000000,550.60000000,558.00000000,21799.75000000,12203851.53230000,88852
2026-02-19,557.90000000,564.90000000,538.70000000,560.40000000,29747.78100000,16431836.11890000,114004
2026-02-20,560.20000000,570.70000000,540.80000000,562.40000000,66675.69500000,36985972.83090000,170980
2026-02-21,562.50000000,577.00000000,558.50000000,564.10000000,19789.47900000,11233561.85270000,66431
2026-02-22,564.10000000,586.20000000,559.00000000,570.70000000,50444.27200000,28937362.65370000,137812
2026-02-23,570.80000000,570.80000000,487.30000000,495.80000000,76023.82500000,40011360.19270000,218483
2026-02-24,495.70000000,499.10000000,470.80000000,484.80000000,72609.41400000,35096816.89090000,214259
2026-02-25,484.80000000,520.30000000,483.90000000,492.90000000,53756.73800000,27106540.63800000,186010
2026-02-26,492.80000000,505.80000000,476.60000000,478.40000000,29976.65000000,14797540.22190000,112831
2026-02-27,478.40000000,491.10000000,455.10000000,461.50000000,32169.41400000,15206128.95770000,97883
2026-02-28,461.40000000,468.40000000,439.60000000,457.60000000,42894.53800000,19307722.92260000,156794
2026-03-01,457.60000000,466.90000000,432.00000000,441.70000000,28623.58200000,12801814.77550000,106878
2026-03-02,441.70000000,454.40000000,436.10000000,445.30000000,35460.97000000,15776024.34280000,118524
2026-03-03,445.40000000,450.10000000,432.20000000,443.90000000,24297.43500000,10713255.53070000,89520
2026-03-04,443.90000000,476.80000000,439.00000000,466.90000000,44261.32600000,20302617.88280000,155919
2026-03-05,466.80000000,467.80000000,454.30000000,461.60000000,30348.68700000,13973864.30990000,88235
2026-03-06,461.50000000,463.30000000,442.20000000,449.70000000,21438.59300000,9696725.71290000,73265
2026-03-07,449.60000000,454.10000000,445.70000000,450.20000000,13844.82600000,6229011.16060000,43492
2026-03-08,450.20000000,455.40000000,440.40000000,443.10000000,14209.03000000,6360631.92670000,55950
2026-03-09,443.00000000,456.90000000,442.90000000,444.60000000,23746.39200000,10673104.50550000,88851
2026-03-10,444.50000000,454.30000000,442.60000000,447.10000000,27205.97300000,12194532.41710000,97065
2026-03-11,447.00000000,461.20000000,445.70000000,455.10000000,19453.14800000,8829169.58280000,71879
2026-03-12,455.10000000,461.50000000,451.60000000,455.20000000,11218.46900000,5115863.42590000,47270
2026-03-13,455.20000000,475.60000000,454.80000000,461.00000000,39232.29300000,18330367.64840000,137007
2026-03-14,460.90000000,468.50000000,454.30000000,467.60000000,16336.77000000,7524857.94520000,49871
2026-03-15,467.60000000,470.70000000,459.80000000,469.70000000,17886.86100000,8321276.31670000,55446
2026-03-16,469.60000000,483.80000000,465.10000000,478.80000000,25463.50500000,12079137.30030000,80462
2026-03-17,478.80000000,481.20000000,470.20000000,470.70000000,13922.65300000,6614755.73840000,50248
2026-03-18,470.70000000,472.60000000,446.50000000,456.90000000,18368.33800000,8427136.00290000,60565
2026-03-19,456.90000000,460.70000000,449.70000000,455.60000000,18252.72700000,8324066.28250000,58903
2026-03-20,455.70000000,475.20000000,454.90000000,474.60000000,21846.58200000,10188462.53970000,73440
2026-03-21,474.60000000,477.20000000,459.70000000,462.60000000,13083.11200000,6130493.67720000,43065
2026-03-22,462.50000000,471.40000000,457.40000000,467.40000000,20206.79500000,9413642.18310000,72605
2026-03-23,467.40000000,486.30000000,462.60000000,478.00000000,26604.51300000,12656002.43220000,92466
2026-03-24,478.10000000,480.20000000,468.60000000,477.40000000,23114.36200000,10957494.74060000,79991
2026-03-25,477.40000000,480.30000000,471.40000000,473.60000000,13866.67900000,6616256.78140000,55657
2026-03-26,473.60000000,474.10000000,458.70000000,461.90000000,18277.48800000,8502918.17590000,66631
2026-03-27,462.00000000,475.00000000,458.20000000,472.90000000,57189.17500000,26712064.16880000,173829
2026-03-28,472.90000000,484.20000000,470.80000000,481.20000000,25019.84400000,11978997.52380000,96901
2026-03-29,481.20000000,484.80000000,446.90000000,452.70000000,93699.26500000,43632044.07050000,183005
2026-03-30,452.70000000,467.40000000,450.60000000,460.30000000,33395.92200000,15276944.12970000,113498
2026-03-31,460.30000000,477.90000000,460.00000000,466.50000000,39604.71200000,18529557.02770000,121068
2026-04-01,466.50000000,466.60000000,453.70000000,455.10000000,37116.94700000,17096688.21740000,99537
2026-04-02,455.10000000,455.80000000,439.40000000,444.30000000,23884.47000000,10641804.70790000,75555
2026-04-03,444.20000000,446.70000000,439.60000000,443.00000000,8808.81200000,3902861.28780000,34434
2026-04-04,443.00000000,445.10000000,440.90000000,441.20000000,6996.99100000,3096840.42180000,25563
2026-04-05,441.10000000,442.50000000,420.40000000,428.60000000,23521.35500000,10089245.41830000,65369
2026-04-06,428.70000000,440.60000000,428.70000000,435.10000000,17547.85400000,7647949.58960000,52256
2026-04-07,435.00000000,448.40000000,429.90000000,445.90000000,17971.89300000,7846461.33170000,53641
2026-04-08,446.00000000,449.90000000,440.10000000,441.30000000,18131.00200000,8068596.01030000,54261
2026-04-09,441.30000000,446.90000000,433.00000000,443.10000000,19468.63900000,8574536.61040000,55457
2026-04-10,443.20000000,446.80000000,434.30000000,443.80000000,13141.79400000,5818116.68970000,35939
2026-04-11,443.70000000,445.30000000,436.60000000,437.70000000,8778.88600000,3864953.64630000,28838
2026-04-12,437.60000000,438.00000000,419.50000000,421.30000000,25425.50100000,10840255.81560000,71500
2026-04-13,421.20000000,440.60000000,421.10000000,438.20000000,15504.76100000,6674902.97090000,42678
2026-04-14,438.30000000,444.20000000,433.50000000,436.20000000,14172.97100000,6210025.03670000,44468
2026-04-15,436.20000000,443.40000000,427.50000000,440.80000000,11572.83800000,5034295.02800000,41873
2026-04-16,440.80000000,457.50000000,434.10000000,454.90000000,18450.39600000,8189785.68980000,49966
2026-04-17,454.80000000,461.80000000,446.60000000,453.40000000,18935.65900000,8594199.36250000,57727
2026-04-18,453.40000000,456.10000000,443.30000000,443.50000000,9480.00800000,4247029.94910000,33047
2026-04-19,443.60000000,446.20000000,433.90000000,435.10000000,9877.98800000,4353422.49890000,38971
2026-04-20,435.30000000,446.40000000,435.20000000,443.60000000,8005.93000000,3536142.80040000,28355
2026-04-21,443.60000000,449.70000000,440.50000000,448.50000000,12511.70800000,5564854.85570000,41501
2026-04-22,448.60000000,474.00000000,447.50000000,460.30000000,30013.68500000,13926418.08370000,100362
2026-04-23,460.30000000,461.00000000,452.50000000,460.80000000,18193.90700000,8306179.97320000,51215
2026-04-24,460.90000000,461.70000000,454.50000000,456.20000000,9324.24200000,4267079.41500000,31383
2026-04-25,456.20000000,456.50000000,452.10000000,453.00000000,4766.45000000,2164388.06220000,18069
2026-04-26,453.10000000,456.30000000,450.30000000,454.90000000,7114.75800000,3223401.69680000,24651
2026-04-27,455.00000000,458.20000000,446.10000000,449.80000000,13050.61700000,5891747.61930000,41011
2026-04-28,449.80000000,454.20000000,442.70000000,453.70000000,8021.20600000,3596239.22580000,28540
2026-04-29,453.70000000,455.60000000,441.90000000,447.50000000,10733.69300000,4832161.14300000,35760
2026-04-30,447.50000000,449.30000000,440.30000000,440.90000000,6651.63200000,2950893.97190000,26777
2026-05-01,441.00000000,458.20000000,440.90000000,450.50000000,10072.88200000,4531129.64740000,37156
2026-05-02,450.60000000,453.20000000,444.40000000,445.70000000,4276.14900000,1917041.23810000,19175
2026-05-03,445.60000000,447.50000000,442.40000000,443.20000000,5230.95000000,2326243.40660000,17876
2026-05-04,443.10000000,450.80000000,437.00000000,443.70000000,25745.13000000,11418899.91270000,59600
2026-05-05,443.80000000,464.50000000,443.00000000,461.40000000,35728.83400000,16246242.78100000,75837
2026-05-06,461.50000000,489.30000000,458.50000000,465.70000000,66112.58300000,31300911.67180000,176155
2026-05-07,465.70000000,466.40000000,447.00000000,450.20000000,16635.57400000,7584095.02510000,49546
2026-05-08,450.30000000,454.50000000,447.80000000,450.50000000,14290.65000000,6443409.17240000,38807
2026-05-09,450.50000000,453.90000000,448.30000000,449.80000000,11516.57300000,5195345.87000000,39399
2026-05-10,449.90000000,465.40000000,449.00000000,464.30000000,15360.68100000,7017383.67100000,50995
2026-05-11,464.40000000,465.30000000,447.90000000,450.20000000,15052.63400000,6801475.40140000,48380
2026-05-12,450.20000000,450.40000000,436.00000000,439.60000000,22805.87600000,10125087.53380000,58783
2026-05-13,439.60000000,444.80000000,430.00000000,434.10000000,22082.84900000,9670374.38470000,52844
2026-05-14,434.20000000,438.90000000,431.50000000,435.00000000,8061.69500000,3509094.49140000,26115
2026-05-15,434.90000000,437.50000000,423.80000000,426.80000000,20813.41000000,8983254.55800000,52612
2026-05-16,426.80000000,428.20000000,410.60000000,415.80000000,34719.60500000,14568980.90780000,64739
2026-05-17,415.80000000,416.80000000,400.00000000,404.80000000,11386.05500000,4651549.86330000,37206
2026-05-18,404.80000000,404.80000000,348.30000000,378.80000000,135835.46400000,50514897.30640000,331025
2026-05-19,378.80000000,386.70000000,360.80000000,370.40000000,49253.81200000,18432014.77080000,121342
2026-05-20,370.40000000,375.20000000,364.00000000,373.10000000,22274.25100000,8242996.33650000,53148
2026-05-21,373.20000000,383.50000000,372.90000000,380.40000000,19384.16900000,7337143.67430000,53056
2026-05-22,380.50000000,382.30000000,359.10000000,360.70000000,19132.75400000,7099638.26780000,49136
2026-05-23,360.70000000,364.70000000,342.90000000,355.50000000,40041.83200000,14116930.32830000,98307
2026-05-24,355.60000000,358.00000000,333.50000000,347.00000000,19754.59800000,6890029.55340000,54609
2026-05-25,347.00000000,352.50000000,344.10000000,351.70000000,11407.98600000,3980579.02400000,31277
2026-05-26,351.80000000,355.20000000,342.70000000,343.40000000,16884.03800000,5903826.48110000,51254
2026-05-27,343.40000000,347.50000000,332.00000000,334.80000000,17294.60900000,5915965.52920000,46490
2026-05-28,334.70000000,336.20000000,287.80000000,300.30000000,129934.70200000,40390079.91270000,253068
2026-05-29,300.20000000,312.40000000,296.60000000,302.30000000,86978.39000000,26423361.00210000,129391
2026-05-30,302.30000000,308.10000000,296.80000000,303.70000000,20483.92500000,6212799.26210000,44749
2026-05-31,303.70000000,308.20000000,297.50000000,302.90000000,38984.33100000,11837046.05860000,62959
2026-06-01,302.80000000,304.80000000,278.10000000,293.80000000,44690.25800000,12988149.52640000,108081
2026-06-02,293.90000000,294.10000000,265.10000000,268.70000000,48215.32900000,13450413.31760000,99693
2026-06-03,268.70000000,271.60000000,239.50000000,243.30000000,325825.13000000,81607932.23350000,447431
2026-06-04,243.30000000,252.10000000,230.20000000,245.60000000,90407.30600000,21911382.46600000,220593
2026-06-05,245.50000000,246.10000000,207.90000000,210.00000000,96259.35700000,21454946.65570000,236100
2026-06-06,209.90000000,227.20000000,202.00000000,217.40000000,71645.45300000,15419488.34000000,171625
2026-06-07,217.40000000,234.60000000,215.70000000,230.30000000,43523.29700000,9798982.88610000,102263
2026-06-08,230.30000000,231.60000000,199.10000000,209.40000000,345559.48700000,72970241.68110000,376006
2026-06-09,209.40000000,211.00000000,201.00000000,203.40000000,62023.63900000,12759363.11220000,120664
2026-06-10,203.40000000,204.50000000,191.70000000,194.50000000,58489.66000000,11578399.70670000,112504
2026-06-11,194.40000000,209.80000000,192.60000000,205.30000000,75570.13700000,15205397.02930000,113084
2026-06-12,205.30000000,209.10000000,201.00000000,202.20000000,38456.17500000,7879955.84800000,59252
2026-06-13,202.20000000,209.70000000,200.90000000,208.70000000,30161.23200000,6229447.62660000,50185
2026-06-14,208.70000000,210.80000000,196.70000000,210.70000000,44020.62500000,8989080.98340000,72274
2026-06-15,210.60000000,231.10000000,209.50000000,224.60000000,65295.26800000,14511547.34670000,122885
2026-06-16,224.50000000,228.20000000,212.50000000,214.10000000,98108.41500000,21632877.29730000,164603
2026-06-17,214.00000000,218.20000000,208.50000000,212.50000000,47381.50900000,10126866.06730000,89404
2026-06-18,212.60000000,215.40000000,192.80000000,199.70000000,66118.94500000,13303235.82840000,94836
2026-06-19,199.70000000,200.00000000,192.90000000,198.60000000,39896.55600000,7821142.93300000,58769
2026-06-20,198.60000000,200.90000000,195.60000000,200.10000000,19193.26300000,3812077.12810000,32059
2026-06-21,200.10000000,200.20000000,194.40000000,194.90000000,13393.42000000,2649023.28460000,24992
2026-06-22,195.00000000,205.30000000,194.90000000,197.70000000,26062.55000000,5222566.91020000,48017
2026-06-23,197.60000000,198.40000000,186.40000000,194.60000000,111979.48000000,21787855.95820000,115416
2026-06-24,194.70000000,196.60000000,181.00000000,190.40000000,49757.29800000,9408502.43470000,72806
2026-06-25,190.50000000,197.20000000,182.40000000,193.10000000,44870.46500000,8563234.10820000,65084
2026-06-26,193.10000000,203.00000000,184.90000000,197.30000000,47424.40600000,9219837.02920000,77563
2026-06-27,197.40000000,200.10000000,194.40000000,195.50000000,16689.96400000,3287281.45760000,30125
2026-06-28,195.40000000,198.00000000,188.30000000,191.00000000,17411.02300000,3361405.96000000,31017
2026-06-29,191.00000000,203.00000000,188.50000000,201.20000000,24363.87200000,4795702.05140000,49083
2026-06-30,201.30000000,202.60000000,194.30000000,200.00000000,30537.83800000,6086543.66870000,50824
2026-07-01,200.10000000,218.90000000,196.00000000,210.10000000,49111.80200000,10264569.15230000,99364
2026-07-02,210.10000000,223.00000000,210.00000000,220.40000000,45677.61000000,9924022.01820000,87561
2026-07-03,220.30000000,231.00000000,219.40000000,229.50000000,38065.08100000,8591267.62030000,69141
2026-07-04,229.40000000,237.80000000,224.10000000,236.10000000,29971.96700000,6911716.15410000,57033
2026-07-05,236.10000000,249.50000000,234.20000000,244.40000000,44969.24700000,10811918.20450000,115640
2026-07-06,244.40000000,251.10000000,234.60000000,242.10000000,41545.48700000,10015578.06160000,88948
2026-07-07,242.10000000,245.00000000,234.70000000,239.40000000,26808.74200000,6436251.66110000,54935
2026-07-08,239.40000000,241.80000000,228.90000000,235.40000000,32034.21400000,7521227.54340000,68128
2026-07-09,235.40000000,241.00000000,231.40000000,237.80000000,21825.94700000,5166704.82860000,41131
2026-07-10,237.90000000,255.10000000,237.00000000,245.20000000,30134.06400000,7463417.59410000,62599
2026-07-11,245.20000000,250.30000000,243.50000000,244.00000000,19926.69700000,4921695.00570000,35033
2026-07-12,243.90000000,247.90000000,239.00000000,240.30000000,21075.97000000,5141832.25900000,38588
2026-07-13,240.20000000,244.90000000,233.00000000,236.50000000,21229.78800000,5047513.20220000,45420
2026-07-14,236.50000000,242.30000000,231.20000000,236.80000000,22894.30700000,5422381.95880000,50407
2026-07-15,236.90000000,238.30000000,222.30000000,223.10000000,33012.62200000,7641819.16880000,69130
2026-07-16,223.10000000,227.30000000,219.40000000,221.90000000,56696.07500000,12627406.74620000,82867
2026-07-17,222.00000000,224.60000000,213.80000000,219.70000000,54359.94400000,11942907.87990000,58599
2026-07-18,219.80000000,222.00000000,217.00000000,220.20000000,14617.05200000,3210074.48500000,22809
2026-07-19,220.10000000,220.50000000,214.10000000,215.30000000,14900.98200000,3233532.89360000,32178
2026-07-20,215.30000000,221.30000000,209.80000000,219.90000000,25419.78700000,5469908.27890000,43478
2026-07-21,219.90000000,226.80000000,219.70000000,223.90000000,21003.72700000,4707259.70110000,32510
2026-07-22,224.00000000,225.60000000,218.50000000,220.00000000,15004.53500000,3327697.94330000,26619
2026-07-23,220.00000000,220.50000000,208.20000000,211.80000000,21609.16800000,4629643.89730000,28730
2026-07-24,211.80000000,213.40000000,207.60000000,211.00000000,15254.17700000,3208240.42390000,25279
2026-07-25,211.00000000,213.00000000,209.10000000,209.80000000,18144.97100000,3825751.50410000,21791
2026-07-26,209.80000000,219.10000000,209.10000000,217.10000000,16548.04400000,3527315.01190000,27933
2026-07-27,217.10000000,220.20000000,210.90000000,211.80000000,32426.29400000,7027575.76170000,52625
2026-07-28,212.00000000,215.40000000,209.30000000,214.30000000,20881.00300000,4438479.08560000,37915
2026-07-29,214.30000000,216.20000000,204.40000000,211.50000000,20897.94900000,4408790.92580000,39720
2026-07-30,211.50000000,222.00000000,208.30000000,217.00000000,24159.69900000,5238528.31750000,51479
2026-07-31,216.90000000,218.30000000,205.00000000,210.00000000,22123.37000000,4636443.51550000,45433
2026-08-01,210.10000000,212.60000000,205.90000000,208.10000000,11666.63900000,2438359.92970000,23186
2026-08-02,208.10000000,214.90000000,207.20000000,212.90000000,11805.53000000,2498725.97550000,22776
2026-08-03,212.70000000,215.40000000,208.60000000,213.20000000,11967.18800000,2534167.77170000,24273
2026-08-04,213.20000000,214.80000000,211.40000000,213.40000000,10001.54200000,2136345.15010000,21247
2026-08-05,213.40000000,217.40000000,210.00000000,214.60000000,18501.11900000,3943717.03920000,33900
2026-08-06,214.70000000,215.70000000,210.80000000,212.80000000,12125.93200000,2585581.53550000,21671
2026-08-07,212.70000000,218.20000000,212.50000000,214.80000000,10635.78200000,2290933.20800000,19184
2026-08-08,214.80000000,218.80000000,214.40000000,216.20000000,6033.06000000,1307109.15090000,11421
2026-08-09,216.20000000,218.60000000,213.90000000,214.80000000,5978.01700000,1293402.53530000,11693
2026-08-10,214.70000000,217.50000000,212.40000000,213.30000000,6176.32900000,1327714.56970000,11148
2026-08-11,213.30000000,216.10000000,211.10000000,213.80000000,9125.57600000,1952558.65380000,16672
2026-08-12,213.80000000,216.80000000,211.50000000,212.90000000,6396.98900000,1369114.49200000,14140
2026-08-13,212.80000000,216.30000000,205.20000000,206.60000000,22215.68900000,4655494.40900000,45749
2026-08-14,206.70000000,207.40000000,199.70000000,204.90000000,18786.95800000,3819028.55000000,28580
2026-08-15,205.00000000,207.30000000,202.70000000,203.70000000,70523.37300000,14491819.79380000,67416
2026-08-16,203.70000000,205.00000000,201.90000000,204.00000000,9629.43400000,1961894.55520000,18131
2026-08-17,204.00000000,205.90000000,203.30000000,205.50000000,13764.89800000,2819949.45310000,16743
2026-08-18,205.50000000,205.50000000,202.50000000,203.70000000,6939.08500000,1414169.43400000,11730
2026-08-19,203.50000000,214.00000000,201.80000000,213.30000000,133236.17000000,27836005.64880000,136277
2026-08-20,213.30000000,226.70000000,208.50000000,223.10000000,109036.51300000,23479786.60080000,158458
2026-08-21,223.00000000,301.30000000,223.00000000,288.50000000,234457.27200000,62044352.02870000,530031
2026-08-22,288.50000000,305.60000000,262.10000000,276.60000000,110687.49600000,31482829.37700000,290261
2026-08-23,276.60000000,280.10000000,262.70000000,274.20000000,52375.70200000,14274257.32700000,150087
2026-08-24,274.20000000,286.00000000,262.10000000,271.00000000,75300.94500000,20596700.91060000,195084
2026-08-25,270.90000000,281.80000000,260.60000000,265.90000000,44454.00200000,12133996.66660000,101923
2026-08-26,266.00000000,270.80000000,257.90000000,268.90000000,21981.55000000,5804987.02560000,60984
2026-08-27,268.90000000,274.10000000,264.50000000,269.70000000,33189.03000000,8958116.61490000,63618
2026-08-28,269.60000000,272.20000000,244.00000000,248.10000000,52180.91800000,13370019.44880000,108328
2026-08-29,248.00000000,248.90000000,242.50000000,247.20000000,19516.40200000,4792124.24400000,34611
2026-08-30,247.20000000,255.40000000,239.10000000,243.40000000,28345.27500000,7059979.46050000,57096
2026-08-31,243.30000000,249.50000000,241.40000000,247.20000000,25548.82900000,6290276.91140000,50128
2026-09-01,247.10000000,251.90000000,243.00000000,246.00000000,26995.07500000,6688685.90600000,47804
2026-09-02,246.10000000,250.20000000,241.30000000,244.60000000,22724.59800000,5575635.98270000,54221
2026-09-03,244.60000000,261.40000000,242.30000000,256.60000000,43049.08200000,10882873.92960000,87983
2026-09-04,256.50000000,261.30000000,246.80000000,248.20000000,32913.46500000,8357823.30190000,77856
2026-09-05,248.20000000,260.00000000,244.90000000,256.10000000,39692.77600000,9998992.85220000,83362
2026-09-06,256.20000000,265.20000000,254.00000000,261.00000000,34727.42000000,9009288.03920000,75564
2026-09-07,261.00000000,270.00000000,251.80000000,259.00000000,45261.83200000,11805282.37970000,95807
2026-09-08,259.00000000,263.10000000,251.50000000,258.30000000,43012.47900000,11069279.19320000,84392
2026-09-09,258.30000000,261.50000000,247.60000000,251.90000000,33489.51800000,8595899.53270000,78807
2026-09-10,251.90000000,252.50000000,222.60000000,223.80000000,139660.26500000,32798062.99720000,249535
2026-09-11,223.90000000,238.50000000,220.00000000,228.20000000,88034.52800000,20149303.77060000,134331
2026-09-12,228.10000000,232.10000000,224.40000000,226.40000000,34162.33700000,7789380.57450000,47881
2026-09-13,226.40000000,226.80000000,219.40000000,220.80000000,45340.57800000,10148594.54790000,57340
2026-09-14,220.80000000,230.30000000,219.70000000,223.40000000,47233.06800000,10563145.49320000,69939
2026-09-15,223.30000000,225.20000000,212.80000000,216.80000000,44337.10200000,9746149.72270000,89319
2026-09-16,216.80000000,221.60000000,214.00000000,221.20000000,32840.15900000,7154553.40830000,63667
2026-09-17,221.20000000,241.10000000,219.50000000,233.90000000,57361.18700000,13180078.63160000,85713
2026-09-18,234.00000000,266.10000000,233.30000000,255.40000000,104169.26100000,26313669.21350000,176066
2026-09-19,255.50000000,258.20000000,244.80000000,254.90000000,50108.15200000,12594174.45120000,103551
2026-09-20,254.90000000,255.60000000,239.00000000,252.80000000,40166.21700000,9955628.22310000,85334
2026-09-21,252.80000000,272.50000000,250.00000000,267.30000000,96892.60300000,25471362.45240000,196733
2026-09-22,267.30000000,348.10000000,261.60000000,345.10000000,347920.41700000,108965108.67450000,852735
2026-09-23,345.10000000,366.40000000,324.10000000,337.50000000,318015.76200000,110125122.71080000,775284
2026-09-24,337.40000000,349.50000000,324.60000000,338.90000000,120756.26700000,40731044.21920000,313634
2026-09-25,338.80000000,347.30000000,327.80000000,343.30000000,88586.10200000,29865250.99690000,200045
2026-09-26,343.30000000,344.40000000,332.30000000,336.10000000,31896.98800000,10751602.99870000,73688
2026-09-27,336.00000000,347.70000000,327.50000000,332.40000000,60625.44700000,20430272.42480000,121613
2026-09-28,332.40000000,333.90000000,305.00000000,310.40000000,78141.81500000,24410486.70150000,170285
2026-09-29,310.40000000,313.90000000,302.60000000,307.70000000,65969.77200000,20406146.00710000,123420
2026-09-30,307.70000000,318.70000000,303.20000000,306.20000000,49215.17900000,15230245.93530000,93561
2026-10-01,306.30000000,310.80000000,301.70000000,309.30000000,34453.11900000,10589204.77620000,84520
2026-10-02,309.30000000,318.30000000,296.10000000,311.60000000,68365.60700000,21124510.39440000,105400
2026-10-03,311.60000000,322.70000000,308.50000000,319.70000000,26128.11600000,8211234.53410000,43654
2026-10-04,319.80000000,320.50000000,315.50000000,318.90000000,24386.48200000,7757139.24000000,43337
2026-10-05,318.90000000,321.90000000,312.60000000,316.80000000,31190.24000000,9870239.00400000,51569
2026-10-06,316.70000000,318.10000000,308.00000000,311.80000000,31620.44600000,9915013.23420000,47448
2026-10-07,311.90000000,312.10000000,297.90000000,300.30000000,45490.58900000,13846786.52450000,77071
