date,open,high,low,close,volume,quote_volume,trades
2021-04-17,22.47000000,24.99000000,22.29900000,23.88900000,4522644.46400000,107460771.29997800,202450
2021-04-18,23.93400000,25.01200000,19.09000000,22.22700000,7050977.70200000,153759829.31980200,240351
2021-04-19,22.19300000,25.35500000,21.40100000,22.69900000,7621300.44100000,180175237.00758200,298361
2021-04-20,22.69900000,27.55900000,21.00000000,27.51000000,10562081.69400000,261581429.67672700,398358
2021-04-21,27.53900000,29.33300000,25.60000000,26.10000000,16065054.53600000,444770726.71839400,550368
2021-04-22,26.05900000,28.50000000,24.20000000,25.13100000,10650859.11800000,284370194.85603600,366826
2021-04-23,25.11800000,27.20000000,22.00000000,26.94600000,12767887.24300000,316380598.02522000,376158
2021-04-24,26.96800000,29.56700000,25.38700000,28.28300000,12229411.31400000,335046723.46000900,354346
2021-04-25,28.30000000,31.50000000,27.54000000,30.18400000,11879383.24600000,352440996.75766900,389013
2021-04-26,30.18400000,34.88500000,30.00200000,33.56400000,12088296.20000000,399632266.51581800,486774
2021-04-27,33.56400000,36.60000000,32.11800000,35.80500000,7488840.32200000,258886538.11267300,362459
2021-04-28,35.80500000,36.85000000,33.66000000,36.09400000,5912157.23700000,210551382.82570500,293925
2021-04-29,36.13300000,44.10000000,36.09700000,42.67900000,13978382.99800000,566725810.37687800,680762
2021-04-30,42.66000000,44.27800000,39.98000000,40.79400000,8074109.51300000,340294551.20936800,436647
2021-05-01,40.81200000,42.29200000,38.06700000,38.52700000,5143244.22700000,205780212.95094700,306605
2021-05-02,38.51600000,42.51700000,36.71300000,40.80700000,7316285.59600000,289653820.98143600,403395
2021-05-03,40.84800000,42.98000000,39.50000000,40.90000000,5780538.01100000,239074799.99712800,359704
2021-05-04,40.90000000,41.11900000,36.01300000,36.56300000,6728023.59600000,258454940.74557200,375583
2021-05-05,36.54600000,40.70000000,36.50000000,38.97100000,4107567.78100000,160610543.96981300,259201
2021-05-06,38.97100000,39.04000000,35.59100000,36.72300000,5299276.77200000,197598216.91348600,315641
2021-05-07,36.70500000,37.68000000,34.05100000,36.02400000,4819771.11100000,173259309.26064000,294832
2021-05-08,36.03600000,39.35000000,35.64000000,37.02800000,4517835.78300000,170305283.94590500,267762
2021-05-09,37.02100000,39.90000000,36.08000000,38.30300000,4787319.63200000,183063151.02425000,253001
2021-05-10,38.33300000,40.64200000,35.00000000,35.98200000,5089710.57700000,194050667.95858700,295415
2021-05-11,36.00000000,37.12800000,34.70000000,36.81400000,3322016.24600000,119659610.86740600,184843
2021-05-12,36.81200000,37.19900000,29.09000000,29.30300000,6969563.20500000,236952589.39847100,354013
2021-05-13,29.41000000,33.65200000,27.29900000,29.56600000,9419855.26100000,286053838.25222200,437142
2021-05-14,29.56400000,33.00000000,29.00000000,31.63800000,4922547.01000000,154248509.02257200,259231
2021-05-15,31.63900000,32.12300000,28.30000000,28.63300000,4200997.90400000,126420004.65921200,200793
2021-05-16,28.64300000,32.50000000,27.12000000,29.20000000,5288166.10000000,158419814.06247200,250413
2021-05-17,29.19900000,29.25000000,24.14700000,26.73000000,7599512.98000000,203810290.69900900,317403
2021-05-18,26.76600000,29.07400000,25.90000000,26.97700000,6341959.62300000,174375000.36662700,249348
2021-05-19,26.97700000,27.64100000,14.70000000,15.66500000,20914305.21500000,436195862.62452300,597422
2021-05-20,15.66300000,22.50000000,13.62500000,20.18100000,21425201.95600000,389397240.58239600,538987
2021-05-21,20.17400000,21.69800000,13.50000000,16.82600000,15353478.94900000,267560938.40880400,452644
2021-05-22,16.80400000,17.50000000,14.07600000,15.14200000,9987589.37300000,157603543.38481600,331533
2021-05-23,15.16600000,15.92900000,9.44700000,12.71600000,20870721.55800000,248621182.39153800,480506
2021-05-24,12.69700000,18.44400000,12.67100000,17.81300000,19763702.83800000,307108882.45595300,483959
2021-05-25,17.81300000,19.40000000,15.15000000,17.70000000,13979950.65600000,238476847.28867200,396931
2021-05-26,17.69500000,20.10000000,17.34600000,19.30600000,10285734.31600000,194325944.31943900,369128
2021-05-27,19.31000000,19.67700000,17.02200000,18.22000000,10220779.10000000,188587293.72910900,290427
2021-05-28,18.22300000,18.49200000,15.10200000,15.89700000,8767794.28400000,144262857.21746500,262884
2021-05-29,15.91600000,16.85500000,13.93400000,14.67500000,6453417.49000000,99537085.95759900,172863
2021-05-30,14.68200000,16.54700000,13.81200000,15.87500000,6706109.31100000,104584362.60990500,189970
2021-05-31,15.86500000,18.31200000,14.90000000,17.92600000,7620027.17100000,127562966.32691200,223581
2021-06-01,17.92600000,18.50000000,16.91600000,17.84200000,6206430.06400000,109866079.63784000,197343
2021-06-02,17.84200000,20.58700000,17.28000000,19.25900000,7629440.97800000,146554323.04202200,282202
2021-06-03,19.25100000,21.52800000,18.83900000,21.18000000,6337765.24200000,128410206.33238100,236802
2021-06-04,21.18000000,21.25800000,17.68800000,19.08100000,7892052.87300000,149415848.48170000,251270
2021-06-05,19.07500000,21.07300000,18.09200000,18.95400000,7006090.92000000,137892546.48565500,237074
2021-06-06,18.95100000,19.47900000,18.04600000,18.81900000,5068058.84700000,94853542.85028100,146625
2021-06-07,18.81400000,20.38100000,16.90700000,17.01000000,8449100.66700000,161184266.81008800,238974
2021-06-08,17.01100000,17.51700000,15.26100000,16.99700000,9475448.29600000,156925042.69044700,241831
2021-06-09,16.98500000,18.62000000,16.06600000,18.43100000,6860910.43300000,119839969.96992100,197922
2021-06-10,18.43100000,18.60300000,16.60000000,16.76900000,6742342.87900000,119486028.63722100,155166
2021-06-11,16.76900000,17.50000000,15.69600000,15.96000000,5145506.17000000,86099454.40438700,130596
2021-06-12,15.95000000,16.28900000,15.00000000,15.71900000,4507143.17100000,70454727.54323900,110652
2021-06-13,15.72200000,17.13000000,15.13700000,16.83000000,4096956.65400000,65181455.11953600,104821
2021-06-14,16.84200000,17.80000000,16.36800000,17.30100000,4519080.15600000,77104129.03266700,122148
2021-06-15,17.31100000,18.04200000,16.98800000,17.17500000,3692440.40900000,64411394.26029100,104147
2021-06-16,17.17700000,17.18500000,15.62300000,16.00000000,3577095.76600000,58555775.26314400,98395
2021-06-17,15.98700000,16.86700000,15.82800000,16.17500000,2862979.64800000,46758530.57450100,79355
2021-06-18,16.17600000,16.47900000,15.02000000,15.64000000,3132385.59000000,49263914.07464900,89198
2021-06-19,15.63000000,15.84600000,15.17200000,15.38700000,2379089.78900000,36964341.47244800,62399
2021-06-20,15.38600000,16.09800000,14.32900000,15.98200000,3530269.46300000,53872335.41044800,94128
2021-06-21,15.98200000,16.09600000,12.00100000,12.08600000,6963955.65200000,97380034.95634400,168671
2021-06-22,12.07700000,14.00000000,9.64400000,12.00900000,14030475.67300000,161249870.85852800,309352
2021-06-23,12.00900000,14.46800000,11.39900000,13.61000000,7156917.16000000,94901262.97964100,157748
2021-06-24,13.62100000,14.20000000,12.75800000,13.81500000,3800934.31700000,51460223.20537900,92827
2021-06-25,13.81700000,14.05900000,11.78100000,12.18100000,4497421.81600000,57492360.68868800,112283
2021-06-26,12.18900000,12.67700000,11.35800000,12.26100000,4045805.76900000,48346360.19575500,92091
2021-06-27,12.26000000,13.04900000,11.84900000,13.02100000,3069749.89400000,38012043.67951500,74051
2021-06-28,13.02100000,13.67900000,12.60200000,13.30100000,3285417.58600000,43040588.33986200,82195
2021-06-29,13.30300000,14.44100000,13.26000000,13.81400000,3699194.73100000,51546863.55979600,99079
2021-06-30,13.80900000,13.90100000,12.71200000,13.83600000,3131838.34500000,41947846.78924500,81571
2021-07-01,13.84600000,13.90000000,12.59400000,12.84100000,2600057.44700000,33850064.10527000,61943
2021-07-02,12.82700000,13.00000000,12.39900000,12.98200000,1764639.50800000,22419370.33179100,43962
2021-07-03,12.98200000,13.86000000,12.63900000,13.56800000,2157096.82100000,28914095.81137400,59625
2021-07-04,13.56800000,14.64200000,13.31900000,14.16300000,2593319.43100000,36425241.85440000,80326
2021-07-05,14.15900000,14.45900000,13.24600000,14.03700000,3593623.18500000,49678341.02007900,85704
2021-07-06,14.04300000,15.86900000,13.99100000,15.45900000,6633076.51500000,99700784.67471500,160763
2021-07-07,15.45900000,16.31700000,15.08700000,15.19100000,5421297.69800000,85621002.96473400,148802
2021-07-08,15.18400000,15.27800000,14.06500000,14.27800000,3773997.68600000,55043236.73576300,99188
2021-07-09,14.27800000,14.69600000,13.70000000,14.57700000,2729916.78700000,38637826.05448500,70637
2021-07-10,14.57700000,15.30100000,14.28300000,14.95900000,3363103.93000000,49721121.28559900,77913
2021-07-11,14.95900000,15.42900000,14.62100000,15.14400000,2451158.69300000,36894144.86202000,68684
2021-07-12,15.14900000,15.97900000,14.47200000,14.84900000,3142004.42400000,47716070.51532200,92220
2021-07-13,14.85000000,15.13300000,14.23100000,14.47100000,2224696.06100000,32544837.30529200,69809
2021-07-14,14.47800000,14.53400000,13.29800000,14.00800000,4040724.70000000,55767137.44112700,87644
2021-07-15,14.01200000,14.57800000,13.51000000,13.69700000,3385693.33200000,47098161.51320500,80611
2021-07-16,13.69900000,14.02200000,12.79500000,12.81600000,3283178.65700000,43697912.82283300,70301
2021-07-17,12.81700000,13.01200000,12.38600000,12.74600000,2293328.72200000,29016526.06544800,52951
2021-07-18,12.73700000,13.30000000,12.68300000,12.93000000,1607492.09200000,20958302.19647600,39267
2021-07-19,12.93000000,12.99800000,12.00000000,12.03600000,2341038.27300000,28952682.22398100,54871
2021-07-20,12.02300000,12.18300000,10.85000000,11.22600000,4069818.52900000,46087246.76119900,85441
2021-07-21,11.23600000,13.31700000,11.08100000,12.95000000,4095065.13500000,50638958.47226100,90496
2021-07-22,12.94500000,13.23400000,12.60800000,13.00500000,2747946.75200000,35636588.67088900,59225
2021-07-23,13.00900000,13.89000000,12.66200000,13.76800000,3360031.74800000,44173566.22404100,77575
2021-07-24,13.75800000,14.34000000,13.40000000,14.03000000,3770225.92800000,52372946.11653700,82185
2021-07-25,14.03600000,14.12900000,13.37600000,13.92400000,2166843.18900000,29756795.66466800,51408
2021-07-26,13.92300000,15.50000000,13.86600000,14.26000000,5585887.23100000,82510587.22124700,155964
2021-07-27,14.25400000,14.92400000,13.83000000,14.74000000,3358565.38800000,48274480.29861100,86906
2021-07-28,14.74200000,15.19900000,14.50500000,14.91800000,3360325.67800000,49953256.37714500,87915
2021-07-29,14.91400000,15.01600000,14.63300000,14.93600000,2090161.48800000,30972201.60174000,49762
2021-07-30,14.93100000,15.34900000,14.30000000,15.17500000,3609392.33700000,53432552.17452200,90178
2021-07-31,15.16500000,16.27300000,15.01600000,15.95700000,4096756.19500000,63979189.17495600,110459
2021-08-01,15.98700000,16.94900000,15.80000000,16.00300000,4263342.27800000,70138003.71281700,120499
2021-08-02,16.01000000,16.43900000,15.40000000,15.85600000,2919038.86800000,46596679.89067800,76441
2021-08-03,15.85200000,16.37500000,15.50000000,16.26600000,4202508.46000000,67298907.99797600,99930
2021-08-04,16.27300000,17.84900000,15.84800000,17.53800000,3857815.85700000,64544391.90198400,123620
2021-08-05,17.52700000,17.76100000,16.38700000,17.45000000,4715913.84200000,80609832.91485900,123903
2021-08-06,17.45300000,18.30000000,16.96500000,18.10100000,3601309.94400000,63541002.38496500,113217
2021-08-07,18.10000000,18.77400000,17.50100000,18.20500000,4582929.33400000,83339943.35086400,139070
2021-08-08,18.21400000,18.50900000,17.09200000,17.37600000,3333841.45100000,59454277.83878700,95136
2021-08-09,17.37600000,18.61800000,16.98000000,18.30700000,3332805.84000000,60151368.74858400,106458
2021-08-10,18.31900000,19.27400000,17.96100000,18.84800000,3285023.00000000,61049317.23380900,126520
2021-08-11,18.85000000,20.58100000,18.80800000,19.63600000,3759543.46100000,74396844.34889700,171758
2021-08-12,19.63400000,20.41300000,18.61200000,19.47100000,3610292.79100000,69811432.89551400,149811
2021-08-13,19.47000000,21.10000000,19.29900000,21.08000000,2668670.63400000,54372368.98269600,163998
2021-08-14,21.08000000,21.49000000,20.00000000,20.68100000,2901749.22900000,60226600.53634200,147920
2021-08-15,20.68200000,21.06900000,19.95800000,21.06000000,2266433.84600000,46252280.57406900,105214
2021-08-16,21.06900000,22.58200000,20.93200000,21.33000000,4447453.26900000,96945592.38172500,254642
2021-08-17,21.32600000,23.70000000,21.03100000,21.41800000,6060341.84500000,136368721.80148400,283708
2021-08-18,21.43400000,22.38700000,20.55000000,21.35200000,4617673.39900000,99153711.65632200,167294
2021-08-19,21.34800000,23.00000000,20.65000000,22.42800000,3985536.31600000,85464215.58356000,140073
2021-08-20,22.43600000,24.46500000,21.77500000,24.32000000,4687443.31000000,108130092.06463900,246064
2021-08-21,24.32900000,24.39000000,23.25600000,23.62300000,3040232.93900000,72525799.67344600,146642
2021-08-22,23.63000000,23.86100000,22.73500000,23.53000000,2683349.31900000,62689881.42568200,101222
2021-08-23,23.50300000,26.00000000,23.39700000,25.21700000,5217213.87200000,130565550.65095700,308127
2021-08-24,25.20300000,25.58000000,23.03800000,23.65500000,4181711.63200000,101979604.61514900,164386
2021-08-25,23.66000000,26.40000000,23.50500000,25.96200000,5796462.34200000,145559070.74092100,272991
2021-08-26,25.95900000,26.60000000,24.26100000,24.83000000,4873004.24800000,122758992.03561400,190019
2021-08-27,24.85000000,26.28000000,24.19000000,26.14000000,3586862.16700000,90509618.15700500,137090
2021-08-28,26.14000000,26.22000000,25.30000000,25.47000000,2046061.78000000,52644356.66170000,58313
2021-08-29,25.47000000,25.94000000,24.88000000,25.19000000,1754023.21000000,44400868.82630000,60427
2021-08-30,25.19000000,25.50000000,23.01000000,23.20000000,3578820.28300000,86602022.40219800,121463
2021-08-31,23.21000000,23.86000000,22.41000000,22.89000000,4147487.23200000,95973377.97933500,128460
2021-09-01,22.89000000,24.22000000,21.59000000,24.18000000,4444901.43900000,101946376.56957000,161584
2021-09-02,24.18000000,24.94000000,22.80000000,23.47000000,3188598.02000000,76434070.72670000,129453
2021-09-03,23.47000000,24.00000000,23.01000000,23.44000000,3076406.17000000,72285299.51400000,91951
2021-09-04,23.43000000,24.60000000,23.20000000,24.11000000,2950917.15000000,70537827.54370000,108277
2021-09-05,24.12000000,24.56000000,22.91000000,24.47000000,2827413.02000000,67524071.28570000,101347
2021-09-06,24.47000000,25.37000000,23.94000000,24.56000000,3995777.95000000,98423492.72160000,160292
2021-09-07,24.55000000,24.90000000,18.35000000,20.80000000,7489868.48700000,165138331.91839800,200327
2021-09-08,20.80000000,20.88000000,17.78000000,20.13000000,6595249.58400000,129328150.31833500,146580
2021-09-09,20.13000000,21.27000000,19.50000000,20.53000000,3520483.30000000,71338518.53070000,107562
2021-09-10,20.54000000,21.50000000,18.60000000,19.07000000,3590862.37000000,72068408.41430000,101789
2021-09-11,19.07000000,20.12000000,18.98000000,19.61000000,1985649.22000000,39063735.07500000,60862
2021-09-12,19.60000000,20.75000000,19.30000000,20.42000000,1880112.88000000,37991355.46180000,72492
2021-09-13,20.42000000,20.61000000,18.50000000,19.41000000,3331210.07000000,64125090.98180000,90360
2021-09-14,19.41000000,20.84000000,19.23000000,20.83000000,2181602.59000000,43530743.31070000,78719
2021-09-15,20.83000000,22.85000000,20.53000000,22.58000000,4198615.66000000,92042666.39690000,182256
2021-09-16,22.59000000,23.10000000,21.87000000,22.32000000,3351162.07000000,75547350.12190000,137757
2021-09-17,22.32000000,22.37000000,21.06000000,21.32000000,2391811.88000000,51932302.17150000,74054
2021-09-18,21.33000000,23.02000000,21.08000000,22.41000000,2646583.15000000,59465956.57210000,103104
2021-09-19,22.41000000,23.90000000,21.87000000,22.78000000,3578566.33000000,81806039.90470000,167449
2021-09-20,22.78000000,22.86000000,18.70000000,19.13000000,6961988.79000000,141332365.36460000,206821
2021-09-21,19.14000000,20.12000000,17.41000000,17.90000000,5557425.15800000,104871749.28611200,143179
2021-09-22,17.90000000,20.25000000,17.76000000,20.21000000,3649961.67000000,70064435.02600000,98365
2021-09-23,20.22000000,20.56000000,19.53000000,20.07000000,2458788.16000000,49334122.08990000,75547
2021-09-24,20.08000000,20.45000000,17.30000000,18.86000000,5061106.95400000,93723310.21725300,141824
2021-09-25,18.86000000,19.11000000,17.86000000,18.49000000,1955473.14000000,36181272.15880000,55270
2021-09-26,18.49000000,19.70000000,16.89000000,18.64000000,5207815.25800000,95211666.87646800,123116
2021-09-27,18.63000000,19.80000000,18.38000000,18.41000000,3871579.94000000,73996716.18860000,94891
2021-09-28,18.42000000,18.71000000,18.00000000,18.11000000,2406071.09000000,44130222.85200000,58780
2021-09-29,18.11000000,19.61000000,17.98000000,18.53000000,2902330.43000000,54501135.43640000,77322
2021-09-30,18.55000000,19.37000000,18.41000000,18.91000000,2554039.04000000,48015814.96110000,66857
2021-10-01,18.91000000,20.10000000,18.59000000,19.96000000,3391912.85000000,66147527.18320000,117178
2021-10-02,19.95000000,20.45000000,19.41000000,19.95000000,2176767.99000000,43572642.91320000,82557
2021-10-03,19.95000000,20.24000000,19.50000000,19.68000000,2009218.99000000,39879245.74450000,69203
2021-10-04,19.68000000,19.70000000,18.82000000,19.30000000,2187223.78000000,42203783.09630000,77129
2021-10-05,19.29000000,20.04000000,19.01000000,19.96000000,2398101.11000000,46713727.29740000,92737
2021-10-06,19.96000000,20.00000000,18.57000000,19.75000000,3342607.05000000,64973111.29400000,116498
2021-10-07,19.75000000,21.29000000,19.25000000,19.42000000,5300729.44000000,106399647.89300000,209903
2021-10-08,19.44000000,20.21000000,18.70000000,19.57000000,3610542.73000000,70503267.45020000,125779
2021-10-09,19.58000000,19.97000000,19.40000000,19.67000000,1480726.03000000,29243392.82010000,46030
2021-10-10,19.68000000,19.69000000,18.52000000,18.61000000,2095363.87000000,40152253.89810000,63448
2021-10-11,18.61000000,19.50000000,18.40000000,18.80000000,2050080.08000000,39004263.69490000,65644
2021-10-12,18.80000000,19.49000000,17.71000000,19.47000000,5122716.60000000,96322983.62930000,125958
2021-10-13,19.47000000,21.16000000,19.32000000,20.31000000,10552343.36000000,214339786.64150000,319990
2021-10-14,20.32000000,20.95000000,19.70000000,19.91000000,4647207.19000000,94179429.00290000,141715
2021-10-15,19.92000000,20.14000000,19.18000000,19.84000000,3163031.87000000,62315385.24530000,98128
2021-10-16,19.84000000,20.10000000,19.50000000,19.75000000,2022567.90000000,40099767.04030000,63220
2021-10-17,19.76000000,19.87000000,19.00000000,19.49000000,1779699.51000000,34802008.31710000,56279
2021-10-18,19.50000000,19.87000000,19.33000000,19.84000000,1891373.34000000,37263730.34680000,62901
2021-10-19,19.84000000,20.39000000,19.76000000,20.14000000,2494818.79000000,49979549.58520000,89100
2021-10-20,20.14000000,21.00000000,19.74000000,20.42000000,2992996.91000000,60364771.47410000,107370
2021-10-21,20.42000000,20.74000000,19.64000000,19.89000000,3893480.02000000,78664642.95250000,149795
2021-10-22,19.89000000,20.60000000,19.56000000,19.77000000,3274823.54000000,65668980.72230000,109074
2021-10-23,19.77000000,19.96000000,19.50000000,19.87000000,1419308.17000000,28082092.68010000,46508
2021-10-24,19.88000000,20.10000000,19.28000000,19.47000000,1898217.72000000,37474818.93810000,55733
2021-10-25,19.47000000,20.13000000,19.40000000,19.86000000,2051111.98000000,40775145.52500000,58006
2021-10-26,19.86000000,19.98000000,19.31000000,19.36000000,2248295.81000000,44382914.33750000,69797
2021-10-27,19.36000000,19.54000000,18.00000000,18.07000000,4111008.07000000,76258727.17360000,132093
2021-10-28,18.07000000,18.66000000,17.76000000,18.23000000,3619394.53000000,65875625.50480000,103394
2021-10-29,18.23000000,18.96000000,17.53000000,18.60000000,3968269.91000000,72125799.47440000,144674
2021-10-30,18.60000000,18.90000000,17.68000000,18.02000000,2900668.44000000,52453392.04810000,98240
2021-10-31,18.02000000,18.16000000,17.27000000,17.65000000,2548915.88000000,45013683.37070000,99964
2021-11-01,17.66000000,18.53000000,17.28000000,18.44000000,3451795.10000000,62134425.35860000,133206
2021-11-02,18.45000000,18.88000000,17.85000000,18.52000000,3182116.10000000,58664155.09770000,126695
2021-11-03,18.51000000,19.07000000,17.93000000,18.96000000,3139688.42000000,57993033.18160000,139491
2021-11-04,18.96000000,19.65000000,18.46000000,18.81000000,5197777.09000000,98645758.61920000,238014
2021-11-05,18.82000000,20.50000000,18.60000000,19.44000000,5253333.13000000,103195960.02420000,277363
2021-11-06,19.45000000,19.63000000,18.69000000,19.23000000,2446624.46000000,46913202.57840000,96513
2021-11-07,19.23000000,20.52000000,19.05000000,20.22000000,4859471.94000000,97241639.36300000,234953
2021-11-08,20.22000000,20.31000000,19.56000000,20.11000000,3346560.74000000,66798246.89040000,150146
2021-11-09,20.11000000,20.22000000,19.70000000,19.74000000,2641339.50000000,52646169.12820000,96586
2021-11-10,19.76000000,19.86000000,17.50000000,18.34000000,4651313.94000000,88004414.21920000,194579
2021-11-11,18.35000000,19.19000000,18.00000000,18.82000000,2601271.10000000,48571292.88530000,133324
2021-11-12,18.82000000,19.00000000,17.89000000,18.26000000,2008109.03000000,36908029.57210000,93323
2021-11-13,18.27000000,18.70000000,18.03000000,18.44000000,1552927.89000000,28519251.42920000,64826
2021-11-14,18.44000000,18.56000000,17.98000000,18.39000000,1770872.00000000,32303128.06840000,72785
2021-11-15,18.40000000,19.13000000,18.33000000,18.51000000,2032560.32000000,37959673.68920000,112819
2021-11-16,18.51000000,18.52000000,16.55000000,16.83000000,6039607.45800000,106563795.24932300,206764
2021-11-17,16.83000000,16.95000000,15.88000000,16.49000000,3856846.35900000,63133258.14380500,125947
2021-11-18,16.48000000,16.82000000,14.05000000,14.81000000,5657451.44500000,86673677.84777800,169042
2021-11-19,14.82000000,16.22000000,14.58000000,15.96000000,2217357.25000000,34414945.28990000,89377
2021-11-20,15.96000000,16.22000000,15.22000000,15.86000000,1723121.42000000,27095852.36350000,80571
2021-11-21,15.87000000,16.07000000,15.00000000,15.24000000,2794706.34000000,42952683.41050000,108370
2021-11-22,15.24000000,15.79000000,14.61000000,14.93000000,2685728.80000000,40910473.79470000,128120
2021-11-23,14.93000000,15.37000000,14.63000000,14.79000000,2505076.36000000,37384066.32760000,97487
2021-11-24,14.81000000,14.88000000,13.64000000,13.96000000,3645674.95900000,51710286.03249200,116884
2021-11-25,13.96000000,14.64000000,13.80000000,14.42000000,3172863.78000000,45366761.12350000,121227
2021-11-26,14.42000000,14.69000000,12.00000000,12.85000000,6777353.53400000,87799983.29093200,204342
2021-11-27,12.85000000,13.63000000,12.79000000,13.12000000,2620849.01000000,34633570.26630000,96065
2021-11-28,13.12000000,13.53000000,12.48000000,13.52000000,2589018.67000000,33567243.93660000,82156
2021-11-29,13.53000000,14.77000000,13.30000000,14.56000000,3273571.75000000,46389550.85730000,150064
2021-11-30,14.56000000,14.74000000,13.68000000,14.01000000,2824573.30000000,39968866.12770000,115819
2021-12-01,14.03000000,14.67000000,13.30000000,13.46000000,4191008.91000000,58527892.49720000,143583
2021-12-02,13.47000000,13.53000000,13.00000000,13.14000000,2347515.55000000,30963559.05880000,83941
2021-12-03,13.13000000,13.31000000,12.18000000,12.55000000,2575593.52000000,33177020.25100000,98544
2021-12-04,12.55000000,12.77000000,10.00000000,11.59000000,5998944.61300000,67338364.09301300,201677
2021-12-05,11.59000000,11.77000000,10.57000000,11.13000000,3314420.99000000,36604038.13850000,94978
2021-12-06,11.14000000,12.45000000,10.87000000,12.29000000,6270382.93000000,73697870.60800000,169402
2021-12-07,12.29000000,12.62000000,11.96000000,12.09000000,2784115.55000000,34250733.48850000,91193
2021-12-08,12.10000000,12.49000000,11.62000000,12.48000000,2400093.60000000,28906467.47580000,78118
2021-12-09,12.49000000,12.60000000,11.37000000,11.42000000,2351065.91000000,27975830.00330000,76131
2021-12-10,11.42000000,11.68000000,10.66000000,10.75000000,2374030.99000000,26684420.89030000,68843
2021-12-11,10.74000000,11.38000000,10.71000000,11.32000000,1808440.44000000,20069689.50980000,55396
2021-12-12,11.33000000,11.68000000,11.17000000,11.64000000,1306654.17000000,14926408.45070000,44256
2021-12-13,11.63000000,12.20000000,10.74000000,10.93000000,3263052.62000000,37326244.66620000,104574
2021-12-14,10.93000000,12.66000000,10.85000000,12.53000000,4393490.53000000,52390432.58760000,147987
2021-12-15,12.53000000,13.50000000,11.94000000,13.16000000,5726562.82000000,73637803.29840000,234848
2021-12-16,13.16000000,13.44000000,12.51000000,12.57000000,2526856.52000000,32397247.09790000,84646
2021-12-17,12.57000000,12.80000000,11.69000000,12.42000000,2415008.39000000,29661998.81450000,78022
2021-12-18,12.43000000,12.89000000,12.19000000,12.65000000,1872184.25000000,23677729.19320000,58857
2021-12-19,12.66000000,12.88000000,12.25000000,12.51000000,1696759.33000000,21271260.61450000,50696
2021-12-20,12.51000000,12.70000000,11.80000000,12.07000000,1968717.61000000,23989868.11020000,71011
2021-12-21,12.08000000,12.49000000,11.79000000,12.00000000,2617862.95000000,31508963.36090000,87269
2021-12-22,12.01000000,12.11000000,11.83000000,11.85000000,1905872.23000000,22836511.08700000,55275
2021-12-23,11.85000000,12.48000000,11.51000000,12.25000000,2933683.41000000,35107971.26000000,101040
2021-12-24,12.25000000,12.60000000,12.12000000,12.35000000,2529727.82000000,31277519.38860000,88263
2021-12-25,12.35000000,12.55000000,12.15000000,12.28000000,1562312.38000000,19246958.71740000,45734
2021-12-26,12.28000000,12.92000000,11.96000000,12.83000000,2181805.42000000,27081888.36790000,78882
2021-12-27,12.83000000,13.37000000,12.48000000,13.12000000,3065408.58000000,39704548.09070000,115686
2021-12-28,13.13000000,13.13000000,12.00000000,12.20000000,2599808.63000000,32649133.48110000,87688
2021-12-29,12.21000000,12.41000000,11.53000000,11.83000000,1972638.69000000,23711475.14320000,56815
2021-12-30,11.83000000,12.26000000,11.71000000,12.02000000,1554590.08000000,18716444.98990000,44951
2021-12-31,12.03000000,12.15000000,11.56000000,11.74000000,1636714.77000000,19432420.07900000,49357
2022-01-01,11.74000000,12.09000000,11.72000000,12.04000000,992893.03000000,11859823.81720000,27552
2022-01-02,12.05000000,12.60000000,11.80000000,12.34000000,1342659.89000000,16415297.42470000,57283
2022-01-03,12.34000000,12.57000000,12.01000000,12.14000000,1551242.97000000,19003480.74930000,51109
2022-01-04,12.14000000,12.33000000,11.87000000,12.01000000,1751258.85000000,21230234.15330000,52156
2022-01-05,12.02000000,12.20000000,11.00000000,11.28000000,2433723.79000000,28514404.13520000,72511
2022-01-06,11.26000000,11.46000000,10.75000000,11.08000000,2212949.12000000,24536504.77280000,60229
2022-01-07,11.07000000,11.10000000,10.11000000,10.44000000,2782761.51000000,29227480.31550000,74222
2022-01-08,10.44000000,11.15000000,10.02000000,10.22000000,2546949.78000000,26725557.45330000,61659
2022-01-09,10.22000000,10.97000000,10.13000000,10.75000000,1526769.26000000,16116261.18970000,43008
2022-01-10,10.75000000,10.94000000,10.00000000,10.38000000,2289605.23000000,23846384.47410000,61376
2022-01-11,10.38000000,11.14000000,10.27000000,10.90000000,2075667.10000000,22469673.68550000,63171
2022-01-12,10.90000000,11.36000000,10.66000000,11.32000000,2017692.04000000,22299089.77350000,59390
2022-01-13,11.32000000,11.38000000,10.75000000,10.91000000,1926547.03000000,21322380.49230000,56956
2022-01-14,10.91000000,11.40000000,10.81000000,11.29000000,1530724.62000000,16978563.07830000,52675
2022-01-15,11.30000000,11.91000000,11.20000000,11.72000000,1889426.13000000,21880686.23290000,69351
2022-01-16,11.73000000,12.18000000,11.61000000,12.05000000,1761753.39000000,21004563.92730000,64124
2022-01-17,12.04000000,12.13000000,11.05000000,11.28000000,2632809.96000000,30277231.57250000,85900
2022-01-18,11.28000000,11.42000000,10.53000000,10.90000000,2206764.29000000,24013394.16770000,63759
2022-01-19,10.91000000,10.91000000,10.25000000,10.57000000,1643262.52000000,17489096.70780000,44763
2022-01-20,10.58000000,11.10000000,10.23000000,10.27000000,2318071.92000000,24908188.08330000,64703
2022-01-21,10.26000000,10.39000000,8.72000000,8.92000000,4838711.06800000,47067989.99968800,110433
2022-01-22,8.93000000,9.06000000,6.81000000,7.52000000,9486924.83600000,72401530.89409800,162577
2022-01-23,7.53000000,8.67000000,7.47000000,8.17000000,3653252.51000000,29299715.84330000,74232
2022-01-24,8.17000000,8.17000000,6.81000000,7.63000000,5641139.72000000,41321438.53290000,96899
2022-01-25,7.63000000,7.88000000,7.24000000,7.66000000,2519958.11000000,19033505.55200000,48966
2022-01-26,7.66000000,8.03000000,7.23000000,7.46000000,3777243.15000000,29087570.67980000,72195
2022-01-27,7.46000000,7.53000000,6.86000000,7.20000000,3913747.29000000,28053013.84160000,66077
2022-01-28,7.20000000,7.30000000,6.87000000,7.14000000,3441506.75000000,24353320.72590000,56088
2022-01-29,7.15000000,7.42000000,7.07000000,7.23000000,1950104.63000000,14102737.88870000,43789
2022-01-30,7.24000000,7.63000000,7.14000000,7.39000000,2487481.04000000,18287732.83560000,52921
2022-01-31,7.39000000,7.60000000,7.08000000,7.39000000,2256922.92000000,16610368.30500000,44793
2022-02-01,7.39000000,7.78000000,7.37000000,7.69000000,2098750.70000000,16016012.34040000,47065
2022-02-02,7.69000000,7.72000000,7.20000000,7.24000000,2076318.75000000,15507434.24110000,36412
2022-02-03,7.24000000,7.29000000,7.00000000,7.24000000,1857397.05000000,13286741.42590000,35728
2022-02-04,7.25000000,7.87000000,7.16000000,7.84000000,2376832.77000000,17858970.88360000,49412
2022-02-05,7.85000000,8.33000000,7.74000000,7.91000000,3390399.70000000,27096831.14690000,76283
2022-02-06,7.91000000,8.37000000,7.82000000,8.26000000,2235725.97000000,17922240.02800000,54506
2022-02-07,8.26000000,8.58000000,8.07000000,8.49000000,3081394.35000000,25810715.56990000,70051
2022-02-08,8.48000000,8.72000000,7.82000000,7.96000000,3335782.26000000,27365035.07810000,78268
2022-02-09,7.97000000,8.40000000,7.94000000,8.21000000,2486588.50000000,20345585.34710000,49444
2022-02-10,8.20000000,8.46000000,7.93000000,8.06000000,2923310.56000000,23988136.87700000,64325
2022-02-11,8.05000000,8.30000000,7.64000000,7.76000000,2375897.93000000,19061420.97870000,51269
2022-02-12,7.76000000,7.92000000,7.65000000,7.81000000,1614716.09000000,12583539.30470000,30585
2022-02-13,7.82000000,8.19000000,7.75000000,8.01000000,1455481.17000000,11508167.22450000,31431
2022-02-14,8.00000000,8.07000000,7.79000000,8.03000000,1719472.49000000,13647728.19000000,34012
2022-02-15,8.03000000,8.59000000,8.00000000,8.31000000,2201565.80000000,18236381.33900000,55775
2022-02-16,8.31000000,8.32000000,8.08000000,8.22000000,1423146.44000000,11689403.72510000,28188
2022-02-17,8.22000000,8.30000000,7.76000000,7.84000000,1615227.05000000,13032823.72260000,37154
2022-02-18,7.84000000,8.04000000,7.63000000,7.71000000,1674338.58000000,13092310.07260000,37270
2022-02-19,7.72000000,7.86000000,7.46000000,7.77000000,1473516.54000000,11325900.71700000,29702
2022-02-20,7.76000000,7.77000000,7.26000000,7.35000000,1517260.00000000,11258062.19790000,30753
2022-02-21,7.35000000,7.78000000,6.85000000,6.87000000,2813144.11000000,20572688.78110000,60573
2022-02-22,6.87000000,7.20000000,6.66000000,7.18000000,2386328.48700000,16513100.15972000,54144
2022-02-23,7.17000000,7.25000000,6.81000000,6.83000000,1955712.54000000,13848548.79820000,42230
2022-02-24,6.83000000,6.88000000,5.57000000,6.31000000,5795020.55800000,35127803.35581400,112280
2022-02-25,6.31000000,6.68000000,6.26000000,6.61000000,1942761.70000000,12513111.86800000,47401
2022-02-26,6.61000000,6.80000000,6.42000000,6.49000000,1683088.87000000,11043215.16720000,34979
2022-02-27,6.50000000,6.71000000,6.15000000,6.21000000,1931848.28000000,12447640.60810000,41170
2022-02-28,6.22000000,6.86000000,6.15000000,6.85000000,2181744.54000000,14195764.55360000,48661
2022-03-01,6.85000000,7.12000000,6.66000000,6.77000000,3483361.79000000,23834825.66790000,69485
2022-03-02,6.77000000,6.91000000,6.61000000,6.83000000,2452207.59000000,16535701.49730000,47989
2022-03-03,6.83000000,6.90000000,6.49000000,6.58000000,1797403.48000000,12036129.19320000,34898
2022-03-04,6.58000000,6.59000000,5.90000000,5.99000000,2173723.34000000,13635697.97260000,44555
2022-03-05,5.99000000,6.25000000,5.87000000,6.20000000,1204227.66000000,7298223.97470000,24087
2022-03-06,6.20000000,6.26000000,5.96000000,6.08000000,1568121.63000000,9581254.67400000,29579
2022-03-07,6.09000000,6.20000000,5.85000000,6.04000000,2016284.19000000,12150888.09080000,41998
2022-03-08,6.04000000,6.09000000,5.90000000,5.98000000,1537757.36000000,9243513.11010000,31634
2022-03-09,5.98000000,6.42000000,5.96000000,6.24000000,2430313.52000000,15109780.10540000,44977
2022-03-10,6.23000000,6.27000000,5.87000000,6.15000000,2505970.95000000,15121889.32820000,44653
2022-03-11,6.14000000,6.16000000,5.86000000,5.92000000,2056162.38000000,12348283.37100000,33507
2022-03-12,5.92000000,6.05000000,5.89000000,5.96000000,790079.51000000,4728483.38180000,17519
2022-03-13,5.96000000,6.00000000,5.73000000,5.75000000,1424749.78000000,8379095.76030000,28132
2022-03-14,5.74000000,5.91000000,5.55000000,5.73000000,1804836.76000000,10330656.72710000,31836
2022-03-15,5.73000000,5.75000000,5.31000000,5.51000000,2794796.06100000,15314029.11280400,41530
2022-03-16,5.50000000,5.63000000,5.30000000,5.59000000,3825505.83000000,20954996.30210000,54576
2022-03-17,5.58000000,7.33000000,5.53000000,6.75000000,19313013.88000000,127154572.73620000,311788
2022-03-18,6.76000000,6.76000000,6.04000000,6.37000000,6471282.11000000,40917061.00610000,96517
2022-03-19,6.38000000,6.58000000,6.25000000,6.46000000,3706266.51000000,23760883.23770000,57430
2022-03-20,6.46000000,6.48000000,6.14000000,6.26000000,2160926.09000000,13579523.28470000,34770
2022-03-21,6.26000000,6.69000000,6.20000000,6.58000000,3769251.10000000,24548280.69910000,69136
2022-03-22,6.57000000,6.99000000,6.53000000,6.94000000,3149009.04000000,21435779.95820000,57082
2022-03-23,6.94000000,6.99000000,6.68000000,6.93000000,2654045.93000000,18116932.66000000,49695
2022-03-24,6.93000000,7.17000000,6.85000000,7.14000000,2695468.16000000,18869594.27260000,53863
2022-03-25,7.14000000,7.54000000,7.00000000,7.06000000,3954827.95000000,28588277.13870000,87105
2022-03-26,7.06000000,7.40000000,6.92000000,7.33000000,2266261.89000000,16257783.90740000,48127
2022-03-27,7.32000000,8.10000000,7.32000000,8.09000000,3241181.60000000,24843912.96120000,88354
2022-03-28,8.08000000,8.50000000,7.91000000,8.01000000,4603214.63000000,37872833.91190000,118154
2022-03-29,8.02000000,8.88000000,8.00000000,8.67000000,5132619.74000000,43994933.29220000,125414
2022-03-30,8.67000000,8.87000000,8.23000000,8.76000000,4140776.15000000,35558515.57110000,101333
2022-03-31,8.75000000,9.53000000,8.41000000,8.78000000,7597479.57000000,68127480.99460000,202024
2022-04-01,8.78000000,9.59000000,8.34000000,9.35000000,6986919.97000000,63079587.73150000,143724
2022-04-02,9.34000000,9.50000000,8.92000000,8.98000000,3875174.42000000,35646487.01960000,77857
2022-04-03,8.98000000,9.90000000,8.85000000,9.76000000,4009772.58000000,37625906.74400000,114783
2022-04-04,9.76000000,10.99000000,9.25000000,9.92000000,8241765.59000000,81210285.97010000,186658
2022-04-05,9.92000000,10.07000000,9.49000000,9.50000000,3622373.18000000,35559478.20240000,78508
2022-04-06,9.50000000,9.74000000,8.30000000,8.42000000,4969000.65000000,44167121.72780000,103040
2022-04-07,8.42000000,9.10000000,8.40000000,9.01000000,2734530.12000000,24069427.40120000,60408
2022-04-08,9.01000000,9.29000000,8.32000000,8.40000000,2349103.80000000,20758806.46340000,61974
2022-04-09,8.40000000,8.64000000,8.32000000,8.63000000,1178121.58000000,9978587.01930000,28845
2022-04-10,8.63000000,9.00000000,8.43000000,8.66000000,1589473.01000000,13800951.31420000,41586
2022-04-11,8.67000000,8.68000000,7.55000000,7.61000000,3150146.49000000,25338462.37310000,65555
2022-04-12,7.61000000,8.30000000,7.56000000,8.05000000,2133989.73000000,16973277.96410000,52889
2022-04-13,8.04000000,8.30000000,7.91000000,8.29000000,1486918.76000000,12074254.67950000,36287
2022-04-14,8.28000000,8.33000000,7.87000000,7.94000000,1737339.79000000,14120637.21810000,36636
2022-04-15,7.95000000,8.20000000,7.92000000,8.15000000,1083103.34000000,8740072.28990000,22809
2022-04-16,8.14000000,8.25000000,8.05000000,8.22000000,863069.09000000,7045403.73310000,20933
2022-04-17,8.23000000,8.63000000,8.15000000,8.39000000,1617331.90000000,13471598.23170000,38911
2022-04-18,8.39000000,8.50000000,7.86000000,8.47000000,2200098.38000000,17975744.95950000,56078
2022-04-19,8.48000000,8.63000000,8.37000000,8.63000000,1622143.72000000,13801074.58700000,41983
2022-04-20,8.63000000,9.19000000,8.55000000,9.16000000,3435447.72000000,30749357.41680000,82791
2022-04-21,9.16000000,9.78000000,8.91000000,9.04000000,4615530.82000000,43420049.36770000,118575
2022-04-22,9.04000000,9.46000000,8.99000000,9.26000000,2654784.21000000,24557208.89260000,62622
2022-04-23,9.27000000,9.55000000,9.11000000,9.28000000,2346193.99000000,21940019.92310000,54285
2022-04-24,9.29000000,9.68000000,9.26000000,9.27000000,2537296.90000000,24007542.82460000,58132
2022-04-25,9.26000000,9.29000000,8.56000000,8.87800000,5896292.82000000,52211485.97741000,168487
2022-04-26,8.87800000,8.99200000,7.44300000,7.52000000,8356109.56000000,67271753.88388000,250627
2022-04-27,7.51800000,7.84800000,7.35700000,7.58100000,4008939.82000000,30419412.97773000,125690
2022-04-28,7.58100000,8.49500000,7.42500000,8.27000000,10216831.54000000,82434848.83419000,266366
2022-04-29,8.27000000,8.38600000,7.64500000,7.71500000,5718494.49000000,45634564.08253000,170593
2022-04-30,7.71500000,7.92500000,7.21900000,7.22200000,3732816.53000000,28736897.08752000,113551
2022-05-01,7.22200000,7.75000000,7.14000000,7.74600000,3054805.18000000,22735892.55800000,104689
2022-05-02,7.74600000,7.86500000,7.49200000,7.64100000,2568332.16000000,19708737.49922000,93348
2022-05-03,7.64100000,7.90000000,7.37300000,7.40300000,1722167.78000000,13043998.01350000,65376
2022-05-04,7.40200000,7.85000000,7.37800000,7.78300000,2163299.15000000,16433877.47639000,72763
2022-05-05,7.78500000,7.94400000,7.23800000,7.53700000,3805293.56000000,29011495.58022000,119750
2022-05-06,7.53700000,7.62000000,7.29100000,7.43900000,2225634.13000000,16613694.48779000,67176
2022-05-07,7.44000000,7.90000000,7.16000000,7.27500000,1679400.08000000,12410335.22334000,61825
2022-05-08,7.27300000,7.29600000,6.76800000,7.00500000,2275732.13000000,15887525.11899000,76083
2022-05-09,7.00700000,7.14600000,5.56000000,5.56800000,5536167.20000000,34357794.34323000,161436
2022-05-10,5.56500000,6.32800000,5.36600000,5.82700000,5044959.93000000,29733430.40878000,131216
2022-05-11,5.82900000,5.91100000,4.03000000,4.27600000,9160288.70600000,44097026.86287000,170580
2022-05-12,4.28000000,4.50000000,3.28800000,3.86000000,11033149.23700000,42710588.55428000,166372
2022-05-13,3.86000000,4.75000000,3.79100000,4.32700000,6163241.34000000,26973302.75899000,101732
2022-05-14,4.32800000,4.41400000,3.97400000,4.30800000,2629467.64000000,10985448.43623000,61867
2022-05-15,4.30900000,4.74500000,4.13400000,4.68800000,2308271.69000000,10122183.87403000,51861
2022-05-16,4.68800000,4.68900000,4.35100000,4.50900000,2401048.84000000,10791938.04481000,57746
2022-05-17,4.51100000,5.00000000,4.50500000,4.72500000,2593890.39000000,12145959.58444000,55244
2022-05-18,4.72700000,4.79000000,4.30100000,4.31200000,1779943.13000000,8056073.70587000,37643
2022-05-19,4.30800000,4.66000000,4.28900000,4.57100000,1398482.36000000,6256328.21963000,32999
2022-05-20,4.57300000,4.67000000,4.34000000,4.41700000,1271889.77000000,5743877.22579000,29328
2022-05-21,4.41200000,4.62800000,4.37500000,4.57700000,801681.98000000,3617930.12520000,19056
2022-05-22,4.57800000,4.85900000,4.56800000,4.84800000,1283053.61000000,6077482.09857000,30086
2022-05-23,4.84700000,5.14400000,4.71400000,4.80300000,2151802.37000000,10696317.78387000,45729
2022-05-24,4.80500000,4.99000000,4.65500000,4.87000000,1739111.66000000,8398460.79408000,40338
2022-05-25,4.86600000,5.02800000,4.72300000,4.77400000,1553889.75000000,7548392.63834000,34186
2022-05-26,4.77600000,4.84500000,4.31000000,4.36800000,2326731.33000000,10558692.42618000,51877
2022-05-27,4.36700000,4.44900000,4.17200000,4.29000000,1718993.43000000,7409285.94683000,44026
2022-05-28,4.29200000,4.39400000,4.20000000,4.34500000,892336.69000000,3851162.31401000,27267
2022-05-29,4.34700000,4.46400000,4.25500000,4.45700000,1065773.54000000,4648786.83494000,28618
2022-05-30,4.45400000,4.88000000,4.42800000,4.78100000,1943196.90000000,9156040.70761000,49067
2022-05-31,4.78300000,4.80900000,4.56800000,4.64500000,1584903.14000000,7415307.99804000,35726
2022-06-01,4.64500000,4.68600000,4.28000000,4.31700000,1232154.05000000,5519579.82894000,27366
2022-06-02,4.31700000,4.39600000,4.24400000,4.35400000,1043491.53000000,4496395.12992000,41257
2022-06-03,4.35400000,4.37200000,4.17100000,4.22200000,972752.70000000,4140737.07327000,38238
2022-06-04,4.22200000,4.31400000,4.17900000,4.26700000,720493.09000000,3058229.89596000,32205
2022-06-05,4.26700000,4.45300000,4.20200000,4.37600000,1181685.70000000,5146230.07159000,41451
2022-06-06,4.37600000,4.96700000,4.37400000,4.55300000,5905200.59000000,27721523.87584000,93608
2022-06-07,4.55200000,4.55600000,4.22000000,4.44900000,3054204.33000000,13354217.96583000,55641
2022-06-08,4.44800000,4.55000000,4.38700000,4.44800000,1277700.92000000,5726224.06631000,27586
2022-06-09,4.44800000,4.49300000,4.35400000,4.37600000,749053.94000000,3314727.29195000,19996
2022-06-10,4.37400000,4.42200000,4.18800000,4.21900000,1672214.80000000,7200889.04890000,33320
2022-06-11,4.22000000,4.27300000,3.91700000,3.99800000,1648040.30000000,6730436.23997000,30224
2022-06-12,3.99800000,4.14600000,3.71900000,3.86600000,3163688.01000000,12529356.50443000,45944
2022-06-13,3.86300000,3.90100000,3.11500000,3.25400000,6089535.48000000,20502308.30814000,82434
2022-06-14,3.25300000,3.35600000,3.00000000,3.12500000,4359167.24900000,13869965.63936200,60755
2022-06-15,3.12600000,3.27500000,2.73400000,3.25100000,5824871.48000000,17311219.64906000,76824
2022-06-16,3.25200000,3.31400000,2.83000000,2.86800000,3842172.71000000,11724800.69075000,51544
2022-06-17,2.86900000,3.00300000,2.84400000,2.92100000,1830138.56000000,5368687.29222000,30869
2022-06-18,2.92200000,2.95400000,2.48600000,2.66800000,3501331.05000000,9372554.32494000,48560
2022-06-19,2.66800000,3.08800000,2.59900000,3.01100000,3352765.76000000,9553091.01884000,46876
2022-06-20,3.01000000,3.09900000,2.86500000,3.02300000,2264549.56000000,6759096.98808000,36686
2022-06-21,3.02100000,3.25000000,2.96000000,3.07900000,2565460.71000000,7989508.92885000,39335
2022-06-22,3.08000000,3.14800000,2.96500000,3.02400000,2440641.86000000,7433162.81653000,38553
2022-06-23,3.02500000,3.26500000,3.01700000,3.25000000,2429773.56000000,7678154.33728000,39229
2022-06-24,3.24900000,3.48100000,3.23100000,3.37300000,1972732.92000000,6548445.99485000,36356
2022-06-25,3.37300000,3.40000000,3.20700000,3.36500000,1557084.47000000,5171056.53636000,31804
2022-06-26,3.36500000,3.55000000,3.26900000,3.31100000,2303944.22000000,7839192.67616000,43045
2022-06-27,3.30900000,3.50000000,3.27300000,3.32000000,1544520.19000000,5189563.21253000,31254
2022-06-28,3.32000000,3.42000000,3.14300000,3.17000000,1881373.89000000,6231198.92458000,35885
2022-06-29,3.16900000,3.24000000,3.00900000,3.05000000,2164623.89000000,6676966.77759000,40663
2022-06-30,3.05200000,3.18000000,2.84200000,3.04600000,2257372.43000000,6647935.01316000,42004
2022-07-01,3.04500000,3.14900000,2.88000000,3.00300000,2101644.29000000,6403383.69812000,37678
2022-07-02,3.00400000,3.06500000,2.94400000,3.04100000,1108201.37000000,3316861.01869000,24303
2022-07-03,3.04200000,3.14500000,2.98600000,3.08300000,1502780.72000000,4624860.68684000,25491
2022-07-04,3.08400000,3.20900000,3.02100000,3.15100000,1725912.68000000,5378994.87848000,28263
2022-07-05,3.15100000,3.22200000,3.01000000,3.09100000,2101053.21000000,6544211.49289000,31805
2022-07-06,3.09200000,3.20000000,3.06700000,3.15000000,1478487.68000000,4638136.35044000,25235
2022-07-07,3.14900000,3.30600000,3.09900000,3.27500000,1787767.56000000,5733532.04759000,29664
2022-07-08,3.27300000,3.34500000,3.15000000,3.16400000,1730613.60000000,5589755.66985000,28525
2022-07-09,3.16400000,3.23600000,3.15800000,3.20300000,850871.11000000,2724033.49415000,15691
2022-07-10,3.20400000,3.23800000,3.09200000,3.11600000,1162885.48000000,3684537.37207000,19307
2022-07-11,3.11600000,3.11900000,2.95400000,2.95800000,1344759.71000000,4085288.47744000,21908
2022-07-12,2.95700000,3.02800000,2.90000000,2.91000000,1508604.67000000,4453431.76962000,21991
2022-07-13,2.91100000,3.04600000,2.84300000,3.04000000,1211904.94000000,3562087.83098000,21367
2022-07-14,3.03900000,3.14300000,2.95100000,3.13500000,1338758.40000000,4074397.75601000,23358
2022-07-15,3.13500000,3.18400000,3.07400000,3.12800000,1999451.00000000,6264132.53900000,29520
2022-07-16,3.12700000,3.28000000,3.06200000,3.25300000,1147927.44000000,3642484.29568000,19508
2022-07-17,3.25200000,3.35600000,3.19800000,3.22200000,1459222.55000000,4769741.09279000,25370
2022-07-18,3.22000000,3.48600000,3.21900000,3.46100000,2366091.32000000,8022721.10573000,40386
2022-07-19,3.46200000,3.70000000,3.35400000,3.51500000,2083650.34000000,7211102.93435000,38662
2022-07-20,3.51300000,3.61000000,3.28000000,3.35600000,2448490.95000000,8551952.92219000,40814
2022-07-21,3.35500000,3.39500000,3.23200000,3.38700000,1451745.61000000,4808162.75827000,27240
2022-07-22,3.38600000,3.47400000,3.33300000,3.34500000,1320016.98000000,4504576.19154000,25076
2022-07-23,3.34500000,3.47300000,3.24700000,3.32900000,1042578.15000000,3483225.13486000,22630
2022-07-24,3.32800000,3.46900000,3.31000000,3.40900000,1088771.68000000,3718444.91331000,21230
2022-07-25,3.40800000,3.44100000,3.24300000,3.24400000,1254395.85000000,4202526.08403000,24516
2022-07-26,3.24600000,3.24800000,3.12800000,3.24600000,852245.59000000,2713289.13477000,19588
2022-07-27,3.24700000,3.49900000,3.21100000,3.49400000,1148323.49000000,3852740.85798000,24394
2022-07-28,3.49500000,3.70400000,3.39600000,3.59900000,2530532.32000000,8965037.33858000,41745
2022-07-29,3.59900000,4.17300000,3.58500000,3.98400000,7232279.87000000,28522920.17470000,113849
2022-07-30,3.98400000,4.15700000,3.88300000,3.92700000,3980115.33000000,16002905.00467000,67667
2022-07-31,3.92900000,4.23000000,3.90400000,3.96100000,2883140.48000000,11750755.35667000,51298
2022-08-01,3.96000000,4.04200000,3.77000000,3.83400000,2168835.86000000,8454498.99208000,36260
2022-08-02,3.83500000,3.88800000,3.67900000,3.78800000,1487881.57000000,5595115.33914000,29858
2022-08-03,3.79000000,4.06900000,3.73100000,3.94100000,1893743.81000000,7451700.83219000,36194
2022-08-04,3.94000000,4.10000000,3.91200000,4.06400000,2552926.10000000,10219192.06795000,47878
2022-08-05,4.06500000,4.31100000,4.01800000,4.14400000,3259283.56000000,13559733.32313000,55677
2022-08-06,4.14400000,4.23000000,4.12300000,4.15900000,945096.40000000,3930272.61132000,20898
2022-08-07,4.15900000,4.48300000,4.08100000,4.38800000,2404179.14000000,10390848.27359000,48191
2022-08-08,4.38600000,4.68400000,4.38300000,4.47400000,2971728.59000000,13487623.35954000,62222
2022-08-09,4.47400000,4.49200000,4.22900000,4.37400000,1279361.59000000,5578583.06046000,26793
2022-08-10,4.37300000,4.53300000,4.23800000,4.44700000,1746796.81000000,7663758.43251000,34700
2022-08-11,4.44800000,4.52400000,4.30100000,4.31800000,1505810.26000000,6678466.94516000,27934
2022-08-12,4.32000000,4.36700000,4.23000000,4.36700000,860995.64000000,3703178.78303000,20481
2022-08-13,4.36800000,4.45900000,4.32700000,4.42600000,1174520.18000000,5157806.87221000,25246
2022-08-14,4.42700000,4.49500000,4.25000000,4.25400000,1012636.79000000,4438178.46820000,22256
2022-08-15,4.25400000,4.38600000,4.17200000,4.23500000,1280363.06000000,5447901.81852000,26668
2022-08-16,4.23500000,4.26000000,4.00000000,4.14900000,912118.52000000,3796039.94836000,20490
2022-08-17,4.14900000,4.20400000,3.96400000,3.98000000,1130257.43000000,4620167.35370000,24897
2022-08-18,3.98100000,4.05500000,3.88100000,3.88800000,625873.45000000,2489254.59445000,15605
2022-08-19,3.88600000,3.88700000,3.53000000,3.60000000,1526766.65000000,5651495.75406000,29547
2022-08-20,3.60000000,3.79200000,3.59500000,3.74500000,872147.13000000,3234245.51667000,19558
2022-08-21,3.74400000,3.95800000,3.73900000,3.93400000,1070643.83000000,4146652.47277000,23846
2022-08-22,3.93500000,3.96800000,3.77900000,3.96200000,951756.33000000,3703498.20786000,17049
2022-08-23,3.96200000,3.97400000,3.85600000,3.92200000,723327.80000000,2829226.46997000,16336
2022-08-24,3.92600000,3.96600000,3.85600000,3.91400000,601706.90000000,2354738.29138000,14665
2022-08-25,3.91500000,4.07100000,3.91100000,4.03800000,837049.68000000,3356810.46237000,20045
2022-08-26,4.03800000,4.03800000,3.72400000,3.74200000,838142.48000000,3277519.19402000,22801
2022-08-27,3.74100000,3.84100000,3.68400000,3.73200000,803722.40000000,3025022.82052000,17140
2022-08-28,3.73400000,3.95400000,3.70600000,3.80400000,1041979.06000000,3999370.84013000,23627
2022-08-29,3.80400000,4.03500000,3.79000000,4.03100000,970768.43000000,3776752.80151000,23401
2022-08-30,4.03000000,4.32000000,3.90100000,4.00400000,3379288.60000000,13857082.57473000,67071
2022-08-31,4.00500000,4.12500000,3.91000000,3.91500000,1787816.40000000,7174508.49935000,37743
2022-09-01,3.91600000,3.98100000,3.84700000,3.96700000,1107746.11000000,4349811.93591000,24903
2022-09-02,3.96900000,4.05800000,3.91800000,3.98000000,819728.67000000,3267243.50443000,19042
2022-09-03,3.98100000,4.02700000,3.95900000,4.02500000,523147.90000000,2086514.30550000,12679
2022-09-04,4.02600000,4.13400000,4.01600000,4.13200000,1062731.04000000,4324598.13843000,20321
2022-09-05,4.13300000,4.19900000,4.07300000,4.14800000,1208514.78000000,4996267.61627000,22487
2022-09-06,4.14700000,4.25600000,3.89500000,3.90400000,1228676.08000000,5034909.93036000,28167
2022-09-07,3.90200000,4.13800000,3.84500000,4.11200000,950731.77000000,3762600.75800000,19456
2022-09-08,4.11400000,4.14100000,3.99700000,4.07600000,820118.56000000,3333019.84121000,16957
2022-09-09,4.07500000,4.36200000,4.06900000,4.32500000,1641722.61000000,6969028.83141000,33761
2022-09-10,4.32700000,4.38600000,4.25700000,4.33900000,780178.04000000,3369777.47794000,18326
2022-09-11,4.34000000,4.55000000,4.27300000,4.54300000,1870966.06000000,8296729.37352000,37220
2022-09-12,4.54300000,4.59100000,4.38200000,4.41400000,1587656.61000000,7149748.43000000,33810
2022-09-13,4.41500000,4.45400000,4.11200000,4.13700000,1307610.77000000,5608272.62711000,28095
2022-09-14,4.13600000,4.24300000,4.10500000,4.16500000,858800.02000000,3577085.19117000,18889
2022-09-15,4.16300000,4.18500000,4.01500000,4.05600000,1388865.10000000,5686436.84146000,26426
2022-09-16,4.05700000,4.20000000,4.02500000,4.17300000,1117956.02000000,4619952.86910000,20373
2022-09-17,4.17400000,4.38000000,4.17200000,4.36700000,818242.66000000,3510359.28615000,17884
2022-09-18,4.36800000,4.50100000,4.20400000,4.25400000,1934476.93000000,8459862.78362000,40372
2022-09-19,4.25500000,4.36700000,4.11900000,4.34900000,1753411.85000000,7452034.11495000,34975
2022-09-20,4.35000000,4.39500000,4.29300000,4.33300000,1125194.55000000,4884353.12554000,20989
2022-09-21,4.33300000,4.44000000,4.17700000,4.23200000,3480936.39000000,15040196.94549000,58829
2022-09-22,4.23200000,4.51800000,4.21600000,4.49500000,1362092.59000000,5915251.05228000,29339
2022-09-23,4.49500000,4.54900000,4.35700000,4.50300000,1846889.58000000,8236257.84478000,34182
2022-09-24,4.50400000,4.69500000,4.49500000,4.49500000,1814032.29000000,8327698.96187000,40485
2022-09-25,4.49500000,4.62200000,4.46000000,4.61800000,1239252.15000000,5621112.58903000,23777
2022-09-26,4.61700000,4.65700000,4.51400000,4.62600000,1436475.77000000,6591843.92306000,30235
2022-09-27,4.62600000,4.85800000,4.60800000,4.71700000,2128463.34000000,10099841.56056000,46820
2022-09-28,4.71600000,4.89500000,4.58200000,4.86300000,2585545.80000000,12315354.47676000,51000
2022-09-29,4.86400000,5.08900000,4.69500000,4.91900000,2143857.94000000,10565973.19058000,42676
2022-09-30,4.91800000,4.95400000,4.60000000,4.76500000,1772022.69000000,8500804.11984000,37472
2022-10-01,4.76500000,4.77400000,4.50100000,4.51900000,1806952.90000000,8315715.91119000,108511
2022-10-02,4.51900000,4.66100000,4.44200000,4.57700000,1603367.48000000,7262714.90403000,67310
2022-10-03,4.57800000,4.65100000,4.53300000,4.60100000,1256111.07000000,5770239.63826000,47726
2022-10-04,4.60100000,4.82500000,4.57400000,4.78600000,1500148.92000000,7060867.80020000,73440
2022-10-05,4.78600000,4.81800000,4.63900000,4.67200000,1283905.16000000,6047109.73663000,51821
2022-10-06,4.67100000,4.75800000,4.55200000,4.64000000,1355209.09000000,6343606.41833000,40878
2022-10-07,4.64000000,4.70000000,4.54200000,4.61600000,1010804.09000000,4665139.35637000,47986
2022-10-08,4.61600000,4.62100000,4.49600000,4.51600000,546962.73000000,2496503.09010000,30905
2022-10-09,4.51600000,4.56900000,4.48200000,4.56400000,462181.61000000,2087767.81714000,8721
2022-10-10,4.56400000,4.60800000,4.48500000,4.49500000,634340.83000000,2879975.00771000,25390
2022-10-11,4.49400000,4.57200000,4.41400000,4.51100000,1016620.77000000,4579287.83438000,52696
2022-10-12,4.51000000,4.60600000,4.43300000,4.44700000,1131387.56000000,5111335.89588000,46332
2022-10-13,4.44600000,4.47500000,4.10000000,4.37400000,1687644.02000000,7215009.23315000,35206
2022-10-14,4.37300000,4.49100000,4.36600000,4.38100000,766695.66000000,3394963.77703000,17685
2022-10-15,4.38100000,4.50000000,4.35400000,4.45300000,425622.50000000,1883136.64351000,11174
2022-10-16,4.45400000,4.60700000,4.45300000,4.59200000,574854.77000000,2622711.20801000,16283
2022-10-17,4.59100000,4.68100000,4.56400000,4.63500000,675918.45000000,3126169.96973000,18550
2022-10-18,4.63500000,4.64300000,4.39500000,4.43600000,1352166.54000000,6106784.32124000,25042
2022-10-19,4.43600000,4.48000000,4.35800000,4.41900000,623138.51000000,2748151.02776000,13382
2022-10-20,4.41900000,4.54600000,4.37400000,4.40800000,830122.21000000,3703315.36469000,16836
2022-10-21,4.40500000,4.41100000,4.28300000,4.37000000,509874.74000000,2218501.09551000,12814
2022-10-22,4.37100000,4.40500000,4.34000000,4.39000000,251642.59000000,1101215.47847000,9618
2022-10-23,4.38700000,4.48600000,4.36400000,4.47300000,456388.28000000,2014431.88159000,11904
2022-10-24,4.47300000,4.49300000,4.38000000,4.39900000,524788.64000000,2329187.30262000,12696
2022-10-25,4.39800000,4.53000000,4.34100000,4.44300000,890338.27000000,3956220.92349000,19381
2022-10-26,4.44300000,4.55900000,4.43700000,4.51500000,832771.05000000,3757959.18795000,20115
2022-10-27,4.51600000,4.56300000,4.41000000,4.44500000,702771.08000000,3159031.92289000,17550
2022-10-28,4.44500000,4.60000000,4.40000000,4.53900000,670207.62000000,3010993.83879000,17705
2022-10-29,4.53900000,4.72800000,4.50000000,4.63600000,1036814.88000000,4785398.62102000,26035
2022-10-30,4.63700000,4.80000000,4.60900000,4.72400000,1160407.83000000,5477768.96021000,31127
2022-10-31,4.72400000,4.90000000,4.62000000,4.73400000,1532236.54000000,7296397.53167000,37850
2022-11-01,4.73300000,4.82800000,4.53100000,4.59900000,1236680.58000000,5765807.25690000,27860
2022-11-02,4.59600000,4.67400000,4.48800000,4.53900000,827085.18000000,3783311.19791000,23941
2022-11-03,4.53700000,4.75200000,4.51800000,4.63400000,1111915.38000000,5169685.85434000,31250
2022-11-04,4.63200000,5.00000000,4.61500000,4.93500000,1984002.85000000,9659879.16183000,54468
2022-11-05,4.93400000,5.08600000,4.79700000,4.82800000,1654390.85000000,8188562.17173000,36389
2022-11-06,4.82600000,5.01500000,4.78000000,4.78200000,1203319.08000000,5882439.28714000,28564
2022-11-07,4.78100000,4.83900000,4.61500000,4.76100000,1666373.79000000,7882499.27458000,37062
2022-11-08,4.76200000,5.47600000,4.18400000,4.51600000,7042452.22000000,33363939.27824000,165990
2022-11-09,4.51800000,4.64900000,3.66800000,3.82000000,5304140.44000000,22301691.18145000,99847
2022-11-10,3.82100000,4.44000000,3.76300000,4.31600000,3713864.28000000,15269327.52122000,67950
2022-11-11,4.31500000,4.31900000,3.96100000,4.10200000,2050774.43000000,8451987.97025000,39443
2022-11-12,4.10300000,4.41000000,3.88100000,3.99300000,1623064.84000000,6550384.39141000,32111
2022-11-13,3.99400000,4.09700000,3.95500000,4.00000000,1960174.13000000,7900373.66401000,36642
2022-11-14,4.00000000,4.14400000,3.81600000,3.96700000,1997199.87000000,7916869.65179000,42312
2022-11-15,3.96400000,4.02300000,3.89700000,3.94500000,1206552.51000000,4780875.37094000,25612
2022-11-16,3.94300000,3.98300000,3.82000000,3.84200000,999879.31000000,3887277.49235000,23214
2022-11-17,3.84300000,3.87400000,3.73300000,3.78000000,746256.81000000,2827305.83546000,17832
2022-11-18,3.77900000,3.87200000,3.77400000,3.83200000,705445.70000000,2696945.57905000,15510
2022-11-19,3.83500000,3.84200000,3.77000000,3.82500000,332268.33000000,1264421.34445000,10458
2022-11-20,3.82600000,3.93900000,3.78000000,3.80300000,836630.91000000,3228381.06276000,20223
2022-11-21,3.80300000,3.80800000,3.60200000,3.62500000,961119.01000000,3560263.25786000,22882
2022-11-22,3.62300000,3.75400000,3.57200000,3.73500000,650439.86000000,2383693.76974000,17000
2022-11-23,3.73700000,4.09900000,3.73100000,3.95600000,1855643.57000000,7375626.93217000,37323
2022-11-24,3.95600000,4.03500000,3.91000000,4.01300000,904538.02000000,3599648.68839000,18804
2022-11-25,4.01200000,4.07000000,3.92200000,3.95100000,764689.81000000,3046335.72215000,15990
2022-11-26,3.95300000,4.12000000,3.93900000,4.00800000,718306.60000000,2911631.39777000,16905
2022-11-27,4.00800000,4.05700000,3.97300000,3.98700000,673993.07000000,2717007.87124000,12734
2022-11-28,3.98500000,4.00800000,3.82000000,3.87800000,835320.87000000,3245515.41816000,20916
2022-11-29,3.87600000,4.03200000,3.87000000,3.89000000,773704.65000000,3043533.23953000,16208
2022-11-30,3.89100000,4.05000000,3.88800000,3.97400000,949214.08000000,3748706.74963000,20154
2022-12-01,3.97300000,3.99000000,3.88800000,3.92500000,879448.61000000,3463069.43030000,15992
2022-12-02,3.92500000,4.05000000,3.86700000,4.02100000,683316.88000000,2713202.57670000,13797
2022-12-03,4.02200000,4.07000000,3.99600000,4.00000000,545906.32000000,2195042.97347000,9032
2022-12-04,4.00100000,4.04300000,3.94700000,3.99400000,538957.50000000,2151695.82859000,9116
2022-12-05,3.99300000,4.08800000,3.92800000,3.96100000,520760.00000000,2094823.85355000,12388
2022-12-06,3.96200000,4.00000000,3.92100000,3.96600000,447358.65000000,1768476.80823000,8563
2022-12-07,3.96700000,3.99800000,3.85500000,3.88600000,672935.87000000,2628083.55577000,10891
2022-12-08,3.88700000,3.98900000,3.87400000,3.97900000,387892.04000000,1525239.09628000,8051
2022-12-09,3.98100000,4.01000000,3.92300000,3.95000000,926503.67000000,3679985.63575000,12810
2022-12-10,3.94900000,4.01400000,3.94800000,3.98000000,269501.38000000,1072590.95837000,7098
2022-12-11,3.98100000,4.01300000,3.93200000,3.93700000,299211.05000000,1191066.25135000,7506
2022-12-12,3.93600000,4.00200000,3.80800000,3.86800000,1070963.05000000,4191168.10627000,18060
2022-12-13,3.86800000,3.88500000,3.60400000,3.77100000,1876318.40000000,7010139.08269000,34037
2022-12-14,3.77000000,3.90000000,3.70000000,3.71800000,1166267.67000000,4423127.29954000,22931
2022-12-15,3.71800000,3.74800000,3.59700000,3.61700000,766551.10000000,2822657.53092000,18008
2022-12-16,3.61700000,3.70100000,3.16800000,3.23800000,1551112.96000000,5354103.76977000,32239
2022-12-17,3.23600000,3.39300000,3.11500000,3.35700000,1261767.23000000,4102240.05388000,26886
2022-12-18,3.35500000,3.48700000,3.32000000,3.47000000,834967.65000000,2844443.29509000,16699
2022-12-19,3.47200000,3.48600000,3.30500000,3.34300000,655789.41000000,2242609.00534000,14099
2022-12-20,3.34300000,3.49700000,3.33400000,3.46900000,478057.93000000,1641706.84110000,12214
2022-12-21,3.46900000,3.47000000,3.37100000,3.37700000,288594.40000000,984601.27522000,8750
2022-12-22,3.37700000,3.39900000,3.28500000,3.35900000,394350.45000000,1318509.02341000,11239
2022-12-23,3.36200000,3.40400000,3.34800000,3.39100000,259543.46000000,877548.85707000,8055
2022-12-24,3.38800000,3.39900000,3.35100000,3.38100000,201237.94000000,678363.79776000,8687
2022-12-25,3.38100000,3.39900000,3.31600000,3.33000000,336699.24000000,1129078.68523000,10302
2022-12-26,3.33000000,3.35300000,3.28000000,3.30800000,355139.71000000,1177895.20363000,10470
2022-12-27,3.30700000,3.34300000,3.27100000,3.31000000,360079.00000000,1187587.10543000,10800
2022-12-28,3.31100000,3.31800000,3.13400000,3.14700000,578810.83000000,1865769.11367000,13837
2022-12-29,3.14700000,3.23800000,3.11900000,3.20600000,511136.64000000,1616786.63526000,14739
2022-12-30,3.20600000,3.20700000,3.15400000,3.19100000,434471.41000000,1381183.12227000,10695
2022-12-31,3.19100000,3.20300000,3.16700000,3.17500000,360823.86000000,1148032.29688000,9790
2023-01-01,3.17500000,3.19300000,3.15500000,3.16500000,212473.13000000,673378.35608000,6737
2023-01-02,3.16400000,3.22400000,3.12800000,3.18800000,462971.73000000,1474532.52380000,14500
2023-01-03,3.18800000,3.20800000,3.17100000,3.20000000,309612.97000000,987165.18765000,8774
2023-01-04,3.20000000,3.32300000,3.18900000,3.29200000,992937.33000000,3255976.20748000,19032
2023-01-05,3.29200000,3.31000000,3.25300000,3.26800000,391587.58000000,1284461.30193000,9159
2023-01-06,3.26800000,3.32600000,3.23400000,3.31500000,510489.39000000,1672170.44721000,11822
2023-01-07,3.31500000,3.34600000,3.29300000,3.31400000,330458.43000000,1095467.04196000,9011
2023-01-08,3.31400000,3.42700000,3.28300000,3.41300000,768817.85000000,2558736.43957000,13890
2023-01-09,3.41400000,3.50700000,3.36700000,3.38300000,1032412.54000000,3559739.16274000,22496
2023-01-10,3.38200000,3.42900000,3.35900000,3.40800000,583504.71000000,1983442.64957000,15606
2023-01-11,3.40800000,3.49700000,3.36300000,3.47800000,676990.34000000,2312101.07777000,15134
2023-01-12,3.47700000,3.52100000,3.40600000,3.50400000,1122594.03000000,3901138.72621000,23192
2023-01-13,3.50400000,3.60300000,3.46600000,3.58800000,771153.84000000,2721705.92182000,19517
2023-01-14,3.58900000,3.93100000,3.58300000,3.76700000,2611424.05000000,9861979.78680000,47502
2023-01-15,3.76900000,3.78500000,3.60600000,3.72800000,833658.25000000,3084454.37014000,18601
2023-01-16,3.72900000,3.81100000,3.64000000,3.68400000,1686671.39000000,6287764.00855000,26386
2023-01-17,3.68500000,3.78900000,3.65400000,3.69600000,918394.74000000,3424583.99089000,18402
2023-01-18,3.69500000,3.78500000,3.44600000,3.54200000,1787205.88000000,6473464.74335000,33222
2023-01-19,3.54100000,3.71300000,3.52300000,3.65100000,1839636.84000000,6629989.46131000,28370
2023-01-20,3.65100000,3.81200000,3.55400000,3.80800000,1256021.00000000,4619736.45392000,25776
2023-01-21,3.80500000,3.88000000,3.73500000,3.74300000,1406301.81000000,5357773.65229000,35662
2023-01-22,3.74500000,3.89000000,3.74400000,3.81000000,1203695.20000000,4594369.60134000,29401
2023-01-23,3.80800000,3.98200000,3.80500000,3.91500000,1518409.29000000,5931285.55350000,34185
2023-01-24,3.91500000,4.20200000,3.86400000,3.88900000,2839711.64000000,11548932.58718000,54395
2023-01-25,3.88900000,4.03200000,3.81000000,3.96800000,1701858.39000000,6646431.34626000,36287
2023-01-26,3.96700000,4.01400000,3.91400000,3.95300000,1049331.18000000,4166156.49387000,23558
2023-01-27,3.95500000,4.04800000,3.88600000,4.02200000,1082220.47000000,4296100.83318000,21921
2023-01-28,4.02200000,4.07100000,3.85300000,4.00100000,1114965.44000000,4464077.42384000,19943
2023-01-29,4.00000000,4.18200000,3.98500000,4.11000000,1171147.06000000,4790103.17570000,25526
2023-01-30,4.11000000,4.16500000,3.91400000,3.96900000,1247571.66000000,5013023.65674000,23744
2023-01-31,3.97100000,4.08800000,3.93900000,4.03900000,1215534.06000000,4890091.51522000,23042
2023-02-01,4.03600000,4.10600000,3.92600000,4.08200000,1264015.64000000,5067936.80959000,27101
2023-02-02,4.08200000,4.32100000,4.08200000,4.14500000,1985647.56000000,8365886.35326000,48201
2023-02-03,4.14700000,4.40000000,4.05800000,4.36300000,2387221.81000000,10128502.04627000,47953
2023-02-04,4.36300000,4.60000000,4.27200000,4.52100000,2105782.08000000,9345742.68284000,46098
2023-02-05,4.52100000,4.65900000,4.34800000,4.42400000,1973322.82000000,8884988.97879000,46256
2023-02-06,4.42400000,4.62700000,4.30100000,4.42700000,2266382.90000000,10125172.65603000,48632
2023-02-07,4.42500000,4.59200000,4.42300000,4.56700000,1357550.21000000,6116482.21002000,33743
2023-02-08,4.56400000,4.71900000,4.50000000,4.69000000,2488771.43000000,11466985.75139000,52279
2023-02-09,4.69200000,4.73800000,3.99800000,4.18400000,6324618.13000000,28396003.52739000,138642
2023-02-10,4.18000000,4.19600000,4.08800000,4.12800000,1300265.86000000,5392033.83348000,30139
2023-02-11,4.12800000,4.20800000,4.07400000,4.19600000,684981.59000000,2838665.09019000,19561
2023-02-12,4.19600000,4.30400000,4.13600000,4.17100000,1017797.85000000,4277739.68100000,25722
2023-02-13,4.17100000,4.23300000,3.79300000,3.93700000,2216188.94000000,8822104.29039000,55251
2023-02-14,3.93900000,3.99700000,3.84400000,3.96100000,1202673.41000000,4720060.66833000,32136
2023-02-15,3.96200000,4.26900000,3.90900000,4.25600000,2804623.26000000,11259031.61479000,52971
2023-02-16,4.25400000,4.37600000,4.00400000,4.00700000,1902062.84000000,7996301.14132000,53687
2023-02-17,4.00900000,4.20000000,4.00000000,4.17400000,1175979.83000000,4820678.69418000,32816
2023-02-18,4.17500000,4.24000000,4.16000000,4.21700000,831591.21000000,3496995.55073000,21964
2023-02-19,4.21700000,4.30200000,4.14900000,4.16000000,1074933.62000000,4531946.46018000,28994
2023-02-20,4.16300000,4.30100000,4.13300000,4.22300000,1171784.35000000,4969319.42097000,33676
2023-02-21,4.22500000,4.27700000,4.03700000,4.15500000,1408433.09000000,5904992.11814000,34704
2023-02-22,4.15400000,4.16500000,4.00800000,4.12300000,1044406.63000000,4257348.36637000,31251
2023-02-23,4.12200000,4.16900000,4.02600000,4.06800000,845778.86000000,3466443.12111000,23741
2023-02-24,4.06800000,4.12100000,3.88600000,3.98300000,889109.88000000,3577873.10894000,24002
2023-02-25,3.98100000,4.03100000,3.91900000,4.00700000,1080869.81000000,4313451.25362000,22871
2023-02-26,4.00600000,4.06600000,3.97800000,4.05300000,462126.17000000,1857584.95610000,12584
2023-02-27,4.05200000,4.07300000,3.94000000,4.01000000,671944.90000000,2690143.35177000,19119
2023-02-28,4.01000000,4.01600000,3.90900000,3.92200000,472572.89000000,1871366.91506000,14815
2023-03-01,3.92200000,4.00000000,3.90400000,3.97200000,870682.04000000,3448237.77321000,20403
2023-03-02,3.97000000,3.98400000,3.86000000,3.91300000,401002.57000000,1567598.63067000,12653
2023-03-03,3.91300000,3.91700000,3.71500000,3.75900000,872641.02000000,3284234.62649000,23499
2023-03-04,3.75900000,3.83900000,3.73400000,3.80300000,645599.63000000,2442344.24113000,18977
2023-03-05,3.80300000,3.84600000,3.74800000,3.76300000,365347.72000000,1388493.84206000,12388
2023-03-06,3.76500000,3.78500000,3.70400000,3.76200000,543286.37000000,2037390.36945000,14542
2023-03-07,3.76600000,3.80300000,3.69400000,3.75100000,551572.37000000,2063336.17793000,13661
2023-03-08,3.75000000,3.80000000,3.67800000,3.71200000,754979.69000000,2820064.90283000,19915
2023-03-09,3.71300000,3.75800000,3.52500000,3.58800000,1005023.62000000,3677794.81248000,23953
2023-03-10,3.58800000,3.59300000,3.41400000,3.56300000,1220895.47000000,4279124.63492000,31073
2023-03-11,3.56100000,3.61200000,3.42700000,3.49600000,783813.63000000,2748632.83571000,21781
2023-03-12,3.49600000,3.67500000,3.46500000,3.65200000,816686.18000000,2893103.86916000,22097
2023-03-13,3.65400000,3.90000000,3.62200000,3.79200000,2324597.57000000,8814291.23098000,50083
2023-03-14,3.79300000,3.95200000,3.68700000,3.80400000,1881923.88000000,7199365.12724000,43099
2023-03-15,3.80200000,3.83900000,3.66200000,3.71300000,1169276.29000000,4398457.15643000,28339
2023-03-16,3.71500000,3.91500000,3.68000000,3.83400000,1518403.06000000,5790411.44401000,37506
2023-03-17,3.83400000,3.91700000,3.79500000,3.91300000,1369135.23000000,5268114.26986000,29991
2023-03-18,3.91400000,3.98800000,3.75400000,3.78700000,1756830.33000000,6840553.73672000,37365
2023-03-19,3.79000000,3.90400000,3.78800000,3.83300000,785090.30000000,3025517.07695000,19367
2023-03-20,3.83500000,3.87400000,3.77200000,3.78300000,860153.20000000,3293313.85240000,22761
2023-03-21,3.78300000,3.89000000,3.75000000,3.82700000,686831.63000000,2632094.38147000,19895
2023-03-22,3.82500000,3.86700000,3.65300000,3.70800000,1288998.85000000,4870075.79085000,30839
2023-03-23,3.70800000,3.79500000,3.68100000,3.77500000,728643.47000000,2725614.32198000,17275
2023-03-24,3.77300000,3.78000000,3.63500000,3.68700000,689280.65000000,2547623.65053000,14950
2023-03-25,3.68900000,3.72200000,3.65500000,3.69000000,510446.95000000,1886927.83064000,12910
2023-03-26,3.68900000,3.76100000,3.67700000,3.74500000,489459.73000000,1823449.05621000,13790
2023-03-27,3.74400000,3.75000000,3.53500000,3.58700000,1104322.03000000,4030519.08371000,23176
2023-03-28,3.58500000,3.77500000,3.55200000,3.62900000,626577.70000000,2256384.78773000,16040
2023-03-29,3.62800000,3.74100000,3.60700000,3.66100000,882756.67000000,3247237.71272000,18241
2023-03-30,3.66200000,3.72900000,3.62200000,3.67100000,757330.96000000,2781940.79168000,18137
2023-03-31,3.67200000,3.72500000,3.64700000,3.70400000,594079.11000000,2191671.20422000,13113
2023-04-01,3.70400000,3.74000000,3.68600000,3.72900000,595256.31000000,2209877.53982000,14482
2023-04-02,3.73100000,3.80200000,3.71000000,3.78100000,1093244.65000000,4120122.97547000,20896
2023-04-03,3.78300000,3.78400000,3.60500000,3.68600000,1246888.26000000,4620326.35288000,23524
2023-04-04,3.68600000,3.72100000,3.63200000,3.65400000,1009634.38000000,3710100.28898000,18987
2023-04-05,3.65300000,4.00000000,3.63800000,3.71400000,3782829.09000000,14278057.75070000,55077
2023-04-06,3.71400000,3.71600000,3.64700000,3.66200000,947395.27000000,3481774.30058000,20013
2023-04-07,3.66100000,3.71100000,3.63300000,3.65500000,666964.21000000,2441208.85055000,12476
2023-04-08,3.65500000,3.70000000,3.62100000,3.64000000,583534.91000000,2132505.65354000,13538
2023-04-09,3.63900000,3.69400000,3.60200000,3.67000000,904236.12000000,3302893.18096000,17680
2023-04-10,3.66900000,3.70700000,3.63100000,3.69700000,864074.51000000,3164373.33646000,17132
2023-04-11,3.69700000,3.79800000,3.66500000,3.67400000,1539958.71000000,5747587.31756000,30362
2023-04-12,3.67200000,3.68300000,3.57600000,3.61400000,1403681.20000000,5083072.99752000,26807
2023-04-13,3.61500000,3.69100000,3.57200000,3.63300000,2030615.29000000,7367457.57575000,28920
2023-04-14,3.63300000,3.69400000,3.54200000,3.62400000,3726633.09000000,13550318.60720000,48490
2023-04-15,3.62400000,3.68000000,3.60000000,3.64000000,1319782.25000000,4801320.37928000,22818
2023-04-16,3.64000000,3.73800000,3.62200000,3.66900000,2064752.08000000,7616787.01319000,30296
2023-04-17,3.66800000,3.67700000,3.56300000,3.58600000,1849403.23000000,6686310.90351000,27131
2023-04-18,3.58600000,3.65700000,3.56500000,3.63100000,2431079.82000000,8800295.12034000,31825
2023-04-19,3.63000000,3.65400000,3.40100000,3.42500000,2868940.02000000,10111021.31639000,39364
2023-04-20,3.42400000,3.47100000,3.33000000,3.35800000,1440391.04000000,4918514.59962000,24556
2023-04-21,3.35800000,3.47900000,3.30100000,3.34700000,2705163.42000000,9237338.93273000,35872
2023-04-22,3.34800000,3.45000000,3.33600000,3.40100000,1383622.09000000,4698789.12994000,20160
2023-04-23,3.40100000,3.40700000,3.32100000,3.34800000,847872.65000000,2847591.72042000,15833
2023-04-24,3.34700000,3.35300000,2.81100000,2.88100000,8695448.60000000,25928113.94029000,120149
2023-04-25,2.88100000,2.90900000,2.58500000,2.77000000,16541606.49000000,44741340.27677000,200647
2023-04-26,2.77000000,2.77700000,2.54500000,2.61200000,8341500.33000000,22401055.97275000,100991
2023-04-27,2.61200000,2.69000000,2.56200000,2.62900000,5520818.37000000,14492594.94007000,72611
2023-04-28,2.62900000,2.82500000,2.60000000,2.75500000,8529572.84000000,23265079.08949000,99002
2023-04-29,2.75500000,2.76400000,2.68400000,2.69000000,2970505.72000000,8059045.20891000,38517
2023-04-30,2.69000000,2.75000000,2.66600000,2.67200000,2685557.86000000,7236921.91208000,41436
2023-05-01,2.67200000,2.68100000,2.52800000,2.54800000,3353730.78000000,8710209.17895000,41530
2023-05-02,2.54800000,2.55400000,2.49600000,2.53300000,3003006.76000000,7559846.47084000,40358
2023-05-03,2.53300000,2.57500000,2.50100000,2.54000000,3074482.43000000,7797684.23674000,38989
2023-05-04,2.54000000,2.57000000,2.51000000,2.51100000,2087244.80000000,5304054.81626000,25701
2023-05-05,2.51100000,2.54000000,2.43000000,2.43200000,3374435.55000000,8432081.95174000,46839
2023-05-06,2.43200000,2.45300000,2.18700000,2.20000000,7236922.63000000,16623141.33112100,93336
2023-05-07,2.20000000,2.20600000,2.03100000,2.03600000,6325115.59000000,13424095.74534000,74959
2023-05-08,2.03500000,2.05500000,1.83400000,1.84700000,9214751.43000000,17803502.69370000,104575
2023-05-09,1.84700000,1.92000000,1.83600000,1.88600000,4847749.33000000,9102191.48699000,55602
2023-05-10,1.88600000,1.94100000,1.88200000,1.92000000,3540248.12000000,6768780.90280000,42274
2023-05-11,1.91900000,1.92400000,1.84400000,1.85600000,2297571.75000000,4334262.70221000,25955
2023-05-12,1.85500000,1.86500000,1.76900000,1.81400000,3609067.63700000,6508856.57801000,40713
2023-05-13,1.81300000,1.85800000,1.80400000,1.84800000,1809028.16000000,3316986.47368000,25585
2023-05-14,1.84800000,1.87400000,1.83600000,1.85600000,1700250.10000000,3148093.19563000,19669
2023-05-15,1.85600000,1.88300000,1.84100000,1.86400000,2069204.79000000,3869196.36775000,22701
2023-05-16,1.86400000,1.87500000,1.83900000,1.86000000,2165706.43000000,4023456.30688000,23867
2023-05-17,1.85900000,1.88000000,1.83500000,1.87700000,2564637.38000000,4762354.91383000,29114
2023-05-18,1.87700000,1.88600000,1.81300000,1.84000000,2852882.09000000,5279411.70855000,25368
2023-05-19,1.84000000,1.84900000,1.81900000,1.83100000,1970992.94000000,3617683.08210000,19886
2023-05-20,1.83100000,1.84900000,1.81700000,1.84000000,896405.88000000,1642593.08848000,13029
2023-05-21,1.83900000,1.84900000,1.80000000,1.80500000,1224663.07000000,2236259.65486000,14265
2023-05-22,1.80600000,1.82600000,1.78700000,1.80200000,1672485.71000000,3023663.85470000,19701
2023-05-23,1.80100000,1.83300000,1.79800000,1.80700000,1453540.71000000,2631919.58580000,19950
2023-05-24,1.80600000,1.80800000,1.63100000,1.64600000,4367319.33000000,7396664.51894000,48318
2023-05-25,1.64500000,1.64800000,1.51500000,1.54000000,7222547.74000000,11251424.86695000,61608
2023-05-26,1.54100000,1.56400000,1.50600000,1.55600000,3615781.98000000,5542005.00742000,37327
2023-05-27,1.55600000,1.56500000,1.53500000,1.55500000,2000225.87000000,3099285.23842000,22565
2023-05-28,1.55500000,1.70400000,1.54800000,1.67700000,4424319.56000000,7138284.97744000,45687
2023-05-29,1.67600000,1.81900000,1.67300000,1.70600000,11203805.39000000,19618000.70403000,95480
2023-05-30,1.70600000,1.74900000,1.70100000,1.72100000,4329379.60000000,7478097.51990000,42904
2023-05-31,1.72000000,1.72300000,1.60200000,1.63500000,3949666.74000000,6534177.71214000,37204
2023-06-01,1.63600000,1.68000000,1.60900000,1.66800000,2434292.49000000,4006130.28834000,27361
2023-06-02,1.66800000,1.77900000,1.65800000,1.76000000,5467558.11000000,9522063.31102000,49653
2023-06-03,1.76000000,1.77700000,1.73800000,1.75400000,3280158.39000000,5760329.14407000,29413
2023-06-04,1.75400000,1.76200000,1.73500000,1.73900000,2399437.20000000,4198950.15394000,22413
2023-06-05,1.74000000,1.75000000,1.51900000,1.57100000,6576336.65000000,10648347.71176000,63082
2023-06-06,1.57100000,1.66600000,1.54600000,1.63300000,4156848.24000000,6635231.51063000,40439
2023-06-07,1.63200000,1.63600000,1.50000000,1.53500000,4128563.59000000,6442348.00557000,41158
2023-06-08,1.53500000,1.59000000,1.52600000,1.56400000,2326805.33000000,3631464.92482000,26486
2023-06-09,1.56500000,1.58100000,1.53500000,1.55800000,1979952.14000000,3087581.17127000,22527
2023-06-10,1.55700000,1.55800000,1.39000000,1.42500000,5644821.19000000,8116578.50256000,55564
2023-06-11,1.42600000,1.42700000,1.39700000,1.40200000,1980829.10000000,2796772.52987000,19514
2023-06-12,1.40200000,1.40500000,1.30200000,1.34500000,5990664.82000000,8049645.56412000,49385
2023-06-13,1.34600000,1.42000000,1.33700000,1.40100000,3518493.07000000,4861644.31697000,33778
2023-06-14,1.40100000,1.44600000,1.33900000,1.35900000,3527350.59000000,4957388.37590000,31873
2023-06-15,1.36000000,1.37500000,1.32200000,1.35200000,3134114.30000000,4225740.87526000,25542
2023-06-16,1.35200000,1.42100000,1.34700000,1.39600000,3339723.24000000,4607160.76107000,34428
2023-06-17,1.39700000,1.45400000,1.38600000,1.42500000,1696332.06000000,2415863.18816000,15630
2023-06-18,1.42500000,1.44000000,1.39600000,1.40200000,1329344.22000000,1889276.72187000,13163
2023-06-19,1.40200000,1.40900000,1.37500000,1.39800000,1796977.41000000,2503272.71208000,16392
2023-06-20,1.39800000,1.41300000,1.36000000,1.41100000,3034658.78000000,4203791.64821000,23954
2023-06-21,1.41200000,1.44600000,1.39900000,1.43300000,5386396.73000000,7663382.86092000,43607
2023-06-22,1.43300000,1.49000000,1.40200000,1.40700000,4793032.19000000,6941685.88257000,35093
2023-06-23,1.40700000,1.45200000,1.39100000,1.43400000,4439082.17000000,6337629.72488000,30399
2023-06-24,1.43500000,1.46300000,1.37700000,1.42100000,4426690.99000000,6327296.22158000,30684
2023-06-25,1.42200000,1.65300000,1.41000000,1.61000000,17959193.96000000,27953242.09874000,104658
2023-06-26,1.61000000,1.62400000,1.52100000,1.53400000,7567983.02000000,11799921.58099000,46207
2023-06-27,1.53500000,1.56300000,1.52500000,1.54800000,3606021.20000000,5583475.96889000,24214
2023-06-28,1.54800000,1.55000000,1.44300000,1.47000000,5223782.73000000,7778506.28231000,33882
2023-06-29,1.46800000,1.50000000,1.46000000,1.48700000,3054867.50000000,4524991.42594000,20386
2023-06-30,1.48700000,1.58100000,1.47600000,1.56100000,6471543.07000000,9964249.85013000,39883
2023-07-01,1.56100000,1.61200000,1.55200000,1.59600000,3400352.85000000,5372203.82980000,22075
2023-07-02,1.59500000,1.60500000,1.56800000,1.57900000,2979233.02000000,4712925.51078000,19458
2023-07-03,1.57900000,1.62500000,1.57500000,1.59600000,4063462.51000000,6504739.43060000,31538
2023-07-04,1.59600000,1.59800000,1.53000000,1.55100000,3829552.30000000,6021344.78953000,27498
2023-07-05,1.55100000,1.56800000,1.49600000,1.51300000,4909754.12000000,7510708.63544000,32658
2023-07-06,1.51200000,1.55000000,1.45200000,1.45500000,3872094.59000000,5810228.65768000,28235
2023-07-07,1.45300000,1.48000000,1.44800000,1.47500000,1527086.23000000,2240119.71346000,14590
2023-07-08,1.47400000,1.48800000,1.45300000,1.46900000,1630673.34000000,2405934.80276000,16157
2023-07-09,1.46900000,1.47400000,1.45000000,1.45800000,1062040.95000000,1550926.88563000,11800
2023-07-10,1.45700000,1.52700000,1.44000000,1.51500000,5364893.77000000,8011535.56023000,40825
2023-07-11,1.51500000,1.52500000,1.49200000,1.50300000,2293481.99000000,3463379.71091000,21891
2023-07-12,1.50300000,1.51200000,1.46000000,1.48800000,2205815.71000000,3278404.97314000,19126
2023-07-13,1.48800000,1.59100000,1.47500000,1.58100000,5713188.97000000,8807438.65811000,38943
2023-07-14,1.58100000,1.64600000,1.53000000,1.55400000,8124969.55000000,12984894.20005000,52380
2023-07-15,1.55400000,1.58100000,1.53000000,1.53900000,2500796.95000000,3890233.47450000,23829
2023-07-16,1.53700000,1.54500000,1.50000000,1.50200000,1754868.03000000,2674135.90269000,17000
2023-07-17,1.50100000,1.59000000,1.48900000,1.54900000,6831374.02000000,10514109.02001000,44529
2023-07-18,1.54900000,1.56400000,1.50400000,1.51100000,3165331.94000000,4836770.69262000,21881
2023-07-19,1.51000000,1.53300000,1.50600000,1.51600000,1735739.07000000,2633259.02577000,16112
2023-07-20,1.51600000,1.60000000,1.50800000,1.54100000,3355922.70000000,5166031.47142000,23265
2023-07-21,1.54100000,1.55500000,1.53300000,1.53800000,1767343.65000000,2730002.57718000,13617
2023-07-22,1.53900000,1.55500000,1.51700000,1.52500000,1377207.09000000,2118384.36955000,11177
2023-07-23,1.52500000,1.54900000,1.51700000,1.53600000,959705.93000000,1472225.12858000,9856
2023-07-24,1.53500000,1.53700000,1.47900000,1.49700000,2255757.60000000,3393325.81957000,18523
2023-07-25,1.49600000,1.49700000,1.47000000,1.48500000,1464691.28000000,2173070.18325000,14391
2023-07-26,1.48500000,1.48800000,1.46300000,1.48000000,2075652.25000000,3061699.52495000,18936
2023-07-27,1.47900000,1.50500000,1.47700000,1.49600000,1476357.28000000,2204411.43284000,15486
2023-07-28,1.49600000,1.52500000,1.48900000,1.51300000,2372419.07000000,3572270.69189000,18619
2023-07-29,1.51400000,1.51900000,1.50000000,1.51000000,990734.05000000,1493484.12012000,8142
2023-07-30,1.51000000,1.51200000,1.48600000,1.49500000,1570247.51000000,2356497.73019000,13646
2023-07-31,1.49500000,1.65000000,1.48600000,1.54900000,14437309.00000000,22615328.14568000,96043
2023-08-01,1.54900000,1.56400000,1.52100000,1.54800000,5112704.63000000,7883812.28831000,34477
2023-08-02,1.54800000,1.59000000,1.48600000,1.51100000,2908446.18000000,4439029.87644000,21055
2023-08-03,1.51000000,1.51800000,1.49300000,1.50800000,1546663.54000000,2328271.89826000,13201
2023-08-04,1.50800000,1.52300000,1.49700000,1.50500000,1718422.08000000,2596650.01650000,13554
2023-08-05,1.50400000,1.50500000,1.48400000,1.49500000,1408183.05000000,2103908.44664000,13291
2023-08-06,1.49600000,1.51200000,1.48800000,1.48900000,1719205.32000000,2577712.39435000,12707
2023-08-07,1.48900000,1.50800000,1.46600000,1.48200000,2646710.84000000,3947582.16179000,17386
2023-08-08,1.48200000,1.51800000,1.47200000,1.50000000,1945965.02000000,2912149.59615000,13725
2023-08-09,1.50000000,1.50500000,1.48300000,1.49100000,1637141.27000000,2446739.06891000,12082
2023-08-10,1.49100000,1.49400000,1.46700000,1.47200000,1449631.02000000,2143320.05722000,11993
2023-08-11,1.47200000,1.47600000,1.45300000,1.46000000,1191507.59000000,1744936.25835000,11397
2023-08-12,1.46000000,1.47200000,1.45700000,1.45900000,926832.48000000,1357391.90920000,11321
2023-08-13,1.45900000,1.48900000,1.45700000,1.47200000,2545463.26000000,3750608.07248000,16452
2023-08-14,1.47200000,1.50000000,1.46400000,1.49300000,2001595.64000000,2971054.29676000,13822
2023-08-15,1.49300000,1.50000000,1.44800000,1.45800000,2996314.50000000,4409286.40887000,19459
2023-08-16,1.45700000,1.46500000,1.41100000,1.42500000,2390787.17000000,3435601.26627000,19008
2023-08-17,1.42400000,1.42700000,1.30500000,1.34000000,4124136.98000000,5673944.80743000,32487
2023-08-18,1.34100000,1.35000000,1.30500000,1.31600000,3119478.85000000,4130819.11573000,22173
2023-08-19,1.31600000,1.32900000,1.29700000,1.32100000,2248106.03000000,2949598.17387000,17497
2023-08-20,1.32100000,1.32400000,1.29300000,1.31500000,1236049.40000000,1622830.28292000,12070
2023-08-21,1.31600000,1.32500000,1.25500000,1.27600000,2977101.94000000,3822344.74315000,20444
2023-08-22,1.27700000,1.28200000,1.22100000,1.24200000,3510393.70000000,4397367.79024000,25500
2023-08-23,1.24400000,1.28600000,1.24200000,1.27200000,2190251.92000000,2772123.37520000,17174
2023-08-24,1.27200000,1.29500000,1.26200000,1.28200000,2764467.65000000,3540566.89298000,21830
2023-08-25,1.28100000,1.28500000,1.25700000,1.28000000,1601584.91000000,2033697.28676000,13936
2023-08-26,1.28000000,1.28700000,1.26500000,1.26700000,1073732.74000000,1368130.71503000,9891
2023-08-27,1.26700000,1.28100000,1.26500000,1.27400000,1185951.59000000,1510414.44369000,13776
2023-08-28,1.27300000,1.27800000,1.25300000,1.27600000,1445168.92000000,1832089.95519000,13007
2023-08-29,1.27600000,1.35000000,1.26100000,1.30900000,3274437.84000000,4281151.28617000,23917
2023-08-30,1.30900000,1.31300000,1.27800000,1.28800000,1956820.77000000,2529326.18339000,15134
2023-08-31,1.28800000,1.29600000,1.23700000,1.24500000,2814158.42000000,3583352.09367000,21944
2023-09-01,1.24400000,1.25400000,1.21700000,1.23100000,1937552.99000000,2387501.00956000,17190
2023-09-02,1.23100000,1.24200000,1.22900000,1.23700000,1275716.76000000,1576990.73334000,12781
2023-09-03,1.23700000,1.23800000,1.22600000,1.23000000,932151.15000000,1147894.78391000,12665
2023-09-04,1.23100000,1.24700000,1.23000000,1.23900000,1895796.98000000,2345242.30338000,18146
2023-09-05,1.23900000,1.24500000,1.22700000,1.23800000,1252984.24000000,1550791.73342000,12114
2023-09-06,1.23800000,1.25100000,1.22100000,1.23700000,1520440.43000000,1881612.18346000,14063
2023-09-07,1.23700000,1.25700000,1.23000000,1.25400000,2294072.69000000,2848685.20360000,15530
2023-09-08,1.25400000,1.26600000,1.22900000,1.24000000,1778778.66000000,2216886.53982000,15325
2023-09-09,1.24000000,1.24600000,1.23600000,1.23700000,922259.76000000,1145169.50123000,9718
2023-09-10,1.23700000,1.23700000,1.21300000,1.22600000,2174788.66000000,2663074.44144000,17259
2023-09-11,1.22500000,1.22800000,1.12900000,1.14000000,4918198.81000000,5761488.53545000,31735
2023-09-12,1.14000000,1.18000000,1.13300000,1.16400000,2536724.33000000,2947031.15659000,19839
2023-09-13,1.16400000,1.18500000,1.15300000,1.16900000,2023514.91000000,2360782.61879000,15752
2023-09-14,1.16900000,1.18100000,1.15600000,1.16400000,1638066.97000000,1915160.60993000,12867
2023-09-15,1.16400000,1.17000000,1.14700000,1.16700000,2603511.68000000,3025210.61134000,17230
2023-09-16,1.16700000,1.17700000,1.16400000,1.17000000,2043909.51000000,2391627.52013000,13977
2023-09-17,1.16900000,1.18900000,1.16100000,1.18000000,2343679.53000000,2753982.72951000,15461
2023-09-18,1.18000000,1.21200000,1.17000000,1.17900000,3455708.64000000,4109153.24241000,21478
2023-09-19,1.17900000,1.19500000,1.17200000,1.18500000,1675829.44000000,1983823.22306000,12278
2023-09-20,1.18500000,1.18900000,1.16600000,1.17100000,1454594.14000000,1710095.79807000,11881
2023-09-21,1.17100000,1.18300000,1.13800000,1.14600000,2660466.12000000,3069617.32897000,15167
2023-09-22,1.14600000,1.15600000,1.14000000,1.15400000,1475442.60000000,1696821.11336000,10612
2023-09-23,1.15500000,1.15700000,1.14300000,1.14500000,734256.21000000,843862.60329000,8109
2023-09-24,1.14500000,1.15200000,1.13100000,1.13700000,1311984.29000000,1502472.72308000,11225
2023-09-25,1.13700000,1.14900000,1.12600000,1.14800000,1786215.96000000,2038554.80741000,12127
2023-09-26,1.14800000,1.16100000,1.14400000,1.15400000,1707601.63000000,1968123.73238000,12035
2023-09-27,1.15500000,1.17200000,1.14800000,1.15300000,1801995.18000000,2088371.32191000,13355
2023-09-28,1.15200000,1.17800000,1.14900000,1.17200000,1731007.00000000,2013367.44301000,13242
2023-09-29,1.17200000,1.18600000,1.16700000,1.17100000,1506141.41000000,1769748.19199000,10945
2023-09-30,1.17100000,1.17600000,1.16000000,1.16900000,1273932.96000000,1491251.73642000,9491
2023-10-01,1.16900000,1.19200000,1.16100000,1.18900000,2586713.28000000,3040969.94228000,14830
2023-10-02,1.19000000,1.28200000,1.18400000,1.23700000,9122498.16000000,11137860.52211000,40701
2023-10-03,1.23600000,1.24800000,1.18100000,1.19100000,5481967.01000000,6643903.32923000,24918
2023-10-04,1.19000000,1.19400000,1.17400000,1.18900000,2575186.75000000,3049885.47635000,12680
2023-10-05,1.19000000,1.19300000,1.17000000,1.17400000,1902058.91000000,2249537.21993000,9835
2023-10-06,1.17400000,1.20100000,1.17200000,1.19400000,1949522.66000000,2307844.74718000,10283
2023-10-07,1.19300000,1.19400000,1.18200000,1.18400000,835248.73000000,992106.10206000,4675
2023-10-08,1.18300000,1.19000000,1.16000000,1.17900000,2225552.87000000,2614868.57743000,13850
2023-10-09,1.18000000,1.18500000,1.13500000,1.14700000,3563157.67000000,4120415.20688000,16805
2023-10-10,1.14700000,1.17600000,1.14400000,1.15200000,2737511.84000000,3164775.30594000,14869
2023-10-11,1.15100000,1.15700000,1.10000000,1.11500000,3340005.12000000,3751528.65911000,18181
2023-10-12,1.11500000,1.11500000,1.08800000,1.09500000,1909883.81000000,2099744.51834000,11732
2023-10-13,1.09400000,1.10200000,1.08100000,1.09000000,2158321.17000000,2350590.42185000,15776
2023-10-14,1.09000000,1.11500000,1.06800000,1.10600000,5079330.62000000,5526744.69984000,22190
2023-10-15,1.10700000,1.14000000,1.10700000,1.13500000,2909745.89000000,3269721.33825000,14688
2023-10-16,1.13500000,1.17900000,1.13000000,1.15000000,3311684.45000000,3805212.13909000,17552
2023-10-17,1.14900000,1.15300000,1.09700000,1.10200000,2229448.43000000,2501549.36796000,12662
2023-10-18,1.10300000,1.11500000,1.05000000,1.06400000,3033238.31000000,3285180.54864000,16497
2023-10-19,1.06500000,1.07100000,1.05100000,1.05400000,1617903.46000000,1713510.56567000,11311
2023-10-20,1.05300000,1.08500000,1.05100000,1.06100000,2517873.94000000,2687268.64564000,13915
2023-10-21,1.06100000,1.14200000,1.05900000,1.11800000,5997487.99000000,6634761.68936000,23696
2023-10-22,1.11800000,1.14100000,1.09500000,1.11800000,3771757.37000000,4217665.87560000,16700
2023-10-23,1.11900000,1.19900000,1.11700000,1.18400000,5303043.52000000,6105160.21015000,27394
2023-10-24,1.18500000,1.24200000,1.17600000,1.19300000,6903945.97000000,8334499.81979000,33101
2023-10-25,1.19300000,1.21100000,1.18200000,1.19000000,3124610.43000000,3735009.04135000,15857
2023-10-26,1.19000000,1.23300000,1.18400000,1.20800000,4256752.23000000,5140836.89004000,22017
2023-10-27,1.20900000,1.26600000,1.19300000,1.22300000,5291204.58000000,6505321.15687000,25475
2023-10-28,1.22300000,1.24600000,1.22100000,1.23000000,2656330.07000000,3273963.27434000,15141
2023-10-29,1.23100000,1.24800000,1.21800000,1.24000000,1816993.32000000,2238252.91632000,10712
2023-10-30,1.24000000,1.25400000,1.22400000,1.24700000,2824429.79000000,3502954.38287000,15545
2023-10-31,1.24800000,1.25400000,1.22000000,1.23200000,2445500.15000000,3021301.84266000,14942
2023-11-01,1.23300000,1.35300000,1.21400000,1.33500000,7480770.32000000,9575960.51756000,37158
2023-11-02,1.33500000,1.69800000,1.33200000,1.56200000,58883202.01000000,91430085.87099000,380779
2023-11-03,1.56200000,1.56400000,1.45300000,1.51400000,21390272.39000000,32265246.24764000,135235
2023-11-04,1.51300000,1.95500000,1.50500000,1.86000000,56896605.27000000,102670551.90435000,437434
2023-11-05,1.86000000,2.48000000,1.83800000,2.37200000,77886484.78000000,172986466.09158000,552660
2023-11-06,2.37100000,2.50800000,2.20700000,2.38200000,37362546.12000000,87737542.09399000,291561
2023-11-07,2.38300000,2.40200000,2.09100000,2.19100000,25430011.72000000,56756678.31878000,191403
2023-11-08,2.19300000,2.28900000,2.11000000,2.16700000,16898578.49000000,36737574.60442000,118111
2023-11-09,2.16700000,2.27000000,1.78200000,2.01700000,29196112.09000000,61232564.78557000,210295
2023-11-10,2.01700000,2.11000000,1.94600000,2.01700000,16945997.52000000,34040132.11703000,114276
2023-11-11,2.01700000,2.43600000,1.94800000,2.36700000,32180946.39000000,71033596.74859000,229101
2023-11-12,2.36700000,2.37300000,2.12800000,2.17200000,17781416.63000000,39182352.99220000,136489
2023-11-13,2.17200000,2.29900000,2.07500000,2.11100000,21635282.04000000,47077037.46315000,157080
2023-11-14,2.11200000,2.36300000,2.05700000,2.34000000,26799268.06000000,59870195.19646000,199833
2023-11-15,2.33900000,2.84500000,2.33800000,2.69200000,48692021.57000000,127114443.14994000,415893
2023-11-16,2.69300000,2.75300000,2.44600000,2.54000000,20843468.68000000,53977537.13757000,189479
2023-11-17,2.54100000,2.66300000,2.37000000,2.48600000,15687260.70000000,39394704.12330000,144672
2023-11-18,2.48600000,2.48600000,2.27500000,2.45600000,9417020.27000000,22441202.01830000,87448
2023-11-19,2.45600000,2.54500000,2.39800000,2.51800000,6990319.85000000,17198313.21599000,73222
2023-11-20,2.51800000,2.82000000,2.43800000,2.60000000,19318365.78000000,50506020.89364000,195080
2023-11-21,2.60100000,2.75800000,2.23300000,2.25300000,28392935.71000000,71770599.75798000,294989
2023-11-22,2.25300000,2.48200000,2.23100000,2.45700000,13517945.76000000,32167136.21223000,108388
2023-11-23,2.45700000,2.53200000,2.33900000,2.39300000,8654682.84000000,20968059.15791000,77283
2023-11-24,2.39400000,2.44400000,2.36200000,2.37900000,5361059.54000000,12866523.35247000,49748
2023-11-25,2.37800000,2.47900000,2.35200000,2.41800000,8900283.53000000,21413264.69493000,70988
2023-11-26,2.41800000,2.42800000,2.28800000,2.33500000,5811486.38000000,13765113.75368000,51268
2023-11-27,2.33500000,2.35200000,2.13500000,2.19600000,8780348.14000000,19648686.49465000,63257
2023-11-28,2.19600000,2.28000000,2.13700000,2.24400000,5171993.96000000,11443367.12251000,41948
2023-11-29,2.24300000,2.26600000,2.18100000,2.22200000,5070698.04000000,11287757.30275000,38204
2023-11-30,2.22200000,2.29900000,2.22200000,2.28100000,5257277.88000000,11902942.40454000,40751
2023-12-01,2.28200000,2.34700000,2.26400000,2.33700000,4163203.35000000,9646460.22012000,32309
2023-12-02,2.33600000,2.38100000,2.29900000,2.37200000,4345494.58000000,10143454.68140000,31831
2023-12-03,2.37300000,2.43000000,2.32900000,2.35100000,7308131.59000000,17308930.04527000,54805
2023-12-04,2.35200000,2.45400000,2.30000000,2.40400000,10014602.63000000,23914579.15191000,82270
2023-12-05,2.40300000,2.71600000,2.32700000,2.54500000,19418053.18000000,48510062.50605000,169428
2023-12-06,2.54400000,2.67900000,2.37700000,2.39100000,16210755.40000000,40640426.26246000,130431
2023-12-07,2.39000000,2.48200000,2.34800000,2.45300000,7489515.89000000,18127780.79395000,60294
2023-12-08,2.45200000,2.53200000,2.43500000,2.52600000,6369745.92000000,15788364.25413000,53301
2023-12-09,2.52500000,2.59700000,2.44800000,2.46000000,8921437.98000000,22640724.81579000,74427
2023-12-10,2.46000000,2.51700000,2.45400000,2.49500000,5050133.51000000,12584009.74280000,40496
2023-12-11,2.49400000,2.50500000,2.20000000,2.44000000,11508950.33000000,27656738.42042000,99137
2023-12-12,2.43900000,2.56800000,2.42200000,2.50500000,12225953.23000000,30803903.41639000,99740
2023-12-13,2.50500000,2.51000000,2.36900000,2.45600000,7661563.26000000,18594428.12508000,59852
2023-12-14,2.45600000,2.46800000,2.38000000,2.42000000,6248301.76000000,15191284.21485000,56657
2023-12-15,2.42100000,2.42500000,2.24300000,2.25500000,7042529.87000000,16470710.31316000,55543
2023-12-16,2.25500000,2.32800000,2.23500000,2.29900000,3695037.12000000,8512220.84564000,36754
2023-12-17,2.29800000,2.30300000,2.22700000,2.23500000,3858739.75000000,8747791.62730000,32173
2023-12-18,2.23600000,2.25000000,2.07600000,2.21800000,8001784.27000000,17437053.31010000,72866
2023-12-19,2.21800000,2.29100000,2.15200000,2.16000000,5558320.00000000,12379821.14442000,51673
2023-12-20,2.16100000,2.26700000,2.14100000,2.24000000,6174401.65000000,13667908.81050000,55179
2023-12-21,2.23900000,2.74600000,2.20800000,2.51900000,38303549.12000000,97532698.82064000,310396
2023-12-22,2.51800000,2.56500000,2.43100000,2.54000000,13487656.55000000,33801784.06873000,112342
2023-12-23,2.54000000,2.99300000,2.47000000,2.88700000,27626899.51000000,76209984.51651000,274337
2023-12-24,2.88700000,3.12300000,2.72000000,2.83500000,27601712.94000000,80037182.01280000,283421
2023-12-25,2.83600000,2.97100000,2.79200000,2.91200000,11329064.64000000,32568715.40694000,117601
2023-12-26,2.91200000,3.79000000,2.86200000,3.53800000,49458502.61000000,166229635.28322000,561213
2023-12-27,3.53600000,3.67700000,3.28700000,3.58100000,24344609.40000000,84548885.45031000,290478
2023-12-28,3.58100000,4.00000000,3.35100000,3.59200000,36784603.38000000,136698951.86578000,493032
2023-12-29,3.59300000,3.83800000,3.37200000,3.46300000,19428230.60000000,69823960.14421000,246601
2023-12-30,3.46400000,3.69200000,3.45300000,3.53400000,10284193.51000000,36881283.81873000,153346
2023-12-31,3.53300000,3.66900000,3.42200000,3.47200000,7466913.32000000,26624250.69209000,107720
2024-01-01,3.47200000,3.53900000,3.33100000,3.50200000,7318325.36000000,25203981.09677000,98112
2024-01-02,3.50200000,3.65300000,3.40000000,3.51100000,8983094.16000000,31695367.89272000,130358
2024-01-03,3.51000000,3.79700000,2.70000000,3.14300000,21601484.76000000,72818126.99429000,315465
2024-01-04,3.14200000,3.28700000,3.07100000,3.21200000,9596705.14000000,30632566.07398000,120091
2024-01-05,3.21300000,3.30000000,2.91200000,3.02500000,6817593.97000000,21144148.50693000,96547
2024-01-06,3.02600000,3.02800000,2.83200000,2.94200000,4656773.32000000,13623172.98743000,66291
2024-01-07,2.94000000,3.08100000,2.83600000,2.86800000,5304583.66000000,15735463.81041000,71002
2024-01-08,2.86800000,3.10000000,2.69000000,2.97700000,8094663.25000000,22997735.20387000,94774
2024-01-09,2.97700000,2.99700000,2.73500000,2.81800000,6816300.44000000,19488043.05710000,89919
2024-01-10,2.81800000,3.04400000,2.68500000,2.98200000,9211841.63000000,26168826.60332000,108253
2024-01-11,2.98200000,3.18500000,2.92700000,3.04300000,10234667.39000000,31313686.14664000,115263
2024-01-12,3.04300000,3.09100000,2.81100000,2.89500000,7803437.48000000,23302769.76063000,96073
2024-01-13,2.89400000,2.97600000,2.81800000,2.95200000,3548072.37000000,10333453.66845000,45776
2024-01-14,2.95200000,2.99300000,2.85600000,2.85900000,3373956.18000000,9889446.14762000,44883
2024-01-15,2.85900000,3.02500000,2.85400000,2.95400000,5402852.10000000,15992713.21854000,60621
2024-01-16,2.95400000,2.99800000,2.90300000,2.96200000,3527012.65000000,10427944.80875000,44726
2024-01-17,2.96300000,2.97600000,2.86700000,2.89800000,3720950.47000000,10862876.90922000,41430
2024-01-18,2.89700000,2.89900000,2.73400000,2.79500000,3465337.38000000,9784334.73267000,43656
2024-01-19,2.79600000,2.79800000,2.60800000,2.72700000,4385315.06000000,11899058.62391000,54148
2024-01-20,2.72700000,2.73700000,2.69200000,2.73600000,2390275.90000000,6496414.99098000,24187
2024-01-21,2.73600000,2.80400000,2.72300000,2.73100000,2439507.52000000,6723783.28191000,26743
2024-01-22,2.73200000,2.74500000,2.50400000,2.52900000,4807203.46000000,12562443.65856000,50815
2024-01-23,2.52900000,2.56500000,2.32500000,2.43700000,5708282.86000000,13865988.52901000,60052
2024-01-24,2.43600000,2.50200000,2.39100000,2.48200000,4307295.26000000,10548759.01325000,41689
2024-01-25,2.48200000,2.48600000,2.41000000,2.46400000,3149749.90000000,7733663.06249000,30938
2024-01-26,2.46400000,2.59900000,2.44200000,2.56000000,3051554.50000000,7745065.46122000,29012
2024-01-27,2.56000000,2.61400000,2.55600000,2.60000000,1870689.36000000,4838877.99235000,18153
2024-01-28,2.60000000,2.62800000,2.53300000,2.54900000,2563592.66000000,6641244.30762000,24286
2024-01-29,2.54900000,2.63900000,2.54100000,2.63300000,2502555.88000000,6472493.98185000,23207
2024-01-30,2.63400000,2.64600000,2.56500000,2.58400000,2627553.88000000,6874208.38033000,25610
2024-01-31,2.58500000,2.59200000,2.46400000,2.48600000,2833352.61000000,7161970.31197000,32911
2024-02-01,2.48700000,2.50200000,2.43200000,2.45500000,2348946.42000000,5768780.44283000,27275
2024-02-02,2.45500000,2.48600000,2.43500000,2.45500000,1787547.36000000,4399640.90359000,19775
2024-02-03,2.45500000,2.47100000,2.41200000,2.42900000,1590350.85000000,3880974.29005000,16409
2024-02-04,2.42800000,2.52300000,2.40400000,2.43000000,3055013.51000000,7504822.54719000,32181
2024-02-05,2.43000000,2.46300000,2.36600000,2.40600000,3312447.94000000,7987655.96157000,34815
2024-02-06,2.40700000,2.45000000,2.39800000,2.43500000,1557883.72000000,3772522.84052000,16443
2024-02-07,2.43600000,2.48400000,2.40700000,2.47600000,2296293.72000000,5621694.13072000,20754
2024-02-08,2.47600000,2.52800000,2.46000000,2.48700000,3038726.57000000,7566731.89785000,25079
2024-02-09,2.48700000,2.59800000,2.48400000,2.58600000,3378799.33000000,8593381.10570000,28445
2024-02-10,2.58600000,2.61800000,2.52500000,2.55900000,2073121.32000000,5334337.06939000,19658
2024-02-11,2.56000000,2.59700000,2.52500000,2.53100000,2152860.05000000,5525985.31444000,26283
2024-02-12,2.53200000,2.61000000,2.46900000,2.59300000,4787517.70000000,12139562.73343000,43535
2024-02-13,2.59200000,2.60600000,2.50000000,2.53400000,4945267.89000000,12647626.42065000,40534
2024-02-14,2.53400000,2.70900000,2.51800000,2.70300000,6219972.83000000,16373131.17043000,56208
2024-02-15,2.70400000,2.88800000,2.70300000,2.79300000,12057046.93000000,33579773.59425000,121119
2024-02-16,2.79400000,2.88300000,2.70200000,2.76100000,6582972.01000000,18411997.70987000,65357
2024-02-17,2.76100000,2.82700000,2.65500000,2.73000000,5013045.78000000,13714295.56813000,55706
2024-02-18,2.73000000,2.80000000,2.72200000,2.77400000,4548200.21000000,12557212.76030000,50888
2024-02-19,2.77500000,2.83800000,2.74600000,2.78800000,5495237.28000000,15340582.27335000,55546
2024-02-20,2.78700000,2.86000000,2.64100000,2.74800000,8261578.11000000,22908370.13803000,84322
2024-02-21,2.74800000,2.76000000,2.62200000,2.74100000,6170907.83000000,16589624.38098000,73503
2024-02-22,2.74100000,2.95900000,2.72200000,2.89500000,11460898.85000000,32470809.33098000,128439
2024-02-23,2.89400000,3.32400000,2.82100000,3.14000000,24131894.03000000,74180578.93371000,288946
2024-02-24,3.14000000,3.42200000,3.07000000,3.22600000,16521553.18000000,53946477.58438000,193920
2024-02-25,3.22500000,3.24900000,3.11000000,3.13600000,5455293.17000000,17256579.39971000,72848
2024-02-26,3.13500000,3.29600000,3.00000000,3.26500000,8514475.79000000,27065322.73937000,115744
2024-02-27,3.26400000,3.28400000,3.08100000,3.15400000,7561834.90000000,24132956.55616000,105800
2024-02-28,3.15400000,3.30000000,2.83000000,3.13100000,10501532.38000000,33065306.57290000,156127
2024-02-29,3.13200000,3.25000000,3.01200000,3.08300000,9151499.16000000,28894643.12822000,130160
2024-03-01,3.08300000,3.27600000,3.08200000,3.19900000,7116046.71000000,22508082.08037000,107724
2024-03-02,3.19900000,3.34900000,3.13400000,3.34000000,9781717.58000000,31788212.40368000,124993
2024-03-03,3.34000000,3.44100000,3.14500000,3.32000000,8922386.26000000,29518725.08982000,128973
2024-03-04,3.32100000,3.49000000,3.25300000,3.35000000,10782341.74000000,36166212.45455000,139174
2024-03-05,3.35100000,3.37000000,2.55200000,3.02300000,17298949.43000000,54717385.35347000,233097
2024-03-06,3.02000000,3.31400000,2.92200000,3.31000000,11678233.57000000,36860710.07991000,152181
2024-03-07,3.31100000,3.63500000,3.21000000,3.59300000,11238793.18000000,38523155.42623000,167925
2024-03-08,3.59300000,3.73600000,3.35000000,3.59500000,12686875.54000000,45352504.22450000,191275
2024-03-09,3.59500000,3.74900000,3.55500000,3.73200000,7883733.47000000,28800855.50082000,107985
2024-03-10,3.73400000,4.30900000,3.70200000,3.99200000,21825863.97000000,87876358.91091000,330985
2024-03-11,3.99200000,4.12900000,3.80000000,4.08300000,13637639.20000000,54555539.07026000,208353
2024-03-12,4.08400000,4.36200000,3.97400000,4.24600000,17983137.89000000,75612718.71307000,328920
2024-03-13,4.24600000,5.24300000,4.16800000,5.17500000,21241290.30000000,99636460.13549000,411682
2024-03-14,5.17500000,5.20700000,4.50000000,4.75900000,18109336.75000000,87073927.47573000,345952
2024-03-15,4.75900000,4.88300000,4.10800000,4.87900000,17086244.81000000,77575812.17040000,367553
2024-03-16,4.87700000,5.04300000,4.17100000,4.23800000,11739128.91000000,53174449.08336000,276351
2024-03-17,4.23700000,4.40400000,3.97400000,4.21700000,8758383.59000000,36792301.04380000,175435
2024-03-18,4.21500000,4.35600000,3.93100000,3.98700000,8083251.50000000,33189169.91806000,160052
2024-03-19,3.98500000,4.03500000,3.50000000,3.64100000,12428039.42000000,46099121.11080000,239421
2024-03-20,3.64100000,3.98700000,3.50500000,3.98100000,8349029.07000000,31254238.00075000,178446
2024-03-21,3.97900000,4.32000000,3.83200000,4.05800000,10857542.97000000,44035866.54160000,196254
2024-03-22,4.05900000,4.36400000,3.93800000,4.08700000,10003022.25000000,41475397.10830000,212636
2024-03-23,4.08600000,4.18000000,4.02000000,4.06800000,3785361.34000000,15554177.89347000,81151
2024-03-24,4.06700000,4.20300000,4.02300000,4.18300000,4465319.10000000,18323629.36913000,94807
2024-03-25,4.18400000,4.53300000,4.12900000,4.41900000,10714388.71000000,47147199.01973000,191437
2024-03-26,4.41900000,4.55300000,4.29400000,4.39400000,5394079.62000000,23918319.53097000,107450
2024-03-27,4.39300000,4.46500000,4.23400000,4.42400000,6827637.02000000,29869352.22634000,125923
2024-03-28,4.42500000,4.73700000,4.42100000,4.60300000,8669748.24000000,39755768.16972000,159212
2024-03-29,4.60300000,4.83000000,4.57100000,4.68500000,8018333.75000000,37715037.15481000,138798
2024-03-30,4.68600000,4.69700000,4.53500000,4.58800000,3247986.55000000,15010589.52212000,64080
2024-03-31,4.58800000,4.66000000,4.57600000,4.62400000,2128278.13000000,9838158.86558000,45955
2024-04-01,4.62600000,4.64200000,4.18600000,4.28400000,6213724.26000000,27239373.81992000,128194
2024-04-02,4.28400000,4.29100000,3.90400000,3.92000000,7324770.49000000,29583411.97206000,144958
2024-04-03,3.92000000,4.06100000,3.78100000,3.97300000,4929653.51000000,19435990.66815000,96722
2024-04-04,3.97300000,4.12600000,3.89600000,4.01100000,5417940.24000000,21724221.88244000,97312
2024-04-05,4.01100000,4.03900000,3.76400000,3.83900000,4297367.24000000,16612854.01623000,75913
2024-04-06,3.83900000,3.99400000,3.81500000,3.91500000,2130088.43000000,8314154.17650000,38814
2024-04-07,3.91500000,3.98100000,3.85900000,3.92600000,1923185.96000000,7551174.31844000,37259
2024-04-08,3.92600000,4.07600000,3.86100000,4.03800000,2944331.34000000,11783171.37822000,51726
2024-04-09,4.03800000,4.06500000,3.79500000,3.84800000,3881059.72000000,15147407.32342000,70642
2024-04-10,3.84800000,3.91600000,3.68000000,3.85400000,5545596.97000000,21082482.87991000,85320
2024-04-11,3.85500000,3.86100000,3.66800000,3.72000000,3792785.75000000,14248025.49605000,69273
2024-04-12,3.72000000,3.83800000,3.06000000,3.19100000,10508929.05000000,35818860.56037000,215312
2024-04-13,3.19100000,3.29200000,2.41900000,2.69200000,14777338.26000000,42217304.82052000,229601
2024-04-14,2.69000000,2.86200000,2.55700000,2.81900000,10117659.03000000,27434085.56846000,166400
2024-04-15,2.81800000,3.01700000,2.69200000,2.75700000,7521139.01000000,21392482.90776000,116049
2024-04-16,2.75900000,2.78500000,2.58900000,2.72200000,5826524.62000000,15699177.96818000,80695
2024-04-17,2.72200000,2.76700000,2.55600000,2.66100000,4808405.45000000,12854443.64364000,74915
2024-04-18,2.66100000,2.79200000,2.61200000,2.77600000,3630604.91000000,9855777.29056000,59808
2024-04-19,2.77600000,2.83600000,2.58700000,2.77500000,6138750.78000000,16880117.80824000,88064
2024-04-20,2.77600000,2.94400000,2.74000000,2.92600000,3398074.06000000,9684541.74710000,54264
2024-04-21,2.92600000,2.95400000,2.83600000,2.91100000,3404731.75000000,9884416.17318000,43589
2024-04-22,2.91100000,3.06400000,2.89600000,3.02400000,3586388.32000000,10746692.63963000,47795
2024-04-23,3.02400000,3.06600000,2.96500000,2.99500000,2955113.15000000,8884030.56856000,35901
2024-04-24,2.99500000,3.06700000,2.87800000,2.90500000,4554646.72000000,13538713.49117000,63437
2024-04-25,2.90700000,2.92000000,2.73500000,2.80700000,5610882.12000000,15868663.46117000,56692
2024-04-26,2.80700000,2.82000000,2.70500000,2.73900000,2917454.41000000,8063596.30777000,40020
2024-04-27,2.74200000,2.76400000,2.65300000,2.74800000,2503254.30000000,6791844.04539000,35828
2024-04-28,2.74900000,2.79800000,2.71900000,2.72700000,2230621.52000000,6175238.13612000,27679
2024-04-29,2.72700000,2.74900000,2.63900000,2.69500000,3128750.55000000,8401347.97594000,43224
2024-04-30,2.69500000,2.74300000,2.44100000,2.57700000,5517370.03000000,14094410.24967000,66957
2024-05-01,2.57700000,2.59100000,2.37500000,2.52400000,5461735.54000000,13548447.59426000,71085
2024-05-02,2.52500000,2.56600000,2.43800000,2.53600000,2624028.68000000,6584309.98926000,35270
2024-05-03,2.53500000,2.72500000,2.52300000,2.70900000,2902646.47000000,7590615.52374000,44052
2024-05-04,2.71000000,2.73500000,2.66500000,2.69300000,2223196.90000000,6002877.43662000,33707
2024-05-05,2.69300000,2.74800000,2.64300000,2.71700000,2108827.50000000,5680625.24769000,31931
2024-05-06,2.71700000,2.80800000,2.65500000,2.66000000,3649085.16000000,9921756.95887000,48951
2024-05-07,2.65900000,2.71500000,2.60200000,2.60500000,2186259.28000000,5833051.19898000,32941
2024-05-08,2.60400000,2.66400000,2.58800000,2.64900000,2571926.29000000,6743796.89684000,36305
2024-05-09,2.64800000,2.73600000,2.63100000,2.71600000,2566454.06000000,6896633.56428000,38520
2024-05-10,2.71600000,2.72500000,2.59600000,2.61200000,2334011.68000000,6205966.67010000,34964
2024-05-11,2.61200000,2.64300000,2.58400000,2.60300000,1185204.33000000,3097220.97374000,20572
2024-05-12,2.60300000,2.63300000,2.57100000,2.59300000,1098164.69000000,2859443.44097000,17125
2024-05-13,2.59300000,2.65500000,2.51200000,2.60000000,2906869.57000000,7545577.33593000,42811
2024-05-14,2.59900000,2.60500000,2.47300000,2.48200000,2639706.68000000,6697575.78748000,42181
2024-05-15,2.48200000,2.62400000,2.46000000,2.60300000,3439463.76000000,8725903.72562000,44793
2024-05-16,2.60200000,2.64500000,2.54700000,2.58000000,2538823.01000000,6592379.11044000,32241
2024-05-17,2.58100000,2.70000000,2.56600000,2.67000000,2394797.99000000,6347357.15668000,30517
2024-05-18,2.67100000,2.70900000,2.64200000,2.68300000,1728910.27000000,4627130.11101000,20880
2024-05-19,2.68300000,2.70200000,2.57300000,2.58400000,1679792.47000000,4423668.34126000,23812
2024-05-20,2.58500000,2.78900000,2.54700000,2.76700000,4300348.07000000,11451763.68234000,56301
2024-05-21,2.76800000,2.96900000,2.74500000,2.85000000,8238601.06000000,23665085.85117000,110438
2024-05-22,2.85000000,2.97900000,2.85000000,2.94500000,5536685.19000000,16130983.40731000,77653
2024-05-23,2.94500000,3.02300000,2.82100000,2.96300000,6247199.60000000,18425179.64575000,95987
2024-05-24,2.96100000,3.00200000,2.87700000,2.93500000,3207789.67000000,9418735.43337000,39567
2024-05-25,2.93400000,3.01700000,2.93100000,2.99100000,2346118.91000000,7003050.20516000,25163
2024-05-26,2.99100000,3.00000000,2.92400000,2.94100000,1732265.86000000,5140569.78257000,19384
2024-05-27,2.94200000,3.03800000,2.91600000,2.98900000,2788093.83000000,8283860.62017000,37330
2024-05-28,2.98900000,3.00500000,2.89500000,2.95900000,3264449.15000000,9633131.40720000,39796
2024-05-29,2.95900000,2.97000000,2.88200000,2.90200000,3225150.67000000,9439614.47656000,48151
2024-05-30,2.90100000,2.93600000,2.74300000,2.77200000,5262860.51000000,14781936.23461000,65176
2024-05-31,2.77100000,2.79900000,2.73000000,2.76700000,2868128.10000000,7937151.25788000,43377
2024-06-01,2.76600000,2.81100000,2.75600000,2.78200000,1249461.19000000,3470619.80611000,21109
2024-06-02,2.78200000,2.79900000,2.53400000,2.59600000,9387856.26000000,24691935.96106000,92652
2024-06-03,2.59600000,2.72100000,2.58000000,2.65900000,5029165.32000000,13399781.22834000,62509
2024-06-04,2.66000000,2.97300000,2.63400000,2.94900000,9405539.23000000,26368572.93828000,119796
2024-06-05,2.94900000,3.28400000,2.94800000,3.20300000,19751647.12000000,61765044.18723000,269411
2024-06-06,3.20300000,3.24800000,3.04500000,3.09000000,8472677.07000000,26662498.76944000,121276
2024-06-07,3.09100000,3.10000000,2.54700000,2.76300000,10899166.74000000,31180382.26561000,147862
2024-06-08,2.76300000,2.76300000,2.66400000,2.70800000,4874496.67000000,13206008.90653000,72047
2024-06-09,2.70800000,2.73300000,2.64700000,2.69800000,2158627.97000000,5817083.39893000,32562
2024-06-10,2.69700000,2.70700000,2.56000000,2.61500000,5189403.19000000,13594474.78852000,69928
2024-06-11,2.61400000,2.62100000,2.46000000,2.47200000,6377397.51000000,16140481.56105000,83750
2024-06-12,2.47200000,2.67400000,2.41100000,2.56500000,6839694.52000000,17560740.88709000,79326
2024-06-13,2.56600000,2.56700000,2.44800000,2.47500000,3347139.69000000,8363600.58650000,47507
2024-06-14,2.47600000,2.53800000,2.37400000,2.46000000,3576584.67000000,8780445.62302000,51684
2024-06-15,2.45900000,2.53800000,2.44500000,2.51200000,2425427.59000000,6060404.31992000,28840
2024-06-16,2.51300000,2.53600000,2.47300000,2.52900000,1449626.54000000,3637732.55923000,22748
2024-06-17,2.52900000,2.54000000,2.38600000,2.43900000,4165972.75000000,10215587.82457000,60379
2024-06-18,2.44000000,2.44700000,2.10400000,2.21900000,10330526.04000000,23150393.28032000,112120
2024-06-19,2.21900000,2.32600000,2.20200000,2.28000000,4468852.80000000,10156778.84770000,49856
2024-06-20,2.28000000,2.42200000,2.24700000,2.25300000,6838564.51000000,16006977.62549000,76626
2024-06-21,2.25400000,2.28800000,2.19600000,2.22200000,3422374.33000000,7668022.82751000,37184
2024-06-22,2.22400000,2.26600000,2.19800000,2.26100000,1212875.02000000,2706001.14515000,18169
2024-06-23,2.26100000,2.28100000,2.17100000,2.18200000,1568413.84000000,3503389.84149000,22473
2024-06-24,2.18200000,2.20000000,2.02700000,2.13800000,4457253.43000000,9381353.06406000,50822
2024-06-25,2.13900000,2.18700000,2.11600000,2.17300000,2304323.78000000,4951759.82457000,24852
2024-06-26,2.17500000,2.20900000,2.11600000,2.15100000,1748204.09000000,3778957.50114000,21032
2024-06-27,2.15000000,2.19600000,2.11600000,2.18200000,2005461.13000000,4321486.85112000,26263
2024-06-28,2.18100000,2.20400000,2.12000000,2.13400000,1676544.04000000,3636189.36328000,23434
2024-06-29,2.13300000,2.16900000,2.11400000,2.12200000,1391797.06000000,2983794.53492000,16651
2024-06-30,2.12300000,2.16600000,2.09400000,2.14800000,1490998.38000000,3183692.41529000,21353
2024-07-01,2.14900000,2.17700000,2.10100000,2.10500000,2466978.11000000,5281528.88044000,29512
2024-07-02,2.10400000,2.14400000,2.08400000,2.12800000,1754977.29000000,3712428.76135000,27881
2024-07-03,2.12900000,2.14200000,2.00000000,2.02200000,2256520.30000000,4635493.04931000,30269
2024-07-04,2.02200000,2.02600000,1.80200000,1.80600000,5553231.56000000,10490708.46368000,73875
2024-07-05,1.80600000,1.80900000,1.50100000,1.73500000,14691650.17000000,24271172.85810000,140305
2024-07-06,1.73500000,1.87400000,1.71900000,1.86000000,3253928.02000000,5834217.53192000,43928
2024-07-07,1.86000000,1.86200000,1.71400000,1.72000000,2949159.45000000,5256361.54743000,41986
2024-07-08,1.71900000,1.84000000,1.64600000,1.79400000,4754324.15000000,8353032.83507000,85785
2024-07-09,1.79400000,1.84100000,1.77500000,1.81100000,2489762.10000000,4508836.75658000,45678
2024-07-10,1.81100000,1.88800000,1.78600000,1.87600000,2909774.34000000,5378088.40302000,50965
2024-07-11,1.87500000,1.93800000,1.84600000,1.86900000,2608169.80000000,4921131.18914000,56475
2024-07-12,1.86800000,1.89300000,1.82800000,1.88100000,2187551.33000000,4065204.89447000,40716
2024-07-13,1.88200000,1.90900000,1.86300000,1.88800000,1468399.63000000,2769497.71907000,24946
2024-07-14,1.88800000,1.94600000,1.87800000,1.93500000,1845872.08000000,3517549.77270000,32519
2024-07-15,1.93400000,2.06900000,1.92900000,2.06300000,3048098.02000000,6088842.70443000,43393
2024-07-16,2.06300000,2.08800000,1.94700000,2.04300000,4550235.46000000,9178947.48735000,67791
2024-07-17,2.04300000,2.07700000,1.98600000,1.99700000,2589186.89000000,5261113.56457000,43479
2024-07-18,1.99800000,2.02900000,1.94900000,2.00200000,2039172.63000000,4066521.83494000,35475
2024-07-19,2.00300000,2.09000000,1.97200000,2.06300000,2651599.94000000,5394981.38605000,44065
2024-07-20,2.06200000,2.09000000,2.03500000,2.05800000,1781472.80000000,3677732.13352000,24793
2024-07-21,2.05900000,2.09600000,1.99100000,2.08800000,2434097.43000000,5001608.60260000,32221
2024-07-22,2.09000000,2.11200000,2.01900000,2.02700000,2862645.48000000,5917397.91079000,32588
2024-07-23,2.02800000,2.05600000,1.95600000,1.98000000,3585363.22000000,7177200.96033000,43252
2024-07-24,1.97900000,2.01200000,1.92300000,1.95000000,2114655.78000000,4194833.89454000,30895
2024-07-25,1.95100000,1.95800000,1.86000000,1.92600000,3750784.39000000,7117208.64550000,44692
2024-07-26,1.92500000,1.99200000,1.92200000,1.98200000,2279173.04000000,4488247.68970000,31052
2024-07-27,1.98300000,2.02000000,1.94300000,1.97100000,2077690.97000000,4123212.64888000,25354
2024-07-28,1.97100000,1.97800000,1.93500000,1.94700000,1329460.03000000,2593615.78255000,17105
2024-07-29,1.94600000,2.03300000,1.94600000,1.95500000,3357439.64000000,6698388.62806000,40854
2024-07-30,1.95500000,1.97600000,1.91000000,1.96200000,1806745.03000000,3510683.12500000,25663
2024-07-31,1.96100000,1.98600000,1.85500000,1.85600000,3356828.32000000,6464847.67756000,42666
2024-08-01,1.85600000,1.87100000,1.74500000,1.84500000,3338169.38000000,6036778.10880000,44698
2024-08-02,1.84500000,1.85000000,1.70200000,1.71600000,3412693.98000000,6048572.98752000,54685
2024-08-03,1.71600000,1.73800000,1.63700000,1.67700000,3032817.03000000,5112959.39559000,47770
2024-08-04,1.67700000,1.69800000,1.54300000,1.57800000,3434547.71000000,5545100.32095000,55536
2024-08-05,1.57800000,1.58700000,1.20000000,1.42000000,22857931.12000000,30927069.79531000,296073
2024-08-06,1.42000000,1.52400000,1.41800000,1.49400000,4788700.66000000,7117772.44339000,60199
2024-08-07,1.49400000,1.54800000,1.44800000,1.46900000,3979363.87000000,5952747.18000000,67843
2024-08-08,1.46900000,1.61900000,1.44800000,1.60500000,3546099.08000000,5473578.09865000,57039
2024-08-09,1.60400000,1.60600000,1.53600000,1.56800000,2136737.80000000,3357132.72788000,41867
2024-08-10,1.56800000,1.61200000,1.55400000,1.60000000,1714098.36000000,2716068.73554000,31179
2024-08-11,1.60000000,1.64600000,1.52400000,1.52800000,2504928.91000000,3982900.44898000,49259
2024-08-12,1.52700000,1.61200000,1.51100000,1.59100000,4183808.04000000,6535705.35144000,61400
2024-08-13,1.59100000,1.60800000,1.56500000,1.60000000,2716949.87000000,4302960.48302000,50281
2024-08-14,1.60000000,1.62700000,1.56600000,1.59600000,2417470.78000000,3861793.04189000,49782
2024-08-15,1.59500000,1.62500000,1.53800000,1.57900000,3271680.33000000,5180755.68686000,67923
2024-08-16,1.57900000,1.59800000,1.53300000,1.57400000,2656909.53000000,4161214.64706000,53518
2024-08-17,1.57500000,1.73300000,1.56700000,1.68700000,4204377.54000000,6981197.20876000,78875
2024-08-18,1.68700000,1.69300000,1.62500000,1.62600000,2392414.22000000,3979807.87333000,48123
2024-08-19,1.62600000,1.70000000,1.55000000,1.69400000,3063650.45000000,5039118.70771000,68269
2024-08-20,1.69300000,1.73100000,1.65100000,1.67800000,3026850.84000000,5134292.68763000,55465
2024-08-21,1.67900000,1.93300000,1.65400000,1.84300000,9578733.00000000,17218930.57952000,180938
2024-08-22,1.84400000,1.95400000,1.76800000,1.94200000,11315867.09000000,21083880.80463000,218105
2024-08-23,1.94400000,2.09600000,1.93600000,2.03400000,14069295.46000000,28404996.10135000,261550
2024-08-24,2.03400000,2.07700000,1.96800000,2.00700000,6125399.73000000,12399289.18510000,112475
2024-08-25,2.00700000,2.02200000,1.90500000,1.96100000,4677420.43000000,9169209.15903000,85374
2024-08-26,1.96100000,2.00500000,1.91200000,1.92400000,4334791.45000000,8479898.85542000,95442
2024-08-27,1.92400000,1.97100000,1.76600000,1.79800000,5522681.92000000,10410467.71252000,129527
2024-08-28,1.79700000,1.85100000,1.74000000,1.79600000,3909565.54000000,7026984.63788000,98548
2024-08-29,1.79700000,1.89000000,1.76900000,1.80200000,2674213.76000000,4852725.56283000,52040
2024-08-30,1.80100000,1.81100000,1.71700000,1.76800000,2734581.86000000,4838432.90569000,63330
2024-08-31,1.76800000,1.80200000,1.72900000,1.74800000,1343696.77000000,2372168.36812000,28036
2024-09-01,1.74700000,1.75000000,1.64500000,1.65600000,2817907.62000000,4763316.70732000,54791
2024-09-02,1.65500000,1.74800000,1.63900000,1.73500000,2269701.71000000,3836121.55677000,40202
2024-09-03,1.73500000,1.76700000,1.66500000,1.66900000,2423840.07000000,4162580.63489000,34294
2024-09-04,1.66900000,1.71800000,1.60300000,1.68700000,3268193.60000000,5455897.68068000,39023
2024-09-05,1.68600000,1.70100000,1.62100000,1.64700000,2838852.81000000,4691350.52477000,37469
2024-09-06,1.64600000,1.66400000,1.52600000,1.58300000,3522000.40000000,5649203.62608000,45020
2024-09-07,1.58300000,1.62100000,1.56900000,1.59600000,1337375.90000000,2134038.44545000,22066
2024-09-08,1.59600000,1.63900000,1.58200000,1.62700000,1467351.12000000,2367620.37624000,24405
2024-09-09,1.62700000,1.70900000,1.62100000,1.68300000,2250079.06000000,3729799.58327000,33190
2024-09-10,1.68300000,1.73300000,1.66100000,1.69800000,3019809.92000000,5132955.35631000,36352
2024-09-11,1.69800000,1.74100000,1.64500000,1.71800000,2873490.15000000,4853910.64586000,43401
2024-09-12,1.71900000,1.78900000,1.71800000,1.76000000,2498372.56000000,4396752.33500000,45322
2024-09-13,1.76100000,1.82400000,1.74200000,1.80300000,2319126.53000000,4121930.99302000,43886
2024-09-14,1.80400000,1.81600000,1.75600000,1.77700000,1445736.13000000,2571793.63893000,30509
2024-09-15,1.77700000,1.82300000,1.76200000,1.77800000,2115639.56000000,3793635.28254000,43498
2024-09-16,1.77800000,1.78500000,1.68300000,1.70500000,3330276.35000000,5768514.64709000,57016
2024-09-17,1.70500000,1.76800000,1.67800000,1.74000000,1916000.35000000,3307173.92997000,42383
2024-09-18,1.74100000,1.77500000,1.67900000,1.77400000,2844941.50000000,4892328.80714000,49231
2024-09-19,1.77500000,1.88000000,1.77200000,1.84700000,4422852.47000000,8064153.09147000,63210
2024-09-20,1.84700000,1.89800000,1.81500000,1.85300000,4212902.99000000,7844830.43450000,69971
2024-09-21,1.85300000,2.02400000,1.83400000,2.00000000,7136869.07000000,13975888.33463000,116075
2024-09-22,2.00000000,2.01800000,1.89500000,1.94500000,4937812.21000000,9571929.73563000,86128
2024-09-23,1.94500000,2.08500000,1.91300000,2.03900000,6326876.47000000,12709590.45861000,111886
2024-09-24,2.03900000,2.09000000,1.99000000,2.05400000,5910710.79000000,12082099.50968000,106372
2024-09-25,2.05500000,2.08400000,1.99600000,2.01000000,4036820.05000000,8253398.82453000,76134
2024-09-26,2.01000000,2.14500000,1.96000000,2.11000000,6607975.57000000,13643104.87979000,101834
2024-09-27,2.11100000,2.27000000,2.10600000,2.19800000,8477735.17000000,18661531.55092000,160950
2024-09-28,2.19900000,2.26500000,2.11200000,2.14500000,4552657.66000000,9892643.62527000,90131
2024-09-29,2.14500000,2.16800000,2.09100000,2.12900000,2934611.06000000,6251376.36707000,66301
2024-09-30,2.12900000,2.13600000,2.00200000,2.01600000,4355272.60000000,9014424.17351000,101411
2024-10-01,2.01600000,2.08300000,1.83300000,1.88700000,6209346.94000000,12098355.23270000,123335
2024-10-02,1.88600000,1.94400000,1.80000000,1.82800000,5700788.44000000,10657153.37424000,89804
2024-10-03,1.82800000,1.85600000,1.73300000,1.79600000,5090685.20000000,9113023.01348000,84417
2024-10-04,1.79600000,1.87700000,1.78800000,1.86000000,2143767.16000000,3947435.41497000,49872
2024-10-05,1.86100000,1.89700000,1.84300000,1.86900000,2020000.30000000,3780857.80479000,39274
2024-10-06,1.86900000,1.89700000,1.85100000,1.88500000,2125496.68000000,3981837.39274000,41351
2024-10-07,1.88500000,1.94300000,1.86500000,1.86700000,3686235.29000000,7036600.12100000,60812
2024-10-08,1.86700000,1.91000000,1.83700000,1.88500000,3477277.02000000,6512122.02136000,58049
2024-10-09,1.88400000,1.91300000,1.80900000,1.83400000,2998527.33000000,5609066.18446000,55545
2024-10-10,1.83400000,1.86100000,1.73200000,1.80500000,3471848.11000000,6250710.08215000,53122
2024-10-11,1.80500000,1.85400000,1.79700000,1.84300000,2118528.39000000,3855665.51667000,45120
2024-10-12,1.84200000,1.88800000,1.83800000,1.86300000,1775807.34000000,3316574.94723000,41671
2024-10-13,1.86300000,1.87100000,1.78100000,1.82800000,2391362.40000000,4363087.71024000,48759
2024-10-14,1.82900000,1.93000000,1.80400000,1.91700000,3164832.72000000,5944779.33614000,60266
2024-10-15,1.91800000,1.92800000,1.80600000,1.87700000,6418555.19000000,11964323.32486000,105463
2024-10-16,1.87600000,1.88300000,1.83700000,1.85900000,2977457.61000000,5535812.88846000,46851
2024-10-17,1.85800000,1.87400000,1.77700000,1.81100000,2608218.72000000,4744547.28232000,42400
2024-10-18,1.81000000,1.86900000,1.80400000,1.86300000,2222812.09000000,4095481.19137000,34601
2024-10-19,1.86300000,1.88900000,1.83600000,1.86400000,2060678.94000000,3842118.14729000,34281
2024-10-20,1.86500000,1.98400000,1.83800000,1.98300000,5134053.20000000,9859277.12316000,66774
2024-10-21,1.98400000,2.01700000,1.90300000,1.91900000,5748717.23000000,11269694.21930000,66759
2024-10-22,1.91900000,1.94600000,1.88200000,1.89800000,3291144.71000000,6278661.30888000,50720
2024-10-23,1.89800000,1.90000000,1.77900000,1.84900000,3612835.14000000,6642989.43488000,53404
2024-10-24,1.84900000,1.89400000,1.82300000,1.88400000,2232868.87000000,4150334.65278000,43137
2024-10-25,1.88500000,1.92000000,1.69600000,1.76300000,5055595.52000000,9237826.16341000,72448
2024-10-26,1.76200000,1.78800000,1.73500000,1.76200000,2317986.73000000,4083789.44449000,34658
2024-10-27,1.76200000,1.79200000,1.74700000,1.77400000,1426941.54000000,2524661.62892000,29247
2024-10-28,1.77500000,1.81800000,1.74800000,1.80300000,2483755.29000000,4412075.34801000,52956
2024-10-29,1.80400000,1.86700000,1.80400000,1.84000000,2965370.80000000,5448299.83592000,59834
2024-10-30,1.84100000,1.84300000,1.79400000,1.82200000,2193957.01000000,3993942.87002000,42775
2024-10-31,1.82300000,1.82600000,1.74300000,1.76300000,2325048.28000000,4139969.44512000,42800
2024-11-01,1.76200000,1.79100000,1.71000000,1.72700000,2409580.15000000,4213370.75240000,41788
2024-11-02,1.72700000,1.74800000,1.68600000,1.70800000,1384107.03000000,2374361.95121000,22965
2024-11-03,1.70800000,1.70900000,1.57700000,1.61200000,3706563.76000000,6057352.87837000,52439
2024-11-04,1.61300000,1.64400000,1.55200000,1.58200000,2546115.28000000,4091310.51874000,41189
2024-11-05,1.58300000,1.64400000,1.57800000,1.61700000,2471495.02000000,3982662.10909000,34572
2024-11-06,1.61800000,1.81300000,1.61700000,1.80700000,7323365.73000000,12664809.36319000,79812
2024-11-07,1.80700000,1.88800000,1.77000000,1.81500000,4934622.74000000,8957456.42615000,62242
2024-11-08,1.81500000,1.86800000,1.78000000,1.83400000,4688937.75000000,8561326.86578000,80584
2024-11-09,1.83400000,1.98500000,1.83000000,1.95900000,9995048.20000000,19294120.18668000,146594
2024-11-10,1.96000000,2.07100000,1.92200000,1.99600000,12089031.93000000,24164034.43726000,194075
2024-11-11,1.99600000,2.12500000,1.92300000,2.10600000,10223490.60000000,20580891.09134000,170683
2024-11-12,2.10800000,2.20000000,1.90400000,1.95500000,17664176.54000000,35839795.25632000,299604
2024-11-13,1.95600000,1.97600000,1.80900000,1.88000000,11989754.12000000,22526960.82666000,190491
2024-11-14,1.88000000,1.96900000,1.75600000,1.78000000,9965966.07000000,18631800.79531000,111051
2024-11-15,1.78000000,1.84400000,1.74800000,1.83700000,6124270.51000000,10976583.90780000,59157
2024-11-16,1.83800000,1.95400000,1.83100000,1.94400000,7810906.91000000,14851803.56819000,76245
2024-11-17,1.94300000,1.98000000,1.84200000,1.87600000,8016825.95000000,15334054.73861000,105944
2024-11-18,1.87700000,1.99200000,1.87000000,1.98600000,8429804.27000000,16294092.00789000,103310
2024-11-19,1.98600000,1.98700000,1.86800000,1.91000000,6593729.28000000,12713497.27959000,89788
2024-11-20,1.91000000,1.93900000,1.84500000,1.86900000,5506724.15000000,10392887.64519000,77490
2024-11-21,1.86900000,1.97300000,1.82300000,1.95700000,7874797.68000000,15035251.16732000,97939
2024-11-22,1.95700000,2.02200000,1.90100000,2.01200000,8842166.42000000,17380337.24751000,109732
2024-11-23,2.01200000,2.33000000,2.00300000,2.26600000,23736276.85000000,51491637.73409000,243529
2024-11-24,2.26700000,2.73500000,2.25800000,2.61000000,32722437.03000000,81597992.64723000,327605
2024-11-25,2.61100000,3.18000000,2.51100000,2.71500000,33074775.26000000,93386100.59747000,345185
2024-11-26,2.71500000,2.85100000,2.51200000,2.61600000,15557876.89000000,41100976.76560000,159627
2024-11-27,2.61500000,3.24000000,2.57900000,3.15000000,24655611.29000000,72945205.10496000,285197
2024-11-28,3.15000000,3.27900000,2.97700000,3.04500000,18569477.85000000,57957986.93378000,207705
2024-11-29,3.04500000,3.08300000,2.92600000,3.00600000,8135180.93000000,24524737.99575000,95353
2024-11-30,3.00500000,3.12800000,2.97000000,3.05200000,9747632.01000000,29686021.39423000,119002
2024-12-01,3.05200000,3.08900000,2.94800000,3.03900000,7132826.47000000,21565361.39574000,101980
2024-12-02,3.03900000,3.22900000,2.84500000,3.22500000,13965880.92000000,42268973.47698000,225268
2024-12-03,3.22500000,3.58700000,2.95000000,3.49200000,21803956.39000000,71356360.28992000,284083
2024-12-04,3.49400000,4.51500000,3.48100000,3.96300000,48254808.48000000,192931206.22582000,561522
2024-12-05,3.96300000,4.17100000,3.72900000,3.97200000,17543851.21000000,69514722.29985000,253969
2024-12-06,3.97100000,4.21900000,3.93700000,4.03300000,11484933.01000000,46813312.31323000,198765
2024-12-07,4.03300000,4.26900000,4.01000000,4.13700000,8149878.43000000,33668872.46346000,136165
2024-12-08,4.13900000,4.37200000,3.94500000,4.18500000,10602234.61000000,44134973.96531000,151222
2024-12-09,4.18600000,4.20800000,2.80000000,3.35600000,19618556.03000000,71099454.18658000,297671
2024-12-10,3.35600000,3.60200000,3.04800000,3.29200000,21932048.66000000,72529895.31983000,262189
2024-12-11,3.29200000,3.59800000,3.14200000,3.51700000,11533528.20000000,39118795.95446000,154123
2024-12-12,3.51800000,3.72000000,3.46400000,3.52100000,11243316.98000000,40406440.43957000,171148
2024-12-13,3.52100000,3.57900000,3.38400000,3.47800000,6742477.33000000,23445396.32941000,129522
2024-12-14,3.47800000,3.52400000,3.17000000,3.22000000,7168198.00000000,23701367.21105000,112392
2024-12-15,3.22000000,3.37900000,3.12900000,3.35500000,6248169.66000000,20371572.54728000,87628
2024-12-16,3.35600000,3.43000000,3.16100000,3.25900000,6201644.69000000,20370632.71986000,95979
2024-12-17,3.26000000,3.33300000,3.07900000,3.10700000,7409177.98000000,23769538.13512000,115254
2024-12-18,3.10800000,3.11500000,2.73500000,2.80100000,12642932.20000000,37447936.73017000,253584
2024-12-19,2.80000000,2.83500000,2.28900000,2.30900000,26218954.17000000,67111043.45807000,286067
2024-12-20,2.30800000,2.55300000,2.06000000,2.52800000,28464111.33000000,64687906.53540000,271113
2024-12-21,2.52700000,2.66200000,2.31800000,2.35800000,14940258.34000000,36569442.26896000,168466
2024-12-22,2.35900000,2.41900000,2.27300000,2.32800000,9386120.95000000,21975714.01178000,118580
2024-12-23,2.32800000,2.57600000,2.26700000,2.51800000,11405586.86000000,27420855.60285000,139418
2024-12-24,2.51800000,2.63300000,2.46200000,2.60900000,7272538.57000000,18545185.09571000,85267
2024-12-25,2.60900000,2.69600000,2.51600000,2.56300000,6716629.66000000,17455366.04776000,75873
2024-12-26,2.56300000,2.58400000,2.39500000,2.43800000,5578744.10000000,13753879.43353000,62504
2024-12-27,2.43900000,2.54000000,2.40700000,2.46100000,7127041.42000000,17600370.10839000,72341
2024-12-28,2.46200000,2.71900000,2.44900000,2.62000000,7526810.26000000,19536118.45614000,80005
2024-12-29,2.62000000,2.65600000,2.49200000,2.51900000,5160685.66000000,13396840.61668000,49120
2024-12-30,2.51800000,2.59700000,2.44300000,2.52900000,4955916.52000000,12512024.04901000,50905
2024-12-31,2.53000000,2.58200000,2.45400000,2.50900000,3864449.29000000,9703229.01414000,42904
2025-01-01,2.50900000,2.62800000,2.48100000,2.60800000,3899376.46000000,9957391.59751000,41485
2025-01-02,2.60700000,2.73100000,2.60700000,2.67000000,4844296.51000000,12897045.21612000,54925
2025-01-03,2.67000000,2.81100000,2.62700000,2.81100000,4381869.27000000,11934936.03028000,46449
2025-01-04,2.81100000,2.92900000,2.77200000,2.84700000,6316953.63000000,18019750.72428000,73922
2025-01-05,2.84600000,2.84700000,2.73000000,2.81700000,3631717.28000000,10117048.30514000,38688
2025-01-06,2.81800000,2.90400000,2.73600000,2.79100000,7865773.49000000,22137571.87437000,80561
2025-01-07,2.79100000,2.79100000,2.49300000,2.50300000,7537689.66000000,19867607.97257000,76797
2025-01-08,2.50300000,2.53900000,2.20000000,2.31400000,13253111.79000000,31215402.65369000,95532
2025-01-09,2.31400000,2.36200000,2.23800000,2.30300000,6206175.15000000,14297877.24920000,57056
2025-01-10,2.30300000,2.38900000,2.26700000,2.34300000,4211313.14000000,9789958.95698000,41856
2025-01-11,2.34400000,2.36900000,2.30000000,2.32700000,2290603.50000000,5331809.80994000,24149
2025-01-12,2.32900000,2.33600000,2.26400000,2.29400000,2056246.87000000,4738975.57048000,17719
2025-01-13,2.29600000,2.33800000,2.08400000,2.25900000,8136598.44000000,17828115.02520000,79499
2025-01-14,2.25900000,2.33500000,2.23300000,2.32000000,3186139.19000000,7322221.23060000,30502
2025-01-15,2.32100000,2.48500000,2.26200000,2.48400000,4984782.51000000,11787516.71867000,48012
2025-01-16,2.48400000,2.49700000,2.40100000,2.44900000,4568765.29000000,11206349.89203000,45276
2025-01-17,2.44900000,2.56400000,2.44900000,2.53300000,5416629.25000000,13662413.45167000,46868
2025-01-18,2.53400000,2.61400000,2.33600000,2.39700000,7584955.92000000,18461387.81250000,62146
2025-01-19,2.39700000,2.47900000,2.12600000,2.16100000,15052640.04000000,34231092.70974000,134354
2025-01-20,2.16000000,2.33900000,2.10400000,2.15200000,12474846.56000000,27498555.25568000,132231
2025-01-21,2.15300000,2.25700000,2.08400000,2.21900000,5215820.52000000,11282541.34873000,54619
2025-01-22,2.21900000,2.25900000,2.14500000,2.15100000,3264340.55000000,7172712.27703000,34232
2025-01-23,2.15100000,2.19200000,2.08400000,2.15600000,4780176.83000000,10201497.66561000,45880
2025-01-24,2.15700000,2.20100000,2.09200000,2.09800000,4305788.85000000,9251068.23284000,35428
2025-01-25,2.09800000,2.13800000,2.06800000,2.11000000,2878587.77000000,6045133.64340000,28647
2025-01-26,2.11000000,2.13100000,1.99000000,1.99700000,4648175.44000000,9643125.63492000,40825
2025-01-27,1.99700000,2.00500000,1.80600000,1.96000000,10196717.34000000,19312093.62261000,77787
2025-01-28,1.96000000,1.97800000,1.85900000,1.87700000,3450340.58000000,6636422.13957000,29332
2025-01-29,1.87800000,1.98800000,1.86700000,1.93800000,4543059.74000000,8784243.74021000,45330
2025-01-30,1.93800000,2.05200000,1.93200000,1.99700000,3403079.97000000,6813265.51997000,27062
2025-01-31,1.99900000,2.09800000,1.97500000,2.01800000,3949932.60000000,8039886.70960000,36117
2025-02-01,2.01800000,2.04600000,1.85300000,1.86200000,4021903.22000000,7859567.67301000,42766
2025-02-02,1.86200000,1.90300000,1.56800000,1.64400000,12349881.35000000,21248675.73520000,87565
2025-02-03,1.64400000,1.65000000,1.11600000,1.54600000,30911191.89000000,43500616.05566000,255279
2025-02-04,1.54600000,1.56100000,1.38400000,1.45800000,10473942.50000000,15296080.95584000,69177
2025-02-05,1.45800000,1.49000000,1.41300000,1.43200000,4708177.20000000,6832130.04067000,39210
2025-02-06,1.43200000,1.46100000,1.35900000,1.36600000,6615778.85000000,9321737.49709000,49897
2025-02-07,1.36700000,1.48300000,1.35400000,1.40300000,7425985.31000000,10471701.44341000,55003
2025-02-08,1.40300000,1.84700000,1.36900000,1.69600000,46113404.06000000,74932206.09565000,317624
2025-02-09,1.69600000,2.15400000,1.64500000,1.73200000,62320919.69000000,116898290.55329000,413085
2025-02-10,1.73200000,1.85900000,1.62500000,1.85600000,25960188.63000000,44568761.86652000,233594
2025-02-11,1.85600000,2.10200000,1.82200000,1.96400000,38333510.16000000,75204945.92604000,461468
2025-02-12,1.96400000,2.77000000,1.87800000,2.64900000,82842926.34000000,192321266.96491000,1114694
2025-02-13,2.64900000,3.41600000,2.53400000,2.62900000,111558817.75000000,322053171.94994000,1570621
2025-02-14,2.63000000,2.85300000,2.42300000,2.46500000,45844838.05000000,119483564.42596000,449723
2025-02-15,2.46400000,2.78000000,2.41200000,2.62100000,32421658.95000000,83040544.89744000,433958
2025-02-16,2.62100000,2.95000000,2.46800000,2.79900000,42547275.52000000,115764753.96492000,621037
2025-02-17,2.80000000,2.90600000,2.61000000,2.65600000,29073278.51000000,80196360.79226000,425168
2025-02-18,2.65500000,2.73000000,2.44300000,2.54600000,20209785.62000000,51977340.32647000,305081
2025-02-19,2.54500000,2.85400000,2.30700000,2.76100000,64609894.01000000,164080865.70697000,873054
2025-02-20,2.76000000,2.76300000,2.38200000,2.50200000,80048644.67000000,201626242.14135000,788276
2025-02-21,2.50200000,2.64700000,2.38600000,2.43000000,26029365.96000000,65717222.39418000,353326
2025-02-22,2.43100000,2.65000000,2.33300000,2.52800000,26860444.50000000,66787172.70273000,332194
2025-02-23,2.52900000,2.59900000,2.44400000,2.48900000,11939420.28000000,29926291.60417000,135820
2025-02-24,2.49000000,2.50100000,2.13800000,2.17000000,14724695.16000000,34375905.39438000,182417
2025-02-25,2.17000000,2.21600000,2.05000000,2.17600000,15067909.39000000,32307744.05354000,223650
2025-02-26,2.17600000,2.23200000,2.03300000,2.09500000,11968162.47000000,25647675.67374000,169609
2025-02-27,2.09600000,2.14700000,2.02300000,2.07100000,8085578.93000000,16911891.03710000,143648
2025-02-28,2.07000000,2.07300000,1.85900000,1.99600000,14373850.04000000,28044038.99692000,248509
2025-03-01,1.99600000,2.04000000,1.93900000,1.98600000,7153410.09000000,14211074.08260000,121663
2025-03-02,1.98600000,2.19500000,1.94700000,2.09600000,15083104.32000000,31041301.31617000,244369
2025-03-03,2.09700000,2.10500000,1.71400000,1.73000000,22813099.23000000,42678864.15009000,324522
2025-03-04,1.73000000,1.78000000,1.60200000,1.76000000,12605315.78000000,21255223.58341000,229082
2025-03-05,1.75900000,1.82100000,1.74700000,1.79400000,5677629.42000000,10101184.55826000,84519
2025-03-06,1.79300000,1.82600000,1.72500000,1.74300000,4976437.25000000,8829691.65230000,77868
2025-03-07,1.74300000,1.79800000,1.66600000,1.73100000,6039398.58000000,10474473.97648000,99436
2025-03-08,1.73100000,1.74300000,1.67400000,1.68900000,4291058.35000000,7316130.30280000,56922
2025-03-09,1.69000000,1.69700000,1.50800000,1.52200000,7493605.19000000,11910979.95841000,95585
2025-03-10,1.52300000,1.61300000,1.44900000,1.47700000,9095360.77000000,13946962.44727000,128001
2025-03-11,1.47800000,1.57400000,1.38100000,1.52500000,9473101.33000000,14138829.62108000,140083
2025-03-12,1.52500000,1.59500000,1.48400000,1.55800000,7411087.40000000,11379400.00558000,97134
2025-03-13,1.55900000,1.66200000,1.54400000,1.60500000,14342594.26000000,23020022.24462000,172807
2025-03-14,1.60400000,1.64200000,1.59200000,1.62600000,5332659.14000000,8616045.82420000,65358
2025-03-15,1.62600000,1.94700000,1.62200000,1.87200000,20011088.30000000,36004213.87249000,225194
2025-03-16,1.87300000,1.90800000,1.76300000,1.78100000,16598229.60000000,30394488.45668000,182494
2025-03-17,1.78000000,2.69100000,1.77900000,2.51300000,111498172.29000000,268153879.27939000,1462904
2025-03-18,2.51400000,2.81900000,2.44900000,2.58500000,89682659.52000000,234767902.85570000,1221390
2025-03-19,2.58500000,2.59300000,2.23500000,2.43200000,67650859.44000000,159605073.18652000,630919
2025-03-20,2.43200000,2.62400000,2.35400000,2.39500000,33866045.06000000,83519250.75803000,421495
2025-03-21,2.39400000,2.83900000,2.33200000,2.68200000,51567709.80000000,135061897.98539000,630884
2025-03-22,2.68200000,2.85000000,2.57500000,2.73400000,27621826.97000000,74070712.58838000,410640
2025-03-23,2.73400000,2.74200000,2.56000000,2.61800000,17278418.84000000,45264872.68260000,248788
2025-03-24,2.61800000,2.68000000,2.45800000,2.62000000,23919308.18000000,61985270.48433000,315499
2025-03-25,2.62100000,2.75700000,2.55700000,2.58900000,17170684.56000000,45202608.32984000,238684
2025-03-26,2.58800000,2.60900000,2.24100000,2.26800000,26537886.21000000,63728913.97014000,298532
2025-03-27,2.26900000,2.56800000,2.25600000,2.35800000,29036472.26000000,69352402.64807000,310529
2025-03-28,2.35900000,2.36400000,2.09400000,2.14400000,17248259.70000000,37928429.18251000,179336
2025-03-29,2.14400000,2.15600000,1.92500000,1.99800000,13581955.35000000,27339969.36961000,143473
2025-03-30,1.99800000,2.06200000,1.94800000,1.97500000,9125599.85000000,18306170.06152000,102205
2025-03-31,1.97600000,2.01800000,1.89200000,1.96400000,7355873.59000000,14427020.30528000,113714
2025-04-01,1.96400000,2.07200000,1.89700000,1.90700000,11223760.91000000,22152742.45184000,160777
2025-04-02,1.90700000,1.96000000,1.78400000,1.80400000,10640361.45000000,19887660.65123000,173568
2025-04-03,1.80300000,1.89500000,1.73800000,1.82700000,7244404.39000000,13148630.90555000,116776
2025-04-04,1.82700000,1.85700000,1.77700000,1.82100000,4907304.65000000,8922447.74618000,88409
2025-04-05,1.82100000,1.86600000,1.77100000,1.80100000,4207906.11000000,7630085.01982000,58446
2025-04-06,1.80100000,1.80100000,1.58300000,1.62300000,9149788.72000000,15325653.57828000,142703
2025-04-07,1.62400000,1.72500000,1.52200000,1.70600000,14650240.17000000,23958510.65662000,266049
2025-04-08,1.70500000,1.86300000,1.66000000,1.68700000,15459539.70000000,27184672.15283000,219123
2025-04-09,1.68700000,1.95700000,1.61300000,1.92700000,16510252.42000000,29695925.87707000,240463
2025-04-10,1.92600000,2.00700000,1.81500000,1.88800000,10272352.97000000,19244098.74500000,143492
2025-04-11,1.88800000,2.04300000,1.87000000,1.99500000,12141242.71000000,24146904.85614000,169695
2025-04-12,1.99500000,2.07300000,1.96300000,2.02300000,7472031.30000000,14970371.05761000,107096
2025-04-13,2.02200000,2.03300000,1.86200000,1.87800000,7687506.64000000,14835385.31691000,102946
2025-04-14,1.87800000,1.93400000,1.82200000,1.82800000,6440260.53000000,12094333.33567000,84996
2025-04-15,1.82900000,1.88600000,1.81200000,1.81800000,4612095.68000000,8511657.90514000,72842
2025-04-16,1.81800000,1.86100000,1.77200000,1.78900000,5867993.97000000,10646199.63497000,87958
2025-04-17,1.78900000,1.83300000,1.77000000,1.80900000,3337153.59000000,6013806.82159000,53569
2025-04-18,1.81000000,1.95500000,1.79700000,1.86700000,7885357.17000000,14914454.25809000,114158
2025-04-19,1.86700000,1.96100000,1.85700000,1.95800000,4345466.70000000,8323330.05417000,71745
2025-04-20,1.95800000,2.01000000,1.90500000,1.94300000,5605542.81000000,10951999.39318000,88701
2025-04-21,1.94400000,2.04200000,1.91700000,1.92200000,8516605.54000000,16892179.45241000,121551
2025-04-22,1.92200000,2.02800000,1.88800000,2.02400000,8707143.03000000,17097203.27560000,123181
2025-04-23,2.02400000,2.08900000,1.93100000,2.01000000,13562450.66000000,27418975.80910000,188184
2025-04-24,2.01000000,2.03400000,1.92100000,2.02700000,6157524.03000000,12200072.13630000,99160
2025-04-25,2.02800000,2.20000000,1.98000000,2.07500000,12424509.68000000,26129869.93159000,185535
2025-04-26,2.07500000,2.15000000,2.07000000,2.10900000,6843233.73000000,14429551.61140000,123816
2025-04-27,2.10900000,2.12400000,2.00300000,2.00800000,5991541.28000000,12230529.09356000,80354
2025-04-28,2.00700000,2.16600000,1.95700000,2.08600000,12829676.27000000,26656081.31025000,177855
2025-04-29,2.08600000,2.12200000,2.00900000,2.02800000,5108872.31000000,10571311.64952000,70499
2025-04-30,2.02700000,2.07500000,1.99400000,2.03700000,4392552.45000000,8957331.80657000,57844
2025-05-01,2.03700000,2.13000000,2.03100000,2.08300000,5588274.02000000,11656493.93197000,91889
2025-05-02,2.08300000,2.11600000,2.03000000,2.05800000,3456514.19000000,7121810.99814000,49265
2025-05-03,2.05900000,2.06600000,1.96700000,1.98800000,4606444.01000000,9240588.33643000,54857
2025-05-04,1.98800000,2.00600000,1.91600000,1.92200000,3640977.80000000,7108747.12950000,40212
2025-05-05,1.92200000,1.99100000,1.90800000,1.97700000,3365645.01000000,6570672.96458000,39722
2025-05-06,1.97800000,2.02300000,1.94000000,1.99300000,4378034.07000000,8661238.62312000,62947
2025-05-07,1.99400000,2.05800000,1.96700000,2.03100000,4155754.83000000,8352079.18164000,58624
2025-05-08,2.03100000,2.24600000,2.03000000,2.24000000,9285539.30000000,19941950.71263000,128118
2025-05-09,2.24000000,2.44900000,2.22900000,2.43000000,12107868.35000000,27958137.80084000,184925
2025-05-10,2.43000000,2.58100000,2.36700000,2.48800000,12345393.79000000,30293697.15764000,191281
2025-05-11,2.48700000,2.51900000,2.38800000,2.41800000,6872854.83000000,16819943.65421000,122243
2025-05-12,2.41800000,2.60900000,2.30200000,2.40200000,14764722.74000000,36443276.94004000,202108
2025-05-13,2.40300000,2.48400000,2.25400000,2.45000000,8868405.56000000,20871610.96258000,121570
2025-05-14,2.45100000,2.47900000,2.36900000,2.38200000,7208871.89000000,17492302.65984000,110960
2025-05-15,2.38300000,2.42400000,2.23600000,2.28500000,8884561.69000000,20515419.13047000,131510
2025-05-16,2.28500000,2.35200000,2.23900000,2.25900000,3851933.46000000,8845024.37483000,63227
2025-05-17,2.25900000,2.26300000,2.15400000,2.17600000,4158123.08000000,9109511.67628000,64881
2025-05-18,2.17500000,2.31700000,2.17300000,2.27900000,5087901.71000000,11406959.04044000,80053
2025-05-19,2.27900000,2.28900000,2.12200000,2.22400000,6910539.65000000,15099186.99453000,106257
2025-05-20,2.22500000,2.35400000,2.21300000,2.33500000,5696218.55000000,12920916.07830000,80141
2025-05-21,2.33500000,2.41500000,2.31500000,2.37700000,6016524.88000000,14225250.22331000,84239
2025-05-22,2.37800000,2.55000000,2.37000000,2.50600000,8446528.12000000,20979191.99692000,99117
2025-05-23,2.50600000,2.56300000,2.29600000,2.30600000,7233277.13000000,17616768.67318000,110730
2025-05-24,2.30700000,2.38900000,2.29300000,2.35300000,2447015.91000000,5746741.41489000,44385
2025-05-25,2.35300000,2.36600000,2.30400000,2.34800000,3989862.45000000,9314245.38703000,55506
2025-05-26,2.34700000,2.50200000,2.33400000,2.42400000,6125246.61000000,14887076.32823000,84543
2025-05-27,2.42500000,2.94800000,2.40000000,2.77200000,33839977.13000000,92825957.56435000,437951
2025-05-28,2.77300000,2.90500000,2.64700000,2.71200000,16455226.40000000,45531844.82816000,202927
2025-05-29,2.71200000,2.83100000,2.56700000,2.62500000,11824366.83000000,32076353.66219000,166893
2025-05-30,2.62400000,2.63100000,2.26200000,2.28600000,16321512.89000000,39893067.91937000,246542
2025-05-31,2.28500000,2.31300000,2.21500000,2.30300000,7766514.65000000,17565492.60213000,100860
2025-06-01,2.30300000,2.41000000,2.25100000,2.37500000,6002677.15000000,13990854.43320000,84991
2025-06-02,2.37600000,2.42500000,2.28800000,2.40600000,6960684.10000000,16435232.13947000,99513
2025-06-03,2.40600000,2.46500000,2.35800000,2.37600000,6647020.62000000,15994707.89648000,90761
2025-06-04,2.37800000,2.54200000,2.36500000,2.42700000,9670923.21000000,23601030.35962000,125895
2025-06-05,2.42600000,2.52500000,2.21300000,2.25500000,14948728.35000000,35612999.61085000,174012
2025-06-06,2.25600000,2.36300000,2.23300000,2.31600000,5355804.48000000,12319047.35773000,71219
2025-06-07,2.31700000,2.35500000,2.30100000,2.33600000,2614016.06000000,6100826.40932000,36943
2025-06-08,2.33700000,2.33900000,2.28800000,2.29700000,3014749.20000000,6974711.17265000,31325
2025-06-09,2.29800000,2.46800000,2.26800000,2.46300000,4911525.79000000,11568981.97793000,51748
2025-06-10,2.46400000,2.64000000,2.43400000,2.63100000,10848358.35000000,27378880.50889000,140214
2025-06-11,2.63000000,2.74000000,2.52100000,2.56800000,12783976.60000000,33389441.74165000,156122
2025-06-12,2.56800000,2.64300000,2.44300000,2.53200000,9478096.61000000,23943438.26446000,133816
2025-06-13,2.53100000,2.53500000,2.31700000,2.49200000,10462628.41000000,25432151.45222000,132709
2025-06-14,2.49200000,2.51000000,2.31300000,2.38000000,4388877.86000000,10525254.34285000,47084
2025-06-15,2.38100000,2.41100000,2.28600000,2.30800000,4122738.09000000,9646056.80998000,46523
2025-06-16,2.30800000,2.40200000,2.28800000,2.29400000,5155054.20000000,12152101.21395000,58895
2025-06-17,2.29400000,2.31000000,2.16000000,2.20800000,7298231.67000000,16368615.67002000,81280
2025-06-18,2.20900000,2.25700000,2.13600000,2.23000000,5389735.45000000,11813642.68569000,63042
2025-06-19,2.23100000,2.24700000,2.17600000,2.20500000,3640363.54000000,8023917.08020000,37476
2025-06-20,2.20500000,2.24400000,2.13800000,2.17700000,3615588.31000000,7935060.06026000,49515
2025-06-21,2.17800000,2.19100000,2.05300000,2.08700000,3440794.50000000,7303350.57100000,43805
2025-06-22,2.08800000,2.12600000,1.93800000,2.01700000,7265609.30000000,14670359.01193000,88959
2025-06-23,2.01700000,2.18500000,2.00500000,2.17400000,4292328.21000000,8943581.55248000,65481
2025-06-24,2.17500000,2.22100000,2.16100000,2.20700000,3351708.29000000,7341711.21856000,37696
2025-06-25,2.20700000,2.21700000,2.15800000,2.17900000,2672004.82000000,5845076.33252000,35026
2025-06-26,2.17900000,2.20400000,2.12400000,2.13500000,3111294.05000000,6726428.55899000,45584
2025-06-27,2.13500000,2.18000000,2.11700000,2.16000000,2110726.21000000,4524964.34745000,28183
2025-06-28,2.15900000,2.23000000,2.14800000,2.21800000,1883240.58000000,4127380.79759000,19693
2025-06-29,2.21800000,2.31400000,2.20200000,2.30400000,2300451.26000000,5201301.16110000,29721
2025-06-30,2.30400000,2.36400000,2.26800000,2.33600000,3964880.23000000,9177407.18928000,47993
2025-07-01,2.33600000,2.35800000,2.23200000,2.24500000,3264310.65000000,7449726.76072000,35560
2025-07-02,2.24500000,2.38800000,2.22400000,2.34400000,3759552.51000000,8705666.53839000,57974
2025-07-03,2.34400000,2.41400000,2.30100000,2.31800000,3980745.23000000,9361831.06919000,51362
2025-07-04,2.31700000,2.33000000,2.20000000,2.23100000,3800220.42000000,8582747.07593000,54593
2025-07-05,2.23000000,2.26000000,2.20700000,2.23500000,1407695.84000000,3147290.05634000,19389
2025-07-06,2.23500000,2.29400000,2.21900000,2.27200000,1664191.19000000,3757325.31467000,21773
2025-07-07,2.27200000,2.30100000,2.23800000,2.25400000,2015503.19000000,4572636.51492000,27439
2025-07-08,2.25400000,2.30600000,2.23300000,2.29600000,1950716.09000000,4424589.59457000,28311
2025-07-09,2.29700000,2.37900000,2.27900000,2.37700000,3137688.79000000,7284055.66879000,48952
2025-07-10,2.37600000,2.49300000,2.36300000,2.48500000,5016357.90000000,12089480.05454000,66823
2025-07-11,2.48500000,2.55800000,2.44400000,2.47400000,7501457.50000000,18829618.78485000,104499
2025-07-12,2.47400000,2.54000000,2.25300000,2.33900000,7716101.75000000,18559547.87268000,118610
2025-07-13,2.34000000,2.43700000,2.32800000,2.40100000,4398891.68000000,10493192.97805000,57836
2025-07-14,2.40200000,2.49900000,2.36400000,2.38500000,6537899.13000000,15947080.40557000,88434
2025-07-15,2.38500000,2.44200000,2.31100000,2.43400000,5382896.30000000,12813268.04811000,79665
2025-07-16,2.43500000,2.53500000,2.40100000,2.50100000,5741252.15000000,14161378.91683000,67846
2025-07-17,2.50200000,2.67400000,2.47300000,2.60200000,11289797.29000000,29070276.17310000,149510
2025-07-18,2.60300000,2.80700000,2.58700000,2.63500000,14987387.76000000,40497901.97458000,196358
2025-07-19,2.63500000,2.68300000,2.57200000,2.66200000,4671552.12000000,12289822.63966000,78560
2025-07-20,2.66300000,2.75600000,2.64000000,2.70000000,8300090.91000000,22391809.59936000,90231
2025-07-21,2.70100000,2.83200000,2.62100000,2.77000000,11132536.79000000,30637919.67498000,139643
2025-07-22,2.77000000,2.79000000,2.60800000,2.75800000,9062871.85000000,24292475.14101000,147223
2025-07-23,2.75800000,2.98900000,2.61900000,2.72000000,24945114.57000000,70647507.99131000,320422
2025-07-24,2.72000000,2.77000000,2.53500000,2.65100000,13328463.40000000,35066335.83625000,210126
2025-07-25,2.65200000,2.77100000,2.57200000,2.77100000,12141478.59000000,32113154.44319000,197389
2025-07-26,2.77100000,2.83600000,2.73000000,2.79000000,10032097.34000000,27820946.64136000,171485
2025-07-27,2.79100000,3.08700000,2.77800000,3.08600000,18978432.47000000,55379613.33164000,291462
2025-07-28,3.08600000,3.31300000,2.91500000,2.93100000,27919015.22000000,88187434.23502000,438873
2025-07-29,2.93000000,3.03200000,2.77600000,2.85100000,12860847.65000000,37535909.47529000,202707
2025-07-30,2.85000000,2.88800000,2.68400000,2.79200000,6822632.47000000,19038424.75115000,109450
2025-07-31,2.79200000,2.90900000,2.70600000,2.71200000,7548542.63000000,21301720.87800000,139956
2025-08-01,2.71300000,2.75600000,2.52800000,2.57700000,10742045.92000000,28386624.20164000,163283
2025-08-02,2.57700000,2.62800000,2.49400000,2.51300000,4809813.81000000,12291681.88375000,81166
2025-08-03,2.51300000,2.60800000,2.48400000,2.58400000,3108372.54000000,7971472.65219000,48178
2025-08-04,2.58500000,2.68100000,2.57300000,2.67700000,3773743.05000000,9879547.93551000,57029
2025-08-05,2.67800000,2.68100000,2.52800000,2.56500000,4477050.46000000,11609818.46267000,80510
2025-08-06,2.56600000,2.69500000,2.51900000,2.69300000,5615682.32000000,14688785.90770000,75356
2025-08-07,2.69300000,2.78500000,2.68500000,2.78400000,6198545.49000000,16909753.74434000,81666
2025-08-08,2.78300000,2.81100000,2.74100000,2.78400000,4470710.71000000,12408757.90103000,62647
2025-08-09,2.78400000,2.91500000,2.77800000,2.86100000,4989914.14000000,14311190.97610000,69762
2025-08-10,2.86100000,2.93500000,2.77200000,2.81100000,5727714.25000000,16288384.22319000,91092
2025-08-11,2.81100000,2.91400000,2.71600000,2.74500000,5822996.95000000,16343850.27106000,111773
2025-08-12,2.74500000,2.89200000,2.69300000,2.85600000,4675255.34000000,13009832.84784000,88848
2025-08-13,2.85500000,2.96900000,2.82700000,2.92100000,7203554.01000000,20897465.92729000,105182
2025-08-14,2.92200000,2.97400000,2.66400000,2.71500000,10411572.49000000,29449545.23167000,169850
2025-08-15,2.71500000,2.77700000,2.63400000,2.70100000,4290236.03000000,11626778.35223000,75392
2025-08-16,2.70000000,2.74500000,2.69000000,2.73800000,1969608.94000000,5349990.51941000,29884
2025-08-17,2.73900000,2.82900000,2.73900000,2.76400000,3005639.83000000,8380524.81570000,54898
2025-08-18,2.76300000,2.77500000,2.64500000,2.67900000,4320709.39000000,11608528.02126000,85827
2025-08-19,2.67900000,2.70100000,2.54500000,2.55100000,4591072.69000000,12044620.24992000,76602
2025-08-20,2.55200000,2.70300000,2.52700000,2.68100000,5261671.11000000,13675917.43037000,83032
2025-08-21,2.68100000,2.76100000,2.60600000,2.62300000,4924525.40000000,13202608.50007000,63922
2025-08-22,2.62300000,2.85700000,2.54400000,2.85700000,8073878.73000000,21698980.25874000,134317
2025-08-23,2.85700000,2.85900000,2.72200000,2.77000000,3904048.84000000,10824668.42754000,62052
2025-08-24,2.77100000,2.78800000,2.67100000,2.69900000,4440648.63000000,12084257.55563000,89156
2025-08-25,2.70000000,2.73000000,2.53500000,2.54700000,5672117.04000000,14926934.38598000,105951
2025-08-26,2.54800000,2.65000000,2.52500000,2.63200000,3606152.18000000,9350995.04286000,69479
2025-08-27,2.63200000,2.65700000,2.58600000,2.58900000,2887880.29000000,7562099.04351000,53905
2025-08-28,2.58800000,2.66000000,2.56800000,2.61300000,3621669.71000000,9451350.65070000,48982
2025-08-29,2.61300000,2.61800000,2.45400000,2.48700000,4445705.16000000,11191291.21450000,83872
2025-08-30,2.48700000,2.51900000,2.45500000,2.50000000,2077389.80000000,5172729.08948000,30474
2025-08-31,2.50000000,2.52600000,2.46200000,2.46400000,1813479.92000000,4526701.24977000,27238
2025-09-01,2.46300000,2.51200000,2.35300000,2.38800000,4974971.90000000,12083031.03294000,63975
2025-09-02,2.38800000,2.44200000,2.36900000,2.40500000,3192108.36000000,7676409.05819000,46925
2025-09-03,2.40500000,2.43000000,2.35100000,2.39100000,3357136.00000000,8014514.18334000,38685
2025-09-04,2.39100000,2.40200000,2.33000000,2.34300000,2854671.16000000,6730935.52787000,32403
2025-09-05,2.34200000,2.41800000,2.34100000,2.37500000,2362175.23000000,5632165.10340000,37609
2025-09-06,2.37600000,2.41800000,2.37600000,2.41000000,1465876.49000000,3512908.11138000,19849
2025-09-07,2.40900000,2.42800000,2.39300000,2.41300000,1380572.42000000,3329227.86545000,16497
2025-09-08,2.41300000,2.47200000,2.40000000,2.45700000,2245714.29000000,5476237.57234000,27497
2025-09-09,2.45700000,2.48100000,2.40400000,2.41900000,2679438.09000000,6543471.03728000,37691
2025-09-10,2.42000000,2.58000000,2.40800000,2.51500000,6729939.77000000,16891506.55912000,88571
2025-09-11,2.51400000,2.55700000,2.48500000,2.53700000,3377310.05000000,8534530.01231000,46314
2025-09-12,2.53700000,2.61600000,2.52200000,2.61000000,3331185.88000000,8536596.37142000,43015
2025-09-13,2.61100000,2.66500000,2.57000000,2.59700000,3422160.62000000,8969532.70891000,51544
2025-09-14,2.59600000,2.60200000,2.50700000,2.52700000,3224565.96000000,8227862.43498000,46757
2025-09-15,2.52800000,2.55800000,2.42800000,2.45700000,3248510.51000000,8056767.85640000,52218
2025-09-16,2.45600000,2.55900000,2.43300000,2.54300000,3099896.48000000,7733810.84867000,50545
2025-09-17,2.54400000,2.76900000,2.52400000,2.69000000,10277715.51000000,26975566.74163000,159204
2025-09-18,2.69100000,2.79200000,2.66500000,2.71800000,7211808.84000000,19734311.90514000,122299
2025-09-19,2.71800000,2.74500000,2.64500000,2.70500000,5952688.77000000,16029143.17635000,84638
2025-09-20,2.70600000,3.07100000,2.63500000,3.06700000,18817111.78000000,54328819.46895000,250274
2025-09-21,3.06800000,3.14500000,2.87600000,2.89800000,12916566.39000000,38685696.08339000,184144
2025-09-22,2.89800000,2.91400000,2.57200000,2.64000000,13041911.36000000,35454929.57547000,177268
2025-09-23,2.64000000,2.82600000,2.58300000,2.77100000,9110079.79000000,24894822.14787000,120749
2025-09-24,2.77200000,2.86400000,2.72700000,2.78400000,7444271.51000000,20868873.46612000,104617
2025-09-25,2.78500000,2.78800000,2.57300000,2.59100000,6825912.56000000,18262377.67224000,91032
2025-09-26,2.59200000,2.62900000,2.52600000,2.60400000,4220905.72000000,10921544.46579000,69885
2025-09-27,2.60400000,2.64300000,2.57800000,2.59800000,3037259.95000000,7909333.57091000,51746
2025-09-28,2.59800000,2.64600000,2.53200000,2.64000000,2785978.95000000,7182558.32923000,46461
2025-09-29,2.64100000,2.68400000,2.54000000,2.59200000,4777945.03000000,12479018.32342000,77426
2025-09-30,2.59200000,2.59200000,2.47500000,2.50700000,3557448.69000000,8973531.87588000,52311
2025-10-01,2.50700000,2.61200000,2.49600000,2.58600000,2992536.33000000,7675580.65447000,43096
2025-10-02,2.58600000,3.23900000,2.58300000,3.09500000,16672367.16000000,49041858.88992000,299019
2025-10-03,3.09500000,3.74500000,2.97000000,3.62900000,52849748.46000000,181096782.69879000,875048
2025-10-04,3.62800000,3.71800000,3.32900000,3.42200000,17160128.94000000,60426338.63929000,291843
2025-10-05,3.42300000,3.62600000,3.17000000,3.23300000,11005769.52000000,37211766.87585000,175131
2025-10-06,3.23200000,3.93300000,3.18500000,3.77400000,40718223.49000000,149031689.58658000,648499
2025-10-07,3.77300000,4.57500000,3.66700000,4.36800000,59499194.46000000,247160106.66144000,1199077
2025-10-08,4.36900000,4.60300000,4.00700000,4.04400000,37664204.75000000,161955726.32942000,650871
2025-10-09,4.04300000,4.17100000,3.63700000,3.73700000,31444633.41000000,122202978.92869000,451374
2025-10-10,3.73700000,3.78600000,1.51000000,2.85100000,48628327.59000000,147274191.78115000,852989
2025-10-11,2.84600000,3.00600000,2.56200000,2.64800000,24028843.94000000,67301336.07673000,380539
2025-10-12,2.64800000,3.50100000,2.57000000,3.41800000,39847365.02000000,124998069.52748000,557852
2025-10-13,3.41800000,3.69500000,3.26500000,3.64400000,34102687.20000000,117828905.07825000,570951
2025-10-14,3.64300000,3.88800000,3.24900000,3.50800000,48112181.89000000,168184178.57789000,794388
2025-10-15,3.50700000,3.53000000,2.98900000,3.02500000,47591701.18000000,155559662.27713000,796666
2025-10-16,3.02600000,3.14200000,2.86000000,2.90200000,20174129.16000000,60839991.69582000,368662
2025-10-17,2.90200000,2.96200000,2.63000000,2.84400000,17344040.39000000,48190482.22501000,266676
2025-10-18,2.84400000,3.00200000,2.82600000,2.87600000,10185171.44000000,29575223.75598000,194525
2025-10-19,2.87600000,2.98100000,2.78900000,2.89900000,8947727.17000000,25975395.34142000,173080
2025-10-20,2.89900000,3.06100000,2.83700000,2.90800000,15152084.89000000,44616708.61826000,255667
2025-10-21,2.90700000,2.95200000,2.66400000,2.70100000,24651557.10000000,68644530.27340000,363705
2025-10-22,2.70000000,2.82600000,2.60100000,2.71500000,14212488.04000000,38749331.49449000,195319
2025-10-23,2.71500000,2.84800000,2.66800000,2.75200000,14917182.18000000,41211654.08207000,176781
2025-10-24,2.75100000,2.78400000,2.59000000,2.66300000,11240289.35000000,30225229.66979000,132875
2025-10-25,2.66200000,2.72800000,2.63300000,2.70300000,5201632.60000000,13967030.09577000,70086
2025-10-26,2.70300000,2.85400000,2.67600000,2.81200000,7169999.46000000,19853407.33505000,99645
2025-10-27,2.81300000,2.87300000,2.67300000,2.68800000,9547575.18000000,26384993.32090000,130109
2025-10-28,2.68800000,2.73800000,2.56800000,2.61400000,7808886.57000000,20746265.61610000,119000
2025-10-29,2.61300000,2.62500000,2.48900000,2.56900000,8608836.03000000,22058126.80895000,115677
2025-10-30,2.56900000,2.62300000,2.31700000,2.40200000,10323997.99000000,25456829.06624000,150472
2025-10-31,2.40100000,2.45600000,2.30600000,2.42200000,8182932.04000000,19656530.55111000,126132
2025-11-01,2.42200000,2.52700000,2.39200000,2.52000000,4349799.46000000,10739516.79930000,71403
2025-11-02,2.51900000,2.57300000,2.42700000,2.48900000,5174135.06000000,12921809.42428000,73720
2025-11-03,2.48900000,2.50500000,2.13000000,2.22800000,11772662.36000000,26832665.73622000,161809
2025-11-04,2.22800000,2.27500000,2.05500000,2.17600000,15531570.52000000,33637439.15574000,192944
2025-11-05,2.17600000,2.29600000,2.08700000,2.26500000,7930491.03000000,17636018.45224000,127712
2025-11-06,2.26500000,2.30400000,2.17500000,2.26300000,5626849.59000000,12639030.79563000,81774
2025-11-07,2.26400000,2.54100000,2.19600000,2.49300000,12165223.16000000,28777081.99457000,171395
2025-11-08,2.49300000,2.58500000,2.44700000,2.52300000,8716176.35000000,21874372.50558000,125646
2025-11-09,2.52300000,2.59900000,2.47400000,2.55000000,7202315.96000000,18232380.11079000,102140
2025-11-10,2.54900000,2.69500000,2.45600000,2.62700000,9123249.04000000,23399440.72359000,132524
2025-11-11,2.62800000,2.79700000,2.52000000,2.52100000,17949973.61000000,47565220.77722000,266916
2025-11-12,2.52100000,2.59600000,2.43400000,2.46700000,6197146.38000000,15566713.87233000,101897
2025-11-13,2.46800000,2.54800000,2.34300000,2.40000000,5628419.37000000,13816170.02111000,83386
2025-11-14,2.40000000,2.46900000,2.26500000,2.34100000,8521530.11000000,20177389.88301000,124404
2025-11-15,2.34100000,2.46100000,2.33900000,2.42200000,4509954.75000000,10851993.98793000,56423
2025-11-16,2.42100000,2.45600000,2.30800000,2.35700000,5343765.76000000,12712431.54833000,109910
2025-11-17,2.35700000,2.40700000,2.27900000,2.31400000,6052179.32000000,14180035.83037000,133016
2025-11-18,2.31400000,2.42800000,2.28000000,2.39200000,4924485.35000000,11584898.43964000,86272
2025-11-19,2.39200000,2.40900000,2.23000000,2.29300000,5256438.63000000,12205979.25086000,88943
2025-11-20,2.29200000,2.33000000,2.19400000,2.20000000,4907431.26000000,11075659.31949000,84042
2025-11-21,2.20100000,2.23600000,1.96900000,2.07700000,11866119.42000000,24668951.73998000,184586
2025-11-22,2.07700000,2.29000000,2.01100000,2.26400000,11528369.77000000,24939065.85824000,150654
2025-11-23,2.26400000,2.28900000,2.23300000,2.25000000,5436500.86000000,12311424.69830000,74675
2025-11-24,2.25000000,2.40800000,2.23900000,2.36500000,10956170.72000000,25463781.24521000,147840
2025-11-25,2.36400000,2.43100000,2.33000000,2.42400000,3793560.20000000,9001187.63092000,61394
2025-11-26,2.42400000,2.48000000,2.37400000,2.47400000,3391102.97000000,8229673.21872000,50370
2025-11-27,2.47300000,2.50000000,2.45000000,2.48200000,2761964.25000000,6837862.95817000,39053
2025-11-28,2.48100000,2.50700000,2.36600000,2.39400000,4385877.47000000,10678970.36884000,65390
2025-11-29,2.39500000,2.40400000,2.33700000,2.35300000,1864983.93000000,4407504.47082000,28616
2025-11-30,2.35400000,2.41900000,2.33900000,2.37700000,2055174.33000000,4890064.54518000,29017
2025-12-01,2.37700000,2.38500000,2.20100000,2.26200000,7446989.80000000,16858967.38078000,112695
2025-12-02,2.26200000,2.43000000,2.24700000,2.38000000,6100442.90000000,14288799.85602000,89991
2025-12-03,2.38000000,2.45300000,2.33000000,2.40100000,4907577.14000000,11706884.01307000,61139
2025-12-04,2.40100000,2.41900000,2.31800000,2.34400000,2305122.65000000,5450919.55307000,41670
2025-12-05,2.34500000,2.36200000,2.26000000,2.27700000,2914930.22000000,6720677.69653000,52561
2025-12-06,2.27700000,2.28100000,2.24600000,2.26100000,1439621.90000000,3260056.91702000,25285
2025-12-07,2.26100000,2.27900000,2.20100000,2.24000000,1922777.94000000,4316420.95520000,39505
2025-12-08,2.23900000,2.36800000,2.23500000,2.31900000,2458588.31000000,5690521.28371000,58359
2025-12-09,2.31900000,2.41700000,2.27900000,2.36900000,2883039.32000000,6785472.88683000,47536
2025-12-10,2.36900000,2.37900000,2.31900000,2.32400000,2419175.43000000,5674148.77490000,48461
2025-12-11,2.32300000,2.32800000,2.17900000,2.26000000,3183090.60000000,7119893.53158000,74313
2025-12-12,2.26100000,2.28400000,2.19100000,2.21300000,2136659.98000000,4779522.92015000,27866
2025-12-13,2.21300000,2.26900000,2.20600000,2.26200000,1097524.96000000,2454193.46019000,21954
2025-12-14,2.26200000,2.27400000,2.12700000,2.14300000,2279735.12000000,5026131.15805000,34707
2025-12-15,2.14300000,2.19100000,2.01100000,2.03100000,4811932.49000000,10089935.59065000,60531
2025-12-16,2.03100000,2.08500000,1.97300000,2.05400000,4502535.01000000,9127299.67931000,68222
2025-12-17,2.05400000,2.06200000,1.83500000,1.85400000,9051848.62000000,17393988.46878000,101960
2025-12-18,1.85400000,1.88300000,1.76600000,1.79500000,6429097.21000000,11791005.46911000,89282
2025-12-19,1.79500000,1.85700000,1.78600000,1.84000000,2730633.25000000,4994191.29764000,39578
2025-12-20,1.83900000,1.87000000,1.81500000,1.85600000,2021795.03000000,3721330.05674000,25363
2025-12-21,1.85600000,1.90100000,1.77900000,1.80300000,3788495.15000000,6956467.45817000,46413
2025-12-22,1.80300000,1.88300000,1.78400000,1.85300000,3028620.59000000,5569405.17169000,39702
2025-12-23,1.85200000,1.86700000,1.78100000,1.80500000,2290302.01000000,4161114.00769000,31900
2025-12-24,1.80500000,1.85100000,1.78800000,1.83800000,1938722.50000000,3512700.21327000,24308
2025-12-25,1.83900000,1.84900000,1.79500000,1.80200000,1728616.02000000,3162746.37452000,27369
2025-12-26,1.80100000,1.84600000,1.79000000,1.80800000,1925342.99000000,3504097.25938000,27886
2025-12-27,1.80700000,1.86100000,1.80500000,1.85500000,1283310.65000000,2349086.27116000,19135
2025-12-28,1.85600000,1.89300000,1.84300000,1.87200000,1713163.90000000,3198260.57651000,24584
2025-12-29,1.87200000,1.91900000,1.82500000,1.83300000,2746126.31000000,5122873.15258000,35510
2025-12-30,1.83300000,1.86800000,1.81500000,1.86500000,1302905.30000000,2406339.18640000,20428
2025-12-31,1.86500000,1.91000000,1.85700000,1.88500000,2760787.77000000,5206696.31252000,36246
2026-01-01,1.88500000,2.02500000,1.88300000,1.98600000,3330624.53000000,6529484.59133000,45549
2026-01-02,1.98600000,2.03000000,1.97300000,2.00300000,1786702.68000000,3569802.14019000,26347
2026-01-03,2.00200000,2.04400000,1.98200000,1.99900000,2163270.31000000,4349688.44479000,30676
2026-01-04,1.99900000,2.07200000,1.99700000,2.06700000,1830908.80000000,3729939.15929000,30243
2026-01-05,2.06700000,2.09700000,2.04000000,2.07200000,3095792.40000000,6395898.42018000,46251
2026-01-06,2.07200000,2.11000000,1.96500000,2.04600000,5833748.07000000,11886439.57381000,91307
2026-01-07,2.04500000,2.04500000,1.92300000,1.96300000,3213296.22000000,6323873.27764000,38881
2026-01-08,1.96200000,1.96900000,1.91400000,1.94500000,1723588.04000000,3341272.28639000,27662
2026-01-09,1.94600000,1.97700000,1.92500000,1.97000000,1624965.14000000,3177939.65704000,21480
2026-01-10,1.96900000,2.09700000,1.96800000,2.04900000,3408207.47000000,6916202.51106000,61678
2026-01-11,2.05000000,2.09300000,1.98100000,1.99600000,3054687.48000000,6230458.31550000,39286
2026-01-12,1.99600000,1.99700000,1.92600000,1.94500000,3075933.19000000,6018355.21174000,50938
2026-01-13,1.94500000,2.07600000,1.93700000,2.06400000,4792297.50000000,9593277.27220000,66288
2026-01-14,2.06400000,2.09400000,2.02800000,2.05700000,2443523.47000000,5034363.48446000,39697
2026-01-15,2.05600000,2.16700000,2.01300000,2.04600000,6433001.77000000,13458629.31083000,106929
2026-01-16,2.04600000,2.10100000,2.01400000,2.10000000,2686265.23000000,5517861.16185000,46283
2026-01-17,2.10000000,2.17300000,2.09500000,2.10200000,3393983.03000000,7229226.19099000,58082
2026-01-18,2.10200000,2.11600000,2.05500000,2.05600000,2711764.53000000,5654254.64221000,50572
2026-01-19,2.05700000,2.05700000,1.96700000,2.01300000,3374476.46000000,6791984.29712000,56875
2026-01-20,2.01300000,2.03300000,1.88900000,1.89300000,3574861.49000000,6972221.18359000,48513
2026-01-21,1.89300000,1.95900000,1.87100000,1.93600000,3158565.36000000,6034756.55844000,66114
2026-01-22,1.93600000,1.97500000,1.91200000,1.94000000,3759205.47000000,7295809.52879000,51128
2026-01-23,1.94000000,1.95500000,1.91700000,1.92700000,1781912.77000000,3453614.58139000,28916
2026-01-24,1.92600000,1.94000000,1.90300000,1.91600000,1066846.12000000,2050668.62429000,16060
2026-01-25,1.91600000,1.92400000,1.83100000,1.85600000,2448900.50000000,4605151.45390000,45424
2026-01-26,1.85600000,1.91400000,1.85400000,1.90500000,1615924.24000000,3052489.62357000,27470
2026-01-27,1.90500000,1.93000000,1.88200000,1.92200000,1758671.00000000,3350793.18653000,26500
2026-01-28,1.92200000,1.94000000,1.90100000,1.90400000,1474603.15000000,2831246.93917000,25115
2026-01-29,1.90500000,1.90700000,1.75600000,1.79300000,3960839.36000000,7210563.13227000,71828
2026-01-30,1.79300000,1.79600000,1.65000000,1.70600000,6046640.42000000,10254556.61066000,95080
2026-01-31,1.70600000,1.71200000,1.42100000,1.54000000,8293588.86000000,12759461.14738000,105435
2026-02-01,1.53900000,1.56000000,1.48000000,1.51500000,3459580.55000000,5277229.97336000,53648
2026-02-02,1.51600000,1.58800000,1.46500000,1.58200000,4239605.48000000,6483071.49609000,59552
2026-02-03,1.58200000,1.60000000,1.48600000,1.54500000,3989374.29000000,6232184.36342000,65166
2026-02-04,1.54600000,1.59600000,1.49300000,1.51900000,4339678.56000000,6706831.70841000,87422
2026-02-05,1.51900000,1.53000000,1.28000000,1.28500000,12050802.99000000,16837331.95096000,195485
2026-02-06,1.28500000,1.42000000,1.18800000,1.38500000,7990043.72000000,10436334.44252000,144423
2026-02-07,1.38400000,1.40000000,1.32800000,1.38000000,4801306.63000000,6551354.38165000,68420
2026-02-08,1.38200000,1.39100000,1.34600000,1.36400000,1629038.77000000,2236735.09272000,29766
2026-02-09,1.36400000,1.38900000,1.31000000,1.36000000,3136379.30000000,4243577.05865000,43735
2026-02-10,1.36000000,1.37200000,1.30900000,1.32200000,2153703.02000000,2873581.32255000,33375
2026-02-11,1.32100000,1.34000000,1.26400000,1.29900000,3983061.72000000,5171128.22678000,54629
2026-02-12,1.29900000,1.32500000,1.27200000,1.30000000,2562038.19000000,3331202.59768000,40191
2026-02-13,1.29900000,1.30600000,1.23400000,1.30200000,4935485.44000000,6255854.64980000,47290
2026-02-14,1.30200000,1.35800000,1.29600000,1.34800000,2656683.58000000,3529116.81649000,32646
2026-02-15,1.34900000,1.38000000,1.27500000,1.30100000,3642987.31000000,4824173.72105000,39543
2026-02-16,1.30000000,1.33700000,1.28200000,1.33000000,1868575.27000000,2440680.20271000,25692
2026-02-17,1.33000000,1.33100000,1.28400000,1.30400000,1335561.70000000,1745670.00247000,19614
2026-02-18,1.30400000,1.32200000,1.26200000,1.27000000,2681428.72000000,3467640.03824000,25588
2026-02-19,1.27100000,1.30700000,1.23800000,1.25400000,3069347.47000000,3874013.99751000,28741
2026-02-20,1.25300000,1.30200000,1.23800000,1.29700000,2772791.88000000,3524582.97549000,35648
2026-02-21,1.29600000,1.34400000,1.28900000,1.32200000,1850499.84000000,2441161.92344000,25962
2026-02-22,1.32100000,1.32400000,1.27800000,1.29000000,1581700.03000000,2061598.28832000,21157
2026-02-23,1.28900000,1.29200000,1.20500000,1.21700000,5408740.20000000,6690177.68808000,58388
2026-02-24,1.21700000,1.23200000,1.16900000,1.19700000,4504785.85000000,5409831.43563000,42778
2026-02-25,1.19700000,1.36000000,1.19400000,1.32900000,7434759.45000000,9629192.92654000,71889
2026-02-26,1.33000000,1.33600000,1.27600000,1.31000000,3969676.09000000,5195583.43952000,40728
2026-02-27,1.31000000,1.33400000,1.27300000,1.29800000,2856135.57000000,3722649.60747000,37641
2026-02-28,1.29800000,1.32200000,1.22700000,1.31000000,4741648.26000000,6010826.20037000,55121
2026-03-01,1.31000000,1.34700000,1.28000000,1.30100000,3438543.05000000,4529400.57133000,41677
2026-03-02,1.30100000,1.38200000,1.29600000,1.34700000,3517882.49000000,4702227.17923000,42344
2026-03-03,1.34800000,1.35400000,1.30800000,1.34400000,2769392.89000000,3698630.05260000,39430
2026-03-04,1.34300000,1.44400000,1.33400000,1.40600000,4685443.61000000,6528772.83227000,46682
2026-03-05,1.40600000,1.42100000,1.37500000,1.38900000,2715890.18000000,3796835.66673000,31787
2026-03-06,1.39000000,1.39800000,1.33200000,1.33800000,1891613.65000000,2574330.65943000,27484
2026-03-07,1.33800000,1.34500000,1.31100000,1.31600000,1490530.65000000,1982702.33512000,16537
2026-03-08,1.31600000,1.33300000,1.28600000,1.29700000,1679438.99000000,2195328.98599000,23461
2026-03-09,1.29600000,1.39700000,1.29600000,1.36800000,3382934.38000000,4588296.27989000,35907
2026-03-10,1.36800000,1.40300000,1.36000000,1.36800000,2353896.06000000,3249627.10228000,25033
2026-03-11,1.36800000,1.39600000,1.35700000,1.38200000,1784323.52000000,2453241.34230000,18366
2026-03-12,1.38300000,1.40200000,1.36000000,1.39400000,1924278.83000000,2665126.52306000,21449
2026-03-13,1.39400000,1.45400000,1.39100000,1.41000000,2375477.31000000,3375700.11749000,30311
2026-03-14,1.41000000,1.41600000,1.38600000,1.41200000,1300072.58000000,1820182.38994000,13556
2026-03-15,1.41300000,1.53400000,1.24800000,1.51700000,17616256.86000000,24407669.92953000,187343
2026-03-16,1.51700000,1.54700000,1.48700000,1.51900000,4358401.84000000,6593746.36688000,53704
2026-03-17,1.51900000,1.53100000,1.47300000,1.48100000,3849085.96000000,5738077.38494000,39410
2026-03-18,1.48100000,1.49800000,1.42400000,1.44400000,2147497.63000000,3137662.18381000,33978
2026-03-19,1.44400000,1.44700000,1.39800000,1.41300000,1828421.84000000,2590163.03194000,27213
2026-03-20,1.41300000,1.43500000,1.39000000,1.39900000,1450509.70000000,2055802.43770000,22955
2026-03-21,1.39800000,1.40100000,1.35200000,1.35900000,1461976.64000000,2016891.63038000,20993
2026-03-22,1.35900000,1.40200000,1.34300000,1.37500000,3843196.66000000,5284933.42583000,42320
2026-03-23,1.37500000,1.42400000,1.34900000,1.40900000,2944029.05000000,4089722.56651000,44198
2026-03-24,1.40900000,1.42300000,1.39400000,1.41400000,1430509.69000000,2014945.67989000,25611
2026-03-25,1.41400000,1.45200000,1.41000000,1.44500000,1178985.74000000,1690077.69273000,22466
2026-03-26,1.44500000,1.45300000,1.39300000,1.41100000,1369920.27000000,1944157.88416000,25065
2026-03-27,1.41100000,1.42500000,1.34700000,1.36600000,2008054.87000000,2754033.96654000,31006
2026-03-28,1.36600000,1.39500000,1.35800000,1.37200000,1090092.46000000,1499504.82846000,17162
2026-03-29,1.37200000,1.38400000,1.32500000,1.34700000,1608643.43000000,2192260.41178000,31147
2026-03-30,1.34800000,1.41300000,1.34700000,1.38100000,1797040.14000000,2501636.28464000,35571
2026-03-31,1.38100000,1.40900000,1.36000000,1.39500000,1832347.99000000,2528076.30383000,39190
2026-04-01,1.39400000,1.42200000,1.38300000,1.40100000,1357109.40000000,1907307.31028000,27004
2026-04-02,1.40100000,1.41100000,1.30800000,1.33300000,3024761.43000000,4061279.32593000,48610
2026-04-03,1.33300000,1.35500000,1.32400000,1.34400000,1132140.74000000,1513956.90659000,18130
2026-04-04,1.34400000,1.42600000,1.34400000,1.41200000,2513888.13000000,3506921.90504000,40433
2026-04-05,1.41300000,1.42500000,1.39000000,1.42400000,1333323.34000000,1873981.60375000,23652
2026-04-06,1.42400000,1.45600000,1.40900000,1.42100000,1433860.59000000,2058569.05604000,25427
2026-04-07,1.42000000,1.53700000,1.41500000,1.51700000,2737601.92000000,3991659.38749000,46872
2026-04-08,1.51700000,1.52200000,1.47500000,1.47800000,1455490.27000000,2188214.33157000,22609
2026-04-09,1.47800000,1.50800000,1.46000000,1.48300000,1960540.34000000,2909833.02977000,30607
2026-04-10,1.48400000,1.52300000,1.48300000,1.51000000,1097919.88000000,1652450.95992000,19164
2026-04-11,1.51000000,1.51100000,1.48300000,1.49400000,1091867.01000000,1631682.63210000,19994
2026-04-12,1.49500000,1.50400000,1.45300000,1.46100000,1037384.25000000,1523431.17271000,19673
2026-04-13,1.46100000,1.60400000,1.45900000,1.58600000,5046138.06000000,7818427.76402000,70763
2026-04-14,1.58600000,1.65200000,1.55400000,1.56100000,4669921.25000000,7444733.31322000,61033
2026-04-15,1.56100000,1.61600000,1.56100000,1.60100000,2958308.29000000,4723564.55324000,38711
2026-04-16,1.60100000,1.63700000,1.56400000,1.62900000,2952044.73000000,4730279.11459000,42556
2026-04-17,1.62800000,1.66800000,1.58300000,1.59100000,4746153.56000000,7673292.46681000,54584
2026-04-18,1.59000000,1.60300000,1.51900000,1.54300000,3041859.16000000,4741030.58911000,44810
2026-04-19,1.54400000,1.54900000,1.49800000,1.50400000,1675066.54000000,2559328.69235000,23951
2026-04-20,1.50500000,1.54300000,1.50400000,1.53100000,1379100.60000000,2102270.10856000,20845
2026-04-21,1.53000000,1.55700000,1.51600000,1.53700000,1268371.08000000,1946384.91867000,19668
2026-04-22,1.53800000,1.58500000,1.49700000,1.51900000,4426602.95000000,6823111.80378000,46469
2026-04-23,1.51900000,1.52200000,1.48600000,1.51000000,1421242.61000000,2136650.66705000,21103
2026-04-24,1.51100000,1.51900000,1.49400000,1.50200000,893600.27000000,1347477.74070000,12818
2026-04-25,1.50200000,1.52000000,1.49000000,1.50100000,727510.54000000,1094950.20943000,11087
2026-04-26,1.50200000,1.54000000,1.49800000,1.53000000,776783.54000000,1179247.10055000,11240
2026-04-27,1.53100000,1.54500000,1.48400000,1.50900000,1163356.96000000,1755084.02550000,20286
2026-04-28,1.50800000,1.51000000,1.47600000,1.50300000,1072129.45000000,1601903.82616000,17042
2026-04-29,1.50300000,1.52800000,1.45500000,1.47700000,1668530.82000000,2485359.21245000,25169
2026-04-30,1.47700000,1.48700000,1.44400000,1.44900000,1768148.60000000,2580805.69342000,26541
2026-05-01,1.44800000,1.46600000,1.44600000,1.45200000,1465162.72000000,2129799.42335000,35369
2026-05-02,1.45300000,1.47900000,1.44500000,1.46600000,762679.91000000,1113492.15499000,12995
2026-05-03,1.46700000,1.52400000,1.45500000,1.49200000,1545283.01000000,2305656.00236000,22600
2026-05-04,1.49200000,1.53300000,1.48700000,1.49900000,1562103.30000000,2351273.27568000,25390
2026-05-05,1.50000000,1.52500000,1.49900000,1.50800000,1301184.70000000,1970040.81877000,19301
2026-05-06,1.50800000,1.60100000,1.50500000,1.57000000,2485043.40000000,3875653.52993000,32559
2026-05-07,1.57000000,1.57600000,1.50700000,1.51300000,2425060.40000000,3739157.26726000,30718
2026-05-08,1.51400000,1.56600000,1.50000000,1.56100000,1936665.96000000,2973500.97824000,22679
2026-05-09,1.56200000,1.58500000,1.54500000,1.55400000,1650315.55000000,2579861.02042000,20267
2026-05-10,1.55500000,1.64800000,1.52500000,1.61700000,2951562.09000000,4693847.80907000,50912
2026-05-11,1.61700000,1.62200000,1.55000000,1.56900000,2434626.15000000,3840334.67512000,38244
2026-05-12,1.57000000,1.57300000,1.51400000,1.54300000,1546925.12000000,2385387.52046000,27804
2026-05-13,1.54300000,1.58100000,1.50600000,1.52700000,1655595.38000000,2551941.31021000,25424
2026-05-14,1.52700000,1.55300000,1.51200000,1.52800000,1114599.15000000,1706201.43148000,16017
2026-05-15,1.52800000,1.54100000,1.48400000,1.49600000,1566935.01000000,2361858.10120000,30087
2026-05-16,1.49600000,1.50200000,1.45500000,1.47300000,1128802.45000000,1664464.33642000,19958
2026-05-17,1.47300000,1.48200000,1.41000000,1.44400000,3124030.35000000,4534985.50926000,33511
2026-05-18,1.44400000,1.45000000,1.39300000,1.42100000,2612118.93000000,3705629.00441000,36712
2026-05-19,1.42100000,1.43000000,1.38900000,1.39900000,931301.49000000,1311401.26129000,15462
2026-05-20,1.39900000,1.47100000,1.39300000,1.46200000,1514545.57000000,2184746.06560000,23891
2026-05-21,1.46100000,1.47400000,1.43300000,1.45400000,1027156.37000000,1492738.80527000,16314
2026-05-22,1.45400000,1.46500000,1.40800000,1.41600000,1659217.25000000,2393704.01054000,21547
2026-05-23,1.41600000,1.44200000,1.36300000,1.43100000,1920439.92000000,2685066.17671000,21353
2026-05-24,1.43100000,1.43100000,1.38000000,1.39600000,1082579.80000000,1525257.70313000,13579
2026-05-25,1.39600000,1.47000000,1.39400000,1.45000000,1459309.88000000,2104209.39134000,21540
2026-05-26,1.45100000,1.46300000,1.41000000,1.41700000,1229701.31000000,1766292.47151000,21660
2026-05-27,1.41700000,1.42500000,1.37800000,1.38300000,891993.91000000,1253015.41469000,18483
2026-05-28,1.38300000,1.38800000,1.31600000,1.35000000,2551249.92000000,3419504.48056000,35729
2026-05-29,1.35000000,1.36500000,1.32800000,1.35400000,1060243.62000000,1430438.60914000,15788
2026-05-30,1.35400000,1.52000000,1.35300000,1.49900000,4231365.42000000,6186838.91614000,67901
2026-05-31,1.49900000,1.56500000,1.46600000,1.48500000,4456673.06000000,6751839.13826000,62931
2026-06-01,1.48500000,1.49800000,1.40600000,1.44200000,2890894.37000000,4181816.38821000,45417
2026-06-02,1.44200000,1.44500000,1.30500000,1.32500000,2554978.32000000,3506201.19618000,52607
2026-06-03,1.32500000,1.35400000,1.27400000,1.29000000,2467620.21000000,3258353.33053000,50240
2026-06-04,1.28900000,1.30000000,1.18200000,1.24900000,3534834.92000000,4367492.06315000,59625
2026-06-05,1.24800000,1.25100000,1.12700000,1.16300000,4028872.30000000,4788445.57514000,62108
2026-06-06,1.16300000,1.22400000,1.12900000,1.21600000,2352998.60000000,2781873.36403000,35915
2026-06-07,1.21500000,1.28500000,1.21300000,1.26800000,2132936.42000000,2661515.76737000,31310
2026-06-08,1.26900000,1.33100000,1.24500000,1.31400000,2521447.48000000,3278260.85322000,42823
2026-06-09,1.31400000,1.35000000,1.27100000,1.30900000,1966806.93000000,2578486.45329000,34519
2026-06-10,1.30900000,1.32900000,1.27800000,1.29500000,1476202.59000000,1924784.06992000,31793
2026-06-11,1.29500000,1.34300000,1.29500000,1.32800000,1876256.25000000,2465929.20672000,29467
2026-06-12,1.32900000,1.34500000,1.30800000,1.31500000,1153530.10000000,1531575.18598000,20910
2026-06-13,1.31400000,1.35900000,1.31300000,1.35100000,871301.33000000,1167187.17711000,16471
2026-06-14,1.35100000,1.39200000,1.33700000,1.38800000,1311571.82000000,1782130.49271000,22906
2026-06-15,1.38800000,1.44300000,1.38400000,1.40400000,1254513.01000000,1763847.41556000,19934
2026-06-16,1.40400000,1.43400000,1.37800000,1.41400000,1005418.75000000,1414273.67787000,21324
2026-06-17,1.41500000,1.44300000,1.35600000,1.37800000,1557240.40000000,2176307.30924000,35503
2026-06-18,1.37900000,1.38700000,1.31100000,1.33200000,1155201.49000000,1549888.93981000,28143
2026-06-19,1.33200000,1.40900000,1.32900000,1.37100000,1441972.66000000,1976289.90642000,27652
2026-06-20,1.37000000,1.39600000,1.35800000,1.37600000,794396.30000000,1092094.57115000,14706
2026-06-21,1.37700000,1.41600000,1.36400000,1.36800000,639497.20000000,887760.65711000,14614
2026-06-22,1.36800000,1.40100000,1.34800000,1.35700000,946148.80000000,1299645.52937000,18128
2026-06-23,1.35600000,1.36400000,1.29700000,1.33100000,1356572.17000000,1803075.73516000,26739
2026-06-24,1.33100000,1.36100000,1.25500000,1.31400000,2170863.97000000,2848022.77167000,43155
2026-06-25,1.31400000,1.34800000,1.27200000,1.31800000,2014403.33000000,2648425.38734000,41700
2026-06-26,1.31800000,1.35400000,1.29200000,1.34000000,1290784.18000000,1716866.50106000,26825
2026-06-27,1.34000000,1.35600000,1.31100000,1.32300000,794877.94000000,1056198.27180000,17692
2026-06-28,1.32300000,1.37000000,1.31100000,1.34800000,1145289.86000000,1534274.32789000,23029
2026-06-29,1.34800000,1.37700000,1.31900000,1.33700000,1553888.31000000,2087819.06043000,31850
2026-06-30,1.33600000,1.33900000,1.28700000,1.31200000,1230715.23000000,1613196.14651000,26198
2026-07-01,1.31200000,1.36500000,1.29400000,1.33700000,1227326.60000000,1631622.71050000,24468
2026-07-02,1.33600000,1.37800000,1.33300000,1.35900000,1089274.23000000,1478520.31090000,18908
2026-07-03,1.35900000,1.40700000,1.35800000,1.39700000,883230.89000000,1222339.53476000,14579
2026-07-04,1.39700000,1.41800000,1.37600000,1.39000000,1175201.92000000,1638623.59534000,17035
2026-07-05,1.39100000,1.48600000,1.36600000,1.47200000,2638883.33000000,3791338.80985000,41751
2026-07-06,1.47100000,1.47900000,1.41200000,1.44000000,1977479.28000000,2851556.80991000,28519
2026-07-07,1.44100000,1.44200000,1.37100000,1.39000000,1379926.70000000,1947284.78558000,25440
2026-07-08,1.39100000,1.39800000,1.34600000,1.38300000,1168351.33000000,1599686.54913000,22215
2026-07-09,1.38300000,1.40300000,1.36700000,1.37500000,931400.11000000,1289914.97000000,16893
2026-07-10,1.37500000,1.41100000,1.36000000,1.39900000,1022057.91000000,1417066.07831000,18124
2026-07-11,1.39900000,1.45700000,1.39900000,1.42600000,1109983.09000000,1586363.14944000,21900
2026-07-12,1.42500000,1.44800000,1.39900000,1.40300000,1112580.42000000,1582167.94378000,17766
2026-07-13,1.40300000,1.42900000,1.36800000,1.40100000,1084168.14000000,1514063.50613000,21795
2026-07-14,1.40100000,1.43900000,1.39400000,1.43700000,890205.40000000,1257535.35324000,17239
2026-07-15,1.43800000,1.45200000,1.40900000,1.41300000,1112678.91000000,1588217.27617000,18379
2026-07-16,1.41300000,1.41900000,1.38700000,1.39100000,834372.77000000,1171319.48770000,13067
2026-07-17,1.39200000,1.41700000,1.36400000,1.41100000,893696.05000000,1242881.22834000,18314
2026-07-18,1.41200000,1.41900000,1.39800000,1.41200000,433693.93000000,610327.20156000,8609
2026-07-19,1.41200000,1.41400000,1.38900000,1.40300000,378903.95000000,530891.24511000,9338
2026-07-20,1.40200000,1.41200000,1.37900000,1.40000000,731742.76000000,1021835.52787000,16227
2026-07-21,1.40000000,1.42800000,1.39200000,1.40200000,742609.43000000,1044285.46653000,11522
2026-07-22,1.40000000,1.41000000,1.38700000,1.40200000,635519.58000000,889488.14575000,10768
2026-07-23,1.40200000,1.40600000,1.37100000,1.38900000,816458.00000000,1134541.98593000,16305
2026-07-24,1.38900000,1.40700000,1.37800000,1.39500000,674882.11000000,940552.92268000,13224
2026-07-25,1.39500000,1.40900000,1.39200000,1.40300000,343095.78000000,480443.34072000,7880
2026-07-26,1.40400000,1.42700000,1.39900000,1.41500000,698650.80000000,986236.70996000,10252
2026-07-27,1.41500000,1.41800000,1.37600000,1.38100000,905254.03000000,1268413.04961000,15762
2026-07-28,1.38100000,1.38300000,1.35300000,1.37800000,1041491.94000000,1425194.25454000,21764
2026-07-29,1.37900000,1.40100000,1.35300000,1.38100000,1138488.97000000,1569124.16827000,20850
2026-07-30,1.38100000,1.48400000,1.37700000,1.45400000,2222390.80000000,3198089.11248000,35780
2026-07-31,1.45400000,1.48300000,1.43800000,1.45900000,1797533.46000000,2623377.64837000,36715
2026-08-01,1.45800000,1.46400000,1.39000000,1.40600000,1136415.80000000,1615381.62706000,23729
2026-08-02,1.40500000,1.45500000,1.40400000,1.44400000,627087.79000000,897752.53405000,14522
2026-08-03,1.44300000,1.44800000,1.42300000,1.43700000,542605.47000000,779070.10919000,10442
2026-08-04,1.43700000,1.44300000,1.41100000,1.41200000,850609.97000000,1212292.88386000,13535
2026-08-05,1.41300000,1.43900000,1.39800000,1.40900000,1325936.74000000,1876877.72238000,17863
2026-08-06,1.40900000,1.41800000,1.39000000,1.40600000,583356.97000000,817881.85968000,12544
2026-08-07,1.40500000,1.41400000,1.38600000,1.40800000,544352.40000000,762418.38792000,10248
2026-08-08,1.40800000,1.45200000,1.40300000,1.43800000,818331.15000000,1171638.88809000,12354
2026-08-09,1.43800000,1.46300000,1.42800000,1.44300000,679048.35000000,981932.48300000,9513
2026-08-10,1.44300000,1.46000000,1.43800000,1.44400000,744653.00000000,1077450.16572000,17662
2026-08-11,1.44400000,1.47500000,1.43900000,1.45800000,947607.95000000,1379505.26537000,16751
2026-08-12,1.45900000,1.47400000,1.43500000,1.44500000,725921.84000000,1054547.32592000,13296
2026-08-13,1.44400000,1.46000000,1.41900000,1.43600000,733916.08000000,1057495.71912000,12072
2026-08-14,1.43600000,1.45200000,1.40500000,1.42800000,668846.98000000,951491.72761000,13935
2026-08-15,1.42800000,1.44100000,1.42400000,1.43100000,301289.58000000,431845.47578000,7777
2026-08-16,1.43100000,1.46900000,1.42500000,1.44900000,875389.50000000,1269898.74348000,21837
2026-08-17,1.44900000,1.47900000,1.44700000,1.46600000,631680.79000000,926623.35289000,13187
2026-08-18,1.46600000,1.53100000,1.45300000,1.53000000,1470635.98000000,2195339.02880000,29961
2026-08-19,1.53100000,1.63800000,1.51300000,1.62100000,2708905.43000000,4253786.09438000,57547
2026-08-20,1.62100000,1.65800000,1.58500000,1.64300000,1779012.80000000,2885643.80116000,37984
2026-08-21,1.64300000,1.82100000,1.63500000,1.76400000,3615897.72000000,6254163.65737000,79805
2026-08-22,1.76400000,1.85700000,1.67700000,1.70600000,3208435.34000000,5615764.43744000,68550
2026-08-23,1.70700000,1.77300000,1.65400000,1.75300000,1897159.92000000,3266772.25116000,32663
2026-08-24,1.75300000,1.79400000,1.71800000,1.76300000,1338534.85000000,2344311.16981000,33018
2026-08-25,1.76300000,1.80400000,1.69200000,1.71400000,1265424.47000000,2210197.08224000,28049
2026-08-26,1.71400000,1.76000000,1.69000000,1.73600000,1032016.65000000,1776759.72271000,26375
2026-08-27,1.73500000,1.77100000,1.71300000,1.76200000,944825.87000000,1647379.30808000,20969
2026-08-28,1.76200000,1.78300000,1.67600000,1.71500000,1311073.59000000,2260499.99317000,34151
2026-08-29,1.71600000,1.73300000,1.70300000,1.72000000,385938.24000000,661920.17718000,8776
2026-08-30,1.71900000,1.91900000,1.71000000,1.81000000,4864677.77000000,8965503.01372000,111844
2026-08-31,1.80900000,1.89600000,1.79600000,1.86800000,2901090.91000000,5367216.47278000,59695
2026-09-01,1.86700000,1.90700000,1.79200000,1.81300000,2663149.92000000,4911780.74179000,59828
2026-09-02,1.81400000,1.85400000,1.78100000,1.82500000,1532587.68000000,2782842.96106000,29649
2026-09-03,1.82500000,2.03000000,1.81400000,2.02500000,5509307.32000000,10786909.31355000,107091
2026-09-04,2.02400000,2.07000000,1.92400000,1.97700000,4520942.48000000,9011610.75947000,105676
2026-09-05,1.97700000,2.28900000,1.94400000,2.24600000,8595325.87000000,18579719.64028000,168360
2026-09-06,2.24700000,2.28700000,2.15400000,2.24300000,4703347.50000000,10439365.65139000,89540
2026-09-07,2.24300000,2.36000000,2.16900000,2.22000000,4508853.12000000,10186663.58129000,113612
2026-09-08,2.22000000,2.43500000,2.21700000,2.26500000,6277074.60000000,14595211.52043000,158439
2026-09-09,2.26500000,2.33000000,2.20000000,2.23900000,3205207.29000000,7294307.79125000,68828
2026-09-10,2.23800000,2.25300000,2.07000000,2.10800000,3132098.28000000,6731546.61489000,69582
2026-09-11,2.10800000,2.22800000,2.10400000,2.19000000,2269344.36000000,4922131.98454000,48118
2026-09-12,2.19000000,2.26800000,2.18200000,2.22000000,1366198.22000000,3043111.53502000,29664
2026-09-13,2.22100000,2.29300000,2.16300000,2.22400000,2321953.23000000,5166312.81062000,57089
2026-09-14,2.22300000,2.39900000,2.22000000,2.34800000,3346293.46000000,7841130.78300000,84861
2026-09-15,2.34800000,2.35100000,2.19400000,2.20500000,2622176.45000000,5980077.63994000,69243
2026-09-16,2.20500000,2.32000000,2.15900000,2.31000000,2475942.58000000,5489053.68144000,65726
2026-09-17,2.31000000,2.48000000,2.29400000,2.44100000,4135746.18000000,9893931.83162000,116639
2026-09-18,2.44100000,2.55800000,2.41700000,2.41800000,5380304.79000000,13392068.85019000,112570
2026-09-19,2.41900000,2.46300000,2.37000000,2.40400000,2859239.90000000,6910015.38173000,70000
2026-09-20,2.40300000,2.61300000,2.29700000,2.56800000,8598282.32000000,21157129.67545000,229932
2026-09-21,2.56600000,2.62800000,2.49500000,2.55000000,5226141.17000000,13340861.89567000,137898
2026-09-22,2.54900000,2.59300000,2.46400000,2.56900000,3280473.20000000,8281468.30013000,80559
2026-09-23,2.56900000,2.72600000,2.51000000,2.56000000,4604955.29000000,12094661.93795000,97851
2026-09-24,2.56100000,2.80700000,2.56000000,2.74400000,5211289.58000000,14034278.86247000,148145
2026-09-25,2.74400000,2.84500000,2.70500000,2.78700000,3837616.88000000,10611372.18156000,95695
2026-09-26,2.78700000,2.84700000,2.72100000,2.74400000,2210591.77000000,6133424.04940000,54220
2026-09-27,2.74400000,2.86300000,2.72400000,2.83100000,3194171.97000000,8945507.93969000,96293
2026-09-28,2.83100000,2.84100000,2.56400000,2.59400000,4380307.97000000,11737137.81865000,136085
2026-09-29,2.59300000,2.61900000,2.51000000,2.55100000,2490608.50000000,6386713.96604000,53184
2026-09-30,2.55200000,2.67500000,2.54500000,2.59700000,2298322.28000000,5999311.67404000,53006
2026-10-01,2.59600000,2.61700000,2.54000000,2.56500000,1454151.88000000,3755281.15964000,57160
2026-10-02,2.56600000,2.65300000,2.45300000,2.49400000,2574439.09000000,6576884.73916000,62655
2026-10-03,2.49200000,2.55600000,2.46000000,2.52700000,1081592.93000000,2703990.48436000,21908
2026-10-04,2.52600000,2.53700000,2.47900000,2.50800000,911140.88000000,2282642.91018000,21011
2026-10-05,2.50600000,2.55600000,2.42700000,2.46600000,1683723.80000000,4177312.54617000,41599
2026-10-06,2.46500000,2.48300000,2.37000000,2.39100000,1316910.54000000,3197284.47276000,34273
2026-10-07,2.39000000,2.39300000,2.18000000,2.25200000,3866875.08000000,8775685.00020000,65196
2026-10-08,2.25200000,2.27700000,2.08100000,2.15100000,3689260.21000000,8036950.25852000,65692
2026-10-09,2.15100000,2.20500000,2.13700000,2.19600000,2072227.15000000,4507300.51706000,34120
