date,open,high,low,close,volume,quote_volume,trades
2022-12-07,0.0666,0.0697,0.0627,0.0637,69444980.547094,4571092.650517,
2022-12-08,0.0637,0.065,0.0626,0.0646,13136534.138936,834051.038824,
2022-12-09,0.0647,0.0647,0.0634,0.064,16290262.003271,1045180.398778,
2022-12-10,0.064,0.0656,0.0639,0.0641,20453522.605785,1323562.170047,
2022-12-11,0.0641,0.0646,0.0632,0.0632,7907387.538495,504526.646967,
2022-12-12,0.0632,0.0632,0.0611,0.0621,21717557.731771,1343942.418609,
2022-12-13,0.0621,0.0633,0.0604,0.0624,28136625.23126,1741706.959228,
2022-12-14,0.0624,0.0636,0.0615,0.0619,19477699.766379,1219480.234739,
2022-12-15,0.062,0.063,0.0605,0.0607,14284647.521952,875615.240881,
2022-12-16,0.0608,0.0633,0.0548,0.0555,42501525.733235,2518755.626277,
2022-12-17,0.0554,0.0575,0.0549,0.056,22654203.221663,1268832.947526,
2022-12-18,0.056,0.0574,0.0557,0.0569,4117468.558599,232375.156349,
2022-12-19,0.0569,0.0571,0.0549,0.0551,15206645.995192,855568.353394,
2022-12-20,0.0551,0.0575,0.0549,0.0571,16265975.628124,914623.891426,
2022-12-21,0.0571,0.059,0.0564,0.057,15564863.523285,891812.477516,
2022-12-22,0.0569,0.0582,0.0564,0.0577,15625753.159733,895543.161769,
2022-12-23,0.0577,0.0598,0.0573,0.0587,8892535.13638,519462.867109,
2022-12-24,0.0588,0.0605,0.0586,0.0603,17654210.486037,1055189.799227,
2022-12-25,0.0603,0.0605,0.0588,0.0598,11765158.234538,702116.885018,
2022-12-26,0.0598,0.0599,0.0587,0.0594,7127576.070396,422683.033785,
2022-12-27,0.0595,0.0606,0.058,0.0583,14516708.199092,862912.24265,
2022-12-28,0.0582,0.0598,0.0571,0.0576,20428077.118468,1189884.088101,
2022-12-29,0.0575,0.06,0.0571,0.058,9105312.949807,524535.442746,
2022-12-30,0.0581,0.0586,0.0558,0.0562,19390010.735069,1103698.811596,
2022-12-31,0.0561,0.0564,0.0556,0.0559,10000046.016097,559730.382535,
2023-01-01,0.0559,0.058,0.0553,0.0569,10565033.633055,596932.844852,
2023-01-02,0.0568,0.0579,0.0563,0.0574,8645362.107154,494279.296672,
2023-01-03,0.0574,0.0585,0.0568,0.0572,10176181.539009,585298.941947,
2023-01-04,0.0572,0.06,0.057,0.0593,23875665.166594,1401889.757869,
2023-01-05,0.0593,0.0598,0.0585,0.0588,6904639.394861,408763.289319,
2023-01-06,0.0588,0.0609,0.0586,0.0608,19641034.584195,1167891.99362,
2023-01-07,0.0608,0.0625,0.0603,0.0622,27328108.592814,1681107.312154,
2023-01-08,0.0622,0.063,0.0606,0.0622,41608038.628109,2567718.643285,
2023-01-09,0.0622,0.0643,0.0619,0.0633,24786579.460867,1562109.084866,
2023-01-10,0.0633,0.0642,0.0627,0.0641,13886396.59365,878649.318095,
2023-01-11,0.0641,0.0659,0.0629,0.0655,18075960.682016,1158718.011621,
2023-01-12,0.0654,0.0675,0.0642,0.0668,24601034.920395,1618292.525355,
2023-01-13,0.0667,0.0724,0.066,0.0714,50549322.468287,3516082.049159,
2023-01-14,0.0715,0.0785,0.0711,0.0759,86679198.51688,6482472.766749,
2023-01-15,0.0759,0.0762,0.0731,0.0743,40415808.776646,3000131.005081,
2023-01-16,0.0743,0.0857,0.0734,0.0807,112351159.39131,8928685.344154,
2023-01-17,0.0806,0.0822,0.0776,0.0787,49069839.189425,3880885.842617,
2023-01-18,0.0787,0.0796,0.0705,0.0708,54080082.017685,4096387.205858,
2023-01-19,0.0707,0.074,0.0704,0.0739,18851478.914996,1358582.599092,
2023-01-20,0.074,0.0787,0.0727,0.0785,27386963.291815,2057889.630183,
2023-01-21,0.0785,0.0795,0.0765,0.0766,28281973.058841,2205953.395809,
2023-01-22,0.0766,0.0796,0.0762,0.0778,31732107.516401,2482536.795495,
2023-01-23,0.0778,0.0809,0.0772,0.0802,32253297.720658,2550942.948015,
2023-01-24,0.0801,0.0831,0.077,0.0781,68053743.285998,5483071.261328,
2023-01-25,0.0781,0.0834,0.0764,0.0811,39148075.341176,3104465.054841,
2023-01-26,0.0811,0.0818,0.0799,0.0804,12160836.055052,984153.877554,
2023-01-27,0.0804,0.082,0.0779,0.0819,21855358.95161,1745125.186394,
2023-01-28,0.0819,0.0822,0.0801,0.0808,11922107.352862,967237.82263,
2023-01-29,0.0809,0.0827,0.0806,0.0823,12466177.452707,1019453.128314,
2023-01-30,0.0823,0.0825,0.0765,0.0774,29548519.020359,2340968.775755,
2023-01-31,0.0775,0.0796,0.077,0.0789,15488268.590984,1212580.859251,
2023-02-01,0.0789,0.0808,0.0763,0.0807,49947684.021411,3925743.514028,
2023-02-02,0.0808,0.0826,0.0793,0.0798,25210966.231488,2044319.654706,
2023-02-03,0.0798,0.0821,0.0796,0.082,16344654.252694,1319694.781735,
2023-02-04,0.082,0.0871,0.0813,0.0835,68336695.905199,5689323.789205,
2023-02-05,0.0836,0.0843,0.0801,0.0808,39041176.124465,3216268.346529,
2023-02-06,0.0807,0.0816,0.0793,0.0797,17227956.021547,1390908.552687,
2023-02-07,0.0797,0.0843,0.0797,0.0838,32495016.129985,2650309.831329,
2023-02-08,0.0837,0.0857,0.082,0.084,39028659.709979,3278165.012669,
2023-02-09,0.084,0.0844,0.0753,0.077,29455651.79628,2380167.881689,
2023-02-10,0.0769,0.0777,0.0754,0.0761,20469426.282244,1569829.438403,
2023-02-11,0.0761,0.0772,0.0757,0.0771,5275005.965254,402627.92559,
2023-02-12,0.0771,0.078,0.0754,0.0763,10503669.844063,807976.870421,
2023-02-13,0.0762,0.0762,0.0722,0.0741,32307797.830377,2400326.944755,
2023-02-14,0.074,0.0761,0.0725,0.0759,25350408.248644,1877432.635517,
2023-02-15,0.0759,0.0818,0.0748,0.0811,15698558.968184,1225883.834316,
2023-02-16,0.0812,0.0824,0.0761,0.0767,37284180.160993,2985271.687506,
2023-02-17,0.0766,0.0811,0.076,0.0801,15507516.047399,1217304.743129,
2023-02-18,0.0801,0.0807,0.0792,0.0798,9482315.226164,758203.409633,
2023-02-19,0.0797,0.0814,0.0786,0.0798,10873368.361711,870701.920396,
2023-02-20,0.0799,0.0843,0.0784,0.084,26572324.474985,2192981.67581,
2023-02-21,0.084,0.095,0.084,0.0866,71473517.28422,6347829.281055,
2023-02-22,0.0866,0.0869,0.0815,0.0839,17477358.74214,1464140.115344,
2023-02-23,0.0839,0.0852,0.0817,0.0831,14553394.554626,1209359.924058,
2023-02-24,0.083,0.0839,0.079,0.0801,23369900.702965,1903265.318343,
2023-02-25,0.0802,0.0803,0.0778,0.0792,11248850.899758,889186.603479,
2023-02-26,0.0792,0.0809,0.0787,0.0807,8254484.7292,657194.747057,
2023-02-27,0.0806,0.0816,0.0791,0.0802,18761642.568343,1500259.880757,
2023-02-28,0.0802,0.0806,0.078,0.0783,7780646.198529,620030.562274,
2023-03-01,0.0783,0.0805,0.0779,0.0798,20150321.821581,1597477.552123,
2023-03-02,0.0799,0.0802,0.0759,0.0768,23227255.939509,1793040.915839,
2023-03-03,0.0768,0.077,0.0709,0.0728,20839581.949682,1515229.0171763581,
2023-03-04,0.0729,0.0734,0.0721,0.0729,8711083.387027,635358.9466282302,
2023-03-05,0.0729,0.0739,0.0725,0.0733,12354048.360382,903984.1821326422,
2023-03-06,0.0733,0.0733,0.0716,0.0723,19580489.782594,1415826.6944968922,
2023-03-07,0.0723,0.0727,0.0698,0.0703,14900339.752211,1058549.3332496611,
2023-03-08,0.0703,0.0706,0.067,0.0672,17696609.06004,1214917.6519026068,
2023-03-09,0.0673,0.0678,0.0618,0.0626,20901175.453808,1357421.9953408404,
2023-03-10,0.0627,0.0631,0.0599,0.0627,21514624.891286,1325564.1984323085,
2023-03-11,0.0628,0.0646,0.0614,0.0642,44595098.425783,2823424.2182502164,
2023-03-12,0.0642,0.0682,0.0631,0.068,18238737.916683,1182867.8730840974,
2023-03-13,0.068,0.0721,0.0662,0.0714,29568613.220746,2046049.0582772482,
2023-03-14,0.0714,0.076,0.0705,0.0727,40621656.696339,2972505.2548346054,
2023-03-15,0.0728,0.0734,0.0678,0.0688,22834006.000182,1607224.8531900361,
2023-03-16,0.0688,0.0706,0.0678,0.0701,12375078.773788,858644.0980406871,
2023-03-17,0.0702,0.074,0.0701,0.0737,33919107.561185,2446300.2258210455,
2023-03-18,0.0737,0.0741,0.0705,0.0707,19134572.519509,1389117.9124130802,
2023-03-19,0.0706,0.0729,0.0703,0.0718,13595180.299199,972851.6999636714,
2023-03-20,0.0719,0.0756,0.07,0.0702,56541249.961218,4154035.7993055835,
2023-03-21,0.0702,0.0717,0.0684,0.0714,24523296.82295,1716702.2320635806,
2023-03-22,0.0715,0.0721,0.0672,0.0685,23581624.477718,1649790.6278367497,
2023-03-23,0.0684,0.0707,0.0678,0.0701,13183077.586774,914501.1440364784,
2023-03-24,0.0701,0.0704,0.0674,0.0684,10714741.705983,739603.8409036665,
2023-03-25,0.0683,0.0689,0.0668,0.0684,5938968.293709,405715.3228751955,
2023-03-26,0.0684,0.0703,0.0682,0.069,10639526.518319,734988.8363997818,
2023-03-27,0.069,0.069,0.0659,0.0665,11144386.827775,748216.3960951045,
2023-03-28,0.0665,0.0675,0.0659,0.0672,14694793.517189,980792.0306311835,
2023-03-29,0.0671,0.0697,0.067,0.0697,15225433.0317,1047361.379814107,
2023-03-30,0.0697,0.0703,0.0676,0.0682,8289667.557803,570526.6162921105,
2023-03-31,0.0682,0.0695,0.0674,0.0693,13138152.355041,901533.4137642233,
2023-04-01,0.0693,0.0698,0.0687,0.0694,10434455.313976,722256.4159881252,
2023-04-02,0.0694,0.07,0.0669,0.0678,19895741.421331,1364648.7886008252,
2023-04-03,0.0677,0.069,0.0662,0.068,27022703.953845,1832018.0845912037,
2023-04-04,0.0679,0.0688,0.0672,0.0685,8074596.344086,549728.5672025855,
2023-04-05,0.0685,0.0707,0.0681,0.0702,25263040.271762,1750227.0073221324,
2023-04-06,0.0703,0.0705,0.0686,0.0693,14161939.811259,979731.4174016877,
2023-04-07,0.0693,0.0697,0.0675,0.0681,14401776.817376,983857.4931077906,
2023-04-08,0.0681,0.0692,0.068,0.0687,7662172.008184,525955.4740608483,
2023-04-09,0.0687,0.0687,0.0673,0.0682,9153035.19663,620824.3572368153,
2023-04-10,0.0681,0.0693,0.0675,0.0687,8643421.658994,589268.0480188796,
2023-04-11,0.0686,0.0694,0.0682,0.0686,10732879.71265,739372.69174596,
2023-04-12,0.0687,0.0687,0.0671,0.068,12525954.596586,848394.422281847,
2023-04-13,0.0679,0.0692,0.0676,0.0692,7719142.164747,528931.1268096303,
2023-04-14,0.0693,0.0718,0.0693,0.0705,27467656.95198,1938824.2407697846,
2023-04-15,0.0706,0.0716,0.0698,0.0711,8337916.399109,589206.9573427064,
2023-04-16,0.0711,0.0731,0.0705,0.0724,18027167.040345,1297227.2383204069,
2023-04-17,0.0724,0.0726,0.0694,0.0699,15363857.117571,1090653.9888335242,
2023-04-18,0.0699,0.0726,0.0689,0.0725,17528120.641963,1252781.6229172998,
2023-04-19,0.0725,0.0739,0.0674,0.0677,30430646.374079,2140019.8483885991,
2023-04-20,0.0677,0.0705,0.0673,0.068,20774222.137917,1424852.7180163087,
2023-04-21,0.0679,0.0691,0.0669,0.0685,21247943.938198,1448939.4197313741,
2023-04-22,0.0685,0.0687,0.0672,0.0683,6845632.44945,465435.6105100005,
2023-04-23,0.0683,0.0692,0.0675,0.0679,6919968.130889,472494.116732773,
2023-04-24,0.0679,0.0682,0.0658,0.0667,7783170.551523,521701.3280096747,
2023-04-25,0.0668,0.072,0.0653,0.0691,56811609.680791,3894909.3931021937,
2023-04-26,0.0691,0.08,0.0682,0.0714,164909893.861541,12075879.4212172144,
2023-04-27,0.0714,0.0835,0.0697,0.0751,124383183.064437,9321501.8808609351,
2023-04-28,0.0751,0.082,0.0746,0.0782,118539272.986407,9321040.1181188745,
2023-04-29,0.0782,0.0784,0.0749,0.0756,29693493.715944,2266561.0375820912,
2023-04-30,0.0755,0.0757,0.0727,0.0727,29194253.556037,2169125.7409820813,
2023-05-01,0.0728,0.0729,0.0694,0.0702,26328255.327799,1871713.8803846479,
2023-05-02,0.0702,0.0742,0.0697,0.0735,58066691.373281,4215993.16897595,
2023-05-03,0.0735,0.0738,0.0703,0.0721,21261785.558918,1520782.7369166421,
2023-05-04,0.072,0.0721,0.07,0.0703,14423228.392916,1020446.1235374244,
2023-05-05,0.0703,0.0708,0.0688,0.0699,18209407.793268,1268097.5349239051,
2023-05-06,0.0699,0.0701,0.067,0.0678,9623710.561287,657676.6742422261,
2023-05-07,0.0679,0.0693,0.0674,0.0685,13284148.388064,912692.8597706834,
2023-05-08,0.0684,0.0687,0.0654,0.0661,23037183.260794,1549117.4437767017,
2023-05-09,0.0662,0.0671,0.0649,0.0655,8561439.416163,564091.2191599011,
2023-05-10,0.0654,0.0666,0.0643,0.0655,11201201.612789,733300.6518177803,
2023-05-11,0.0655,0.0656,0.0625,0.0631,8481869.248282,541308.5926433134,
2023-05-12,0.0632,0.0632,0.0611,0.0626,10473028.297303,648686.2869032126,
2023-05-13,0.0625,0.0628,0.0617,0.0625,3852447.791016,239456.4943036158,
2023-05-14,0.0625,0.0669,0.0623,0.0639,47680106.273668,3075998.8387773937,
2023-05-15,0.064,0.0649,0.0631,0.0639,14076473.966014,901750.4641459828,
2023-05-16,0.0639,0.064,0.063,0.0634,6535863.285132,415352.124808307,
2023-05-17,0.0633,0.0655,0.0626,0.0638,11061664.239547,710168.0693724332,
2023-05-18,0.0638,0.0648,0.0624,0.0632,7052622.939973,448640.0182127557,
2023-05-19,0.0631,0.0632,0.0625,0.063,4380750.137363,275446.1268848232,
2023-05-20,0.0631,0.0631,0.0625,0.0626,4535249.87951,284849.158233408,
2023-05-21,0.0626,0.0629,0.0616,0.0618,3458700.469509,215268.9463615124,
2023-05-22,0.0617,0.0631,0.0613,0.0619,11887024.271218,737456.4867008351,
2023-05-23,0.0618,0.0628,0.0617,0.062,3132103.577623,194743.6122924756,
2023-05-24,0.062,0.0621,0.0592,0.0597,9166407.589879,552602.870750066,
2023-05-25,0.0596,0.06,0.0584,0.0599,5693491.506838,338167.5791009263,
2023-05-26,0.0599,0.0605,0.0593,0.0601,6596465.600977,395621.1544269841,
2023-05-27,0.06,0.0605,0.0596,0.0601,5151043.952554,308825.9104086782,
2023-05-28,0.0602,0.0615,0.06,0.0614,7956214.829333,482585.3191485062,
2023-05-29,0.0614,0.0617,0.0603,0.0606,8016125.245836,487346.2172445794,
2023-05-30,0.0605,0.061,0.0592,0.0599,9734092.378568,586369.2408978601,
2023-05-31,0.0599,0.0605,0.0591,0.0595,7511234.609482,448296.5078573216,
2023-06-01,0.0595,0.0599,0.0583,0.0587,9603085.05207,567915.5235860668,
2023-06-02,0.0587,0.0606,0.058,0.0595,8509307.156786,504681.7850965757,
2023-06-03,0.0595,0.0597,0.059,0.0592,5443171.726769,322985.5434059351,
2023-06-04,0.0592,0.0637,0.0592,0.0606,21767513.097892,1333846.4384180744,
2023-06-05,0.0606,0.0615,0.0576,0.0582,25926591.754619,1547266.6051207705,
2023-06-06,0.0582,0.0599,0.0578,0.0596,17770442.847847,1046837.701933719,
2023-06-07,0.0595,0.0613,0.0586,0.0587,19004996.412182,1133917.9851883898,
2023-06-08,0.0586,0.0602,0.0583,0.0587,16128225.45664,954665.608187277,
2023-06-09,0.0587,0.0588,0.0573,0.0574,12828671.334291,745863.9010563498,
2023-06-10,0.0574,0.0574,0.0502,0.0543,33752127.357654,1768827.2270085688,
2023-06-11,0.0544,0.0553,0.054,0.055,11399287.940947,623636.5036045319,
2023-06-12,0.055,0.055,0.0532,0.0534,13531847.538279,734396.5137334904,
2023-06-13,0.0535,0.0541,0.052,0.0523,10329975.518786,548093.4607921237,
2023-06-14,0.0523,0.0537,0.0511,0.0518,8680934.741908,453106.1735437015,
2023-06-15,0.0517,0.0531,0.0516,0.0527,13864663.84119,723386.6173177113,
2023-06-16,0.0526,0.0536,0.05219,0.05289,17901108.680003,945630.62528453488,
2023-06-17,0.05289,0.05363,0.0526,0.05343,8322548.169817,442733.45740540796,
2023-06-18,0.05343,0.05408,0.05329,0.05351,7775618.703073,417803.20248493703,
2023-06-19,0.05352,0.05436,0.05341,0.05394,7106261.978368,381958.80988875652,
2023-06-20,0.05393,0.05463,0.05331,0.05457,8434676.358831,454929.47665398324,
2023-06-21,0.05459,0.05683,0.0544,0.05659,15545450.870491,866157.55886048496,
2023-06-22,0.05667,0.05776,0.0564,0.0564,18645811.760451,1067735.5627688714,
2023-06-23,0.0564,0.05907,0.05635,0.05828,20345230.198286,1173286.72417775797,
2023-06-24,0.05838,0.05884,0.05777,0.0584,9525209.693232,555696.20943887396,
2023-06-25,0.05843,0.06095,0.05806,0.05829,23335593.530757,1385147.83144892916,
2023-06-26,0.05828,0.05838,0.05629,0.05642,17829010.409911,1019165.88953083358,
2023-06-27,0.0564,0.05686,0.0561,0.05663,10483078.274211,591956.87406138164,
2023-06-28,0.0566,0.05773,0.05493,0.055,17548970.575509,986942.7567184183,
2023-06-29,0.05501,0.05645,0.05487,0.05512,10020783.964812,556436.32121009722,
2023-06-30,0.05505,0.05705,0.05473,0.05628,22313679.213906,1249018.43874507816,
2023-07-01,0.05631,0.05737,0.0556,0.05737,14653834.255151,826869.73812318771,
2023-07-02,0.05736,0.05785,0.05564,0.05661,17280457.865344,979741.81838714047,
2023-07-03,0.05663,0.05782,0.05654,0.057,17867518.781339,1016950.48472081365,
2023-07-04,0.05699,0.05763,0.0564,0.05727,18642851.203783,1064129.90674296935,
2023-07-05,0.05725,0.05808,0.05674,0.05772,21835548.770497,1252836.69274875923,
2023-07-06,0.05771,0.05889,0.0565,0.05653,26768536.57636,1541827.97658600453,
2023-07-07,0.05653,0.05686,0.05576,0.05645,9978789.893006,562249.58936596036,
2023-07-08,0.05643,0.05675,0.0563,0.05674,6867787.799197,387620.68069924026,
2023-07-09,0.0568,0.05705,0.05619,0.05627,5218279.068588,295944.43877176916,
2023-07-10,0.05627,0.05648,0.05526,0.05596,9590282.779746,534453.90307573728,
2023-07-11,0.05597,0.05711,0.05579,0.05686,7373148.221002,416548.81286247758,
2023-07-12,0.05685,0.05792,0.05685,0.05745,14266040.411117,820326.44549051712,
2023-07-13,0.05747,0.06018,0.05718,0.06012,36433906.446404,2148298.64379074703,
2023-07-14,0.06013,0.06105,0.0585,0.05959,36013729.376217,2157724.20845072619,
2023-07-15,0.05959,0.06106,0.05914,0.06082,11971223.658158,720121.91727460636,
2023-07-16,0.06081,0.06197,0.05986,0.06014,21667446.501987,1318279.29581945537,
2023-07-17,0.06012,0.06052,0.05916,0.06012,12509016.94779,749335.29349206343,
2023-07-18,0.06012,0.06023,0.05904,0.05919,10717625.498856,639375.07399270535,
2023-07-19,0.05919,0.05998,0.05912,0.05955,16734529.088817,996474.42671733375,
2023-07-20,0.05955,0.06018,0.05872,0.0594,13907213.988342,829372.67048458731,
2023-07-21,0.05941,0.06202,0.05941,0.06117,38069962.418712,2314850.54008935834,
2023-07-22,0.06114,0.06117,0.0602,0.06043,13512943.693416,819593.89077164281,
2023-07-23,0.06042,0.0609,0.0601,0.06046,6584717.39332,398225.78950859216,
2023-07-24,0.06042,0.0605,0.05844,0.05877,15417372.433328,914311.17041407842,
2023-07-25,0.05877,0.05882,0.05806,0.05868,9852582.285158,575997.00370761411,
2023-07-26,0.05866,0.06176,0.05854,0.05916,31283588.507815,1864929.24435927999,
2023-07-27,0.05915,0.05946,0.05866,0.05898,7347155.505081,433593.78222877234,
2023-07-28,0.05899,0.05976,0.0586,0.05976,15852480.835033,937991.9539550322,
2023-07-29,0.05973,0.0603,0.05953,0.06025,6687605.943279,400473.43766360197,
2023-07-30,0.06025,0.06032,0.05888,0.05919,10058111.396239,598839.37069928326,
2023-07-31,0.05912,0.05955,0.0583,0.0587,12291747.567743,723013.34555313561,
2023-08-01,0.05869,0.06174,0.05806,0.05946,34001865.963993,2018003.16959550065,
2023-08-02,0.05946,0.06014,0.05901,0.05956,16459500.751555,977327.78848921723,
2023-08-03,0.05955,0.05981,0.05894,0.05917,14318071.692144,849926.35151296093,
2023-08-04,0.05917,0.0593,0.05794,0.05824,10064063.32604,590042.85583600656,
2023-08-05,0.05823,0.05828,0.05738,0.05773,11746093.98417,676531.32400451567,
2023-08-06,0.0577,0.05849,0.05762,0.05841,11848814.897901,688097.08226735999,
2023-08-07,0.0584,0.0588,0.05726,0.05784,14882392.974532,863802.50759379269,
2023-08-08,0.05783,0.05876,0.05748,0.05812,11426488.157445,662147.79378391162,
2023-08-09,0.05812,0.05837,0.05705,0.05765,16077115.39561,927940.19915826058,
2023-08-10,0.05765,0.05789,0.05723,0.05754,6869573.841158,395441.29022341105,
2023-08-11,0.05753,0.05771,0.05706,0.05717,2768827.206948,158667.48037452482,
2023-08-12,0.05711,0.05734,0.05706,0.05722,4489249.632177,256800.32769610166,
2023-08-13,0.0572,0.05735,0.05681,0.05697,4003911.203362,228637.96452361548,
2023-08-14,0.05693,0.05733,0.05671,0.05693,8034545.539058,457888.756480966,
2023-08-15,0.0569,0.05696,0.05547,0.05555,12583501.816205,704506.98616890551,
2023-08-16,0.0555,0.05634,0.05416,0.05416,40593329.173608,2238303.96648597213,
2023-08-17,0.0542,0.05453,0.0497,0.05184,23384496.886652,1229792.87422579047,
2023-08-18,0.05186,0.0523,0.05125,0.05178,14195665.068979,734760.57653442256,
2023-08-19,0.05177,0.05267,0.05153,0.05234,4782860.514465,248909.75881998731,
2023-08-20,0.05235,0.05247,0.05206,0.05236,3431399.493665,179319.91829635813,
2023-08-21,0.05238,0.05283,0.05194,0.052,6012429.014096,314503.83588802677,
2023-08-22,0.052,0.05298,0.0511,0.0515,6338587.363277,329895.31691533548,
2023-08-23,0.05149,0.0522,0.05107,0.05179,8411245.335623,433627.02005656831,
2023-08-24,0.05184,0.052,0.05133,0.05145,4339256.414839,224174.98891502244,
2023-08-25,0.05147,0.0516,0.05101,0.05126,4339673.141367,222495.12445904015,
2023-08-26,0.05126,0.05141,0.05108,0.05117,2532053.81417,129654.94020270619,
2023-08-27,0.05119,0.0515,0.05094,0.05102,10200515.696543,522119.81818843275,
2023-08-28,0.05102,0.05507,0.05097,0.05281,42846677.668389,2259613.07617106257,
2023-08-29,0.05282,0.05563,0.05036,0.0529,25246621.71798,1312097.99022868178,
2023-08-30,0.05291,0.05292,0.05191,0.05192,7990697.001412,417313.95190304213,
2023-08-31,0.05196,0.05266,0.05022,0.05025,17874101.609874,924166.48564831025,
2023-09-01,0.05026,0.05057,0.04953,0.04993,11213065.305628,561353.52267454977,
2023-09-02,0.04992,0.05076,0.04989,0.05046,9260304.111649,465888.37368843336,
2023-09-03,0.05048,0.05109,0.05014,0.05092,6641728.72665,335871.83783207829,
2023-09-04,0.05092,0.05277,0.05042,0.05063,14091112.889344,727305.8155033403,
2023-09-05,0.05064,0.05092,0.0498,0.05039,10305925.906402,517499.54486624685,
2023-09-06,0.05037,0.05119,0.04759,0.05033,18736182.576465,936003.27750547024,
2023-09-07,0.0503,0.0528,0.05001,0.05156,16170939.401276,825228.55405728888,
2023-09-08,0.05157,0.05334,0.05119,0.05272,20733241.743465,1084792.21606591594,
2023-09-09,0.05271,0.05361,0.05173,0.05177,15114697.218463,798790.29353529984,
2023-09-10,0.05178,0.05311,0.05148,0.05222,22623693.035526,1183308.67605406364,
2023-09-11,0.05225,0.05276,0.04941,0.05006,16711492.296655,847733.30620718951,
2023-09-12,0.05006,0.05143,0.04952,0.05019,15633339.727369,788491.40566174509,
2023-09-13,0.05022,0.0507,0.05005,0.05062,6396538.437564,322401.41115068514,
2023-09-14,0.0506,0.05114,0.05029,0.05095,13164476.044749,666640.68848291147,
2023-09-15,0.05097,0.05205,0.0505,0.05108,12501744.754526,637342.30746678475,
2023-09-16,0.05111,0.05186,0.05089,0.0511,9654152.281649,495141.48802636651,
2023-09-17,0.05108,0.0526,0.0505,0.05126,42433347.020903,2188620.16779718684,
2023-09-18,0.05123,0.05242,0.05086,0.05112,21088821.620936,1084110.36376311856,
2023-09-19,0.05111,0.05207,0.0509,0.05137,12944429.843196,662810.77706238688,
2023-09-20,0.05137,0.05165,0.05083,0.05124,10527722.49293,539075.00302467546,
2023-09-21,0.05122,0.05159,0.04971,0.05023,23957034.332643,1216553.36011326253,
2023-09-22,0.05023,0.05048,0.04975,0.05045,10582334.363683,531341.75915835497,
2023-09-23,0.05042,0.05078,0.05015,0.05066,8801781.053851,444126.69021115783,
2023-09-24,0.05065,0.05312,0.0504,0.05066,21715861.86514,1115147.16915339438,
2023-09-25,0.0506,0.0507,0.05013,0.05042,9442876.68159,475708.46705123337,
2023-09-26,0.05043,0.0505,0.0498,0.05017,5063514.511621,253756.69749192167,
2023-09-27,0.05018,0.05122,0.04966,0.04999,37420325.19102,1884367.76247522262,
2023-09-28,0.04999,0.0509,0.04992,0.05064,15702478.85626,790109.40100776491,
2023-09-29,0.05068,0.051,0.05039,0.05078,9712790.369963,491663.80582051521,
2023-09-30,0.05078,0.051,0.0503,0.05093,12248431.806424,620441.22101371296,
2023-10-01,0.05093,0.05209,0.05073,0.05193,9197368.565867,470828.73115703134,
2023-10-02,0.05198,0.05208,0.0505,0.05074,7140489.726728,367185.62989310004,
2023-10-03,0.05072,0.05118,0.0497,0.05026,8189985.383939,412719.12931496399,
2023-10-04,0.05026,0.05082,0.0493,0.05027,8993370.772026,449849.28082945841,
2023-10-05,0.05025,0.052,0.04985,0.05009,28792882.311362,1458306.319251926,
2023-10-06,0.05013,0.05082,0.05004,0.05073,7330323.355274,369378.68418222513,
2023-10-07,0.05077,0.05077,0.05033,0.05063,3339017.720983,168608.68083969787,
2023-10-08,0.05063,0.0507,0.05,0.05039,8737553.246581,439607.24236355034,
2023-10-09,0.05039,0.05039,0.04895,0.04972,7416403.034643,368107.95259057925,
2023-10-10,0.04972,0.05199,0.04873,0.04918,14068276.739253,697333.83456410072,
2023-10-11,0.04918,0.05038,0.0487,0.04903,17490990.526653,860238.77898799071,
2023-10-12,0.04901,0.05212,0.04894,0.05058,60172026.408266,3037477.11661900949,
2023-10-13,0.05057,0.05239,0.04939,0.05214,27409897.833037,1394615.18627845704,
2023-10-14,0.05211,0.05213,0.05122,0.05192,8531638.059093,441421.48829438958,
2023-10-15,0.05193,0.05255,0.05116,0.0522,10416544.936751,539078.71134569869,
2023-10-16,0.05219,0.05387,0.05186,0.05273,16280626.494275,856438.7573216847,
2023-10-17,0.05272,0.05302,0.05138,0.0525,12297903.340133,639382.60883072776,
2023-10-18,0.0525,0.05407,0.05095,0.0512,18612424.064714,968579.20172153555,
2023-10-19,0.05122,0.05139,0.05056,0.05112,10832456.636154,551756.90568758587,
2023-10-20,0.05114,0.05241,0.05092,0.05235,8641891.532899,447698.2881066482,
2023-10-21,0.05236,0.05393,0.05189,0.0534,11193362.576335,593524.79997823306,
2023-10-22,0.05342,0.05392,0.05261,0.05392,8344905.523029,444174.46478611837,
2023-10-23,0.05391,0.05745,0.0536,0.05692,25850060.960297,1428785.85107349651,
2023-10-24,0.05699,0.05963,0.05623,0.05746,36547300.417066,2102773.47609414483,
2023-10-25,0.05755,0.05862,0.0564,0.0579,15548457.551445,891627.37317536647,
2023-10-26,0.05795,0.0606,0.0577,0.05949,33136149.313567,1957201.54058802013,
2023-10-27,0.05946,0.05947,0.05811,0.0593,14104944.344691,830047.40242642545,
2023-10-28,0.0593,0.061,0.05822,0.05947,22799055.202152,1356549.83590898262,
2023-10-29,0.05941,0.06141,0.05856,0.06007,27914844.271809,1672349.66712799467,
2023-10-30,0.06013,0.06127,0.05911,0.0612,11637783.365276,699544.85092108756,
2023-10-31,0.06122,0.062,0.05976,0.06197,16677487.490449,1015417.81792083398,
2023-11-01,0.06197,0.06248,0.06026,0.06225,13406072.490379,820195.72021065387,
2023-11-02,0.06228,0.06697,0.06165,0.06671,32231445.658413,2058797.51381834849,
2023-11-03,0.06665,0.06873,0.0645,0.06628,44471737.966479,2955445.91201677811,
2023-11-04,0.06624,0.06887,0.06586,0.06809,24380173.494636,1635173.3389337855,
2023-11-05,0.06815,0.07095,0.06755,0.07021,16666168.222624,1148551.61592550797,
2023-11-06,0.07021,0.0757,0.06915,0.07564,26971608.035653,1950851.70582603328,
2023-11-07,0.07564,0.08496,0.07313,0.08001,71242209.423006,5670925.44556371952,
2023-11-08,0.08004,0.0845,0.07859,0.08056,31820016.546095,2552886.92712823635,
2023-11-09,0.08055,0.08565,0.07728,0.08386,45778504.936595,3756807.02379224674,
2023-11-10,0.08384,0.10095,0.08309,0.09903,49970617.346106,4554875.83969262291,
2023-11-11,0.09903,0.12264,0.09903,0.10793,166084116.159421,18142296.92772879604,
2023-11-12,0.1079,0.11276,0.09122,0.09881,93391927.61069,9591300.58877220885,
2023-11-13,0.09877,0.10278,0.09173,0.09173,45353887.755077,4367410.96877545865,
2023-11-14,0.09181,0.094,0.0805,0.08781,45622126.972979,4074902.72938682091,
2023-11-15,0.08771,0.11021,0.08617,0.1037,112813522.804914,11467660.245130911,
2023-11-16,0.10367,0.10647,0.09502,0.09616,43561675.313041,4349499.78215073178,
2023-11-17,0.09609,0.1008,0.09345,0.09951,31161664.207196,3000007.61142483028,
2023-11-18,0.09937,0.10069,0.09444,0.09776,28727537.011737,2816007.85270513653,
2023-11-19,0.0978,0.10084,0.09351,0.09789,29990820.766571,2917009.5538067083,
2023-11-20,0.09792,0.09879,0.09489,0.09539,21723565.022446,2109981.31798975039,
2023-11-21,0.0954,0.09609,0.08358,0.0836,44374997.826113,4016507.66395962813,
2023-11-22,0.08361,0.09668,0.08349,0.09432,47050787.543829,4354461.24201381167,
2023-11-23,0.09436,0.09843,0.0911,0.09208,30044647.974868,2835927.76438893048,
2023-11-24,0.09209,0.10147,0.09192,0.09763,35293917.020448,3437988.72669491355,
2023-11-25,0.09746,0.09954,0.0957,0.09744,15081112.916485,1469166.44970754841,
2023-11-26,0.0975,0.09759,0.09345,0.09487,14098594.194815,1348992.68644194012,
2023-11-27,0.09481,0.09499,0.09001,0.09127,17249224.68177,1589584.29561165633,
2023-11-28,0.09127,0.09499,0.08947,0.09273,17396234.119909,1597880.07363765963,
2023-11-29,0.09272,0.09317,0.09076,0.09097,13288263.338633,1220426.39053571813,
2023-11-30,0.09098,0.09159,0.08798,0.08876,19331031.667894,1736138.93813449525,
2023-12-01,0.08876,0.09375,0.08838,0.09186,19008487.078452,1742282.58581375734,
2023-12-02,0.09186,0.09321,0.09017,0.09306,18203364.092957,1660179.05184526571,
2023-12-03,0.09292,0.0937,0.09094,0.09237,14259120.513276,1313181.0893114181,
2023-12-04,0.09235,0.1016,0.09202,0.09484,52596962.652802,5063001.01904844135,
2023-12-05,0.0948,0.10013,0.09339,0.09654,47256709.758401,4560109.57045718709,
2023-12-06,0.09662,0.09962,0.09222,0.09364,50609374.591431,4852188.61245157186,
2023-12-07,0.09364,0.09519,0.09138,0.09454,16683788.969405,1561013.33404710951,
2023-12-08,0.09459,0.09894,0.09339,0.09874,16555924.255449,1594105.17309699267,
2023-12-09,0.0987,0.1136,0.09864,0.10705,79239219.716918,8454916.40681436545,
2023-12-10,0.10701,0.11214,0.10226,0.10601,43960105.145517,4691539.8512313663,
2023-12-11,0.106,0.10939,0.091,0.09868,47200553.979744,4722014.1740750724,
2023-12-12,0.09862,0.10234,0.09838,0.10117,34787602.795815,3499464.15601464736,
2023-12-13,0.10119,0.1031,0.09579,0.1031,31785319.376724,3150850.25824848567,
2023-12-14,0.10297,0.10404,0.0986,0.10213,23365914.690556,2389125.43965719493,
2023-12-15,0.10208,0.10208,0.0975,0.098,20333547.875861,2031098.24075727157,
2023-12-16,0.09798,0.10348,0.09728,0.1013,21859737.569919,2220841.62751954301,
2023-12-17,0.10124,0.10163,0.09811,0.09826,8563617.642939,855410.68848215712,
2023-12-18,0.09838,0.09889,0.09266,0.09831,21484548.818895,2052589.42057411753,
2023-12-19,0.09831,0.09957,0.09484,0.09647,11459165.687206,1119408.76666247966,
2023-12-20,0.09657,0.09934,0.09598,0.0972,17068564.344142,1662214.81797970189,
2023-12-21,0.09719,0.09955,0.09605,0.09908,12304223.796771,1205172.13895067193,
2023-12-22,0.09904,0.10306,0.09896,0.1028,17166209.780282,1739760.98913650235,
2023-12-23,0.10286,0.10292,0.09942,0.10121,10709148.343783,1082175.68032430077,
2023-12-24,0.1013,0.10131,0.09689,0.09785,14963864.587971,1485808.1367264232,
2023-12-25,0.09789,0.10096,0.09768,0.10033,11772322.718719,1170497.46009934274,
2023-12-26,0.10032,0.10082,0.0953,0.09718,23698919.99298,2322326.57472468478,
2023-12-27,0.0972,0.10126,0.096,0.10021,19561458.936055,1932887.55724470505,
2023-12-28,0.10027,0.1025,0.09869,0.09978,21496443.186342,2165005.33889263979,
2023-12-29,0.09968,0.10157,0.09691,0.09915,14029290.75562,1393787.95713688121,
2023-12-30,0.09913,0.10013,0.098,0.09854,6571936.917821,649909.22530852741,
2023-12-31,0.09853,0.1008,0.09819,0.09901,9175654.585114,914020.35881476362,
2024-01-01,0.099,0.10067,0.09781,0.1005,9369682.117612,927462.62956514158,
2024-01-02,0.10051,0.10428,0.10027,0.10342,21522715.163627,2197661.1871700634,
2024-01-03,0.10355,0.10774,0.07464,0.0957,64604108.188196,6223826.62311285388,
2024-01-04,0.09577,0.09968,0.09352,0.09791,21014641.90467,2034601.37685281998,
2024-01-05,0.09797,0.09805,0.08912,0.09245,21183070.61594,1982224.42627013187,
2024-01-06,0.09252,0.0926,0.088,0.0889,15952756.576881,1431391.02944311638,
2024-01-07,0.08891,0.0917,0.08633,0.08694,15570827.746826,1389090.41150334519,
2024-01-08,0.08685,0.09272,0.08243,0.09166,31008020.736956,2734436.72592920653,
2024-01-09,0.09168,0.09201,0.08674,0.08879,19886293.135248,1769216.61517765012,
2024-01-10,0.08874,0.09415,0.08458,0.09269,17917113.76198,1587806.01626806793,
2024-01-11,0.09269,0.09662,0.09111,0.09285,19609503.858133,1833684.48349543244,
2024-01-12,0.09284,0.0939,0.08676,0.08872,16206605.64506,1474218.58267707925,
2024-01-13,0.08871,0.08996,0.08738,0.08984,8440835.486439,747864.4478784922,
2024-01-14,0.08991,0.09058,0.08725,0.08725,9313037.189298,832815.55664228332,
2024-01-15,0.08729,0.08936,0.08617,0.08761,10918498.678036,955844.11548442013,
2024-01-16,0.0876,0.08896,0.0868,0.08829,5780692.168068,509281.47053985415,
2024-01-17,0.08831,0.08858,0.08486,0.0859,14755173.119753,1273965.11580349993,
2024-01-18,0.08582,0.08601,0.08051,0.08194,23729179.945708,1987340.84663919798,
2024-01-19,0.08197,0.08276,0.0793,0.08275,13963608.197847,1135416.21686103488,
2024-01-20,0.08276,0.08422,0.08241,0.08414,5166348.492988,429063.74191024399,
2024-01-21,0.08419,0.08439,0.08273,0.08278,6602754.298207,550181.72684352611,
2024-01-22,0.08274,0.08286,0.07724,0.07817,13055312.805689,1039126.28612300554,
2024-01-23,0.07818,0.07939,0.072,0.07699,22446104.254732,1685439.58891163474,
2024-01-24,0.07702,0.07993,0.07662,0.0793,11331847.49982,888168.9448723416,
2024-01-25,0.07929,0.07937,0.07702,0.07873,7751986.210589,605727.62382444109,
2024-01-26,0.07873,0.0836,0.07828,0.08208,10201124.557913,823904.2992012884,
2024-01-27,0.0821,0.08232,0.08062,0.08157,6042380.569824,492016.42739611033,
2024-01-28,0.08148,0.08293,0.07976,0.08053,7444672.055023,604670.12409011204,
2024-01-29,0.08063,0.08375,0.08028,0.0836,8862897.66645,729116.85205447194,
2024-01-30,0.08357,0.08547,0.08254,0.08334,13967825.566873,1175716.59229500717,
2024-01-31,0.08335,0.08372,0.08007,0.08148,9596148.321971,784805.97620975725,
2024-02-01,0.08145,0.08164,0.0799,0.08127,5449431.829136,440429.50772443885,
2024-02-02,0.08129,0.08359,0.08003,0.08191,7249324.662551,592864.9355067355,
2024-02-03,0.08193,0.08298,0.08088,0.08145,5393591.55627,440634.85935563194,
2024-02-04,0.08133,0.08166,0.07984,0.08046,6422580.230167,518877.0903379317,
2024-02-05,0.08048,0.08298,0.07932,0.08181,6358091.699631,518737.67522240701,
2024-02-06,0.08184,0.08212,0.08057,0.08172,5245174.434638,427169.78440155758,
2024-02-07,0.0817,0.08432,0.08093,0.08424,5376704.742856,443470.22657915886,
2024-02-08,0.08428,0.08688,0.08368,0.08427,10722994.214955,910550.85064947199,
2024-02-09,0.08426,0.09131,0.08416,0.08818,27220661.964338,2402855.48781982837,
2024-02-10,0.08824,0.0894,0.08678,0.08719,10492979.612959,921812.44581376779,
2024-02-11,0.08725,0.08911,0.08531,0.08639,7652493.110259,670519.66764850551,
2024-02-12,0.08636,0.0889,0.08488,0.08873,10247836.67519,891686.64572584778,
2024-02-13,0.08872,0.09802,0.08808,0.09,46114414.522045,4218830.40392671569,
2024-02-14,0.08994,0.093,0.08843,0.09194,19557463.624554,1782128.98643532811,
2024-02-15,0.09193,0.09288,0.08951,0.09145,18792405.609409,1711712.4727431317,
2024-02-16,0.09151,0.09206,0.08907,0.09047,10325591.010748,935465.29289959388,
2024-02-17,0.09049,0.09081,0.08776,0.08919,9912983.256336,883849.05125661319,
2024-02-18,0.08926,0.0908,0.08868,0.09058,10237776.102305,919143.13202196131,
2024-02-19,0.09055,0.09263,0.09002,0.0919,18238882.175093,1663585.82982958667,
2024-02-20,0.09193,0.09233,0.0881,0.09122,14419423.847077,1303192.93017951615,
2024-02-21,0.09129,0.09184,0.088,0.09058,12297319.294034,1104703.28433041635,
2024-02-22,0.09058,0.09443,0.08858,0.09294,18812736.40051,1732715.02781566314,
2024-02-23,0.09294,0.09322,0.09035,0.09166,12487445.427112,1147037.12950714792,
2024-02-24,0.09176,0.09482,0.0906,0.09427,13097263.737052,1222326.68673346472,
2024-02-25,0.09434,0.09615,0.09276,0.09437,10906135.813848,1025637.73241624593,
2024-02-26,0.09444,0.09863,0.09209,0.09813,16202782.78952,1546398.43802680045,
2024-02-27,0.09816,0.10529,0.097,0.10341,44059732.035897,4490950.16908610957,
2024-02-28,0.10342,0.10634,0.09744,0.10396,44783989.526892,4622423.53787554579,
2024-02-29,0.10397,0.11107,0.10303,0.10905,49475498.547782,5307903.80469191454,
2024-03-01,0.10907,0.12718,0.10892,0.12653,52880589.081641,6187361.10486138896,
2024-03-02,0.12646,0.15405,0.11912,0.14555,105206321.675861,14396689.69506303028,
2024-03-03,0.14552,0.15068,0.1309,0.14178,78269716.863409,11117966.50824237059,
2024-03-04,0.14171,0.1484,0.13647,0.14191,45896547.153019,6535746.37933402023,
2024-03-05,0.14199,0.1846,0.12565,0.15236,218749983.667654,35105588.68801818069,
2024-03-06,0.15217,0.15878,0.13931,0.15878,51244969.999742,7669187.25450054135,
2024-03-07,0.15878,0.16016,0.14995,0.1578,34851716.443627,5392682.21616341981,
2024-03-08,0.1578,0.16685,0.154,0.16219,36479754.269387,5831180.29958033327,
2024-03-09,0.16209,0.16339,0.15704,0.15838,18836529.025748,3020311.31991569471,
2024-03-10,0.1584,0.17639,0.15824,0.16587,64012932.493873,10708350.7912367765,
2024-03-11,0.16588,0.1704,0.15614,0.16943,36545013.035807,6046306.12453159219,
2024-03-12,0.16945,0.16975,0.15282,0.16193,50120876.197328,8059875.05054256796,
2024-03-13,0.16199,0.1646,0.15643,0.16151,19319337.637031,3098478.71564924286,
2024-03-14,0.16154,0.1704,0.14442,0.15314,51025527.163883,7852569.60861170696,
2024-03-15,0.15314,0.15325,0.13052,0.14327,53959889.056718,7526310.00862903926,
2024-03-16,0.14326,0.15188,0.13001,0.13283,35206613.119965,4979891.5292631765,
2024-03-17,0.13284,0.14549,0.12832,0.1442,29865819.108406,4070308.01478210318,
2024-03-18,0.14417,0.14417,0.1322,0.13518,18025068.88205,2486032.93677308675,
2024-03-19,0.13526,0.13666,0.11859,0.12142,40822324.133775,5131431.08938440854,
2024-03-20,0.12133,0.14086,0.11871,0.14036,35637060.58921,4543516.14740674868,
2024-03-21,0.14044,0.14243,0.1338,0.13771,20205208.910972,2793046.15492705927,
2024-03-22,0.13772,0.14067,0.13025,0.13382,12684909.980729,1710387.80114776071,
2024-03-23,0.13378,0.13977,0.13167,0.13714,14033773.407157,1912139.40737249151,
2024-03-24,0.13724,0.14495,0.13724,0.14451,25326410.617323,3565751.09990565707,
2024-03-25,0.14449,0.14988,0.14176,0.14864,15859152.940413,2307481.25610812256,
2024-03-26,0.14864,0.15458,0.14484,0.14994,21085105.702081,3152675.20079482155,
2024-03-27,0.14995,0.15095,0.14403,0.14888,20081475.280717,2961879.15179596707,
2024-03-28,0.14892,0.16081,0.14511,0.16016,18841070.542025,2873011.14777805518,
2024-03-29,0.16017,0.16022,0.14987,0.15525,15967509.766729,2456326.55726840824,
2024-03-30,0.15537,0.15573,0.15038,0.15201,8911356.534486,1363419.17036629996,
2024-03-31,0.15205,0.15385,0.1508,0.1535,8538975.418113,1301385.66416389869,
2024-04-01,0.1535,0.1635,0.14695,0.15365,34890453.618963,5353991.51238618259,
2024-04-02,0.15365,0.15372,0.13683,0.14202,18422879.02427,2620241.78033483837,
2024-04-03,0.14204,0.16152,0.13694,0.14281,94474742.255733,14105793.24386427482,
2024-04-04,0.1428,0.1484,0.13862,0.14468,16404323.303902,2362700.12028684236,
2024-04-05,0.14461,0.14583,0.1396,0.14151,14180051.320627,2015555.94305662772,
2024-04-06,0.14149,0.14674,0.14025,0.14588,8565297.89164,1232550.92790595097,
2024-04-07,0.14593,0.1478,0.14459,0.14649,8197749.505972,1200289.66711331348,
2024-04-08,0.14646,0.15215,0.14386,0.15099,12972969.049202,1929549.91475261896,
2024-04-09,0.151,0.15965,0.14625,0.14654,30049183.002536,4574320.67357932815,
2024-04-10,0.14652,0.14732,0.14061,0.14636,17796755.871511,2568550.9526572992,
2024-04-11,0.1462,0.14995,0.14337,0.14925,13193062.766122,1938201.25052356208,
2024-04-12,0.14924,0.15876,0.12775,0.13772,48267373.594343,7092800.31863363513,
2024-04-13,0.13771,0.14176,0.1137,0.12618,42733339.897358,5477158.50355897575,
2024-04-14,0.12618,0.13399,0.11937,0.13314,22024243.065603,2792722.92170084173,
2024-04-15,0.13309,0.13882,0.12255,0.12767,25087150.105815,3320507.46328924075,
2024-04-16,0.12761,0.12957,0.12089,0.1274,14855428.7055,1855398.95761716069,
2024-04-17,0.12741,0.1288,0.11864,0.12132,13622389.672589,1683663.10420372445,
2024-04-18,0.12134,0.12604,0.11854,0.12393,13507173.984227,1651605.62743363018,
2024-04-19,0.12385,0.12664,0.11445,0.12319,17695706.237842,2154184.86954889735,
2024-04-20,0.12341,0.13161,0.12188,0.13113,11964055.861582,1527726.48818297006,
2024-04-21,0.13112,0.13315,0.12723,0.12907,8170032.060083,1063811.8183761485,
2024-04-22,0.12914,0.13442,0.12838,0.1329,9327793.295563,1226273.38845868154,
2024-04-23,0.13292,0.13432,0.1296,0.13134,7564736.271806,994608.11068766441,
2024-04-24,0.13129,0.13378,0.1237,0.12442,12156794.288349,1564773.17102848131,
2024-04-25,0.12455,0.12982,0.12339,0.12789,17625875.91467,2224457.28842474274,
2024-04-26,0.12776,0.13168,0.12297,0.12445,20031357.887041,2561874.27720677436,
2024-04-27,0.12453,0.12962,0.11852,0.12718,16915502.232887,2102891.76723627645,
2024-04-28,0.12732,0.13247,0.12708,0.13187,12634774.73381,1640678.99207926097,
2024-04-29,0.13185,0.13231,0.12575,0.13191,17166631.72923,2212491.57996222694,
2024-04-30,0.13198,0.13932,0.12577,0.13459,51710493.655955,6889215.38128303917,
2024-05-01,0.13468,0.13474,0.11975,0.12776,29171619.523489,3660152.03179192844,
2024-05-02,0.12778,0.1302,0.12172,0.12818,14053757.808073,1762359.27227258857,
2024-05-03,0.12821,0.13469,0.127,0.13355,13517513.07899,1774454.69993777451,
2024-05-04,0.13361,0.13511,0.1323,0.13275,8069714.656269,1078586.91899428906,
2024-05-05,0.13279,0.13481,0.1304,0.13249,7829429.092899,1039330.33022096417,
2024-05-06,0.13255,0.13589,0.12928,0.12937,14519636.614996,1934166.59961892728,
2024-05-07,0.12936,0.13152,0.12544,0.12581,9602353.503742,1243034.47780329907,
2024-05-08,0.12574,0.13012,0.12399,0.12497,14275492.330748,1804939.07355399366,
2024-05-09,0.12491,0.12806,0.12221,0.12748,6087190.78564,761074.96167579016,
2024-05-10,0.12758,0.1281,0.12184,0.12303,6104454.60816,763495.76671389477,
2024-05-11,0.12303,0.12663,0.12271,0.12406,5262631.951497,657413.62677813892,
2024-05-12,0.12419,0.12593,0.12282,0.1248,5007811.178018,623654.27660167551,
2024-05-13,0.12488,0.12692,0.12094,0.12357,9964770.335608,1238004.88637312663,
2024-05-14,0.12353,0.12524,0.11956,0.11988,5988345.333889,732315.82548018882,
2024-05-15,0.11987,0.12593,0.11987,0.12542,10799424.379048,1336450.01559922115,
2024-05-16,0.1255,0.12654,0.12245,0.12375,6424055.979171,800768.77002986173,
2024-05-17,0.12375,0.1267,0.12266,0.12637,7116757.475012,886921.05570488597,
2024-05-18,0.1263,0.12649,0.12381,0.12498,3331624.107035,417717.33982572983,
2024-05-19,0.125,0.12576,0.1208,0.12193,4428787.104185,545287.8404087993,
2024-05-20,0.12193,0.1286,0.12091,0.12839,8379322.860807,1043854.65339229598,
2024-05-21,0.12847,0.1302,0.12402,0.12508,11284422.846034,1433613.02726113039,
2024-05-22,0.12514,0.12992,0.12469,0.12592,18621050.684322,2368376.10761218972,
2024-05-23,0.12592,0.12696,0.11808,0.12246,14736993.435869,1818871.37195859745,
2024-05-24,0.12229,0.12325,0.11876,0.12106,8329331.086295,1009063.06480380882,
2024-05-25,0.12106,0.12272,0.12037,0.12121,5460423.998831,661783.39769448358,
2024-05-26,0.12121,0.12178,0.118,0.11889,6902537.710003,826391.74189081823,
2024-05-27,0.11881,0.12214,0.11872,0.12173,9834939.458405,1185854.00937022652,
2024-05-28,0.12165,0.12281,0.11659,0.11801,10268597.009726,1226634.02685951654,
2024-05-29,0.118,0.12006,0.11631,0.1166,9248259.43344,1090154.71093074751,
2024-05-30,0.1166,0.11864,0.11468,0.11633,8053795.282524,937929.87196581268,
2024-05-31,0.11622,0.11691,0.11139,0.11357,6710900.024316,764228.4813306386,
2024-06-01,0.11362,0.11374,0.11152,0.11196,3381183.996599,380960.06815334576,
2024-06-02,0.11197,0.11387,0.109,0.10987,7045144.899723,784739.766888191,
2024-06-03,0.10982,0.11284,0.10907,0.10947,11164190.341508,1237634.90598004238,
2024-06-04,0.10944,0.11147,0.10508,0.11144,10532527.788497,1141772.30809535322,
2024-06-05,0.11146,0.11996,0.11146,0.11912,15048808.13526,1749880.87664575554,
2024-06-06,0.11912,0.11946,0.11143,0.11337,9671358.783065,1116309.88618070861,
2024-06-07,0.11338,0.11961,0.10857,0.11333,15130566.375107,1726805.48524989786,
2024-06-08,0.11306,0.11561,0.1101,0.11086,6478472.739855,730301.26442468076,
2024-06-09,0.11073,0.11273,0.10974,0.11,3931462.889212,436816.8004825168,
2024-06-10,0.11001,0.11001,0.10644,0.10718,4735486.019762,513288.82587869558,
2024-06-11,0.1073,0.10746,0.09755,0.10122,12592057.473293,1284717.06609110924,
2024-06-12,0.10121,0.10775,0.09883,0.10412,10224146.71051,1067291.45038122837,
2024-06-13,0.10407,0.10471,0.09926,0.10045,5441906.187502,555046.52680628229,
2024-06-14,0.10049,0.10288,0.09718,0.10039,7207567.916258,719468.45626922684,
2024-06-15,0.10036,0.10295,0.10004,0.10007,7267202.532688,741082.05442476481,
2024-06-16,0.10009,0.10032,0.09797,0.09896,8783089.69926,871990.26111010563,
2024-06-17,0.09899,0.09945,0.09286,0.0944,14068947.700238,1350621.91418892632,
2024-06-18,0.09438,0.09621,0.08906,0.09299,24467690.164388,2269868.51314906819,
2024-06-19,0.09303,0.09466,0.09209,0.09387,4871521.698826,457102.15553740386,
2024-06-20,0.09372,0.09595,0.09305,0.09395,7060417.4811,669458.41885715903,
2024-06-21,0.09395,0.09494,0.09241,0.093,4963720.034075,465421.78325238138,
2024-06-22,0.09298,0.09362,0.09214,0.09343,2791616.936398,259457.57147837158,
2024-06-23,0.09337,0.0945,0.09084,0.09136,2641120.200072,244086.72512570424,
2024-06-24,0.09133,0.09194,0.08588,0.08848,9034136.317817,802254.95438442477,
2024-06-25,0.08848,0.09526,0.0883,0.09053,6514690.661401,597281.34711285054,
2024-06-26,0.09051,0.09268,0.08815,0.08905,8494774.626395,762505.184080064,
2024-06-27,0.08909,0.09318,0.08873,0.09173,9932329.915298,899847.13272724063,
2024-06-28,0.09173,0.09333,0.08961,0.09026,4592353.941432,421300.39599834757,
2024-06-29,0.0903,0.09169,0.09007,0.09011,1911903.600347,173805.71865375492,
2024-06-30,0.09014,0.09195,0.08914,0.09173,5341870.980378,484496.12492446769,
2024-07-01,0.09179,0.0934,0.09128,0.0919,4752394.628782,439156.56183871557,
2024-07-02,0.09195,0.09197,0.08994,0.09043,4382428.25036,398210.79240984773,
2024-07-03,0.09042,0.09113,0.08736,0.08888,5332869.234479,479034.51664218772,
2024-07-04,0.08895,0.0895,0.08437,0.08453,8910476.155672,768601.8705296284,
2024-07-05,0.08443,0.08507,0.07703,0.08411,22964319.77001,1855179.50262177936,
2024-07-06,0.0841,0.08788,0.08387,0.08774,5002426.146604,427928.85424930375,
2024-07-07,0.08769,0.08769,0.08179,0.08192,3197894.03489,269548.13565600331,
2024-07-08,0.08199,0.08636,0.07998,0.08378,4888324.868105,405948.31302580281,
2024-07-09,0.08371,0.08706,0.08331,0.08579,2246190.993413,191865.79292000187,
2024-07-10,0.08584,0.08761,0.08358,0.0848,4843695.069311,413619.17676885221,
2024-07-11,0.08481,0.08705,0.08411,0.08635,3390678.039653,290152.61539855543,
2024-07-12,0.08639,0.0888,0.08548,0.08815,3608424.449652,314521.2258264653,
2024-07-13,0.08815,0.09184,0.08792,0.09134,4359488.216892,391874.0432559119,
2024-07-14,0.09141,0.09388,0.091,0.0921,4117167.740758,381360.54846838067,
2024-07-15,0.09213,0.09571,0.09193,0.09534,6286973.503688,595229.46443201646,
2024-07-16,0.09535,0.09543,0.09188,0.09497,5443706.203989,512132.9644802005,
2024-07-17,0.09494,0.09564,0.09262,0.09285,5399621.103533,509161.40517821938,
2024-07-18,0.09299,0.09396,0.09086,0.09339,6890652.603782,640915.18811803443,
2024-07-19,0.09346,0.09504,0.09218,0.09459,7521817.649333,705729.27225302122,
2024-07-20,0.09463,0.0955,0.09133,0.09407,6718901.703946,632242.12355449262,
2024-07-21,0.09411,0.0956,0.09271,0.09505,3569718.52121,336008.48700533448,
2024-07-22,0.09507,0.096,0.09231,0.09271,6594913.377661,622187.2044361187,
2024-07-23,0.09275,0.09377,0.09143,0.09199,5087799.42371,469373.23765617832,
2024-07-24,0.09204,0.09339,0.09148,0.09183,3452934.200085,319941.42967101837,
2024-07-25,0.09181,0.09209,0.08759,0.08927,10070430.525624,903608.57311473491,
2024-07-26,0.08929,0.09181,0.08927,0.0916,3650249.033901,331415.67449765978,
2024-07-27,0.09156,0.09233,0.08996,0.09073,3541463.048526,323298.73058576791,
2024-07-28,0.09067,0.09106,0.08965,0.09039,1935094.795248,174908.56911716601,
2024-07-29,0.09038,0.09164,0.0895,0.08977,3535905.729732,321629.68666964056,
2024-07-30,0.08968,0.09038,0.08841,0.08914,2554794.298378,228488.36067173866,
2024-07-31,0.089,0.08978,0.08603,0.08632,8437407.343283,744225.31653062862,
2024-08-01,0.08632,0.0882,0.08374,0.08747,8885357.284925,764026.41082730625,
2024-08-02,0.08746,0.08786,0.08291,0.08326,9164296.314927,780400.98764830421,
2024-08-03,0.08331,0.08494,0.08146,0.0822,3802710.653885,315605.91817962469,
2024-08-04,0.08224,0.08254,0.07768,0.0779,8238508.887677,659150.87874153323,
2024-08-05,0.07796,0.07814,0.06737,0.07524,20556120.327854,1487139.13687202036,
2024-08-06,0.07527,0.08072,0.07512,0.07949,5248452.079627,413762.20033381207,
2024-08-07,0.0797,0.08197,0.07701,0.07768,4202268.175443,333870.89277164585,
2024-08-08,0.07776,0.08741,0.07728,0.08379,12779039.507178,1054372.95554585511,
2024-08-09,0.08383,0.11396,0.08214,0.0932,73540657.925185,6888639.62029572046,
2024-08-10,0.09328,0.09807,0.09161,0.09441,28408686.462741,2690435.49660890435,
2024-08-11,0.0944,0.09749,0.08763,0.08789,27166259.598682,2475044.9560674797,
2024-08-12,0.0879,0.0896,0.0856,0.08874,11839921.531199,1038288.90899549949,
2024-08-13,0.08874,0.08917,0.08665,0.08873,5405998.071485,476073.79990465143,
2024-08-14,0.08867,0.09339,0.08695,0.091,16081060.262745,1451630.14699760831,
2024-08-15,0.09108,0.09122,0.08637,0.08803,14435746.246462,1283419.40377416438,
2024-08-16,0.08809,0.08877,0.08595,0.08801,9900188.708101,866043.90495328848,
2024-08-17,0.08804,0.08865,0.08711,0.08832,1743121.846576,153254.86489556574,
2024-08-18,0.08832,0.08895,0.08603,0.08608,2921006.534334,256666.33987958065,
2024-08-19,0.08607,0.08725,0.08365,0.08624,7215878.617589,614148.00004131651,
2024-08-20,0.08619,0.08803,0.0851,0.08686,4061770.801327,353451.81137602594,
2024-08-21,0.08683,0.08794,0.08513,0.08671,4924967.332879,426728.38436463453,
2024-08-22,0.0867,0.08832,0.08621,0.08677,2436534.514709,212687.80131956765,
2024-08-23,0.0868,0.09217,0.08665,0.09086,5776470.383459,513361.759100884,
2024-08-24,0.09092,0.09229,0.08972,0.09084,4517573.086373,411623.10757684243,
2024-08-25,0.0908,0.09108,0.08824,0.08852,4032397.709259,359886.47641267063,
2024-08-26,0.08842,0.08902,0.08476,0.08517,6392328.103532,555411.16400270597,
2024-08-27,0.08515,0.08633,0.07993,0.08169,12055564.505285,1002757.18715933458,
2024-08-28,0.08168,0.08229,0.07953,0.08133,8165271.19536,662240.72144776587,
2024-08-29,0.08132,0.08467,0.08013,0.08043,8451882.175302,697488.75961587902,
2024-08-30,0.08036,0.082,0.07901,0.08125,4056901.947321,326579.14646996165,
2024-08-31,0.08124,0.08195,0.07991,0.08134,2556574.677351,206592.83490661758,
2024-09-01,0.08128,0.08178,0.07788,0.07864,4356665.805985,346832.52005844174,
2024-09-02,0.07867,0.08104,0.07843,0.0809,3326008.986647,264985.97247687857,
2024-09-03,0.0809,0.0817,0.07844,0.07861,3038152.289169,243624.56938303457,
2024-09-04,0.07863,0.07942,0.076,0.07846,8035163.016896,625824.48255151088,
2024-09-05,0.07855,0.07908,0.07697,0.07769,3848655.960166,299634.55664266143,
2024-09-06,0.07775,0.07834,0.07288,0.07487,6273153.670023,475065.13782038042,
2024-09-07,0.07487,0.07733,0.07482,0.07604,2864489.231735,218559.8009620305,
2024-09-08,0.07609,0.07888,0.07583,0.07817,3478942.907597,269319.38961964799,
2024-09-09,0.07829,0.08004,0.07795,0.07968,3455969.293623,273367.15909087269,
2024-09-10,0.07967,0.08039,0.07856,0.07957,4573950.137791,363725.64745920566,
2024-09-11,0.07959,0.07977,0.07688,0.07823,4199353.488583,327781.1245127964,
2024-09-12,0.07824,0.08009,0.07815,0.07956,4066964.763024,322226.44257775437,
2024-09-13,0.07954,0.08415,0.07954,0.08355,9107360.54648,741586.03636822242,
2024-09-14,0.08352,0.08397,0.08122,0.08247,3214452.133596,266016.38593277577,
2024-09-15,0.08247,0.08303,0.08004,0.08058,2196858.747824,179956.17886561961,
2024-09-16,0.08049,0.08071,0.079,0.07918,2835814.606982,226608.3933965231,
2024-09-17,0.07918,0.08173,0.07862,0.07995,2897978.982798,232666.93055615992,
2024-09-18,0.07991,0.0808,0.07824,0.08077,2282385.101696,181344.46879038909,
2024-09-19,0.08085,0.08353,0.08051,0.08277,6400760.008939,525634.12246494266,
2024-09-20,0.08271,0.08499,0.08211,0.08474,7014380.056694,588054.23869825507,
2024-09-21,0.08473,0.08833,0.08387,0.08823,7702368.261318,665550.45283181054,
2024-09-22,0.08816,0.0917,0.08316,0.08566,23575831.611337,2049573.45655029066,
2024-09-23,0.0857,0.0895,0.08385,0.08588,10074245.940875,865951.8283524789,
2024-09-24,0.08589,0.08674,0.08386,0.08659,4460509.926305,378531.12881266888,
2024-09-25,0.0866,0.08729,0.08445,0.08469,5743380.514367,493522.15846458759,
2024-09-26,0.08468,0.08747,0.084,0.08724,5238332.473435,452029.75208489611,
2024-09-27,0.08721,0.08844,0.08656,0.08795,6738446.119764,588567.75157786487,
2024-09-28,0.08796,0.0885,0.08572,0.08649,4883983.50381,422422.0023395022,
2024-09-29,0.08643,0.08706,0.08522,0.08622,3388009.77109,292420.95312902414,
2024-09-30,0.08617,0.08649,0.0833,0.0834,3978764.179973,337994.84135010051,
2024-10-01,0.08335,0.08558,0.07862,0.07988,9929270.613463,812063.90406750733,
2024-10-02,0.07979,0.08177,0.07784,0.07932,5161864.799996,412117.47852214254,
2024-10-03,0.07923,0.07985,0.07675,0.07919,3947460.600922,308735.87195993869,
2024-10-04,0.0792,0.08118,0.07873,0.08117,2999163.611145,240485.92710416213,
2024-10-05,0.08119,0.08139,0.0797,0.08015,1730476.049189,139171.98249229943,
2024-10-06,0.08015,0.08087,0.07944,0.08069,2235390.047618,178911.12365558055,
2024-10-07,0.08069,0.08164,0.07834,0.07844,3859941.12007,309402.8554629496,
2024-10-08,0.0785,0.07921,0.07338,0.07633,19598275.826279,1482375.4574934549,
2024-10-09,0.07625,0.07723,0.07422,0.07526,8210594.537806,624712.79246418963,
2024-10-10,0.07521,0.0763,0.0742,0.07603,4132927.784472,311271.74002062279,
2024-10-11,0.07604,0.07824,0.07545,0.07756,4914935.3397,378972.37280464671,
2024-10-12,0.07758,0.07805,0.07681,0.07723,4267526.006281,330156.61398258151,
2024-10-13,0.07722,0.07757,0.07524,0.07603,3127162.074478,238268.25883363654,
2024-10-14,0.07601,0.07925,0.07536,0.07856,5718070.742773,444485.55904492282,
2024-10-15,0.07855,0.07906,0.07608,0.07812,6665556.650828,517714.15622060054,
2024-10-16,0.07813,0.07939,0.07758,0.07872,4688633.411211,367694.31264623908,
2024-10-17,0.07874,0.07936,0.07713,0.07755,4419080.122603,345503.03189016035,
2024-10-18,0.07754,0.07859,0.0773,0.07823,2855089.064343,222392.32762794995,
2024-10-19,0.07822,0.07931,0.07785,0.07788,2599099.248315,204437.19499411474,
2024-10-20,0.07789,0.07947,0.07711,0.07947,2770094.779417,216986.67693325419,
2024-10-21,0.0794,0.08,0.07714,0.07751,4567475.541039,359563.11296845222,
2024-10-22,0.07757,0.07821,0.07665,0.07722,3003549.862932,232434.9276532025,
2024-10-23,0.07725,0.07729,0.07406,0.07579,4410514.54359,334376.30176920576,
2024-10-24,0.07578,0.07699,0.07544,0.07594,5518545.699031,419429.01749768439,
2024-10-25,0.07596,0.07617,0.07045,0.07211,8831455.784499,649348.31266856329,
2024-10-26,0.07189,0.07393,0.07109,0.07292,4333953.079637,315602.18232548019,
2024-10-27,0.07286,0.07492,0.07272,0.0743,2663918.385494,197070.00857659732,
2024-10-28,0.07432,0.07472,0.07295,0.07468,2918835.188234,215444.71196157859,
2024-10-29,0.07469,0.0771,0.07437,0.07677,6061808.234945,459294.39117924799,
2024-10-30,0.07681,0.0771,0.07495,0.07545,4609508.862451,350951.62520852291,
2024-10-31,0.07553,0.07574,0.0728,0.07306,4448849.496996,330455.1808558699,
2024-11-01,0.07305,0.0745,0.07195,0.07338,5660454.754116,413431.89105789635,
2024-11-02,0.07341,0.07393,0.07195,0.07242,2464283.322031,179704.86430054133,
2024-11-03,0.07239,0.07246,0.07038,0.0718,5188776.408899,369958.83316933699,
2024-11-04,0.07179,0.07243,0.06993,0.07061,3692979.601266,262813.35244996359,
2024-11-05,0.07062,0.0729,0.07048,0.07226,3527645.714001,254380.86450426996,
2024-11-06,0.0723,0.09797,0.07227,0.08557,85914614.384421,7455946.78917810589,
2024-11-07,0.08556,0.09408,0.08458,0.09211,41034871.252396,3598803.33664584585,
2024-11-08,0.09212,0.11523,0.08965,0.10883,116409723.383693,12465470.8493116982,
2024-11-09,0.10876,0.1089,0.10091,0.10349,38952182.06599,4084894.36844982886,
2024-11-10,0.10352,0.13868,0.1015,0.12382,129663031.106895,16150209.26110307032,
2024-11-11,0.12379,0.23531,0.12002,0.21243,312678977.977137,52351223.68872843219,
2024-11-12,0.21234,0.233,0.15949,0.17644,225451086.69668,43401969.98193822589,
2024-11-13,0.17612,0.19826,0.1553,0.17394,143944811.206328,24908645.39413856743,
2024-11-14,0.17393,0.17402,0.14688,0.15049,62720842.726103,9858988.13806460568,
2024-11-15,0.15065,0.18081,0.14291,0.16723,107227722.506066,17651111.27163476154,
2024-11-16,0.16698,0.17615,0.15841,0.16539,30580192.578682,5096516.96147161768,
2024-11-17,0.1654,0.1658,0.15271,0.16026,26521748.742894,4213850.94767911126,
2024-11-18,0.16018,0.19174,0.15932,0.17101,81903935.533786,14544822.10336951226,
2024-11-19,0.17102,0.17201,0.16448,0.17189,20020412.609563,3361435.7404138504,
2024-11-20,0.17201,0.1943,0.17079,0.17895,81211294.763281,14760803.15796833921,
2024-11-21,0.17901,0.18959,0.1701,0.18666,34460005.490035,6173939.1203159499,
2024-11-22,0.18672,0.20632,0.1828,0.19205,63467786.634668,12201459.71924609039,
2024-11-23,0.19183,0.2075,0.1856,0.20451,41660701.756272,8113856.66535541462,
2024-11-24,0.20465,0.2071,0.17943,0.19199,27630974.105763,5307570.17901396184,
2024-11-25,0.19187,0.19336,0.17454,0.17825,20761899.458289,3865657.48892371031,
2024-11-26,0.17803,0.18029,0.1637,0.1735,16446795.145129,2832276.08017726365,
2024-11-27,0.17328,0.185,0.1693,0.18048,12079042.601164,2147807.26440432078,
2024-11-28,0.18043,0.18043,0.1739,0.17813,9833440.51088,1740446.03975821503,
2024-11-29,0.17821,0.19283,0.1762,0.18981,19136988.986671,3555820.0507576751,
2024-11-30,0.18972,0.19002,0.18302,0.1867,12743813.012606,2371969.77531414542,
2024-12-01,0.18667,0.195,0.18059,0.19152,23807210.23797,4513561.83249147527,
2024-12-02,0.19153,0.19154,0.175,0.18515,34697218.20696,6350024.44009783079,
2024-12-03,0.18519,0.20807,0.18193,0.20367,129578899.560686,25622059.96635318951,
2024-12-04,0.20389,0.234,0.19568,0.2148,95134312.266654,20433789.9605865815,
2024-12-05,0.21481,0.21886,0.1975,0.2036,47659339.203549,9984688.29037731815,
2024-12-06,0.2038,0.20825,0.19534,0.20656,28984797.892606,5865727.41139497861,
2024-12-07,0.20659,0.20697,0.19925,0.20294,27269661.806452,5539572.19398588743,
2024-12-08,0.20308,0.20416,0.196,0.20028,15970736.120063,3193256.36007531351,
2024-12-09,0.20028,0.20045,0.14721,0.1737,53442734.279407,9678128.04255425927,
2024-12-10,0.17368,0.17597,0.15358,0.17524,49734194.921316,8277532.01232563999,
2024-12-11,0.17537,0.1854,0.1651,0.18448,23344489.116955,4109457.1600969537,
2024-12-12,0.18441,0.2004,0.18075,0.18324,54912426.145324,10503940.66271839785,
2024-12-13,0.18327,0.19565,0.17966,0.18602,43840517.495173,8285154.4378684888,
2024-12-14,0.18602,0.18768,0.17308,0.176,16355544.784771,2939736.84402470198,
2024-12-15,0.17604,0.18244,0.17344,0.17996,9262782.365329,1647574.93990315738,
2024-12-16,0.18001,0.18234,0.1707,0.17733,21238875.610102,3739665.08972442004,
2024-12-17,0.17741,0.2071,0.17367,0.19765,135435187.025912,26349498.30387970632,
2024-12-18,0.19816,0.19817,0.17024,0.17271,43696516.369874,8058995.7336896883,
2024-12-19,0.17263,0.18628,0.15983,0.16326,46211973.131654,7893931.21153460658,
2024-12-20,0.16314,0.16869,0.14,0.1644,32750436.62503,5082252.24779656142,
2024-12-21,0.16431,0.1712,0.15541,0.15741,17975703.308827,2956269.14103065272,
2024-12-22,0.1574,0.16112,0.15141,0.15419,8826703.609114,1383809.18824810611,
2024-12-23,0.1541,0.16401,0.1502,0.16259,12958058.362124,2019824.02817750935,
2024-12-24,0.16237,0.16798,0.15724,0.16403,16135582.793644,2634948.94947552159,
2024-12-25,0.16395,0.16402,0.15592,0.1581,12811141.998191,2051109.31030931801,
2024-12-26,0.15802,0.15966,0.14813,0.15096,10717342.267631,1637528.21146014123,
2024-12-27,0.15089,0.15522,0.14813,0.14837,11334750.968256,1721931.46191533893,
2024-12-28,0.1484,0.1508,0.1451,0.15058,12355305.737456,1836993.43562798405,
2024-12-29,0.15061,0.15077,0.14229,0.14481,6409758.26588,940621.17098453296,
2024-12-30,0.14481,0.163,0.13842,0.14186,44522516.720941,6740144.5071121109,
2024-12-31,0.14185,0.14699,0.13818,0.1411,12359296.948622,1748469.28131199279,
2025-01-01,0.14107,0.15189,0.13958,0.15071,8592448.987451,1248324.49562112774,
2025-01-02,0.15073,0.15637,0.14962,0.15054,11022987.550621,1676973.56338127797,
2025-01-03,0.15061,0.1613,0.14943,0.16007,17020573.284216,2635015.86203020123,
2025-01-04,0.16001,0.16648,0.15793,0.16204,11711460.600138,1897391.08982091331,
2025-01-05,0.16202,0.16292,0.15806,0.15922,8452650.605648,1355689.28342934626,
2025-01-06,0.15938,0.1655,0.15635,0.16259,10823520.142844,1745013.12259887338,
2025-01-07,0.16261,0.16492,0.14678,0.14932,12170368.829636,1909866.69789722599,
2025-01-08,0.14928,0.15001,0.13903,0.14554,12063829.562999,1744760.09013291865,
2025-01-09,0.14553,0.14682,0.13527,0.13858,9740605.191811,1369095.11862747885,
2025-01-10,0.13854,0.14455,0.13682,0.14391,7712796.059387,1088258.0460858434,
2025-01-11,0.14374,0.14378,0.1397,0.1417,9097383.103743,1289181.18069076906,
2025-01-12,0.14174,0.14214,0.13611,0.13779,4981314.432403,695168.40875850942,
2025-01-13,0.13793,0.14003,0.12354,0.13472,12471117.361065,1627837.7708750602,
2025-01-14,0.13472,0.1408,0.13376,0.1371,11134052.055132,1528708.00537309443,
2025-01-15,0.13702,0.14498,0.13351,0.14483,18030633.096694,2535077.23394952756,
2025-01-16,0.14478,0.14674,0.13804,0.14375,17646134.186779,2528991.87087400153,
2025-01-17,0.14373,0.14969,0.14341,0.14642,39149225.514332,5700754.77602408413,
2025-01-18,0.14648,0.14819,0.12918,0.13469,33970574.144603,4634839.21499651822,
2025-01-19,0.13462,0.14844,0.121,0.13212,56892097.288231,7685396.32021012689,
2025-01-20,0.1321,0.13829,0.12596,0.1321,35981976.317896,4757354.60015720036,
2025-01-21,0.13204,0.14388,0.12853,0.13915,22741737.880964,3088117.68545393777,
2025-01-22,0.13917,0.1495,0.13849,0.14015,32571552.2974,4709104.53924836436,
2025-01-23,0.14013,0.14544,0.13156,0.13988,23101562.477828,3182447.39239921288,
2025-01-24,0.14005,0.14535,0.1357,0.13832,13234654.561864,1861652.2136986693,
2025-01-25,0.13824,0.13986,0.13646,0.1384,9123177.26527,1260631.24597375119,
2025-01-26,0.13843,0.1413,0.13401,0.13422,8741714.664008,1207694.46669098893,
2025-01-27,0.1342,0.13543,0.12273,0.13269,20330026.875649,2637072.02846711963,
2025-01-28,0.13267,0.13356,0.1254,0.12754,13281990.021871,1738395.45260036143,
2025-01-29,0.12757,0.1315,0.12618,0.12869,12062374.389955,1554347.4567943973,
2025-01-30,0.12874,0.13309,0.12805,0.13096,8270741.274252,1086351.07727665271,
2025-01-31,0.13101,0.13385,0.12838,0.12987,9897159.574691,1297573.82125738404,
2025-02-01,0.12992,0.13143,0.12224,0.12387,6968522.351,883129.82564841567,
2025-02-02,0.12379,0.12558,0.104,0.10834,30084865.589947,3412710.7063113898,
2025-02-03,0.10826,0.1153,0.078,0.11376,70442916.265051,6882955.37178127021,
2025-02-04,0.11373,0.11463,0.10279,0.10633,32283825.301274,3510518.36530091311,
2025-02-05,0.10632,0.10766,0.10115,0.10181,13800803.862193,1440586.24962840994,
2025-02-06,0.10182,0.10361,0.09461,0.09592,13031579.379572,1294904.08908593719,
2025-02-07,0.09594,0.10145,0.09183,0.09433,15320584.461731,1479620.12810298874,
2025-02-08,0.09431,0.0952,0.09074,0.09436,10517912.616766,978629.82871665288,
2025-02-09,0.09435,0.0975,0.08965,0.09339,15092170.541196,1426298.2039156483,
2025-02-10,0.0934,0.09497,0.09009,0.09437,10860728.278036,1011091.42758422598,
2025-02-11,0.09434,0.0989,0.09148,0.09255,11131048.793444,1058377.0434579218,
2025-02-12,0.09253,0.09768,0.08918,0.0951,27165485.517712,2524528.28773043892,
2025-02-13,0.09514,0.09561,0.08987,0.09104,12993843.837833,1193686.23343171599,
2025-02-14,0.09106,0.09337,0.09037,0.09116,15774600.551853,1444007.78052957927,
2025-02-15,0.09119,0.09184,0.08781,0.08868,11094776.663854,999249.28037486403,
2025-02-16,0.08869,0.08906,0.08725,0.08778,10446887.036851,918429.14579222801,
2025-02-17,0.08775,0.09105,0.08568,0.08777,13492066.329935,1191840.20589200921,
2025-02-18,0.08781,0.08964,0.08227,0.08502,11501659.606904,985104.01872309351,
2025-02-19,0.08503,0.0858,0.08301,0.08431,8565367.629393,724228.24223715238,
2025-02-20,0.08429,0.08702,0.08411,0.08597,9279714.606976,794438.12011838775,
2025-02-21,0.08597,0.0884,0.08211,0.08349,14631489.523509,1248079.28854661384,
2025-02-22,0.08333,0.08604,0.0827,0.08567,11380483.034206,965410.57232858725,
2025-02-23,0.08568,0.08664,0.08393,0.08501,7960359.600666,678187.33067558779,
2025-02-24,0.08503,0.09398,0.07703,0.07749,58502872.819105,5100480.36039955512,
2025-02-25,0.07751,0.07988,0.07172,0.07656,37643058.26991,2833792.73551462898,
2025-02-26,0.0766,0.07711,0.07147,0.07356,18052162.376272,1346594.47278358115,
2025-02-27,0.07354,0.07625,0.0726,0.07423,13928013.330351,1039919.70021264572,
2025-02-28,0.07423,0.07432,0.0682,0.07361,25984748.196792,1855391.76981106739,
2025-03-01,0.07362,0.0749,0.0715,0.07383,12199022.720681,891466.50703030453,
2025-03-02,0.07382,0.08347,0.07255,0.08254,36785120.22133,2883492.0162749886,
2025-03-03,0.08259,0.10356,0.0749,0.07675,185849515.412064,16342118.87480788532,
2025-03-04,0.07668,0.07673,0.0683,0.07371,60976695.783036,4450729.96883349281,
2025-03-05,0.07368,0.0806,0.07165,0.08028,74846591.206212,5797341.94140109526,
2025-03-06,0.08024,0.1,0.07894,0.08876,217000188.494636,19423152.71008515003,
2025-03-07,0.08873,0.0936,0.08208,0.083,88109711.880303,7711312.03705332454,
2025-03-08,0.08293,0.08707,0.08066,0.08478,33097984.540942,2773378.08359623388,
2025-03-09,0.08486,0.0934,0.07986,0.08072,66963757.880696,5839947.65733787926,
2025-03-10,0.08072,0.08491,0.07596,0.07605,40176732.382282,3237313.55448218668,
2025-03-11,0.0761,0.08374,0.0726,0.0803,44068533.419632,3505618.55208844526,
2025-03-12,0.0803,0.08466,0.07763,0.0842,21370535.250828,1719177.68050026658,
2025-03-13,0.08424,0.08489,0.07902,0.08116,19426179.368851,1598929.81217076986,
2025-03-14,0.08113,0.08425,0.08049,0.08244,16553319.647853,1369817.40259056845,
2025-03-15,0.08246,0.08541,0.0823,0.08407,13068792.863305,1096402.68709508679,
2025-03-16,0.08406,0.08408,0.07855,0.08296,22994166.463166,1866232.38143830392,
2025-03-17,0.08295,0.09004,0.08254,0.08532,37565198.015046,3226709.87563007479,
2025-03-18,0.08531,0.08537,0.07712,0.07878,25595812.864506,2057082.62612612659,
2025-03-19,0.07878,0.08127,0.07695,0.08088,24181546.119115,1919641.69587929443,
2025-03-20,0.08079,0.085,0.07807,0.07991,34683458.724631,2841117.17229750702,
2025-03-21,0.07989,0.08,0.077,0.07828,11455954.735118,895793.42110521971,
2025-03-22,0.07837,0.08246,0.07754,0.08034,10374861.002573,827200.15119964628,
2025-03-23,0.08025,0.08134,0.07931,0.08079,9049268.509013,727099.67716415532,
2025-03-24,0.08082,0.10036,0.08067,0.09441,90713032.80541,8338754.89924720315,
2025-03-25,0.09444,0.116,0.09076,0.10513,261119024.285936,27493231.28450337739,
2025-03-26,0.10505,0.11455,0.09757,0.10029,102730691.000654,10936849.9646729629,
2025-03-27,0.10035,0.10803,0.09713,0.10653,37832689.25027,3821225.43950308685,
2025-03-28,0.10649,0.11471,0.10143,0.10471,91993159.835388,9949286.31037092536,
2025-03-29,0.1048,0.10515,0.09831,0.10088,25680889.630238,2595915.21921246435,
2025-03-30,0.10088,0.10953,0.10087,0.10187,48255637.761578,5099752.32220593201,
2025-03-31,0.10192,0.10205,0.09749,0.09908,16675501.246035,1657914.45147846245,
2025-04-01,0.09896,0.10636,0.09748,0.10431,25330319.746585,2574437.99874525626,
2025-04-02,0.10434,0.10937,0.09369,0.09628,51419722.322943,5325183.36504530493,
2025-04-03,0.09635,0.10079,0.09184,0.0963,24724531.772785,2376036.26365108441,
2025-04-04,0.0964,0.09889,0.09262,0.09408,24010170.370764,2285512.6578197802,
2025-04-05,0.09409,0.09511,0.09053,0.09142,9099301.111202,840454.67457407862,
2025-04-06,0.09145,0.09199,0.0796,0.08146,13472833.967909,1153003.95596829254,
2025-04-07,0.08153,0.08736,0.07331,0.08583,28815601.668802,2311610.6196451993,
2025-04-08,0.08583,0.08711,0.07973,0.08037,11610335.534616,973034.62231395435,
2025-04-09,0.08038,0.08925,0.0772,0.08778,16508599.876967,1378869.51608736331,
2025-04-10,0.08772,0.08851,0.08386,0.08461,14143238.079167,1211869.26295012151,
2025-04-11,0.08453,0.08856,0.08443,0.08762,11026705.771175,957346.75595845871,
2025-04-12,0.08757,0.091,0.08645,0.08992,6720016.401154,598762.70615080854,
2025-04-13,0.08996,0.09165,0.08426,0.08514,9588912.609093,835884.72026215982,
2025-04-14,0.08525,0.08817,0.08452,0.08501,8986626.693323,775250.45651050342,
2025-04-15,0.0851,0.086,0.08216,0.08258,5445372.336091,459032.66820169013,
2025-04-16,0.08257,0.08333,0.08042,0.08196,5733776.531807,470987.80362033547,
2025-04-17,0.08197,0.08509,0.0818,0.08345,3943525.856943,329237.55532309317,
2025-04-18,0.08355,0.08439,0.08282,0.08381,2766351.550086,231668.02081036464,
2025-04-19,0.08377,0.08503,0.08318,0.08381,3080022.745289,259180.78006883733,
2025-04-20,0.08383,0.08419,0.08194,0.08249,10311359.536334,857398.31930049952,
2025-04-21,0.08239,0.08466,0.08102,0.08241,9273718.06014,771356.14274877761,
2025-04-22,0.08232,0.095,0.08131,0.09196,45791763.229144,4093654.32792007237,
2025-04-23,0.09198,0.09512,0.08824,0.08998,19847247.478236,1821556.42837922629,
2025-04-24,0.09002,0.09276,0.08821,0.0912,10333284.998586,935908.88620411175,
2025-04-25,0.09121,0.093,0.08978,0.09142,11459091.247313,1051816.6461812598,
2025-04-26,0.09142,0.09311,0.0905,0.09206,6403668.466465,589508.03678446563,
2025-04-27,0.09209,0.0937,0.08997,0.09048,7760010.363957,713577.2556446303,
2025-04-28,0.09046,0.09289,0.08889,0.09051,8182901.452493,745549.53662283094,
2025-04-29,0.09061,0.09265,0.089,0.08969,13473516.707199,1234345.13614695437,
2025-04-30,0.08969,0.09063,0.08501,0.08828,8252742.847614,727332.5476227691,
2025-05-01,0.08828,0.09133,0.08818,0.09018,9338417.415568,839580.1336746796,
2025-05-02,0.0902,0.09219,0.08946,0.0919,8769804.466151,796788.38806583392,
2025-05-03,0.09183,0.09225,0.08847,0.08978,10205992.17205,924289.60328475879,
2025-05-04,0.08981,0.09064,0.08759,0.08809,5915272.383992,524971.93282040098,
2025-05-05,0.08805,0.08914,0.08684,0.08838,5680433.459574,499838.0625340563,
2025-05-06,0.08833,0.09063,0.0854,0.09057,11736719.76779,1025286.39725842688,
2025-05-07,0.09048,0.09304,0.09007,0.09143,11286791.461756,1033451.58279554043,
2025-05-08,0.09149,0.09924,0.09146,0.09844,20933844.437709,1995736.11089300545,
2025-05-09,0.09842,0.10321,0.09709,0.10144,18976460.770874,1905404.50550319491,
2025-05-10,0.10151,0.10502,0.09845,0.10493,13815183.707922,1399613.04627917575,
2025-05-11,0.10497,0.1054,0.09711,0.09848,9650144.10703,974957.90323920011,
2025-05-12,0.09851,0.10328,0.09658,0.10155,13768618.197269,1383195.68195945349,
2025-05-13,0.10153,0.104,0.09525,0.10321,18537241.908512,1854426.3310695004,
2025-05-14,0.10322,0.10364,0.1004,0.10158,8777632.720161,896544.37299978965,
2025-05-15,0.10155,0.10334,0.09729,0.10107,19233431.875567,1929977.13726381616,
2025-05-16,0.10103,0.10224,0.09939,0.09968,7260273.29335,733048.15448916523,
2025-05-17,0.09962,0.10041,0.09638,0.09762,8539469.036803,836915.68298170629,
2025-05-18,0.09765,0.10095,0.0956,0.09973,7309725.356892,721562.8474792024,
2025-05-19,0.09984,0.10008,0.09286,0.09607,10366793.956266,986392.50860276712,
2025-05-20,0.09607,0.09762,0.0946,0.09688,3675782.067825,353528.27911044453,
2025-05-21,0.09688,0.09886,0.09476,0.09779,5809761.897858,562497.87235306901,
2025-05-22,0.09776,0.10182,0.09771,0.10025,6963566.508446,695260.14656858293,
2025-05-23,0.1003,0.10202,0.09453,0.09481,11422412.410735,1119077.04332635677,
2025-05-24,0.09474,0.09744,0.09426,0.09573,4319153.62864,415190.66320529335,
2025-05-25,0.09573,0.09657,0.09358,0.09653,4075839.754977,385907.00913930524,
2025-05-26,0.09656,0.0975,0.09599,0.09703,5252219.224462,508623.64323419714,
2025-05-27,0.09704,0.10345,0.09525,0.09816,16888774.913992,1684764.98489472112,
2025-05-28,0.09813,0.09851,0.09578,0.0979,4695923.225986,457761.78483735082,
2025-05-29,0.09793,0.09898,0.09391,0.09441,6064237.989566,589180.13938613335,
2025-05-30,0.09437,0.10405,0.08966,0.09963,48725137.249127,4791453.10325201362,
2025-05-31,0.09961,0.10917,0.09831,0.10565,64825366.293655,6783024.63793466965,
2025-06-01,0.10562,0.10906,0.1016,0.1058,25169848.251694,2618551.4260888369,
2025-06-02,0.10583,0.10625,0.10125,0.10341,9125949.598516,949772.86108772171,
2025-06-03,0.10335,0.10459,0.10211,0.10225,6955400.744859,717830.77637373132,
2025-06-04,0.10219,0.10346,0.1,0.10009,9098305.126993,924160.52827902487,
2025-06-05,0.10009,0.10367,0.0954,0.09803,13774900.175839,1376544.67724629896,
2025-06-06,0.09804,0.10014,0.09627,0.09659,5164481.077464,507356.70806170294,
2025-06-07,0.09654,0.09811,0.09603,0.09688,4414181.423015,428570.66973056259,
2025-06-08,0.09694,0.09818,0.09655,0.09798,3917384.769127,382018.46693336288,
2025-06-09,0.09796,0.10132,0.09782,0.10127,4350994.259655,431688.28779899186,
2025-06-10,0.10124,0.10207,0.0996,0.10196,6070599.15219,613508.77662547146,
2025-06-11,0.10194,0.10202,0.09768,0.09893,6290025.053122,631845.1705559937,
2025-06-12,0.09892,0.09923,0.09542,0.0965,5452114.353652,530976.2073708638,
2025-06-13,0.0965,0.0965,0.08779,0.09198,12417723.56295,1127916.32299380188,
2025-06-14,0.09197,0.09198,0.08969,0.09103,2093315.031392,190713.50706235543,
2025-06-15,0.09093,0.09151,0.08958,0.09092,1852685.598519,167867.60987676839,
2025-06-16,0.09094,0.09342,0.09024,0.09024,6431859.521939,592440.28579777417,
2025-06-17,0.09049,0.09156,0.08719,0.088,7892584.246008,702810.03753459068,
2025-06-18,0.08808,0.09379,0.08534,0.09125,19900407.324416,1794180.11339665869,
2025-06-19,0.09128,0.09198,0.08992,0.0909,3418373.837838,310006.98743315077,
2025-06-20,0.09095,0.09172,0.08727,0.088,11170322.712044,999326.55455940649,
2025-06-21,0.08805,0.08908,0.08318,0.08463,10548901.867332,908517.63525329766,
2025-06-22,0.08476,0.08516,0.07716,0.07997,9862946.215216,793994.5829468369,
2025-06-23,0.07999,0.08502,0.07859,0.08481,7983007.425226,646021.16836236103,
2025-06-24,0.08483,0.08688,0.08363,0.08426,6365853.232021,540413.44246267734,
2025-06-25,0.08431,0.0847,0.0814,0.08223,7701617.714454,640036.41463402113,
2025-06-26,0.08225,0.08349,0.0801,0.08051,4353735.970188,355612.7655718962,
2025-06-27,0.0804,0.08184,0.07978,0.0809,5162982.298899,415536.10705439504,
2025-06-28,0.08086,0.08131,0.08027,0.08116,3805550.258674,307051.00493441287,
2025-06-29,0.08107,0.0825,0.08028,0.08187,6804351.224654,551669.75392621069,
2025-06-30,0.08187,0.0824,0.0799,0.08165,6670653.976266,540896.11223677392,
2025-07-01,0.08163,0.08204,0.07933,0.07996,4108468.158115,330000.66179397064,
2025-07-02,0.07994,0.0832,0.07926,0.08254,4146141.099349,338960.01420559827,
2025-07-03,0.08259,0.0838,0.08193,0.08316,5666833.2132,469598.14786832041,
2025-07-04,0.08314,0.08335,0.0804,0.08109,4125529.783801,335863.71429070368,
2025-07-05,0.08108,0.08162,0.08021,0.08107,1548812.497253,125270.86137925036,
2025-07-06,0.08104,0.0818,0.08029,0.08115,3124945.979725,253021.11505727471,
2025-07-07,0.08122,0.08186,0.08047,0.08074,2457227.086578,199666.3497196407,
2025-07-08,0.0807,0.10059,0.08002,0.09718,122719399.432886,11447052.62694035408,
2025-07-09,0.09711,0.10093,0.09227,0.09697,150780252.058878,14477000.33764496485,
2025-07-10,0.09698,0.09944,0.09297,0.09782,53685967.612737,5135210.67743888526,
2025-07-11,0.09792,0.10553,0.09564,0.1045,34096140.570383,3397695.92628675332,
2025-07-12,0.10465,0.11214,0.09953,0.10167,39740683.603273,4219986.83616355422,
2025-07-13,0.10167,0.10845,0.10012,0.10666,17726542.408203,1849630.10047570375,
2025-07-14,0.10669,0.1194,0.1049,0.1072,35942586.333595,4032118.72771819164,
2025-07-15,0.10713,0.10995,0.10245,0.10817,16606724.997169,1757558.54215277016,
2025-07-16,0.10822,0.11023,0.10658,0.10834,9930965.951996,1074857.33857439699,
2025-07-17,0.10841,0.11931,0.10406,0.11781,24977459.357067,2773620.52879416049,
2025-07-18,0.11788,0.12862,0.11665,0.11843,37985334.851964,4661120.5157629854,
2025-07-19,0.11844,0.12353,0.11562,0.12137,14907269.882532,1790102.14590633299,
2025-07-20,0.12133,0.12372,0.1192,0.12071,13297945.069408,1614252.24025511222,
2025-07-21,0.12066,0.12573,0.11869,0.12214,9904431.714709,1212934.30084198158,
2025-07-22,0.1221,0.12626,0.11949,0.12544,19821514.322914,2437266.80870622911,
2025-07-23,0.12546,0.12839,0.11746,0.12148,17992167.111078,2216841.28280109211,
2025-07-24,0.12157,0.12938,0.11749,0.12664,20189706.860451,2519453.86617706163,
2025-07-25,0.1267,0.13308,0.1242,0.13227,16718513.083095,2146000.46776347481,
2025-07-26,0.13229,0.1419,0.13108,0.14156,12347654.59321,1687844.16711582494,
2025-07-27,0.1416,0.14653,0.13762,0.14523,14123955.550378,2001493.66031414734,
2025-07-28,0.14511,0.14938,0.13737,0.13782,17430303.676126,2513093.23359553666,
2025-07-29,0.13801,0.14995,0.13566,0.14538,44823120.707709,6515341.81358844979,
2025-07-30,0.14527,0.14773,0.13517,0.1467,17931109.659716,2547515.66496327949,
2025-07-31,0.14669,0.1493,0.13881,0.13923,15545694.595193,2250363.26059414047,
2025-08-01,0.13917,0.14329,0.12798,0.13154,17059331.790842,2325341.36056081919,
2025-08-02,0.13144,0.135,0.12329,0.1242,10401592.89983,1346619.57438523651,
2025-08-03,0.12416,0.13447,0.122,0.13011,9033728.824745,1171669.91031638796,
2025-08-04,0.13013,0.1406,0.12986,0.14009,9852537.220684,1333555.14434851617,
2025-08-05,0.14013,0.14169,0.13368,0.1394,8916783.044866,1232106.43831416556,
2025-08-06,0.13943,0.14439,0.13595,0.1439,10432279.420301,1461551.96647548658,
2025-08-07,0.14388,0.15018,0.14315,0.1496,9245831.778333,1357836.48431362561,
2025-08-08,0.14964,0.15707,0.1466,0.15493,30448687.289672,4554403.45470363041,
2025-08-09,0.15515,0.16424,0.1551,0.15708,15669794.725383,2515688.97419275535,
2025-08-10,0.15706,0.16467,0.15477,0.16436,8339062.327032,1333584.94503787554,
2025-08-11,0.16458,0.1731,0.1625,0.16542,18010623.414686,3033148.4851843144,
2025-08-12,0.16539,0.1713,0.16376,0.16413,13714401.356942,2299851.89550851435,
2025-08-13,0.1641,0.16945,0.16052,0.16797,12420630.409454,2062469.79746473255,
2025-08-14,0.16794,0.16859,0.14779,0.15395,13594262.540633,2145359.70137841367,
2025-08-15,0.15405,0.1582,0.14799,0.15165,11985908.916838,1837517.68175081117,
2025-08-16,0.15171,0.15328,0.14908,0.15071,4756518.018337,715776.4698218367,
2025-08-17,0.15071,0.15564,0.15024,0.15061,4258738.157533,648782.65700019547,
2025-08-18,0.1506,0.15085,0.14271,0.14838,9099111.885385,1326427.24248014541,
2025-08-19,0.14838,0.15122,0.13549,0.13617,11189132.327564,1605875.32760450843,
2025-08-20,0.13615,0.14528,0.13615,0.14355,9703287.117773,1377709.30611584994,
2025-08-21,0.1435,0.14557,0.14015,0.14131,14342904.059889,2046457.37142481094,
2025-08-22,0.14133,0.1578,0.14062,0.15244,21904742.890386,3275785.49524585715,
2025-08-23,0.15234,0.1586,0.14939,0.15847,4969609.786207,766765.904093482,
2025-08-24,0.15845,0.16373,0.15481,0.1567,16872605.372848,2687281.94851724313,
2025-08-25,0.15682,0.16199,0.15327,0.15427,24867548.480548,3934624.41204996023,
2025-08-26,0.1543,0.2157,0.15266,0.2013,299023856.104322,58885027.34023973876,
2025-08-27,0.20141,0.28919,0.19572,0.25921,428394911.359498,105254847.4302168937,
2025-08-28,0.25934,0.38786,0.25523,0.32703,757499701.761377,252931958.8917098313,
2025-08-29,0.32703,0.34494,0.26528,0.28302,225808658.371459,67858611.42727708752,
2025-08-30,0.28307,0.33491,0.26521,0.3056,242889144.960628,74888007.12673230898,
2025-08-31,0.30559,0.31541,0.28265,0.29285,68983935.376263,20410494.28055781764,
2025-09-01,0.29296,0.30468,0.25943,0.2698,91326482.104967,25385660.3185154101,
2025-09-02,0.26984,0.27171,0.24903,0.26574,59154271.298709,15441059.9383592345,
2025-09-03,0.2658,0.28219,0.25574,0.28124,89964605.308163,24498626.39781034179,
2025-09-04,0.28124,0.28124,0.26148,0.26783,42062471.446866,11370672.67265293839,
2025-09-05,0.26783,0.2751,0.2614,0.2652,47993352.41212,12839132.63138006255,
2025-09-06,0.2652,0.27543,0.26465,0.26681,29546901.562444,7981974.88282334993,
2025-09-07,0.2668,0.2703,0.25673,0.26135,24843735.918436,6516123.26393796666,
2025-09-08,0.2613,0.26362,0.25046,0.25089,23858674.707835,6103338.96867164751,
2025-09-09,0.2509,0.28278,0.24334,0.25865,86894310.947684,22528725.36297024604,
2025-09-10,0.25861,0.2613,0.25183,0.2603,25691384.889393,6593319.57192247907,
2025-09-11,0.26025,0.27485,0.253,0.2597,43186028.400131,11334658.63463664087,
2025-09-12,0.25946,0.26143,0.252,0.25628,18305798.779208,4689665.14242433912,
2025-09-13,0.25626,0.25647,0.24725,0.24912,19031332.542294,4802807.30377622813,
2025-09-14,0.24911,0.25037,0.23501,0.23607,18304510.404697,4441115.59864372477,
2025-09-15,0.23606,0.24756,0.22615,0.23105,41783097.165305,9897541.43388471324,
2025-09-16,0.23115,0.23403,0.22439,0.233,16738125.588174,3840683.57258850614,
2025-09-17,0.23292,0.23957,0.2276,0.23774,18523463.530332,4286755.17197761154,
2025-09-18,0.2377,0.24566,0.23503,0.23681,18759242.681259,4512867.92053636234,
2025-09-19,0.23685,0.23771,0.2279,0.2332,10086596.22671,2348991.34672453103,
2025-09-20,0.23315,0.234,0.229,0.2292,4976818.583729,1152495.54541898377,
2025-09-21,0.22914,0.23015,0.21699,0.21727,11952068.731678,2682172.13220535713,
2025-09-22,0.21724,0.21856,0.1928,0.21358,40754295.405216,8410292.61107479578,
2025-09-23,0.21334,0.21713,0.2053,0.20554,24607291.452433,5199018.22810204232,
2025-09-24,0.20556,0.20893,0.1978,0.20025,28106904.794584,5741475.92583054878,
2025-09-25,0.20031,0.20117,0.17987,0.18526,30331887.538788,5704198.96525755019,
2025-09-26,0.18521,0.20059,0.18501,0.19187,55112692.488662,10691833.41789044514,
2025-09-27,0.1918,0.1918,0.18432,0.18598,12406874.828431,2324613.57653805769,
2025-09-28,0.186,0.19566,0.18186,0.19416,15440682.512234,2893363.19727288072,
2025-09-29,0.19413,0.198,0.18703,0.19002,19156939.890217,3673084.28012185505,
2025-09-30,0.19003,0.20015,0.1864,0.19837,38607073.948822,7508084.32886907816,
2025-10-01,0.19836,0.20486,0.19095,0.20418,25339744.564466,5031719.79339742107,
2025-10-02,0.20427,0.22847,0.20154,0.218,47288154.440743,10267953.09580826258,
2025-10-03,0.218,0.22042,0.2093,0.21345,17956099.778296,3843883.46834772419,
2025-10-04,0.21363,0.21785,0.20558,0.20723,15146096.930569,3211584.142432321,
2025-10-05,0.20731,0.21375,0.2042,0.20957,12184826.494982,2548376.85400015215,
2025-10-06,0.20955,0.21316,0.20633,0.21102,14709680.870531,3092628.11729311492,
2025-10-07,0.21075,0.21222,0.19401,0.19498,16806403.961501,3389452.18665681371,
2025-10-08,0.19501,0.20585,0.19451,0.19843,16352176.321185,3267201.47248028179,
2025-10-09,0.19848,0.19877,0.18842,0.19288,16348920.819214,3147938.88694900456,
2025-10-10,0.19293,0.19414,0.06721,0.14785,82201673.300863,12057793.98428539545,
2025-10-11,0.14797,0.16367,0.14638,0.15539,50641535.202915,7859649.32855795244,
2025-10-12,0.15551,0.17725,0.15032,0.17294,33521552.464237,5463271.47054283465,
2025-10-13,0.17292,0.17519,0.1655,0.17257,23408724.461591,3996681.59525651592,
2025-10-14,0.17269,0.17356,0.15453,0.16294,27765167.727953,4489205.73957856511,
2025-10-15,0.16293,0.16916,0.15489,0.15713,19967769.273287,3241886.57935099948,
2025-10-16,0.15715,0.15966,0.14497,0.14767,21027978.140339,3229410.2967157106,
2025-10-17,0.14763,0.14884,0.13197,0.14313,28804459.711998,4032285.59917806025,
2025-10-18,0.1431,0.14675,0.14185,0.14445,11091118.266405,1599514.43624573787,
2025-10-19,0.14451,0.14886,0.14035,0.14668,13848716.781203,2008731.40255409756,
2025-10-20,0.14674,0.15677,0.14428,0.15105,19328869.716648,2943711.96973585997,
2025-10-21,0.15108,0.15303,0.1438,0.144,18556057.349729,2746775.21866542097,
2025-10-22,0.144,0.14656,0.1363,0.14033,16757225.261901,2390799.38543452118,
2025-10-23,0.1403,0.14559,0.1396,0.14348,11324784.142619,1620594.5733712215,
2025-10-24,0.14373,0.15327,0.14245,0.14841,14656276.074435,2157924.40129830522,
2025-10-25,0.14837,0.15524,0.14803,0.15222,13031690.013188,1981395.43632131592,
2025-10-26,0.15218,0.15514,0.1488,0.15334,8520613.333602,1292554.47639838901,
2025-10-27,0.15341,0.1566,0.14822,0.14959,8580626.669541,1307781.84746850411,
2025-10-28,0.14949,0.16865,0.14655,0.15099,39723995.765022,6283641.82475453785,
2025-10-29,0.15083,0.15175,0.14324,0.14666,22487984.311946,3341905.04589711626,
2025-10-30,0.14666,0.1495,0.13925,0.14569,15776294.707737,2277083.33776394112,
2025-10-31,0.14569,0.14929,0.1446,0.14557,19334871.967541,2833389.13456201212,
2025-11-01,0.14563,0.14829,0.14496,0.14682,7948787.559582,1168299.77421928208,
2025-11-02,0.14682,0.14714,0.1427,0.14602,11441874.166499,1653834.93413507939,
2025-11-03,0.14602,0.14609,0.12382,0.12975,22585441.564219,3032033.49130842925,
2025-11-04,0.1298,0.13485,0.11214,0.12131,62908600.60216,7710602.33404024928,
2025-11-05,0.12137,0.12746,0.11466,0.12462,52767255.780048,6439735.95773065273,
2025-11-06,0.12457,0.12521,0.11969,0.12258,13698565.640687,1680365.27087332508,
2025-11-07,0.12272,0.13422,0.12022,0.12997,71640387.824118,9224254.59138277555,
2025-11-08,0.13003,0.13293,0.12428,0.12514,22120578.047024,2827607.38025208251,
2025-11-09,0.12522,0.12897,0.12235,0.12784,21006118.217109,2616405.68718548916,
2025-11-10,0.12783,0.13752,0.12708,0.13662,35499795.07713,4735434.65531889571,
2025-11-11,0.13665,0.13914,0.12422,0.12529,39841642.225411,5205207.24954062697,
2025-11-12,0.12526,0.13093,0.12252,0.12527,38380609.957204,4814201.69493793611,
2025-11-13,0.12523,0.12906,0.11778,0.1227,23025805.064355,2888125.06970670162,
2025-11-14,0.12249,0.1232,0.11255,0.11384,36436000.957933,4280445.36809889696,
2025-11-15,0.11376,0.11708,0.1136,0.11527,25523516.095823,2942500.6839114117,
2025-11-16,0.1152,0.11695,0.10711,0.10964,27360016.665069,3070652.98018289023,
2025-11-17,0.10962,0.11267,0.10296,0.10399,59975473.656956,6383250.07581987365,
2025-11-18,0.10396,0.11477,0.10106,0.11467,28702454.747969,3064572.82373611959,
2025-11-19,0.1146,0.1147,0.10324,0.10953,41418676.986523,4583005.58580678633,
2025-11-20,0.10957,0.11103,0.10061,0.1022,57727272.286866,6146124.69723221708,
2025-11-21,0.10237,0.10371,0.09213,0.09909,39145072.435638,3832096.96019913695,
2025-11-22,0.09909,0.10094,0.09695,0.1001,10958228.6337,1080936.45520036552,
2025-11-23,0.10008,0.11292,0.09999,0.10631,39390609.6918,4267845.12739465036,
2025-11-24,0.1063,0.11184,0.10438,0.10977,24626758.766008,2643856.8689966257,
2025-11-25,0.1097,0.11181,0.10655,0.11036,26194822.009861,2861483.22335688947,
2025-11-26,0.1104,0.11238,0.10785,0.11184,25385905.853745,2799467.79131001565,
2025-11-27,0.11179,0.11418,0.11083,0.11132,8906185.308365,1003909.59013273958,
2025-11-28,0.11137,0.11337,0.10823,0.1087,10673319.190455,1177223.76252834697,
2025-11-29,0.1087,0.10967,0.10611,0.10709,5442936.94794,588168.56830700365,
2025-11-30,0.10711,0.1091,0.10554,0.10575,6403416.735533,691337.68648611374,
2025-12-01,0.10572,0.10592,0.09796,0.10175,22437341.722544,2260393.87170974627,
2025-12-02,0.10176,0.11257,0.10122,0.10879,18351604.888517,1970736.66036673657,
2025-12-03,0.10885,0.11111,0.10768,0.11026,10365561.142771,1138606.24026927104,
2025-12-04,0.11024,0.11116,0.10559,0.10641,10756978.793443,1176852.82393294608,
2025-12-05,0.10635,0.10769,0.10169,0.10367,18553159.994707,1937443.77716374179,
2025-12-06,0.10368,0.10499,0.10331,0.10415,3739870.894647,389463.33193604414,
2025-12-07,0.10409,0.10534,0.10052,0.10365,7812427.105403,808167.51714418271,
2025-12-08,0.10368,0.10627,0.10271,0.10352,8146638.425267,850647.71486836428,
2025-12-09,0.10361,0.10915,0.10292,0.10579,9133579.217786,965101.56377296366,
2025-12-10,0.10576,0.10665,0.10324,0.10382,10602915.312572,1114494.93181704427,
2025-12-11,0.10377,0.10405,0.0993,0.10162,11005777.237425,1110959.02679087259,
2025-12-12,0.10165,0.10232,0.09792,0.10032,11353538.061059,1144934.22169200851,
2025-12-13,0.10033,0.10067,0.09895,0.0996,1902474.511145,189892.72632068228,
2025-12-14,0.0996,0.1004,0.09584,0.09671,5181140.826589,506844.88535567037,
2025-12-15,0.09671,0.10057,0.09354,0.09636,22221184.516265,2148217.15809520332,
2025-12-16,0.09643,0.0966,0.09279,0.09572,18715727.252293,1783957.37944000426,
2025-12-17,0.09568,0.09623,0.09048,0.0915,20718093.860518,1921848.12258905979,
2025-12-18,0.09153,0.09444,0.08894,0.09027,22362890.706907,2033750.07080066895,
2025-12-19,0.09031,0.09537,0.0891,0.09533,13438401.262782,1245333.07791143543,
2025-12-20,0.09536,0.09921,0.09467,0.0961,7995113.018612,776150.63666638572,
2025-12-21,0.09609,0.09628,0.09391,0.09591,6129073.530328,581625.53737894646,
2025-12-22,0.096,0.0977,0.09461,0.09583,4778385.773947,460192.56461603305,
2025-12-23,0.09585,0.0967,0.09383,0.09445,4001540.142242,381064.11324858137,
2025-12-24,0.09455,0.09488,0.09236,0.09328,4195416.932426,392062.70193720226,
2025-12-25,0.09321,0.0945,0.09201,0.09245,4117079.633009,385079.40679332987,
2025-12-26,0.09244,0.09414,0.09124,0.09174,4120437.64451,380827.45265147089,
2025-12-27,0.09173,0.09289,0.09154,0.09283,1899403.305214,175286.94133128635,
2025-12-28,0.09276,0.0943,0.09235,0.09279,6993204.91464,653725.93956872324,
2025-12-29,0.09285,0.09468,0.09162,0.09188,5089847.604684,472826.81177589141,
2025-12-30,0.09188,0.09548,0.09179,0.09257,10440280.23198,975504.89657838388,
2025-12-31,0.09254,0.09521,0.08981,0.09077,14618217.95701,1346582.74363267708,
2026-01-01,0.09077,0.09412,0.0886,0.09403,8019272.713508,726092.09224380198,
2026-01-02,0.09394,0.09841,0.09329,0.09834,24302411.534399,2333516.79767919814,
2026-01-03,0.09834,0.10308,0.098,0.1002,21984621.182383,2191243.27378472099,
2026-01-04,0.10019,0.10802,0.10019,0.10779,14505865.028045,1520133.24599619996,
2026-01-05,0.10784,0.1109,0.10369,0.11033,17022486.333097,1821997.11668450033,
2026-01-06,0.11042,0.1116,0.10485,0.10868,15393611.615098,1671812.90721933926,
2026-01-07,0.10864,0.10916,0.10259,0.10355,9166247.867568,967474.09554203104,
2026-01-08,0.10352,0.10452,0.09856,0.10134,27981214.040573,2806316.6018386022,
2026-01-09,0.10134,0.10385,0.09985,0.10069,9142468.542806,928606.25617532346,
2026-01-10,0.10079,0.10187,0.09954,0.10062,3157708.973001,318636.28410427078,
2026-01-11,0.10069,0.10243,0.09966,0.1004,3192833.416664,323006.77594588792,
2026-01-12,0.10043,0.10218,0.09854,0.09942,7970438.241288,797984.54857143313,
2026-01-13,0.09943,0.10399,0.09903,0.10265,9515538.125482,966930.20163669398,
2026-01-14,0.1027,0.10516,0.10243,0.10361,17713824.721947,1835536.75549746088,
2026-01-15,0.10362,0.10374,0.09989,0.10094,7392722.115664,750901.28098836176,
2026-01-16,0.10088,0.10212,0.09984,0.10167,8339175.010998,843331.17283973586,
2026-01-17,0.10178,0.10313,0.10067,0.10171,5484718.315988,560546.66367506351,
2026-01-18,0.10173,0.1026,0.09843,0.09864,5789896.547871,584905.81719072662,
2026-01-19,0.09846,0.09852,0.09289,0.09388,25051631.738183,2387673.03042342369,
2026-01-20,0.09386,0.0968,0.0895,0.09051,31201011.604217,2911801.52022080075,
2026-01-21,0.09049,0.09353,0.08963,0.09201,10015877.370229,915982.81361587642,
2026-01-22,0.09217,0.09311,0.0903,0.09198,7464876.452864,687796.0050658751,
2026-01-23,0.092,0.09312,0.09055,0.09157,6188214.698748,566485.93838244318,
2026-01-24,0.09158,0.09383,0.09142,0.09257,5948413.68296,552441.46651857303,
2026-01-25,0.09252,0.09268,0.08724,0.08916,17726977.233277,1582982.1117278097,
2026-01-26,0.08914,0.09138,0.08909,0.091,5804682.331454,524843.29423457997,
2026-01-27,0.09098,0.09142,0.08958,0.09112,6182763.724263,561591.95111801075,
2026-01-28,0.09115,0.09213,0.09038,0.09057,4158239.78717,378926.78666658847,
2026-01-29,0.09062,0.09177,0.08675,0.08815,12896003.927179,1147938.71841114539,
2026-01-30,0.08822,0.08837,0.08172,0.08378,16702788.878158,1414943.42662443051,
2026-01-31,0.08373,0.08416,0.07326,0.07948,31047808.750917,2432455.84257274386,
2026-02-01,0.07958,0.08202,0.077,0.07844,14452488.850741,1154990.19029141306,
2026-02-02,0.07851,0.08449,0.075,0.08332,19200161.849355,1542271.09243991591,
2026-02-03,0.08336,0.08593,0.07781,0.08295,30144603.045863,2504139.74361035198,
2026-02-04,0.08292,0.08495,0.0789,0.08132,22468036.573371,1835814.53301261216,
2026-02-05,0.08135,0.0823,0.07075,0.07122,39053640.63759,2949716.2502980331,
2026-02-06,0.0714,0.08148,0.06736,0.0797,33926824.078092,2499226.15945320024,
2026-02-07,0.07975,0.08079,0.07698,0.07949,16782903.297332,1328058.35553986077,
2026-02-08,0.07951,0.08143,0.0775,0.07982,6806750.106243,543430.25622096351,
2026-02-09,0.07981,0.0803,0.07682,0.07899,11693040.104202,917753.38385189123,
2026-02-10,0.079,0.08083,0.07788,0.07838,8080922.534863,638075.24279619035,
2026-02-11,0.07842,0.07858,0.07505,0.07624,15577408.771222,1190011.38149819729,
2026-02-12,0.07625,0.07932,0.07567,0.07712,12244081.178202,945442.53929485508,
2026-02-13,0.07707,0.08077,0.07598,0.08028,7909231.649082,615254.92539983487,
2026-02-14,0.08032,0.0841,0.08031,0.08353,14459615.960994,1193864.09574923955,
2026-02-15,0.08342,0.08384,0.0788,0.08032,7998842.174632,652494.50022482963,
2026-02-16,0.08037,0.08121,0.07824,0.08072,6534643.706032,521871.45813908058,
2026-02-17,0.08064,0.0807,0.07842,0.07927,6098750.610545,485409.01596308521,
2026-02-18,0.07926,0.08088,0.07757,0.07807,6941887.512175,550371.53178021659,
2026-02-19,0.07807,0.07909,0.07655,0.07848,7080894.422579,551484.09196345743,
2026-02-20,0.07844,0.07936,0.07703,0.07887,5696512.179267,445720.92153162159,
2026-02-21,0.07886,0.07895,0.07771,0.0779,3364114.961255,263034.44567838035,
2026-02-22,0.07785,0.07797,0.07542,0.07581,4203937.148867,321015.1306791301,
2026-02-23,0.07576,0.0759,0.07286,0.07406,14418932.237187,1071839.91868417028,
2026-02-24,0.07434,0.07537,0.07334,0.07401,8734304.925081,648777.96712405966,
2026-02-25,0.07403,0.08052,0.07386,0.0782,10032828.15077,778386.96928049961,
2026-02-26,0.07818,0.07905,0.07591,0.07745,7509416.07494,583945.40607783999,
2026-02-27,0.07747,0.07853,0.07489,0.07567,6211173.177383,476610.90870661887,
2026-02-28,0.07571,0.07674,0.07166,0.07654,11078209.412363,819217.70697972545,
2026-03-01,0.07656,0.07804,0.07375,0.07481,6195718.812158,470065.00010784952,
2026-03-02,0.0748,0.07742,0.07366,0.07555,7376681.915568,556589.58361198679,
2026-03-03,0.07557,0.07604,0.07422,0.07542,5291288.742762,397603.57129409744,
2026-03-04,0.07549,0.07942,0.07459,0.07737,7377330.923537,570400.93968120843,
2026-03-05,0.07746,0.07827,0.07571,0.07708,7631457.348278,587789.95901069136,
2026-03-06,0.07709,0.07781,0.07528,0.07611,6144549.808432,469044.4344700552,
2026-03-07,0.0761,0.07618,0.07448,0.07463,3873340.384243,290028.51887897817,
2026-03-08,0.07469,0.0754,0.07331,0.07405,3655491.89723,271450.36667028076,
2026-03-09,0.07407,0.07621,0.07382,0.07493,4484463.084031,336707.23254453186,
2026-03-10,0.07494,0.07709,0.07493,0.07565,3026008.685281,230487.12653022163,
2026-03-11,0.07567,0.07617,0.07505,0.07568,2053392.329389,155301.88712873918,
2026-03-12,0.0758,0.07611,0.07516,0.07575,2677434.874834,202539.34653630712,
2026-03-13,0.07576,0.07852,0.07546,0.07672,6149061.00429,473899.28580254593,
2026-03-14,0.07669,0.07791,0.07634,0.07732,3254681.514123,251342.05721891135,
2026-03-15,0.07736,0.07887,0.07711,0.07825,2709137.516402,210554.83896281266,
2026-03-16,0.07825,0.08159,0.07763,0.08126,8396558.356161,668601.2764857942,
2026-03-17,0.08126,0.08263,0.07905,0.07948,7531827.000475,607265.69870600887,
2026-03-18,0.07952,0.07955,0.07537,0.07661,5644641.643098,436155.95272306125,
2026-03-19,0.07659,0.07685,0.07454,0.07505,5148471.511414,389742.12843653355,
2026-03-20,0.07506,0.07589,0.07474,0.075,2713032.325448,204308.44623391502,
2026-03-21,0.07508,0.07542,0.07396,0.07437,1467804.010403,109843.87561088009,
2026-03-22,0.07419,0.0753,0.07298,0.07356,3457523.432829,256369.79435765369,
2026-03-23,0.07363,0.0763,0.07293,0.07576,5809674.088744,436091.90972031627,
2026-03-24,0.0758,0.07628,0.07424,0.07511,9212214.133635,694984.38112619156,
2026-03-25,0.07509,0.07594,0.07487,0.07499,3207938.710591,241800.51783184634,
2026-03-26,0.07502,0.0751,0.07294,0.07369,3283353.830805,243048.54464943387,
2026-03-27,0.07367,0.07383,0.06992,0.0711,5199687.860897,371912.84426208799,
2026-03-28,0.07111,0.07267,0.07111,0.07158,3927293.224657,281996.17079694631,
2026-03-29,0.0717,0.07178,0.06992,0.07033,2865740.596281,202603.24109514835,
2026-03-30,0.07041,0.07189,0.06943,0.06985,5349561.311552,378313.88589148053,
2026-03-31,0.06994,0.0708,0.06907,0.07064,7038283.677392,492905.4585606022,
2026-04-01,0.07062,0.07198,0.07034,0.0708,6035353.490296,429622.93296824297,
2026-04-02,0.07088,0.07133,0.06882,0.06999,6340744.808992,441152.06996224856,
2026-04-03,0.07014,0.07101,0.06996,0.07012,4257999.001448,299686.55945528878,
2026-04-04,0.07013,0.0702,0.06967,0.06987,1566307.952431,109537.821156646,
2026-04-05,0.06989,0.07013,0.06888,0.06971,3855634.631849,266944.39061996094,
2026-04-06,0.06971,0.07084,0.0692,0.06934,6526597.675866,456913.96976464755,
2026-04-07,0.06931,0.07201,0.06897,0.07176,5223662.478809,365175.91446313723,
2026-04-08,0.07174,0.07215,0.06971,0.06982,9547915.818237,679456.54569101067,
2026-04-09,0.06986,0.07058,0.06932,0.06939,8205210.948008,573127.46326863634,
2026-04-10,0.06938,0.07065,0.06902,0.07022,4508714.116481,314609.36990168982,
2026-04-11,0.07028,0.07028,0.06917,0.06952,6439825.118205,449072.11829614472,
2026-04-12,0.06956,0.06964,0.06793,0.068,7048889.022462,483577.58059451687,
2026-04-13,0.06804,0.07048,0.06798,0.07014,6731975.189238,463261.46956739237,
2026-04-14,0.07014,0.07092,0.06873,0.06924,9929851.376018,695934.78259495164,
2026-04-15,0.06924,0.06966,0.06826,0.06917,9460838.306708,651979.80072430931,
2026-04-16,0.06915,0.07132,0.069,0.07113,14616039.815823,1027885.5891252599,
2026-04-17,0.07112,0.07365,0.07019,0.07159,11064026.220374,795387.50724889137,
2026-04-18,0.07157,0.07203,0.06989,0.07,7513292.685304,532575.31489290039,
2026-04-19,0.06999,0.07016,0.06829,0.06882,5636344.910757,390928.35011200101,
2026-04-20,0.06878,0.07052,0.06872,0.07015,4835525.006794,336601.10790658101,
2026-04-21,0.0702,0.07077,0.06922,0.07002,6140151.378771,430928.23483187914,
2026-04-22,0.06999,0.0711,0.06968,0.06968,7997651.011456,564505.37162013767,
2026-04-23,0.06971,0.07017,0.06906,0.0697,6163514.560635,429613.57386913657,
2026-04-24,0.06972,0.07013,0.06916,0.06928,2922017.974556,203426.19006784075,
2026-04-25,0.06927,0.07058,0.06923,0.06997,8418432.951358,589090.99201686853,
2026-04-26,0.06997,0.07073,0.06963,0.07027,3872703.315754,272296.51692118567,
2026-04-27,0.0702,0.07094,0.06907,0.06972,7197624.913292,504077.47797961519,
2026-04-28,0.06971,0.06979,0.06893,0.06908,3023327.193162,209435.27144028383,
2026-04-29,0.06908,0.06968,0.0674,0.06847,6561782.912256,450056.81796639955,
2026-04-30,0.06848,0.06875,0.06775,0.06849,4677262.469991,320229.74543364575,
2026-05-01,0.06852,0.06938,0.06807,0.06871,5545327.567862,380471.2420828789,
2026-05-02,0.06871,0.06874,0.06816,0.06838,2559649.774902,175080.20773093355,
2026-05-03,0.06839,0.06851,0.06779,0.06806,3291844.649807,224340.3309224862,
2026-05-04,0.06802,0.06942,0.06786,0.06859,6410334.72087,439975.01499689231,
2026-05-05,0.06865,0.0712,0.06855,0.06995,8913546.281901,620409.95950901066,
2026-05-06,0.06998,0.07217,0.06998,0.0709,8906752.908133,633811.59017482733,
2026-05-07,0.07096,0.07103,0.0693,0.06946,6738729.651353,472863.77033284245,
2026-05-08,0.0695,0.07171,0.06854,0.07171,16928350.634332,1184301.58038284478,
2026-05-09,0.07171,0.07256,0.07021,0.07083,9556982.586302,682652.83648861968,
2026-05-10,0.07082,0.07599,0.07049,0.07597,21629335.237128,1582946.02934779769,
2026-05-11,0.07592,0.08162,0.07328,0.07749,51914176.759166,4037383.21372544388,
2026-05-12,0.07747,0.0834,0.07672,0.07834,54188063.881373,4340147.54556790342,
2026-05-13,0.0783,0.08058,0.07464,0.07505,23519357.995058,1817257.32605696105,
2026-05-14,0.07505,0.07656,0.07256,0.07601,16546244.088471,1235168.25129514772,
2026-05-15,0.07606,0.07834,0.07205,0.07295,17463080.561184,1305848.38580876543,
2026-05-16,0.07294,0.07337,0.07017,0.07077,9765415.54552,696093.0794643559,
2026-05-17,0.07084,0.07205,0.06894,0.06965,7353497.242461,519974.28005310686,
2026-05-18,0.06969,0.07016,0.06839,0.0699,9459880.392587,655118.20864128851,
2026-05-19,0.07005,0.07039,0.06773,0.06843,17721026.05176,1217012.65536282313,
2026-05-20,0.06833,0.06987,0.06784,0.06894,8403422.653181,576348.52987230534,
2026-05-21,0.06903,0.06995,0.06855,0.06973,4146013.547997,287221.67652919567,
2026-05-22,0.06976,0.07019,0.06767,0.06792,9336584.757231,642452.29816929609,
2026-05-23,0.06789,0.06983,0.06682,0.0695,10454967.953946,714212.9256204416,
2026-05-24,0.06952,0.07006,0.06824,0.06901,5004524.353451,346036.07763682426,
2026-05-25,0.06902,0.06983,0.06868,0.06887,3377996.362819,234000.43416876359,
2026-05-26,0.06882,0.06899,0.06712,0.06795,12454985.887464,849730.26729617932,
2026-05-27,0.06795,0.06813,0.06653,0.06702,9662763.26715,651249.51427521919,
2026-05-28,0.067,0.06801,0.06488,0.06713,18003484.006595,1197894.59992294327,
2026-05-29,0.06711,0.06825,0.06641,0.06814,10252021.641112,689525.66134832676,
2026-05-30,0.06816,0.06869,0.0676,0.06793,5400325.078727,368146.29132540954,
2026-05-31,0.06795,0.06836,0.06692,0.06743,6540346.866791,443410.31000034069,
2026-06-01,0.06746,0.06767,0.06502,0.06562,9267366.101324,611231.86719743607,
2026-06-02,0.06564,0.06566,0.06188,0.06245,17813010.921613,1133242.34017410393,
2026-06-03,0.06243,0.06395,0.06139,0.06175,10469251.218002,658067.55092238752,
2026-06-04,0.06177,0.06213,0.05937,0.06105,17995539.714004,1088778.74232303339,
2026-06-05,0.06106,0.06109,0.05615,0.05771,19041516.478222,1114362.25324085349,
2026-06-06,0.05767,0.05876,0.05529,0.05839,8574923.003527,491589.34568523602,
2026-06-07,0.05835,0.0616,0.05828,0.06067,4935466.122518,296196.62700530677,
2026-06-08,0.06071,0.06283,0.06002,0.06216,8308083.772802,513270.83552894242,
2026-06-09,0.06214,0.06216,0.0593,0.0597,5593029.593782,339499.89461615797,
2026-06-10,0.05972,0.0604,0.05871,0.05938,7217031.707591,430588.27375535359,
2026-06-11,0.05937,0.06093,0.05932,0.06075,4607702.099239,277169.21904510242,
2026-06-12,0.06074,0.06091,0.05917,0.05939,4104482.838273,245430.47096842928,
2026-06-13,0.05937,0.06055,0.0591,0.06019,4284381.777794,256198.03337922992,
2026-06-14,0.06017,0.06251,0.06015,0.06245,5332450.568079,327062.04778609493,
2026-06-15,0.06245,0.06338,0.06139,0.0626,5494363.789615,343108.01261593152,
2026-06-16,0.06262,0.06291,0.05995,0.06029,8860460.90101,544445.67183548845,
2026-06-17,0.06028,0.06037,0.05892,0.0592,6981190.214521,416688.15259413431,
2026-06-18,0.05921,0.05982,0.0572,0.05895,9703253.388526,570054.03802435979,
2026-06-19,0.05892,0.0591,0.05772,0.05868,4112760.916545,239555.86198147885,
2026-06-20,0.05859,0.05903,0.05801,0.05895,2593021.028219,152037.3451323362,
2026-06-21,0.05896,0.05931,0.0584,0.05852,1808788.114045,106574.97748091677,
2026-06-22,0.05854,0.06007,0.05823,0.05835,5266771.64914,311579.24802242708,
2026-06-23,0.05835,0.05837,0.05572,0.05662,6793880.102258,387213.25569045007,
2026-06-24,0.05659,0.05708,0.05442,0.05669,11332549.261217,633071.64739861509,
2026-06-25,0.0567,0.05721,0.05323,0.05477,8604993.282795,475762.98287978943,
2026-06-26,0.05477,0.05567,0.05361,0.0549,7013526.818664,383898.74808979788,
2026-06-27,0.05494,0.05571,0.0545,0.0547,2307396.756791,127054.21568080377,
2026-06-28,0.05471,0.05481,0.05371,0.05425,3241398.308194,176013.35774714912,
2026-06-29,0.05419,0.05492,0.05352,0.05466,5068115.132134,274681.56847277842,
2026-06-30,0.05466,0.0547,0.0531,0.05384,5750464.408057,309261.41849031008,
2026-07-01,0.05386,0.0564,0.05326,0.05584,8508931.646583,464585.03273732772,
2026-07-02,0.05586,0.05707,0.05512,0.05631,6876133.715487,385882.3023430381,
2026-07-03,0.05631,0.06266,0.05605,0.06076,12701338.518352,754224.27341558047,
2026-07-04,0.06077,0.06168,0.0596,0.06068,8779955.202826,532854.90282489017,
2026-07-05,0.06067,0.06085,0.05896,0.06044,3677215.615415,220758.73828565849,
2026-07-06,0.06044,0.06045,0.05804,0.05914,4652850.467051,276277.53655268164,
2026-07-07,0.05916,0.05929,0.05701,0.05704,5182912.694259,300051.27056780072,
2026-07-08,0.05709,0.05718,0.05625,0.05652,3825092.367989,216614.51788482189,
2026-07-09,0.0566,0.05699,0.05596,0.05629,2961737.422276,166829.71475278633,
2026-07-10,0.05626,0.05725,0.05558,0.05577,4358547.765538,246518.26242601273,
2026-07-11,0.05576,0.05682,0.05549,0.05588,4013116.467215,225402.12960876412,
2026-07-12,0.05581,0.05605,0.05542,0.05596,2641006.566001,147195.6218802839,
2026-07-13,0.05599,0.05641,0.05422,0.05468,6047333.889019,332956.75139978134,
2026-07-14,0.05468,0.05593,0.05399,0.05586,5471106.807269,300226.40734263766,
2026-07-15,0.05587,0.05619,0.05539,0.05574,3077193.823954,171619.61175092265,
2026-07-16,0.05574,0.06832,0.05559,0.06111,66651662.392551,4038224.68286553537,
2026-07-17,0.06112,0.06195,0.05641,0.0614,37117254.299056,2200576.48007805242,
2026-07-18,0.06139,0.06507,0.05869,0.0595,33577147.993055,2060197.89756586585,
2026-07-19,0.05948,0.06032,0.05817,0.05841,5031543.815339,297942.82091665306,
2026-07-20,0.05841,0.05886,0.05709,0.05734,5054952.914266,291956.63300836274,
2026-07-21,0.05738,0.05911,0.05731,0.05861,4248993.625244,247471.64547420744,
2026-07-22,0.05861,0.05892,0.05756,0.05783,2734015.819635,158905.94723031442,
2026-07-23,0.05782,0.0591,0.05667,0.05712,6601559.757291,381401.24202091548,
2026-07-24,0.05712,0.05813,0.05626,0.05684,6893458.547322,393379.45320707452,
2026-07-25,0.05679,0.05727,0.05641,0.05655,3956848.280497,224419.24548532728,
2026-07-26,0.05655,0.05724,0.05639,0.05708,2133063.260128,121084.37015923838,
2026-07-27,0.05715,0.05789,0.05553,0.05562,7400082.024633,419791.07707853478,
2026-07-28,0.05563,0.05611,0.05471,0.05557,7406888.434208,410744.75161689734,
2026-07-29,0.05559,0.05585,0.05441,0.0547,5061632.64003,278553.86470371242,
2026-07-30,0.05468,0.05546,0.05422,0.05526,4315281.174093,237329.71609645329,
2026-07-31,0.05527,0.05559,0.05418,0.05435,3811884.675296,208480.34970018039,
2026-08-01,0.05436,0.0551,0.05402,0.05424,3076445.944849,167984.69022579927,
2026-08-02,0.05425,0.05512,0.05404,0.05487,2881939.119165,157011.29370064321,
2026-08-03,0.05489,0.0553,0.05402,0.05526,3031122.030703,165511.72903180135,
2026-08-04,0.05526,0.05565,0.05418,0.05454,8106614.595023,442834.68111286175,
2026-08-05,0.0545,0.05455,0.05396,0.05403,6199840.004852,336049.87363632553,
2026-08-06,0.05403,0.05418,0.05292,0.05342,8947426.830296,479550.58944944668,
2026-08-07,0.0534,0.05362,0.04976,0.05041,37337728.82718,1917408.66752084995,
2026-08-08,0.05041,0.0523,0.04598,0.04901,76490057.18069,3707651.43266740561,
2026-08-09,0.04907,0.05012,0.0477,0.04796,23727949.084125,1160568.71805629379,
2026-08-10,0.04795,0.04827,0.04669,0.0471,18249084.18005,865972.18359198197,
2026-08-11,0.04706,0.04793,0.04606,0.04696,15942121.611057,749158.85285384421,
2026-08-12,0.04689,0.04719,0.04645,0.04677,11702672.652383,548872.83013804943,
2026-08-13,0.04678,0.04723,0.04657,0.04704,7614067.560415,356902.48292421141,
2026-08-14,0.04705,0.04993,0.04699,0.04843,39563809.179261,1929403.26293899397,
2026-08-15,0.04839,0.04897,0.04757,0.04773,7015324.727923,338910.64985966548,
2026-08-16,0.04775,0.04788,0.04709,0.04726,4690185.931663,223095.09544116969,
2026-08-17,0.04732,0.04779,0.04701,0.04706,3993199.174063,189406.72067535641,
2026-08-18,0.04705,0.04712,0.04555,0.04626,10454183.411227,483194.81082855115,
2026-08-19,0.04624,0.04939,0.04578,0.04881,11766207.839698,560780.47945275531,
2026-08-20,0.04881,0.05518,0.04881,0.05342,37742396.204338,1988832.15442682956,
2026-08-21,0.05343,0.058,0.05309,0.05792,30971962.829851,1743032.22699388324,
2026-08-22,0.05791,0.06966,0.05634,0.0574,61610875.184286,3858414.86293937203,
2026-08-23,0.05733,0.06036,0.05517,0.05975,15999130.73734,926985.85797649181,
2026-08-24,0.05976,0.06267,0.05806,0.06007,32162282.41276,1956763.8843416093,
2026-08-25,0.06017,0.06225,0.05768,0.0585,17279142.612663,1044316.10844786144,
2026-08-26,0.05856,0.05961,0.05698,0.05947,10945033.602137,641327.90518132817,
2026-08-27,0.05946,0.06212,0.05896,0.06089,12245082.112798,745870.54580975056,
2026-08-28,0.06088,0.06166,0.05613,0.05748,13745215.532265,802213.44227175879,
2026-08-29,0.05746,0.05811,0.05651,0.05777,6213798.477035,356478.59398707162,
2026-08-30,0.05775,0.06353,0.05628,0.05711,45553246.544105,2741331.49894579384,
2026-08-31,0.05711,0.05771,0.055,0.05672,11197799.221982,629527.85945508696,
2026-09-01,0.05674,0.05745,0.05438,0.05489,9258849.031064,517306.65075621085,
2026-09-02,0.05492,0.05579,0.05338,0.0544,9171625.365843,498621.76013296338,
2026-09-03,0.05442,0.0587,0.05396,0.05771,14661088.248243,827156.8324888305,
2026-09-04,0.0577,0.05839,0.05564,0.05588,11148151.645244,636555.51887804175,
2026-09-05,0.05586,0.05729,0.05562,0.05666,5470057.646529,308810.1564473951,
2026-09-06,0.05673,0.05783,0.05643,0.05778,7761808.874089,444587.06498371043,
2026-09-07,0.05772,0.05818,0.05646,0.05705,9708251.629057,557328.98930307449,
2026-09-08,0.05703,0.06564,0.05668,0.0589,52887752.623016,3209373.84278503159,
2026-09-09,0.059,0.06405,0.05816,0.05902,48444911.382512,2959425.08013733025,
2026-09-10,0.05906,0.05918,0.0558,0.05588,13460058.429359,767245.57410017384,
2026-09-11,0.05593,0.05843,0.05577,0.05646,10209514.594502,578645.53865183747,
2026-09-12,0.05645,0.06051,0.05621,0.06045,13448474.164944,789156.39251060606,
2026-09-13,0.06044,0.06083,0.05702,0.05717,11708704.902488,689788.89376031415,
2026-09-14,0.05715,0.06026,0.05712,0.05902,14196738.416975,837413.05749817858,
2026-09-15,0.05908,0.0592,0.05466,0.05546,21295265.514738,1213820.99365988706,
2026-09-16,0.05532,0.05697,0.05466,0.0563,12482043.394058,692923.84507190277,
2026-09-17,0.05632,0.05951,0.05626,0.05808,17291780.266621,1003334.48049343943,
2026-09-18,0.05802,0.06024,0.05768,0.05997,21305229.927916,1263100.9193321766,
2026-09-19,0.05998,0.06056,0.05843,0.05963,11448745.012571,682588.38143058598,
2026-09-20,0.05963,0.06012,0.05752,0.05963,12926591.302676,759605.39887737318,
2026-09-21,0.05961,0.06672,0.05956,0.06608,37143533.798326,2356469.86086822444,
2026-09-22,0.06612,0.06895,0.06454,0.06675,43516860.692923,2896279.34886991058,
2026-09-23,0.0668,0.06912,0.06035,0.06138,26891781.071856,1714643.12221316711,
2026-09-24,0.06131,0.06358,0.06016,0.06284,30470603.747332,1894813.92555945073,
2026-09-25,0.06282,0.06693,0.06272,0.06668,35400003.089001,2311084.41780099362,
2026-09-26,0.06666,0.06848,0.06468,0.06815,21184336.068799,1405337.21201349499,
2026-09-27,0.06807,0.06946,0.06558,0.06689,27325041.987491,1843962.80096940992,
2026-09-28,0.06687,0.07039,0.06331,0.0697,57531860.051737,3870026.96251771079,
2026-09-29,0.06964,0.073,0.06647,0.06807,43076996.350698,2989128.3092109583,
2026-09-30,0.06816,0.06918,0.0661,0.06691,38939536.465498,2627167.99100879208,
2026-10-01,0.06691,0.07105,0.06681,0.06869,29590539.535469,2038776.60225408407,
2026-10-02,0.06867,0.07011,0.06481,0.06686,35925565.13791,2436299.29503597499,
2026-10-03,0.06685,0.0669,0.06539,0.06653,8508491.833503,561729.93923229223,
2026-10-04,0.06651,0.06914,0.06591,0.06898,18441746.715252,1255911.34017405662,
2026-10-05,0.06895,0.07,0.0675,0.06914,16131299.007817,1111382.21662665961,
