date,open,high,low,close,volume,quote_volume,trades
2021-04-17,378.31000000,411.60000000,352.00000000,356.64000000,386770.41474000,147270127.47833510,260556
2021-04-18,356.57000000,360.77000000,255.00000000,317.23000000,563736.07724000,171320891.19535170,301230
2021-04-19,317.22000000,326.70000000,277.83000000,294.09000000,325823.79034000,98629219.76204590,172844
2021-04-20,294.03000000,329.99000000,276.09000000,317.15000000,366215.96953000,112689805.12069290,198835
2021-04-21,317.30000000,328.48000000,293.00000000,294.62000000,256430.38292000,80320722.02666280,143667
2021-04-22,294.81000000,314.00000000,272.62000000,275.97000000,273983.81043000,81156708.93247390,154431
2021-04-23,275.77000000,282.30000000,232.00000000,262.52000000,388726.91482000,98836098.18460500,190648
2021-04-24,262.54000000,263.13000000,238.59000000,246.17000000,164115.40185000,40982425.38062990,89104
2021-04-25,246.05000000,269.39000000,233.58000000,247.06000000,205389.21052000,52392761.29194490,106675
2021-04-26,246.94000000,280.99000000,243.96000000,278.62000000,193254.19302000,51978793.46063950,115879
2021-04-27,278.57000000,293.11000000,274.40000000,292.80000000,178348.92280000,50831781.31690020,107423
2021-04-28,292.82000000,298.88000000,275.48000000,288.78000000,179199.85782000,51331166.11308270,105555
2021-04-29,288.74000000,289.98000000,273.69000000,286.63000000,143023.73586000,40337005.21998980,85042
2021-04-30,286.54000000,330.48000000,282.25000000,319.62000000,242711.74644000,75315055.53029440,160396
2021-05-01,319.70000000,328.78000000,307.56000000,321.98000000,143178.51406000,45530848.94889880,96362
2021-05-02,321.95000000,324.23000000,302.68000000,315.17000000,118386.13577000,37087078.02897240,79323
2021-05-03,315.23000000,350.00000000,314.52000000,342.75000000,259673.26926000,86116643.80731450,164581
2021-05-04,342.76000000,384.00000000,315.61000000,360.62000000,565658.49458000,199884103.05574300,340482
2021-05-05,360.85000000,420.00000000,357.92000000,396.74000000,548046.67742000,217624239.32659290,322000
2021-05-06,396.43000000,454.00000000,371.80000000,443.11000000,576297.62209000,237769025.94826230,359452
2021-05-07,442.87000000,478.00000000,391.00000000,404.11000000,505079.99877000,220938616.50730220,318147
2021-05-08,404.48000000,428.28000000,392.66000000,408.83000000,242237.36565000,99385673.38789170,148651
2021-05-09,409.26000000,410.09000000,372.00000000,406.96000000,254577.57373000,99961352.40078180,163276
2021-05-10,407.08000000,433.33000000,354.78000000,371.63000000,317816.20830000,127572568.31651230,217143
2021-05-11,371.39000000,434.43000000,360.49000000,426.74000000,299251.91158000,118083473.30077280,208546
2021-05-12,426.74000000,439.17000000,351.00000000,359.00000000,398862.92793000,162173372.93318940,257409
2021-05-13,358.56000000,384.50000000,336.92000000,357.29000000,352494.61062000,126830713.09630960,209489
2021-05-14,357.50000000,386.01000000,354.41000000,371.01000000,153905.32784000,57070934.82205160,117313
2021-05-15,371.01000000,374.78000000,333.69000000,336.28000000,199185.18445000,70311917.64847130,129946
2021-05-16,336.15000000,367.23000000,311.67000000,331.60000000,217015.60658000,73844555.24022570,140946
2021-05-17,331.44000000,331.85000000,281.35000000,294.45000000,370066.67888000,113277874.54885130,204638
2021-05-18,294.72000000,318.31000000,290.22000000,304.52000000,216644.02788000,66456440.45868130,125895
2021-05-19,304.64000000,310.40000000,140.73000000,189.04000000,744158.20324000,171010501.91642980,348065
2021-05-20,189.73000000,238.13000000,165.63000000,226.94000000,471119.01152000,98639907.03431410,202031
2021-05-21,226.97000000,235.57000000,165.19000000,188.34000000,384233.69396000,76656894.91941200,167829
2021-05-22,188.31000000,194.28000000,169.37000000,178.31000000,296652.85765000,53942573.00743490,124067
2021-05-23,178.14000000,184.02000000,122.51000000,149.93000000,517506.94062000,76820979.38071320,195083
2021-05-24,150.01000000,201.48000000,146.30000000,201.48000000,373905.92432000,64474998.03146680,152633
2021-05-25,201.48000000,216.06000000,176.14000000,195.00000000,381481.93012000,73596099.26893640,158635
2021-05-26,195.17000000,221.51000000,191.39000000,214.10000000,292941.41175000,61073802.53309780,133990
2021-05-27,214.09000000,215.18000000,191.47000000,205.10000000,211320.49341000,43214387.39888840,102891
2021-05-28,205.13000000,206.45000000,170.75000000,183.22000000,331623.12096000,61630659.52851380,148758
2021-05-29,183.25000000,210.34000000,170.63000000,176.53000000,381318.37904000,73952264.69613310,199041
2021-05-30,176.93000000,190.66000000,165.42000000,181.80000000,210084.63012000,38034687.80264760,104989
2021-05-31,181.88000000,198.62000000,172.92000000,197.42000000,186504.39322000,34533426.67045040,126829
2021-06-01,197.60000000,201.65000000,184.41000000,191.50000000,158953.71350000,30396849.76364030,114710
2021-06-02,191.49000000,209.42000000,186.83000000,202.42000000,189730.10124000,37918893.80324760,124429
2021-06-03,202.39000000,218.95000000,198.36000000,210.25000000,186665.09481000,38804284.49687670,111805
2021-06-04,210.33000000,210.33000000,180.38000000,191.25000000,196528.06678000,37544878.61784750,111500
2021-06-05,191.25000000,198.49000000,179.12000000,185.23000000,140283.97567000,26543652.32527020,72765
2021-06-06,185.17000000,193.19000000,182.02000000,185.45000000,109538.64745000,20569574.82928440,54937
2021-06-07,185.44000000,193.45000000,169.82000000,172.58000000,130603.83399000,24110231.86496960,63161
2021-06-08,172.55000000,174.97000000,152.77000000,166.22000000,194234.72999000,31982174.00673170,85767
2021-06-09,166.17000000,177.74000000,158.05000000,176.76000000,175698.25332000,29797742.69775280,75284
2021-06-10,176.84000000,179.77000000,164.56000000,170.04000000,125009.55389000,21583158.64112560,60787
2021-06-11,170.21000000,174.00000000,163.32000000,165.71000000,115459.42495000,19587708.63878220,55352
2021-06-12,165.69000000,165.77000000,154.28000000,163.50000000,112966.47461000,18119473.53097900,54464
2021-06-13,163.60000000,172.89000000,157.09000000,172.55000000,112692.45739000,18495575.17072970,52833
2021-06-14,172.53000000,178.00000000,167.61000000,177.91000000,124747.64164000,21501633.56796990,62733
2021-06-15,177.92000000,179.00000000,169.61000000,171.94000000,97218.48363000,16948058.68906110,53231
2021-06-16,171.93000000,174.82000000,163.29000000,164.50000000,117473.98476000,19810687.03244290,61311
2021-06-17,164.50000000,173.93000000,160.48000000,163.93000000,112292.24552000,18880419.60109620,58913
2021-06-18,164.04000000,164.95000000,150.75000000,155.32000000,101371.47400000,16007514.33093030,60403
2021-06-19,155.36000000,160.83000000,150.94000000,150.94000000,90592.34162000,14124053.25430160,46627
2021-06-20,150.94000000,155.51000000,141.40000000,153.28000000,122839.70904000,18279121.60983230,61070
2021-06-21,153.34000000,154.14000000,122.78000000,123.09000000,237050.63994000,32027746.55565500,96918
2021-06-22,123.06000000,131.42000000,101.70000000,119.37000000,370156.09445000,43131790.73641860,133989
2021-06-23,119.52000000,131.58000000,113.96000000,127.43000000,178224.82228000,22418387.57892560,68909
2021-06-24,127.42000000,134.69000000,120.38000000,131.43000000,138407.38931000,17711057.72298860,53137
2021-06-25,131.46000000,134.61000000,119.04000000,119.77000000,199032.48581000,24911757.20417920,69795
2021-06-26,119.83000000,126.35000000,115.19000000,124.32000000,175541.87771000,21106198.50201080,64685
2021-06-27,124.37000000,127.76000000,118.26000000,127.22000000,144112.75131000,17671133.53562970,54805
2021-06-28,127.22000000,134.17000000,124.69000000,132.23000000,129781.67728000,16734330.43413270,54216
2021-06-29,132.25000000,148.18000000,130.47000000,140.85000000,169862.10546000,23792306.16194720,77954
2021-06-30,140.73000000,146.64000000,134.22000000,145.62000000,159439.57006000,22310899.61478640,67677
2021-07-01,145.67000000,145.67000000,133.07000000,138.16000000,109112.96432000,14968666.91798800,55939
2021-07-02,138.14000000,140.57000000,129.55000000,135.35000000,83307.98601000,11073275.05710210,38663
2021-07-03,135.35000000,140.22000000,132.27000000,138.81000000,64702.94846000,8892166.33029660,32504
2021-07-04,138.77000000,143.45000000,133.72000000,140.22000000,74782.55312000,10403104.87383330,41106
2021-07-05,140.24000000,140.24000000,129.19000000,132.52000000,95566.28771000,12808111.58451970,45400
2021-07-06,132.57000000,138.66000000,131.83000000,134.94000000,91668.79865000,12350343.37812850,39667
2021-07-07,134.90000000,139.29000000,133.51000000,135.15000000,83907.63769000,11501447.20392920,36062
2021-07-08,135.10000000,135.11000000,123.48000000,126.48000000,101184.64615000,13039727.93898620,41496
2021-07-09,126.51000000,130.39000000,121.06000000,128.41000000,79930.86561000,10126201.02607480,32552
2021-07-10,128.42000000,131.12000000,125.17000000,128.42000000,79490.05999000,10102127.37906760,31422
2021-07-11,128.46000000,130.91000000,125.21000000,128.44000000,70646.47101000,9023445.38081470,29674
2021-07-12,128.45000000,135.09000000,125.05000000,126.62000000,127413.59711000,16620802.35994980,48506
2021-07-13,126.62000000,127.81000000,121.77000000,123.93000000,76014.11774000,9471455.29411970,30097
2021-07-14,123.94000000,124.83000000,115.46000000,123.25000000,93598.06718000,11273959.41957820,37964
2021-07-15,123.19000000,125.08000000,116.38000000,122.87000000,91016.39947000,10932469.71869410,33797
2021-07-16,122.90000000,124.23000000,114.39000000,114.77000000,101437.50375000,12061412.03943910,38540
2021-07-17,114.76000000,118.96000000,113.32000000,116.08000000,75066.86410000,8730894.04753070,29494
2021-07-18,116.09000000,122.00000000,114.79000000,115.78000000,70758.56981000,8373485.03443970,28831
2021-07-19,115.75000000,188.00000000,109.52000000,137.98000000,1060666.99169000,145196459.31221710,331434
2021-07-20,138.04000000,147.46000000,115.15000000,125.26000000,832482.21052000,105502778.76476500,270754
2021-07-21,125.22000000,151.60000000,124.18000000,139.02000000,476958.67148000,66079155.29545390,188379
2021-07-22,139.04000000,146.59000000,135.24000000,142.20000000,250180.96569000,35450387.82159710,98803
2021-07-23,142.25000000,145.74000000,135.37000000,142.76000000,157199.32691000,22059102.90846880,65844
2021-07-24,142.79000000,149.00000000,138.07000000,140.89000000,192698.21199000,27759091.71960740,80694
2021-07-25,140.87000000,142.99000000,136.55000000,139.60000000,123894.32943000,17252458.45360780,51918
2021-07-26,139.62000000,157.00000000,138.78000000,142.17000000,259813.22833000,38930412.43271940,132268
2021-07-27,142.11000000,147.68000000,137.40000000,146.04000000,145906.11031000,20767438.59275090,64971
2021-07-28,146.02000000,156.77000000,142.85000000,152.63000000,204053.96718000,30934019.32095980,89810
2021-07-29,152.63000000,165.00000000,147.86000000,164.24000000,158518.09308000,24598369.99187280,79400
2021-07-30,164.29000000,167.33000000,153.50000000,165.36000000,152491.28267000,24419986.28945050,82190
2021-07-31,165.47000000,168.16000000,159.62000000,163.77000000,82044.44651000,13421359.30775330,49980
2021-08-01,163.72000000,173.95000000,157.74000000,160.19000000,117267.80122000,19589401.00936140,74757
2021-08-02,160.16000000,164.36000000,156.04000000,161.75000000,87619.05408000,14063061.53282120,47023
2021-08-03,161.66000000,163.97000000,153.28000000,156.41000000,83938.48217000,13155299.85732300,45725
2021-08-04,156.46000000,164.50000000,151.08000000,161.58000000,107508.83578000,16916917.31220280,54936
2021-08-05,161.59000000,165.22000000,154.88000000,164.41000000,113527.61187000,18262336.89543160,66212
2021-08-06,164.43000000,168.28000000,160.11000000,167.19000000,104216.57695000,17125934.41100750,64100
2021-08-07,167.28000000,173.54000000,164.06000000,170.34000000,182662.51421000,30755286.89180140,96523
2021-08-08,170.34000000,172.35000000,159.45000000,161.62000000,118453.46103000,19699029.94752160,65794
2021-08-09,161.65000000,181.18000000,156.70000000,179.06000000,181924.74985000,30866636.35158700,106718
2021-08-10,179.08000000,180.18000000,169.17000000,175.82000000,130499.26123000,22852255.02314120,75764
2021-08-11,175.80000000,188.00000000,175.63000000,181.49000000,145460.50002000,26514955.40635950,97323
2021-08-12,181.35000000,190.62000000,170.30000000,180.20000000,142525.83774000,25606449.94707280,81852
2021-08-13,180.22000000,204.74000000,177.76000000,204.60000000,136171.16821000,25760282.91970820,99858
2021-08-14,204.67000000,205.00000000,190.39000000,199.02000000,163089.42286000,32120953.95660680,100055
2021-08-15,199.01000000,217.45000000,191.07000000,215.87000000,150911.23374000,30712725.75704510,117738
2021-08-16,215.78000000,216.78000000,198.95000000,200.98000000,142422.80328000,29727340.89127010,99857
2021-08-17,201.24000000,211.59000000,185.73000000,194.76000000,218049.64872000,43493576.23398780,130272
2021-08-18,194.81000000,213.77000000,186.00000000,209.79000000,215812.85590000,43635573.37897030,145294
2021-08-19,209.83000000,221.22000000,199.00000000,220.09000000,178478.35557000,37124228.89893840,133791
2021-08-20,220.17000000,235.69000000,218.31000000,232.73000000,184318.98459000,42144105.32465650,157571
2021-08-21,232.69000000,248.88000000,226.75000000,237.27000000,205263.37012000,48754324.51115720,177417
2021-08-22,237.30000000,257.00000000,230.00000000,255.26000000,190276.54182000,45863075.98266070,176118
2021-08-23,255.27000000,284.98000000,254.62000000,270.58000000,337422.94948000,92277114.48114340,307020
2021-08-24,270.43000000,274.02000000,243.45000000,248.16000000,167702.35378000,43667817.70188860,131412
2021-08-25,248.26000000,264.68000000,239.27000000,264.46000000,140378.65866000,35182121.07718790,116277
2021-08-26,264.44000000,265.00000000,230.30000000,232.10000000,145323.26559000,35358783.79984030,110335
2021-08-27,232.10000000,243.80000000,222.20000000,242.30000000,168992.68161000,39474356.49426150,107215
2021-08-28,242.30000000,243.10000000,234.40000000,236.40000000,76326.60300000,18145284.69710000,45019
2021-08-29,236.60000000,247.20000000,224.40000000,225.30000000,129194.95200000,30234499.57130000,89944
2021-08-30,225.20000000,232.30000000,214.90000000,216.60000000,134065.42047000,30006270.05252200,81019
2021-08-31,216.50000000,229.00000000,212.60000000,223.70000000,99317.61868000,22038847.72161970,76654
2021-09-01,223.60000000,240.50000000,216.10000000,238.90000000,124660.38400000,28832187.70230000,93284
2021-09-02,239.00000000,246.10000000,235.10000000,239.00000000,107430.87500000,25891267.53550000,86934
2021-09-03,239.10000000,251.40000000,233.00000000,247.50000000,115032.63300000,28097602.62440000,96808
2021-09-04,247.60000000,256.50000000,245.00000000,251.80000000,100638.13327000,25263442.08194750,81468
2021-09-05,251.80000000,268.90000000,248.20000000,264.40000000,130996.71982000,33984153.35845040,113619
2021-09-06,264.40000000,265.50000000,249.40000000,255.70000000,125391.44200000,32349845.07220000,91769
2021-09-07,255.70000000,256.50000000,185.00000000,207.30000000,345910.99702000,75819047.61621190,192915
2021-09-08,207.40000000,211.90000000,184.37000000,201.70000000,237059.19349000,47351916.02022120,109796
2021-09-09,201.90000000,208.00000000,194.60000000,202.50000000,165899.67300000,33593455.13240000,79832
2021-09-10,202.50000000,214.90000000,187.10000000,192.90000000,190445.65200000,38205768.88020000,96025
2021-09-11,193.00000000,203.90000000,191.60000000,194.10000000,107005.65000000,21194515.14320000,57900
2021-09-12,194.10000000,206.40000000,189.10000000,203.50000000,98020.59100000,19574635.98210000,62610
2021-09-13,203.60000000,215.00000000,186.50000000,196.60000000,179592.68700000,35222616.62180000,116148
2021-09-14,196.60000000,206.00000000,194.70000000,205.70000000,91314.53300000,18273491.11330000,53451
2021-09-15,205.70000000,209.80000000,202.40000000,209.00000000,86184.38000000,17757738.54050000,56296
2021-09-16,209.10000000,219.70000000,202.50000000,208.30000000,154659.05600000,32832693.72560000,92374
2021-09-17,208.30000000,209.40000000,194.90000000,199.30000000,85120.97900000,17165931.35830000,49434
2021-09-18,199.30000000,205.60000000,195.30000000,199.40000000,69942.16300000,14120250.71650000,38062
2021-09-19,199.40000000,201.20000000,190.30000000,192.90000000,70902.20000000,13926443.13910000,39878
2021-09-20,193.00000000,193.40000000,167.80000000,170.10000000,200021.30698000,35597660.21311960,102077
2021-09-21,170.10000000,177.00000000,154.90000000,157.40000000,182848.47699000,30653924.60022800,93952
2021-09-22,157.30000000,176.20000000,154.10000000,175.50000000,98879.48800000,16495058.57522800,50659
2021-09-23,175.50000000,185.10000000,171.60000000,184.70000000,158759.49000000,28394285.43500000,76812
2021-09-24,184.60000000,185.30000000,156.30000000,165.50000000,218293.76100000,36854781.78820000,87664
2021-09-25,165.50000000,171.90000000,159.10000000,164.40000000,118601.29200000,19615256.82210000,53609
2021-09-26,164.40000000,165.20000000,150.60000000,162.00000000,135192.13353000,21529844.18921420,56636
2021-09-27,162.00000000,167.40000000,153.50000000,153.70000000,114075.62000000,18336246.00430000,46723
2021-09-28,153.70000000,158.60000000,146.30000000,147.30000000,132424.67796000,20187934.68036650,51464
2021-09-29,147.20000000,160.80000000,146.50000000,152.60000000,124930.57800000,19333935.74660000,55180
2021-09-30,152.60000000,170.00000000,151.80000000,166.00000000,111862.02200000,18001804.70110000,55331
2021-10-01,166.20000000,177.00000000,163.30000000,176.80000000,145656.17900000,24993640.21980000,75134
2021-10-02,176.70000000,182.90000000,171.70000000,177.80000000,96890.71600000,17168936.73250000,55136
2021-10-03,177.60000000,182.20000000,173.60000000,178.20000000,119075.07000000,21093017.38280000,57110
2021-10-04,178.30000000,180.30000000,167.90000000,174.20000000,122603.89700000,21268124.92460000,62915
2021-10-05,174.30000000,184.90000000,171.70000000,182.50000000,112515.45000000,19937812.47990000,66445
2021-10-06,182.60000000,190.70000000,170.60000000,185.10000000,198804.05400000,36150184.06120000,109629
2021-10-07,185.20000000,198.30000000,179.90000000,189.20000000,201750.50400000,38287093.80360000,112707
2021-10-08,189.20000000,198.80000000,186.20000000,189.50000000,119565.71700000,22976405.29160000,77032
2021-10-09,189.60000000,194.60000000,186.50000000,193.70000000,89195.13200000,17100801.55430000,50161
2021-10-10,193.70000000,195.70000000,181.40000000,182.30000000,83080.99800000,15779338.95870000,53318
2021-10-11,182.10000000,191.10000000,178.20000000,183.00000000,98373.54900000,18198291.34410000,53628
2021-10-12,182.90000000,182.90000000,170.30000000,180.70000000,128864.97600000,22706124.43830000,65460
2021-10-13,180.80000000,183.80000000,173.00000000,183.30000000,144862.42800000,25840108.73730000,68365
2021-10-14,183.40000000,189.70000000,182.30000000,186.70000000,89177.59800000,16570200.64940000,58693
2021-10-15,186.80000000,194.90000000,181.70000000,194.00000000,126992.67100000,23929584.57630000,83496
2021-10-16,194.10000000,198.40000000,189.40000000,190.40000000,103527.25500000,20074005.48700000,73465
2021-10-17,190.40000000,192.80000000,178.70000000,186.10000000,80517.83900000,15090044.13570000,50538
2021-10-18,186.10000000,190.60000000,180.40000000,186.80000000,91057.04600000,16900174.75390000,55511
2021-10-19,186.70000000,195.10000000,186.10000000,194.10000000,111610.47500000,21310865.96560000,73676
2021-10-20,194.00000000,205.90000000,189.40000000,201.70000000,134674.85100000,26713203.18220000,103914
2021-10-21,201.60000000,208.20000000,192.80000000,196.70000000,156104.60300000,31363331.80200000,110948
2021-10-22,196.60000000,203.30000000,192.40000000,195.30000000,98324.09100000,19522185.73920000,64716
2021-10-23,195.30000000,198.80000000,191.40000000,197.70000000,69900.69400000,13699534.78740000,43244
2021-10-24,197.80000000,214.10000000,196.90000000,202.70000000,284207.31500000,59182939.16760000,193354
2021-10-25,202.60000000,209.70000000,201.30000000,208.50000000,114373.67700000,23608254.63890000,81504
2021-10-26,208.60000000,208.70000000,195.00000000,198.50000000,100522.66200000,20343903.50110000,77142
2021-10-27,198.60000000,202.00000000,170.10000000,175.40000000,216841.23800000,39727097.05840000,146486
2021-10-28,175.40000000,186.50000000,173.00000000,183.50000000,140119.36600000,25355381.94800000,99471
2021-10-29,183.60000000,189.20000000,181.70000000,187.70000000,97228.52700000,18064838.68160000,70766
2021-10-30,187.70000000,189.40000000,176.80000000,183.70000000,115328.35600000,21264565.06740000,76851
2021-10-31,183.70000000,199.60000000,183.40000000,192.70000000,178819.99100000,34266169.46310000,183521
2021-11-01,192.70000000,194.70000000,183.50000000,189.10000000,102977.47000000,19574234.46810000,94277
2021-11-02,189.10000000,202.80000000,187.50000000,200.10000000,119924.50800000,23401381.27450000,133561
2021-11-03,200.10000000,205.50000000,193.00000000,201.90000000,164545.99100000,32939305.60800000,191135
2021-11-04,201.90000000,204.50000000,193.70000000,198.70000000,113462.57200000,22582699.18570000,123061
2021-11-05,198.70000000,199.80000000,191.50000000,194.40000000,71073.90600000,13885815.81710000,62651
2021-11-06,194.30000000,197.90000000,185.20000000,191.10000000,80479.30000000,15387291.71660000,78640
2021-11-07,191.10000000,193.90000000,189.60000000,193.90000000,48314.02700000,9260487.14540000,38888
2021-11-08,193.80000000,213.20000000,193.30000000,211.90000000,194631.47400000,39680975.29270000,263219
2021-11-09,212.00000000,239.00000000,210.90000000,234.50000000,462387.14400000,105983964.36960000,716900
2021-11-10,234.50000000,247.80000000,208.00000000,217.00000000,354254.85700000,82036292.19900000,421931
2021-11-11,217.10000000,235.00000000,213.00000000,231.70000000,211886.90700000,47988557.83130000,203893
2021-11-12,231.70000000,236.20000000,212.20000000,221.30000000,169481.66100000,37872359.86350000,154369
2021-11-13,221.40000000,232.60000000,217.20000000,228.90000000,143445.26700000,32159892.85500000,119391
2021-11-14,228.90000000,232.00000000,220.00000000,229.00000000,91549.21400000,20670968.33790000,76255
2021-11-15,229.10000000,240.30000000,223.60000000,224.50000000,148586.25000000,34506878.35270000,178943
2021-11-16,224.40000000,224.50000000,188.60000000,198.50000000,271549.42700000,55512092.78350000,205507
2021-11-17,198.40000000,200.70000000,184.60000000,189.30000000,225305.92900000,42972113.22810000,152852
2021-11-18,189.40000000,191.00000000,169.70000000,175.70000000,236570.87900000,42733064.99700000,161472
2021-11-19,175.60000000,189.40000000,173.90000000,189.30000000,149341.50600000,27466201.30590000,103289
2021-11-20,189.30000000,198.10000000,186.00000000,193.70000000,145122.25200000,28013940.18690000,96435
2021-11-21,193.70000000,208.70000000,187.20000000,207.20000000,168082.07000000,33352354.09630000,140727
2021-11-22,207.30000000,209.00000000,188.50000000,198.00000000,246454.71000000,48244148.92640000,171665
2021-11-23,197.80000000,200.90000000,184.60000000,187.50000000,166510.12400000,31827903.75980000,116249
2021-11-24,187.50000000,205.00000000,184.30000000,204.20000000,354140.41500000,69610083.54850000,265202
2021-11-25,204.20000000,215.60000000,202.20000000,214.70000000,196362.60200000,40975000.55360000,186773
2021-11-26,214.80000000,215.50000000,178.40000000,183.60000000,225797.10600000,42930389.22050000,163953
2021-11-27,183.60000000,189.90000000,180.60000000,182.40000000,114192.13000000,21139639.31050000,71714
2021-11-28,182.40000000,183.10000000,164.00000000,178.60000000,211058.36400000,36822095.39500000,122824
2021-11-29,178.60000000,184.40000000,175.60000000,181.90000000,133714.16300000,24065672.60020000,89852
2021-11-30,181.90000000,186.30000000,174.40000000,180.00000000,156221.82100000,28272654.96940000,112260
2021-12-01,180.00000000,185.50000000,176.60000000,178.20000000,107979.42000000,19563221.86140000,68187
2021-12-02,178.20000000,178.30000000,172.30000000,176.00000000,85313.07700000,14972042.98460000,56186
2021-12-03,176.00000000,180.30000000,159.30000000,167.20000000,120298.78900000,20697526.89800000,85828
2021-12-04,167.10000000,167.70000000,110.20000000,142.60000000,404803.47577000,55524714.49145250,204964
2021-12-05,142.50000000,145.00000000,126.30000000,134.50000000,172310.00400000,23206760.55200000,92377
2021-12-06,134.50000000,140.00000000,122.00000000,137.40000000,200981.73600000,26059277.20960000,100043
2021-12-07,137.40000000,144.70000000,135.60000000,138.20000000,153328.70100000,21298411.90360000,81705
2021-12-08,138.10000000,148.80000000,135.00000000,147.60000000,184237.93300000,26289487.89520000,104334
2021-12-09,147.60000000,151.50000000,135.60000000,136.00000000,183261.61700000,26385066.44730000,121365
2021-12-10,136.10000000,141.60000000,131.30000000,133.00000000,113031.12900000,15461197.06520000,72546
2021-12-11,133.10000000,141.80000000,130.50000000,140.60000000,91463.83100000,12603846.60550000,57752
2021-12-12,140.60000000,140.90000000,133.90000000,138.20000000,63092.61700000,8682139.73190000,42246
2021-12-13,138.20000000,139.90000000,123.70000000,126.40000000,108871.65300000,14196160.45650000,80811
2021-12-14,126.30000000,134.30000000,124.60000000,131.60000000,125769.87700000,16232054.78540000,85136
2021-12-15,131.60000000,136.80000000,124.20000000,134.20000000,136467.91200000,17794241.60690000,87537
2021-12-16,134.20000000,136.00000000,129.80000000,130.30000000,84272.74300000,11264083.63180000,52294
2021-12-17,130.40000000,132.40000000,124.00000000,128.30000000,88089.57000000,11328247.15290000,60408
2021-12-18,128.40000000,132.40000000,126.30000000,129.60000000,59682.27900000,7764157.91290000,42419
2021-12-19,129.60000000,133.20000000,128.60000000,129.10000000,62858.60300000,8236581.78320000,43743
2021-12-20,129.00000000,130.10000000,122.50000000,127.20000000,103363.20300000,13017054.43460000,54629
2021-12-21,127.30000000,134.90000000,125.50000000,133.70000000,93739.59200000,12260945.99270000,48569
2021-12-22,133.70000000,142.90000000,131.20000000,135.10000000,117638.75000000,15993888.98090000,85102
2021-12-23,135.20000000,147.40000000,131.60000000,146.70000000,164425.91300000,22834204.06220000,128332
2021-12-24,146.70000000,157.80000000,144.80000000,149.40000000,252898.39800000,38358398.03420000,180702
2021-12-25,149.50000000,153.70000000,148.10000000,150.00000000,98831.28300000,14950997.02800000,52434
2021-12-26,150.00000000,151.10000000,145.00000000,149.10000000,74104.22400000,11027129.56840000,49221
2021-12-27,149.20000000,155.80000000,149.00000000,150.90000000,83240.03900000,12718129.89340000,61119
2021-12-28,150.90000000,151.10000000,134.60000000,134.80000000,169037.83300000,23777851.49350000,90799
2021-12-29,134.70000000,136.90000000,131.20000000,133.30000000,107339.48900000,14430805.79700000,62645
2021-12-30,133.30000000,135.80000000,129.40000000,133.10000000,101804.91600000,13533439.37620000,55013
2021-12-31,133.00000000,142.50000000,131.00000000,133.60000000,153278.07900000,20943673.87750000,81902
2022-01-01,133.70000000,139.40000000,133.60000000,138.10000000,61606.14600000,8406567.14750000,30282
2022-01-02,138.20000000,143.20000000,136.30000000,142.00000000,67394.14900000,9438738.42720000,41397
2022-01-03,142.00000000,142.90000000,136.20000000,139.10000000,84818.52800000,11876471.81290000,58492
2022-01-04,139.20000000,139.90000000,133.40000000,134.70000000,99843.80900000,13643331.95160000,56549
2022-01-05,134.70000000,137.00000000,117.00000000,122.60000000,160968.36200000,20746413.27590000,89774
2022-01-06,122.60000000,125.40000000,117.80000000,124.30000000,120702.40500000,14663315.28410000,64318
2022-01-07,124.30000000,135.00000000,115.40000000,134.50000000,361751.13500000,45887497.50720000,157889
2022-01-08,134.60000000,147.00000000,131.60000000,141.90000000,416745.31100000,57612868.57170000,206313
2022-01-09,141.90000000,157.80000000,140.50000000,153.10000000,279639.47100000,41021621.44190000,176991
2022-01-10,153.10000000,155.00000000,139.90000000,148.00000000,272950.83400000,40069673.10150000,169755
2022-01-11,147.90000000,156.20000000,141.00000000,141.70000000,158099.72000000,23499096.54520000,117127
2022-01-12,141.70000000,144.70000000,138.40000000,143.60000000,150986.49300000,21429671.45080000,87308
2022-01-13,143.60000000,144.80000000,137.20000000,141.40000000,131625.92000000,18614551.16720000,78845
2022-01-14,141.40000000,146.90000000,138.90000000,141.10000000,133836.46000000,19131492.55610000,86672
2022-01-15,141.10000000,142.50000000,138.60000000,141.50000000,59338.06400000,8350687.60060000,38241
2022-01-16,141.50000000,142.80000000,135.90000000,137.40000000,83609.51500000,11607440.59320000,46692
2022-01-17,137.40000000,138.30000000,132.70000000,135.80000000,99168.02900000,13439567.57060000,59997
2022-01-18,135.70000000,137.00000000,127.30000000,130.60000000,97442.57400000,12761842.82610000,53744
2022-01-19,130.50000000,132.10000000,126.10000000,126.70000000,111798.12400000,14444173.82260000,56603
2022-01-20,126.70000000,133.70000000,120.60000000,121.20000000,91246.43400000,11720092.62150000,56810
2022-01-21,121.10000000,122.30000000,102.50000000,105.70000000,214341.86341000,24362351.29355700,103127
2022-01-22,105.70000000,107.70000000,85.20000000,97.00000000,365756.03682000,35014884.95724190,126710
2022-01-23,97.00000000,100.90000000,93.00000000,99.60000000,173761.37000000,16889304.14190000,60458
2022-01-24,99.40000000,100.30000000,80.50000000,90.50000000,547786.86616000,47742072.80738830,131664
2022-01-25,90.50000000,92.50000000,87.90000000,89.40000000,146828.69800000,13226232.82950000,61659
2022-01-26,89.50000000,99.20000000,88.40000000,93.00000000,187678.00600000,17442588.54820000,73828
2022-01-27,93.00000000,94.20000000,87.20000000,91.70000000,140423.27900000,12771273.59890000,56308
2022-01-28,91.60000000,96.10000000,89.70000000,95.50000000,127422.85000000,11844336.80090000,47705
2022-01-29,95.40000000,97.90000000,93.30000000,96.50000000,103707.13100000,9930235.44600000,37901
2022-01-30,96.50000000,98.20000000,92.00000000,92.80000000,104928.76500000,9999512.96250000,38945
2022-01-31,92.70000000,95.00000000,88.20000000,94.10000000,122287.81600000,11156557.58800000,40819
2022-02-01,94.20000000,97.50000000,93.80000000,97.30000000,77923.47500000,7451956.00490000,33594
2022-02-02,97.20000000,99.50000000,92.00000000,92.90000000,90535.01800000,8702195.71880000,41429
2022-02-03,92.80000000,95.30000000,90.20000000,95.00000000,80355.88300000,7459725.62170000,31646
2022-02-04,95.10000000,103.20000000,94.30000000,102.90000000,116284.94300000,11514412.27510000,52532
2022-02-05,103.00000000,106.60000000,100.90000000,103.60000000,139028.52800000,14469426.42470000,56823
2022-02-06,103.50000000,109.00000000,102.40000000,108.60000000,97296.35100000,10292425.43190000,49872
2022-02-07,108.70000000,117.10000000,105.90000000,115.80000000,128663.99100000,14455707.23500000,76227
2022-02-08,115.80000000,119.50000000,109.40000000,112.80000000,147541.45500000,16750677.82400000,78733
2022-02-09,112.80000000,118.30000000,110.20000000,115.00000000,98487.70200000,11298037.01560000,49185
2022-02-10,115.00000000,117.50000000,109.70000000,111.60000000,122410.09700000,13931656.31550000,64130
2022-02-11,111.70000000,114.60000000,102.70000000,104.10000000,117781.24700000,12952091.66990000,56890
2022-02-12,104.10000000,106.70000000,100.00000000,104.10000000,95407.75800000,9846300.37550000,41134
2022-02-13,104.00000000,106.30000000,100.70000000,102.00000000,80731.71900000,8350265.08960000,31537
2022-02-14,102.00000000,104.80000000,98.60000000,103.80000000,75486.09500000,7678586.82760000,30706
2022-02-15,103.80000000,109.90000000,103.60000000,109.30000000,75059.92100000,8066143.08840000,31253
2022-02-16,109.30000000,116.20000000,106.10000000,115.40000000,124826.00200000,13785456.20050000,58859
2022-02-17,115.40000000,118.80000000,103.20000000,104.70000000,219187.05900000,24618917.75610000,85142
2022-02-18,104.70000000,110.60000000,103.50000000,105.30000000,138132.68900000,14760510.10800000,59732
2022-02-19,105.30000000,106.70000000,99.80000000,102.40000000,98616.19000000,10166965.65940000,39542
2022-02-20,102.50000000,102.60000000,95.00000000,98.10000000,110825.48700000,10829669.81720000,43567
2022-02-21,98.10000000,101.50000000,86.30000000,86.90000000,282580.40200000,26752810.29130000,79682
2022-02-22,87.00000000,94.00000000,84.30000000,93.60000000,134606.69600000,12006799.27900000,51950
2022-02-23,93.70000000,96.30000000,88.10000000,88.20000000,112163.01600000,10418325.43790000,38603
2022-02-24,88.20000000,91.10000000,77.00000000,87.80000000,274353.68917000,22661256.07040000,90643
2022-02-25,87.80000000,94.10000000,86.10000000,92.70000000,121218.90600000,10862110.33060000,46661
2022-02-26,92.70000000,96.20000000,91.60000000,93.70000000,81362.42700000,7613249.49140000,31504
2022-02-27,93.70000000,95.50000000,86.20000000,88.20000000,130049.20700000,11838752.88800000,45282
2022-02-28,88.20000000,100.60000000,86.60000000,100.50000000,124842.80400000,11574496.12420000,47686
2022-03-01,100.40000000,103.00000000,96.50000000,100.10000000,153427.24100000,15316257.50040000,54694
2022-03-02,100.00000000,103.70000000,96.70000000,100.80000000,134688.08300000,13446300.88780000,61023
2022-03-03,100.90000000,102.90000000,94.80000000,96.80000000,131814.91400000,13047003.10180000,52782
2022-03-04,96.70000000,97.10000000,87.80000000,89.50000000,122490.16000000,11421581.17740000,41776
2022-03-05,89.50000000,90.40000000,86.70000000,89.60000000,63796.97600000,5673332.54790000,26101
2022-03-06,89.60000000,90.70000000,84.90000000,85.60000000,79330.56900000,6929329.12700000,33571
2022-03-07,85.70000000,90.60000000,83.50000000,85.90000000,141534.61200000,12265191.27870000,48198
2022-03-08,85.80000000,97.50000000,85.40000000,96.40000000,193594.35400000,17510540.38900000,62395
2022-03-09,96.40000000,101.90000000,95.50000000,99.80000000,225448.92600000,22349385.75920000,78683
2022-03-10,99.70000000,105.50000000,92.90000000,104.60000000,367042.79100000,36710710.49700000,141139
2022-03-11,104.60000000,104.70000000,94.80000000,95.10000000,233785.12600000,23465623.96570000,73541
2022-03-12,95.00000000,101.20000000,94.90000000,99.10000000,125587.32000000,12255927.61410000,38094
2022-03-13,99.00000000,103.00000000,92.00000000,93.70000000,142420.51000000,13915730.38470000,47898
2022-03-14,93.70000000,98.90000000,92.20000000,98.10000000,133662.00700000,12697719.41300000,42492
2022-03-15,98.20000000,98.50000000,92.90000000,95.20000000,120462.18500000,11521306.18360000,40278
2022-03-16,95.20000000,99.90000000,94.40000000,98.40000000,147466.64000000,14248732.28340000,50675
2022-03-17,98.30000000,100.60000000,96.10000000,96.40000000,115882.21800000,11355248.47990000,34099
2022-03-18,96.40000000,99.60000000,93.10000000,98.80000000,149350.02600000,14355614.70390000,47658
2022-03-19,98.70000000,104.70000000,98.70000000,103.00000000,142572.57200000,14453220.17020000,51524
2022-03-20,103.00000000,118.20000000,101.20000000,115.70000000,544298.35200000,60741422.63600000,190873
2022-03-21,115.60000000,124.10000000,112.30000000,123.70000000,494726.53000000,58786409.45430000,177528
2022-03-22,123.70000000,133.00000000,121.40000000,130.70000000,356659.89100000,45669439.89330000,143982
2022-03-23,130.80000000,138.80000000,126.40000000,129.70000000,372734.73500000,49090283.25860000,170938
2022-03-24,129.70000000,134.00000000,123.20000000,130.00000000,278096.72800000,35761094.81600000,121672
2022-03-25,130.00000000,132.50000000,121.80000000,126.20000000,234578.86000000,29903314.32520000,108013
2022-03-26,126.10000000,131.90000000,125.30000000,128.20000000,172951.18300000,22261623.02380000,79282
2022-03-27,128.10000000,133.30000000,124.80000000,133.00000000,133877.85500000,17216326.11230000,74961
2022-03-28,132.90000000,138.20000000,126.00000000,127.60000000,266643.42100000,35571510.39670000,178702
2022-03-29,127.60000000,135.90000000,127.10000000,130.30000000,191768.62700000,25133026.47540000,108985
2022-03-30,130.30000000,137.00000000,126.20000000,133.00000000,180025.15600000,23836003.02540000,128851
2022-03-31,133.10000000,137.20000000,125.30000000,127.20000000,219978.47900000,29013866.62480000,115210
2022-04-01,127.10000000,130.70000000,121.10000000,128.00000000,167338.09000000,21129619.50080000,80712
2022-04-02,128.00000000,131.50000000,126.40000000,127.40000000,147111.79200000,19003893.72010000,59524
2022-04-03,127.40000000,135.00000000,124.50000000,132.60000000,150972.49200000,19726240.74480000,78320
2022-04-04,132.70000000,134.50000000,125.60000000,133.20000000,197705.50300000,25913459.37260000,90206
2022-04-05,133.20000000,136.50000000,126.40000000,126.90000000,176455.70800000,23215011.93860000,76650
2022-04-06,126.90000000,127.10000000,113.20000000,113.60000000,241243.97000000,29047824.95370000,101498
2022-04-07,113.60000000,117.80000000,111.00000000,116.90000000,113942.45600000,13040047.54820000,49372
2022-04-08,116.80000000,118.10000000,108.50000000,110.90000000,145358.23600000,16475560.37460000,48753
2022-04-09,110.80000000,118.00000000,110.50000000,114.70000000,137353.21200000,15691313.76540000,47299
2022-04-10,114.80000000,115.70000000,110.30000000,111.10000000,86660.68900000,9766593.29900000,31249
2022-04-11,111.10000000,112.30000000,98.70000000,100.80000000,173784.18400000,18201425.83080000,57936
2022-04-12,100.70000000,105.40000000,99.50000000,102.40000000,95890.01500000,9804825.79780000,36074
2022-04-13,102.40000000,107.20000000,101.10000000,105.20000000,120138.89500000,12541866.83670000,37314
2022-04-14,105.20000000,115.30000000,101.50000000,106.20000000,117289.01300000,12391916.48280000,42378
2022-04-15,106.20000000,111.30000000,105.80000000,109.30000000,133915.75100000,14550879.79660000,44620
2022-04-16,109.20000000,110.40000000,106.60000000,108.30000000,54508.18000000,5914705.30980000,19955
2022-04-17,108.30000000,109.80000000,104.10000000,104.40000000,65999.71000000,7120891.84820000,22844
2022-04-18,104.30000000,108.90000000,100.80000000,108.70000000,123325.01200000,12903812.20140000,41367
2022-04-19,108.80000000,110.70000000,106.00000000,109.60000000,98620.14800000,10685529.84110000,32983
2022-04-20,109.60000000,109.70000000,105.20000000,107.00000000,91714.06700000,9865964.85150000,33345
2022-04-21,107.00000000,109.90000000,99.80000000,102.10000000,120171.95300000,12766189.62210000,47975
2022-04-22,102.10000000,106.00000000,101.30000000,103.70000000,92894.83300000,9636565.41120000,31011
2022-04-23,103.70000000,104.50000000,101.10000000,101.90000000,49857.67700000,5140932.39710000,17089
2022-04-24,101.80000000,102.50000000,98.80000000,99.90000000,54113.84100000,5457477.31830000,18336
2022-04-25,100.00000000,100.10000000,93.20000000,99.40000000,115236.19700000,11128155.30560000,37561
2022-04-26,99.40000000,101.30000000,91.50000000,93.10000000,100477.02300000,9741512.83090000,34268
2022-04-27,93.10000000,96.30000000,92.30000000,95.50000000,58861.79800000,5580953.96980000,21100
2022-04-28,95.50000000,99.90000000,94.70000000,96.50000000,104609.06800000,10117756.98620000,34236
2022-04-29,96.40000000,100.00000000,90.50000000,92.00000000,102657.00600000,9764607.49400000,30763
2022-04-30,92.10000000,94.50000000,80.60000000,84.70000000,114285.72700000,10188744.48680000,33255
2022-05-01,84.70000000,90.60000000,83.80000000,90.00000000,97377.89100000,8489009.73690000,25639
2022-05-02,90.00000000,91.00000000,86.40000000,89.30000000,74717.90900000,6642026.33720000,21705
2022-05-03,89.20000000,90.80000000,86.40000000,88.20000000,55599.05400000,4944729.46730000,16672
2022-05-04,88.20000000,96.00000000,87.80000000,95.80000000,77059.63500000,7034408.30100000,27021
2022-05-05,95.90000000,97.60000000,85.20000000,87.40000000,136668.74700000,12459645.11010000,42165
2022-05-06,87.50000000,88.50000000,84.40000000,87.70000000,100431.11000000,8695500.96830000,27110
2022-05-07,87.80000000,87.90000000,81.50000000,83.50000000,64157.60500000,5471865.56680000,18478
2022-05-08,83.60000000,85.40000000,79.90000000,83.00000000,117976.93400000,9772227.95860000,28236
2022-05-09,83.00000000,85.70000000,69.00000000,69.90000000,285202.52123000,21800262.32101320,71261
2022-05-10,69.80000000,79.10000000,68.20000000,73.30000000,288885.40500000,21405309.19640000,79178
2022-05-11,73.40000000,74.60000000,53.50000000,58.30000000,418928.43979000,27306893.33496520,120572
2022-05-12,58.20000000,61.70000000,45.00000000,53.80000000,516985.78234000,26819659.91794110,111813
2022-05-13,53.90000000,62.70000000,52.70000000,58.10000000,240085.58900000,14213606.25870000,56323
2022-05-14,58.00000000,61.50000000,55.10000000,60.90000000,146376.28700000,8572017.72910000,34216
2022-05-15,61.00000000,63.10000000,58.40000000,63.10000000,182884.85700000,11113609.99710000,39775
2022-05-16,63.00000000,63.20000000,55.30000000,57.90000000,191685.26300000,11120955.64170000,39799
2022-05-17,58.00000000,61.20000000,56.50000000,60.20000000,125031.57000000,7396449.45040000,29646
2022-05-18,60.20000000,61.70000000,55.30000000,55.70000000,135983.47200000,7920762.39340000,28247
2022-05-19,55.80000000,59.40000000,53.40000000,58.90000000,138689.55200000,7815159.29360000,27775
2022-05-20,58.90000000,60.40000000,55.80000000,57.40000000,150400.51900000,8716929.83970000,29323
2022-05-21,57.30000000,58.30000000,55.80000000,57.10000000,98287.85200000,5613000.89030000,20016
2022-05-22,57.10000000,62.00000000,56.50000000,61.60000000,100955.95700000,5948176.53990000,21025
2022-05-23,61.50000000,64.80000000,58.90000000,59.80000000,159507.72200000,9980373.15400000,33423
2022-05-24,59.90000000,62.60000000,58.10000000,62.40000000,116409.60700000,7053277.50120000,24727
2022-05-25,62.30000000,64.20000000,60.80000000,62.30000000,159829.89800000,9958957.36060000,28786
2022-05-26,62.30000000,63.50000000,55.80000000,58.20000000,168399.61400000,10001605.70860000,30452
2022-05-27,58.20000000,58.90000000,54.10000000,54.80000000,138894.55000000,7800160.84460000,27630
2022-05-28,54.80000000,57.00000000,54.20000000,56.50000000,86910.33100000,4851406.36080000,16208
2022-05-29,56.50000000,57.90000000,55.20000000,57.80000000,63034.07100000,3569048.04260000,12123
2022-05-30,57.90000000,63.50000000,57.40000000,63.30000000,124856.42800000,7618378.82020000,24301
2022-05-31,63.20000000,65.40000000,60.30000000,64.60000000,136840.32700000,8549301.31300000,29995
2022-06-01,64.70000000,68.00000000,58.60000000,59.10000000,173278.72700000,10986400.19990000,35273
2022-06-02,59.10000000,60.30000000,58.00000000,59.90000000,81985.16600000,4851252.37140000,16828
2022-06-03,59.90000000,60.00000000,56.30000000,58.20000000,89186.37800000,5174791.52200000,17799
2022-06-04,58.20000000,59.30000000,57.20000000,58.60000000,39861.02800000,2317784.82430000,8904
2022-06-05,58.70000000,59.30000000,57.70000000,58.60000000,27243.27300000,1593639.02970000,7096
2022-06-06,58.60000000,62.00000000,58.40000000,60.10000000,69371.65200000,4214945.60890000,16064
2022-06-07,60.10000000,60.80000000,56.00000000,58.30000000,93474.65100000,5465670.64070000,21473
2022-06-08,58.40000000,59.40000000,57.30000000,58.10000000,58519.25800000,3417148.20520000,13646
2022-06-09,58.10000000,58.60000000,57.10000000,57.70000000,42513.39000000,2455869.13670000,9351
2022-06-10,57.80000000,58.00000000,52.90000000,53.90000000,97170.19900000,5346176.17560000,17648
2022-06-11,54.00000000,54.60000000,48.40000000,49.00000000,93917.64400000,4792076.04660000,17641
2022-06-12,49.00000000,49.80000000,45.50000000,46.20000000,115892.31200000,5517503.57340000,20186
2022-06-13,46.10000000,46.50000000,39.40000000,42.60000000,279069.70858000,11788659.13295000,46157
2022-06-14,42.60000000,44.70000000,39.00000000,43.40000000,211188.08000000,8984061.92520000,32717
2022-06-15,43.40000000,46.00000000,38.60000000,45.90000000,236010.12500000,9843558.93460000,41717
2022-06-16,45.90000000,46.50000000,41.10000000,41.90000000,116286.72400000,5021374.88820000,20367
2022-06-17,41.90000000,44.40000000,41.40000000,43.60000000,71334.60300000,3093509.22910000,13519
2022-06-18,43.70000000,44.30000000,38.60000000,41.60000000,119215.49300000,4890025.38300000,22888
2022-06-19,41.60000000,45.30000000,39.90000000,44.30000000,94742.06500000,4030388.39270000,18809
2022-06-20,44.40000000,46.30000000,43.00000000,45.40000000,95327.92200000,4282720.35940000,18868
2022-06-21,45.40000000,48.60000000,44.60000000,47.10000000,89028.31500000,4180606.79220000,19306
2022-06-22,47.10000000,47.30000000,44.40000000,45.10000000,71685.85800000,3285511.98510000,14463
2022-06-23,45.20000000,48.90000000,45.10000000,48.60000000,73346.07100000,3463064.24890000,14368
2022-06-24,48.70000000,52.70000000,48.50000000,51.80000000,88889.06500000,4482846.39720000,18471
2022-06-25,51.70000000,52.80000000,49.60000000,52.30000000,53448.67400000,2746820.49300000,11792
2022-06-26,52.30000000,53.40000000,49.20000000,49.30000000,51893.53500000,2679193.40460000,12929
2022-06-27,49.30000000,51.70000000,48.50000000,49.10000000,64193.35100000,3201156.98190000,13398
2022-06-28,49.10000000,49.90000000,45.80000000,46.40000000,63602.51000000,3058757.75750000,13698
2022-06-29,46.30000000,47.20000000,43.90000000,44.50000000,100533.21900000,4561849.05970000,18476
2022-06-30,44.60000000,44.90000000,40.20000000,42.30000000,110672.74800000,4625444.43070000,19600
2022-07-01,42.30000000,43.50000000,40.70000000,41.80000000,110744.88100000,4645206.85150000,18942
2022-07-02,41.80000000,43.40000000,40.70000000,42.80000000,51240.06600000,2154657.90260000,9694
2022-07-03,42.90000000,43.50000000,41.40000000,42.70000000,43277.50500000,1835628.84000000,11297
2022-07-04,42.70000000,44.70000000,41.50000000,44.30000000,67488.47900000,2893799.78470000,18888
2022-07-05,44.40000000,44.90000000,41.80000000,43.10000000,73009.82100000,3165957.23980000,13131
2022-07-06,43.10000000,44.80000000,42.40000000,44.30000000,53194.02100000,2315919.97510000,9775
2022-07-07,44.20000000,46.40000000,43.60000000,46.00000000,62809.38200000,2831383.32330000,10524
2022-07-08,46.10000000,47.40000000,44.90000000,45.80000000,66104.47400000,3041021.51500000,11980
2022-07-09,45.80000000,48.20000000,45.80000000,47.90000000,43745.82800000,2061765.45900000,8827
2022-07-10,47.80000000,47.90000000,44.60000000,45.20000000,43593.77200000,2009955.17580000,8742
2022-07-11,45.10000000,45.20000000,41.30000000,41.60000000,76539.87100000,3334106.94410000,13187
2022-07-12,41.50000000,42.30000000,39.70000000,39.80000000,97137.93100000,3997753.26220000,15328
2022-07-13,39.90000000,42.60000000,39.30000000,42.40000000,95201.31600000,3895004.78960000,15006
2022-07-14,42.50000000,44.00000000,40.60000000,43.70000000,71039.70000000,2976999.06120000,11845
2022-07-15,43.70000000,44.80000000,43.00000000,43.30000000,71567.03100000,3140503.19450000,13780
2022-07-16,43.30000000,45.10000000,42.10000000,44.90000000,66314.68800000,2894230.43780000,12364
2022-07-17,44.90000000,47.10000000,44.10000000,46.00000000,100424.50100000,4620672.86840000,22397
2022-07-18,46.00000000,50.00000000,45.90000000,48.90000000,140525.70200000,6742083.31380000,30669
2022-07-19,48.80000000,50.90000000,47.30000000,50.10000000,128804.85100000,6321256.56720000,27696
2022-07-20,50.10000000,50.90000000,46.70000000,47.10000000,100525.80400000,4949637.83170000,26350
2022-07-21,47.20000000,48.50000000,45.40000000,48.20000000,83990.49200000,3961646.16600000,19765
2022-07-22,48.20000000,51.00000000,47.60000000,48.30000000,100154.28900000,4944565.14150000,21191
2022-07-23,48.30000000,50.30000000,46.60000000,47.70000000,72987.91000000,3525787.01730000,16124
2022-07-24,47.60000000,50.10000000,47.60000000,48.90000000,59313.82800000,2894948.25760000,11261
2022-07-25,48.90000000,49.40000000,44.90000000,44.90000000,71728.43100000,3351484.83790000,14473
2022-07-26,44.90000000,45.10000000,42.40000000,44.10000000,70339.56300000,3076552.98990000,12992
2022-07-27,44.00000000,48.20000000,42.90000000,48.10000000,113170.56100000,5124717.53280000,18812
2022-07-28,48.10000000,53.80000000,47.60000000,52.40000000,149986.44100000,7518179.34510000,31890
2022-07-29,52.50000000,54.70000000,49.90000000,50.60000000,118650.61700000,6186565.70780000,26236
2022-07-30,50.70000000,53.50000000,50.10000000,50.70000000,90904.95300000,4728855.56080000,20524
2022-07-31,50.80000000,53.90000000,50.30000000,51.10000000,93499.60900000,4873260.67510000,20105
2022-08-01,51.10000000,52.50000000,48.50000000,49.60000000,100351.26200000,5051092.82030000,18379
2022-08-02,49.60000000,50.30000000,47.00000000,48.50000000,109209.83400000,5301274.27680000,21407
2022-08-03,48.50000000,50.50000000,47.00000000,48.80000000,58280.17500000,2865372.85890000,13164
2022-08-04,48.70000000,50.50000000,48.40000000,49.30000000,63788.05800000,3146920.84840000,13174
2022-08-05,49.30000000,52.40000000,49.30000000,52.30000000,79039.87000000,4047281.99250000,17439
2022-08-06,52.30000000,53.50000000,51.70000000,52.50000000,54555.04300000,2864742.62870000,11566
2022-08-07,52.50000000,54.70000000,51.70000000,53.30000000,66158.68500000,3544180.64030000,16094
2022-08-08,53.30000000,56.30000000,53.20000000,56.20000000,93473.17300000,5115723.38980000,24070
2022-08-09,56.20000000,58.60000000,52.20000000,52.90000000,146725.65500000,8145955.12200000,30942
2022-08-10,52.90000000,55.20000000,50.90000000,54.50000000,128180.81200000,6818188.43620000,26114
2022-08-11,54.60000000,57.20000000,54.50000000,55.60000000,83470.38400000,4669528.54410000,19464
2022-08-12,55.60000000,56.50000000,54.00000000,56.10000000,61241.07200000,3384133.49810000,15304
2022-08-13,56.20000000,57.70000000,55.50000000,57.00000000,66745.28400000,3785099.16340000,17819
2022-08-14,57.00000000,58.10000000,54.40000000,55.00000000,60850.79200000,3437165.64830000,14790
2022-08-15,55.00000000,56.90000000,52.20000000,53.20000000,74631.80000000,4028880.43540000,18934
2022-08-16,53.20000000,53.80000000,51.90000000,52.40000000,66623.50700000,3522712.80180000,15113
2022-08-17,52.50000000,55.50000000,51.70000000,53.10000000,95035.44800000,5067041.31950000,20465
2022-08-18,53.10000000,54.30000000,49.50000000,50.40000000,82511.49100000,4350852.68750000,19039
2022-08-19,50.40000000,50.60000000,44.20000000,44.80000000,141407.50400000,6628011.29570000,23340
2022-08-20,44.80000000,46.30000000,44.30000000,45.70000000,53515.97100000,2433185.54510000,10150
2022-08-21,45.70000000,47.60000000,45.40000000,46.70000000,49745.28800000,2313768.03370000,9728
2022-08-22,46.70000000,47.30000000,44.20000000,47.30000000,65037.18000000,2973326.36310000,11939
2022-08-23,47.20000000,49.50000000,45.60000000,48.50000000,73439.71400000,3497520.43140000,13261
2022-08-24,48.60000000,50.70000000,47.20000000,49.20000000,64651.42900000,3176245.02400000,13373
2022-08-25,49.10000000,50.20000000,48.60000000,49.10000000,47053.87300000,2325870.56410000,9657
2022-08-26,49.10000000,49.20000000,43.70000000,44.30000000,120504.37300000,5622806.61500000,20296
2022-08-27,44.30000000,45.30000000,43.70000000,45.00000000,55701.85100000,2490513.34490000,8389
2022-08-28,45.10000000,46.00000000,44.00000000,44.10000000,40425.45900000,1828133.40560000,7667
2022-08-29,44.20000000,47.70000000,43.60000000,47.50000000,59775.52200000,2744169.30900000,10635
2022-08-30,47.50000000,48.30000000,45.10000000,45.60000000,79990.96300000,3731763.91890000,14363
2022-08-31,45.70000000,46.40000000,44.10000000,44.50000000,65226.11200000,2955166.52370000,12577
2022-09-01,44.50000000,44.90000000,43.10000000,44.80000000,51495.87900000,2265754.59920000,9557
2022-09-02,44.80000000,46.40000000,44.20000000,45.70000000,50357.13800000,2281086.28930000,11521
2022-09-03,45.70000000,47.00000000,45.10000000,46.70000000,39983.09700000,1844215.56860000,9354
2022-09-04,46.80000000,47.70000000,46.00000000,47.60000000,30072.35200000,1410776.93250000,6912
2022-09-05,47.60000000,48.60000000,46.30000000,47.60000000,45456.24000000,2152473.78610000,9934
2022-09-06,47.70000000,48.90000000,42.60000000,42.70000000,86738.36400000,3964619.18630000,18063
2022-09-07,42.70000000,45.70000000,42.20000000,44.90000000,66029.61900000,2890507.95550000,11112
2022-09-08,45.00000000,46.60000000,44.20000000,46.30000000,54749.48100000,2480253.80680000,11023
2022-09-09,46.30000000,49.59000000,46.30000000,49.03000000,104590.20800000,5038027.74976000,25073
2022-09-10,49.05000000,50.18000000,48.45000000,48.73000000,131746.44100000,6486135.01027000,23606
2022-09-11,48.77000000,49.07000000,47.10000000,48.30000000,144842.67000000,6977244.61331000,25338
2022-09-12,48.30000000,49.93000000,46.86000000,47.09000000,260036.34000000,12582474.18331000,40691
2022-09-13,47.09000000,48.19000000,43.25000000,43.83000000,259195.83200000,11907139.22894000,45899
2022-09-14,43.83000000,45.80000000,43.57000000,45.55000000,173604.27200000,7746274.94217000,29439
2022-09-15,45.55000000,45.69000000,43.22000000,43.88000000,206933.89100000,9156152.58832000,34592
2022-09-16,43.89000000,44.47000000,42.69000000,43.78000000,73726.00000000,3223721.09048000,15650
2022-09-17,43.80000000,44.76000000,43.77000000,44.54000000,57982.73600000,2563330.88004000,12417
2022-09-18,44.53000000,44.63000000,39.87000000,40.31000000,132484.53400000,5606701.50332000,23723
2022-09-19,40.33000000,41.02000000,39.01000000,40.76000000,147187.16100000,5887571.92778000,24913
2022-09-20,40.74000000,41.57000000,40.00000000,40.61000000,99302.65700000,4053683.97073000,16455
2022-09-21,40.63000000,42.80000000,39.17000000,39.65000000,167639.23800000,6845802.40472000,30123
2022-09-22,39.64000000,42.31000000,39.50000000,41.91000000,117001.27200000,4811147.47361000,20446
2022-09-23,41.91000000,42.92000000,40.53000000,42.15000000,138908.39200000,5779197.01091000,23023
2022-09-24,42.18000000,42.79000000,41.38000000,41.61000000,73241.71700000,3088263.07932000,13894
2022-09-25,41.60000000,42.39000000,40.62000000,41.15000000,64791.26400000,2699695.71815000,11149
2022-09-26,41.15000000,41.84000000,40.21000000,41.70000000,110198.58300000,4542651.87532000,16583
2022-09-27,41.69000000,43.69000000,41.01000000,41.55000000,96508.09400000,4103624.40952000,19711
2022-09-28,41.55000000,41.87000000,39.88000000,41.26000000,94687.95800000,3868449.26888000,16466
2022-09-29,41.27000000,42.39000000,40.71000000,42.28000000,80933.27100000,3352202.23709000,15325
2022-09-30,42.28000000,42.89000000,41.55000000,41.95000000,74960.26600000,3161195.71508000,16325
2022-10-01,41.93000000,42.49000000,41.61000000,41.73000000,39878.28800000,1679601.75294000,8712
2022-10-02,41.74000000,41.96000000,39.56000000,39.85000000,63222.38300000,2579231.85138000,12548
2022-10-03,39.86000000,41.38000000,39.30000000,41.25000000,70615.89200000,2856673.75930000,13184
2022-10-04,41.25000000,42.78000000,41.10000000,42.31000000,56484.64000000,2373330.84517000,11267
2022-10-05,42.33000000,43.07000000,41.28000000,42.15000000,143058.03700000,6035341.03573000,22493
2022-10-06,42.16000000,42.82000000,41.94000000,42.06000000,72267.03600000,3061123.99139000,14810
2022-10-07,42.05000000,42.45000000,41.32000000,42.28000000,46745.38200000,1957030.73367000,10765
2022-10-08,42.31000000,42.93000000,41.90000000,42.40000000,37361.07400000,1587029.47428000,8616
2022-10-09,42.40000000,43.18000000,42.19000000,42.95000000,29717.03400000,1271192.77137000,7201
2022-10-10,42.95000000,43.51000000,41.81000000,41.88000000,50854.25900000,2181179.52792000,11166
2022-10-11,41.87000000,41.87000000,40.56000000,41.27000000,58377.58700000,2403420.49227000,12730
2022-10-12,41.27000000,42.50000000,41.20000000,41.74000000,42621.68200000,1788889.19862000,11059
2022-10-13,41.73000000,41.73000000,38.00000000,40.38000000,103008.17800000,4087815.83330000,24081
2022-10-14,40.36000000,41.70000000,39.60000000,40.22000000,48959.54700000,1999262.57663000,11998
2022-10-15,40.21000000,41.14000000,39.97000000,40.52000000,33339.29900000,1354777.36277000,8577
2022-10-16,40.52000000,42.19000000,40.35000000,41.79000000,35179.30400000,1453447.69428000,8721
2022-10-17,41.75000000,41.89000000,40.95000000,41.54000000,27259.04400000,1127570.81882000,7326
2022-10-18,41.55000000,41.80000000,40.12000000,40.72000000,42831.56500000,1750694.97021000,11546
2022-10-19,40.73000000,40.92000000,39.22000000,39.70000000,42251.51800000,1698674.25023000,9375
2022-10-20,39.65000000,40.68000000,39.16000000,39.70000000,31114.33200000,1244323.23903000,8422
2022-10-21,39.70000000,40.94000000,38.51000000,40.62000000,41857.54300000,1665723.43061000,10406
2022-10-22,40.67000000,41.19000000,40.09000000,40.86000000,22554.12300000,917583.24964000,7979
2022-10-23,40.87000000,41.95000000,39.93000000,41.71000000,37062.52100000,1515979.44507000,9758
2022-10-24,41.71000000,41.93000000,39.75000000,40.11000000,60489.39900000,2453722.87470000,12861
2022-10-25,40.15000000,42.05000000,39.65000000,41.35000000,68820.88200000,2805584.48913000,15224
2022-10-26,41.36000000,42.86000000,41.08000000,42.00000000,61835.51300000,2608406.28056000,14774
2022-10-27,41.97000000,43.52000000,41.18000000,41.30000000,84444.70700000,3574294.70606000,19803
2022-10-28,41.29000000,42.63000000,41.00000000,42.46000000,53919.27700000,2250680.03452000,13384
2022-10-29,42.45000000,44.02000000,42.41000000,42.94000000,79175.48900000,3415939.76064000,24500
2022-10-30,42.91000000,43.65000000,41.39000000,41.94000000,66578.23000000,2841143.34438000,18138
2022-10-31,41.93000000,42.73000000,41.27000000,41.86000000,59404.94800000,2487718.44294000,14402
2022-11-01,41.85000000,42.39000000,41.09000000,41.09000000,46879.75900000,1959685.83909000,11331
2022-11-02,41.10000000,42.00000000,39.90000000,40.84000000,120357.67700000,4929253.51961000,28687
2022-11-03,40.84000000,42.73000000,40.73000000,41.82000000,83872.36800000,3525720.54749000,21284
2022-11-04,41.82000000,45.25000000,41.65000000,44.57000000,114897.28700000,5029966.06849000,31650
2022-11-05,44.56000000,46.11000000,44.53000000,45.49000000,108084.05400000,4896643.66643000,32443
2022-11-06,45.49000000,46.05000000,43.34000000,43.70000000,88876.50300000,4004545.11399000,22215
2022-11-07,43.67000000,47.47000000,43.37000000,45.74000000,223462.67900000,10236931.01882000,51149
2022-11-08,45.75000000,47.19000000,34.26000000,38.41000000,307364.12900000,12875482.26212000,64434
2022-11-09,38.33000000,38.54000000,30.60000000,32.16000000,238524.35900000,8485827.46930800,50378
2022-11-10,32.11000000,37.25000000,31.59000000,36.90000000,182547.20600000,6334952.58935000,41187
2022-11-11,36.82000000,37.70000000,34.38000000,35.85000000,122518.35800000,4415445.33378000,22152
2022-11-12,35.81000000,35.85000000,33.30000000,33.80000000,82254.40900000,2806486.70084000,18965
2022-11-13,33.80000000,34.74000000,32.76000000,33.40000000,88992.64300000,2993816.64734000,19748
2022-11-14,33.40000000,34.64000000,31.51000000,34.48000000,118874.82600000,3959765.22157000,36429
2022-11-15,34.45000000,35.20000000,33.77000000,34.31000000,76577.80200000,2644678.60065000,22420
2022-11-16,34.30000000,34.56000000,32.84000000,33.82000000,51268.93400000,1732561.28310000,15820
2022-11-17,33.83000000,34.07000000,33.02000000,33.79000000,45339.35200000,1524228.06615000,13039
2022-11-18,33.80000000,34.73000000,33.41000000,34.49000000,66036.22300000,2253538.33428000,15989
2022-11-19,34.49000000,35.93000000,33.94000000,35.60000000,93852.71200000,3298160.75384000,21217
2022-11-20,35.59000000,36.16000000,34.43000000,34.57000000,81969.09600000,2899187.16016000,18100
2022-11-21,34.57000000,35.07000000,33.60000000,34.47000000,77379.37100000,2658341.51243000,20949
2022-11-22,34.49000000,37.37000000,34.22000000,37.32000000,146323.65200000,5243149.20107000,32889
2022-11-23,37.34000000,44.18000000,36.83000000,43.14000000,443489.79600000,18601480.30397000,111930
2022-11-24,43.13000000,43.43000000,41.40000000,42.03000000,194987.53900000,8288560.79929000,50839
2022-11-25,42.02000000,42.47000000,40.21000000,40.50000000,101876.86500000,4187623.82656000,29875
2022-11-26,40.51000000,42.27000000,40.35000000,41.09000000,109772.80400000,4545868.09607000,26150
2022-11-27,41.10000000,42.18000000,40.42000000,40.60000000,74140.76400000,3072330.78125000,17914
2022-11-28,40.62000000,40.92000000,38.75000000,39.96000000,109331.40900000,4326250.86407000,25421
2022-11-29,39.97000000,43.51000000,39.53000000,43.14000000,192049.39300000,8098566.32461000,44328
2022-11-30,43.13000000,44.99000000,41.85000000,43.22000000,154565.03400000,6709403.97759000,38339
2022-12-01,43.22000000,46.44000000,42.64000000,45.50000000,202854.82800000,9094742.08831000,45321
2022-12-02,45.49000000,46.30000000,44.21000000,45.77000000,106567.02600000,4819266.43186000,27416
2022-12-03,45.76000000,46.58000000,44.61000000,45.03000000,103350.64000000,4699181.87143000,23689
2022-12-04,45.03000000,45.60000000,44.11000000,44.73000000,67605.72900000,3024437.86200000,17592
2022-12-05,44.71000000,48.11000000,44.60000000,46.99000000,186713.76400000,8748418.06985000,45122
2022-12-06,46.99000000,48.01000000,45.45000000,46.23000000,122944.95400000,5732632.93028000,27770
2022-12-07,46.23000000,47.69000000,43.63000000,44.05000000,197472.82500000,8942168.64779000,43733
2022-12-08,44.02000000,45.34000000,43.34000000,45.16000000,127118.28200000,5626621.47502000,28698
2022-12-09,45.16000000,47.46000000,44.60000000,46.65000000,191018.93500000,8871027.64298000,35119
2022-12-10,46.65000000,48.06000000,46.18000000,46.57000000,132121.14300000,6197945.70340000,27935
2022-12-11,46.57000000,47.72000000,46.41000000,46.64000000,78718.74300000,3710707.80411000,16734
2022-12-12,46.64000000,50.00000000,44.46000000,48.90000000,220176.79900000,10488162.91530000,54893
2022-12-13,48.92000000,50.46000000,46.96000000,48.32000000,168082.95900000,8132946.57537000,36260
2022-12-14,48.32000000,49.99000000,48.02000000,48.68000000,105989.98100000,5191191.87297000,25560
2022-12-15,48.68000000,49.02000000,46.30000000,46.59000000,93285.33900000,4462377.28300000,19318
2022-12-16,46.61000000,47.18000000,42.14000000,43.44000000,128698.38500000,5771145.94865000,28823
2022-12-17,43.42000000,43.83000000,41.30000000,43.18000000,120553.94600000,5116424.20053000,21267
2022-12-18,43.16000000,43.41000000,42.01000000,42.42000000,60763.97700000,2590649.57459000,14236
2022-12-19,42.42000000,43.63000000,40.31000000,41.22000000,71093.54600000,3019581.24875000,17709
2022-12-20,41.18000000,43.15000000,40.94000000,42.15000000,90801.32000000,3841710.44902000,21455
2022-12-21,42.15000000,43.25000000,41.31000000,42.63000000,86133.01100000,3648917.60470000,18735
2022-12-22,42.62000000,43.38000000,41.40000000,42.77000000,96512.05700000,4093699.98439000,19445
2022-12-23,42.79000000,43.50000000,42.56000000,43.30000000,54959.15200000,2361076.26129000,13085
2022-12-24,43.31000000,44.32000000,43.03000000,43.77000000,71139.04700000,3123593.34166000,15034
2022-12-25,43.76000000,44.67000000,43.60000000,44.48000000,134610.42700000,5934997.28343000,21924
2022-12-26,44.50000000,45.76000000,44.20000000,44.97000000,99653.48200000,4484977.02950000,21733
2022-12-27,44.99000000,45.53000000,43.28000000,44.15000000,86578.37400000,3852786.34594000,19248
2022-12-28,44.14000000,44.21000000,42.36000000,42.97000000,112717.60600000,4855040.42321000,24459
2022-12-29,42.96000000,43.63000000,41.83000000,42.56000000,70178.22000000,3014222.05513000,17560
2022-12-30,42.53000000,42.74000000,41.24000000,41.99000000,83295.71700000,3490377.30210000,16840
2022-12-31,41.99000000,43.29000000,41.66000000,42.01000000,69890.94100000,2960008.48740000,14871
2023-01-01,42.05000000,42.45000000,41.11000000,42.21000000,58827.15600000,2453669.90474000,12218
2023-01-02,42.22000000,44.06000000,41.48000000,43.56000000,117917.43900000,5080518.31063000,21794
2023-01-03,43.57000000,43.93000000,42.24000000,42.86000000,98037.66300000,4224334.65587000,19560
2023-01-04,42.84000000,46.40000000,42.67000000,45.79000000,123599.55200000,5524808.23106000,27182
2023-01-05,45.77000000,46.20000000,44.55000000,44.90000000,87559.36800000,3976546.43172000,17345
2023-01-06,44.91000000,46.09000000,43.87000000,45.84000000,98964.04900000,4461277.90369000,21062
2023-01-07,45.83000000,46.98000000,45.83000000,46.34000000,68821.39700000,3202547.93948000,16431
2023-01-08,46.35000000,48.11000000,45.70000000,47.81000000,102692.79400000,4844109.82570000,21247
2023-01-09,47.81000000,50.78000000,47.71000000,48.80000000,159953.99900000,7910404.14497000,33440
2023-01-10,48.79000000,49.69000000,47.61000000,48.39000000,68824.31600000,3333418.17768000,18361
2023-01-11,48.39000000,49.22000000,46.60000000,49.03000000,117725.87500000,5607719.14904000,26590
2023-01-12,49.05000000,49.95000000,47.08000000,49.33000000,171077.50900000,8309304.62252000,35540
2023-01-13,49.33000000,52.56000000,48.57000000,51.38000000,156040.38300000,7808037.75411000,37965
2023-01-14,51.38000000,54.25000000,49.80000000,51.51000000,169267.00200000,8807287.52355000,48495
2023-01-15,51.52000000,52.46000000,49.75000000,51.70000000,112526.26800000,5754541.29258000,33120
2023-01-16,51.70000000,52.90000000,47.81000000,49.30000000,152051.10900000,7638648.70233000,36364
2023-01-17,49.30000000,51.00000000,48.31000000,49.28000000,110497.23700000,5466492.49260000,27979
2023-01-18,49.30000000,50.10000000,45.86000000,46.82000000,140879.64200000,6776447.02203000,35604
2023-01-19,46.80000000,49.15000000,46.64000000,49.03000000,74152.94500000,3558116.22173000,18908
2023-01-20,49.01000000,52.00000000,48.80000000,51.82000000,91974.93600000,4621028.70660000,23813
2023-01-21,51.79000000,54.00000000,49.98000000,52.40000000,139122.34600000,7274006.04081000,36076
2023-01-22,52.42000000,53.42000000,50.37000000,51.39000000,86933.55400000,4533830.48469000,24679
2023-01-23,51.40000000,53.98000000,51.35000000,51.97000000,110233.87700000,5822721.78688000,28874
2023-01-24,51.96000000,52.91000000,48.05000000,49.00000000,101156.97300000,5176158.56829000,26051
2023-01-25,48.99000000,51.94000000,48.19000000,50.46000000,84104.17900000,4191276.93037000,21491
2023-01-26,50.50000000,51.18000000,49.26000000,50.82000000,79245.50400000,3999395.78620000,19571
2023-01-27,50.79000000,52.16000000,49.56000000,51.73000000,109009.76100000,5549494.66742000,25599
2023-01-28,51.75000000,52.18000000,50.00000000,50.69000000,56657.41000000,2889231.91519000,14662
2023-01-29,50.63000000,58.30000000,50.46000000,56.67000000,418734.61200000,23600482.12198000,88935
2023-01-30,56.68000000,60.80000000,55.43000000,59.22000000,326858.45900000,19093422.35877000,74099
2023-01-31,59.21000000,62.55000000,58.68000000,60.23000000,245256.78700000,14871977.13464000,54396
2023-02-01,60.23000000,63.82000000,58.25000000,62.92000000,186420.35200000,11261378.68220000,43881
2023-02-02,62.92000000,63.99000000,60.34000000,61.57000000,114016.44900000,7128153.30414000,25478
2023-02-03,61.60000000,64.75000000,60.90000000,62.79000000,144706.29900000,9047683.17881000,35309
2023-02-04,62.84000000,63.32000000,61.00000000,61.48000000,65373.75000000,4039784.26703000,15854
2023-02-05,61.54000000,61.62000000,58.20000000,59.52000000,118157.60200000,7083258.64447000,24493
2023-02-06,59.55000000,64.24000000,59.00000000,61.87000000,173247.97900000,10728372.26226000,39064
2023-02-07,61.92000000,66.41000000,61.70000000,65.73000000,175461.80400000,11297874.34064000,43165
2023-02-08,65.76000000,66.66000000,62.36000000,64.00000000,112414.64300000,7284605.81153000,29442
2023-02-09,64.00000000,64.59000000,55.26000000,57.30000000,219136.99000000,13174167.76526000,46236
2023-02-10,57.32000000,58.72000000,56.70000000,57.80000000,138718.70700000,8016893.51369000,30553
2023-02-11,57.75000000,62.74000000,57.67000000,61.97000000,155563.72300000,9385585.85700000,36610
2023-02-12,61.95000000,63.36000000,60.62000000,62.72000000,117163.22700000,7312723.27524000,29241
2023-02-13,62.69000000,64.47000000,60.36000000,63.14000000,258949.53000000,16243582.26205000,63793
2023-02-14,63.15000000,69.41000000,62.00000000,68.05000000,272184.37200000,17987059.95832000,71071
2023-02-15,68.04000000,74.13000000,67.65000000,73.30000000,215793.20900000,15103736.13404000,63591
2023-02-16,73.30000000,77.90000000,71.68000000,73.70000000,220672.76500000,16564030.58519000,62569
2023-02-17,73.73000000,75.09000000,70.19000000,73.19000000,179869.11900000,13095431.76613000,45369
2023-02-18,73.18000000,75.56000000,71.70000000,71.99000000,114458.79800000,8390156.87316000,30878
2023-02-19,72.01000000,73.47000000,70.01000000,70.54000000,139939.27100000,10026482.25446000,38055
2023-02-20,70.52000000,74.30000000,70.17000000,72.35000000,170534.77100000,12393624.99394000,43568
2023-02-21,72.34000000,73.00000000,68.60000000,70.77000000,123152.32700000,8750935.53534000,35154
2023-02-22,70.79000000,74.09000000,68.22000000,73.44000000,147178.75900000,10354660.96705000,44156
2023-02-23,73.44000000,74.01000000,70.26000000,70.96000000,97156.53100000,7008490.48151000,26298
2023-02-24,71.00000000,71.38000000,67.18000000,70.07000000,120192.44500000,8385478.16545000,33023
2023-02-25,70.04000000,70.59000000,66.86000000,69.43000000,81393.32600000,5611578.10687000,24806
2023-02-26,69.43000000,74.73000000,69.04000000,74.07000000,122804.60100000,8779467.06305000,32679
2023-02-27,74.07000000,75.00000000,72.05000000,74.33000000,138510.36700000,10191365.61197000,37447
2023-02-28,74.29000000,74.69000000,71.05000000,71.59000000,93761.99200000,6799390.76290000,25389
2023-03-01,71.72000000,74.17000000,71.10000000,74.13000000,92151.20800000,6717342.29448000,28474
2023-03-02,74.10000000,74.38000000,70.70000000,72.50000000,82245.74600000,5953031.46371000,23586
2023-03-03,72.47000000,72.47000000,66.05000000,69.37000000,169912.48800000,11583805.10962000,38057
2023-03-04,69.36000000,69.92000000,65.39000000,67.38000000,90824.83700000,6186556.17475000,25812
2023-03-05,67.36000000,68.83000000,64.51000000,65.32000000,109222.12800000,7277860.42915000,29812
2023-03-06,65.32000000,65.90000000,61.20000000,62.48000000,207592.31100000,13061345.39365000,48223
2023-03-07,62.45000000,63.48000000,60.20000000,62.06000000,129064.33200000,7983351.20650000,32944
2023-03-08,62.06000000,62.58000000,57.32000000,58.16000000,138789.62300000,8349046.74631000,33280
2023-03-09,58.16000000,60.39000000,53.10000000,54.70000000,172562.20100000,9872665.19548000,42399
2023-03-10,54.70000000,54.86000000,46.79000000,49.93000000,351936.58100000,17717543.75416000,67977
2023-03-11,49.96000000,51.53000000,43.53000000,46.74000000,335445.71900000,15529182.72298000,57301
2023-03-12,46.66000000,53.75000000,45.48000000,53.23000000,222767.34200000,10739018.72103000,42311
2023-03-13,53.22000000,57.47000000,51.14000000,56.36000000,294748.87600000,15912460.58888000,58186
2023-03-14,56.43000000,60.54000000,54.16000000,58.33000000,196544.48600000,11320085.15104000,47377
2023-03-15,58.28000000,59.51000000,50.54000000,52.00000000,208297.83000000,11387370.99706000,45344
2023-03-16,52.02000000,53.63000000,51.25000000,52.94000000,121616.48700000,6402107.93145000,30923
2023-03-17,52.90000000,58.50000000,52.20000000,58.22000000,146106.35200000,8050824.80000000,37599
2023-03-18,58.21000000,60.24000000,55.02000000,55.79000000,148047.27500000,8604334.89036000,38168
2023-03-19,55.76000000,58.58000000,55.06000000,57.57000000,92305.22900000,5263049.87265000,25779
2023-03-20,57.61000000,59.04000000,55.20000000,55.57000000,187210.92800000,10681556.77168000,45240
2023-03-21,55.54000000,58.90000000,53.84000000,58.44000000,134651.09000000,7614813.98693000,36834
2023-03-22,58.50000000,59.34000000,53.56000000,58.90000000,169289.99300000,9625864.65372000,47413
2023-03-23,58.91000000,64.27000000,55.50000000,63.52000000,372559.56800000,22599793.52929000,90681
2023-03-24,63.50000000,64.72000000,59.60000000,61.66000000,177278.38200000,11015267.35836000,48554
2023-03-25,61.58000000,62.45000000,57.30000000,58.17000000,137471.02600000,8234585.53987000,40651
2023-03-26,58.13000000,60.37000000,57.35000000,59.13000000,100727.14000000,5968412.57590000,28488
2023-03-27,59.09000000,59.28000000,54.20000000,56.08000000,122752.14100000,6951491.72550000,34306
2023-03-28,56.06000000,56.79000000,54.66000000,56.48000000,74953.88600000,4173965.78254000,22828
2023-03-29,56.50000000,58.99000000,56.39000000,58.05000000,82997.29000000,4795196.60762000,23684
2023-03-30,58.05000000,59.13000000,55.16000000,56.52000000,96395.82800000,5484267.09668000,30191
2023-03-31,56.52000000,58.66000000,55.33000000,58.54000000,78290.79700000,4468580.43408000,23097
2023-04-01,58.54000000,60.20000000,58.02000000,58.63000000,72521.46100000,4274753.96932000,24422
2023-04-02,58.63000000,59.41000000,55.97000000,57.07000000,105136.44300000,6105564.73320000,29009
2023-04-03,57.12000000,58.96000000,55.21000000,57.87000000,90730.43000000,5181138.89422000,36728
2023-04-04,57.85000000,58.22000000,56.60000000,57.60000000,73203.40200000,4211252.59980000,23337
2023-04-05,57.59000000,59.10000000,56.49000000,57.80000000,93360.52300000,5421943.95398000,25559
2023-04-06,57.81000000,57.84000000,55.90000000,56.56000000,52520.59000000,2979162.71839000,18083
2023-04-07,56.61000000,56.74000000,55.37000000,56.03000000,42624.89200000,2384994.80354000,14812
2023-04-08,56.02000000,56.47000000,55.22000000,55.63000000,40529.59600000,2265452.01901000,13171
2023-04-09,55.63000000,56.15000000,54.39000000,55.73000000,55402.65500000,3054047.22208000,20916
2023-04-10,55.72000000,57.91000000,55.03000000,57.69000000,69341.74900000,3902211.04174000,24207
2023-04-11,57.69000000,58.38000000,56.78000000,56.95000000,97885.93100000,5637348.76602000,30614
2023-04-12,56.95000000,57.12000000,54.50000000,55.85000000,86498.52300000,4799579.08914000,29611
2023-04-13,55.89000000,57.83000000,55.35000000,57.29000000,64385.14700000,3659486.86180000,23575
2023-04-14,57.27000000,60.15000000,56.69000000,60.00000000,122282.80800000,7125733.65698000,35535
2023-04-15,59.98000000,60.65000000,58.76000000,59.66000000,111763.24900000,6666312.10189000,26022
2023-04-16,59.65000000,61.99000000,58.15000000,60.94000000,142418.55000000,8567410.54184000,34996
2023-04-17,60.94000000,61.08000000,57.53000000,58.48000000,114667.54100000,6770284.99804000,27212
2023-04-18,58.51000000,60.32000000,57.60000000,59.66000000,104840.81200000,6218505.03338000,24108
2023-04-19,59.66000000,59.68000000,51.54000000,52.99000000,174931.77500000,9585506.48470000,44693
2023-04-20,52.98000000,53.56000000,50.38000000,51.68000000,118962.60800000,6220195.00286000,25812
2023-04-21,51.63000000,52.30000000,48.09000000,48.83000000,93000.91700000,4678535.88565000,27130
2023-04-22,48.86000000,50.41000000,48.55000000,50.24000000,57773.93300000,2849234.89633000,15700
2023-04-23,50.23000000,51.10000000,48.54000000,50.16000000,70090.46900000,3511891.89300000,20230
2023-04-24,50.18000000,51.11000000,48.72000000,50.11000000,63809.97500000,3187426.25115000,18818
2023-04-25,50.12000000,51.73000000,49.11000000,51.66000000,80769.40100000,4041715.21303000,31110
2023-04-26,51.64000000,53.51000000,47.00000000,49.76000000,129100.00000000,6548912.67005000,38262
2023-04-27,49.77000000,51.41000000,49.14000000,50.67000000,81984.34300000,4111465.25795000,29562
2023-04-28,50.66000000,50.72000000,49.35000000,50.01000000,46099.69700000,2306053.74491000,18478
2023-04-29,50.03000000,51.49000000,49.78000000,51.07000000,44611.62100000,2262784.55644000,14987
2023-04-30,51.08000000,51.13000000,49.28000000,49.59000000,48169.31900000,2424877.36822000,15909
2023-05-01,49.58000000,49.96000000,47.75000000,48.31000000,60482.85100000,2944451.66243000,19703
2023-05-02,48.31000000,48.88000000,47.51000000,48.54000000,35686.05900000,1722374.16542000,13736
2023-05-03,48.60000000,49.54000000,47.00000000,49.25000000,54985.62300000,2633561.64439000,16913
2023-05-04,49.25000000,49.39000000,48.29000000,48.71000000,32378.98500000,1582448.08657000,12540
2023-05-05,48.70000000,49.42000000,47.74000000,48.71000000,56484.10000000,2749143.46768000,18589
2023-05-06,48.70000000,48.99000000,45.05000000,45.43000000,88748.62500000,4112859.49741000,27408
2023-05-07,45.43000000,46.25000000,45.30000000,45.47000000,40330.40800000,1847551.59569000,17292
2023-05-08,45.46000000,45.87000000,40.51000000,41.73000000,137827.62800000,5931961.82220000,36040
2023-05-09,41.73000000,42.17000000,40.07000000,42.03000000,96656.98300000,3975065.95098000,24350
2023-05-10,42.03000000,43.95000000,40.50000000,43.04000000,89246.45400000,3773819.97052000,24966
2023-05-11,43.03000000,43.07000000,39.35000000,40.87000000,91854.15200000,3767320.06243000,28329
2023-05-12,40.86000000,40.95000000,38.70000000,40.89000000,80507.04100000,3197109.19025000,24740
2023-05-13,40.88000000,41.25000000,39.96000000,40.65000000,60220.37000000,2441674.89150000,20328
2023-05-14,40.64000000,41.89000000,40.14000000,41.24000000,53666.37300000,2202125.29336000,17278
2023-05-15,41.26000000,42.82000000,40.29000000,42.00000000,65574.69200000,2752045.99055000,18214
2023-05-16,41.99000000,43.57000000,41.44000000,43.22000000,65865.03200000,2811606.22764000,16244
2023-05-17,43.25000000,45.59000000,42.96000000,44.30000000,168474.49700000,7468745.97386000,31672
2023-05-18,44.35000000,44.57000000,42.03000000,43.20000000,61399.14200000,2678720.31742000,15941
2023-05-19,43.20000000,44.95000000,43.14000000,44.51000000,56292.48300000,2477962.16573000,13979
2023-05-20,44.52000000,44.52000000,43.70000000,44.32000000,45344.51200000,1997640.51140000,11077
2023-05-21,44.31000000,44.38000000,42.98000000,43.90000000,55299.27800000,2412507.19609000,13087
2023-05-22,43.87000000,44.26000000,43.00000000,43.43000000,36433.53800000,1588304.50914000,9430
2023-05-23,43.44000000,44.60000000,43.09000000,43.39000000,55330.62000000,2421357.06611000,12021
2023-05-24,43.44000000,43.44000000,40.30000000,41.05000000,89492.76100000,3718799.54825000,21724
2023-05-25,41.07000000,41.61000000,39.55000000,40.91000000,64393.96300000,2623947.41888000,14757
2023-05-26,40.92000000,42.29000000,40.75000000,41.90000000,39700.26900000,1647696.15474000,12441
2023-05-27,41.91000000,42.50000000,41.40000000,42.21000000,28528.00600000,1199184.16478000,8414
2023-05-28,42.21000000,44.42000000,42.08000000,43.84000000,47190.61600000,2037402.14128000,12353
2023-05-29,43.84000000,44.10000000,42.87000000,43.31000000,41563.87900000,1804439.77426000,11849
2023-05-30,43.31000000,44.11000000,42.89000000,43.85000000,41105.07800000,1791341.66412000,13489
2023-05-31,43.84000000,44.30000000,41.48000000,41.82000000,69461.45700000,2960346.73467000,20444
2023-06-01,41.83000000,42.36000000,40.83000000,41.88000000,73252.47800000,3060434.41091000,18834
2023-06-02,41.85000000,42.90000000,41.35000000,42.68000000,49646.81800000,2103489.16581000,15138
2023-06-03,42.69000000,43.39000000,42.14000000,42.59000000,40949.71400000,1751009.94474000,11914
2023-06-04,42.58000000,43.51000000,42.24000000,42.57000000,37792.88300000,1628462.42510000,11332
2023-06-05,42.57000000,42.75000000,37.75000000,39.07000000,111066.58400000,4459088.52643000,29399
2023-06-06,39.05000000,40.26000000,37.79000000,40.10000000,73173.16000000,2858483.93157000,19163
2023-06-07,40.10000000,40.10000000,38.01000000,38.47000000,53111.22000000,2064704.58444000,13520
2023-06-08,38.46000000,39.27000000,37.50000000,38.78000000,45250.58600000,1740797.25990000,10158
2023-06-09,38.79000000,39.26000000,38.07000000,38.40000000,35648.67000000,1379088.60671000,8630
2023-06-10,38.42000000,38.54000000,25.05000000,29.76000000,389016.73900000,11752428.68279000,62117
2023-06-11,29.77000000,30.05000000,28.50000000,29.13000000,110702.57600000,3242718.69844000,16553
2023-06-12,29.09000000,29.48000000,28.01000000,29.11000000,87932.80200000,2526728.92651000,14263
2023-06-13,29.11000000,29.79000000,28.58000000,29.69000000,90461.50900000,2636831.87752000,13783
2023-06-14,29.68000000,30.45000000,28.11000000,29.05000000,105026.76400000,3102603.09702000,14318
2023-06-15,29.05000000,29.98000000,28.81000000,29.68000000,59163.92200000,1737979.47638000,10969
2023-06-16,29.69000000,31.12000000,29.43000000,30.61000000,68478.97800000,2073925.74494000,12083
2023-06-17,30.62000000,31.50000000,30.45000000,31.12000000,42187.81200000,1314024.48780000,7582
2023-06-18,31.13000000,31.24000000,29.96000000,30.21000000,40848.68200000,1254909.92053000,7490
2023-06-19,30.22000000,31.14000000,29.92000000,30.84000000,37967.81000000,1159159.23220000,6894
2023-06-20,30.85000000,33.00000000,30.74000000,32.78000000,130305.57100000,4159974.68190000,19190
2023-06-21,32.80000000,34.33000000,32.59000000,33.43000000,148566.66500000,4967327.27132000,23490
2023-06-22,33.45000000,34.60000000,32.21000000,32.88000000,103033.72200000,3461643.41227000,17408
2023-06-23,32.90000000,35.71000000,32.78000000,34.70000000,142710.78900000,4897167.53937000,26200
2023-06-24,34.69000000,35.80000000,33.93000000,35.09000000,102369.51700000,3574015.84979000,19215
2023-06-25,35.12000000,36.94000000,34.87000000,35.42000000,94515.73500000,3376836.35155000,18032
2023-06-26,35.38000000,37.07000000,33.98000000,36.06000000,152364.64000000,5411829.03049000,24176
2023-06-27,36.06000000,37.25000000,35.22000000,36.04000000,115402.90900000,4177450.42264000,21770
2023-06-28,36.08000000,36.08000000,32.70000000,33.77000000,66664.40800000,2302238.88677000,12932
2023-06-29,33.77000000,34.67000000,33.61000000,34.21000000,42729.76700000,1458792.25245000,8969
2023-06-30,34.22000000,39.00000000,33.88000000,37.78000000,289370.60000000,10708046.19820000,48140
2023-07-01,37.79000000,39.44000000,37.45000000,38.12000000,162124.28100000,6189645.54522000,23570
2023-07-02,38.11000000,38.40000000,36.67000000,38.24000000,93667.18800000,3528046.20459000,15795
2023-07-03,38.30000000,38.47000000,37.23000000,37.61000000,90967.62500000,3437900.22386000,20201
2023-07-04,37.60000000,38.22000000,35.89000000,36.17000000,98623.04400000,3667539.26249000,16416
2023-07-05,36.17000000,36.65000000,34.45000000,35.07000000,88325.26700000,3139479.46857000,15339
2023-07-06,35.07000000,36.09000000,33.44000000,33.48000000,81519.71900000,2838221.69649000,15161
2023-07-07,33.44000000,34.13000000,33.12000000,33.99000000,39956.30500000,1347165.62654000,9137
2023-07-08,33.97000000,34.20000000,32.94000000,33.68000000,45867.03700000,1535707.63097000,10034
2023-07-09,33.67000000,33.87000000,33.24000000,33.40000000,27668.44300000,927873.65852000,7780
2023-07-10,33.40000000,34.21000000,32.50000000,33.56000000,57972.08800000,1926919.28250000,11273
2023-07-11,33.59000000,33.82000000,33.03000000,33.53000000,36156.20400000,1207781.22704000,11134
2023-07-12,33.53000000,34.05000000,33.02000000,33.43000000,44042.16500000,1481473.78080000,9600
2023-07-13,33.44000000,36.20000000,32.90000000,36.01000000,121149.90100000,4212967.25765000,21969
2023-07-14,36.01000000,36.53000000,33.11000000,34.27000000,112603.60200000,3955780.83407000,21568
2023-07-15,34.24000000,34.80000000,33.66000000,34.00000000,44969.39600000,1537124.89214000,10954
2023-07-16,34.01000000,34.14000000,32.50000000,32.72000000,63350.13600000,2118309.26702000,15019
2023-07-17,32.72000000,33.51000000,32.20000000,32.99000000,78170.53600000,2574767.47510000,16889
2023-07-18,33.00000000,33.69000000,31.35000000,32.06000000,93279.89900000,3030687.23199000,18911
2023-07-19,32.06000000,32.78000000,31.91000000,32.08000000,91916.03200000,2970132.35028000,19856
2023-07-20,32.08000000,33.16000000,31.94000000,32.65000000,96219.59500000,3130850.68960000,21427
2023-07-21,32.63000000,33.17000000,32.33000000,33.17000000,54396.38600000,1787546.11920000,12387
2023-07-22,33.18000000,33.67000000,32.30000000,32.60000000,51549.57800000,1701327.77728000,11231
2023-07-23,32.60000000,34.12000000,32.41000000,33.62000000,79989.45400000,2684010.92084000,16727
2023-07-24,33.62000000,33.85000000,31.35000000,32.05000000,76776.15100000,2496335.06345000,15651
2023-07-25,32.02000000,32.09000000,31.12000000,31.41000000,50346.21400000,1589754.34975000,10566
2023-07-26,31.43000000,31.97000000,30.74000000,31.65000000,55309.48900000,1730563.06178000,13354
2023-07-27,31.64000000,31.99000000,31.32000000,31.87000000,41536.79100000,1315546.48212000,9303
2023-07-28,31.87000000,32.61000000,31.61000000,32.19000000,45102.80700000,1449423.04390000,7372
2023-07-29,32.20000000,32.62000000,32.13000000,32.54000000,29685.35000000,959549.95776000,7326
2023-07-30,32.56000000,32.78000000,31.15000000,32.16000000,51217.52500000,1641972.03500000,11106
2023-07-31,32.17000000,32.37000000,31.25000000,31.64000000,41513.35400000,1320463.87391000,7914
2023-08-01,31.64000000,31.83000000,30.22000000,31.77000000,64578.17400000,2009173.41856000,10683
2023-08-02,31.81000000,32.35000000,31.46000000,31.97000000,66623.28700000,2126351.56653000,9856
2023-08-03,31.97000000,32.19000000,31.22000000,31.32000000,42909.38600000,1367517.15889000,6569
2023-08-04,31.31000000,31.47000000,30.52000000,30.81000000,35398.86200000,1099686.32154000,7395
2023-08-05,30.82000000,31.03000000,30.38000000,30.88000000,31515.03700000,968079.67139000,6110
2023-08-06,30.89000000,32.92000000,30.77000000,32.49000000,79205.48500000,2531296.74581000,11618
2023-08-07,32.50000000,33.55000000,31.82000000,32.50000000,126483.17000000,4139167.34172000,17012
2023-08-08,32.48000000,33.32000000,32.22000000,32.90000000,63505.46800000,2085897.87035000,10002
2023-08-09,32.91000000,33.34000000,32.63000000,32.87000000,46918.95000000,1547133.65979000,6351
2023-08-10,32.87000000,33.00000000,32.25000000,32.35000000,30987.38000000,1009727.73321000,4757
2023-08-11,32.36000000,32.89000000,32.16000000,32.51000000,28299.70300000,920609.19635000,5380
2023-08-12,32.52000000,32.58000000,32.07000000,32.26000000,19921.78000000,645089.02061000,3659
2023-08-13,32.26000000,32.42000000,31.77000000,32.01000000,26856.24600000,861438.40535000,5118
2023-08-14,32.00000000,32.36000000,31.80000000,31.92000000,42280.01100000,1354754.51663000,6225
2023-08-15,31.92000000,31.93000000,28.84000000,29.85000000,95999.85500000,2911493.85051000,12803
2023-08-16,29.85000000,29.92000000,27.41000000,28.41000000,96809.10100000,2799712.49216000,13415
2023-08-17,28.41000000,28.75000000,22.60000000,25.74000000,135805.08221000,3582094.69646040,24499
2023-08-18,25.73000000,26.73000000,25.66000000,26.45000000,80004.11500000,2102382.06963000,11971
2023-08-19,26.45000000,26.80000000,26.26000000,26.79000000,38258.35700000,1013980.35935000,5678
2023-08-20,26.74000000,27.24000000,26.63000000,26.99000000,33386.31300000,899659.42542000,4486
2023-08-21,26.97000000,27.06000000,25.83000000,26.39000000,34048.93700000,902495.18263000,4979
2023-08-22,26.39000000,26.85000000,25.62000000,26.33000000,41563.11400000,1093299.16420000,8251
2023-08-23,26.34000000,26.90000000,25.76000000,26.51000000,52250.05900000,1379978.17539000,11095
2023-08-24,26.51000000,26.59000000,24.84000000,25.18000000,119573.13300000,3052782.05626000,18494
2023-08-25,25.19000000,25.62000000,24.33000000,25.57000000,80242.34000000,2011020.03054000,11727
2023-08-26,25.58000000,25.74000000,25.19000000,25.32000000,31850.83700000,810537.97618000,5355
2023-08-27,25.31000000,25.98000000,25.16000000,25.86000000,33635.08100000,862370.57099000,7145
2023-08-28,25.86000000,26.43000000,25.34000000,26.10000000,45671.53600000,1185338.36934000,9257
2023-08-29,26.10000000,27.44000000,25.46000000,27.12000000,72648.91100000,1930800.90032000,13436
2023-08-30,27.13000000,27.18000000,26.58000000,26.96000000,60007.60600000,1615228.71359000,9336
2023-08-31,26.95000000,27.19000000,25.53000000,26.04000000,52636.64800000,1394154.01772000,9586
2023-09-01,26.03000000,26.21000000,25.06000000,25.25000000,45252.91300000,1157617.47204000,8622
2023-09-02,25.27000000,25.46000000,24.99000000,25.34000000,39321.31900000,991037.28576000,7729
2023-09-03,25.31000000,25.80000000,25.30000000,25.62000000,34320.67700000,876558.98298000,6911
2023-09-04,25.60000000,25.99000000,25.22000000,25.61000000,34363.66000000,879045.88601000,8008
2023-09-05,25.62000000,25.95000000,25.26000000,25.76000000,26140.39100000,671328.95452000,6822
2023-09-06,25.76000000,25.89000000,25.05000000,25.64000000,35968.93000000,918109.64104000,8191
2023-09-07,25.63000000,26.26000000,25.56000000,26.08000000,41255.40000000,1068366.46821000,7140
2023-09-08,26.10000000,26.50000000,25.70000000,26.22000000,52054.88200000,1359902.30238000,9537
2023-09-09,26.21000000,26.61000000,26.10000000,26.56000000,28335.95900000,747171.33530000,5103
2023-09-10,26.57000000,26.58000000,25.15000000,25.61000000,48286.11800000,1242819.91260000,9904
2023-09-11,25.60000000,25.70000000,24.23000000,24.73000000,72018.15300000,1797530.00487000,12368
2023-09-12,24.74000000,25.94000000,24.66000000,25.18000000,62859.26100000,1594426.61097000,10087
2023-09-13,25.17000000,25.90000000,25.01000000,25.53000000,44839.30400000,1143376.52408000,9478
2023-09-14,25.55000000,25.93000000,25.31000000,25.61000000,44433.37000000,1139494.97701000,7358
2023-09-15,25.62000000,26.78000000,25.45000000,26.50000000,39135.53800000,1019319.65860000,7627
2023-09-16,26.52000000,27.23000000,26.46000000,26.79000000,43459.12500000,1163205.53201000,8102
2023-09-17,26.79000000,26.79000000,25.55000000,25.82000000,39791.35400000,1043766.93022000,7862
2023-09-18,25.83000000,26.79000000,25.50000000,25.96000000,48287.01600000,1270088.81925000,11725
2023-09-19,25.94000000,26.54000000,25.74000000,26.34000000,36801.31300000,965350.22751000,8499
2023-09-20,26.37000000,26.57000000,26.04000000,26.54000000,37241.16200000,979592.25991000,8009
2023-09-21,26.54000000,26.79000000,25.86000000,26.19000000,39503.44500000,1037762.05310000,8435
2023-09-22,26.22000000,26.85000000,25.98000000,26.72000000,50698.94300000,1341531.71714000,9950
2023-09-23,26.71000000,26.96000000,26.52000000,26.78000000,33450.97600000,894405.54524000,5786
2023-09-24,26.77000000,26.88000000,26.26000000,26.37000000,34320.06700000,913981.94707000,4986
2023-09-25,26.34000000,27.09000000,26.05000000,26.98000000,35367.23400000,946249.90012000,6640
2023-09-26,26.97000000,27.37000000,26.25000000,26.55000000,42339.20100000,1139017.79529000,8687
2023-09-27,26.54000000,27.21000000,26.17000000,26.38000000,43624.92900000,1161168.70680000,10071
2023-09-28,26.39000000,27.20000000,26.27000000,26.95000000,37618.36600000,1006383.87982000,8907
2023-09-29,26.95000000,27.74000000,26.82000000,27.35000000,79433.30000000,2159909.53597000,11964
2023-09-30,27.35000000,28.25000000,27.15000000,27.75000000,42128.37300000,1167350.94282000,8061
2023-10-01,27.75000000,28.69000000,27.40000000,28.18000000,77741.18900000,2178093.12968000,13951
2023-10-02,28.22000000,28.60000000,26.70000000,27.35000000,60372.73300000,1684848.76646000,14608
2023-10-03,27.37000000,27.95000000,26.91000000,27.07000000,43070.37700000,1185691.81374000,9632
2023-10-04,27.07000000,27.21000000,26.14000000,27.02000000,41411.10700000,1109816.85668000,9749
2023-10-05,27.02000000,27.57000000,26.70000000,26.90000000,41027.05200000,1111525.57493000,9040
2023-10-06,26.91000000,27.19000000,26.73000000,26.90000000,26875.52600000,725573.09557000,6560
2023-10-07,26.91000000,27.30000000,26.68000000,26.82000000,28327.51300000,762799.73065000,6316
2023-10-08,26.79000000,26.95000000,26.40000000,26.56000000,37937.51600000,1010781.58917000,7451
2023-10-09,26.56000000,26.70000000,25.12000000,25.94000000,57789.61000000,1502715.09363000,14056
2023-10-10,25.96000000,26.28000000,25.40000000,25.64000000,30479.91000000,790511.05509000,7801
2023-10-11,25.63000000,25.81000000,25.09000000,25.53000000,33715.29800000,856650.88969000,8406
2023-10-12,25.53000000,25.53000000,24.79000000,25.05000000,36889.45500000,925660.56786000,7223
2023-10-13,25.05000000,25.77000000,24.90000000,25.37000000,30983.09600000,780563.88546000,6397
2023-10-14,25.37000000,25.74000000,25.34000000,25.48000000,20431.14100000,522197.50597000,4211
2023-10-15,25.46000000,25.84000000,25.34000000,25.63000000,22794.37500000,583721.56030000,4511
2023-10-16,25.61000000,26.81000000,25.59000000,25.77000000,62372.79600000,1623848.79539000,13237
2023-10-17,25.77000000,25.86000000,24.65000000,25.01000000,60940.20900000,1538291.40954000,10360
2023-10-18,24.98000000,26.51000000,24.62000000,24.77000000,53088.62000000,1326324.75796000,8516
2023-10-19,24.77000000,25.05000000,24.40000000,24.88000000,30100.33200000,745332.61059000,5986
2023-10-20,24.89000000,25.94000000,24.83000000,25.26000000,54808.26400000,1395332.99244000,14369
2023-10-21,25.27000000,26.50000000,25.25000000,26.07000000,44786.12500000,1161992.16303000,10076
2023-10-22,26.11000000,26.43000000,25.62000000,26.27000000,49271.18100000,1280057.89817000,9487
2023-10-23,26.29000000,27.99000000,26.07000000,27.61000000,80388.06000000,2156538.55097000,15005
2023-10-24,27.69000000,28.80000000,27.08000000,28.04000000,137544.26400000,3847665.74997000,23405
2023-10-25,28.06000000,28.37000000,27.23000000,27.69000000,61619.62600000,1715629.09279000,11501
2023-10-26,27.70000000,28.84000000,27.01000000,27.98000000,86190.96200000,2409735.51520000,15914
2023-10-27,27.96000000,28.04000000,27.02000000,27.64000000,49439.72100000,1365724.53347000,9629
2023-10-28,27.64000000,28.57000000,27.58000000,28.43000000,47533.60700000,1339137.24768000,9109
2023-10-29,28.42000000,28.86000000,28.08000000,28.64000000,48760.92500000,1388764.12065000,9570
2023-10-30,28.65000000,29.50000000,28.21000000,29.48000000,80865.87100000,2344531.74037000,14981
2023-10-31,29.47000000,30.94000000,28.26000000,29.34000000,137043.90300000,4076772.41526000,26172
2023-11-01,29.32000000,30.20000000,28.31000000,29.92000000,94996.98400000,2766284.54842000,18984
2023-11-02,29.92000000,30.30000000,28.02000000,28.62000000,114079.18700000,3341384.91140000,19583
2023-11-03,28.61000000,29.10000000,27.67000000,28.94000000,51240.83300000,1459216.96765000,12792
2023-11-04,28.96000000,30.04000000,28.74000000,29.83000000,74598.03600000,2191667.02437000,12933
2023-11-05,29.84000000,31.36000000,29.68000000,30.41000000,122695.52600000,3714253.74863000,18882
2023-11-06,30.43000000,31.33000000,29.90000000,31.09000000,83759.37800000,2568464.87219000,15733
2023-11-07,31.09000000,31.88000000,30.03000000,30.84000000,96544.55600000,2987836.29065000,20052
2023-11-08,30.84000000,31.68000000,30.59000000,31.35000000,69660.96400000,2178617.02298000,12764
2023-11-09,31.36000000,32.71000000,27.45000000,30.48000000,235528.17100000,7328137.03320000,44250
2023-11-10,30.48000000,32.28000000,30.00000000,32.11000000,132775.77000000,4142863.91484000,26041
2023-11-11,32.11000000,33.30000000,31.06000000,33.10000000,108718.80500000,3515762.53310000,25940
2023-11-12,33.12000000,33.96000000,31.70000000,33.61000000,124267.39600000,4105985.27208000,27407
2023-11-13,33.61000000,34.30000000,31.35000000,32.00000000,142358.04200000,4710623.97076000,28589
2023-11-14,32.04000000,32.52000000,30.00000000,30.90000000,115752.01400000,3643512.62245000,21720
2023-11-15,30.89000000,32.36000000,30.87000000,32.26000000,92085.24700000,2920979.78234000,18338
2023-11-16,32.26000000,32.71000000,30.00000000,30.58000000,126024.98100000,3978556.28792000,25430
2023-11-17,30.59000000,31.32000000,29.50000000,30.75000000,74074.16800000,2266687.01415000,14658
2023-11-18,30.73000000,30.74000000,29.00000000,29.89000000,69426.65400000,2067987.12901000,11591
2023-11-19,29.87000000,30.65000000,29.20000000,30.56000000,53130.93700000,1595723.38976000,10789
2023-11-20,30.57000000,31.25000000,30.18000000,30.69000000,69031.74800000,2128065.13441000,14568
2023-11-21,30.71000000,31.22000000,27.65000000,28.02000000,114529.95400000,3364107.62302000,27439
2023-11-22,28.00000000,29.52000000,27.91000000,29.16000000,129255.36900000,3700208.55470000,24923
2023-11-23,29.17000000,29.81000000,28.93000000,29.60000000,67584.14400000,1986083.83580000,12603
2023-11-24,29.60000000,30.54000000,29.53000000,30.11000000,66713.58300000,2007175.69969000,13250
2023-11-25,30.11000000,31.28000000,29.99000000,31.15000000,59501.08300000,1832943.24567000,13073
2023-11-26,31.16000000,31.23000000,29.80000000,30.76000000,64946.01800000,1997971.93369000,14033
2023-11-27,30.76000000,30.98000000,29.04000000,29.78000000,77343.92500000,2307144.11372000,16811
2023-11-28,29.80000000,30.53000000,29.11000000,30.00000000,56045.77800000,1675078.37689000,13069
2023-11-29,30.02000000,30.44000000,29.47000000,29.99000000,87262.84900000,2609356.97787000,16279
2023-11-30,29.98000000,30.28000000,29.76000000,30.19000000,48943.19600000,1470289.47975000,11197
2023-12-01,30.18000000,30.70000000,30.03000000,30.65000000,67616.79200000,2053648.29985000,11455
2023-12-02,30.66000000,31.99000000,30.61000000,31.90000000,75947.33500000,2382489.59413000,15824
2023-12-03,31.90000000,31.99000000,31.02000000,31.59000000,77866.60600000,2450782.09216000,15785
2023-12-04,31.59000000,32.82000000,30.62000000,32.41000000,137803.83000000,4412796.29912000,30956
2023-12-05,32.42000000,32.75000000,31.46000000,32.56000000,82306.32300000,2643532.71455000,19010
2023-12-06,32.58000000,32.95000000,31.36000000,31.97000000,107379.74000000,3464981.06352000,22076
2023-12-07,31.99000000,33.47000000,31.77000000,33.21000000,102269.07000000,3350369.30784000,24091
2023-12-08,33.21000000,35.72000000,32.95000000,34.70000000,150952.10200000,5178654.17039000,33997
2023-12-09,34.69000000,35.76000000,34.21000000,34.99000000,129522.89500000,4540401.95816000,28767
2023-12-10,34.99000000,36.40000000,34.30000000,34.91000000,112390.79500000,3973153.12427000,25278
2023-12-11,34.90000000,35.03000000,30.90000000,32.35000000,154123.42400000,5020558.53475000,35639
2023-12-12,32.33000000,33.46000000,32.13000000,32.92000000,91042.72200000,2982437.07929000,20411
2023-12-13,32.92000000,33.74000000,31.69000000,33.27000000,100815.28500000,3290879.73251000,19526
2023-12-14,33.29000000,34.70000000,32.27000000,33.99000000,95720.12400000,3209607.13257000,21989
2023-12-15,34.03000000,34.06000000,31.83000000,31.95000000,75826.14500000,2506057.71163000,15329
2023-12-16,31.96000000,33.07000000,31.62000000,32.83000000,51670.46900000,1685833.50858000,10896
2023-12-17,32.84000000,32.93000000,31.73000000,31.86000000,67167.48400000,2180556.32819000,14463
2023-12-18,31.84000000,32.14000000,29.67000000,31.50000000,121300.47300000,3725812.22829000,23411
2023-12-19,31.51000000,32.11000000,30.20000000,30.50000000,112107.03900000,3493057.22797000,22467
2023-12-20,30.49000000,31.81000000,30.29000000,31.19000000,131487.21600000,4072892.62980000,21109
2023-12-21,31.20000000,32.39000000,30.86000000,32.18000000,95689.97200000,3043720.30985000,21031
2023-12-22,32.18000000,33.17000000,31.89000000,33.10000000,104323.32100000,3402895.70404000,20378
2023-12-23,33.11000000,33.50000000,32.02000000,33.42000000,92215.66400000,3002585.96610000,19277
2023-12-24,33.41000000,35.45000000,32.62000000,34.44000000,200294.37600000,6825843.24840000,38513
2023-12-25,34.45000000,35.55000000,34.06000000,35.31000000,126801.42700000,4438776.53530000,23341
2023-12-26,35.32000000,37.05000000,33.80000000,36.17000000,200283.23200000,7153384.13992000,42404
2023-12-27,36.18000000,38.78000000,34.45000000,38.48000000,199564.55400000,7388341.00896000,45863
2023-12-28,38.46000000,38.90000000,36.29000000,36.87000000,163741.57000000,6109628.65747000,43599
2023-12-29,36.87000000,37.20000000,32.04000000,32.97000000,409044.03500000,13930790.83137000,84521
2023-12-30,32.97000000,33.52000000,32.52000000,32.87000000,129523.49900000,4267717.11382000,28341
2023-12-31,32.87000000,33.13000000,30.70000000,31.71000000,170459.88800000,5531266.46568000,35137
2024-01-01,31.72000000,33.71000000,31.01000000,33.30000000,186871.40500000,6019314.38825000,34811
2024-01-02,33.29000000,33.92000000,32.22000000,32.80000000,126020.55000000,4193083.49464000,25563
2024-01-03,32.80000000,33.49000000,25.54000000,28.95000000,250667.15500000,7477758.76346000,56300
2024-01-04,28.98000000,30.60000000,28.37000000,30.00000000,139279.02200000,4131354.35093000,26925
2024-01-05,30.05000000,30.30000000,28.12000000,29.53000000,153239.70800000,4477879.04656000,32491
2024-01-06,29.53000000,29.55000000,27.61000000,28.74000000,76677.07400000,2188413.91646000,17575
2024-01-07,28.74000000,29.32000000,26.73000000,27.15000000,92359.47500000,2601099.71979000,23793
2024-01-08,27.13000000,28.50000000,25.23000000,28.46000000,164672.18200000,4452697.17620000,32097
2024-01-09,28.46000000,28.56000000,26.32000000,27.37000000,111291.29100000,3056766.57566000,24543
2024-01-10,27.37000000,30.01000000,26.75000000,29.42000000,160616.76100000,4492269.16056000,35898
2024-01-11,29.47000000,30.79000000,29.15000000,30.05000000,167126.99600000,5020158.12964000,35513
2024-01-12,30.05000000,31.17000000,27.93000000,28.97000000,148438.05300000,4452785.26961000,39717
2024-01-13,28.97000000,30.13000000,28.05000000,29.52000000,72330.30600000,2112110.63003000,18982
2024-01-14,29.50000000,30.13000000,28.17000000,28.24000000,90751.83100000,2641207.17931000,21899
2024-01-15,28.25000000,30.44000000,28.20000000,29.26000000,114338.07200000,3349310.83455000,25833
2024-01-16,29.21000000,29.79000000,28.86000000,29.45000000,57088.28100000,1680656.13384000,12810
2024-01-17,29.44000000,29.63000000,28.64000000,28.86000000,63815.65400000,1856157.47934000,16842
2024-01-18,28.88000000,29.17000000,27.31000000,27.89000000,83885.22100000,2374311.91299000,16643
2024-01-19,27.90000000,28.03000000,25.73000000,27.58000000,137618.36100000,3705943.21025000,24883
2024-01-20,27.59000000,28.95000000,27.31000000,28.75000000,82023.82600000,2306731.82578000,14607
2024-01-21,28.74000000,29.82000000,28.47000000,28.54000000,67443.48200000,1958320.23257000,12724
2024-01-22,28.54000000,28.82000000,26.90000000,27.64000000,104874.68400000,2935716.50815000,21639
2024-01-23,27.65000000,28.07000000,25.76000000,26.94000000,82008.94900000,2192790.71262000,20080
2024-01-24,26.94000000,27.68000000,26.51000000,27.11000000,51288.77400000,1389519.49132000,13371
2024-01-25,27.12000000,27.18000000,26.37000000,26.98000000,62014.33600000,1658025.51540000,13077
2024-01-26,26.97000000,28.15000000,26.84000000,27.71000000,64329.08800000,1776108.57096000,12635
2024-01-27,27.74000000,28.10000000,27.50000000,28.09000000,44154.82500000,1228032.28354000,6827
2024-01-28,28.09000000,28.60000000,27.35000000,27.59000000,48485.63200000,1353819.53946000,9614
2024-01-29,27.59000000,28.19000000,27.14000000,28.09000000,51887.08000000,1442386.72591000,11004
2024-01-30,28.11000000,28.71000000,27.38000000,27.51000000,60709.25000000,1708508.40851000,11879
2024-01-31,27.52000000,27.74000000,26.30000000,26.63000000,70871.71100000,1915016.41275000,15098
2024-02-01,26.64000000,27.38000000,26.17000000,27.28000000,62362.11000000,1675108.70146000,12046
2024-02-02,27.24000000,27.64000000,26.95000000,27.64000000,37023.66100000,1010298.39802000,9047
2024-02-03,27.64000000,27.95000000,27.29000000,27.73000000,45017.02200000,1240777.64526000,9069
2024-02-04,27.70000000,27.74000000,26.68000000,26.78000000,45559.60900000,1239249.24326000,8650
2024-02-05,26.77000000,27.53000000,26.51000000,27.26000000,47941.23300000,1300954.87999000,12573
2024-02-06,27.25000000,27.98000000,26.27000000,26.31000000,85911.65400000,2326684.69330000,14111
2024-02-07,26.32000000,27.05000000,25.98000000,26.94000000,100582.97700000,2658611.53352000,14595
2024-02-08,26.96000000,27.10000000,26.44000000,26.90000000,72517.07700000,1943532.14725000,11944
2024-02-09,26.90000000,27.74000000,26.85000000,27.48000000,84068.00000000,2294951.04890000,14772
2024-02-10,27.48000000,27.73000000,26.92000000,27.50000000,58330.63200000,1595969.40226000,9807
2024-02-11,27.51000000,28.38000000,27.28000000,27.52000000,78483.43300000,2180302.75678000,14192
2024-02-12,27.52000000,28.40000000,27.01000000,28.23000000,76212.87500000,2118433.51660000,14944
2024-02-13,28.24000000,28.46000000,27.30000000,27.85000000,88750.48900000,2472281.39165000,17938
2024-02-14,27.86000000,28.49000000,27.46000000,28.08000000,94660.09800000,2649608.43458000,21259
2024-02-15,28.11000000,29.16000000,27.99000000,29.05000000,106802.81500000,3062485.01852000,25056
2024-02-16,29.03000000,29.44000000,28.10000000,29.01000000,96266.32400000,2784536.12375000,21327
2024-02-17,29.03000000,30.29000000,28.33000000,30.27000000,131322.32000000,3862776.10837000,28375
2024-02-18,30.25000000,30.63000000,29.50000000,29.73000000,97613.94600000,2923683.30192000,21205
2024-02-19,29.74000000,30.37000000,29.50000000,30.11000000,93108.33800000,2790885.63427000,19689
2024-02-20,30.09000000,31.00000000,28.64000000,29.85000000,151901.10900000,4552682.93287000,35484
2024-02-21,29.84000000,30.10000000,28.21000000,29.41000000,82529.60000000,2399272.18411000,21552
2024-02-22,29.41000000,30.99000000,28.82000000,29.66000000,119063.04600000,3585166.27128000,25903
2024-02-23,29.65000000,29.83000000,28.74000000,29.48000000,73457.04400000,2154641.31207000,18504
2024-02-24,29.49000000,30.95000000,29.00000000,30.48000000,136768.73100000,4148891.61138000,27864
2024-02-25,30.48000000,31.00000000,29.74000000,30.97000000,108322.65300000,3277173.99484000,19753
2024-02-26,30.96000000,31.92000000,29.94000000,31.76000000,137495.02300000,4265338.06482000,28115
2024-02-27,31.77000000,32.50000000,31.39000000,32.07000000,169758.17800000,5436150.20573000,29660
2024-02-28,32.05000000,33.54000000,28.54000000,31.20000000,287604.37000000,9034364.25560000,65803
2024-02-29,31.19000000,33.83000000,30.89000000,31.99000000,263021.08400000,8594969.56283000,57493
2024-03-01,32.00000000,34.24000000,32.00000000,33.96000000,185588.00200000,6156951.13334000,39919
2024-03-02,33.96000000,41.00000000,33.82000000,39.83000000,450310.34900000,16353039.18577000,103382
2024-03-03,39.83000000,40.15000000,34.55000000,38.06000000,323330.19100000,12233801.43949000,74236
2024-03-04,38.03000000,40.18000000,36.86000000,39.22000000,294476.40500000,11483396.90308000,85500
2024-03-05,39.24000000,41.25000000,31.22000000,35.45000000,482403.76900000,18330117.56511000,145274
2024-03-06,35.43000000,38.99000000,34.72000000,38.70000000,253648.76200000,9448647.49426000,66872
2024-03-07,38.69000000,39.94000000,38.00000000,39.19000000,189009.36600000,7378559.22552000,49204
2024-03-08,39.18000000,40.92000000,37.31000000,40.52000000,228807.40600000,8947101.08319000,66074
2024-03-09,40.49000000,41.10000000,39.66000000,40.36000000,153745.97700000,6201283.64739000,38269
2024-03-10,40.39000000,41.46000000,39.10000000,40.32000000,233656.37700000,9426153.87399000,59039
2024-03-11,40.32000000,44.19000000,37.81000000,43.08000000,370074.84400000,15481441.38642000,96103
2024-03-12,43.09000000,43.97000000,39.70000000,42.55000000,236870.85600000,9986646.49110000,62722
2024-03-13,42.55000000,44.12000000,41.89000000,42.92000000,188285.95900000,8070055.68469000,48030
2024-03-14,42.91000000,42.92000000,38.60000000,40.60000000,203399.60600000,8318116.50151000,51750
2024-03-15,40.61000000,41.32000000,35.63000000,38.89000000,288017.26900000,10961008.94433000,69068
2024-03-16,38.92000000,39.46000000,35.33000000,36.10000000,162309.31300000,6076189.18461000,42138
2024-03-17,36.10000000,37.72000000,34.13000000,37.14000000,156236.44600000,5676353.74179000,32083
2024-03-18,37.14000000,37.47000000,34.55000000,35.46000000,113246.23700000,4060746.38874000,27409
2024-03-19,35.46000000,35.80000000,31.58000000,32.73000000,234041.65300000,7731650.22973000,48194
2024-03-20,32.70000000,36.24000000,31.58000000,35.77000000,162540.86500000,5505125.63152000,34518
2024-03-21,35.77000000,36.35000000,34.78000000,35.73000000,103321.61100000,3691165.16107000,24833
2024-03-22,35.72000000,36.76000000,34.00000000,35.10000000,131272.27700000,4649297.06537000,30967
2024-03-23,35.11000000,36.38000000,34.55000000,35.71000000,85333.51300000,3051559.40801000,18142
2024-03-24,35.68000000,37.41000000,35.43000000,37.01000000,88813.72500000,3231291.08898000,18531
2024-03-25,37.01000000,38.37000000,36.55000000,38.02000000,125987.85100000,4728077.90192000,30144
2024-03-26,38.01000000,39.54000000,37.50000000,38.78000000,173549.59900000,6682251.65600000,43738
2024-03-27,38.78000000,39.21000000,36.00000000,37.90000000,147800.38600000,5596320.04303000,34073
2024-03-28,37.90000000,39.07000000,37.34000000,38.31000000,106045.10000000,4057828.44389000,25709
2024-03-29,38.31000000,40.57000000,37.83000000,39.83000000,200318.44900000,7898823.75704000,42115
2024-03-30,39.83000000,40.50000000,38.44000000,38.78000000,105484.37700000,4139385.18814000,23887
2024-03-31,38.76000000,40.36000000,38.63000000,40.04000000,91930.07800000,3648715.26856000,20798
2024-04-01,40.03000000,40.52000000,36.74000000,37.77000000,152229.51600000,5854156.24843000,34159
2024-04-02,37.77000000,37.80000000,34.45000000,35.99000000,166698.54200000,5962717.26391000,37454
2024-04-03,36.02000000,37.00000000,34.84000000,35.59000000,112827.98900000,4063646.91595000,23375
2024-04-04,35.61000000,37.75000000,35.11000000,37.00000000,158150.87600000,5755303.79597000,23852
2024-04-05,37.00000000,37.30000000,35.21000000,35.89000000,82734.31100000,2986896.79292000,17695
2024-04-06,35.89000000,37.50000000,35.74000000,37.11000000,63679.85000000,2341177.29116000,14854
2024-04-07,37.12000000,37.98000000,36.83000000,37.47000000,70809.37100000,2647881.70992000,18122
2024-04-08,37.47000000,40.00000000,37.00000000,39.16000000,112564.33700000,4341870.65402000,27394
2024-04-09,39.17000000,39.46000000,36.87000000,37.06000000,119084.36700000,4560537.61039000,29670
2024-04-10,37.04000000,37.24000000,35.16000000,36.97000000,94304.11400000,3435668.32631000,22075
2024-04-11,36.99000000,37.50000000,36.26000000,36.85000000,71110.03700000,2626674.85036000,17270
2024-04-12,36.85000000,38.51000000,29.22000000,31.80000000,318423.39100000,10883397.10849000,77833
2024-04-13,31.79000000,32.37000000,25.05000000,28.21000000,404840.53400000,11770065.42378000,100037
2024-04-14,28.25000000,30.41000000,27.17000000,30.13000000,277399.14100000,8085602.73600000,51643
2024-04-15,30.10000000,31.47000000,27.16000000,28.43000000,182749.15500000,5396589.02420000,32894
2024-04-16,28.44000000,28.85000000,26.75000000,28.22000000,114937.89800000,3199293.85197000,24045
2024-04-17,28.22000000,28.43000000,26.58000000,27.61000000,118519.32100000,3263545.82493000,24097
2024-04-18,27.60000000,29.29000000,27.02000000,29.02000000,100718.54500000,2860758.52214000,24185
2024-04-19,29.03000000,30.40000000,26.96000000,29.57000000,111066.18600000,3247674.74973000,24805
2024-04-20,29.52000000,31.55000000,29.27000000,31.49000000,71262.02000000,2160811.29431000,15443
2024-04-21,31.49000000,31.67000000,30.07000000,30.69000000,78340.99200000,2418947.47725000,15097
2024-04-22,30.67000000,32.08000000,30.59000000,31.69000000,97560.11800000,3065541.72542000,19613
2024-04-23,31.69000000,32.10000000,31.02000000,31.27000000,92123.74000000,2896465.43783000,18306
2024-04-24,31.27000000,32.27000000,29.62000000,30.06000000,119363.27900000,3710657.85348000,22790
2024-04-25,30.05000000,31.02000000,29.45000000,30.53000000,76601.48600000,2314263.72171000,16967
2024-04-26,30.53000000,30.76000000,29.57000000,30.25000000,55836.58600000,1690111.97156000,14026
2024-04-27,30.27000000,30.46000000,28.84000000,29.61000000,86906.58200000,2567668.49042000,19637
2024-04-28,29.61000000,30.24000000,29.21000000,29.37000000,65646.49100000,1958094.09795000,14884
2024-04-29,29.39000000,29.65000000,28.31000000,29.44000000,91134.00000000,2634351.43509000,18623
2024-04-30,29.45000000,29.73000000,27.00000000,28.08000000,104563.63200000,2930128.36977000,23727
2024-05-01,28.06000000,28.70000000,26.44000000,28.62000000,109124.89000000,3004091.68171000,24743
2024-05-02,28.59000000,29.47000000,27.85000000,29.13000000,71853.76900000,2065937.93412000,15286
2024-05-03,29.13000000,30.19000000,28.78000000,29.75000000,68520.46400000,2018698.73549000,17884
2024-05-04,29.76000000,29.92000000,29.19000000,29.20000000,55316.10800000,1638571.42157000,17953
2024-05-05,29.20000000,29.58000000,28.63000000,29.23000000,77069.20200000,2240584.51956000,18665
2024-05-06,29.23000000,30.03000000,28.75000000,29.07000000,94292.26900000,2769212.15032000,24019
2024-05-07,29.07000000,29.39000000,28.48000000,28.59000000,67751.36000000,1963864.81005000,19894
2024-05-08,28.58000000,29.78000000,28.22000000,29.43000000,82962.80900000,2399907.55478000,26173
2024-05-09,29.42000000,30.21000000,28.76000000,29.99000000,58010.42700000,1716090.64332000,20408
2024-05-10,29.99000000,30.34000000,28.77000000,29.19000000,68634.51100000,2034158.97051000,19606
2024-05-11,29.17000000,29.40000000,28.55000000,28.58000000,39867.26000000,1158239.98477000,10384
2024-05-12,28.58000000,28.70000000,27.63000000,27.83000000,41860.41600000,1184503.59129000,12681
2024-05-13,27.82000000,28.52000000,27.00000000,28.14000000,64434.19400000,1800751.51746000,21791
2024-05-14,28.14000000,28.28000000,27.30000000,27.41000000,57949.89300000,1611614.90994000,18263
2024-05-15,27.41000000,29.16000000,27.31000000,29.03000000,55867.11900000,1577039.98903000,16642
2024-05-16,29.03000000,29.83000000,28.60000000,29.45000000,87223.96300000,2543407.29416000,23968
2024-05-17,29.45000000,30.02000000,29.12000000,29.87000000,61191.17500000,1814473.36081000,16462
2024-05-18,29.85000000,30.03000000,29.28000000,29.78000000,48616.98900000,1446545.88972000,16190
2024-05-19,29.77000000,29.89000000,28.82000000,28.82000000,40699.91700000,1193746.96536000,12256
2024-05-20,28.83000000,31.23000000,28.50000000,31.07000000,87509.93600000,2629118.91829000,26016
2024-05-21,31.07000000,31.38000000,30.60000000,31.11000000,63670.08500000,1970425.98787000,23288
2024-05-22,31.13000000,31.21000000,30.33000000,30.74000000,64199.91000000,1974248.13144000,20098
2024-05-23,30.74000000,31.06000000,29.00000000,30.43000000,72417.90800000,2188564.08402000,23314
2024-05-24,30.39000000,32.60000000,28.97000000,30.58000000,259463.72000000,7932476.49688000,49970
2024-05-25,30.58000000,30.95000000,30.12000000,30.57000000,39733.99800000,1213609.36105000,12521
2024-05-26,30.57000000,30.62000000,29.64000000,29.81000000,44400.50100000,1335805.35253000,13405
2024-05-27,29.80000000,31.01000000,29.76000000,30.78000000,56638.64800000,1728350.27199000,15667
2024-05-28,30.80000000,30.85000000,29.87000000,30.07000000,68586.08800000,2077948.35264000,15548
2024-05-29,30.08000000,30.46000000,29.75000000,29.86000000,53921.59300000,1623486.69023000,15412
2024-05-30,29.86000000,30.33000000,29.13000000,29.95000000,60606.17600000,1806487.81683000,17713
2024-05-31,29.95000000,30.40000000,29.67000000,30.21000000,47981.54300000,1440945.74732000,11471
2024-06-01,30.22000000,30.39000000,29.90000000,30.01000000,34576.55600000,1043732.59171000,8186
2024-06-02,30.00000000,30.17000000,29.33000000,29.34000000,56191.33500000,1674820.29737000,13107
2024-06-03,29.34000000,29.97000000,29.17000000,29.56000000,81598.96400000,2416721.32520000,17679
2024-06-04,29.56000000,30.11000000,29.22000000,29.97000000,82843.60100000,2460368.64935000,18567
2024-06-05,29.97000000,30.57000000,29.90000000,30.31000000,83514.38900000,2529393.13042000,20171
2024-06-06,30.33000000,30.48000000,29.69000000,30.18000000,48084.12700000,1450122.13204000,10788
2024-06-07,30.16000000,30.45000000,26.00000000,27.97000000,114537.29400000,3276905.54775000,30855
2024-06-08,27.93000000,28.17000000,26.34000000,26.47000000,100762.96200000,2733902.42539000,29635
2024-06-09,26.47000000,26.88000000,25.80000000,26.87000000,79129.69200000,2082885.08316000,18180
2024-06-10,26.85000000,26.95000000,25.89000000,26.22000000,78198.73400000,2066348.44231000,19911
2024-06-11,26.22000000,26.39000000,24.68000000,25.56000000,90173.47000000,2298674.13497000,19881
2024-06-12,25.56000000,26.96000000,24.97000000,26.56000000,94831.25700000,2499346.89444000,21183
2024-06-13,26.59000000,26.67000000,25.81000000,25.95000000,54851.60100000,1438396.61179000,14198
2024-06-14,25.96000000,26.65000000,25.00000000,25.96000000,70295.65200000,1813135.18078000,15826
2024-06-15,25.97000000,26.17000000,25.71000000,26.04000000,42943.78700000,1114857.83310000,9982
2024-06-16,26.05000000,26.46000000,25.48000000,25.81000000,52700.42700000,1363405.30103000,15198
2024-06-17,25.82000000,25.94000000,24.13000000,24.95000000,75140.19400000,1879988.24795000,15311
2024-06-18,24.94000000,24.99000000,21.67000000,23.11000000,172483.18500000,3944490.53825000,38282
2024-06-19,23.10000000,23.80000000,22.81000000,23.71000000,66964.89400000,1568748.67317000,14152
2024-06-20,23.70000000,24.37000000,23.28000000,23.57000000,108759.39900000,2595391.85361000,25031
2024-06-21,23.57000000,24.19000000,22.40000000,23.73000000,107956.29100000,2561419.76485000,19873
2024-06-22,23.74000000,24.35000000,23.54000000,24.11000000,48597.20900000,1162946.92814000,10733
2024-06-23,24.11000000,24.50000000,23.37000000,23.49000000,37686.51200000,908360.83860000,9527
2024-06-24,23.51000000,23.67000000,22.01000000,23.16000000,148035.44800000,3365106.02414000,28964
2024-06-25,23.17000000,24.40000000,23.01000000,24.27000000,84339.53000000,2008862.59299000,21254
2024-06-26,24.27000000,24.37000000,23.43000000,23.88000000,57803.39000000,1384321.65981000,16559
2024-06-27,23.88000000,24.75000000,23.69000000,24.74000000,47465.22800000,1150345.48768000,12754
2024-06-28,24.73000000,25.14000000,24.48000000,24.69000000,43812.18300000,1086741.34613000,12879
2024-06-29,24.69000000,25.17000000,24.30000000,24.35000000,29950.25600000,742919.65936000,7909
2024-06-30,24.37000000,24.91000000,23.59000000,24.87000000,50736.24600000,1234765.74357000,14476
2024-07-01,24.86000000,25.04000000,23.94000000,24.03000000,44882.84500000,1101715.59018000,15070
2024-07-02,24.03000000,24.75000000,23.85000000,24.70000000,68778.69300000,1655647.77789000,13277
2024-07-03,24.69000000,25.10000000,23.37000000,24.57000000,160388.62400000,3900229.65346000,31689
2024-07-04,24.58000000,24.63000000,21.70000000,21.95000000,143758.02000000,3276737.69997000,27330
2024-07-05,21.95000000,23.18000000,19.36000000,22.87000000,181812.62200000,3830654.64258000,41345
2024-07-06,22.87000000,23.73000000,22.44000000,23.38000000,44818.17800000,1032680.64776000,11393
2024-07-07,23.37000000,23.92000000,21.85000000,21.91000000,61380.02100000,1414479.61579000,16551
2024-07-08,21.91000000,24.71000000,20.90000000,22.98000000,107639.65900000,2425162.96108000,23942
2024-07-09,22.97000000,24.50000000,22.80000000,24.09000000,82792.60100000,1965478.40986000,20385
2024-07-10,24.09000000,24.18000000,23.21000000,23.88000000,73781.04300000,1752807.07058000,17371
2024-07-11,23.87000000,24.52000000,23.55000000,23.88000000,100471.46800000,2407033.12269000,20077
2024-07-12,23.89000000,24.54000000,23.57000000,24.51000000,61289.29300000,1476554.79405000,15946
2024-07-13,24.52000000,26.23000000,24.42000000,26.07000000,123254.41800000,3129286.16278000,22294
2024-07-14,26.07000000,30.00000000,25.53000000,27.05000000,142714.57200000,3754339.46051000,24876
2024-07-15,27.03000000,28.04000000,26.60000000,27.38000000,122261.37400000,3323383.94169000,21692
2024-07-16,27.36000000,28.10000000,25.94000000,28.00000000,167190.18800000,4551360.53211000,29827
2024-07-17,27.99000000,28.61000000,27.35000000,27.46000000,94313.64600000,2649347.44487000,22447
2024-07-18,27.50000000,28.20000000,26.67000000,27.36000000,69604.94800000,1917527.65904000,18929
2024-07-19,27.36000000,28.00000000,26.25000000,27.49000000,82091.19900000,2219179.55866000,24553
2024-07-20,27.49000000,28.38000000,27.30000000,28.01000000,63723.16200000,1779914.10631000,16639
2024-07-21,28.01000000,28.90000000,27.33000000,28.35000000,118547.87800000,3355708.57667000,28946
2024-07-22,28.36000000,28.63000000,26.59000000,26.78000000,80436.57100000,2196107.83145000,20677
2024-07-23,26.79000000,27.33000000,26.28000000,26.54000000,61886.76000000,1657764.62289000,14487
2024-07-24,26.49000000,27.44000000,26.38000000,26.79000000,58729.27900000,1582942.28706000,16614
2024-07-25,26.80000000,26.80000000,24.75000000,25.71000000,88301.14800000,2252036.11405000,20670
2024-07-26,25.72000000,27.17000000,25.71000000,26.92000000,43114.70500000,1138550.23340000,10095
2024-07-27,26.92000000,27.25000000,26.45000000,26.90000000,37014.03100000,994779.84521000,10888
2024-07-28,26.92000000,27.10000000,26.42000000,26.68000000,50779.72800000,1358926.93889000,14249
2024-07-29,26.72000000,27.81000000,26.68000000,26.75000000,70551.90200000,1924480.64860000,19757
2024-07-30,26.76000000,27.15000000,26.11000000,26.25000000,50010.35300000,1335791.92419000,12951
2024-07-31,26.24000000,27.35000000,26.08000000,26.66000000,54664.93500000,1457783.57082000,13859
2024-08-01,26.68000000,27.17000000,24.02000000,25.71000000,92495.63200000,2365983.78658000,23714
2024-08-02,25.71000000,25.97000000,24.16000000,24.37000000,50249.60200000,1258497.66754000,15417
2024-08-03,24.40000000,25.04000000,22.77000000,23.34000000,92894.68200000,2237636.03429000,22466
2024-08-04,23.37000000,23.62000000,21.43000000,22.26000000,67303.91900000,1522877.22741000,13603
2024-08-05,22.26000000,22.99000000,19.00000000,22.07000000,208600.34600000,4339490.22337000,51232
2024-08-06,22.08000000,22.95000000,21.91000000,22.45000000,65041.36000000,1462423.48763000,17949
2024-08-07,22.45000000,23.25000000,21.79000000,22.17000000,62834.59100000,1412409.88405000,16318
2024-08-08,22.15000000,24.04000000,21.83000000,23.78000000,76496.94300000,1786070.75876000,17435
2024-08-09,23.77000000,24.54000000,23.58000000,24.44000000,90022.47700000,2169912.75036000,20989
2024-08-10,24.43000000,24.62000000,24.03000000,24.50000000,60446.36000000,1471708.60267000,13082
2024-08-11,24.50000000,25.09000000,23.95000000,24.34000000,80569.72300000,1973547.80259000,19083
2024-08-12,24.33000000,25.64000000,23.63000000,25.45000000,90805.15000000,2237393.10002000,21438
2024-08-13,25.44000000,25.96000000,25.10000000,25.42000000,66047.85800000,1685345.92612000,16568
2024-08-14,25.43000000,25.88000000,25.08000000,25.71000000,46413.69800000,1185996.92986000,11490
2024-08-15,25.68000000,25.79000000,24.64000000,25.14000000,66062.40100000,1669007.85906000,15857
2024-08-16,25.13000000,26.04000000,24.75000000,25.27000000,57511.65600000,1464130.84764000,15209
2024-08-17,25.28000000,26.48000000,24.96000000,26.13000000,48658.89600000,1246305.38089000,12629
2024-08-18,26.18000000,26.52000000,25.75000000,25.87000000,46327.24600000,1209408.12566000,13114
2024-08-19,25.89000000,26.05000000,25.27000000,26.05000000,52879.40400000,1357704.81252000,14982
2024-08-20,26.05000000,26.32000000,25.02000000,25.24000000,55773.05200000,1429205.26856000,16841
2024-08-21,25.24000000,26.04000000,24.79000000,25.88000000,48507.14200000,1228407.85167000,13056
2024-08-22,25.88000000,26.64000000,25.60000000,26.19000000,43325.88100000,1132958.19252000,12273
2024-08-23,26.20000000,27.16000000,25.71000000,27.03000000,56524.30800000,1492644.16106000,16170
2024-08-24,27.02000000,27.39000000,26.54000000,26.90000000,55149.98300000,1486592.54721000,13821
2024-08-25,26.90000000,27.11000000,25.96000000,26.34000000,48858.62400000,1292195.06242000,13446
2024-08-26,26.34000000,26.46000000,24.73000000,24.82000000,63040.05500000,1613576.89217000,14953
2024-08-27,24.83000000,24.96000000,23.31000000,23.95000000,66421.46500000,1620169.47775000,16642
2024-08-28,23.94000000,24.39000000,23.06000000,23.67000000,53539.53600000,1279026.04143000,13970
2024-08-29,23.72000000,24.17000000,23.05000000,23.32000000,35727.61700000,849666.79700000,8710
2024-08-30,23.35000000,23.89000000,22.91000000,23.83000000,53697.78100000,1247125.03324000,11620
2024-08-31,23.82000000,23.98000000,23.14000000,23.45000000,30394.22500000,715725.04000000,6672
2024-09-01,23.49000000,23.49000000,22.58000000,22.72000000,36464.18900000,844434.86690000,7835
2024-09-02,22.72000000,23.94000000,22.60000000,23.89000000,56503.23700000,1312702.59654000,9674
2024-09-03,23.90000000,25.25000000,23.81000000,24.17000000,99172.32000000,2428954.20909000,16213
2024-09-04,24.19000000,24.96000000,23.24000000,24.04000000,125278.47100000,3007672.30976000,23078
2024-09-05,24.05000000,24.20000000,23.23000000,24.02000000,55560.61300000,1317377.82910000,10357
2024-09-06,24.01000000,24.19000000,22.58000000,23.20000000,59440.59800000,1397328.43415000,12540
2024-09-07,23.18000000,23.79000000,22.90000000,23.63000000,37273.84300000,872299.42016000,8628
2024-09-08,23.59000000,24.36000000,23.43000000,23.91000000,52960.43400000,1270011.17535000,14233
2024-09-09,23.96000000,25.19000000,23.73000000,24.26000000,67231.03500000,1621058.00628000,12086
2024-09-10,24.29000000,24.29000000,23.82000000,24.01000000,42075.86900000,1011261.47752000,10142
2024-09-11,24.00000000,24.10000000,23.30000000,23.88000000,43786.53400000,1037358.08701000,11345
2024-09-12,23.88000000,24.34000000,23.83000000,24.02000000,31586.82000000,760687.13911000,7276
2024-09-13,24.03000000,24.50000000,23.66000000,24.39000000,39061.05000000,940438.89916000,11073
2024-09-14,24.38000000,24.55000000,24.08000000,24.51000000,39658.72300000,963081.01844000,7797
2024-09-15,24.50000000,24.73000000,23.41000000,23.57000000,37039.82000000,893995.96692000,6757
2024-09-16,23.57000000,23.64000000,23.04000000,23.40000000,66994.75700000,1562441.75923000,13001
2024-09-17,23.40000000,24.23000000,23.15000000,23.97000000,37245.23000000,884814.39829000,8371
2024-09-18,23.97000000,24.72000000,23.26000000,24.72000000,46230.58900000,1102894.62876000,10105
2024-09-19,24.72000000,25.50000000,24.72000000,25.07000000,58551.80900000,1465169.16808000,12228
2024-09-20,25.06000000,25.45000000,24.57000000,25.16000000,53852.36500000,1347080.15877000,11670
2024-09-21,25.17000000,25.57000000,24.90000000,25.47000000,35191.53400000,888062.21615000,8577
2024-09-22,25.46000000,25.51000000,24.38000000,24.92000000,38347.59800000,954251.41612000,8760
2024-09-23,24.93000000,25.42000000,24.64000000,25.11000000,49781.99900000,1249278.41136000,10855
2024-09-24,25.10000000,25.97000000,24.90000000,25.83000000,55603.01100000,1417731.56432000,12708
2024-09-25,25.84000000,26.18000000,25.44000000,25.55000000,41398.68200000,1068814.64301000,11880
2024-09-26,25.55000000,26.22000000,25.28000000,26.00000000,57741.38400000,1496628.14884000,15591
2024-09-27,25.99000000,26.45000000,25.77000000,26.00000000,80410.32700000,2104671.23568000,19861
2024-09-28,26.00000000,26.78000000,25.27000000,25.71000000,124179.14600000,3238184.07649000,27858
2024-09-29,25.73000000,25.81000000,25.17000000,25.54000000,48255.99900000,1231740.43015000,11796
2024-09-30,25.55000000,25.64000000,24.19000000,24.43000000,57816.46600000,1444713.88756000,11914
2024-10-01,24.40000000,24.90000000,22.18000000,22.57000000,276886.49600000,6401176.99078000,50360
2024-10-02,22.57000000,23.57000000,22.44000000,22.89000000,90211.49300000,2081359.81054000,16753
2024-10-03,22.89000000,23.34000000,22.15000000,23.07000000,63978.95500000,1457507.92815000,11326
2024-10-04,23.05000000,23.72000000,22.91000000,23.65000000,55731.31500000,1298048.04954000,9395
2024-10-05,23.65000000,24.08000000,23.50000000,23.85000000,36781.35100000,874730.94658000,7421
2024-10-06,23.82000000,24.43000000,23.72000000,24.25000000,41067.63800000,990511.76688000,8171
2024-10-07,24.26000000,24.54000000,23.63000000,23.70000000,50709.75400000,1227896.93412000,9797
2024-10-08,23.68000000,24.06000000,23.06000000,23.20000000,58722.89300000,1373224.56273000,11501
2024-10-09,23.19000000,23.39000000,22.57000000,22.70000000,44291.42900000,1021067.58861000,9784
2024-10-10,22.71000000,23.00000000,22.35000000,22.99000000,57303.08800000,1300914.50984000,11499
2024-10-11,22.99000000,23.90000000,22.95000000,23.62000000,75691.03800000,1783773.57757000,13495
2024-10-12,23.62000000,24.17000000,23.57000000,24.01000000,36588.83500000,875817.67127000,9135
2024-10-13,24.01000000,24.27000000,23.29000000,23.75000000,52914.26500000,1256761.78580000,10490
2024-10-14,23.77000000,24.50000000,23.41000000,24.45000000,64064.83200000,1545914.68806000,13613
2024-10-15,24.46000000,24.62000000,23.56000000,24.19000000,67799.28600000,1643717.98876000,12744
2024-10-16,24.19000000,24.39000000,23.90000000,24.04000000,46576.07800000,1124582.14458000,9921
2024-10-17,24.05000000,24.22000000,23.42000000,23.71000000,44495.35400000,1055684.82339000,9758
2024-10-18,23.71000000,24.23000000,23.50000000,23.72000000,70111.75400000,1662229.89498000,12308
2024-10-19,23.72000000,24.20000000,23.69000000,24.19000000,45267.28600000,1085171.90639000,9275
2024-10-20,24.20000000,24.73000000,23.81000000,24.70000000,54553.43900000,1327420.46564000,10839
2024-10-21,24.70000000,24.74000000,23.70000000,23.92000000,48923.78400000,1184101.93334000,9852
2024-10-22,23.89000000,23.94000000,23.17000000,23.46000000,50506.10800000,1188882.02894000,8953
2024-10-23,23.45000000,23.48000000,22.53000000,23.26000000,57502.72300000,1325804.57976000,11018
2024-10-24,23.28000000,23.56000000,22.95000000,23.45000000,42980.80000000,1001243.71865000,10261
2024-10-25,23.46000000,23.54000000,21.00000000,21.90000000,76353.16900000,1733749.71703000,13805
2024-10-26,21.90000000,22.38000000,21.65000000,22.15000000,61053.41200000,1345296.35160000,12367
2024-10-27,22.14000000,22.46000000,21.98000000,22.29000000,28280.53500000,628666.56222000,4943
2024-10-28,22.32000000,22.78000000,22.03000000,22.65000000,53681.06100000,1202201.12368000,9162
2024-10-29,22.64000000,23.40000000,22.59000000,23.35000000,73798.70100000,1699020.84493000,12052
2024-10-30,23.36000000,23.47000000,22.91000000,23.11000000,37447.13400000,869846.81058000,7563
2024-10-31,23.12000000,23.20000000,22.12000000,22.19000000,66369.55000000,1496013.67567000,11397
2024-11-01,22.19000000,22.76000000,21.83000000,22.37000000,54001.55800000,1203840.86268000,8965
2024-11-02,22.38000000,22.75000000,22.08000000,22.31000000,48339.41000000,1081418.47032000,7775
2024-11-03,22.32000000,22.34000000,21.08000000,21.81000000,57549.90600000,1246513.35222000,12847
2024-11-04,21.82000000,22.17000000,21.17000000,21.47000000,52234.84000000,1137159.89295000,10397
2024-11-05,21.48000000,22.14000000,21.43000000,22.00000000,49327.50800000,1077867.72226000,9617
2024-11-06,21.99000000,23.39000000,21.97000000,23.35000000,107331.18400000,2458396.24320000,22076
2024-11-07,23.35000000,23.93000000,23.14000000,23.47000000,67841.19800000,1598449.00259000,13281
2024-11-08,23.53000000,23.80000000,23.22000000,23.80000000,49937.97700000,1173678.73957000,10207
2024-11-09,23.80000000,24.97000000,23.72000000,24.93000000,99123.94300000,2400684.21346000,19634
2024-11-10,24.96000000,26.92000000,24.57000000,25.90000000,175184.74500000,4511394.23512000,39497
2024-11-11,25.93000000,26.84000000,25.01000000,26.77000000,179673.01000000,4683218.70809000,44692
2024-11-12,26.77000000,27.21000000,24.67000000,26.26000000,221687.56600000,5759607.20063000,68613
2024-11-13,26.25000000,26.64000000,24.44000000,25.54000000,233030.67400000,5956698.32112000,78997
2024-11-14,25.54000000,26.42000000,24.57000000,25.08000000,139304.55700000,3556894.36361000,41705
2024-11-15,25.07000000,28.05000000,24.73000000,27.84000000,176379.06400000,4677207.80637000,48145
2024-11-16,27.85000000,30.28000000,27.58000000,30.05000000,258598.60300000,7474581.74327000,59421
2024-11-17,30.06000000,30.31000000,26.98000000,27.38000000,155624.25400000,4431236.49636000,39564
2024-11-18,27.39000000,29.83000000,27.39000000,29.61000000,184899.27000000,5332889.13994000,53093
2024-11-19,29.62000000,30.05000000,28.04000000,28.52000000,134728.31400000,3927478.93569000,32082
2024-11-20,28.51000000,28.52000000,26.75000000,27.27000000,116273.37200000,3219679.73010000,29179
2024-11-21,27.29000000,29.58000000,26.96000000,28.73000000,169953.26200000,4874464.38734000,41987
2024-11-22,28.73000000,29.89000000,28.19000000,29.86000000,165095.23900000,4807646.93767000,38313
2024-11-23,29.86000000,35.45000000,29.37000000,33.76000000,456055.15300000,14760615.84216000,100797
2024-11-24,33.78000000,36.55000000,31.81000000,34.20000000,336937.55300000,11509351.31400000,82848
2024-11-25,34.22000000,35.14000000,32.30000000,33.25000000,257189.94300000,8692602.96730000,62443
2024-11-26,33.24000000,35.48000000,30.90000000,33.27000000,228422.32000000,7457336.15189000,58474
2024-11-27,33.26000000,38.88000000,32.89000000,38.13000000,436326.99300000,15833534.85157000,106216
2024-11-28,38.12000000,38.12000000,35.31000000,36.82000000,159414.67600000,5805630.28131000,36834
2024-11-29,36.86000000,37.57000000,35.16000000,37.44000000,123064.65600000,4488113.75177000,30582
2024-11-30,37.43000000,40.39000000,36.72000000,39.49000000,220623.61800000,8563365.82629000,56919
2024-12-01,39.48000000,46.87000000,37.97000000,46.03000000,348817.96000000,14720477.31366000,98142
2024-12-02,46.02000000,58.80000000,46.02000000,52.24000000,1972742.23700000,104763210.02034000,558371
2024-12-03,52.21000000,62.29000000,52.21000000,57.36000000,856032.73100000,47996633.14769000,225725
2024-12-04,57.33000000,62.98000000,55.13000000,58.44000000,546510.95200000,32207080.58724000,186197
2024-12-05,58.45000000,71.64000000,54.98000000,64.81000000,775618.83100000,49691705.57747000,273446
2024-12-06,64.83000000,65.69000000,59.09000000,61.72000000,468228.43700000,28827566.84208000,131316
2024-12-07,61.73000000,62.87000000,58.35000000,59.94000000,224649.31200000,13531234.63309000,70285
2024-12-08,59.95000000,60.30000000,57.67000000,58.21000000,140681.25600000,8284590.60697000,54570
2024-12-09,58.25000000,58.26000000,41.45000000,47.18000000,499000.46300000,25585265.13888000,161459
2024-12-10,47.17000000,47.89000000,40.09000000,45.57000000,531144.15800000,23293753.69936000,138033
2024-12-11,45.56000000,50.00000000,43.40000000,49.14000000,277285.01500000,13104044.24646000,76698
2024-12-12,49.13000000,51.41000000,47.55000000,48.68000000,213002.88200000,10563587.41553000,67672
2024-12-13,48.70000000,49.75000000,47.62000000,48.86000000,146899.99200000,7152710.65244000,44354
2024-12-14,48.87000000,49.05000000,45.07000000,46.12000000,112244.82300000,5248799.64174000,35593
2024-12-15,46.13000000,49.10000000,44.51000000,47.31000000,163538.98900000,7537672.60822000,47880
2024-12-16,47.31000000,48.25000000,43.11000000,44.80000000,178117.19600000,8071583.65203000,55301
2024-12-17,44.82000000,47.05000000,43.65000000,44.38000000,186510.44200000,8397461.76036000,54062
2024-12-18,44.41000000,44.80000000,38.24000000,38.75000000,232152.94700000,9640773.00440000,69508
2024-12-19,38.72000000,40.30000000,34.67000000,36.26000000,277575.28800000,10446178.67472000,74482
2024-12-20,36.27000000,38.50000000,31.45000000,38.14000000,335406.99100000,11952981.94018000,80535
2024-12-21,38.11000000,40.61000000,35.05000000,35.58000000,164701.78500000,6218279.23938000,42314
2024-12-22,35.64000000,37.22000000,34.39000000,35.29000000,158337.96900000,5665038.85270000,35912
2024-12-23,35.29000000,39.80000000,34.50000000,39.13000000,202866.65500000,7558441.70250000,43879
2024-12-24,39.11000000,46.00000000,38.31000000,43.60000000,473134.66800000,19881434.46383000,98829
2024-12-25,43.58000000,49.39000000,43.46000000,45.75000000,518058.90500000,24066292.37982000,121239
2024-12-26,45.77000000,46.44000000,40.57000000,40.65000000,294364.65100000,12655031.01608000,74576
2024-12-27,40.65000000,42.36000000,38.93000000,39.33000000,186947.27000000,7599982.48079000,52584
2024-12-28,39.34000000,43.93000000,38.81000000,43.43000000,138154.22200000,5654534.27123000,33574
2024-12-29,43.44000000,43.88000000,39.35000000,39.78000000,157906.92000000,6600044.48412000,38013
2024-12-30,39.78000000,41.67000000,37.46000000,38.54000000,181867.49400000,7172027.28603000,45255
2024-12-31,38.51000000,39.55000000,37.51000000,37.91000000,97954.26600000,3758843.06841000,27482
2025-01-01,37.93000000,40.65000000,37.20000000,39.40000000,129388.36100000,5081705.71196000,34515
2025-01-02,39.39000000,41.30000000,38.84000000,40.29000000,141880.05200000,5696870.13003000,36582
2025-01-03,40.30000000,43.89000000,39.27000000,43.16000000,156673.89700000,6557275.54847000,39457
2025-01-04,43.16000000,43.70000000,42.07000000,42.69000000,102690.52800000,4397071.70439000,29129
2025-01-05,42.70000000,44.54000000,42.01000000,43.70000000,145033.44200000,6267932.08105000,42197
2025-01-06,43.72000000,44.70000000,42.50000000,43.81000000,116501.16000000,5075916.00433000,35098
2025-01-07,43.81000000,43.81000000,38.50000000,38.66000000,140387.32700000,5735616.73717000,47025
2025-01-08,38.66000000,39.25000000,35.41000000,37.61000000,176107.12800000,6604267.11831000,39838
2025-01-09,37.61000000,38.17000000,35.61000000,36.85000000,108574.73100000,4003456.25017000,24406
2025-01-10,36.85000000,37.77000000,36.08000000,37.56000000,122777.75200000,4553542.08683000,27634
2025-01-11,37.54000000,37.88000000,36.71000000,37.29000000,57635.53100000,2151604.73610000,20994
2025-01-12,37.30000000,37.56000000,36.36000000,36.84000000,56278.18400000,2082857.34281000,15252
2025-01-13,36.87000000,37.75000000,33.00000000,35.41000000,179927.04300000,6255318.01293000,43877
2025-01-14,35.41000000,37.99000000,35.13000000,37.75000000,74345.61900000,2711994.84501000,19463
2025-01-15,37.74000000,40.34000000,36.80000000,40.10000000,161763.56700000,6255703.92783000,43034
2025-01-16,40.12000000,40.77000000,38.56000000,39.49000000,180445.62800000,7144047.69200000,45524
2025-01-17,39.53000000,44.53000000,39.49000000,43.56000000,273990.40800000,11794287.96461000,75127
2025-01-18,43.59000000,44.31000000,39.04000000,40.00000000,183137.49000000,7525065.44140000,50053
2025-01-19,40.00000000,40.63000000,35.01000000,35.72000000,245700.31900000,9251032.13109000,68866
2025-01-20,35.72000000,39.22000000,34.64000000,36.30000000,245091.77700000,8990188.49788000,76040
2025-01-21,36.30000000,38.15000000,34.38000000,36.86000000,145538.22700000,5304430.38824000,44656
2025-01-22,36.85000000,37.55000000,35.62000000,35.83000000,87426.04100000,3202686.68570000,25671
2025-01-23,35.83000000,36.41000000,34.49000000,35.50000000,132745.25800000,4683298.28503000,34107
2025-01-24,35.51000000,36.13000000,34.28000000,34.99000000,82648.55500000,2923262.40671000,19126
2025-01-25,34.97000000,35.67000000,34.54000000,35.22000000,73014.31300000,2567874.95073000,14762
2025-01-26,35.23000000,35.67000000,33.78000000,33.81000000,67812.36400000,2366395.70732000,15797
2025-01-27,33.81000000,33.94000000,30.59000000,33.20000000,173325.25500000,5588971.18034000,36179
2025-01-28,33.23000000,33.60000000,30.81000000,31.02000000,84284.13400000,2742582.57734000,15794
2025-01-29,31.00000000,33.15000000,30.76000000,32.09000000,92384.76900000,2938697.01726000,18318
2025-01-30,32.11000000,34.92000000,31.81000000,34.10000000,105840.06200000,3551793.00728000,21298
2025-01-31,34.11000000,35.09000000,33.10000000,33.91000000,97809.22700000,3323828.69923000,21016
2025-02-01,33.88000000,34.80000000,30.40000000,30.43000000,146396.51700000,4798322.11551000,27123
2025-02-02,30.44000000,31.30000000,25.26000000,26.89000000,291580.32100000,8213760.27084000,50043
2025-02-03,26.83000000,27.16000000,20.10000000,26.88000000,549112.52100000,13214245.40043000,89410
2025-02-04,26.88000000,27.24000000,24.18000000,25.68000000,229431.18200000,5826073.17127000,32284
2025-02-05,25.65000000,26.36000000,25.00000000,25.32000000,119360.26600000,3072839.48565000,17738
2025-02-06,25.35000000,25.80000000,23.94000000,24.56000000,107408.83800000,2671027.32964000,15096
2025-02-07,24.56000000,26.25000000,24.15000000,25.04000000,216271.85300000,5452560.41190000,24243
2025-02-08,25.03000000,25.81000000,24.43000000,25.77000000,77570.16400000,1937910.65475000,10750
2025-02-09,25.77000000,26.67000000,24.77000000,25.80000000,100620.04800000,2596166.79016000,15616
2025-02-10,25.79000000,27.08000000,25.02000000,27.08000000,89262.97700000,2359346.43455000,12707
2025-02-11,27.07000000,28.40000000,26.36000000,27.01000000,122051.42800000,3350974.17137000,18778
2025-02-12,27.00000000,28.00000000,25.67000000,27.92000000,110261.33600000,2947000.54747000,16996
2025-02-13,27.92000000,28.62000000,26.96000000,27.74000000,86080.37500000,2375394.28575000,12686
2025-02-14,27.72000000,29.06000000,27.17000000,27.95000000,173390.89500000,4910931.37122000,26568
2025-02-15,27.97000000,28.28000000,26.88000000,27.07000000,67706.58500000,1857455.61358000,9880
2025-02-16,27.07000000,27.40000000,26.57000000,26.77000000,61336.96500000,1653940.93642000,10748
2025-02-17,26.77000000,27.43000000,25.93000000,26.48000000,83351.82700000,2222567.03076000,13395
2025-02-18,26.49000000,26.58000000,24.95000000,25.78000000,80946.33300000,2076835.96215000,11993
2025-02-19,25.78000000,26.59000000,25.43000000,26.54000000,137758.95400000,3602305.46025000,18920
2025-02-20,26.49000000,27.92000000,26.31000000,27.66000000,54355.77100000,1466768.05533000,9520
2025-02-21,27.65000000,28.55000000,26.28000000,26.62000000,101735.14000000,2803598.72918000,16702
2025-02-22,26.61000000,27.63000000,26.50000000,27.36000000,55499.59000000,1506067.99517000,9501
2025-02-23,27.36000000,27.78000000,26.76000000,27.10000000,60547.72500000,1648549.18499000,11835
2025-02-24,27.10000000,27.18000000,23.83000000,24.13000000,175809.10700000,4446440.97428000,26902
2025-02-25,24.14000000,25.35000000,22.76000000,25.34000000,205901.28000000,4920088.09699000,24786
2025-02-26,25.33000000,26.66000000,24.82000000,26.39000000,184929.46400000,4763325.72316000,26507
2025-02-27,26.40000000,27.16000000,25.24000000,26.19000000,86075.80300000,2270321.80569000,19741
2025-02-28,26.16000000,26.29000000,23.97000000,25.92000000,133153.13200000,3337975.04795000,27883
2025-03-01,25.92000000,26.47000000,24.75000000,25.46000000,93811.04900000,2393722.69492000,17911
2025-03-02,25.44000000,28.00000000,25.10000000,27.34000000,162204.16900000,4303850.58671000,34986
2025-03-03,27.34000000,27.53000000,23.77000000,24.06000000,141219.31800000,3624871.86023000,25673
2025-03-04,24.06000000,24.54000000,22.00000000,24.18000000,136160.15600000,3196650.84718000,20745
2025-03-05,24.16000000,25.01000000,23.83000000,24.96000000,70225.62800000,1710989.25433000,13204
2025-03-06,24.94000000,25.40000000,24.22000000,24.41000000,84320.54000000,2088200.87557000,15076
2025-03-07,24.41000000,25.01000000,23.26000000,24.23000000,97273.03400000,2367314.53885000,17027
2025-03-08,24.17000000,24.51000000,23.77000000,24.08000000,73093.77300000,1766769.07795000,11003
2025-03-09,24.07000000,24.27000000,21.66000000,21.99000000,100489.36500000,2283667.08836000,16233
2025-03-10,22.01000000,23.20000000,20.58000000,20.99000000,124098.08000000,2711185.76112000,18641
2025-03-11,20.98000000,22.35000000,19.82000000,21.73000000,130981.57500000,2783569.31047000,23079
2025-03-12,21.76000000,22.39000000,21.11000000,22.17000000,105988.40400000,2316746.74295000,17727
2025-03-13,22.16000000,22.50000000,21.54000000,22.14000000,59356.01700000,1302470.00300000,8592
2025-03-14,22.16000000,23.09000000,22.12000000,22.62000000,71366.21900000,1612831.24984000,9996
2025-03-15,22.59000000,23.28000000,22.52000000,23.14000000,63435.22900000,1449595.57179000,9068
2025-03-16,23.14000000,23.32000000,22.32000000,22.67000000,50537.76900000,1151739.90769000,8089
2025-03-17,22.67000000,23.55000000,22.60000000,23.31000000,59469.62100000,1374361.16813000,11113
2025-03-18,23.31000000,24.19000000,22.58000000,24.12000000,88165.36100000,2034479.51427000,14092
2025-03-19,24.14000000,24.66000000,23.74000000,24.30000000,93662.53600000,2261980.26747000,14273
2025-03-20,24.32000000,24.45000000,23.61000000,23.67000000,42159.05200000,1012759.27341000,6187
2025-03-21,23.67000000,23.89000000,22.84000000,22.96000000,37526.95400000,873691.93778000,5743
2025-03-22,22.97000000,23.60000000,22.92000000,23.34000000,38093.37500000,887509.81923000,7644
2025-03-23,23.34000000,25.70000000,22.56000000,23.37000000,116940.30800000,2763582.47223000,22888
2025-03-24,23.35000000,24.16000000,23.16000000,23.95000000,57856.51000000,1376262.17648000,7545
2025-03-25,23.96000000,24.24000000,23.53000000,24.08000000,54036.92100000,1293630.26891000,8640
2025-03-26,24.10000000,24.60000000,23.77000000,24.02000000,55748.73400000,1350528.25478000,7944
2025-03-27,24.01000000,24.41000000,23.59000000,23.91000000,57261.30700000,1378848.87360000,7546
2025-03-28,23.91000000,24.10000000,22.55000000,22.88000000,97390.52500000,2247646.43157000,12512
2025-03-29,22.89000000,22.98000000,21.07000000,21.41000000,77879.01000000,1692482.99705000,10826
2025-03-30,21.40000000,22.10000000,21.31000000,22.03000000,44759.44800000,978482.85345000,7634
2025-03-31,22.03000000,22.56000000,21.55000000,22.35000000,64789.79600000,1431950.58233000,9449
2025-04-01,22.33000000,23.10000000,22.29000000,22.60000000,58675.87900000,1332223.31467000,8480
2025-04-02,22.61000000,22.82000000,21.17000000,21.47000000,95693.76100000,2119320.58502000,14418
2025-04-03,21.47000000,22.03000000,20.60000000,21.63000000,67432.87300000,1441799.74269000,10506
2025-04-04,21.64000000,21.90000000,21.07000000,21.68000000,73433.55500000,1587934.58491000,9751
2025-04-05,21.69000000,21.90000000,21.21000000,21.45000000,38072.27000000,817730.36600000,4634
2025-04-06,21.47000000,21.47000000,19.50000000,19.96000000,73348.96000000,1506804.01721000,8539
2025-04-07,19.95000000,20.32000000,17.81000000,19.69000000,195896.12600000,3745835.05527000,25574
2025-04-08,19.67000000,20.23000000,18.94000000,18.98000000,54544.14000000,1068868.37741000,7933
2025-04-09,18.96000000,21.00000000,18.60000000,20.77000000,92810.40200000,1847570.93824000,10545
2025-04-10,20.77000000,20.88000000,19.55000000,19.93000000,76567.64800000,1544303.05322000,8944
2025-04-11,19.93000000,20.96000000,19.87000000,20.52000000,49076.56400000,1003096.03044000,8147
2025-04-12,20.52000000,21.42000000,20.33000000,21.32000000,54215.02400000,1136221.01204000,7376
2025-04-13,21.34000000,21.40000000,20.47000000,20.61000000,51969.56900000,1082612.77116000,7057
2025-04-14,20.59000000,21.12000000,20.54000000,20.55000000,51754.94800000,1076129.75018000,7870
2025-04-15,20.57000000,20.85000000,20.23000000,20.25000000,43995.24800000,905980.10906000,6574
2025-04-16,20.26000000,20.56000000,19.94000000,20.16000000,79611.12800000,1606996.46813000,8158
2025-04-17,20.17000000,20.59000000,20.07000000,20.40000000,33486.47400000,680297.33797000,4118
2025-04-18,20.41000000,21.21000000,20.23000000,20.88000000,46189.11800000,960420.49573000,6573
2025-04-19,20.88000000,21.33000000,20.82000000,21.07000000,39280.92200000,830503.66020000,6129
2025-04-20,21.07000000,21.45000000,20.95000000,21.26000000,48893.34300000,1038478.75369000,9688
2025-04-21,21.25000000,21.61000000,20.82000000,20.97000000,59808.34200000,1272272.98736000,14413
2025-04-22,20.95000000,22.19000000,20.54000000,22.13000000,75057.78700000,1590822.46685000,20858
2025-04-23,22.17000000,22.80000000,22.04000000,22.41000000,72925.39900000,1634118.36535000,9355
2025-04-24,22.41000000,22.43000000,21.56000000,22.20000000,48220.18500000,1062483.87933000,7541
2025-04-25,22.21000000,22.71000000,21.98000000,22.37000000,67654.69300000,1517084.39602000,11023
2025-04-26,22.40000000,22.83000000,22.18000000,22.58000000,50363.38500000,1135238.68885000,7929
2025-04-27,22.57000000,22.65000000,21.30000000,21.35000000,68830.87800000,1504443.99787000,10484
2025-04-28,21.34000000,25.00000000,20.91000000,23.57000000,442394.72400000,10472992.72534000,82387
2025-04-29,23.57000000,24.15000000,22.85000000,23.12000000,112611.14500000,2653467.81914000,22291
2025-04-30,23.13000000,24.62000000,22.81000000,23.51000000,136129.03800000,3209816.73673000,23099
2025-05-01,23.50000000,23.69000000,23.00000000,23.15000000,70903.79500000,1656327.92623000,12383
2025-05-02,23.15000000,24.06000000,23.01000000,23.66000000,94205.86400000,2215192.60452000,15844
2025-05-03,23.67000000,23.76000000,22.06000000,22.50000000,70923.87400000,1626811.88899000,10684
2025-05-04,22.50000000,22.59000000,21.66000000,21.91000000,70904.88700000,1561159.15565000,11699
2025-05-05,21.92000000,22.18000000,21.56000000,21.78000000,65641.89000000,1435901.07183000,9956
2025-05-06,21.78000000,22.03000000,20.50000000,21.16000000,92543.58700000,1963321.40906000,15804
2025-05-07,21.17000000,21.70000000,20.65000000,21.42000000,96214.15900000,2043739.83437000,16051
2025-05-08,21.42000000,23.30000000,21.39000000,23.20000000,102466.25100000,2303754.93453000,18949
2025-05-09,23.19000000,24.35000000,22.99000000,23.95000000,132201.94100000,3143161.50363000,30964
2025-05-10,23.96000000,25.28000000,23.77000000,25.20000000,136908.87300000,3319311.62415000,33166
2025-05-11,25.20000000,25.36000000,24.08000000,24.58000000,91620.38300000,2261104.24090000,20355
2025-05-12,24.59000000,25.70000000,23.77000000,24.81000000,151760.80000000,3788730.06994000,36666
2025-05-13,24.82000000,25.84000000,23.49000000,25.70000000,104250.59400000,2587164.51599000,27278
2025-05-14,25.70000000,26.06000000,24.67000000,24.78000000,86909.80700000,2204364.01858000,23850
2025-05-15,24.78000000,25.34000000,22.71000000,23.70000000,142036.56100000,3382212.09498000,31558
2025-05-16,23.70000000,24.15000000,23.25000000,23.40000000,45668.66200000,1087785.54214000,7983
2025-05-17,23.41000000,23.53000000,22.63000000,22.88000000,59933.04700000,1377836.61135000,9102
2025-05-18,22.89000000,24.04000000,22.65000000,23.90000000,53126.64400000,1244018.89875000,10333
2025-05-19,23.90000000,23.93000000,22.55000000,23.42000000,53914.97500000,1243226.78241000,7340
2025-05-20,23.43000000,23.87000000,22.95000000,23.57000000,55299.57800000,1293090.94028000,7666
2025-05-21,23.57000000,24.30000000,23.08000000,24.00000000,74278.42100000,1760140.75957000,11330
2025-05-22,23.98000000,25.62000000,23.90000000,25.02000000,102199.13400000,2538301.88840000,16662
2025-05-23,25.04000000,25.68000000,23.30000000,23.36000000,115812.75300000,2830745.41263000,30567
2025-05-24,23.37000000,23.75000000,23.09000000,23.23000000,49612.20800000,1163756.24184000,8863
2025-05-25,23.22000000,23.69000000,22.56000000,23.68000000,81251.28800000,1864696.32281000,14037
2025-05-26,23.67000000,24.08000000,23.40000000,23.54000000,49781.84600000,1180268.50213000,8384
2025-05-27,23.54000000,24.24000000,23.08000000,23.98000000,45034.66100000,1077131.02780000,8011
2025-05-28,23.97000000,24.29000000,23.34000000,23.82000000,48378.98400000,1154656.48576000,8689
2025-05-29,23.82000000,24.26000000,23.10000000,23.20000000,41475.70600000,979590.71266000,7311
2025-05-30,23.21000000,23.34000000,21.72000000,21.80000000,114469.54600000,2565937.47169000,16405
2025-05-31,21.80000000,22.12000000,21.31000000,21.89000000,52742.86300000,1144178.28233000,6588
2025-06-01,21.89000000,22.20000000,21.49000000,22.14000000,72902.99500000,1594709.70309000,9100
2025-06-02,22.15000000,22.36000000,21.59000000,22.33000000,78121.21700000,1708539.14414000,7910
2025-06-03,22.33000000,22.65000000,22.12000000,22.36000000,67140.27900000,1501504.24011000,8026
2025-06-04,22.36000000,22.59000000,21.51000000,21.52000000,51838.31600000,1146184.26327000,7357
2025-06-05,21.53000000,21.74000000,20.28000000,20.55000000,106672.90400000,2253908.60894000,18308
2025-06-06,20.55000000,21.53000000,20.28000000,21.27000000,51528.17100000,1080516.22519000,7147
2025-06-07,21.27000000,21.76000000,21.22000000,21.66000000,32614.03800000,702848.28505000,4668
2025-06-08,21.64000000,21.81000000,21.22000000,21.50000000,32895.15400000,707524.77130000,4391
2025-06-09,21.49000000,22.32000000,21.19000000,22.32000000,49916.47500000,1082974.43980000,7949
2025-06-10,22.32000000,22.95000000,21.90000000,22.69000000,82101.69500000,1843955.22299000,10214
2025-06-11,22.71000000,22.73000000,21.69000000,21.89000000,98459.00800000,2198993.55925000,16208
2025-06-12,21.89000000,21.89000000,20.61000000,20.71000000,52173.53300000,1109017.88142000,10984
2025-06-13,20.71000000,20.71000000,19.38000000,20.46000000,87779.13800000,1762863.27907000,11265
2025-06-14,20.48000000,20.60000000,20.02000000,20.20000000,33141.31900000,673461.75845000,4466
2025-06-15,20.19000000,20.45000000,19.91000000,20.13000000,28762.31800000,580856.82370000,4917
2025-06-16,20.14000000,20.93000000,19.94000000,20.17000000,49386.09700000,1019302.11984000,7982
2025-06-17,20.16000000,20.43000000,19.41000000,19.63000000,48291.46300000,963235.86600000,7749
2025-06-18,19.61000000,20.08000000,19.16000000,19.85000000,46564.93200000,911688.02663000,6910
2025-06-19,19.85000000,20.02000000,19.58000000,19.90000000,28301.30100000,560129.93827000,4134
2025-06-20,19.91000000,20.33000000,19.03000000,19.52000000,48299.38900000,950240.21202000,6736
2025-06-21,19.50000000,19.72000000,18.38000000,18.83000000,54743.30900000,1043189.94615000,8425
2025-06-22,18.84000000,19.04000000,17.40000000,18.30000000,98015.56100000,1786725.73196000,11983
2025-06-23,18.30000000,19.81000000,18.07000000,19.74000000,90003.27000000,1690917.51679000,13163
2025-06-24,19.74000000,20.23000000,19.69000000,20.12000000,45236.38400000,902938.34837000,8552
2025-06-25,20.12000000,20.32000000,19.62000000,19.73000000,56566.44500000,1132592.57079000,9027
2025-06-26,19.72000000,20.17000000,19.15000000,19.25000000,31552.22600000,618520.88637000,5244
2025-06-27,19.26000000,19.61000000,19.12000000,19.48000000,30826.52600000,596908.85006000,5171
2025-06-28,19.48000000,19.93000000,19.36000000,19.88000000,30996.85900000,606457.78427000,5339
2025-06-29,19.86000000,20.47000000,19.75000000,20.36000000,42683.85700000,853960.60239000,6332
2025-06-30,20.35000000,20.52000000,19.72000000,20.03000000,87282.66400000,1766683.79299000,10352
2025-07-01,20.03000000,20.08000000,19.04000000,19.27000000,41154.43400000,805327.11825000,6654
2025-07-02,19.27000000,20.60000000,19.11000000,20.50000000,51070.29400000,1021884.09126000,10041
2025-07-03,20.50000000,20.97000000,20.25000000,20.42000000,51995.54300000,1072546.42505000,12500
2025-07-04,20.45000000,20.53000000,19.66000000,19.71000000,44554.20800000,895091.60962000,9820
2025-07-05,19.71000000,19.97000000,19.59000000,19.81000000,27509.95300000,544856.41178000,5968
2025-07-06,19.80000000,20.30000000,19.66000000,20.05000000,37766.22600000,754979.57283000,5694
2025-07-07,20.05000000,20.28000000,19.66000000,19.85000000,35984.32800000,719223.27152000,5646
2025-07-08,19.86000000,20.21000000,19.63000000,19.99000000,40531.10100000,808209.73155000,7068
2025-07-09,20.02000000,20.89000000,19.82000000,20.72000000,66339.06000000,1348641.95953000,10071
2025-07-10,20.73000000,21.69000000,20.62000000,21.52000000,88773.60700000,1868023.43433000,13060
2025-07-11,21.53000000,22.56000000,21.28000000,21.78000000,133905.56600000,2944332.21246000,28019
2025-07-12,21.79000000,22.12000000,21.14000000,21.85000000,83130.05500000,1803594.12988000,16093
2025-07-13,21.85000000,23.08000000,21.67000000,22.28000000,93435.26300000,2101494.50695000,19284
2025-07-14,22.28000000,23.21000000,21.88000000,22.14000000,90283.15600000,2046649.43820000,24014
2025-07-15,22.14000000,22.38000000,21.14000000,22.31000000,85864.25300000,1855900.03946000,21133
2025-07-16,22.30000000,23.08000000,21.71000000,22.69000000,90530.29400000,2029199.26852000,21732
2025-07-17,22.68000000,22.99000000,22.17000000,22.63000000,82134.05900000,1859821.75337000,18927
2025-07-18,22.64000000,24.93000000,22.58000000,23.65000000,182717.00500000,4357451.50324000,26416
2025-07-19,23.66000000,24.83000000,23.04000000,24.33000000,83535.92200000,1996505.39079000,16473
2025-07-20,24.35000000,25.96000000,24.10000000,25.20000000,145232.96700000,3661475.83831000,24033
2025-07-21,25.20000000,25.84000000,24.67000000,25.01000000,96978.43800000,2447155.46027000,15726
2025-07-22,25.01000000,25.84000000,24.01000000,25.42000000,98309.13500000,2447848.58347000,18969
2025-07-23,25.41000000,25.74000000,22.89000000,23.27000000,81939.71100000,2005087.71084000,18756
2025-07-24,23.28000000,23.60000000,21.94000000,22.78000000,84910.74600000,1940428.32627000,19308
2025-07-25,22.79000000,23.06000000,22.07000000,22.75000000,67245.58800000,1511409.90556000,14276
2025-07-26,22.75000000,22.98000000,22.26000000,22.48000000,78691.88300000,1778024.51791000,15138
2025-07-27,22.50000000,23.28000000,22.32000000,23.17000000,69131.56100000,1575088.22105000,10668
2025-07-28,23.18000000,23.74000000,21.62000000,21.72000000,93025.70300000,2128764.17823000,16329
2025-07-29,21.73000000,22.08000000,20.89000000,21.21000000,90625.16000000,1941832.28381000,14632
2025-07-30,21.21000000,21.43000000,20.29000000,21.34000000,87909.19600000,1839948.94616000,18304
2025-07-31,21.36000000,22.00000000,20.45000000,20.54000000,71816.27300000,1539175.49479000,15301
2025-08-01,20.55000000,20.92000000,20.00000000,20.39000000,107050.63100000,2194006.65107000,21872
2025-08-02,20.39000000,20.61000000,19.76000000,20.06000000,68279.62800000,1377091.04710000,9143
2025-08-03,20.06000000,20.75000000,19.87000000,20.64000000,44478.58400000,907017.74906000,7690
2025-08-04,20.64000000,21.91000000,20.54000000,21.78000000,67893.39900000,1438756.73315000,9539
2025-08-05,21.78000000,21.78000000,20.73000000,21.11000000,89087.18900000,1890659.67605000,14048
2025-08-06,21.11000000,21.50000000,20.61000000,21.11000000,55893.61300000,1177483.75464000,9167
2025-08-07,21.11000000,21.98000000,20.92000000,21.96000000,51174.22600000,1098867.61559000,8047
2025-08-08,21.97000000,22.94000000,21.78000000,22.59000000,87490.46200000,1952584.61472000,15825
2025-08-09,22.59000000,23.29000000,22.53000000,23.19000000,77842.54400000,1795204.61587000,14393
2025-08-10,23.20000000,23.52000000,22.50000000,23.07000000,85690.10400000,1979380.27933000,15672
2025-08-11,23.08000000,23.76000000,22.35000000,22.59000000,107269.64800000,2481685.73984000,16987
2025-08-12,22.56000000,23.73000000,22.09000000,23.42000000,81733.10100000,1884583.43649000,11474
2025-08-13,23.43000000,24.05000000,23.09000000,23.89000000,77223.69800000,1828094.05638000,13268
2025-08-14,23.89000000,24.25000000,21.92000000,22.21000000,105039.11300000,2404860.03227000,16325
2025-08-15,22.22000000,22.74000000,21.54000000,22.26000000,52169.77000000,1158270.36545000,9105
2025-08-16,22.28000000,23.50000000,22.27000000,23.24000000,57965.57300000,1327218.55647000,7868
2025-08-17,23.24000000,23.57000000,22.84000000,22.86000000,50122.43400000,1166224.89510000,8325
2025-08-18,22.86000000,22.94000000,21.96000000,22.19000000,53838.23800000,1202106.51613000,8458
2025-08-19,22.19000000,22.45000000,21.27000000,21.31000000,76180.13200000,1669335.29656000,10881
2025-08-20,21.31000000,22.36000000,21.12000000,22.22000000,61742.13000000,1340579.56449000,9203
2025-08-21,22.25000000,22.44000000,21.75000000,22.01000000,49573.14800000,1089850.59570000,6908
2025-08-22,22.02000000,23.30000000,21.11000000,23.21000000,107113.97400000,2393142.48365000,15725
2025-08-23,23.22000000,23.77000000,22.76000000,23.27000000,89986.61900000,2089531.02505000,13947
2025-08-24,23.28000000,23.68000000,22.50000000,22.93000000,63368.18100000,1456572.95391000,9839
2025-08-25,22.94000000,23.27000000,21.42000000,21.71000000,89598.33400000,1989918.78205000,10002
2025-08-26,21.72000000,23.63000000,21.58000000,23.21000000,131230.54700000,2965091.82557000,15306
2025-08-27,23.24000000,23.73000000,22.80000000,23.55000000,87804.09700000,2047260.35988000,11429
2025-08-28,23.55000000,23.92000000,22.92000000,23.47000000,62594.83000000,1471050.74063000,8620
2025-08-29,23.46000000,23.62000000,22.30000000,22.69000000,63506.66400000,1453460.59839000,10587
2025-08-30,22.70000000,24.47000000,22.34000000,24.24000000,80662.14300000,1889310.81341000,13638
2025-08-31,24.25000000,24.87000000,23.58000000,23.60000000,169642.54900000,4107095.26746000,22591
2025-09-01,23.60000000,23.62000000,22.25000000,22.75000000,77310.25200000,1772238.17102000,11437
2025-09-02,22.78000000,23.36000000,22.44000000,23.30000000,52636.04000000,1213700.47642000,7412
2025-09-03,23.30000000,24.17000000,23.14000000,23.98000000,73284.51300000,1736838.83335000,11306
2025-09-04,23.97000000,24.10000000,23.05000000,23.25000000,76412.78500000,1791201.25901000,11049
2025-09-05,23.25000000,24.45000000,23.22000000,23.93000000,65818.30800000,1572807.87424000,10765
2025-09-06,23.95000000,24.10000000,23.41000000,23.63000000,30273.59400000,717053.26271000,6934
2025-09-07,23.64000000,25.44000000,23.62000000,24.62000000,124530.16100000,3089960.02643000,21750
2025-09-08,24.64000000,25.60000000,24.47000000,25.10000000,115677.39200000,2915456.07011000,23328
2025-09-09,25.11000000,25.65000000,24.50000000,24.90000000,86416.63800000,2169496.21507000,16077
2025-09-10,24.90000000,25.33000000,24.27000000,24.64000000,50666.78800000,1254052.22974000,14827
2025-09-11,24.65000000,24.98000000,23.70000000,24.59000000,53271.28300000,1308316.52606000,11363
2025-09-12,24.60000000,25.01000000,24.16000000,24.99000000,47673.65300000,1175308.53047000,10311
2025-09-13,24.96000000,25.60000000,24.73000000,25.37000000,58188.65900000,1466748.13653000,14292
2025-09-14,25.34000000,25.34000000,23.97000000,24.24000000,49701.98100000,1219151.97636000,14026
2025-09-15,24.23000000,24.53000000,22.74000000,23.24000000,88357.21000000,2077748.84565000,14204
2025-09-16,23.23000000,23.93000000,22.96000000,23.70000000,51355.23700000,1210306.66244000,9514
2025-09-17,23.70000000,24.25000000,23.17000000,24.01000000,61589.13600000,1448159.77062000,16977
2025-09-18,24.04000000,25.00000000,23.88000000,24.40000000,76436.36400000,1857277.38530000,15398
2025-09-19,24.40000000,24.68000000,23.05000000,23.18000000,65941.04100000,1563757.96512000,13815
2025-09-20,23.18000000,23.61000000,23.02000000,23.27000000,30095.60800000,700718.55973000,8172
2025-09-21,23.27000000,23.35000000,22.84000000,22.94000000,33416.17400000,770727.80546000,8251
2025-09-22,22.93000000,23.01000000,20.10000000,21.07000000,124678.78800000,2649555.02170000,20853
2025-09-23,21.08000000,21.33000000,20.62000000,21.03000000,45905.20700000,968863.06699000,8464
2025-09-24,21.05000000,21.60000000,20.67000000,21.17000000,43902.59100000,934277.47775000,7866
2025-09-25,21.16000000,21.18000000,19.92000000,20.10000000,74375.69700000,1525115.15511000,14095
2025-09-26,20.11000000,20.71000000,19.90000000,20.68000000,41705.11700000,844430.85427000,7923
2025-09-27,20.67000000,21.22000000,20.53000000,20.92000000,38598.21700000,807967.42753000,6140
2025-09-28,20.92000000,21.33000000,20.63000000,21.30000000,30085.61400000,629255.49333000,7497
2025-09-29,21.30000000,23.07000000,21.25000000,22.68000000,148683.09000000,3304933.14137000,26172
2025-09-30,22.69000000,23.06000000,21.92000000,22.40000000,65861.04800000,1477711.95058000,12265
2025-10-01,22.41000000,34.34000000,22.18000000,31.23000000,1185082.19400000,33765035.07900000,206348
2025-10-02,31.25000000,39.00000000,29.63000000,32.64000000,1481865.68600000,50058256.09319000,299933
2025-10-03,32.64000000,35.99000000,31.00000000,31.58000000,599129.62900000,20008317.07928000,125797
2025-10-04,31.58000000,36.78000000,29.58000000,34.24000000,610834.44800000,20040826.83358000,126041
2025-10-05,34.24000000,37.04000000,33.52000000,35.39000000,507472.87900000,17843846.05408000,137372
2025-10-06,35.40000000,35.99000000,34.20000000,34.49000000,237788.79100000,8286905.44854000,58757
2025-10-07,34.49000000,34.62000000,29.71000000,29.93000000,249042.93000000,7981828.72045000,50013
2025-10-08,29.96000000,34.99000000,28.46000000,33.13000000,533488.66400000,16720420.16828000,110947
2025-10-09,33.14000000,36.20000000,30.01000000,35.10000000,677102.97900000,22255694.56660000,95147
2025-10-10,35.11000000,49.17000000,30.15000000,37.71000000,2497632.34700000,106331837.13019000,524310
2025-10-11,37.72000000,43.68000000,33.44000000,39.57000000,1014389.26800000,39216043.11716000,240817
2025-10-12,39.58000000,59.60000000,37.15000000,53.22000000,1755233.50900000,90827101.99885000,486710
2025-10-13,53.21000000,61.48000000,49.44000000,50.76000000,927221.68300000,50439185.97032000,326240
2025-10-14,50.76000000,51.28000000,43.45000000,45.23000000,636890.91200000,29355468.71353000,193759
2025-10-15,45.23000000,53.00000000,44.33000000,45.62000000,660111.73100000,31996370.58645000,178153
2025-10-16,45.63000000,49.96000000,41.82000000,42.20000000,491029.02000000,22691281.70861000,172947
2025-10-17,42.21000000,48.32000000,38.72000000,43.23000000,637601.99800000,26942922.48196000,182036
2025-10-18,43.23000000,47.78000000,42.09000000,42.60000000,385837.45300000,17266352.22660000,114666
2025-10-19,42.59000000,45.82000000,41.76000000,43.61000000,300247.32100000,13099292.87471000,87406
2025-10-20,43.60000000,51.90000000,41.50000000,48.92000000,605202.66100000,28139198.91354000,176102
2025-10-21,48.89000000,51.02000000,44.26000000,45.22000000,603014.39900000,28266280.71249000,224420
2025-10-22,45.20000000,47.59000000,40.66000000,41.60000000,377660.04900000,16728716.93702000,97901
2025-10-23,41.59000000,43.60000000,40.88000000,41.80000000,199036.13000000,8354201.86042000,57334
2025-10-24,41.81000000,43.50000000,39.29000000,41.87000000,325506.58700000,13545001.97215000,70760
2025-10-25,41.89000000,42.40000000,40.51000000,42.04000000,170877.29100000,7093257.01333000,46879
2025-10-26,42.04000000,52.00000000,41.23000000,49.87000000,722570.48200000,34319669.29468000,171695
2025-10-27,49.86000000,54.26000000,48.00000000,48.66000000,576719.68300000,29310664.57670000,154121
2025-10-28,48.68000000,49.73000000,45.10000000,45.76000000,339505.83100000,16175137.13990000,85860
2025-10-29,45.76000000,49.51000000,42.80000000,46.38000000,351686.70900000,16615610.26185000,96900
2025-10-30,46.36000000,47.62000000,41.13000000,44.01000000,316822.82700000,14028160.88054000,83477
2025-10-31,43.99000000,53.26000000,43.66000000,52.90000000,500859.58000000,24001561.61021000,128489
2025-11-01,52.86000000,76.76000000,52.20000000,73.71000000,2254027.65900000,150191612.91579000,703940
2025-11-02,73.73000000,96.92000000,70.26000000,89.66000000,2110200.59000000,182397069.87258000,811241
2025-11-03,89.70000000,119.96000000,79.56000000,119.07000000,2302724.28000000,224266874.95391000,916404
2025-11-04,119.06000000,150.00000000,109.93000000,121.12000000,3396826.70400000,437309172.29691000,1795022
2025-11-05,121.23000000,123.90000000,100.00000000,104.23000000,1963305.06500000,214457197.72736000,1226602
2025-11-06,104.23000000,135.00000000,97.00000000,112.95000000,2163292.53400000,248370236.90493000,1144243
2025-11-07,112.88000000,124.87000000,100.20000000,101.28000000,1609068.94600000,178864828.83928000,865636
2025-11-08,101.27000000,103.15000000,75.10000000,81.54000000,1699531.46500000,143137393.10990000,863175
2025-11-09,81.54000000,96.59000000,72.86000000,81.55000000,1455785.30600000,123825715.54781000,677752
2025-11-10,81.55000000,85.68000000,70.92000000,72.70000000,930878.70000000,72952929.70741000,397361
2025-11-11,72.70000000,77.50000000,65.58000000,67.10000000,725715.50500000,50838835.17309000,324419
2025-11-12,67.11000000,72.48000000,63.52000000,67.12000000,685018.29200000,46782232.85053000,283493
2025-11-13,67.16000000,71.67000000,61.60000000,63.65000000,547848.68000000,36402587.78327000,260397
2025-11-14,63.66000000,78.17000000,61.48000000,74.41000000,992564.30100000,70532320.73177000,433244
2025-11-15,74.38000000,99.13000000,70.13000000,97.86000000,1926309.50300000,161895619.49658000,753479
2025-11-16,97.80000000,104.25000000,82.56000000,85.53000000,1801070.06600000,166963737.94976000,757667
2025-11-17,85.51000000,91.41000000,78.43000000,82.33000000,1027438.93100000,86128728.19274000,438896
2025-11-18,82.35000000,82.35000000,73.18000000,77.77000000,713925.48800000,54945520.79490000,395509
2025-11-19,77.75000000,82.91000000,72.62000000,79.88000000,612455.38600000,46937804.74976000,306155
2025-11-20,79.85000000,86.00000000,72.68000000,72.86000000,678990.97200000,53826281.36355000,336024
2025-11-21,72.89000000,74.45000000,58.52000000,60.54000000,866596.21700000,56950530.40116000,364737
2025-11-22,60.52000000,61.59000000,52.61000000,57.02000000,609641.03400000,34178788.26665000,245960
2025-11-23,57.04000000,62.64000000,56.37000000,56.46000000,508036.20600000,30371321.00712000,217168
2025-11-24,56.48000000,60.92000000,54.91000000,56.65000000,411723.74000000,23592774.28621000,161509
2025-11-25,56.64000000,57.70000000,54.28000000,57.31000000,239202.49600000,13391831.65228000,99450
2025-11-26,57.28000000,70.10000000,57.24000000,70.06000000,846708.47200000,53362189.59464000,281383
2025-11-27,70.09000000,71.57000000,61.43000000,61.80000000,454433.97300000,29565344.28493000,152368
2025-11-28,61.80000000,61.89000000,57.16000000,58.37000000,380550.62800000,22443113.00879000,108910
2025-11-29,58.32000000,58.82000000,55.80000000,56.57000000,175335.93200000,10025861.30733000,67492
2025-11-30,56.57000000,57.46000000,53.18000000,53.40000000,158342.32600000,8778997.20655000,56488
2025-12-01,53.40000000,53.47000000,46.62000000,48.38000000,555655.91500000,27193194.18771000,147580
2025-12-02,48.35000000,51.09000000,46.11000000,47.46000000,428440.60500000,20627230.34638000,111294
2025-12-03,47.47000000,52.78000000,46.28000000,48.71000000,458360.57900000,22679298.74174000,138175
2025-12-04,48.74000000,51.18000000,47.01000000,49.46000000,276801.85000000,13640611.52963000,77033
2025-12-05,49.45000000,52.49000000,46.49000000,47.03000000,430946.74500000,21376428.79777000,108266
2025-12-06,47.00000000,49.03000000,46.21000000,47.40000000,191996.24300000,9098291.11732000,42795
2025-12-07,47.39000000,47.59000000,43.37000000,44.56000000,344232.97000000,15556848.27210000,67476
2025-12-08,44.55000000,52.61000000,44.35000000,49.69000000,581479.85200000,28626814.45876000,169108
2025-12-09,49.68000000,51.43000000,47.20000000,50.42000000,552904.20900000,27234544.02194000,148204
2025-12-10,50.40000000,53.42000000,46.48000000,46.85000000,451801.48700000,22500447.40415000,118412
2025-12-11,46.82000000,49.62000000,45.51000000,48.08000000,353463.45700000,16821467.52404000,95335
2025-12-12,48.07000000,48.70000000,45.53000000,46.51000000,216727.61300000,10236855.84892000,54766
2025-12-13,46.51000000,47.20000000,44.26000000,44.96000000,183037.80300000,8319817.51652000,42495
2025-12-14,44.97000000,45.49000000,40.68000000,41.00000000,207170.28900000,8903547.06191000,42105
2025-12-15,41.00000000,43.72000000,39.14000000,40.93000000,313313.43700000,13058828.95066000,81551
2025-12-16,40.91000000,42.69000000,39.23000000,41.15000000,260281.71300000,10696827.30857000,78984
2025-12-17,41.15000000,41.48000000,38.00000000,38.10000000,167267.75200000,6653391.82116000,45652
2025-12-18,38.11000000,39.22000000,35.13000000,35.72000000,198797.36400000,7412730.93191000,50289
2025-12-19,35.74000000,39.77000000,35.04000000,38.65000000,282461.51500000,10646289.14739000,60253
2025-12-20,38.64000000,41.27000000,38.41000000,40.08000000,196460.04100000,7812364.71002000,49512
2025-12-21,40.05000000,40.08000000,37.57000000,38.34000000,131452.03200000,5084621.70174000,34691
2025-12-22,38.34000000,39.38000000,37.31000000,38.38000000,139566.39100000,5363940.12928000,39175
2025-12-23,38.38000000,39.01000000,36.68000000,37.78000000,101161.21600000,3807668.74458000,34168
2025-12-24,37.79000000,38.55000000,36.23000000,38.34000000,124330.79600000,4645315.13602000,36354
2025-12-25,38.35000000,40.44000000,37.85000000,37.99000000,191308.28600000,7529351.87901000,62436
2025-12-26,37.99000000,39.84000000,37.79000000,39.26000000,114008.31100000,4451981.98855000,38903
2025-12-27,39.27000000,47.23000000,39.06000000,44.59000000,579011.19600000,25283149.66730000,179201
2025-12-28,44.61000000,45.87000000,43.44000000,44.03000000,251586.59500000,11181897.02347000,86223
2025-12-29,44.02000000,45.24000000,41.96000000,42.39000000,320141.40400000,13963421.77480000,96271
2025-12-30,42.40000000,43.72000000,42.15000000,42.65000000,120898.67400000,5188230.17416000,32089
2025-12-31,42.64000000,43.43000000,40.68000000,41.66000000,128683.78000000,5396311.34755000,36449
2026-01-01,41.66000000,44.48000000,40.99000000,43.35000000,251232.74300000,10765210.55240000,49333
2026-01-02,43.35000000,43.54000000,41.11000000,42.78000000,181984.09500000,7660511.12092000,41035
2026-01-03,42.78000000,45.15000000,42.24000000,43.24000000,167170.48800000,7239782.42768000,39603
2026-01-04,43.22000000,44.14000000,42.33000000,43.43000000,174169.91300000,7518929.47062000,36205
2026-01-05,43.45000000,44.59000000,42.36000000,44.10000000,203647.34600000,8837369.57349000,47521
2026-01-06,44.09000000,46.73000000,42.89000000,44.65000000,289837.61200000,13001973.08303000,61955
2026-01-07,44.66000000,44.70000000,40.44000000,40.90000000,199961.46600000,8412630.05834000,54869
2026-01-08,40.88000000,41.44000000,37.59000000,38.72000000,206161.76800000,8056308.97721000,46229
2026-01-09,38.77000000,39.63000000,37.35000000,37.80000000,152191.49100000,5865878.73704000,32128
2026-01-10,37.82000000,37.99000000,36.68000000,37.29000000,123705.81400000,4610015.52550000,29756
2026-01-11,37.27000000,38.20000000,36.62000000,37.31000000,90725.03200000,3408642.90625000,20711
2026-01-12,37.29000000,39.54000000,36.80000000,39.46000000,266501.53700000,10194992.31730000,58262
2026-01-13,39.44000000,68.20000000,39.22000000,59.03000000,3214820.12800000,180706254.57256000,1120579
2026-01-14,59.04000000,88.55000000,56.03000000,80.04000000,3457745.62700000,255280844.40693000,1391722
2026-01-15,80.06000000,87.50000000,75.38000000,80.82000000,1784704.09800000,145410682.54737000,1007314
2026-01-16,80.81000000,96.85000000,79.62000000,85.69000000,1714444.09200000,153230518.53939000,818304
2026-01-17,85.68000000,85.87000000,73.00000000,74.54000000,1304532.12600000,101494383.03654000,545977
2026-01-18,74.53000000,92.29000000,71.42000000,78.96000000,1687676.16900000,138200676.64905000,753376
2026-01-19,78.94000000,88.82000000,72.83000000,75.45000000,1163384.92600000,94082053.40974000,607219
2026-01-20,75.44000000,76.00000000,64.18000000,69.88000000,976633.34000000,70288817.02827000,550120
2026-01-21,69.89000000,72.42000000,66.31000000,67.30000000,560695.39900000,38766561.54215000,333879
2026-01-22,67.27000000,68.40000000,62.31000000,62.77000000,455815.82200000,29858600.91853000,286909
2026-01-23,62.77000000,72.98000000,62.60000000,67.59000000,807468.73400000,55673578.89569000,514802
2026-01-24,67.58000000,67.62000000,62.72000000,63.29000000,379102.93000000,24716055.43518000,204435
2026-01-25,63.31000000,66.00000000,57.50000000,58.77000000,445771.95300000,27600776.11292000,243395
2026-01-26,58.78000000,61.70000000,57.78000000,59.93000000,373999.65900000,22302213.97773000,210297
2026-01-27,59.93000000,65.73000000,59.65000000,62.42000000,674982.21700000,42229225.77095000,331522
2026-01-28,62.41000000,63.70000000,57.61000000,58.37000000,316611.57100000,19149566.79639000,202265
2026-01-29,58.34000000,59.11000000,53.50000000,54.62000000,412682.19300000,23106152.18176000,224631
2026-01-30,54.63000000,55.40000000,49.51000000,51.35000000,449540.48700000,23203223.83842000,255792
2026-01-31,51.39000000,51.47000000,41.22000000,44.33000000,646929.74100000,29900264.12054000,269411
2026-02-01,44.32000000,46.83000000,42.09000000,43.91000000,389964.84800000,17363360.67343000,182476
2026-02-02,43.91000000,45.67000000,42.14000000,44.09000000,250150.52400000,11058705.86545000,156675
2026-02-03,44.08000000,44.88000000,40.25000000,41.44000000,384305.69500000,16509791.06272000,178044
2026-02-04,41.44000000,42.65000000,39.40000000,39.56000000,277908.75400000,11467820.05281000,143171
2026-02-05,39.57000000,40.81000000,33.61000000,34.11000000,487148.26500000,18125429.15108000,244661
2026-02-06,34.08000000,39.77000000,30.83000000,37.78000000,571284.08300000,20498076.16542000,250649
2026-02-07,37.79000000,38.07000000,35.01000000,36.85000000,261333.94000000,9564508.93406000,133826
2026-02-08,36.85000000,38.51000000,35.50000000,37.17000000,282998.26000000,10446224.73129000,108541
2026-02-09,37.15000000,37.51000000,34.63000000,36.53000000,221578.11800000,7987537.79314000,80006
2026-02-10,36.53000000,37.22000000,34.28000000,35.23000000,173335.16300000,6113243.82104000,68339
2026-02-11,35.22000000,35.93000000,32.24000000,33.91000000,273906.70900000,9290015.81789000,90553
2026-02-12,33.91000000,35.19000000,33.10000000,34.37000000,192628.03300000,6582366.07618000,66064
2026-02-13,34.36000000,39.17000000,33.84000000,37.04000000,397337.56100000,14634382.49921000,161072
2026-02-14,37.04000000,41.55000000,36.96000000,40.15000000,499567.74500000,19671584.69359000,167330
2026-02-15,40.15000000,41.42000000,36.70000000,37.58000000,292542.57500000,11438262.10953000,114140
2026-02-16,37.59000000,39.26000000,36.68000000,38.13000000,231391.18100000,8730484.26751000,74224
2026-02-17,38.13000000,38.76000000,36.58000000,37.34000000,132506.61400000,4983232.60171000,60753
2026-02-18,37.34000000,38.29000000,35.25000000,35.54000000,138716.29400000,5143084.75943000,62846
2026-02-19,35.55000000,36.40000000,34.08000000,34.57000000,170007.06800000,5951202.71898000,57427
2026-02-20,34.58000000,35.43000000,32.78000000,35.20000000,344796.84300000,11709236.04021000,69016
2026-02-21,35.20000000,36.04000000,33.82000000,33.98000000,200968.20400000,6971517.20856000,30991
2026-02-22,33.99000000,34.56000000,32.72000000,33.15000000,147746.98300000,4967953.84973000,25862
2026-02-23,33.13000000,33.90000000,31.09000000,31.95000000,279552.71000000,9017896.15182000,50667
2026-02-24,31.96000000,33.41000000,31.26000000,32.35000000,206762.37300000,6676760.61508000,38824
2026-02-25,32.37000000,36.16000000,32.14000000,34.81000000,310104.55400000,10693709.53080000,50053
2026-02-26,34.80000000,36.25000000,33.68000000,34.17000000,192031.35800000,6708353.82217000,42516
2026-02-27,34.17000000,35.74000000,32.48000000,33.28000000,187313.72300000,6422133.45049000,38784
2026-02-28,33.28000000,33.49000000,30.57000000,32.84000000,348453.02100000,11023418.90180000,58239
2026-03-01,32.86000000,34.54000000,31.04000000,31.86000000,279761.36200000,9173962.89609000,70360
2026-03-02,31.87000000,35.24000000,31.40000000,34.80000000,327091.02100000,11000816.65122000,64798
2026-03-03,34.80000000,34.94000000,32.38000000,34.20000000,168820.68400000,5685949.13943000,46997
2026-03-04,34.21000000,36.31000000,33.59000000,35.07000000,310292.14700000,10924701.78702000,66974
2026-03-05,35.07000000,35.48000000,33.68000000,34.30000000,124952.20500000,4327122.70807000,28050
2026-03-06,34.34000000,34.80000000,32.13000000,32.48000000,111443.41400000,3701230.55543000,25710
2026-03-07,32.50000000,32.89000000,31.58000000,31.81000000,84897.17900000,2742478.55189000,14892
2026-03-08,31.82000000,31.86000000,30.08000000,30.42000000,162065.94900000,5019635.88636000,35780
2026-03-09,30.42000000,32.94000000,30.18000000,32.15000000,175715.60000000,5579076.39339000,34675
2026-03-10,32.10000000,33.53000000,32.04000000,32.34000000,158648.09600000,5217834.01206000,32047
2026-03-11,32.35000000,32.80000000,31.66000000,32.45000000,103116.40300000,3319166.70834000,20763
2026-03-12,32.45000000,33.00000000,31.90000000,32.88000000,102440.72000000,3333418.51325000,18731
2026-03-13,32.89000000,34.20000000,32.09000000,32.35000000,231130.12800000,7695182.87783000,38927
2026-03-14,32.34000000,33.31000000,32.21000000,32.68000000,80306.33400000,2617227.35156000,15346
2026-03-15,32.67000000,34.16000000,32.36000000,33.82000000,165856.37700000,5559279.23956000,32829
2026-03-16,33.83000000,37.05000000,33.65000000,35.93000000,397766.15100000,14061590.98763000,72216
2026-03-17,35.93000000,36.37000000,34.35000000,35.25000000,265475.81600000,9362877.52984000,50213
2026-03-18,35.25000000,35.85000000,32.00000000,32.61000000,233464.28700000,7920615.79108000,43881
2026-03-19,32.61000000,32.88000000,31.13000000,31.37000000,149078.27200000,4735476.52638000,25362
2026-03-20,31.38000000,32.27000000,31.33000000,32.04000000,175770.37200000,5589838.10027000,30154
2026-03-21,32.05000000,33.39000000,31.11000000,31.40000000,136973.13900000,4463450.92282000,30497
2026-03-22,31.41000000,32.67000000,30.81000000,32.19000000,172956.00400000,5504678.79698000,38478
2026-03-23,32.17000000,34.90000000,32.12000000,34.51000000,300480.86300000,10143693.87430000,61448
2026-03-24,34.52000000,35.10000000,33.46000000,34.36000000,173866.01600000,5956135.43076000,34856
2026-03-25,34.34000000,35.00000000,33.64000000,34.13000000,101722.53800000,3482486.75957000,19738
2026-03-26,34.13000000,34.41000000,32.00000000,32.31000000,87144.78100000,2874603.59414000,18493
2026-03-27,32.31000000,32.88000000,31.40000000,31.65000000,87221.53900000,2792598.77457000,20933
2026-03-28,31.65000000,32.69000000,31.14000000,31.71000000,68429.63600000,2178316.93540000,13854
2026-03-29,31.70000000,32.37000000,30.82000000,31.81000000,66361.21700000,2106699.91244000,14269
2026-03-30,31.85000000,33.03000000,31.65000000,32.06000000,121065.82100000,3928495.73961000,23693
2026-03-31,32.07000000,33.33000000,31.73000000,32.71000000,236887.82300000,7724543.26631000,38444
2026-04-01,32.69000000,33.15000000,31.55000000,31.65000000,143623.11200000,4650086.82676000,24529
2026-04-02,31.68000000,31.99000000,29.31000000,30.16000000,267086.40200000,8060478.26570000,53842
2026-04-03,30.16000000,30.60000000,29.74000000,29.87000000,82018.64000000,2471368.13666000,13985
2026-04-04,29.86000000,30.85000000,29.56000000,30.85000000,131227.66000000,3945727.59874000,19504
2026-04-05,30.84000000,31.02000000,29.75000000,30.43000000,104492.02200000,3158139.97509000,17568
2026-04-06,30.43000000,31.26000000,29.90000000,30.06000000,141278.68100000,4343844.21225000,18247
2026-04-07,30.05000000,34.20000000,29.92000000,33.60000000,231997.22200000,7430619.34882000,37317
2026-04-08,33.60000000,33.95000000,31.88000000,32.15000000,421444.87900000,13881876.37101000,78343
2026-04-09,32.15000000,37.76000000,31.56000000,35.98000000,399608.60400000,14082575.44883000,90031
2026-04-10,35.97000000,46.29000000,35.59000000,45.75000000,1352255.40600000,56681312.54807000,305450
2026-04-11,45.75000000,47.93000000,43.07000000,46.24000000,769357.44200000,35185795.55719000,196776
2026-04-12,46.24000000,47.85000000,40.70000000,40.90000000,810992.23600000,35043304.70475000,193745
2026-04-13,40.90000000,43.61000000,39.59000000,41.38000000,507896.85500000,20990547.66261000,100820
2026-04-14,41.38000000,41.71000000,37.67000000,38.23000000,356926.76300000,14249840.99634000,67192
2026-04-15,38.23000000,39.09000000,37.75000000,38.01000000,210863.70200000,8072268.30933000,40778
2026-04-16,38.02000000,38.58000000,36.35000000,36.95000000,320850.00100000,11968435.76989000,82626
2026-04-17,36.94000000,38.19000000,36.25000000,36.85000000,282104.86300000,10479173.44986000,53727
2026-04-18,36.85000000,37.40000000,34.16000000,34.53000000,202589.09600000,7242499.20961000,43787
2026-04-19,34.53000000,35.91000000,33.33000000,33.52000000,280377.18000000,9657982.89489000,54613
2026-04-20,33.54000000,34.78000000,33.26000000,34.23000000,181836.40200000,6199176.32771000,35192
2026-04-21,34.24000000,37.19000000,34.11000000,36.64000000,430657.39900000,15339446.09539000,89432
2026-04-22,36.66000000,37.61000000,35.34000000,35.36000000,287738.38500000,10519946.64997000,49975
2026-04-23,35.40000000,36.73000000,34.52000000,36.50000000,262473.31900000,9316403.97760000,39327
2026-04-24,36.50000000,37.39000000,35.39000000,36.62000000,255941.06500000,9373296.67388000,49441
2026-04-25,36.61000000,36.69000000,35.74000000,36.15000000,87184.50800000,3160511.04425000,16274
2026-04-26,36.13000000,37.10000000,35.86000000,36.27000000,126039.48500000,4606651.59720000,21506
2026-04-27,36.27000000,37.19000000,34.46000000,35.53000000,178326.49600000,6365274.28442000,30218
2026-04-28,35.52000000,35.84000000,34.63000000,34.84000000,67449.33400000,2366475.60138000,17851
2026-04-29,34.84000000,35.80000000,33.64000000,34.53000000,128566.45000000,4486652.16818000,28170
2026-04-30,34.53000000,35.59000000,34.05000000,35.38000000,96364.13500000,3341077.40716000,20964
2026-05-01,35.39000000,38.86000000,34.96000000,37.64000000,354554.31400000,13207131.95098000,68773
2026-05-02,37.63000000,38.66000000,36.68000000,37.11000000,185024.60600000,6931860.86784000,39366
2026-05-03,37.14000000,39.64000000,36.81000000,39.24000000,330451.47600000,12738040.71693000,60055
2026-05-04,39.25000000,51.04000000,39.00000000,47.49000000,1612268.21400000,76013036.72259000,515877
2026-05-05,47.48000000,50.19000000,44.40000000,49.10000000,816755.10900000,38168837.78042000,242290
2026-05-06,49.10000000,58.09000000,47.61000000,51.38000000,1364694.25600000,72930815.36496000,468069
2026-05-07,51.39000000,54.28000000,49.48000000,52.13000000,598627.12700000,30823279.46421000,206014
2026-05-08,52.13000000,52.60000000,47.20000000,50.26000000,458713.28700000,22704697.97998000,146226
2026-05-09,50.25000000,52.83000000,48.74000000,49.03000000,382778.47300000,19296160.73528000,141826
2026-05-10,49.02000000,49.95000000,45.84000000,47.61000000,303630.98500000,14698686.74396000,101976
2026-05-11,47.62000000,47.83000000,46.07000000,46.80000000,186122.07100000,8727862.65983000,56514
2026-05-12,46.79000000,47.18000000,44.68000000,46.40000000,271223.79800000,12463782.64876000,71198
2026-05-13,46.38000000,47.58000000,43.36000000,43.81000000,231372.46900000,10473553.34084000,77196
2026-05-14,43.81000000,47.03000000,43.11000000,46.34000000,261899.58800000,11857144.16701000,79112
2026-05-15,46.35000000,46.44000000,42.82000000,43.38000000,192703.90800000,8573449.07313000,57894
2026-05-16,43.37000000,43.58000000,40.50000000,41.26000000,153413.04600000,6388851.62954000,39824
2026-05-17,41.25000000,42.74000000,39.84000000,40.76000000,208641.24400000,8687586.57475000,43730
2026-05-18,40.77000000,43.66000000,40.15000000,42.82000000,305330.12900000,12745172.70458000,76378
2026-05-19,42.83000000,43.42000000,41.73000000,42.19000000,230492.55500000,9818105.02192000,51588
2026-05-20,42.17000000,50.80000000,41.56000000,50.75000000,795105.56800000,37747739.43147000,218569
2026-05-21,50.74000000,54.42000000,46.96000000,48.97000000,596735.68500000,29726866.31052000,179430
2026-05-22,48.96000000,49.62000000,42.32000000,42.76000000,408943.85800000,18689648.07815000,107804
2026-05-23,42.76000000,46.75000000,41.67000000,46.00000000,458055.02900000,20336498.06315000,98569
2026-05-24,46.01000000,47.30000000,44.55000000,45.89000000,305986.39100000,14015854.47750000,72626
2026-05-25,45.90000000,47.45000000,44.35000000,44.80000000,299297.64800000,13747552.28293000,64458
2026-05-26,44.81000000,45.66000000,42.92000000,43.55000000,204531.78500000,9041107.08438000,56356
2026-05-27,43.56000000,44.39000000,42.17000000,42.54000000,158888.62900000,6890876.00226000,52976
2026-05-28,42.53000000,42.71000000,38.42000000,40.09000000,312984.29300000,12588291.87277000,72086
2026-05-29,40.10000000,40.93000000,38.97000000,39.39000000,174255.62100000,6978972.89612000,45388
2026-05-30,39.40000000,40.30000000,38.52000000,39.41000000,136925.47900000,5393792.08841000,28544
2026-05-31,39.43000000,40.61000000,38.80000000,40.20000000,190568.06900000,7550252.82815000,40516
2026-06-01,40.21000000,41.53000000,38.10000000,39.58000000,285069.20600000,11338429.55791000,64368
2026-06-02,39.59000000,40.60000000,36.92000000,37.82000000,395905.31400000,15458106.28158000,103717
2026-06-03,37.83000000,40.40000000,37.80000000,39.18000000,323180.66000000,12746354.79567000,81249
2026-06-04,39.17000000,39.77000000,33.19000000,34.25000000,463812.98300000,16588115.19041000,103191
2026-06-05,34.24000000,34.26000000,29.45000000,31.51000000,600377.68300000,18933812.69494000,126032
2026-06-06,31.51000000,32.86000000,29.58000000,32.66000000,211036.50100000,6611150.59075000,44535
2026-06-07,32.68000000,38.32000000,32.37000000,36.96000000,606959.66500000,21957827.72452000,135994
2026-06-08,36.95000000,37.73000000,36.29000000,36.91000000,250412.81100000,9271843.89731000,64370
2026-06-09,36.91000000,38.48000000,35.09000000,35.14000000,304864.99300000,11219577.12202000,76832
2026-06-10,35.16000000,35.67000000,33.30000000,33.68000000,173717.82900000,6009435.33374000,49225
2026-06-11,33.68000000,36.30000000,33.68000000,35.66000000,181099.17700000,6358778.04004000,51220
2026-06-12,35.68000000,36.00000000,34.24000000,34.38000000,111976.62600000,3948525.62757000,40746
2026-06-13,34.38000000,35.80000000,34.28000000,35.51000000,84091.46700000,2953718.14582000,19550
2026-06-14,35.50000000,38.38000000,34.60000000,38.32000000,169635.50800000,6129414.25343000,30788
2026-06-15,38.31000000,40.22000000,37.44000000,38.28000000,307872.86900000,11991967.53599000,76120
2026-06-16,38.29000000,38.87000000,36.85000000,37.47000000,151118.66800000,5709397.59223000,32853
2026-06-17,37.49000000,38.16000000,35.75000000,36.27000000,124967.56200000,4641758.91022000,29541
2026-06-18,36.28000000,36.65000000,34.54000000,35.44000000,108640.61600000,3859373.07403000,32137
2026-06-19,35.45000000,37.58000000,34.48000000,37.43000000,85639.22500000,3044697.30743000,22220
2026-06-20,37.41000000,38.21000000,36.00000000,36.94000000,156053.97300000,5764283.63521000,43890
2026-06-21,36.94000000,37.37000000,34.61000000,34.77000000,86389.33700000,3130214.71718000,22098
2026-06-22,34.78000000,35.72000000,34.14000000,34.50000000,157463.54300000,5528699.22040000,28107
2026-06-23,34.48000000,36.54000000,33.51000000,36.27000000,183213.45500000,6466006.88931000,44306
2026-06-24,36.27000000,37.00000000,32.02000000,33.77000000,240213.95300000,8250513.14966000,55009
2026-06-25,33.79000000,35.50000000,32.21000000,33.98000000,202089.63300000,6863190.67127000,43718
2026-06-26,34.00000000,35.06000000,32.69000000,34.25000000,155773.11900000,5291403.13228000,38086
2026-06-27,34.28000000,34.60000000,32.80000000,33.03000000,91852.64000000,3110518.18710000,23163
2026-06-28,33.01000000,33.20000000,31.76000000,32.21000000,89156.25200000,2887885.81893000,19088
2026-06-29,32.16000000,34.03000000,31.78000000,33.28000000,91671.96400000,3018245.97199000,28116
2026-06-30,33.25000000,33.63000000,32.31000000,32.54000000,85306.57100000,2806999.50403000,26361
2026-07-01,32.54000000,33.90000000,31.77000000,33.10000000,119817.42200000,3932465.37962000,29926
2026-07-02,33.11000000,35.00000000,33.02000000,34.55000000,158392.67100000,5413440.79809000,35169
2026-07-03,34.57000000,36.60000000,34.55000000,35.86000000,142879.49700000,5103847.31194000,38150
2026-07-04,35.85000000,36.66000000,34.95000000,35.69000000,88485.24300000,3168773.66789000,17780
2026-07-05,35.69000000,35.83000000,34.55000000,35.73000000,78846.32100000,2775988.68009000,14626
2026-07-06,35.75000000,35.87000000,34.02000000,35.12000000,108896.16000000,3804932.22555000,18949
2026-07-07,35.13000000,37.36000000,34.58000000,35.31000000,172042.28800000,6177890.59890000,32556
2026-07-08,35.34000000,35.86000000,33.25000000,34.35000000,132433.05300000,4514012.34859000,32911
2026-07-09,34.38000000,34.64000000,33.64000000,34.19000000,85398.97400000,2915683.94114000,18161
2026-07-10,34.18000000,35.55000000,33.95000000,34.89000000,91721.78900000,3205234.05855000,23060
2026-07-11,34.87000000,35.46000000,33.90000000,33.97000000,77016.64400000,2683835.78090000,19931
2026-07-12,33.96000000,35.56000000,33.71000000,34.43000000,92166.76500000,3188264.92757000,21128
2026-07-13,34.44000000,35.21000000,32.63000000,32.90000000,128145.24500000,4307445.33409000,32806
2026-07-14,32.92000000,34.31000000,32.41000000,34.13000000,137695.81000000,4611929.89234000,31531
2026-07-15,34.15000000,35.60000000,33.94000000,34.53000000,165732.38200000,5756997.33427000,35690
2026-07-16,34.54000000,34.75000000,33.21000000,33.36000000,73534.48500000,2495888.04581000,16879
2026-07-17,33.36000000,34.54000000,33.04000000,34.30000000,95201.38000000,3224453.81127000,22972
2026-07-18,34.29000000,34.46000000,33.57000000,34.20000000,66173.90100000,2248702.96690000,14210
2026-07-19,34.19000000,35.02000000,33.71000000,34.39000000,84417.85300000,2902709.09815000,19798
2026-07-20,34.36000000,34.72000000,33.61000000,34.19000000,86466.63600000,2959836.52526000,20936
2026-07-21,34.15000000,35.20000000,33.84000000,34.90000000,111610.25500000,3856087.91314000,23692
2026-07-22,34.90000000,35.09000000,33.23000000,33.55000000,136618.64200000,4611956.60834000,22783
2026-07-23,33.56000000,33.80000000,32.67000000,32.92000000,104942.51600000,3495054.88972000,19892
2026-07-24,32.93000000,33.17000000,31.85000000,32.14000000,88001.07000000,2864782.25538000,17282
2026-07-25,32.15000000,32.83000000,31.93000000,32.46000000,61477.31100000,1984163.71544000,11809
2026-07-26,32.45000000,33.09000000,32.35000000,32.93000000,58285.05700000,1903997.30817000,10365
2026-07-27,32.92000000,33.03000000,31.08000000,31.24000000,120455.45600000,3880902.09215000,27391
2026-07-28,31.26000000,31.84000000,29.94000000,31.41000000,110263.70000000,3412042.44044000,27340
2026-07-29,31.42000000,31.60000000,28.84000000,29.68000000,167272.88900000,5030838.41852000,26998
2026-07-30,29.68000000,30.65000000,29.20000000,30.29000000,108901.56800000,3274729.99185000,19465
2026-07-31,30.27000000,31.00000000,29.56000000,30.86000000,113472.38600000,3435291.45118000,17785
2026-08-01,30.87000000,32.25000000,30.58000000,31.17000000,121341.41700000,3813474.92882000,26566
2026-08-02,31.17000000,31.75000000,31.10000000,31.50000000,62198.18700000,1954326.82114000,10287
2026-08-03,31.49000000,31.55000000,30.68000000,31.23000000,63707.02400000,1987050.25792000,11807
2026-08-04,31.22000000,31.69000000,30.96000000,31.29000000,65069.76400000,2038445.35309000,15625
2026-08-05,31.29000000,31.70000000,30.76000000,30.86000000,80751.46400000,2524802.90378000,17142
2026-08-06,30.86000000,31.45000000,30.06000000,31.18000000,95543.89500000,2932128.96832000,19685
2026-08-07,31.17000000,31.37000000,30.67000000,30.82000000,54816.95000000,1698989.39500000,14807
2026-08-08,30.81000000,32.32000000,30.42000000,31.96000000,114140.87800000,3563394.06551000,23806
2026-08-09,31.93000000,32.09000000,30.91000000,31.02000000,66351.82900000,2099803.11715000,19538
2026-08-10,31.02000000,31.32000000,30.75000000,30.87000000,76888.15400000,2390327.28548000,19002
2026-08-11,30.86000000,31.00000000,30.25000000,30.75000000,68298.05000000,2089522.94397000,16211
2026-08-12,30.74000000,30.77000000,29.90000000,30.08000000,47339.40000000,1438530.39637000,13705
2026-08-13,30.07000000,30.51000000,29.89000000,30.43000000,41345.50500000,1250771.90557000,9127
2026-08-14,30.43000000,30.66000000,29.62000000,30.17000000,52535.00700000,1578522.97892000,13765
2026-08-15,30.17000000,30.25000000,29.68000000,29.77000000,41072.77300000,1234910.48359000,7031
2026-08-16,29.76000000,30.45000000,29.50000000,30.00000000,75284.65500000,2260672.97100000,15196
2026-08-17,29.99000000,30.70000000,29.85000000,30.49000000,42889.68700000,1302554.15473000,9831
2026-08-18,30.51000000,30.68000000,29.76000000,29.84000000,47636.74000000,1432313.38906000,11584
2026-08-19,29.84000000,32.31000000,29.62000000,31.81000000,168787.98900000,5237005.38890000,43836
2026-08-20,31.80000000,33.65000000,31.45000000,32.70000000,167879.42400000,5470775.84158000,39902
2026-08-21,32.72000000,39.65000000,32.62000000,38.71000000,428410.71800000,15301534.04366000,93505
2026-08-22,38.71000000,47.55000000,36.43000000,41.01000000,1064221.58000000,44996960.90799000,299743
2026-08-23,41.00000000,43.78000000,38.43000000,42.38000000,477273.39500000,19868148.87356000,150331
2026-08-24,42.37000000,43.39000000,40.57000000,41.60000000,272886.64000000,11409584.80070000,116933
2026-08-25,41.60000000,44.00000000,37.57000000,37.90000000,375086.40900000,15454685.60700000,126707
2026-08-26,37.91000000,39.54000000,36.94000000,39.26000000,168954.33900000,6463342.34620000,61305
2026-08-27,39.26000000,40.65000000,38.06000000,39.58000000,157257.73200000,6197953.86361000,46721
2026-08-28,39.59000000,40.15000000,36.91000000,38.48000000,145888.69000000,5609358.26612000,40240
2026-08-29,38.49000000,42.63000000,38.27000000,41.27000000,306256.86800000,12511069.75249000,86910
2026-08-30,41.27000000,44.55000000,40.49000000,41.71000000,326359.34900000,13825896.86824000,97544
2026-08-31,41.72000000,48.50000000,40.52000000,44.89000000,518302.18700000,23334437.90992000,197071
2026-09-01,44.89000000,47.50000000,42.77000000,43.90000000,359410.43400000,16260827.37010000,132873
2026-09-02,43.90000000,43.95000000,41.11000000,42.68000000,214599.37500000,9113946.25184000,61221
2026-09-03,42.69000000,47.60000000,42.07000000,47.42000000,288021.12900000,13015246.81245000,104265
2026-09-04,47.43000000,64.25000000,46.11000000,62.55000000,1254419.65500000,67047858.37928000,528617
2026-09-05,62.53000000,73.80000000,61.72000000,65.48000000,1199969.47500000,81499241.48740000,562215
2026-09-06,65.49000000,78.68000000,65.21000000,71.31000000,1036200.10400000,73193319.93227000,511153
2026-09-07,71.30000000,72.43000000,62.33000000,62.82000000,490914.33200000,33072579.73377000,186639
2026-09-08,62.81000000,65.00000000,61.35000000,62.47000000,379312.50300000,23875120.73027000,148877
2026-09-09,62.48000000,66.40000000,57.86000000,58.58000000,551807.81600000,34714044.36000000,187704
2026-09-10,58.59000000,58.96000000,53.91000000,54.04000000,311720.66000000,17671249.95568000,122230
2026-09-11,54.03000000,59.61000000,54.00000000,56.92000000,362413.12800000,20498278.42142000,149005
2026-09-12,56.90000000,57.28000000,54.61000000,54.74000000,97405.15900000,5460386.11048000,33908
2026-09-13,54.75000000,56.19000000,52.62000000,52.99000000,132030.71500000,7168984.79500000,51530
2026-09-14,53.01000000,56.43000000,52.67000000,53.80000000,160057.84200000,8721210.44444000,68632
2026-09-15,53.78000000,54.19000000,49.66000000,50.43000000,172392.89200000,8960087.52600000,86592
2026-09-16,50.44000000,57.54000000,49.93000000,56.13000000,474373.75300000,25807329.25278000,174730
2026-09-17,56.09000000,62.55000000,55.77000000,61.12000000,528714.27200000,31324773.17018000,204873
2026-09-18,61.06000000,65.10000000,56.99000000,63.58000000,486522.88200000,29371844.48392000,164154
2026-09-19,63.56000000,64.28000000,57.57000000,58.70000000,293284.67800000,17760218.24922000,132396
2026-09-20,58.69000000,58.84000000,54.41000000,57.60000000,260315.65900000,14675739.19766000,81492
2026-09-21,57.62000000,61.67000000,56.25000000,59.17000000,332836.95400000,19655026.78458000,109765
2026-09-22,59.16000000,65.68000000,58.07000000,64.18000000,507021.80600000,31184607.93861000,167423
2026-09-23,64.19000000,65.68000000,57.16000000,57.62000000,514519.08000000,31521195.89227000,253875
2026-09-24,57.59000000,64.40000000,57.00000000,63.58000000,376801.10100000,23125810.86393000,138258
2026-09-25,63.58000000,65.25000000,61.15000000,63.99000000,296507.59700000,18757127.45946000,126034
2026-09-26,63.98000000,73.64000000,62.03000000,71.84000000,608553.69100000,42167889.78057000,201397
2026-09-27,71.83000000,73.31000000,66.47000000,68.58000000,389673.45300000,27135078.91754000,168943
2026-09-28,68.58000000,68.94000000,62.74000000,65.58000000,307583.21500000,20125588.88525000,137684
2026-09-29,65.57000000,65.75000000,58.62000000,60.81000000,401711.50000000,24485413.53633000,138262
2026-09-30,60.81000000,63.53000000,59.58000000,60.58000000,181749.18800000,11173317.54473000,71669
2026-10-01,60.57000000,61.00000000,57.93000000,58.25000000,160330.12800000,9511728.11773000,62630
2026-10-02,58.22000000,60.62000000,55.38000000,58.88000000,204377.62300000,11967583.38420000,75366
2026-10-03,58.90000000,59.96000000,58.32000000,59.31000000,74625.95800000,4402603.24460000,32076
2026-10-04,59.30000000,59.85000000,58.75000000,59.73000000,73085.62800000,4335083.45535000,23538
2026-10-05,59.68000000,61.00000000,57.71000000,58.01000000,156139.02700000,9264347.15417000,52355
2026-10-06,58.02000000,58.08000000,55.47000000,55.72000000,199153.33500000,11311183.26043000,66703
2026-10-07,55.73000000,55.93000000,51.75000000,53.88000000,171768.06500000,9231556.57111000,72761
2026-10-08,53.88000000,54.68000000,48.63000000,50.58000000,210641.06800000,10926281.50322000,81615
2026-10-09,50.56000000,52.10000000,50.28000000,51.24000000,85841.14000000,4391579.46815000,37584
