date,open,high,low,close,volume,quote_volume,trades
2021-04-16,0.18250030,0.45000000,0.17910000,0.36544340,57510545356.00000000,17598561857.08492990,15330777
2021-04-17,0.36538550,0.38125000,0.23100000,0.28225320,24857057931.00000000,7340151088.86338350,7061910
2021-04-18,0.28249450,0.35100000,0.23970000,0.32232990,18379866877.00000000,5649877858.71004850,5357605
2021-04-19,0.32259530,0.43554600,0.30800000,0.40890300,20873394140.00000000,7979055252.12000430,7253139
2021-04-20,0.40889970,0.42462160,0.27000000,0.31732050,20969142688.00000000,7496151720.01226510,6620082
2021-04-21,0.31732050,0.34766100,0.29600520,0.30582510,9460395395.00000000,3001086851.00566130,3222391
2021-04-22,0.30580740,0.30939880,0.25300000,0.26066150,11199121834.00000000,3143644626.20634930,3082633
2021-04-23,0.26066160,0.26950000,0.15972780,0.24981550,17170003022.00000000,3793899186.98962960,3543795
2021-04-24,0.24999970,0.28999000,0.22780000,0.27000000,10626242110.00000000,2815368838.41895620,2850151
2021-04-25,0.27008020,0.28929600,0.22400000,0.25159000,5726007353.40000000,1494606069.75970708,1766875
2021-04-26,0.25159000,0.28077000,0.24700000,0.27161000,4881379028.60000000,1300919365.71318920,1510469
2021-04-27,0.27161000,0.27994000,0.26440000,0.27232000,3367212939.40000000,915557060.98270000,1161483
2021-04-28,0.27227000,0.34800000,0.25511000,0.32311000,13418044375.10000000,4127506947.04376730,4369045
2021-04-29,0.32321000,0.32604000,0.29550000,0.30479000,4149329330.80000000,1288996523.47688000,1590953
2021-04-30,0.30479000,0.34000000,0.30213000,0.33746000,4042637011.80000000,1300700805.62152200,1545398
2021-05-01,0.33746000,0.39750000,0.32756000,0.39087000,7062340392.20000000,2565562030.78348780,2859785
2021-05-02,0.39086000,0.39999000,0.36200000,0.37397000,5092764030.10000000,1945860025.39828220,2146577
2021-05-03,0.37459000,0.44790000,0.37386000,0.44142000,6428014853.90000000,2634576988.63666880,2767515
2021-05-04,0.44142000,0.61186000,0.39790000,0.53854000,21282557921.90000000,10991175995.06587810,9356151
2021-05-05,0.53854000,0.69663000,0.51668000,0.65400000,19076895175.70000000,12015346384.69827950,9882092
2021-05-06,0.65400000,0.66500000,0.54000000,0.58106000,8546432048.70000000,5141600296.09898100,4677603
2021-05-07,0.58099000,0.73300000,0.51717000,0.68982000,12586268621.30000000,7913188757.07649320,6994765
2021-05-08,0.68982000,0.73995000,0.60000000,0.63708000,11387955620.80000000,7747900489.93506190,6792303
2021-05-09,0.63708000,0.70009000,0.41600000,0.57063000,26072068896.00000000,13700746154.47142300,11885014
2021-05-10,0.57082000,0.57260000,0.41844000,0.45074000,9677354634.40000000,4835708631.58484300,4752157
2021-05-11,0.45050000,0.54850000,0.44290000,0.49326000,7553577270.20000000,3754742638.30790800,3915491
2021-05-12,0.49353000,0.52200000,0.38203000,0.39160000,5372061299.60000000,2528938533.37978400,2732855
2021-05-13,0.39142000,0.52000000,0.35160000,0.48945000,10449387293.90000000,4439890149.83536100,4375843
2021-05-14,0.48927000,0.59000000,0.46412000,0.55971000,10623296337.00000000,5673675115.22591300,5532162
2021-05-15,0.55990000,0.56405000,0.49009000,0.50855000,5232752313.50000000,2726061153.79594400,2720094
2021-05-16,0.50838000,0.54890000,0.45000000,0.51370000,5377121653.30000000,2771252995.85248700,2642957
2021-05-17,0.51371000,0.51620000,0.45555000,0.48750000,4268994077.10000000,2090450149.30031700,2076288
2021-05-18,0.48745000,0.51536000,0.46783000,0.47574000,3039758659.20000000,1484173045.55255400,1508863
2021-05-19,0.47574000,0.47940000,0.21111000,0.32945000,11489907654.40000000,4257937939.40724790,4364035
2021-05-20,0.32972000,0.43500000,0.29402000,0.39758000,8529470589.60000000,3228872934.52545400,3500199
2021-05-21,0.39747000,0.41198000,0.31357000,0.35778000,5243254333.50000000,1919714241.45575500,2152582
2021-05-22,0.35778000,0.36400000,0.31672000,0.34199000,3793145642.70000000,1296677856.10951100,1580773
2021-05-23,0.34199000,0.35094000,0.24782000,0.30633000,5634274411.30000000,1694353083.69599200,2225617
2021-05-24,0.30623000,0.37500000,0.29511000,0.36589000,4854625486.10000000,1622543381.11106600,2115478
2021-05-25,0.36589000,0.38000000,0.32141000,0.34598000,3709319825.90000000,1290339194.01513700,1728572
2021-05-26,0.34597000,0.36671000,0.33632000,0.35284000,2385684153.70000000,836823564.89354200,1143462
2021-05-27,0.35291000,0.35309000,0.32700000,0.33403000,1794158136.60000000,606077540.31592900,880120
2021-05-28,0.33404000,0.34754000,0.30052000,0.31123000,2620384686.80000000,835028567.12845600,1285560
2021-05-29,0.31122000,0.31794000,0.28000000,0.30280000,2016681043.40000000,604028126.91255500,951711
2021-05-30,0.30273000,0.31079000,0.28653000,0.30179000,1514854219.60000000,456904273.28267000,762600
2021-05-31,0.30179000,0.32991000,0.29386000,0.32557000,1897905257.40000000,590220155.77944700,956702
2021-06-01,0.32558000,0.38476000,0.31121000,0.37006000,4488851727.40000000,1539365573.58739400,2062609
2021-06-02,0.37007000,0.44834000,0.35110000,0.42338000,8351828077.50000000,3391548375.97929100,4089764
2021-06-03,0.42344000,0.44200000,0.37722000,0.40078000,5070741840.70000000,2081980882.66489600,2376407
2021-06-04,0.40078000,0.40249000,0.35000000,0.37628000,4035854544.90000000,1511197709.61960800,1967784
2021-06-05,0.37628000,0.39500000,0.35974000,0.37130000,2396911157.10000000,906142939.80679600,1160376
2021-06-06,0.37130000,0.37703000,0.36634000,0.37143000,1194622756.00000000,443275634.88520900,526215
2021-06-07,0.37143000,0.37999000,0.32750000,0.33146000,2064211543.40000000,738436804.02752100,931913
2021-06-08,0.33150000,0.34183000,0.29526000,0.32586000,2908803652.90000000,937981423.70645900,1202588
2021-06-09,0.32592000,0.35480000,0.31227000,0.34318000,2068160059.00000000,686262143.62793000,1006828
2021-06-10,0.34323000,0.34515000,0.32250000,0.32606000,1348789846.50000000,450294287.04706200,638851
2021-06-11,0.32613000,0.33380000,0.31069000,0.31870000,1204137023.40000000,387381244.03959800,596213
2021-06-12,0.31874000,0.31932000,0.30000000,0.31216000,1217468360.10000000,376935028.77955200,567919
2021-06-13,0.31221000,0.33000000,0.30744000,0.32394000,1042596039.80000000,330077979.84159500,463552
2021-06-14,0.32392000,0.33777000,0.32000000,0.32767000,1310349921.90000000,427464905.68314300,573977
2021-06-15,0.32769000,0.33069000,0.31642000,0.32028000,1015598512.10000000,328973312.22201700,451937
2021-06-16,0.32025000,0.32146000,0.30505000,0.30775000,888434880.90000000,278178346.02510300,427203
2021-06-17,0.30774000,0.31413000,0.30260000,0.30619000,680701230.20000000,209708643.76090300,638720
2021-06-18,0.30619000,0.30766000,0.28000000,0.29328000,1314700190.70000000,387111436.64077600,610268
2021-06-19,0.29321000,0.29791000,0.28558000,0.28567000,624846001.40000000,182075119.81357100,299882
2021-06-20,0.28563000,0.28988000,0.25510000,0.28054000,1528605029.50000000,417251181.03050200,599650
2021-06-21,0.28054000,0.28138000,0.16490000,0.17873000,7023706752.60000000,1512324576.06297210,2208676
2021-06-22,0.17873000,0.21740000,0.16322000,0.19072000,7520083611.80000000,1415591893.18783800,2191025
2021-06-23,0.19075000,0.24850000,0.18046000,0.23468000,5839514040.00000000,1294917735.36063700,1747926
2021-06-24,0.23475000,0.26953000,0.22200000,0.26377000,3579998951.20000000,867149608.01785800,1121990
2021-06-25,0.26374000,0.28959000,0.22886000,0.23745000,5942192455.50000000,1530052695.03206000,2011394
2021-06-26,0.23748000,0.25540000,0.23057000,0.24583000,2653188955.60000000,638512739.70967200,832962
2021-06-27,0.24583000,0.26753000,0.24002000,0.26450000,1968559379.60000000,488208471.52400900,648905
2021-06-28,0.26462000,0.26735000,0.25050000,0.25707000,1734504424.80000000,445938066.67271200,582036
2021-06-29,0.25709000,0.27573000,0.25248000,0.26349000,1927372368.10000000,508993341.64056500,708135
2021-06-30,0.26349000,0.26391000,0.23778000,0.25391000,1610075649.00000000,404216370.60814600,580217
2021-07-01,0.25390000,0.26140000,0.23817000,0.24381000,2253058516.90000000,563323804.09332100,882860
2021-07-02,0.24380000,0.24916000,0.23839000,0.24505000,1081847381.60000000,262656840.60263600,384814
2021-07-03,0.24498000,0.25039000,0.24200000,0.24636000,759251070.10000000,187380352.28658000,282977
2021-07-04,0.24634000,0.25300000,0.24324000,0.24643000,823044174.70000000,204457205.01117000,300227
2021-07-05,0.24636000,0.24900000,0.22547000,0.23110000,1181584860.30000000,279530327.16970400,405908
2021-07-06,0.23117000,0.24230000,0.22931000,0.23417000,981368400.50000000,230653732.35793100,354214
2021-07-07,0.23418000,0.23862000,0.22084000,0.22386000,952129896.60000000,220956362.02187600,324605
2021-07-08,0.22386000,0.22481000,0.20148000,0.20690000,1487061330.10000000,317654933.33246000,468220
2021-07-09,0.20708000,0.22986000,0.19521000,0.21963000,2291127903.50000000,494599179.10863900,738815
2021-07-10,0.21966000,0.22812000,0.20970000,0.21375000,919482894.50000000,199891824.79982100,318346
2021-07-11,0.21376000,0.21917000,0.21061000,0.21597000,551263176.40000000,118250421.31181600,192606
2021-07-12,0.21597000,0.21900000,0.20394000,0.20775000,805441341.20000000,170528117.52279100,266418
2021-07-13,0.20776000,0.20893000,0.19749000,0.19997000,916221269.90000000,185691879.13214100,283012
2021-07-14,0.19995000,0.20479000,0.18725000,0.19761000,1247947078.40000000,244169787.71854100,400372
2021-07-15,0.19759000,0.20089000,0.18051000,0.18534000,966797093.30000000,183033118.15401800,334500
2021-07-16,0.18534000,0.18833000,0.17118000,0.17202000,1185633674.20000000,213123708.47093000,359394
2021-07-17,0.17203000,0.20530000,0.16884000,0.18734000,2572720766.90000000,476953686.13463200,826391
2021-07-18,0.18738000,0.19605000,0.18019000,0.18157000,1344894101.60000000,252407070.04216100,726039
2021-07-19,0.18156000,0.18429000,0.17025000,0.17362000,1079953391.40000000,189731806.22924800,316141
2021-07-20,0.17362000,0.17997000,0.15988000,0.17047000,1865041957.20000000,314175778.97875200,616158
2021-07-21,0.17048000,0.21442000,0.16836000,0.19046000,4505979384.20000000,868579035.19989900,1556914
2021-07-22,0.19045000,0.19646000,0.18632000,0.19123000,1393922167.50000000,266620497.72958900,500806
2021-07-23,0.19119000,0.19977000,0.18292000,0.19489000,1352326692.40000000,258932536.47505400,398516
2021-07-24,0.19490000,0.20450000,0.19117000,0.19688000,1627615706.20000000,318970652.71405200,496570
2021-07-25,0.19689000,0.20076000,0.19105000,0.19793000,1122436168.60000000,220142764.72149200,357958
2021-07-26,0.19788000,0.23314000,0.19679000,0.20362000,4546455511.80000000,986674155.36535300,1485286
2021-07-27,0.20363000,0.20950000,0.19506000,0.20585000,2030159664.40000000,409976210.81539400,587233
2021-07-28,0.20586000,0.21386000,0.20161000,0.20574000,1698684418.60000000,351384949.01333600,499045
2021-07-29,0.20571000,0.20664000,0.20030000,0.20502000,875707720.80000000,178588860.47998700,263435
2021-07-30,0.20503000,0.21065000,0.19587000,0.20873000,1260492016.30000000,257289553.34457000,382098
2021-07-31,0.20872000,0.21450000,0.20476000,0.20765000,1177482439.70000000,245268650.46020700,356965
2021-08-01,0.20764000,0.21799000,0.20082000,0.20424000,1550637730.20000000,327413782.11715100,478322
2021-08-02,0.20420000,0.20998000,0.20180000,0.20327000,896401081.30000000,183847136.44556200,276220
2021-08-03,0.20325000,0.20510000,0.19310000,0.19626000,977103235.10000000,193410947.60833100,297960
2021-08-04,0.19626000,0.20326000,0.19416000,0.20153000,873261017.40000000,173866598.17459100,264451
2021-08-05,0.20152000,0.20258000,0.19430000,0.20095000,946707300.60000000,188155415.65353700,284653
2021-08-06,0.20094000,0.21200000,0.19841000,0.20482000,1263420290.40000000,257269083.17416500,362869
2021-08-07,0.20482000,0.26280000,0.20358000,0.26189000,5158338816.20000000,1201706313.60601800,1965825
2021-08-08,0.26184000,0.28377000,0.23500000,0.23996000,5791158603.50000000,1496730706.91971500,2487438
2021-08-09,0.23996000,0.26666000,0.23048000,0.25609000,3702865258.60000000,928109307.89706000,1327292
2021-08-10,0.25610000,0.26321000,0.24513000,0.25732000,2588076619.60000000,659012619.40404700,1065587
2021-08-11,0.25734000,0.28295000,0.25626000,0.26445000,3712761104.70000000,1004804670.80594800,1252602
2021-08-12,0.26448000,0.29490000,0.25165000,0.26401000,3923287429.80000000,1064711859.98625200,1310291
2021-08-13,0.26405000,0.28756000,0.26121000,0.28667000,2142420241.30000000,592227760.81449100,708956
2021-08-14,0.28670000,0.29864000,0.27570000,0.29402000,3131790645.40000000,901636552.54284400,1111559
2021-08-15,0.29399000,0.34950000,0.28620000,0.33984000,4964816125.00000000,1544241159.19485900,2093790
2021-08-16,0.33996000,0.35170000,0.31001000,0.31956000,4130699106.80000000,1377064266.90045600,2015571
2021-08-17,0.31946000,0.34021000,0.29452000,0.29933000,3520234606.50000000,1129087958.00672900,1480283
2021-08-18,0.29930000,0.32500000,0.27750000,0.30320000,4089557667.20000000,1232998199.51005300,1342922
2021-08-19,0.30321000,0.31943000,0.29355000,0.31778000,2386616242.50000000,727935173.07926800,851309
2021-08-20,0.31777000,0.33640000,0.31373000,0.32733000,2177517962.30000000,703117739.03787700,881561
2021-08-21,0.32733000,0.33000000,0.31313000,0.31662000,1751965697.20000000,564595301.08164200,656408
2021-08-22,0.31666000,0.32159000,0.30500000,0.31467000,1401118643.80000000,439943524.68662300,490785
2021-08-23,0.31467000,0.32800000,0.31280000,0.31783000,1842154214.40000000,589609143.60893600,683664
2021-08-24,0.31775000,0.31968000,0.27433000,0.28864000,2336380653.80000000,699766438.96867100,796722
2021-08-25,0.28862000,0.29789000,0.27948000,0.29255000,1658742148.80000000,479310656.42824500,559436
2021-08-26,0.29254000,0.29645000,0.26410000,0.26840000,1401204832.10000000,387132430.93558400,427306
2021-08-27,0.26840000,0.29510000,0.26500000,0.29440000,1345067751.70000000,375916392.10523100,381840
2021-08-28,0.29440000,0.29950000,0.28300000,0.28600000,813242385.10000000,235148683.90202200,267926
2021-08-29,0.28600000,0.29180000,0.27640000,0.28090000,758831427.00000000,214101374.10370000,229161
2021-08-30,0.28090000,0.29050000,0.26980000,0.27200000,994923907.00000000,277765719.47840000,311173
2021-08-31,0.27190000,0.28600000,0.26960000,0.27810000,994391602.00000000,275796352.77920000,326296
2021-09-01,0.27820000,0.29500000,0.27280000,0.29430000,1077645215.00000000,306153073.61310000,377442
2021-09-02,0.29440000,0.31000000,0.29170000,0.29470000,1859879704.70000000,559826638.10634000,664845
2021-09-03,0.29460000,0.30470000,0.28700000,0.29610000,1248795134.00000000,370327334.06210000,412188
2021-09-04,0.29610000,0.30870000,0.29290000,0.29920000,1170386591.00000000,351086766.76710000,409866
2021-09-05,0.29930000,0.31550000,0.29600000,0.31430000,1273101183.70000000,388890887.95692700,446100
2021-09-06,0.31440000,0.31990000,0.29970000,0.30900000,1327741283.10000000,411842890.43197600,484314
2021-09-07,0.30910000,0.31140000,0.21450000,0.25520000,4143609594.10000000,1093324011.93616300,1155610
2021-09-08,0.25530000,0.26350000,0.23320000,0.25670000,2036725778.00000000,510772656.43400000,532364
2021-09-09,0.25660000,0.25970000,0.24860000,0.25250000,972908690.00000000,247597398.95750000,280534
2021-09-10,0.25250000,0.26200000,0.23530000,0.23970000,1039971873.00000000,256488140.44720000,288292
2021-09-11,0.23980000,0.24790000,0.23760000,0.24100000,574961334.00000000,139714407.49100000,157807
2021-09-12,0.24100000,0.25510000,0.23870000,0.25020000,824439503.00000000,203304943.35930000,225601
2021-09-13,0.25040000,0.25230000,0.22810000,0.23580000,1194502511.00000000,283614884.60060000,292444
2021-09-14,0.23590000,0.24170000,0.23350000,0.24060000,600777341.00000000,142920878.26020000,161582
2021-09-15,0.24060000,0.24840000,0.23880000,0.24760000,624731884.00000000,151898288.60840000,184628
2021-09-16,0.24770000,0.24790000,0.23290000,0.24180000,767085717.00000000,185504087.16760000,205861
2021-09-17,0.24190000,0.25990000,0.23730000,0.24010000,1532347235.00000000,379559281.68590000,423427
2021-09-18,0.24010000,0.24740000,0.23790000,0.24130000,532008968.00000000,129164187.24910000,140898
2021-09-19,0.24140000,0.24150000,0.23070000,0.23310000,486273037.00000000,115252029.36550000,127437
2021-09-20,0.23310000,0.23350000,0.19880000,0.20860000,1842218251.90000000,394048468.11675000,405118
2021-09-21,0.20860000,0.21850000,0.19760000,0.20090000,1475472637.80000000,304987868.41802600,303144
2021-09-22,0.20080000,0.23040000,0.19990000,0.22450000,1505717159.70000000,322392479.67390000,344339
2021-09-23,0.22440000,0.22730000,0.21750000,0.22460000,809134784.00000000,180164367.17640000,186777
2021-09-24,0.22450000,0.22910000,0.19650000,0.20910000,1446332143.90000000,303553065.91549600,326750
2021-09-25,0.20920000,0.21400000,0.20430000,0.20830000,648108334.00000000,135245750.12680000,179510
2021-09-26,0.20840000,0.20890000,0.19400000,0.20500000,778024870.70000000,157519709.58209200,174384
2021-09-27,0.20500000,0.20930000,0.19960000,0.19970000,447272392.00000000,91574177.34430000,114509
2021-09-28,0.19980000,0.20270000,0.19600000,0.19650000,478010126.00000000,95483638.94110000,106109
2021-09-29,0.19660000,0.20430000,0.19460000,0.19870000,508197881.00000000,101260063.70770000,111893
2021-09-30,0.19870000,0.20600000,0.19760000,0.20420000,525345573.00000000,106147967.72930000,143533
2021-10-01,0.20430000,0.22530000,0.20180000,0.22260000,1029403020.00000000,219547713.51790000,310097
2021-10-02,0.22270000,0.22500000,0.21510000,0.21850000,726979560.00000000,160184235.46050000,193514
2021-10-03,0.21860000,0.22660000,0.21550000,0.22180000,697996641.00000000,154246564.91320000,193891
2021-10-04,0.22180000,0.24900000,0.21190000,0.24140000,3281218340.00000000,758280391.15330000,878495
2021-10-05,0.24150000,0.26800000,0.23250000,0.25160000,3796153741.00000000,952019073.96640000,1140858
2021-10-06,0.25170000,0.27190000,0.24220000,0.25410000,3681509190.00000000,937240922.13540000,1031825
2021-10-07,0.25420000,0.25700000,0.23570000,0.24280000,2142393485.00000000,526371407.18480000,684345
2021-10-08,0.24290000,0.25490000,0.24140000,0.24410000,1381822126.00000000,341183059.25460000,439671
2021-10-09,0.24420000,0.25270000,0.24070000,0.24670000,1073585552.00000000,265083202.33900000,302173
2021-10-10,0.24670000,0.24870000,0.22600000,0.22880000,977648960.00000000,235428475.55700000,301360
2021-10-11,0.22870000,0.23940000,0.22490000,0.23120000,1072711057.00000000,250141411.29540000,298401
2021-10-12,0.23120000,0.23180000,0.21600000,0.22610000,1030470079.00000000,230081402.58140000,292420
2021-10-13,0.22600000,0.23420000,0.22030000,0.23260000,1044380785.00000000,236627812.18450000,274739
2021-10-14,0.23250000,0.24030000,0.23110000,0.23250000,1098049682.00000000,258753618.17370000,309024
2021-10-15,0.23250000,0.24360000,0.22390000,0.23400000,1457540715.00000000,339393961.86340000,448040
2021-10-16,0.23410000,0.24590000,0.23370000,0.23720000,1224144433.00000000,292786694.96210000,397218
2021-10-17,0.23730000,0.24210000,0.22520000,0.23780000,1210409235.00000000,285692592.67140000,321995
2021-10-18,0.23770000,0.27300000,0.23700000,0.24740000,4909224967.00000000,1256772812.22680000,1657639
2021-10-19,0.24740000,0.25500000,0.23990000,0.24540000,1415459318.00000000,348466072.24530000,424087
2021-10-20,0.24540000,0.26200000,0.24210000,0.25480000,1638568849.00000000,412204555.75870000,488016
2021-10-21,0.25480000,0.25840000,0.23820000,0.24240000,1573673715.00000000,393363316.27610000,432968
2021-10-22,0.24250000,0.25490000,0.23520000,0.24460000,1553243637.00000000,380298925.45110000,498045
2021-10-23,0.24460000,0.25400000,0.24000000,0.25110000,1258672648.00000000,311513097.86640000,408341
2021-10-24,0.25110000,0.28320000,0.24570000,0.27560000,4887922846.00000000,1279675115.81720000,1832059
2021-10-25,0.27570000,0.28050000,0.25850000,0.26510000,2939692178.00000000,786761841.75860000,954998
2021-10-26,0.26510000,0.27430000,0.25200000,0.25590000,2132162373.00000000,566841835.40230000,727385
2021-10-27,0.25580000,0.26360000,0.21690000,0.23790000,5223432326.00000000,1272871769.40950000,1531106
2021-10-28,0.23790000,0.34000000,0.23240000,0.29970000,17320109431.00000000,5219930976.42521700,7627669
2021-10-29,0.29970000,0.30700000,0.27520000,0.28820000,4977184874.00000000,1449528504.81890000,1689593
2021-10-30,0.28820000,0.29500000,0.25800000,0.26900000,3441001301.00000000,956948768.87880000,994098
2021-10-31,0.26900000,0.28520000,0.25200000,0.28000000,3857354566.00000000,1037320524.56140000,1238053
2021-11-01,0.28000000,0.28660000,0.26310000,0.27160000,2497093967.00000000,681411474.95410000,891801
2021-11-02,0.27160000,0.28100000,0.26660000,0.27390000,1912493294.00000000,523498212.00150000,647160
2021-11-03,0.27390000,0.27760000,0.26200000,0.26890000,1607498166.00000000,434655291.64500000,571605
2021-11-04,0.26890000,0.27090000,0.25390000,0.26300000,1446957670.00000000,379245534.21930000,508172
2021-11-05,0.26300000,0.27090000,0.25470000,0.26090000,1282376452.00000000,335836842.64500000,430630
2021-11-06,0.26080000,0.26760000,0.25000000,0.26180000,1135857725.00000000,294677203.52430000,382989
2021-11-07,0.26180000,0.26980000,0.25840000,0.26640000,912146975.00000000,240830810.93840000,325685
2021-11-08,0.26640000,0.29730000,0.26440000,0.28190000,3420674489.00000000,962706185.23480000,1371770
2021-11-09,0.28200000,0.29050000,0.27080000,0.27360000,1854893482.00000000,518094770.86180000,646406
2021-11-10,0.27370000,0.27750000,0.23500000,0.25530000,2600272877.00000000,684007226.35180000,852520
2021-11-11,0.25530000,0.27160000,0.25290000,0.26050000,1356541795.00000000,354517007.40810000,438607
2021-11-12,0.26040000,0.26860000,0.24840000,0.25930000,1227134455.00000000,315947740.77270000,372462
2021-11-13,0.25940000,0.26240000,0.25420000,0.26130000,730909452.00000000,188926935.43350000,225638
2021-11-14,0.26120000,0.27190000,0.25970000,0.26280000,1109308026.00000000,292076559.78480000,353541
2021-11-15,0.26280000,0.26540000,0.25530000,0.25660000,784663988.00000000,204474518.92870000,269404
2021-11-16,0.25670000,0.25670000,0.22250000,0.23650000,1931306150.00000000,464932527.16230000,608934
2021-11-17,0.23640000,0.24130000,0.22930000,0.23740000,1016537117.00000000,239701999.61770000,388896
2021-11-18,0.23730000,0.24130000,0.21500000,0.22080000,1424059825.00000000,323967645.25540000,406185
2021-11-19,0.22090000,0.23690000,0.21550000,0.23290000,1011256982.00000000,229179438.96750000,331987
2021-11-20,0.23280000,0.23570000,0.22490000,0.23300000,638393250.00000000,147517458.12820000,237113
2021-11-21,0.23300000,0.23340000,0.22500000,0.22550000,584498069.00000000,133720139.53110000,212559
2021-11-22,0.22560000,0.22730000,0.21630000,0.21950000,715429215.00000000,158579701.93280000,276869
2021-11-23,0.21940000,0.23690000,0.21320000,0.22660000,1648276631.00000000,373654997.75930000,581401
2021-11-24,0.22670000,0.23040000,0.21060000,0.21700000,1150989995.00000000,251378365.12160000,365117
2021-11-25,0.21700000,0.22890000,0.21380000,0.22090000,1097415948.00000000,241902116.94850000,364136
2021-11-26,0.22100000,0.22170000,0.18600000,0.20160000,2305030656.30000000,466544938.32194300,638750
2021-11-27,0.20160000,0.21000000,0.20050000,0.20490000,908852823.00000000,187032695.75270000,242164
2021-11-28,0.20490000,0.20740000,0.19070000,0.20730000,858901257.00000000,171491689.54370000,248262
2021-11-29,0.20720000,0.22700000,0.20250000,0.21500000,1857437869.00000000,398639243.04300000,529452
2021-11-30,0.21490000,0.22750000,0.21250000,0.21470000,1617695220.00000000,355085720.06330000,525493
2021-12-01,0.21470000,0.21890000,0.20580000,0.20930000,803902283.00000000,171402297.52380000,253469
2021-12-02,0.20930000,0.22330000,0.20110000,0.20950000,1689895075.00000000,361735596.98500000,503109
2021-12-03,0.20950000,0.21220000,0.19020000,0.19990000,1011968037.00000000,205650078.41860000,327994
2021-12-04,0.19980000,0.20040000,0.13100000,0.17810000,5303849448.20000000,875284516.14176120,1244383
2021-12-05,0.17810000,0.18120000,0.16170000,0.17120000,1381389600.00000000,237176316.58580000,331601
2021-12-06,0.17120000,0.18040000,0.15910000,0.17760000,1661970370.00000000,280449023.36290000,378696
2021-12-07,0.17750000,0.18390000,0.17460000,0.17620000,1069148248.00000000,191634274.37070000,288209
2021-12-08,0.17620000,0.18210000,0.17200000,0.17900000,870067110.00000000,154635859.71410000,224241
2021-12-09,0.17910000,0.18330000,0.16850000,0.16910000,974195305.00000000,171167695.34260000,261310
2021-12-10,0.16910000,0.17480000,0.16320000,0.16410000,743981315.00000000,125683654.87770000,210728
2021-12-11,0.16410000,0.17000000,0.16120000,0.16890000,654792769.00000000,109062931.80550000,151183
2021-12-12,0.16890000,0.17380000,0.16560000,0.16970000,499912432.00000000,84602890.44180000,138604
2021-12-13,0.16960000,0.17040000,0.15140000,0.15730000,972416861.00000000,155604545.43690000,239379
2021-12-14,0.15740000,0.22040000,0.15490000,0.19090000,7338444571.00000000,1422980144.51515000,2081987
2021-12-15,0.19090000,0.19120000,0.17030000,0.18080000,2177343912.00000000,391861093.21350000,611631
2021-12-16,0.18080000,0.18530000,0.17230000,0.17320000,1077785070.00000000,193396915.82990000,286034
2021-12-17,0.17320000,0.17660000,0.16140000,0.16850000,1033871332.00000000,175363100.35270000,269528
2021-12-18,0.16840000,0.17570000,0.16590000,0.17230000,594262965.00000000,101910893.05980000,153484
2021-12-19,0.17230000,0.17460000,0.16910000,0.16940000,479149291.00000000,82264945.65600000,119876
2021-12-20,0.16950000,0.17080000,0.16100000,0.16710000,823398873.00000000,136335890.59780000,204021
2021-12-21,0.16710000,0.17240000,0.16570000,0.17070000,514233887.00000000,87347665.27810000,145562
2021-12-22,0.17080000,0.17990000,0.16970000,0.17300000,885691231.00000000,154399902.65380000,237658
2021-12-23,0.17300000,0.18510000,0.17120000,0.18500000,1027458506.00000000,183498382.25270000,277776
2021-12-24,0.18510000,0.19550000,0.17910000,0.18620000,1245909390.00000000,232926613.82570000,384568
2021-12-25,0.18620000,0.19570000,0.18470000,0.19080000,883688963.00000000,168076719.39730000,266869
2021-12-26,0.19080000,0.19250000,0.18490000,0.18980000,537153520.00000000,101438456.64510000,177174
2021-12-27,0.18980000,0.19280000,0.18630000,0.18790000,613113643.00000000,116693300.04260000,168273
2021-12-28,0.18790000,0.18800000,0.17160000,0.17390000,979781920.00000000,175401657.47920000,269089
2021-12-29,0.17380000,0.17730000,0.16610000,0.16800000,716005365.00000000,123220165.93700000,212435
2021-12-30,0.16800000,0.17580000,0.16510000,0.17110000,524275170.00000000,89910272.51920000,153194
2021-12-31,0.17100000,0.17580000,0.16610000,0.17030000,572705101.00000000,98370383.98990000,152444
2022-01-01,0.17030000,0.17370000,0.16970000,0.17320000,297504077.00000000,51118607.69710000,78125
2022-01-02,0.17310000,0.17630000,0.17050000,0.17450000,312955886.00000000,54232018.27000000,103674
2022-01-03,0.17450000,0.17450000,0.16740000,0.17030000,460985351.00000000,78769279.94100000,139249
2022-01-04,0.17030000,0.17260000,0.16650000,0.16840000,496439208.00000000,84445791.17980000,127545
2022-01-05,0.16850000,0.17100000,0.14720000,0.15900000,1084632258.00000000,175586840.15730000,307998
2022-01-06,0.15910000,0.16210000,0.15390000,0.15990000,705767171.00000000,111252225.62060000,163053
2022-01-07,0.16000000,0.16040000,0.14890000,0.15500000,1079690606.00000000,165985187.71820000,238457
2022-01-08,0.15510000,0.15790000,0.14510000,0.15090000,582238373.00000000,88691615.38090000,145534
2022-01-09,0.15090000,0.15390000,0.14860000,0.15050000,381170543.00000000,57712544.20890000,92096
2022-01-10,0.15050000,0.15220000,0.13680000,0.14310000,845047878.00000000,121825858.85910000,195011
2022-01-11,0.14300000,0.16700000,0.14170000,0.15380000,1691718365.00000000,261232755.93320000,414265
2022-01-12,0.15380000,0.16360000,0.15110000,0.16280000,911010585.00000000,143396864.33840000,216889
2022-01-13,0.16270000,0.17810000,0.16130000,0.17170000,2116971492.00000000,358114424.27630000,608901
2022-01-14,0.17160000,0.21480000,0.17030000,0.18320000,5406672589.00000000,1034712134.38930000,1616626
2022-01-15,0.18320000,0.19480000,0.18150000,0.18450000,1633943311.00000000,308140647.20910000,433639
2022-01-16,0.18450000,0.18470000,0.17340000,0.17660000,1069094552.00000000,191535560.16240000,295928
2022-01-17,0.17660000,0.17840000,0.16560000,0.17080000,1091483397.00000000,185872598.39030000,294432
2022-01-18,0.17080000,0.17430000,0.16160000,0.16510000,945110452.00000000,157263745.63470000,261221
2022-01-19,0.16510000,0.16960000,0.15890000,0.16150000,867134554.00000000,142010625.81980000,228221
2022-01-20,0.16160000,0.16930000,0.15360000,0.15530000,763530515.00000000,123916671.23210000,209516
2022-01-21,0.15530000,0.15760000,0.13990000,0.14190000,1503858051.00000000,224735013.25960000,364233
2022-01-22,0.14200000,0.14530000,0.12000000,0.13320000,2241546261.60000000,295060612.16589830,463517
2022-01-23,0.13330000,0.14470000,0.13200000,0.14180000,1196841624.00000000,165845229.23330000,264793
2022-01-24,0.14170000,0.14180000,0.12560000,0.13730000,1607720454.00000000,212415108.12920000,315848
2022-01-25,0.13730000,0.15060000,0.13250000,0.14270000,1316136672.00000000,185529039.48450000,329252
2022-01-26,0.14270000,0.15340000,0.14090000,0.14310000,1324673854.00000000,195069981.41250000,323716
2022-01-27,0.14310000,0.14590000,0.13620000,0.14140000,677890025.00000000,95591229.41240000,178577
2022-01-28,0.14150000,0.14260000,0.13770000,0.14140000,464231063.00000000,65093571.55000000,134663
2022-01-29,0.14150000,0.14420000,0.14030000,0.14300000,339117872.00000000,48327531.01950000,100888
2022-01-30,0.14290000,0.14380000,0.13800000,0.13910000,341622629.00000000,48248673.10560000,100186
2022-01-31,0.13920000,0.14260000,0.13630000,0.14150000,365107026.00000000,50863765.13920000,104382
2022-02-01,0.14160000,0.14440000,0.14080000,0.14230000,374440012.00000000,53367321.66310000,113926
2022-02-02,0.14230000,0.14660000,0.13500000,0.13700000,491750010.00000000,69462097.11510000,153061
2022-02-03,0.13690000,0.13890000,0.13460000,0.13790000,384297073.00000000,52515119.29620000,102345
2022-02-04,0.13800000,0.14810000,0.13690000,0.14780000,562305646.00000000,79672789.36740000,144888
2022-02-05,0.14790000,0.15070000,0.14470000,0.14690000,526695035.00000000,78083669.30310000,157132
2022-02-06,0.14680000,0.15590000,0.14450000,0.15390000,705984242.00000000,106084049.97730000,191837
2022-02-07,0.15400000,0.17310000,0.15130000,0.16530000,1810847856.00000000,293541596.58850000,464947
2022-02-08,0.16530000,0.17110000,0.15290000,0.15810000,1273034951.00000000,204348469.35360000,312226
2022-02-09,0.15820000,0.16240000,0.15420000,0.15940000,691842118.00000000,109484358.68500000,163418
2022-02-10,0.15940000,0.16070000,0.15000000,0.15140000,921972005.00000000,143685718.03660000,208286
2022-02-11,0.15150000,0.15430000,0.14190000,0.14460000,706523003.00000000,105560457.29960000,154473
2022-02-12,0.14460000,0.14750000,0.14020000,0.14440000,573672346.00000000,82327832.15910000,117786
2022-02-13,0.14430000,0.15800000,0.14370000,0.14800000,1586345314.00000000,241312989.56970000,296082
2022-02-14,0.14810000,0.15060000,0.14270000,0.14570000,901483820.00000000,131524397.02470000,158846
2022-02-15,0.14580000,0.15240000,0.14480000,0.15170000,600243216.00000000,89684396.75070000,125329
2022-02-16,0.15170000,0.15170000,0.14620000,0.14870000,432478291.00000000,64397688.01380000,98490
2022-02-17,0.14870000,0.15000000,0.13680000,0.13830000,740203412.00000000,106248232.22780000,141390
2022-02-18,0.13830000,0.14220000,0.13600000,0.13860000,619882904.00000000,86323668.08150000,100190
2022-02-19,0.13860000,0.14650000,0.13840000,0.14090000,677612304.00000000,96251390.23280000,119164
2022-02-20,0.14090000,0.14110000,0.13500000,0.13660000,508576015.00000000,69748594.55700000,82037
2022-02-21,0.13670000,0.14190000,0.12710000,0.12820000,1003925366.00000000,136174984.93560000,144334
2022-02-22,0.12830000,0.13180000,0.12380000,0.13130000,711049048.00000000,91140316.27410000,105668
2022-02-23,0.13130000,0.13560000,0.12720000,0.12730000,608946632.00000000,80213055.06230000,88771
2022-02-24,0.12730000,0.12770000,0.10650000,0.12410000,2457565179.90000000,285892016.45551600,340480
2022-02-25,0.12410000,0.12840000,0.12050000,0.12760000,799509758.00000000,99339704.01520000,131729
2022-02-26,0.12760000,0.13060000,0.12570000,0.12760000,531223949.00000000,67936605.60520000,87364
2022-02-27,0.12760000,0.12840000,0.12090000,0.12290000,635411701.00000000,79466421.63280000,98850
2022-02-28,0.12300000,0.13490000,0.12130000,0.13350000,734786347.00000000,93226670.45120000,122865
2022-03-01,0.13340000,0.13900000,0.12970000,0.13400000,925222290.00000000,123564983.09350000,158151
2022-03-02,0.13400000,0.13730000,0.13060000,0.13300000,672511452.00000000,89853516.13370000,116521
2022-03-03,0.13300000,0.13390000,0.12710000,0.12970000,523496191.00000000,68490030.51260000,100557
2022-03-04,0.12970000,0.13020000,0.12000000,0.12260000,660309989.00000000,83001834.05090000,115814
2022-03-05,0.12260000,0.12560000,0.12090000,0.12500000,323924728.00000000,39959043.87240000,58768
2022-03-06,0.12490000,0.12560000,0.11930000,0.12070000,386679370.00000000,47420631.55940000,75202
2022-03-07,0.12070000,0.12260000,0.11320000,0.11670000,511547343.00000000,60797673.31870000,96499
2022-03-08,0.11680000,0.12000000,0.11520000,0.11700000,545435466.00000000,64282780.30310000,94497
2022-03-09,0.11700000,0.12450000,0.11640000,0.12150000,538317389.00000000,65487819.96020000,100324
2022-03-10,0.12150000,0.12190000,0.11450000,0.11690000,558495794.00000000,65399400.45700000,94268
2022-03-11,0.11690000,0.11860000,0.11370000,0.11550000,407557724.00000000,47332538.50950000,70497
2022-03-12,0.11540000,0.11730000,0.11460000,0.11470000,214689375.00000000,24944582.41790000,42957
2022-03-13,0.11470000,0.11640000,0.10990000,0.11140000,401940015.00000000,45696820.44370000,76195
2022-03-14,0.11140000,0.12200000,0.11020000,0.11390000,948724536.00000000,109293070.66100000,142648
2022-03-15,0.11390000,0.11430000,0.11010000,0.11260000,417039779.00000000,46852675.13830000,67179
2022-03-16,0.11260000,0.11710000,0.11210000,0.11710000,548022368.00000000,62626458.84900000,95577
2022-03-17,0.11700000,0.11940000,0.11580000,0.11630000,444108919.00000000,52079343.92420000,70463
2022-03-18,0.11640000,0.11960000,0.11420000,0.11910000,431655767.00000000,50225238.42350000,72814
2022-03-19,0.11920000,0.12510000,0.11830000,0.12360000,678711412.00000000,82752666.07810000,125676
2022-03-20,0.12350000,0.12410000,0.11740000,0.11910000,425713425.00000000,51233957.86340000,72191
2022-03-21,0.11910000,0.12170000,0.11760000,0.11920000,403696503.00000000,48265946.88910000,75027
2022-03-22,0.11930000,0.12570000,0.11860000,0.12240000,640695818.00000000,78763665.29560000,108852
2022-03-23,0.12240000,0.13140000,0.12100000,0.12980000,1136679760.00000000,143902569.42400000,188709
2022-03-24,0.12990000,0.14130000,0.12770000,0.13680000,2168603367.00000000,295002518.00140000,388811
2022-03-25,0.13680000,0.13770000,0.12740000,0.13080000,1191949148.00000000,159055133.65970000,181034
2022-03-26,0.13080000,0.13690000,0.12890000,0.13600000,780328909.00000000,103966571.16260000,125845
2022-03-27,0.13610000,0.14560000,0.13540000,0.14480000,1864810242.00000000,262487760.13380000,330309
2022-03-28,0.14470000,0.15370000,0.14060000,0.14250000,1905719594.00000000,283833893.96690000,350602
2022-03-29,0.14240000,0.14890000,0.14040000,0.14440000,1173218699.00000000,170284471.05660000,187360
2022-03-30,0.14440000,0.14560000,0.13790000,0.14320000,1131014248.00000000,161160202.41980000,170897
2022-03-31,0.14310000,0.14800000,0.13590000,0.13810000,1464999405.00000000,208348718.75680000,198636
2022-04-01,0.13810000,0.14300000,0.13200000,0.14130000,1030256213.00000000,141710757.48010000,167265
2022-04-02,0.14140000,0.14450000,0.13780000,0.13870000,804996467.00000000,114155659.69840000,132416
2022-04-03,0.13870000,0.14960000,0.13620000,0.14660000,1229288569.00000000,177342644.64580000,227999
2022-04-04,0.14650000,0.15670000,0.14120000,0.14850000,2703058960.00000000,400091044.58820000,508873
2022-04-05,0.14850000,0.17960000,0.14710000,0.17270000,6454340799.00000000,1051143328.08150000,1285123
2022-04-06,0.17270000,0.17480000,0.14100000,0.14330000,5121714785.00000000,798394034.07510000,885187
2022-04-07,0.14320000,0.14830000,0.14000000,0.14590000,1901323940.00000000,274657540.88290000,268958
2022-04-08,0.14590000,0.15340000,0.14040000,0.14240000,2219140122.00000000,327404865.77380000,316228
2022-04-09,0.14230000,0.14460000,0.14050000,0.14420000,598706994.00000000,85533936.67910000,104463
2022-04-10,0.14420000,0.15780000,0.14350000,0.14820000,2653381549.00000000,402339087.52430000,440083
2022-04-11,0.14820000,0.15150000,0.13290000,0.13410000,2077944539.00000000,295551510.59210000,336976
2022-04-12,0.13400000,0.14460000,0.13320000,0.13800000,1432968065.00000000,198763674.24820000,239645
2022-04-13,0.13800000,0.14350000,0.13620000,0.13990000,982887318.00000000,137393251.86260000,166895
2022-04-14,0.14000000,0.14780000,0.13680000,0.14410000,2218098250.00000000,316371897.48940000,347004
2022-04-15,0.14420000,0.14980000,0.14180000,0.14580000,1414074566.00000000,206421725.14360000,242481
2022-04-16,0.14580000,0.14800000,0.14140000,0.14350000,747201976.00000000,107920654.55900000,126459
2022-04-17,0.14350000,0.14500000,0.13830000,0.13920000,693196715.00000000,98798237.20050000,118303
2022-04-18,0.13920000,0.14050000,0.13270000,0.14020000,1219207335.00000000,166631673.40240000,172568
2022-04-19,0.14010000,0.14460000,0.13910000,0.14250000,811386437.00000000,114731377.75820000,121222
2022-04-20,0.14250000,0.14680000,0.13890000,0.14070000,1387121991.00000000,198712438.65180000,183954
2022-04-21,0.14070000,0.14300000,0.13400000,0.13620000,873720271.00000000,121931727.06830000,134778
2022-04-22,0.13620000,0.13820000,0.13460000,0.13630000,572175737.00000000,78050873.83210000,82694
2022-04-23,0.13630000,0.13680000,0.13310000,0.13390000,337691149.00000000,45561190.49330000,56187
2022-04-24,0.13380000,0.13480000,0.13090000,0.13170000,521764787.00000000,69350563.41780000,71201
2022-04-25,0.13180000,0.17110000,0.12240000,0.15810000,7687212862.00000000,1147372432.23860000,1341383
2022-04-26,0.15820000,0.16680000,0.13540000,0.13760000,6993892003.00000000,1069301464.50690000,1199816
2022-04-27,0.13760000,0.14560000,0.13500000,0.14000000,2395315272.00000000,336123088.52470000,373346
2022-04-28,0.13990000,0.14330000,0.13520000,0.13750000,1507644481.00000000,209786452.35780000,222069
2022-04-29,0.13750000,0.14510000,0.13310000,0.13490000,2002962085.00000000,277934350.02110000,327678
2022-04-30,0.13500000,0.13680000,0.12380000,0.12740000,1256533034.00000000,164757599.68110000,242872
2022-05-01,0.12730000,0.13660000,0.12600000,0.13270000,1208220038.00000000,158692847.44270000,186400
2022-05-02,0.13270000,0.13400000,0.12760000,0.13080000,791121203.00000000,103670354.28180000,119984
2022-05-03,0.13080000,0.13200000,0.12640000,0.12950000,602983927.00000000,78261051.89470000,86809
2022-05-04,0.12940000,0.13630000,0.12900000,0.13590000,999925457.00000000,131931283.31350000,143213
2022-05-05,0.13600000,0.13780000,0.12500000,0.12820000,1663729207.00000000,218173969.84040000,239158
2022-05-06,0.12810000,0.12990000,0.12340000,0.12780000,919219399.00000000,116682459.59880000,146685
2022-05-07,0.12770000,0.13240000,0.12450000,0.12750000,913433603.00000000,117146687.03660000,152856
2022-05-08,0.12740000,0.12830000,0.12260000,0.12410000,770287457.00000000,96542930.98940000,124742
2022-05-09,0.12410000,0.12530000,0.10010000,0.10190000,2102771008.30000000,239113759.32312940,312051
2022-05-10,0.10180000,0.11840000,0.09920000,0.10800000,1929997320.50000000,210771372.32938200,307346
2022-05-11,0.10800000,0.11090000,0.07110000,0.08530000,4698607567.90000000,440124665.12907120,639261
2022-05-12,0.08520000,0.08990000,0.06890000,0.08260000,4099690301.00000000,324180510.40739290,612330
2022-05-13,0.08260000,0.09640000,0.08200000,0.08810000,2571346706.00000000,232985182.66530000,342187
2022-05-14,0.08810000,0.09200000,0.08360000,0.08940000,1212363074.00000000,106875054.28700000,179875
2022-05-15,0.08950000,0.09330000,0.08640000,0.09320000,799028070.00000000,71273603.95080000,117569
2022-05-16,0.09320000,0.09320000,0.08580000,0.08800000,674846170.00000000,59593088.41110000,108447
2022-05-17,0.08800000,0.09140000,0.08690000,0.09030000,632579482.00000000,56518959.31830000,105455
2022-05-18,0.09030000,0.09100000,0.08310000,0.08330000,552003943.00000000,47920803.80840000,91933
2022-05-19,0.08340000,0.08760000,0.08140000,0.08660000,537654022.00000000,45628823.88410000,101250
2022-05-20,0.08660000,0.08800000,0.08250000,0.08400000,494642225.00000000,42242911.25530000,125585
2022-05-21,0.08400000,0.08550000,0.08240000,0.08450000,200173227.00000000,16839511.20880000,41884
2022-05-22,0.08440000,0.08670000,0.08380000,0.08590000,212040160.00000000,18116210.74320000,42904
2022-05-23,0.08590000,0.08840000,0.08210000,0.08330000,491119625.00000000,42231960.22340000,77802
2022-05-24,0.08330000,0.08440000,0.08010000,0.08370000,359716178.00000000,29793056.74470000,51015
2022-05-25,0.08370000,0.08450000,0.08210000,0.08300000,417147590.00000000,34683533.01390000,49561
2022-05-26,0.08290000,0.08370000,0.07500000,0.07790000,863761845.00000000,68207421.01000000,99973
2022-05-27,0.07790000,0.09000000,0.07600000,0.08160000,1955445636.00000000,161102847.61990000,254240
2022-05-28,0.08150000,0.08340000,0.08080000,0.08180000,539169761.00000000,44147605.09100000,70892
2022-05-29,0.08180000,0.08330000,0.07980000,0.08270000,368598200.00000000,30139562.18430000,53700
2022-05-30,0.08270000,0.08857000,0.08210000,0.08800000,1210365782.00000000,103736341.96524000,175361
2022-05-31,0.08800000,0.08850000,0.08308000,0.08591000,1380975219.00000000,118883517.63877000,198304
2022-06-01,0.08590000,0.08952000,0.07872000,0.08105000,2111914425.00000000,179173789.19822000,273373
2022-06-02,0.08106000,0.08313000,0.08001000,0.08277000,950935239.00000000,77422479.03407000,138166
2022-06-03,0.08279000,0.08296000,0.07936000,0.08029000,719704158.00000000,58286787.39083000,112202
2022-06-04,0.08033000,0.08252000,0.07932000,0.08187000,508858133.00000000,41312175.35615000,78651
2022-06-05,0.08188000,0.08225000,0.08060000,0.08107000,372318514.00000000,30371072.32997000,63142
2022-06-06,0.08108000,0.08473000,0.08089000,0.08250000,810064865.00000000,67215049.35909000,122162
2022-06-07,0.08250000,0.08258000,0.07769000,0.08039000,733934095.00000000,58834598.51563000,123942
2022-06-08,0.08039000,0.08160000,0.07880000,0.07927000,536757669.00000000,42979808.21191000,95641
2022-06-09,0.07927000,0.08105000,0.07893000,0.07937000,322805496.00000000,25765458.37242000,64815
2022-06-10,0.07937000,0.07974000,0.07423000,0.07539000,584554571.00000000,45010854.55354000,105310
2022-06-11,0.07538000,0.07649000,0.06793000,0.06993000,750865386.00000000,53683178.03036000,131409
2022-06-12,0.06994000,0.07037000,0.06344000,0.06353000,1339377069.70000000,88779563.97902480,214387
2022-06-13,0.06352000,0.06627000,0.05234000,0.05420000,3222482666.20000000,183236473.66619450,519889
2022-06-14,0.05418000,0.05842000,0.04978000,0.05555000,2292552206.00000000,125432740.90970840,353154
2022-06-15,0.05556000,0.06394000,0.05041000,0.06285000,2340963490.00000000,128648902.12516000,391699
2022-06-16,0.06285000,0.06285000,0.05421000,0.05523000,1635504912.00000000,94401491.76816000,258302
2022-06-17,0.05523000,0.05814000,0.05463000,0.05689000,694665887.00000000,39400049.44512000,120789
2022-06-18,0.05690000,0.05787000,0.04914000,0.05290000,1478029999.00000000,78653187.16525000,234084
2022-06-19,0.05289000,0.06290000,0.05116000,0.06047000,2339917678.00000000,133346502.12006000,397192
2022-06-20,0.06046000,0.06152000,0.05744000,0.06002000,963247514.00000000,57195844.19724000,184453
2022-06-21,0.06002000,0.06993000,0.05896000,0.06581000,2221434344.00000000,144904487.74883000,386924
2022-06-22,0.06583000,0.06583000,0.06105000,0.06170000,1245199586.00000000,78422432.89696000,232702
2022-06-23,0.06172000,0.06476000,0.06155000,0.06398000,826794075.00000000,52477537.64891000,131736
2022-06-24,0.06398000,0.06854000,0.06391000,0.06694000,897806951.00000000,59396860.79661000,155576
2022-06-25,0.06694000,0.06934000,0.06510000,0.06852000,767798491.00000000,51757596.91645000,134228
2022-06-26,0.06852000,0.07759000,0.06719000,0.07296000,1762543405.00000000,127948048.33162000,327553
2022-06-27,0.07297000,0.07880000,0.07050000,0.07216000,1823287836.00000000,136307639.09611000,350225
2022-06-28,0.07218000,0.07340000,0.06540000,0.06610000,1134861583.00000000,79223772.78590000,205405
2022-06-29,0.06610000,0.07159000,0.06409000,0.06956000,1112315068.00000000,75029965.78287000,216150
2022-06-30,0.06958000,0.06973000,0.06227000,0.06644000,1057005992.00000000,68718354.41226000,218258
2022-07-01,0.06642000,0.06846000,0.06386000,0.06644000,872749922.00000000,57629359.70038000,173602
2022-07-02,0.06645000,0.06800000,0.06550000,0.06667000,618971181.00000000,41350431.92970000,127773
2022-07-03,0.06667000,0.06750000,0.06482000,0.06721000,437895956.00000000,28974235.95980000,85450
2022-07-04,0.06721000,0.06981000,0.06566000,0.06938000,647421086.00000000,43855197.21635000,119132
2022-07-05,0.06937000,0.07002000,0.06550000,0.06716000,634033746.00000000,42994496.94514000,128561
2022-07-06,0.06716000,0.06930000,0.06616000,0.06844000,643845555.00000000,43652824.59127000,120657
2022-07-07,0.06843000,0.07122000,0.06786000,0.07055000,698711394.00000000,48639931.15523000,117622
2022-07-08,0.07056000,0.07350000,0.06823000,0.06906000,767634396.00000000,53866869.99886000,144875
2022-07-09,0.06906000,0.07019000,0.06881000,0.06947000,356555177.00000000,24788969.66587000,65425
2022-07-10,0.06947000,0.06950000,0.06626000,0.06728000,500345310.00000000,33772694.86866000,76057
2022-07-11,0.06728000,0.06729000,0.06119000,0.06175000,567740257.00000000,36619245.03575000,99063
2022-07-12,0.06175000,0.06316000,0.05972000,0.05982000,490698646.00000000,30143407.77588000,91247
2022-07-13,0.05981000,0.06235000,0.05754000,0.06194000,765623144.00000000,46058378.15560000,135523
2022-07-14,0.06194000,0.06282000,0.05946000,0.06246000,619370560.00000000,37889836.80867000,100279
2022-07-15,0.06247000,0.06443000,0.06162000,0.06294000,651264714.00000000,41111678.24732000,119396
2022-07-16,0.06293000,0.06484000,0.06176000,0.06439000,450542104.00000000,28598349.07682000,86274
2022-07-17,0.06437000,0.06552000,0.06289000,0.06306000,413264543.00000000,26531191.90230000,80443
2022-07-18,0.06306000,0.06897000,0.06299000,0.06756000,1153131436.00000000,76698811.25945000,211722
2022-07-19,0.06755000,0.07025000,0.06539000,0.06901000,1049353576.00000000,71280807.39764000,211211
2022-07-20,0.06902000,0.07695000,0.06769000,0.07014000,1879167633.00000000,136124920.87375000,393791
2022-07-21,0.07012000,0.07091000,0.06691000,0.06998000,831525229.00000000,57296862.70056000,167881
2022-07-22,0.06997000,0.07141000,0.06670000,0.06743000,698239065.00000000,48427831.55123000,140701
2022-07-23,0.06743000,0.06950000,0.06594000,0.06804000,574830361.00000000,38863079.68434000,115180
2022-07-24,0.06802000,0.06893000,0.06721000,0.06755000,422181889.00000000,28833198.00950000,81519
2022-07-25,0.06755000,0.06799000,0.06175000,0.06193000,699294463.00000000,45313108.85976000,136385
2022-07-26,0.06194000,0.06267000,0.06011000,0.06252000,598070119.00000000,36715804.47835000,108008
2022-07-27,0.06253000,0.06722000,0.06178000,0.06721000,722135201.00000000,46414228.10884000,120098
2022-07-28,0.06722000,0.07089000,0.06518000,0.06909000,947954323.00000000,64139627.45806000,173112
2022-07-29,0.06912000,0.07244000,0.06723000,0.06877000,1006131726.00000000,70028114.06012000,208331
2022-07-30,0.06879000,0.07454000,0.06788000,0.06965000,1305533142.00000000,93038892.43579000,252675
2022-07-31,0.06966000,0.07225000,0.06771000,0.06807000,789967033.00000000,55406419.32442000,150464
2022-08-01,0.06809000,0.07128000,0.06682000,0.06845000,770509779.00000000,52890145.22155000,148817
2022-08-02,0.06845000,0.06913000,0.06546000,0.06652000,571786789.00000000,38263225.02652000,122520
2022-08-03,0.06652000,0.06842000,0.06509000,0.06621000,475501306.00000000,31901099.46224000,97042
2022-08-04,0.06621000,0.06767000,0.06574000,0.06725000,417953599.00000000,27891714.90145000,85584
2022-08-05,0.06725000,0.07028000,0.06717000,0.06981000,655343802.00000000,45187095.79871000,117930
2022-08-06,0.06981000,0.07133000,0.06840000,0.06863000,515275101.00000000,35996342.73437000,84616
2022-08-07,0.06863000,0.07000000,0.06735000,0.06897000,334443472.00000000,23010367.80449000,62626
2022-08-08,0.06896000,0.07258000,0.06881000,0.07011000,791973876.00000000,55880993.42293000,120684
2022-08-09,0.07009000,0.07500000,0.06743000,0.06904000,1319171735.00000000,93675515.65975000,209593
2022-08-10,0.06902000,0.07147000,0.06649000,0.07126000,864532997.00000000,60269762.27526000,141421
2022-08-11,0.07126000,0.07550000,0.07042000,0.07084000,1244652711.00000000,90027449.51609000,193542
2022-08-12,0.07085000,0.07275000,0.06966000,0.07230000,558720656.00000000,39743070.26094000,89846
2022-08-13,0.07232000,0.07517000,0.07180000,0.07293000,814196356.00000000,59835990.93462000,129095
2022-08-14,0.07292000,0.08494000,0.07262000,0.08168000,3169284659.00000000,250618168.79897000,532696
2022-08-15,0.08168000,0.08203000,0.07467000,0.07662000,1760099314.00000000,136804167.31093000,277498
2022-08-16,0.07663000,0.08962000,0.07615000,0.08677000,4011386761.00000000,340605368.97791000,752568
2022-08-17,0.08677000,0.08897000,0.07933000,0.08021000,2056226341.00000000,172611549.57315000,405868
2022-08-18,0.08021000,0.08229000,0.07347000,0.07474000,1299546363.00000000,102929979.46226000,259237
2022-08-19,0.07474000,0.07529000,0.06702000,0.06776000,2379477045.00000000,168029925.32561000,401666
2022-08-20,0.06777000,0.07118000,0.06764000,0.06933000,1258894600.00000000,87443532.84146000,204560
2022-08-21,0.06934000,0.07080000,0.06739000,0.06932000,1013563879.00000000,70057646.24807000,155807
2022-08-22,0.06933000,0.06942000,0.06518000,0.06840000,884457833.00000000,59378487.97607000,145254
2022-08-23,0.06841000,0.06923000,0.06687000,0.06884000,498322188.00000000,34066084.81716000,94894
2022-08-24,0.06884000,0.06967000,0.06703000,0.06791000,536623127.00000000,36591184.20362000,92822
2022-08-25,0.06791000,0.07185000,0.06761000,0.06898000,904268436.00000000,62766250.38044000,137328
2022-08-26,0.06898000,0.06957000,0.06273000,0.06351000,1220146376.00000000,81314351.02837000,197815
2022-08-27,0.06351000,0.06412000,0.06225000,0.06351000,713605775.00000000,45229400.85190000,108895
2022-08-28,0.06353000,0.06432000,0.06129000,0.06178000,533481708.00000000,33846104.97716000,86127
2022-08-29,0.06177000,0.06409000,0.06088000,0.06384000,599200371.00000000,37465302.10047000,98535
2022-08-30,0.06383000,0.06448000,0.06007000,0.06154000,611034766.00000000,38167405.14211000,97424
2022-08-31,0.06155000,0.06346000,0.06072000,0.06135000,550957335.00000000,34364230.04412000,86619
2022-09-01,0.06134000,0.06263000,0.05988000,0.06239000,567020740.00000000,34684316.50633000,93637
2022-09-02,0.06238000,0.06288000,0.06068000,0.06165000,436731244.00000000,27026922.44934000,71654
2022-09-03,0.06164000,0.06403000,0.06112000,0.06271000,506474868.00000000,31647515.43153000,76020
2022-09-04,0.06272000,0.06391000,0.06187000,0.06323000,426054692.00000000,26853885.68057000,67731
2022-09-05,0.06323000,0.06374000,0.06092000,0.06275000,394413001.00000000,24517576.85927000,63748
2022-09-06,0.06275000,0.06531000,0.05800000,0.05889000,1030694821.00000000,63514276.34207000,170358
2022-09-07,0.05888000,0.06155000,0.05737000,0.06097000,572781904.00000000,34165531.24651000,89347
2022-09-08,0.06098000,0.06142000,0.05965000,0.06096000,474879318.00000000,28768305.85779000,72624
2022-09-09,0.06099000,0.06489000,0.06090000,0.06385000,1042646377.00000000,65998539.36936000,151533
2022-09-10,0.06386000,0.06557000,0.06315000,0.06466000,860544762.00000000,55200771.29684000,123083
2022-09-11,0.06467000,0.06531000,0.06261000,0.06369000,712921351.00000000,45630590.89664000,90750
2022-09-12,0.06369000,0.06545000,0.06261000,0.06393000,676230761.00000000,43219555.39890000,108736
2022-09-13,0.06395000,0.06419000,0.05921000,0.05964000,1028728701.00000000,63391262.45387000,150257
2022-09-14,0.05965000,0.06150000,0.05914000,0.06115000,689192149.00000000,41798988.64929000,97112
2022-09-15,0.06114000,0.06121000,0.05847000,0.05860000,674751292.00000000,40347892.64479000,96278
2022-09-16,0.05862000,0.06050000,0.05807000,0.06046000,481393122.00000000,28607431.91937000,70575
2022-09-17,0.06045000,0.06241000,0.06020000,0.06220000,440603174.00000000,27041972.67826000,61471
2022-09-18,0.06220000,0.06225000,0.05628000,0.05743000,600769480.00000000,35863959.74632000,100983
2022-09-19,0.05744000,0.05881000,0.05588000,0.05853000,624550093.00000000,35716492.84438000,94666
2022-09-20,0.05852000,0.06064000,0.05759000,0.05839000,518174761.00000000,30492514.28728000,81153
2022-09-21,0.05840000,0.06091000,0.05606000,0.05715000,802984616.00000000,47073505.85546000,139420
2022-09-22,0.05715000,0.06007000,0.05682000,0.05958000,485039595.00000000,28483271.56462000,70300
2022-09-23,0.05959000,0.06431000,0.05912000,0.06337000,1396167433.00000000,86371325.55363000,259047
2022-09-24,0.06337000,0.06831000,0.06239000,0.06310000,2594470223.00000000,170902713.06413000,349390
2022-09-25,0.06310000,0.06388000,0.06004000,0.06117000,773373679.00000000,48276106.40898000,110041
2022-09-26,0.06117000,0.06188000,0.05972000,0.06113000,586568692.00000000,35756992.15055000,91888
2022-09-27,0.06112000,0.06307000,0.05973000,0.06048000,580177161.00000000,35773053.65668000,95709
2022-09-28,0.06050000,0.06113000,0.05848000,0.06051000,501123807.00000000,30036516.55450000,79377
2022-09-29,0.06051000,0.06108000,0.05927000,0.06086000,399104883.00000000,24049395.58313000,54785
2022-09-30,0.06088000,0.06228000,0.05954000,0.06167000,685383674.00000000,41664780.96731000,102479
2022-10-01,0.06168000,0.06316000,0.06025000,0.06059000,716678180.00000000,44059482.24182000,98562
2022-10-02,0.06060000,0.06096000,0.05880000,0.05927000,337873392.00000000,20272146.94784000,51539
2022-10-03,0.05926000,0.06058000,0.05879000,0.06034000,317408954.00000000,19020021.38669000,53939
2022-10-04,0.06033000,0.06645000,0.05994000,0.06584000,1976517731.00000000,126403288.64580000,255886
2022-10-05,0.06584000,0.06687000,0.06262000,0.06478000,1259186373.00000000,81341592.85263000,204016
2022-10-06,0.06479000,0.06686000,0.06279000,0.06345000,685939526.00000000,44477017.14141000,123088
2022-10-07,0.06345000,0.06383000,0.06124000,0.06235000,500880550.00000000,31312992.83600000,82519
2022-10-08,0.06237000,0.06268000,0.06118000,0.06165000,230874372.00000000,14343832.54382000,40902
2022-10-09,0.06164000,0.06240000,0.06116000,0.06212000,226968934.00000000,14029368.68017000,36649
2022-10-10,0.06210000,0.06250000,0.05920000,0.05938000,386782574.00000000,23509791.67939000,69301
2022-10-11,0.05938000,0.06099000,0.05750000,0.06025000,478062235.00000000,28383618.84857000,98457
2022-10-12,0.06025000,0.06099000,0.05927000,0.05981000,252208137.00000000,15156606.66740000,56777
2022-10-13,0.05979000,0.06024000,0.05509000,0.05965000,761866013.00000000,44151859.84390000,152393
2022-10-14,0.05964000,0.06103000,0.05809000,0.05866000,327532810.00000000,19607691.71104000,68949
2022-10-15,0.05865000,0.05978000,0.05797000,0.05857000,249335168.00000000,14666740.85068000,46626
2022-10-16,0.05857000,0.05946000,0.05847000,0.05891000,160481253.00000000,9462727.56161000,36500
2022-10-17,0.05890000,0.06017000,0.05854000,0.05998000,194737870.00000000,11577811.77047000,42910
2022-10-18,0.05997000,0.06116000,0.05854000,0.05976000,351446283.00000000,20960813.99784000,67255
2022-10-19,0.05975000,0.06080000,0.05821000,0.05868000,458718503.00000000,27312151.22634000,89851
2022-10-20,0.05868000,0.06037000,0.05823000,0.05942000,340532633.00000000,20302196.85916000,69988
2022-10-21,0.05942000,0.05951000,0.05709000,0.05933000,287377970.00000000,16820454.62145000,63406
2022-10-22,0.05933000,0.05990000,0.05910000,0.05968000,198858373.00000000,11826382.24416000,37146
2022-10-23,0.05969000,0.06050000,0.05865000,0.06038000,249563654.00000000,14889542.95298000,48364
2022-10-24,0.06038000,0.06092000,0.05866000,0.05945000,344276898.00000000,20517881.69431000,61518
2022-10-25,0.05944000,0.06428000,0.05913000,0.06305000,1024580884.00000000,63512078.12967000,188566
2022-10-26,0.06304000,0.07361000,0.06260000,0.07265000,2893785380.00000000,198449308.69507000,541272
2022-10-27,0.07265000,0.08552000,0.07172000,0.07689000,5263995288.00000000,410779648.60063000,1100604
2022-10-28,0.07686000,0.08849000,0.07250000,0.08387000,6297011393.00000000,510559448.88093000,1194899
2022-10-29,0.08387000,0.15150000,0.08285000,0.12176000,15308814618.00000000,1798336067.34029000,3566595
2022-10-30,0.12176000,0.14350000,0.11122000,0.11773000,9155956957.00000000,1141170407.65750000,2261840
2022-10-31,0.11774000,0.13180000,0.11373000,0.12686000,7416828751.00000000,911376670.59762000,1775888
2022-11-01,0.12685000,0.15893000,0.12448000,0.14211000,9951558350.00000000,1411667775.59788000,2491954
2022-11-02,0.14211000,0.14800000,0.12200000,0.12765000,6438544218.00000000,867245133.93269000,1769568
2022-11-03,0.12766000,0.13699000,0.12000000,0.12262000,3814668576.00000000,496730355.76447000,906771
2022-11-04,0.12262000,0.12915000,0.11552000,0.12613000,4491405373.00000000,548496239.72487000,1005024
2022-11-05,0.12612000,0.13600000,0.12013000,0.12445000,2575911841.00000000,331281649.24698000,695074
2022-11-06,0.12444000,0.12770000,0.11183000,0.11477000,1828089235.00000000,221758203.00870000,485972
2022-11-07,0.11477000,0.11908000,0.10717000,0.11123000,1960584662.00000000,225174032.74715000,500514
2022-11-08,0.11124000,0.11300000,0.07770000,0.08827000,6869827495.00000000,670413319.38954000,1370546
2022-11-09,0.08827000,0.09219000,0.07053000,0.07450000,5778334733.00000000,480982925.20811000,1239937
2022-11-10,0.07452000,0.09461000,0.07306000,0.08978000,4922943119.00000000,417803493.34345000,999408
2022-11-11,0.08976000,0.09355000,0.08001000,0.08509000,2597129664.00000000,221816642.55829000,588140
2022-11-12,0.08511000,0.09520000,0.07845000,0.08815000,3871215593.00000000,343823332.72233000,847178
2022-11-13,0.08814000,0.09157000,0.08269000,0.08495000,2193482956.00000000,191097547.85205000,512861
2022-11-14,0.08496000,0.09150000,0.07917000,0.08595000,2525683803.00000000,215477469.71021000,607486
2022-11-15,0.08594000,0.08950000,0.08470000,0.08706000,1318756115.00000000,114993655.98584000,338530
2022-11-16,0.08705000,0.09121000,0.08338000,0.08548000,1621532204.00000000,141081880.99413000,389739
2022-11-17,0.08549000,0.08729000,0.08233000,0.08467000,1133495442.00000000,96129101.76080000,273758
2022-11-18,0.08467000,0.08679000,0.08363000,0.08474000,818587592.00000000,69702485.03383000,167670
2022-11-19,0.08474000,0.08500000,0.08303000,0.08455000,489697622.00000000,41155367.50098000,104289
2022-11-20,0.08455000,0.08584000,0.07633000,0.07703000,1168377788.00000000,95094290.32851000,237688
2022-11-21,0.07705000,0.07738000,0.07131000,0.07466000,1869844515.00000000,140422752.99603000,339519
2022-11-22,0.07466000,0.07970000,0.07307000,0.07876000,1448103545.00000000,110246289.20831000,272164
2022-11-23,0.07877000,0.08354000,0.07779000,0.08197000,1258795497.00000000,101965278.21921000,254198
2022-11-24,0.08197000,0.08434000,0.08013000,0.08146000,739233520.00000000,60581917.57296000,157812
2022-11-25,0.08146000,0.09191000,0.08053000,0.08950000,2497331251.00000000,217699207.77863000,517261
2022-11-26,0.08950000,0.09558000,0.08712000,0.08893000,1914481802.00000000,176393357.21232000,429225
2022-11-27,0.08892000,0.10800000,0.08880000,0.09868000,4273685671.00000000,430213172.47513000,892938
2022-11-28,0.09870000,0.09975000,0.09056000,0.09513000,3340654160.00000000,317224474.07536000,736970
2022-11-29,0.09512000,0.10524000,0.09360000,0.10146000,2909789625.00000000,296193400.37081000,588058
2022-11-30,0.10146000,0.11000000,0.09937000,0.10677000,2791151929.00000000,294206244.43044000,569550
2022-12-01,0.10676000,0.10777000,0.10025000,0.10175000,1927610473.00000000,199176726.01191000,380551
2022-12-02,0.10175000,0.10360000,0.09665000,0.10210000,1560905751.00000000,155121388.51512000,320252
2022-12-03,0.10210000,0.10319000,0.09808000,0.09970000,1356635083.00000000,136598012.62243000,251447
2022-12-04,0.09970000,0.10575000,0.09954000,0.10406000,1609965913.00000000,166423671.45887000,322634
2022-12-05,0.10405000,0.11192000,0.09922000,0.10149000,2106903673.00000000,221556898.96696000,409620
2022-12-06,0.10149000,0.10276000,0.09802000,0.10019000,1145270821.00000000,114900368.09738000,211910
2022-12-07,0.10020000,0.10120000,0.09269000,0.09575000,1404880230.00000000,135777757.34630000,253839
2022-12-08,0.09575000,0.09918000,0.09459000,0.09847000,1031574520.00000000,99729660.18012000,182457
2022-12-09,0.09847000,0.09945000,0.09561000,0.09670000,956187442.00000000,93229229.67496000,184953
2022-12-10,0.09670000,0.09743000,0.09603000,0.09632000,429034730.00000000,41524436.31136000,84147
2022-12-11,0.09632000,0.09715000,0.09161000,0.09266000,627479341.00000000,59688866.91250000,104937
2022-12-12,0.09266000,0.09300000,0.08471000,0.09029000,1940139927.00000000,171806896.99201000,328609
2022-12-13,0.09029000,0.09555000,0.08691000,0.09105000,1698390609.00000000,154313618.19646000,297723
2022-12-14,0.09105000,0.09247000,0.08700000,0.08824000,1247687146.00000000,112504453.05171000,227095
2022-12-15,0.08825000,0.08880000,0.08402000,0.08485000,899180340.00000000,77891926.43490000,157299
2022-12-16,0.08483000,0.08682000,0.07391000,0.07569000,1755203327.00000000,141133921.67248000,314905
2022-12-17,0.07569000,0.07949000,0.07552000,0.07919000,1337164978.00000000,103394811.75830000,208157
2022-12-18,0.07918000,0.08005000,0.07759000,0.07847000,630900319.00000000,49712793.28122000,114069
2022-12-19,0.07846000,0.07951000,0.06997000,0.07133000,1529698798.00000000,114327112.53758000,238169
2022-12-20,0.07133000,0.07566000,0.07101000,0.07483000,1127168971.00000000,83335354.79225000,171660
2022-12-21,0.07483000,0.07502000,0.07131000,0.07374000,912809062.00000000,66736940.20681000,130731
2022-12-22,0.07369000,0.07783000,0.07327000,0.07685000,1485392938.00000000,112352367.36552000,222912
2022-12-23,0.07687000,0.07904000,0.07616000,0.07721000,1022963248.00000000,79365850.01985000,159935
2022-12-24,0.07721000,0.07814000,0.07661000,0.07752000,360306517.00000000,27873485.87155000,61232
2022-12-25,0.07751000,0.07765000,0.07320000,0.07598000,1157436298.00000000,87372540.41167000,167059
2022-12-26,0.07599000,0.07664000,0.07421000,0.07568000,648289873.00000000,48977931.09659000,97223
2022-12-27,0.07569000,0.07616000,0.07256000,0.07372000,706850540.00000000,52536508.22954000,98102
2022-12-28,0.07372000,0.07391000,0.06921000,0.07040000,1500166937.00000000,106932054.13658000,190302
2022-12-29,0.07039000,0.07162000,0.06925000,0.07094000,772145313.00000000,54482042.05149000,101804
2022-12-30,0.07093000,0.07145000,0.06581000,0.06840000,1196523595.00000000,81700730.80863000,149611
2022-12-31,0.06840000,0.07137000,0.06796000,0.07025000,731983708.00000000,51145861.98305000,94848
2023-01-01,0.07024000,0.07087000,0.06906000,0.07024000,446408160.00000000,31186485.64412000,63270
2023-01-02,0.07023000,0.07374000,0.06906000,0.07140000,1115176285.00000000,79799258.83904000,132252
2023-01-03,0.07138000,0.07231000,0.06943000,0.07049000,732706343.00000000,51978935.55988000,96280
2023-01-04,0.07049000,0.07362000,0.07019000,0.07311000,790550617.00000000,57052787.85042000,126570
2023-01-05,0.07310000,0.07529000,0.07035000,0.07152000,1201528327.00000000,87922505.89879000,150659
2023-01-06,0.07151000,0.07281000,0.06950000,0.07241000,906514550.00000000,64536126.24467000,118294
2023-01-07,0.07242000,0.07305000,0.07167000,0.07219000,438575312.00000000,31694590.38024000,64499
2023-01-08,0.07219000,0.07399000,0.07121000,0.07363000,699742440.00000000,50605705.69885000,95982
2023-01-09,0.07362000,0.07963000,0.07293000,0.07566000,2439547755.00000000,186972351.65935000,302486
2023-01-10,0.07565000,0.07790000,0.07372000,0.07782000,1467632421.00000000,112062301.65170000,176903
2023-01-11,0.07782000,0.07856000,0.07468000,0.07814000,1121053232.00000000,85960944.22423000,154947
2023-01-12,0.07816000,0.08127000,0.07514000,0.08025000,1968905283.00000000,155346645.66129000,273803
2023-01-13,0.08025000,0.08520000,0.07854000,0.08450000,1429185415.00000000,115752595.68956000,221980
2023-01-14,0.08449000,0.09267000,0.08250000,0.08729000,2545072024.00000000,222512084.13494000,449936
2023-01-15,0.08729000,0.08794000,0.08281000,0.08608000,1138888071.00000000,96754312.05574000,198124
2023-01-16,0.08607000,0.08833000,0.08155000,0.08368000,1287934489.00000000,109522663.45943000,233644
2023-01-17,0.08369000,0.08505000,0.08194000,0.08285000,756342910.00000000,63352297.83481000,146304
2023-01-18,0.08286000,0.08976000,0.07780000,0.08000000,2493642731.00000000,211395207.84248000,456990
2023-01-19,0.08000000,0.08218000,0.07971000,0.08161000,691282040.00000000,55964579.60940000,125843
2023-01-20,0.08159000,0.08700000,0.08060000,0.08617000,918640712.00000000,76449430.40969000,164321
2023-01-21,0.08616000,0.08913000,0.08370000,0.08467000,1633128413.00000000,141751024.85559000,285263
2023-01-22,0.08468000,0.09343000,0.08432000,0.08824000,1738503746.00000000,154544824.96444000,292651
2023-01-23,0.08822000,0.09151000,0.08621000,0.08851000,1434286413.00000000,127519821.96884000,230236
2023-01-24,0.08851000,0.09080000,0.08210000,0.08392000,1125073702.00000000,98857383.52138000,209960
2023-01-25,0.08392000,0.08818000,0.08165000,0.08654000,1051938532.00000000,89023124.93685000,210375
2023-01-26,0.08655000,0.08771000,0.08451000,0.08633000,798277511.00000000,68849219.36763000,152823
2023-01-27,0.08634000,0.08800000,0.08352000,0.08723000,754008754.00000000,64748605.57932000,143243
2023-01-28,0.08723000,0.09381000,0.08671000,0.08773000,1403207343.00000000,125749168.19360000,241025
2023-01-29,0.08773000,0.09102000,0.08725000,0.09009000,1040667224.00000000,93296963.54751000,173837
2023-01-30,0.09009000,0.09286000,0.08450000,0.08837000,1972615630.00000000,173498545.07610000,328676
2023-01-31,0.08833000,0.09867000,0.08822000,0.09612000,3424868562.00000000,320351628.16160000,601040
2023-02-01,0.09613000,0.09717000,0.08812000,0.09403000,2518388790.00000000,232047408.39588000,452304
2023-02-02,0.09403000,0.09594000,0.09006000,0.09099000,1627338143.00000000,151906573.29594000,263896
2023-02-03,0.09099000,0.09334000,0.09025000,0.09293000,1151670924.00000000,105797231.01273000,190593
2023-02-04,0.09293000,0.09980000,0.09250000,0.09567000,2334550634.00000000,224027690.67981000,357687
2023-02-05,0.09567000,0.09700000,0.09042000,0.09203000,1602924250.00000000,149908407.08889000,289517
2023-02-06,0.09203000,0.09329000,0.08850000,0.08955000,969968684.00000000,88589762.69373000,158301
2023-02-07,0.08956000,0.09274000,0.08940000,0.09253000,846234202.00000000,77109347.86988000,141463
2023-02-08,0.09252000,0.09339000,0.08842000,0.09018000,817449844.00000000,74379602.36862000,137022
2023-02-09,0.09017000,0.09093000,0.07878000,0.08144000,1673139025.00000000,142361404.06135000,311212
2023-02-10,0.08144000,0.08305000,0.07922000,0.08089000,1054839195.00000000,86212843.91808000,185526
2023-02-11,0.08087000,0.08259000,0.08063000,0.08225000,409857675.00000000,33503674.85925000,83803
2023-02-12,0.08226000,0.08582000,0.08115000,0.08215000,932273677.00000000,77945701.92521000,175891
2023-02-13,0.08217000,0.08648000,0.07936000,0.08209000,1742593714.00000000,143487770.81344000,279187
2023-02-14,0.08209000,0.08371000,0.08002000,0.08360000,785765214.00000000,64655649.89362000,143143
2023-02-15,0.08360000,0.08961000,0.08265000,0.08928000,1906740485.00000000,164949294.37830000,292835
2023-02-16,0.08927000,0.09199000,0.08468000,0.08489000,1730290902.00000000,153466131.89796000,300626
2023-02-17,0.08489000,0.08851000,0.08430000,0.08771000,778220031.00000000,67464093.70005000,147847
2023-02-18,0.08771000,0.09049000,0.08675000,0.08882000,741187928.00000000,65484108.61835000,124096
2023-02-19,0.08882000,0.09000000,0.08559000,0.08697000,933849140.00000000,82306169.70701000,172888
2023-02-20,0.08698000,0.08875000,0.08513000,0.08829000,774767125.00000000,68018886.37176000,141122
2023-02-21,0.08829000,0.08884000,0.08429000,0.08546000,984199238.00000000,85232827.50392000,159862
2023-02-22,0.08546000,0.08882000,0.08286000,0.08550000,1754704513.00000000,149908952.30165000,285275
2023-02-23,0.08550000,0.08642000,0.08350000,0.08425000,708234194.00000000,60199078.97120000,134706
2023-02-24,0.08424000,0.08499000,0.07922000,0.08092000,1006076322.00000000,82530619.10414000,193843
2023-02-25,0.08091000,0.08216000,0.07836000,0.08075000,671481093.00000000,54081162.09407000,130910
2023-02-26,0.08075000,0.08264000,0.08041000,0.08216000,375150914.00000000,30560244.62016000,74380
2023-02-27,0.08217000,0.08231000,0.07992000,0.08136000,535217985.00000000,43460355.71943000,88650
2023-02-28,0.08136000,0.08312000,0.07990000,0.08085000,782956200.00000000,63984919.93669000,124371
2023-03-01,0.08085000,0.08284000,0.08023000,0.08193000,449680442.00000000,36808992.52678000,89117
2023-03-02,0.08193000,0.08226000,0.07959000,0.08056000,396580116.00000000,31970325.35816000,72829
2023-03-03,0.08057000,0.08062000,0.07320000,0.07684000,1391618480.00000000,105146374.86489000,239119
2023-03-04,0.07684000,0.07727000,0.07255000,0.07462000,646573785.00000000,48320706.02664000,113220
2023-03-05,0.07462000,0.07612000,0.07429000,0.07474000,473247429.00000000,35616591.62325000,82040
2023-03-06,0.07475000,0.07515000,0.07316000,0.07479000,601290505.00000000,44598491.06599000,105247
2023-03-07,0.07480000,0.07597000,0.07234000,0.07407000,715751875.00000000,53134764.75956000,118313
2023-03-08,0.07407000,0.07432000,0.07000000,0.07112000,710430111.00000000,51578068.01431000,130177
2023-03-09,0.07112000,0.07230000,0.06393000,0.06595000,1514038685.00000000,102992131.90937000,268553
2023-03-10,0.06597000,0.06618000,0.06253000,0.06572000,1320901834.00000000,85635534.72495000,212149
2023-03-11,0.06572000,0.06821000,0.06324000,0.06604000,1096354085.00000000,71739394.07497000,207015
2023-03-12,0.06604000,0.07082000,0.06516000,0.07051000,950190978.00000000,64281816.91018000,191700
2023-03-13,0.07051000,0.07353000,0.06814000,0.07279000,1285142360.00000000,91287481.56805000,246217
2023-03-14,0.07279000,0.07762000,0.07108000,0.07456000,1507610170.00000000,112334812.11679000,282007
2023-03-15,0.07455000,0.07589000,0.06735000,0.06963000,1326712138.00000000,94694707.61349000,257636
2023-03-16,0.06964000,0.07407000,0.06868000,0.07256000,842159396.00000000,59454354.64497000,170220
2023-03-17,0.07256000,0.07724000,0.07143000,0.07642000,1234974838.00000000,92021094.02443000,232164
2023-03-18,0.07642000,0.07890000,0.07234000,0.07295000,1383588746.00000000,105320529.73824000,272138
2023-03-19,0.07296000,0.07652000,0.07295000,0.07450000,818390779.00000000,61245154.46238000,154719
2023-03-20,0.07451000,0.07557000,0.07035000,0.07137000,1079402871.00000000,78945442.37210000,210799
2023-03-21,0.07136000,0.07788000,0.07031000,0.07660000,1544655030.00000000,115386368.45879000,296122
2023-03-22,0.07661000,0.07810000,0.07137000,0.07385000,1912919819.00000000,144018154.80185000,356966
2023-03-23,0.07385000,0.07922000,0.07294000,0.07736000,1770056622.00000000,135718021.44322000,294875
2023-03-24,0.07736000,0.07749000,0.07295000,0.07453000,836571352.00000000,62827175.58121000,155743
2023-03-25,0.07453000,0.07597000,0.07244000,0.07402000,658593695.00000000,48943134.82286000,129045
2023-03-26,0.07401000,0.07558000,0.07334000,0.07436000,480451959.00000000,35759913.97781000,85987
2023-03-27,0.07436000,0.07639000,0.07124000,0.07287000,1127427328.00000000,83039932.30309000,189712
2023-03-28,0.07289000,0.07404000,0.07165000,0.07381000,644358903.00000000,46885848.93685000,109919
2023-03-29,0.07381000,0.07692000,0.07351000,0.07557000,1004337728.00000000,76025066.02587000,160165
2023-03-30,0.07557000,0.07685000,0.07327000,0.07422000,827561063.00000000,61952613.90326000,139394
2023-03-31,0.07421000,0.07789000,0.07340000,0.07695000,838503016.00000000,63548707.33059000,136729
2023-04-01,0.07695000,0.08500000,0.07586000,0.08181000,1854882421.00000000,147661797.97690000,322648
2023-04-02,0.08181000,0.08559000,0.07724000,0.07903000,2199172283.00000000,180272715.73546000,422957
2023-04-03,0.07903000,0.10500000,0.07600000,0.09600000,8818532284.00000000,821481103.77787000,1705069
2023-04-04,0.09601000,0.10350000,0.09219000,0.09512000,7327021779.00000000,716578007.53248000,1278802
2023-04-05,0.09510000,0.09917000,0.09055000,0.09267000,3340986573.00000000,319834428.25492000,603428
2023-04-06,0.09268000,0.09275000,0.08415000,0.08541000,3278113280.00000000,292046353.99595000,568729
2023-04-07,0.08541000,0.08620000,0.08113000,0.08222000,2228211181.00000000,185239007.69662000,383356
2023-04-08,0.08222000,0.08383000,0.08035000,0.08134000,1218517909.00000000,100545723.08015000,209441
2023-04-09,0.08135000,0.08393000,0.08107000,0.08318000,922447755.00000000,76124495.14707000,178859
2023-04-10,0.08318000,0.08541000,0.08225000,0.08473000,948759612.00000000,79305135.84204000,172420
2023-04-11,0.08474000,0.08607000,0.08359000,0.08408000,1001623427.00000000,84939344.79105000,168258
2023-04-12,0.08409000,0.08510000,0.08036000,0.08346000,1733885327.00000000,142830877.84801000,269293
2023-04-13,0.08346000,0.08886000,0.08279000,0.08729000,1824584606.00000000,157357744.60448000,286227
2023-04-14,0.08729000,0.09138000,0.08527000,0.08866000,2129880806.00000000,189231712.15334000,372467
2023-04-15,0.08866000,0.09057000,0.08714000,0.08888000,873116413.00000000,77655204.38557000,157443
2023-04-16,0.08889000,0.09183000,0.08750000,0.09043000,1204599668.00000000,108253908.88845000,215121
2023-04-17,0.09043000,0.09488000,0.08807000,0.09137000,2941097287.00000000,271006609.15772000,501953
2023-04-18,0.09137000,0.09500000,0.08974000,0.09411000,1670819556.00000000,155092708.65906000,290077
2023-04-19,0.09412000,0.09413000,0.08420000,0.08788000,2757696460.00000000,246110718.74936000,493596
2023-04-20,0.08787000,0.09350000,0.08251000,0.08389000,4572088496.00000000,405243878.00491000,788998
2023-04-21,0.08390000,0.08470000,0.07620000,0.07842000,2208532603.00000000,180073455.19149000,364961
2023-04-22,0.07842000,0.08101000,0.07817000,0.08028000,807742799.00000000,64238303.35178000,134440
2023-04-23,0.08029000,0.08083000,0.07651000,0.07878000,776127337.00000000,61336770.23922000,130904
2023-04-24,0.07876000,0.08000000,0.07715000,0.07873000,835608693.00000000,65856879.74290000,132203
2023-04-25,0.07875000,0.07996000,0.07752000,0.07976000,649768816.00000000,51142344.77902000,109714
2023-04-26,0.07976000,0.08358000,0.07480000,0.07859000,1881668380.00000000,149998083.45042000,305395
2023-04-27,0.07859000,0.08100000,0.07837000,0.08014000,1030067337.00000000,82262796.38021000,149076
2023-04-28,0.08013000,0.08074000,0.07892000,0.08033000,490310858.00000000,39253517.41812000,82755
2023-04-29,0.08033000,0.08197000,0.08019000,0.08157000,590694438.00000000,47944031.70227000,93474
2023-04-30,0.08157000,0.08174000,0.07923000,0.07951000,585421236.00000000,47268607.64167000,96527
2023-05-01,0.07950000,0.08003000,0.07733000,0.07882000,687515788.00000000,53952152.51666000,106334
2023-05-02,0.07882000,0.07910000,0.07754000,0.07876000,429294264.00000000,33714938.36088000,68314
2023-05-03,0.07876000,0.08072000,0.07711000,0.07962000,666847319.00000000,52320813.83607000,111458
2023-05-04,0.07961000,0.07970000,0.07794000,0.07838000,521626133.00000000,41092883.63729000,76795
2023-05-05,0.07837000,0.08147000,0.07705000,0.08017000,751560591.00000000,59529191.18827000,114228
2023-05-06,0.08017000,0.08049000,0.07566000,0.07672000,866161917.00000000,67227701.04909000,125573
2023-05-07,0.07672000,0.07756000,0.07617000,0.07652000,440286253.00000000,33891198.22708000,59889
2023-05-08,0.07652000,0.07711000,0.06982000,0.07239000,1086840054.00000000,79628457.60321000,176749
2023-05-09,0.07239000,0.07333000,0.07206000,0.07310000,581336500.00000000,42258155.60482000,95352
2023-05-10,0.07310000,0.07470000,0.07033000,0.07312000,830157442.00000000,60522277.66061000,149261
2023-05-11,0.07312000,0.07317000,0.06908000,0.07193000,786571281.00000000,55998376.11246000,126581
2023-05-12,0.07193000,0.07275000,0.06933000,0.07235000,977393789.00000000,69458052.04665000,162677
2023-05-13,0.07235000,0.07240000,0.07130000,0.07167000,331390133.00000000,23815893.30418000,61747
2023-05-14,0.07168000,0.07265000,0.07111000,0.07196000,239907331.00000000,17259594.14006000,52968
2023-05-15,0.07195000,0.07368000,0.07084000,0.07191000,501437549.00000000,36358595.30732000,91791
2023-05-16,0.07190000,0.07325000,0.07087000,0.07275000,356844405.00000000,25692401.03431000,73596
2023-05-17,0.07276000,0.07547000,0.07228000,0.07483000,763341382.00000000,56280535.56051000,133875
2023-05-18,0.07484000,0.07492000,0.07161000,0.07344000,792415671.00000000,58380360.04293000,135432
2023-05-19,0.07344000,0.07406000,0.07300000,0.07350000,335992593.00000000,24709136.40663000,59222
2023-05-20,0.07351000,0.07389000,0.07306000,0.07361000,203083357.00000000,14909334.15031000,36743
2023-05-21,0.07362000,0.07400000,0.07198000,0.07212000,313624488.00000000,22822477.39400000,52293
2023-05-22,0.07212000,0.07402000,0.07071000,0.07291000,461513189.00000000,33490951.20569000,87588
2023-05-23,0.07292000,0.07396000,0.07241000,0.07289000,334965527.00000000,24472118.15259000,59718
2023-05-24,0.07288000,0.07289000,0.06931000,0.07064000,630159786.00000000,44692285.89208000,100648
2023-05-25,0.07065000,0.07116000,0.06856000,0.07088000,486062691.00000000,34138191.19772000,79015
2023-05-26,0.07087000,0.07137000,0.07030000,0.07097000,408192832.00000000,28910532.88862000,57237
2023-05-27,0.07097000,0.07344000,0.07070000,0.07255000,369096577.00000000,26550948.20374000,60361
2023-05-28,0.07255000,0.07396000,0.07186000,0.07352000,434942386.00000000,31668628.89389000,70429
2023-05-29,0.07353000,0.07400000,0.07261000,0.07313000,310287767.00000000,22734577.55980000,50455
2023-05-30,0.07313000,0.07346000,0.07198000,0.07231000,465392836.00000000,33825735.03435000,70527
2023-05-31,0.07231000,0.07268000,0.07051000,0.07165000,377200792.00000000,26991707.23201000,63894
2023-06-01,0.07165000,0.07219000,0.07071000,0.07142000,337422502.00000000,24166514.24753000,56544
2023-06-02,0.07143000,0.07331000,0.07090000,0.07256000,386392712.00000000,27887432.77090000,67073
2023-06-03,0.07257000,0.07298000,0.07217000,0.07270000,213922814.00000000,15515563.86423000,37449
2023-06-04,0.07271000,0.07334000,0.07232000,0.07249000,273284700.00000000,19897118.08190000,43912
2023-06-05,0.07249000,0.07269000,0.06311000,0.06640000,1393290604.00000000,93957296.05613000,218006
2023-06-06,0.06640000,0.07199000,0.06585000,0.07025000,1170265603.00000000,80278280.52343000,184942
2023-06-07,0.07025000,0.07032000,0.06668000,0.06728000,687833819.00000000,46875925.69020000,114747
2023-06-08,0.06728000,0.06850000,0.06698000,0.06796000,366934419.00000000,24883849.00859000,67036
2023-06-09,0.06796000,0.07119000,0.06729000,0.06947000,664528733.00000000,46007799.06456000,118881
2023-06-10,0.06947000,0.07196000,0.05300000,0.06175000,2781711103.00000000,171561454.57232000,448360
2023-06-11,0.06175000,0.06289000,0.06092000,0.06151000,580462318.00000000,35906374.71752000,84690
2023-06-12,0.06152000,0.06170000,0.05975000,0.06143000,485251023.00000000,29613143.70580000,78388
2023-06-13,0.06144000,0.06284000,0.06006000,0.06175000,469560125.00000000,28919978.69953000,73245
2023-06-14,0.06174000,0.06219000,0.05811000,0.06038000,642700404.00000000,38884225.34061000,98050
2023-06-15,0.06038000,0.06200000,0.05975000,0.06153000,534409612.00000000,32540254.91840000,78903
2023-06-16,0.06154000,0.06282000,0.06069000,0.06219000,501181424.00000000,30939222.82953000,71805
2023-06-17,0.06219000,0.06297000,0.06166000,0.06220000,358515676.00000000,22354492.32997000,49618
2023-06-18,0.06220000,0.06399000,0.06107000,0.06212000,616148520.00000000,38439286.52508000,92314
2023-06-19,0.06212000,0.06285000,0.06151000,0.06245000,313699473.00000000,19469370.97016000,48514
2023-06-20,0.06244000,0.06314000,0.06074000,0.06313000,438420606.00000000,27230997.25707000,64889
2023-06-21,0.06314000,0.06677000,0.06284000,0.06561000,948481988.00000000,61394849.38643000,144569
2023-06-22,0.06562000,0.06938000,0.06502000,0.06555000,998222870.00000000,66966814.32449000,167076
2023-06-23,0.06556000,0.07013000,0.06525000,0.06823000,780327080.00000000,52684721.70418000,138016
2023-06-24,0.06823000,0.06843000,0.06505000,0.06669000,638939181.00000000,42945397.71260000,106535
2023-06-25,0.06669000,0.06800000,0.06635000,0.06672000,378779847.00000000,25456715.53541000,68512
2023-06-26,0.06672000,0.06681000,0.06319000,0.06474000,710375009.00000000,46417573.76788000,113763
2023-06-27,0.06474000,0.06579000,0.06433000,0.06556000,477097877.00000000,31114201.05517000,72674
2023-06-28,0.06557000,0.06596000,0.06013000,0.06257000,700025590.00000000,44443036.70018000,114022
2023-06-29,0.06257000,0.06410000,0.06241000,0.06342000,450376389.00000000,28450957.38809000,73138
2023-06-30,0.06342000,0.06698000,0.06101000,0.06646000,1114226909.00000000,72688463.48364000,198253
2023-07-01,0.06646000,0.07280000,0.06641000,0.06851000,1480878387.00000000,101954533.09148000,243539
2023-07-02,0.06851000,0.06920000,0.06600000,0.06801000,945225786.00000000,63910497.52448000,127013
2023-07-03,0.06801000,0.06878000,0.06721000,0.06845000,566630919.00000000,38549024.24769000,91890
2023-07-04,0.06845000,0.07186000,0.06764000,0.06890000,1051878193.00000000,73023095.22650000,173986
2023-07-05,0.06891000,0.06936000,0.06558000,0.06701000,592363243.00000000,39862578.36768000,98485
2023-07-06,0.06697000,0.06858000,0.06466000,0.06485000,620315296.00000000,41310812.25522000,102278
2023-07-07,0.06484000,0.06587000,0.06410000,0.06540000,410024265.00000000,26781021.84796000,66351
2023-07-08,0.06540000,0.06608000,0.06474000,0.06573000,278674788.00000000,18218680.63466000,44169
2023-07-09,0.06573000,0.06636000,0.06510000,0.06536000,279080489.00000000,18358802.15212000,41654
2023-07-10,0.06537000,0.06656000,0.06326000,0.06523000,616363367.00000000,39955694.54037000,92601
2023-07-11,0.06523000,0.06551000,0.06437000,0.06528000,313014382.00000000,20328586.42436000,53178
2023-07-12,0.06529000,0.06570000,0.06365000,0.06503000,312404127.00000000,20289741.40216000,53198
2023-07-13,0.06504000,0.07168000,0.06455000,0.07042000,1572353798.00000000,107974602.34650000,252484
2023-07-14,0.07042000,0.07311000,0.06612000,0.06849000,1501930500.00000000,105437639.04108000,242751
2023-07-15,0.06848000,0.07522000,0.06769000,0.07197000,2333412778.00000000,169555438.69357000,348582
2023-07-16,0.07196000,0.07221000,0.06891000,0.06952000,930666895.00000000,65785219.48420000,139841
2023-07-17,0.06951000,0.07325000,0.06752000,0.06982000,1103083153.00000000,77313205.64979000,184680
2023-07-18,0.06982000,0.07032000,0.06703000,0.06866000,588900425.00000000,40400764.85320000,105637
2023-07-19,0.06867000,0.07235000,0.06823000,0.07003000,941079033.00000000,65896478.84647000,159532
2023-07-20,0.07004000,0.07390000,0.06926000,0.07062000,1394548088.00000000,99770589.80378000,206797
2023-07-21,0.07061000,0.07688000,0.07026000,0.07322000,1714323052.00000000,125872266.19518000,278831
2023-07-22,0.07322000,0.07330000,0.06963000,0.07047000,817196460.00000000,58570412.04585000,121175
2023-07-23,0.07047000,0.07295000,0.06997000,0.07180000,636160266.00000000,45717792.76659000,95828
2023-07-24,0.07179000,0.07790000,0.07018000,0.07420000,3734795178.00000000,279829292.46351000,616800
2023-07-25,0.07420000,0.08380000,0.07361000,0.08185000,3974103246.00000000,313632445.01170000,670567
2023-07-26,0.08185000,0.08229000,0.07647000,0.07793000,2421416701.00000000,191653652.84432000,385966
2023-07-27,0.07794000,0.07996000,0.07666000,0.07761000,1390657420.00000000,108963531.77816000,203672
2023-07-28,0.07761000,0.07791000,0.07586000,0.07717000,845464658.00000000,65109003.88713000,126780
2023-07-29,0.07717000,0.08243000,0.07683000,0.08023000,1189212485.00000000,94327162.57102000,187694
2023-07-30,0.08024000,0.08057000,0.07622000,0.07802000,1058535152.00000000,83772145.22556000,176189
2023-07-31,0.07802000,0.07980000,0.07672000,0.07786000,845233630.00000000,66206001.13514000,141657
2023-08-01,0.07786000,0.07828000,0.07517000,0.07815000,873111968.00000000,67040145.56970000,129965
2023-08-02,0.07815000,0.07833000,0.07369000,0.07422000,804142710.00000000,60836505.04171000,124670
2023-08-03,0.07422000,0.07501000,0.07253000,0.07358000,693788058.00000000,51326141.31088000,107325
2023-08-04,0.07358000,0.07492000,0.07250000,0.07347000,610889682.00000000,45185318.55173000,98193
2023-08-05,0.07346000,0.07708000,0.07292000,0.07571000,1062980193.00000000,80361897.60850000,156317
2023-08-06,0.07572000,0.07649000,0.07407000,0.07427000,667225173.00000000,50167367.34445000,101876
2023-08-07,0.07427000,0.07573000,0.07170000,0.07354000,686024165.00000000,50661657.39198000,113898
2023-08-08,0.07354000,0.07548000,0.07321000,0.07496000,573574471.00000000,42649913.08335000,91886
2023-08-09,0.07497000,0.07622000,0.07419000,0.07541000,494836584.00000000,37220409.30120000,80476
2023-08-10,0.07542000,0.07695000,0.07514000,0.07588000,614532410.00000000,46647469.94910000,101988
2023-08-11,0.07587000,0.07611000,0.07484000,0.07574000,303787779.00000000,22955077.04023000,51419
2023-08-12,0.07574000,0.07745000,0.07561000,0.07670000,588060644.00000000,45058875.63219000,84459
2023-08-13,0.07670000,0.07689000,0.07430000,0.07479000,468528019.00000000,35488657.73304000,71384
2023-08-14,0.07479000,0.07711000,0.07365000,0.07469000,779632649.00000000,58473264.94941000,121040
2023-08-15,0.07470000,0.07499000,0.06831000,0.07093000,1006789294.00000000,72662457.69090000,151306
2023-08-16,0.07092000,0.07125000,0.06602000,0.06717000,1176873403.00000000,80984467.18602000,153290
2023-08-17,0.06718000,0.06843000,0.05560000,0.06102000,1947998543.00000000,123620746.90890000,274854
2023-08-18,0.06102000,0.06385000,0.05988000,0.06326000,1284697455.00000000,79908012.67898000,154599
2023-08-19,0.06326000,0.06450000,0.06310000,0.06379000,427274791.00000000,27183051.36486000,58264
2023-08-20,0.06379000,0.06473000,0.06338000,0.06384000,302086371.00000000,19333802.29430000,42959
2023-08-21,0.06384000,0.06411000,0.06035000,0.06252000,577388884.00000000,36081815.58370000,80239
2023-08-22,0.06253000,0.06327000,0.06023000,0.06259000,615086529.00000000,38272420.59631000,82850
2023-08-23,0.06258000,0.06546000,0.06246000,0.06379000,663722826.00000000,42264317.01664000,87859
2023-08-24,0.06379000,0.06404000,0.06183000,0.06308000,386270949.00000000,24385523.38063000,53369
2023-08-25,0.06308000,0.06315000,0.06169000,0.06312000,388436589.00000000,24229741.33631000,52115
2023-08-26,0.06312000,0.06338000,0.06262000,0.06289000,133469006.00000000,8407844.39497000,21072
2023-08-27,0.06289000,0.06379000,0.06269000,0.06318000,195920692.00000000,12381193.30033000,27727
2023-08-28,0.06317000,0.06370000,0.06186000,0.06345000,347134881.00000000,21789078.48691000,47595
2023-08-29,0.06345000,0.06858000,0.06240000,0.06640000,1205214048.00000000,79300388.72117000,176412
2023-08-30,0.06640000,0.06647000,0.06434000,0.06588000,652816294.00000000,42683148.76782000,81674
2023-08-31,0.06588000,0.06701000,0.06280000,0.06376000,987255423.00000000,64328075.31320000,118287
2023-09-01,0.06379000,0.06426000,0.06230000,0.06388000,594834321.00000000,37771556.70096000,73889
2023-09-02,0.06386000,0.06497000,0.06260000,0.06348000,445474474.00000000,28368708.40871000,63130
2023-09-03,0.06348000,0.06377000,0.06276000,0.06317000,221836401.00000000,14044413.14013000,33591
2023-09-04,0.06317000,0.06385000,0.06209000,0.06326000,414229595.00000000,26156361.23442000,52937
2023-09-05,0.06326000,0.06443000,0.06288000,0.06402000,613206067.00000000,39129437.05314000,69058
2023-09-06,0.06403000,0.06464000,0.06248000,0.06365000,638467834.00000000,40689983.83105000,63236
2023-09-07,0.06364000,0.06384000,0.06279000,0.06365000,418433542.00000000,26519402.81803000,44350
2023-09-08,0.06366000,0.06402000,0.06237000,0.06371000,364461321.00000000,23061583.38435000,48400
2023-09-09,0.06370000,0.06391000,0.06319000,0.06339000,196653596.00000000,12495666.85681000,27685
2023-09-10,0.06338000,0.06340000,0.05938000,0.06130000,741903006.00000000,45598221.69036000,100945
2023-09-11,0.06130000,0.06199000,0.05919000,0.06049000,815364934.00000000,49357251.80128000,98174
2023-09-12,0.06047000,0.06247000,0.06043000,0.06090000,590184825.00000000,36260714.94387000,73991
2023-09-13,0.06090000,0.06181000,0.06050000,0.06126000,502274759.00000000,30683513.26435000,57085
2023-09-14,0.06125000,0.06255000,0.06108000,0.06208000,475512544.00000000,29324721.20968000,54765
2023-09-15,0.06207000,0.06296000,0.06138000,0.06250000,305546937.00000000,18972451.48935000,40802
2023-09-16,0.06250000,0.06297000,0.06176000,0.06214000,255280771.00000000,15905929.03412000,35590
2023-09-17,0.06213000,0.06254000,0.06097000,0.06147000,383318697.00000000,23678403.52120000,50405
2023-09-18,0.06146000,0.06281000,0.06096000,0.06198000,477979505.00000000,29612579.22875000,58989
2023-09-19,0.06196000,0.06323000,0.06189000,0.06268000,428581236.00000000,26809249.60093000,50181
2023-09-20,0.06269000,0.06303000,0.06144000,0.06262000,351126474.00000000,21875623.51895000,46395
2023-09-21,0.06263000,0.06348000,0.06103000,0.06131000,461733879.00000000,28682859.05613000,59848
2023-09-22,0.06130000,0.06187000,0.06058000,0.06152000,243141704.00000000,14940382.18452000,34856
2023-09-23,0.06153000,0.06199000,0.06127000,0.06152000,171390790.00000000,10551532.80734000,26595
2023-09-24,0.06152000,0.06175000,0.06028000,0.06069000,187668551.00000000,11492548.05825000,29624
2023-09-25,0.06068000,0.06124000,0.06009000,0.06094000,185313210.00000000,11269114.08089000,29360
2023-09-26,0.06095000,0.06114000,0.05933000,0.06062000,247803396.00000000,14971987.50562000,37490
2023-09-27,0.06062000,0.06142000,0.06016000,0.06053000,322389750.00000000,19592884.73029000,43461
2023-09-28,0.06052000,0.06168000,0.06038000,0.06150000,330092922.00000000,20174936.15723000,44627
2023-09-29,0.06151000,0.06249000,0.06131000,0.06213000,388098719.00000000,24008259.14787000,50682
2023-09-30,0.06213000,0.06276000,0.06173000,0.06207000,353992527.00000000,22015585.97923000,42003
2023-10-01,0.06207000,0.06358000,0.06169000,0.06319000,426685075.00000000,26690722.24152000,55959
2023-10-02,0.06320000,0.06420000,0.06093000,0.06200000,626702154.00000000,39391905.23778000,85372
2023-10-03,0.06201000,0.06232000,0.06107000,0.06137000,285220585.00000000,17603805.51431000,40004
2023-10-04,0.06138000,0.06159000,0.06001000,0.06147000,335531290.00000000,20428970.39124000,43652
2023-10-05,0.06146000,0.06165000,0.06059000,0.06086000,252901933.00000000,15443219.89739000,31539
2023-10-06,0.06087000,0.06162000,0.06071000,0.06137000,299784369.00000000,18338128.23727000,35843
2023-10-07,0.06136000,0.06166000,0.06105000,0.06143000,279174721.00000000,17141192.66570000,26462
2023-10-08,0.06143000,0.06160000,0.06065000,0.06096000,202221066.00000000,12375190.40245000,25087
2023-10-09,0.06095000,0.06100000,0.05678000,0.05873000,806444033.00000000,47628376.32000000,92599
2023-10-10,0.05872000,0.05923000,0.05846000,0.05913000,254040040.00000000,14947507.45563000,36453
2023-10-11,0.05914000,0.05948000,0.05764000,0.05851000,356464937.00000000,20867859.46762000,49943
2023-10-12,0.05851000,0.05852000,0.05722000,0.05788000,241613425.00000000,13992832.68488000,36751
2023-10-13,0.05789000,0.05910000,0.05777000,0.05839000,340601297.00000000,19868943.50442000,40017
2023-10-14,0.05839000,0.05998000,0.05833000,0.05984000,258485303.00000000,15306116.07218000,38073
2023-10-15,0.05984000,0.05986000,0.05901000,0.05931000,187751427.00000000,11152991.95888000,30905
2023-10-16,0.05930000,0.06176000,0.05909000,0.06000000,685936360.00000000,41294868.55518000,83863
2023-10-17,0.06000000,0.06016000,0.05812000,0.05904000,328504417.00000000,19474198.00777000,49141
2023-10-18,0.05903000,0.05936000,0.05827000,0.05858000,259892423.00000000,15276595.01294000,40637
2023-10-19,0.05859000,0.05899000,0.05738000,0.05887000,268646752.00000000,15670050.90320000,40963
2023-10-20,0.05887000,0.06049000,0.05862000,0.05990000,380263308.00000000,22731498.03425000,53037
2023-10-21,0.05990000,0.06147000,0.05942000,0.06119000,419977032.00000000,25519096.90125000,53376
2023-10-22,0.06119000,0.06173000,0.05979000,0.06170000,431537666.00000000,26312254.20039000,64341
2023-10-23,0.06169000,0.06790000,0.06131000,0.06742000,1809514093.00000000,116349908.04166000,264652
2023-10-24,0.06742000,0.07012000,0.06418000,0.06660000,1893961402.00000000,127544825.43812000,283177
2023-10-25,0.06660000,0.06978000,0.06460000,0.06832000,1473029982.00000000,99228256.80723000,224723
2023-10-26,0.06832000,0.07516000,0.06782000,0.07185000,3074465230.00000000,220766668.23004000,445511
2023-10-27,0.07184000,0.07243000,0.06716000,0.06776000,1256624746.00000000,87743155.98292000,185111
2023-10-28,0.06776000,0.06982000,0.06750000,0.06900000,643644405.00000000,44244090.02932000,109985
2023-10-29,0.06900000,0.07020000,0.06722000,0.06935000,485266012.00000000,33473402.46875000,89276
2023-10-30,0.06936000,0.07040000,0.06771000,0.06959000,739649062.00000000,51162371.28524000,110464
2023-10-31,0.06958000,0.07085000,0.06578000,0.06827000,1281215492.00000000,87801026.75191000,167979
2023-11-01,0.06827000,0.06967000,0.06548000,0.06894000,1322729238.00000000,89187337.49734000,161653
2023-11-02,0.06893000,0.07089000,0.06660000,0.06790000,1597197975.00000000,109939113.03404000,168866
2023-11-03,0.06790000,0.06823000,0.06621000,0.06807000,793772413.00000000,53465914.56396000,95327
2023-11-04,0.06808000,0.06927000,0.06790000,0.06908000,544148824.00000000,37335756.33993000,66484
2023-11-05,0.06908000,0.07175000,0.06880000,0.07108000,1366786320.00000000,96125652.72491000,152588
2023-11-06,0.07108000,0.07653000,0.07025000,0.07637000,1891295555.00000000,139294113.76902000,260874
2023-11-07,0.07637000,0.07648000,0.07150000,0.07338000,2426713501.00000000,179245598.05852000,249400
2023-11-08,0.07338000,0.07720000,0.07277000,0.07534000,1394687206.00000000,104243754.25747000,160281
2023-11-09,0.07535000,0.07791000,0.06779000,0.07357000,2758797891.00000000,203970342.66265000,358155
2023-11-10,0.07357000,0.07559000,0.07241000,0.07539000,1754786161.00000000,130057016.18724000,194362
2023-11-11,0.07539000,0.08189000,0.07445000,0.07849000,3940449595.00000000,310285550.04576000,462112
2023-11-12,0.07850000,0.08038000,0.07503000,0.07795000,2187569963.00000000,170782020.32108000,229510
2023-11-13,0.07795000,0.07954000,0.07341000,0.07456000,2695984716.00000000,206919438.97998000,289927
2023-11-14,0.07456000,0.07555000,0.06880000,0.07244000,2213664109.00000000,162615567.50500000,243270
2023-11-15,0.07244000,0.07654000,0.07227000,0.07623000,1242373327.00000000,92173316.68071000,160674
2023-11-16,0.07623000,0.08400000,0.07593000,0.07947000,4624288827.00000000,365641577.38689000,655958
2023-11-17,0.07946000,0.08760000,0.07907000,0.08641000,5715620063.00000000,474488946.30238000,759077
2023-11-18,0.08642000,0.08663000,0.07900000,0.08028000,3816113600.00000000,315083578.88686000,471831
2023-11-19,0.08027000,0.08066000,0.07734000,0.08046000,1736599079.00000000,137007341.97654000,213013
2023-11-20,0.08045000,0.08219000,0.07666000,0.07768000,1894821627.00000000,151566343.06216000,231711
2023-11-21,0.07768000,0.07875000,0.07063000,0.07176000,2807234921.00000000,211300189.39713000,378131
2023-11-22,0.07175000,0.07660000,0.07153000,0.07575000,1119488422.00000000,83580017.26174000,133173
2023-11-23,0.07576000,0.07638000,0.07494000,0.07620000,613659850.00000000,46543101.60671000,78604
2023-11-24,0.07621000,0.07866000,0.07605000,0.07818000,883650952.00000000,68478819.95830000,107945
2023-11-25,0.07818000,0.07916000,0.07753000,0.07894000,651722335.00000000,51176418.12649000,81889
2023-11-26,0.07894000,0.07899000,0.07550000,0.07868000,785924906.00000000,60952055.85693000,103691
2023-11-27,0.07867000,0.08170000,0.07680000,0.07884000,2139460195.00000000,169353426.66961000,261805
2023-11-28,0.07883000,0.08121000,0.07671000,0.08083000,1710141271.00000000,135496791.44933000,206525
2023-11-29,0.08083000,0.08317000,0.07959000,0.08047000,1518465698.00000000,123175366.24291000,195922
2023-11-30,0.08045000,0.08443000,0.08039000,0.08343000,1474563719.00000000,121471815.67515000,190111
2023-12-01,0.08344000,0.08510000,0.08230000,0.08385000,1075587047.00000000,90073150.12766000,153166
2023-12-02,0.08384000,0.08663000,0.08327000,0.08617000,1047224679.00000000,88820270.26934000,149952
2023-12-03,0.08617000,0.08738000,0.08360000,0.08571000,1233031851.00000000,105070170.07289000,172238
2023-12-04,0.08571000,0.09260000,0.08500000,0.09188000,2933769955.00000000,260449580.87759000,433480
2023-12-05,0.09188000,0.09580000,0.08746000,0.09435000,2544186116.00000000,232092568.92358000,380284
2023-12-06,0.09436000,0.10645000,0.09338000,0.09493000,5278501455.00000000,529155108.63456000,948176
2023-12-07,0.09493000,0.09828000,0.09269000,0.09593000,2842604920.00000000,271534378.26471000,424890
2023-12-08,0.09594000,0.10385000,0.09556000,0.10164000,2247014999.00000000,221624227.34803000,329281
2023-12-09,0.10165000,0.10510000,0.09750000,0.09846000,2400778713.00000000,244004075.71668000,372697
2023-12-10,0.09846000,0.10275000,0.09665000,0.10186000,1337401762.00000000,133811827.50554000,224632
2023-12-11,0.10186000,0.10730000,0.09106000,0.09413000,3926452012.00000000,383703034.40585000,670104
2023-12-12,0.09412000,0.09802000,0.09122000,0.09381000,2003591978.00000000,189982703.73185000,295622
2023-12-13,0.09381000,0.09759000,0.08980000,0.09642000,1654708893.00000000,154070288.91372000,261177
2023-12-14,0.09643000,0.09878000,0.09327000,0.09830000,1405821668.00000000,135886229.87469000,213794
2023-12-15,0.09830000,0.09879000,0.09232000,0.09303000,1313568767.00000000,125558212.82158000,183455
2023-12-16,0.09302000,0.09728000,0.09152000,0.09713000,1016225212.00000000,95995125.34460000,153789
2023-12-17,0.09713000,0.09784000,0.09238000,0.09295000,986491713.00000000,93584238.22971000,162093
2023-12-18,0.09295000,0.09378000,0.08638000,0.09213000,1479114802.00000000,133063803.10646000,225263
2023-12-19,0.09212000,0.09350000,0.08926000,0.09023000,884237508.00000000,81106107.33288000,143335
2023-12-20,0.09023000,0.09334000,0.08942000,0.09150000,1223678648.00000000,111626346.00808000,180521
2023-12-21,0.09151000,0.09800000,0.09063000,0.09499000,1726958198.00000000,162540116.75855000,277356
2023-12-22,0.09500000,0.09559000,0.09195000,0.09499000,1258416466.00000000,117980916.01579000,199405
2023-12-23,0.09498000,0.09500000,0.09204000,0.09346000,649710275.00000000,60513659.70097000,107984
2023-12-24,0.09346000,0.09492000,0.09026000,0.09171000,1078125456.00000000,100751515.50742000,187946
2023-12-25,0.09172000,0.09544000,0.09124000,0.09435000,794322702.00000000,74189206.09987000,136914
2023-12-26,0.09436000,0.09445000,0.08700000,0.09135000,1045263091.00000000,95772725.87688000,190662
2023-12-27,0.09135000,0.09386000,0.08956000,0.09365000,697904313.00000000,64377495.45571000,137851
2023-12-28,0.09365000,0.09493000,0.09107000,0.09174000,896005552.00000000,83376381.12298000,158395
2023-12-29,0.09174000,0.09300000,0.08843000,0.09097000,676368690.00000000,61781686.94874000,141745
2023-12-30,0.09096000,0.09140000,0.08920000,0.09000000,348435520.00000000,31486570.85449000,69213
2023-12-31,0.09000000,0.09089000,0.08808000,0.08955000,385427628.00000000,34692853.38567000,69321
2024-01-01,0.08956000,0.09207000,0.08847000,0.09199000,506560988.00000000,45856152.14607000,81285
2024-01-02,0.09200000,0.09438000,0.09035000,0.09110000,881934936.00000000,81620263.86776000,144162
2024-01-03,0.09109000,0.09213000,0.07500000,0.08201000,1959750401.00000000,164033163.66787000,331170
2024-01-04,0.08200000,0.08467000,0.08093000,0.08401000,1144911613.00000000,94958162.03245000,153450
2024-01-05,0.08401000,0.08483000,0.08046000,0.08267000,1109914047.00000000,91546774.14758000,163743
2024-01-06,0.08267000,0.08268000,0.07833000,0.08058000,979471694.00000000,78819192.75806000,169538
2024-01-07,0.08058000,0.08148000,0.07701000,0.07824000,927733107.00000000,74015800.99796000,222250
2024-01-08,0.07822000,0.08177000,0.07412000,0.08130000,1392075761.00000000,108620233.77995000,200289
2024-01-09,0.08130000,0.08399000,0.07642000,0.07923000,2205553399.00000000,175210044.35441000,343943
2024-01-10,0.07922000,0.08501000,0.07579000,0.08307000,1240032433.00000000,98980901.81880000,221942
2024-01-11,0.08307000,0.08800000,0.08197000,0.08456000,1520441570.00000000,129003894.10794000,262023
2024-01-12,0.08456000,0.08544000,0.07780000,0.08007000,1117173897.00000000,92082844.95305000,199721
2024-01-13,0.08007000,0.08138000,0.07861000,0.08092000,451114051.00000000,36291118.60026000,83428
2024-01-14,0.08094000,0.08396000,0.07964000,0.08003000,923333159.00000000,75582443.56972000,139892
2024-01-15,0.08002000,0.08178000,0.07987000,0.08108000,423589779.00000000,34300152.08223000,80854
2024-01-16,0.08108000,0.08258000,0.07986000,0.08134000,582449257.00000000,47369892.27231000,90582
2024-01-17,0.08134000,0.08160000,0.07935000,0.08059000,478700611.00000000,38583229.48141000,68754
2024-01-18,0.08060000,0.08081000,0.07690000,0.07808000,621337144.00000000,49214806.57530000,86646
2024-01-19,0.07808000,0.07884000,0.07484000,0.07857000,766708753.00000000,59204180.85016000,107340
2024-01-20,0.07856000,0.09058000,0.07821000,0.08777000,1655077344.00000000,138866010.33485000,276523
2024-01-21,0.08777000,0.09046000,0.08468000,0.08546000,2294800965.00000000,200633911.77286000,404970
2024-01-22,0.08547000,0.08559000,0.08012000,0.08057000,1591848689.00000000,132268389.42305000,268782
2024-01-23,0.08057000,0.08189000,0.07600000,0.07821000,1285716152.00000000,100492938.51020000,215547
2024-01-24,0.07821000,0.08066000,0.07754000,0.07904000,688387053.00000000,54447832.72829000,121180
2024-01-25,0.07905000,0.07925000,0.07711000,0.07795000,487927595.00000000,38061922.12705000,86423
2024-01-26,0.07795000,0.08035000,0.07753000,0.07985000,438354293.00000000,34722428.42862000,83960
2024-01-27,0.07985000,0.08070000,0.07902000,0.08014000,330227896.00000000,26367307.96650000,59129
2024-01-28,0.08014000,0.08149000,0.07818000,0.07882000,405942847.00000000,32446105.53783000,76925
2024-01-29,0.07883000,0.08306000,0.07816000,0.08135000,1259643662.00000000,102222096.05264000,190917
2024-01-30,0.08137000,0.08219000,0.07939000,0.07972000,609381172.00000000,49472217.60913000,101054
2024-01-31,0.07971000,0.08028000,0.07800000,0.07875000,492930215.00000000,39115347.30535000,98410
2024-02-01,0.07874000,0.07986000,0.07728000,0.07937000,423161080.00000000,33395733.01891000,78316
2024-02-02,0.07937000,0.07996000,0.07858000,0.07928000,338158394.00000000,26849623.02363000,58101
2024-02-03,0.07928000,0.07951000,0.07853000,0.07874000,181709999.00000000,14369151.85233000,34991
2024-02-04,0.07874000,0.07998000,0.07775000,0.07831000,263166434.00000000,20770189.49683000,48749
2024-02-05,0.07831000,0.08031000,0.07735000,0.07835000,432182668.00000000,34091489.07860000,74931
2024-02-06,0.07835000,0.07923000,0.07773000,0.07849000,294603685.00000000,23132778.21818000,53812
2024-02-07,0.07848000,0.08032000,0.07816000,0.08013000,389072392.00000000,30858397.35495000,70931
2024-02-08,0.08013000,0.08087000,0.07935000,0.07987000,447795104.00000000,35878029.09784000,84642
2024-02-09,0.07986000,0.08222000,0.07986000,0.08155000,665001847.00000000,54073200.59692000,111570
2024-02-10,0.08154000,0.08214000,0.08030000,0.08142000,367774924.00000000,29882540.10703000,55220
2024-02-11,0.08141000,0.08358000,0.08075000,0.08123000,639653927.00000000,52555183.74082000,95242
2024-02-12,0.08123000,0.08287000,0.07946000,0.08223000,797306560.00000000,64715262.07532000,117714
2024-02-13,0.08223000,0.08297000,0.07968000,0.08105000,738029583.00000000,60257483.68860000,115928
2024-02-14,0.08105000,0.08700000,0.08047000,0.08550000,1497064357.00000000,126203446.28327000,223991
2024-02-15,0.08549000,0.08824000,0.08392000,0.08528000,1428000130.00000000,122809328.84948000,227247
2024-02-16,0.08527000,0.08799000,0.08392000,0.08591000,807216742.00000000,69277895.36793000,163668
2024-02-17,0.08591000,0.08606000,0.08192000,0.08356000,647757981.00000000,54377792.41231000,114937
2024-02-18,0.08355000,0.08572000,0.08282000,0.08517000,526443268.00000000,44324227.51339000,104204
2024-02-19,0.08516000,0.09084000,0.08502000,0.08942000,1424055062.00000000,124764301.38545000,224622
2024-02-20,0.08942000,0.09155000,0.08260000,0.08615000,1744290957.00000000,151671841.83121000,273655
2024-02-21,0.08615000,0.08627000,0.08196000,0.08457000,757871134.00000000,63437307.85026000,156728
2024-02-22,0.08457000,0.08551000,0.08302000,0.08410000,645334349.00000000,54592707.14756000,132340
2024-02-23,0.08409000,0.08553000,0.08285000,0.08451000,791686167.00000000,66625671.87575000,132958
2024-02-24,0.08451000,0.08637000,0.08386000,0.08615000,657921980.00000000,56141634.84861000,111109
2024-02-25,0.08616000,0.08682000,0.08521000,0.08612000,493056846.00000000,42505674.05449000,100161
2024-02-26,0.08613000,0.09000000,0.08415000,0.08923000,1088385979.00000000,94663047.99850000,189872
2024-02-27,0.08923000,0.10066000,0.08844000,0.09758000,4473045916.00000000,427761141.98753000,694327
2024-02-28,0.09759000,0.12333000,0.09417000,0.11585000,8260903846.00000000,892737375.10265000,1596270
2024-02-29,0.11585000,0.13500000,0.11132000,0.11732000,8825589402.00000000,1110023130.06987000,2004818
2024-03-01,0.11732000,0.14561000,0.11704000,0.13934000,6695199430.00000000,868436005.86647000,1372756
2024-03-02,0.13934000,0.15100000,0.13579000,0.14196000,5215907888.00000000,744261090.45360000,1406218
2024-03-03,0.14195000,0.15629000,0.12356000,0.15347000,6113745846.00000000,871192026.54759000,1562172
2024-03-04,0.15346000,0.18518000,0.14424000,0.18196000,8109722728.00000000,1361351555.86197000,2692599
2024-03-05,0.18197000,0.20637000,0.12600000,0.15304000,12530493898.00000000,2136677249.79085000,3882945
2024-03-06,0.15304000,0.17981000,0.14610000,0.15784000,5625446879.00000000,906498711.38404000,1721284
2024-03-07,0.15784000,0.16230000,0.14637000,0.15764000,4138356351.00000000,638668441.95381000,1112846
2024-03-08,0.15762000,0.17600000,0.15500000,0.16457000,4842302475.00000000,805786080.28040000,1461244
2024-03-09,0.16456000,0.18486000,0.16288000,0.17875000,3903293224.00000000,680877140.14926000,1119960
2024-03-10,0.17875000,0.17965000,0.16526000,0.16997000,2311878295.00000000,400990729.05179000,709213
2024-03-11,0.16998000,0.18315000,0.15986000,0.18200000,3021515629.00000000,524855474.59918000,925881
2024-03-12,0.18200000,0.18350000,0.15500000,0.16816000,2760068984.00000000,467458112.01530000,875431
2024-03-13,0.16817000,0.17444000,0.16481000,0.16897000,2005346358.00000000,341061408.30969000,645331
2024-03-14,0.16895000,0.19289000,0.16500000,0.17719000,7417977435.00000000,1338861261.39876000,2175526
2024-03-15,0.17720000,0.18142000,0.15100000,0.16357000,4217464611.00000000,694066606.94409000,1222093
2024-03-16,0.16358000,0.16524000,0.13800000,0.14253000,3166192692.00000000,479794035.14473000,924978
2024-03-17,0.14253000,0.15936000,0.13660000,0.15428000,2846386007.00000000,423073349.30240000,769279
2024-03-18,0.15428000,0.15432000,0.14000000,0.14353000,2116020884.00000000,309818787.96325000,573866
2024-03-19,0.14352000,0.14517000,0.12520000,0.12881000,4709278496.00000000,622247889.21888000,986666
2024-03-20,0.12879000,0.15327000,0.12253000,0.15209000,4788948000.00000000,653058271.04096000,1153108
2024-03-21,0.15209000,0.15998000,0.14649000,0.15537000,3475754499.00000000,530745097.35974000,967524
2024-03-22,0.15536000,0.16500000,0.14528000,0.15292000,3644351433.00000000,565007320.34351000,1170989
2024-03-23,0.15294000,0.17500000,0.15164000,0.16190000,3445544497.00000000,565949747.26452000,1112195
2024-03-24,0.16191000,0.18000000,0.16097000,0.17651000,3007181093.00000000,517410318.40108000,1063261
2024-03-25,0.17651000,0.18726000,0.17000000,0.17526000,2860835588.00000000,507424181.59366000,1125367
2024-03-26,0.17526000,0.18707000,0.17400000,0.18230000,2942951273.00000000,530892951.12920000,901925
2024-03-27,0.18231000,0.19185000,0.17870000,0.19047000,4365126606.00000000,811271224.15878000,1444152
2024-03-28,0.19048000,0.22888000,0.18920000,0.22001000,6581610023.00000000,1384358491.92239000,2058607
2024-03-29,0.22002000,0.22494000,0.20636000,0.21300000,3515455224.00000000,753643505.74110000,1071131
2024-03-30,0.21300000,0.21692000,0.19611000,0.19912000,2521998974.00000000,521308817.81194000,683683
2024-03-31,0.19913000,0.22430000,0.19908000,0.22000000,2325500500.00000000,491406986.34412000,642419
2024-04-01,0.22000000,0.22003000,0.19709000,0.20503000,3456154163.00000000,711845259.72304000,964182
2024-04-02,0.20502000,0.20517000,0.18000000,0.18248000,3974417546.00000000,743801282.07327000,1108518
2024-04-03,0.18249000,0.18750000,0.17002000,0.17522000,3549429233.00000000,639816295.62313000,917664
2024-04-04,0.17521000,0.18837000,0.17189000,0.17998000,2343983176.00000000,423232996.32977000,648057
2024-04-05,0.17997000,0.18076000,0.16733000,0.17720000,2083599146.00000000,362983842.63259000,515630
2024-04-06,0.17719000,0.18785000,0.17640000,0.18577000,1865317107.00000000,340472822.46110000,424865
2024-04-07,0.18576000,0.20520000,0.18544000,0.19887000,3025519000.00000000,594773979.19285000,705962
2024-04-08,0.19887000,0.21000000,0.19551000,0.20260000,1955830692.00000000,397654411.49565000,581889
2024-04-09,0.20261000,0.20346000,0.18496000,0.18912000,2177727783.00000000,421920343.68893000,591577
2024-04-10,0.18915000,0.20280000,0.18006000,0.19971000,2910595316.00000000,558720085.52841000,706114
2024-04-11,0.19971000,0.20358000,0.18974000,0.19380000,2177813466.00000000,425999469.67154000,589221
2024-04-12,0.19382000,0.20130000,0.16059000,0.17403000,3925158745.00000000,717114157.42598000,1200551
2024-04-13,0.17403000,0.17586000,0.13024000,0.15254000,5355470940.00000000,833658424.26219000,1814449
2024-04-14,0.15254000,0.16505000,0.14369000,0.16212000,4301028374.00000000,659668465.09762000,1285212
2024-04-15,0.16210000,0.16900000,0.15027000,0.16123000,4241463339.00000000,673817942.02785000,1203179
2024-04-16,0.16123000,0.16247000,0.14628000,0.15600000,2835718778.00000000,436478797.49955000,797305
2024-04-17,0.15600000,0.15873000,0.14431000,0.14756000,2144894019.00000000,324188311.75474000,606260
2024-04-18,0.14755000,0.15381000,0.14083000,0.15221000,2200135595.00000000,325738822.50211000,585773
2024-04-19,0.15222000,0.15722000,0.13900000,0.15633000,2707121648.00000000,404711685.04601000,687019
2024-04-20,0.15632000,0.16500000,0.15020000,0.16260000,1817384243.00000000,286217552.51206000,455864
2024-04-21,0.16259000,0.16586000,0.15505000,0.15825000,1328449014.00000000,212957711.02825000,356666
2024-04-22,0.15823000,0.16343000,0.15647000,0.16120000,1361190385.00000000,217888008.09410000,352893
2024-04-23,0.16121000,0.16300000,0.15682000,0.15979000,1070377335.00000000,171103589.87310000,264679
2024-04-24,0.15979000,0.16450000,0.14934000,0.15139000,1835449856.00000000,289588763.86710000,452498
2024-04-25,0.15139000,0.15446000,0.14743000,0.15127000,1163088346.00000000,175327979.29081000,273758
2024-04-26,0.15126000,0.15178000,0.14683000,0.14800000,899940448.00000000,134572742.07411000,208809
2024-04-27,0.14802000,0.14972000,0.14233000,0.14776000,894496218.00000000,130624304.14441000,203389
2024-04-28,0.14776000,0.15109000,0.14600000,0.14670000,568872733.00000000,84900914.38082000,130351
2024-04-29,0.14671000,0.14809000,0.13959000,0.14342000,1220801011.00000000,173784307.42444000,253851
2024-04-30,0.14343000,0.14601000,0.12916000,0.13339000,1665323124.00000000,226462615.54536000,348464
2024-05-01,0.13337000,0.13395000,0.12010000,0.13021000,3172868480.00000000,401702081.01785000,585682
2024-05-02,0.13021000,0.13446000,0.12407000,0.13189000,1666903290.00000000,217111398.40765000,319827
2024-05-03,0.13189000,0.14799000,0.13113000,0.14604000,1484934698.00000000,204543149.52891000,335600
2024-05-04,0.14604000,0.17000000,0.14572000,0.16012000,3320985724.00000000,528166000.31926000,853499
2024-05-05,0.16012000,0.16349000,0.15454000,0.16098000,1670385631.00000000,267566324.26834000,443653
2024-05-06,0.16100000,0.16915000,0.15399000,0.15648000,2267601007.00000000,365384347.22044000,563145
2024-05-07,0.15649000,0.15992000,0.14924000,0.14999000,1298799353.00000000,202357234.98377000,351398
2024-05-08,0.14999000,0.15200000,0.14206000,0.14324000,1301147548.00000000,192373389.97604000,338951
2024-05-09,0.14323000,0.15423000,0.14311000,0.15220000,1204735659.00000000,178207301.81680000,320888
2024-05-10,0.15220000,0.15387000,0.14224000,0.14389000,1163562851.00000000,171568373.49688000,314036
2024-05-11,0.14389000,0.14626000,0.14247000,0.14306000,461844106.00000000,66590421.52222000,137048
2024-05-12,0.14305000,0.14446000,0.13899000,0.14123000,789804071.00000000,112157152.08293000,173259
2024-05-13,0.14122000,0.15765000,0.13579000,0.14864000,2524431949.00000000,372442393.77644000,636127
2024-05-14,0.14863000,0.15516000,0.14429000,0.14552000,1854848426.00000000,276791984.81885000,500100
2024-05-15,0.14552000,0.15700000,0.14525000,0.15534000,1845492157.00000000,278760254.22299000,480191
2024-05-16,0.15533000,0.15931000,0.14825000,0.14972000,1316060414.00000000,201994418.66608000,328452
2024-05-17,0.14971000,0.15692000,0.14922000,0.15555000,1076157319.00000000,165013960.20192000,269807
2024-05-18,0.15555000,0.15690000,0.15123000,0.15302000,698372016.00000000,107685865.54796000,178658
2024-05-19,0.15302000,0.15604000,0.14740000,0.14908000,734215105.00000000,111273142.17642000,203288
2024-05-20,0.14908000,0.16636000,0.14767000,0.16573000,1539763324.00000000,240732662.20448000,421917
2024-05-21,0.16573000,0.17330000,0.16071000,0.17024000,2403419353.00000000,400724082.17254000,642267
2024-05-22,0.17023000,0.17461000,0.16174000,0.16628000,1812336614.00000000,304346865.87839000,494288
2024-05-23,0.16628000,0.16941000,0.15171000,0.15973000,2098823634.00000000,339110158.78243000,549338
2024-05-24,0.15973000,0.17328000,0.15500000,0.16386000,2918289583.00000000,478364559.67902000,807561
2024-05-25,0.16386000,0.17438000,0.16270000,0.17402000,1286560263.00000000,215741470.81624000,357528
2024-05-26,0.17402000,0.17500000,0.16551000,0.16621000,1223858574.00000000,208207872.31911000,346955
2024-05-27,0.16621000,0.17350000,0.16416000,0.16908000,1347104309.00000000,227393890.15431000,372056
2024-05-28,0.16908000,0.16982000,0.16157000,0.16497000,1230843968.00000000,203098726.60837000,347539
2024-05-29,0.16496000,0.17087000,0.16208000,0.16386000,1395564391.00000000,232308157.24159000,375705
2024-05-30,0.16386000,0.16570000,0.15642000,0.15946000,1456479032.00000000,234609576.71235000,398573
2024-05-31,0.15945000,0.16261000,0.15431000,0.15898000,801814565.00000000,127452828.85606000,244118
2024-06-01,0.15898000,0.16199000,0.15840000,0.16031000,367195745.00000000,58767449.01978000,128541
2024-06-02,0.16031000,0.16137000,0.15469000,0.15710000,493754241.00000000,78013261.13908000,157306
2024-06-03,0.15710000,0.16346000,0.15579000,0.15835000,823747427.00000000,132312187.58669000,216477
2024-06-04,0.15834000,0.16194000,0.15706000,0.16136000,639124799.00000000,101779149.95704000,157290
2024-06-05,0.16136000,0.16486000,0.16117000,0.16326000,670049829.00000000,109232785.22191000,177171
2024-06-06,0.16327000,0.16579000,0.15831000,0.16016000,805127872.00000000,130521582.92572000,191860
2024-06-07,0.16015000,0.16213000,0.14000000,0.14820000,1486678159.00000000,225242188.54144000,418279
2024-06-08,0.14820000,0.14879000,0.14350000,0.14588000,726829388.00000000,106728570.42129000,184620
2024-06-09,0.14590000,0.14916000,0.14492000,0.14679000,428167441.00000000,62723566.38682000,113694
2024-06-10,0.14679000,0.14795000,0.14325000,0.14478000,445950423.00000000,64752242.76975000,128498
2024-06-11,0.14478000,0.14519000,0.13364000,0.13806000,1247090910.00000000,173678325.32941000,304983
2024-06-12,0.13806000,0.15096000,0.13458000,0.14621000,1335443938.00000000,193764006.51246000,418185
2024-06-13,0.14621000,0.14650000,0.14009000,0.14110000,722950347.00000000,103382654.34969000,240083
2024-06-14,0.14110000,0.14343000,0.13189000,0.13499000,913514559.00000000,125775547.51250000,322549
2024-06-15,0.13499000,0.13785000,0.13361000,0.13677000,464938828.00000000,63339739.49288000,143641
2024-06-16,0.13678000,0.13768000,0.13467000,0.13713000,307161114.00000000,41867088.41757000,96156
2024-06-17,0.13713000,0.13822000,0.12601000,0.12879000,1132086823.00000000,149469832.25221000,317150
2024-06-18,0.12879000,0.12929000,0.11338000,0.12225000,2070645660.00000000,249577381.11982000,567945
2024-06-19,0.12224000,0.12679000,0.12141000,0.12247000,742608455.00000000,92108303.62394000,209805
2024-06-20,0.12247000,0.12900000,0.12134000,0.12455000,880387309.00000000,109547828.55656000,238680
2024-06-21,0.12455000,0.12574000,0.12138000,0.12418000,675836837.00000000,83619978.37806000,230692
2024-06-22,0.12418000,0.12556000,0.12290000,0.12375000,341304465.00000000,42428576.88868000,105820
2024-06-23,0.12376000,0.12640000,0.12090000,0.12222000,506605755.00000000,62795886.82449000,157031
2024-06-24,0.12222000,0.12395000,0.11354000,0.11902000,1238016703.00000000,146356838.01654000,401774
2024-06-25,0.11901000,0.12862000,0.11882000,0.12615000,904499973.00000000,112243456.78113000,281109
2024-06-26,0.12616000,0.12865000,0.12180000,0.12276000,569477357.00000000,70968841.73311000,200269
2024-06-27,0.12277000,0.12846000,0.12061000,0.12711000,727482679.00000000,90162542.24209000,215467
2024-06-28,0.12711000,0.12851000,0.12217000,0.12306000,705909915.00000000,88642470.99910000,264047
2024-06-29,0.12306000,0.12440000,0.12138000,0.12190000,241340466.00000000,29759663.54821000,106001
2024-06-30,0.12190000,0.12564000,0.12050000,0.12448000,335643611.00000000,41159318.02876000,167430
2024-07-01,0.12449000,0.12750000,0.12322000,0.12352000,428296949.00000000,53672635.06681000,222017
2024-07-02,0.12352000,0.12544000,0.12247000,0.12530000,314273229.00000000,38883883.14413000,173609
2024-07-03,0.12530000,0.12555000,0.11683000,0.11849000,562730261.00000000,67561388.04917000,300783
2024-07-04,0.11849000,0.11914000,0.10385000,0.10502000,1541593699.00000000,169999028.00986000,471267
2024-07-05,0.10503000,0.10652000,0.09136000,0.10547000,2608167044.00000000,257779899.34478000,912278
2024-07-06,0.10548000,0.11416000,0.10468000,0.11343000,997717793.00000000,108681671.70384000,390895
2024-07-07,0.11343000,0.11350000,0.10360000,0.10415000,749813872.00000000,81391092.08759000,324355
2024-07-08,0.10415000,0.11140000,0.09874000,0.10758000,1314220494.00000000,138570346.14081000,621045
2024-07-09,0.10757000,0.10954000,0.10579000,0.10756000,559621670.00000000,60370239.10143000,195199
2024-07-10,0.10756000,0.11053000,0.10572000,0.10800000,521002616.00000000,56646967.26629000,203089
2024-07-11,0.10800000,0.11247000,0.10615000,0.10664000,558914156.00000000,60769049.93542000,271104
2024-07-12,0.10664000,0.10831000,0.10477000,0.10769000,467602106.00000000,49751385.86083000,221839
2024-07-13,0.10769000,0.11300000,0.10728000,0.11231000,547626740.00000000,60533417.24991000,213218
2024-07-14,0.11231000,0.11698000,0.11110000,0.11535000,646475898.00000000,73504222.62151000,230772
2024-07-15,0.11535000,0.12555000,0.11457000,0.12490000,1010690868.00000000,120645044.08575000,453915
2024-07-16,0.12490000,0.12784000,0.11891000,0.12478000,1054095685.00000000,130516815.19708000,618871
2024-07-17,0.12479000,0.12769000,0.12032000,0.12178000,687859592.00000000,85519514.29072000,406661
2024-07-18,0.12179000,0.12397000,0.11715000,0.11956000,786606248.00000000,94997980.31047000,422520
2024-07-19,0.11955000,0.12604000,0.11742000,0.12543000,811589334.00000000,99256123.12423000,386140
2024-07-20,0.12543000,0.13582000,0.12430000,0.13424000,1436351183.00000000,188080794.50771000,587881
2024-07-21,0.13423000,0.14373000,0.12576000,0.14026000,1539907160.00000000,207976344.73544000,698132
2024-07-22,0.14027000,0.14270000,0.13581000,0.13776000,1602038139.00000000,222958433.77163000,725593
2024-07-23,0.13777000,0.13923000,0.12807000,0.13031000,1099223304.00000000,146392278.72737000,624277
2024-07-24,0.13030000,0.13482000,0.12688000,0.12795000,692696080.00000000,91095985.62744000,446766
2024-07-25,0.12793000,0.12873000,0.12010000,0.12526000,916741676.00000000,113465711.70683000,578895
2024-07-26,0.12525000,0.13496000,0.12504000,0.13419000,661205710.00000000,86144454.22625000,380059
2024-07-27,0.13419000,0.13878000,0.13011000,0.13144000,1329095559.00000000,178571350.48624000,714087
2024-07-28,0.13143000,0.13186000,0.12809000,0.13004000,689009904.00000000,89723568.02783000,287239
2024-07-29,0.13005000,0.13509000,0.12755000,0.12843000,764786376.00000000,100954068.95636000,450397
2024-07-30,0.12844000,0.13070000,0.12320000,0.12551000,536194715.00000000,68460175.73361000,375831
2024-07-31,0.12551000,0.12736000,0.12120000,0.12192000,523776745.00000000,65392665.39016000,379509
2024-08-01,0.12192000,0.12312000,0.11211000,0.11899000,929497327.00000000,109208704.87834000,556166
2024-08-02,0.11899000,0.11975000,0.11017000,0.11154000,829416403.00000000,94945628.58120000,559517
2024-08-03,0.11154000,0.11475000,0.10518000,0.10811000,1009072658.00000000,111018578.74527000,480440
2024-08-04,0.10812000,0.10944000,0.09900000,0.10375000,1010011668.00000000,105271005.82374000,625513
2024-08-05,0.10375000,0.10430000,0.08050000,0.09436000,6003336977.00000000,537522393.87426000,1696835
2024-08-06,0.09437000,0.10151000,0.09405000,0.09645000,1261946874.00000000,123319749.01462000,745004
2024-08-07,0.09646000,0.10208000,0.09428000,0.09558000,1198829409.00000000,117779985.26624000,746558
2024-08-08,0.09561000,0.10800000,0.09354000,0.10748000,968675456.00000000,98318876.49421000,576608
2024-08-09,0.10747000,0.10782000,0.10160000,0.10386000,542344314.00000000,56594088.53386000,445330
2024-08-10,0.10386000,0.10592000,0.10288000,0.10518000,257631810.00000000,26909223.89134000,208610
2024-08-11,0.10519000,0.11099000,0.10004000,0.10059000,769443790.00000000,81624595.20260000,479379
2024-08-12,0.10059000,0.10872000,0.10010000,0.10791000,841806045.00000000,88279367.60385000,551269
2024-08-13,0.10791000,0.10904000,0.10336000,0.10636000,488350832.00000000,51679739.74192000,326297
2024-08-14,0.10637000,0.10694000,0.10136000,0.10240000,525436131.00000000,54741912.57012000,357306
2024-08-15,0.10240000,0.10495000,0.09789000,0.10021000,610036012.00000000,61743946.99471000,442205
2024-08-16,0.10021000,0.10207000,0.09745000,0.10035000,557705388.00000000,55915149.33112000,423975
2024-08-17,0.10034000,0.10372000,0.10001000,0.10275000,244243848.00000000,24887653.61712000,171133
2024-08-18,0.10275000,0.10446000,0.10000000,0.10004000,350840535.00000000,36013643.20609000,221120
2024-08-19,0.10005000,0.10193000,0.09857000,0.10133000,461658956.00000000,46197008.08576000,307586
2024-08-20,0.10132000,0.10581000,0.10107000,0.10289000,800320196.00000000,83185135.20944000,534265
2024-08-21,0.10289000,0.10797000,0.10212000,0.10615000,525554349.00000000,55038107.41332000,594335
2024-08-22,0.10615000,0.10689000,0.10400000,0.10525000,380546631.00000000,40162620.88359000,482016
2024-08-23,0.10526000,0.11546000,0.10522000,0.11293000,1135703108.00000000,125020087.40763000,981643
2024-08-24,0.11292000,0.11500000,0.11074000,0.11258000,956116504.00000000,107738950.14372000,687271
2024-08-25,0.11258000,0.11287000,0.10778000,0.10959000,568249607.00000000,62528803.30086000,676343
2024-08-26,0.10960000,0.11032000,0.10442000,0.10520000,554048723.00000000,59463845.26189000,758597
2024-08-27,0.10520000,0.10653000,0.09633000,0.09891000,703657118.00000000,72128435.60290000,782887
2024-08-28,0.09890000,0.10190000,0.09682000,0.09964000,749119048.00000000,74497378.33899000,985531
2024-08-29,0.09965000,0.10259000,0.09827000,0.10037000,415351459.00000000,41760251.96411000,549751
2024-08-30,0.10037000,0.10315000,0.09697000,0.10177000,628171409.00000000,63066117.10324000,724856
2024-08-31,0.10177000,0.10239000,0.10035000,0.10128000,261630981.00000000,26541141.43605000,265357
2024-09-01,0.10128000,0.10153000,0.09388000,0.09509000,440544625.00000000,43141963.18179000,410442
2024-09-02,0.09508000,0.09992000,0.09409000,0.09912000,456484773.00000000,44163449.35870000,410485
2024-09-03,0.09912000,0.10081000,0.09639000,0.09677000,353919096.00000000,34949263.97791000,393552
2024-09-04,0.09678000,0.09951000,0.09184000,0.09800000,657720121.00000000,63124016.10158000,603719
2024-09-05,0.09799000,0.09917000,0.09600000,0.09842000,407742111.00000000,39817468.55545000,426403
2024-09-06,0.09842000,0.09944000,0.08893000,0.09254000,1019311885.00000000,95537335.22151000,821230
2024-09-07,0.09255000,0.09570000,0.09175000,0.09539000,436400943.00000000,41131030.76044000,286780
2024-09-08,0.09540000,0.09699000,0.09383000,0.09616000,376614257.00000000,35963631.79481000,322174
2024-09-09,0.09616000,0.10495000,0.09571000,0.10376000,896750540.00000000,90404722.45116000,677653
2024-09-10,0.10375000,0.10460000,0.10153000,0.10280000,451668592.00000000,46505363.27843000,505535
2024-09-11,0.10279000,0.10305000,0.09785000,0.10131000,496147874.00000000,49880864.80675000,662703
2024-09-12,0.10132000,0.10334000,0.10044000,0.10269000,469727509.00000000,47930481.97850000,495463
2024-09-13,0.10269000,0.10857000,0.10179000,0.10696000,885331769.00000000,93547072.98777000,628467
2024-09-14,0.10695000,0.10770000,0.10430000,0.10540000,588837803.00000000,62571172.41102000,357193
2024-09-15,0.10540000,0.10642000,0.10212000,0.10281000,454265265.00000000,47731552.69332000,415932
2024-09-16,0.10280000,0.10324000,0.09834000,0.09964000,543744800.00000000,54774557.29848000,547734
2024-09-17,0.09965000,0.10266000,0.09870000,0.10112000,488721301.00000000,49349894.87522000,462126
2024-09-18,0.10111000,0.10388000,0.09932000,0.10385000,549809619.00000000,55689043.33511000,641242
2024-09-19,0.10384000,0.10713000,0.10343000,0.10499000,676116886.00000000,70952774.98708000,610383
2024-09-20,0.10498000,0.10749000,0.10360000,0.10555000,633811834.00000000,66923521.21183000,600794
2024-09-21,0.10555000,0.11049000,0.10404000,0.10993000,543908991.00000000,58384918.48800000,421809
2024-09-22,0.10994000,0.10998000,0.10378000,0.10633000,432001443.00000000,46169285.85295000,444259
2024-09-23,0.10632000,0.10919000,0.10410000,0.10807000,646437650.00000000,69295249.62630000,652168
2024-09-24,0.10807000,0.11066000,0.10676000,0.10979000,747792653.00000000,81130709.17684000,661879
2024-09-25,0.10977000,0.11115000,0.10801000,0.10849000,722241605.00000000,79089490.80738000,611197
2024-09-26,0.10851000,0.12070000,0.10698000,0.11818000,1639288337.00000000,188552421.41087000,1135145
2024-09-27,0.11817000,0.12873000,0.11698000,0.12351000,1623183646.00000000,200490248.60687000,1322769
2024-09-28,0.12352000,0.13210000,0.12010000,0.12806000,1709881942.00000000,217079366.19034000,1303246
2024-09-29,0.12807000,0.13044000,0.12435000,0.12438000,919118406.00000000,116820746.38565000,955008
2024-09-30,0.12438000,0.12466000,0.11325000,0.11421000,1091853755.00000000,131049952.02245000,856460
2024-10-01,0.11421000,0.11935000,0.10260000,0.10685000,1779737388.00000000,196843323.55122000,801553
2024-10-02,0.10686000,0.10951000,0.10223000,0.10462000,1041484705.00000000,110503318.66610000,406965
2024-10-03,0.10462000,0.10680000,0.10108000,0.10507000,990157071.00000000,102861284.10270000,377607
2024-10-04,0.10506000,0.11059000,0.10475000,0.10924000,814968617.00000000,88200223.83915000,269050
2024-10-05,0.10924000,0.11025000,0.10747000,0.10940000,398463760.00000000,43444855.41382000,156882
2024-10-06,0.10941000,0.11291000,0.10839000,0.11159000,470748830.00000000,52075342.22264000,211012
2024-10-07,0.11159000,0.11547000,0.10823000,0.10841000,1181346500.00000000,132719098.40515000,475322
2024-10-08,0.10841000,0.10986000,0.10523000,0.10709000,680791688.00000000,73260279.94915000,305731
2024-10-09,0.10709000,0.11153000,0.10608000,0.10794000,791794301.00000000,86440098.29864000,321227
2024-10-10,0.10795000,0.10865000,0.10311000,0.10603000,713401352.00000000,75480373.87441000,308053
2024-10-11,0.10603000,0.11144000,0.10566000,0.11077000,595969049.00000000,65149605.37940000,235788
2024-10-12,0.11077000,0.11219000,0.10933000,0.11138000,415506248.00000000,46198872.11619000,190256
2024-10-13,0.11138000,0.11211000,0.10864000,0.11140000,478777808.00000000,53079710.16742000,226723
2024-10-14,0.11140000,0.11771000,0.10931000,0.11669000,1252447368.00000000,142573579.35614000,413972
2024-10-15,0.11669000,0.11932000,0.11016000,0.11748000,1635590225.00000000,188363244.84756000,643091
2024-10-16,0.11748000,0.12999000,0.11580000,0.12573000,3073408118.00000000,382348743.03303000,865497
2024-10-17,0.12574000,0.13100000,0.12048000,0.12967000,1921830268.00000000,239921133.28091000,571717
2024-10-18,0.12967000,0.14083000,0.12952000,0.13716000,2574606384.00000000,349018617.59602000,848719
2024-10-19,0.13718000,0.14700000,0.13702000,0.14407000,2065754362.00000000,296534963.34745000,831963
2024-10-20,0.14408000,0.14573000,0.13721000,0.14214000,1498968992.00000000,211362523.71777000,610104
2024-10-21,0.14214000,0.14975000,0.13816000,0.14367000,2235756592.00000000,322665885.51296000,851332
2024-10-22,0.14364000,0.14849000,0.13650000,0.13970000,1689968224.00000000,239902168.82068000,662113
2024-10-23,0.13970000,0.14101000,0.13312000,0.13997000,1447606402.00000000,199800409.13528000,608693
2024-10-24,0.13998000,0.14384000,0.13630000,0.14188000,1212204102.00000000,170359693.92653000,593185
2024-10-25,0.14189000,0.14277000,0.12779000,0.13161000,1516604558.00000000,206543501.50519000,640628
2024-10-26,0.13161000,0.13822000,0.13071000,0.13747000,766435162.00000000,102990800.16027000,293589
2024-10-27,0.13747000,0.14631000,0.13607000,0.14426000,1098602934.00000000,155134439.17154000,421268
2024-10-28,0.14427000,0.16261000,0.14115000,0.16146000,3223861267.00000000,487125057.18603000,1296722
2024-10-29,0.16145000,0.17980000,0.16054000,0.17586000,3867989341.00000000,657231936.56628000,1550603
2024-10-30,0.17586000,0.17789000,0.16447000,0.16828000,2167415553.00000000,371056091.93016000,937927
2024-10-31,0.16828000,0.17364000,0.15646000,0.16164000,2005209273.00000000,334554241.94658000,900997
2024-11-01,0.16164000,0.16900000,0.15415000,0.15916000,2339768574.00000000,376768880.38946000,1062629
2024-11-02,0.15917000,0.16372000,0.15546000,0.15955000,1264695204.00000000,201789654.01145000,486760
2024-11-03,0.15955000,0.15993000,0.14219000,0.15139000,2202139186.00000000,328826221.34581000,828078
2024-11-04,0.15139000,0.16034000,0.14817000,0.15822000,2550505871.00000000,397394845.98352000,1144424
2024-11-05,0.15822000,0.17956000,0.15796000,0.16999000,3885888575.00000000,660058812.20594000,1484219
2024-11-06,0.16999000,0.21936000,0.16901000,0.19646000,10672110565.00000000,2114193426.96117000,3746509
2024-11-07,0.19646000,0.20435000,0.18535000,0.19324000,3704240102.00000000,718407541.42712000,1149440
2024-11-08,0.19325000,0.20699000,0.19052000,0.20197000,3233648867.00000000,638780904.93637000,1061566
2024-11-09,0.20197000,0.22000000,0.19737000,0.21890000,3534294056.00000000,735140504.62374000,1158463
2024-11-10,0.21891000,0.29784000,0.21659000,0.27778000,10387872726.00000000,2646663254.96577000,4510947
2024-11-11,0.27781000,0.35150000,0.27244000,0.35136000,11217134512.10000000,3419122695.10441300,5920930
2024-11-12,0.35135000,0.43858000,0.32700000,0.37985000,17192779834.80000000,6566757221.70413700,9756504
2024-11-13,0.37995000,0.43410000,0.35121000,0.39903000,12474507223.00000000,4902798028.02757000,6729196
2024-11-14,0.39899000,0.41672000,0.35229000,0.36254000,6885684747.00000000,2695597636.72341000,3619806
2024-11-15,0.36258000,0.38500000,0.35261000,0.38150000,6002216840.00000000,2210627800.83513000,2478301
2024-11-16,0.38150000,0.39148000,0.35982000,0.36421000,3538931801.00000000,1326519976.69615000,1893767
2024-11-17,0.36421000,0.37580000,0.34000000,0.36704000,3780910238.00000000,1357261707.26710000,3384220
2024-11-18,0.36704000,0.38080000,0.35740000,0.37113000,4010630836.00000000,1486951498.00098000,3432596
2024-11-19,0.37113000,0.42000000,0.36601000,0.39067000,6174029423.00000000,2421330863.46670000,4538437
2024-11-20,0.39067000,0.39668000,0.36464000,0.37778000,3737616522.00000000,1435431994.86896000,3159629
2024-11-21,0.37778000,0.39564000,0.36883000,0.38664000,3942916685.00000000,1515354957.66809000,3138314
2024-11-22,0.38664000,0.42043000,0.38080000,0.41277000,6068746988.00000000,2427461914.26250000,4621779
2024-11-23,0.41277000,0.48000000,0.40404000,0.43015000,8608702376.30000000,3841387804.78004800,7187481
2024-11-24,0.43016000,0.45360000,0.39811000,0.43023000,4932729870.00000000,2087009350.75786000,5263893
2024-11-25,0.43026000,0.43770000,0.38085000,0.39264000,4149065549.00000000,1711917426.77504000,4336828
2024-11-26,0.39263000,0.40880000,0.36500000,0.38705000,3934214992.00000000,1517428377.73407000,4616368
2024-11-27,0.38705000,0.40777000,0.38025000,0.40093000,2930851837.00000000,1158680737.18236000,2982561
2024-11-28,0.40093000,0.42877000,0.39111000,0.40160000,2624936834.00000000,1062183702.59570000,3394433
2024-11-29,0.40160000,0.43744000,0.39945000,0.42636000,3088512232.00000000,1291657609.36031000,3372737
2024-11-30,0.42635000,0.43569000,0.41378000,0.42160000,2293217212.00000000,973901486.51700000,2954505
2024-12-01,0.42160000,0.44977000,0.41622000,0.44045000,3414080563.00000000,1476298154.74837000,3653644
2024-12-02,0.44045000,0.46357000,0.40030000,0.42457000,5661242625.00000000,2422074970.98563000,6243322
2024-12-03,0.42457000,0.42966000,0.38800000,0.40632000,4297871410.00000000,1762743086.33872000,4294246
2024-12-04,0.40632000,0.43656000,0.40000000,0.43274000,3719414028.00000000,1553350029.06576000,3729427
2024-12-05,0.43274000,0.46550000,0.40675000,0.42682000,6428185957.00000000,2822339374.04718000,5851219
2024-12-06,0.42683000,0.44147000,0.41976000,0.43467000,2736325757.00000000,1183271299.71256000,3014286
2024-12-07,0.43468000,0.46625000,0.43057000,0.45281000,3482207276.00000000,1569075699.65341000,3422600
2024-12-08,0.45283000,0.48434000,0.44600000,0.46635000,3415660534.40000000,1583884025.10041100,3422795
2024-12-09,0.46635000,0.46739000,0.38000000,0.41403000,5584093802.00000000,2396779879.85935000,5918892
2024-12-10,0.41403000,0.42302000,0.36537000,0.39392000,5317180501.00000000,2096830723.95796000,5696279
2024-12-11,0.39391000,0.41909000,0.37510000,0.41402000,2982323311.00000000,1195264275.42880000,3276431
2024-12-12,0.41402000,0.42495000,0.40116000,0.40611000,2544752744.00000000,1051051694.59888000,3237823
2024-12-13,0.40611000,0.41228000,0.39906000,0.40901000,1560217848.00000000,632483795.30037000,2214204
2024-12-14,0.40901000,0.41400000,0.38734000,0.39828000,1406442149.00000000,561853226.26440000,1881631
2024-12-15,0.39827000,0.41131000,0.39240000,0.40659000,1093200858.00000000,438210921.06645000,1585780
2024-12-16,0.40659000,0.41500000,0.39239000,0.40195000,1637008922.00000000,662336396.65115000,2410415
2024-12-17,0.40195000,0.41032000,0.39104000,0.39415000,1486814080.00000000,596025766.01319000,2255938
2024-12-18,0.39415000,0.39639000,0.35105000,0.35824000,2778577477.00000000,1044353650.62209000,2647672
2024-12-19,0.35825000,0.36734000,0.30001000,0.31431000,5544908636.00000000,1834889200.87388000,3472404
2024-12-20,0.31431000,0.32907000,0.26216000,0.31793000,6899043983.00000000,2051715365.98822000,4283234
2024-12-21,0.31792000,0.35000000,0.31395000,0.32042000,3747409658.00000000,1236432999.73927000,2408904
2024-12-22,0.32042000,0.32460000,0.30510000,0.31262000,2191716587.00000000,690937802.44318000,1312161
2024-12-23,0.31263000,0.32882000,0.30280000,0.32497000,2130359688.00000000,669749778.67626000,1339174
2024-12-24,0.32497000,0.34053000,0.31620000,0.33710000,1468454936.00000000,482863387.29462000,1104133
2024-12-25,0.33710000,0.34221000,0.32549000,0.33433000,1176142542.00000000,391656942.49944000,1231717
2024-12-26,0.33434000,0.33800000,0.30837000,0.31274000,1143051080.00000000,365121660.13497000,1431521
2024-12-27,0.31274000,0.32488000,0.30873000,0.31186000,1010676000.00000000,318915633.21444000,1297345
2024-12-28,0.31187000,0.32758000,0.31133000,0.32439000,626267458.00000000,199450953.15139000,770254
2024-12-29,0.32439000,0.32970000,0.31192000,0.31435000,838842516.00000000,269189331.65709000,801538
2024-12-30,0.31435000,0.32326000,0.30666000,0.31396000,1242292430.00000000,393281735.59825000,1418260
2024-12-31,0.31396000,0.32910000,0.30930000,0.31600000,1024184412.00000000,326747585.02847000,1214119
2025-01-01,0.31600000,0.32749000,0.31195000,0.32513000,705437154.00000000,225584886.81993000,780419
2025-01-02,0.32513000,0.34500000,0.32460000,0.33893000,1564674333.00000000,526926487.28007000,1466860
2025-01-03,0.33894000,0.38944000,0.33599000,0.37989000,2152130037.00000000,781351607.02203000,2132210
2025-01-04,0.37989000,0.39876000,0.37642000,0.39483000,1857777267.00000000,720008733.87459000,2098380
2025-01-05,0.39482000,0.39788000,0.37516000,0.38230000,1058790866.00000000,407589082.49090000,1334766
2025-01-06,0.38231000,0.39555000,0.37600000,0.38782000,1121833276.00000000,433882739.78581000,1543481
2025-01-07,0.38782000,0.39831000,0.34713000,0.34800000,2539411771.00000000,941837524.37431000,2896678
2025-01-08,0.34800000,0.35558000,0.32444000,0.34230000,2126726199.00000000,729506270.65314000,2980936
2025-01-09,0.34230000,0.34686000,0.31430000,0.32100000,1860743903.00000000,609426648.77337000,2586130
2025-01-10,0.32099000,0.33983000,0.32091000,0.33388000,1488638174.00000000,492051412.80003000,2036447
2025-01-11,0.33388000,0.34817000,0.32956000,0.34120000,604720851.00000000,203958287.51324000,919110
2025-01-12,0.34120000,0.34355000,0.33168000,0.33591000,648565559.00000000,219549254.34156000,854659
2025-01-13,0.33591000,0.34628000,0.30969000,0.33807000,1782621475.00000000,580111787.90483000,2642054
2025-01-14,0.33808000,0.36220000,0.33585000,0.35591000,1629282050.00000000,568333941.85917000,1874736
2025-01-15,0.35591000,0.38777000,0.34830000,0.38537000,2004221988.00000000,733657688.16085000,2620129
2025-01-16,0.38537000,0.39021000,0.36761000,0.37649000,1998516270.00000000,756622622.08561000,2844992
2025-01-17,0.37649000,0.42215000,0.37549000,0.41525000,2738492069.00000000,1115256408.68302000,3545433
2025-01-18,0.41525000,0.43408000,0.38355000,0.39641000,3421181167.00000000,1378958336.93383000,4737964
2025-01-19,0.39641000,0.40998000,0.34684000,0.35840000,4843917387.00000000,1834764391.95838000,6649024
2025-01-20,0.35839000,0.38663000,0.34486000,0.35456000,4008416908.00000000,1464688334.34397000,7506636
2025-01-21,0.35456000,0.40382000,0.33572000,0.37177000,4627964135.00000000,1720373097.05309000,6395162
2025-01-22,0.37178000,0.37380000,0.35506000,0.36291000,1430956457.00000000,521463661.03813000,2232684
2025-01-23,0.36291000,0.36457000,0.34143000,0.35206000,1388750799.00000000,488786738.85996000,2719447
2025-01-24,0.35207000,0.36471000,0.34278000,0.35085000,908457597.00000000,323433754.28481000,1712854
2025-01-25,0.35086000,0.36165000,0.34543000,0.35352000,696981516.00000000,245965750.81184000,1303677
2025-01-26,0.35351000,0.35743000,0.33500000,0.33605000,543676770.00000000,189206567.43011000,955459
2025-01-27,0.33604000,0.33714000,0.30510000,0.33397000,2468006517.00000000,792878121.42206000,3456162
2025-01-28,0.33398000,0.33914000,0.31500000,0.31871000,935060400.00000000,308598829.88704000,1551034
2025-01-29,0.31872000,0.33488000,0.31670000,0.32404000,927314997.00000000,303080605.41825000,1635560
2025-01-30,0.32405000,0.33881000,0.32201000,0.33153000,612408768.00000000,203642549.97294000,1007477
2025-01-31,0.33154000,0.34177000,0.32346000,0.32890000,840256101.00000000,278915569.21348000,1397346
2025-02-01,0.32890000,0.33227000,0.30328000,0.30792000,904981799.00000000,286548424.72673000,1293829
2025-02-02,0.30793000,0.31487000,0.25001000,0.26808000,3690220690.00000000,1035985614.18053000,4776744
2025-02-03,0.26809000,0.29295000,0.20178000,0.28485000,7185937771.00000000,1790559906.31330000,8508859
2025-02-04,0.28484000,0.28900000,0.25525000,0.26345000,2848033074.00000000,762527135.23667000,4063289
2025-02-05,0.26346000,0.26914000,0.25333000,0.25619000,965551362.00000000,253215056.83768000,1484319
2025-02-06,0.25617000,0.26596000,0.24274000,0.24789000,1180387671.00000000,299603577.32641000,1702316
2025-02-07,0.24788000,0.26178000,0.23866000,0.24651000,1308847334.00000000,329594919.37527000,1725717
2025-02-08,0.24652000,0.25417000,0.24447000,0.25288000,619823663.00000000,154225681.50542000,889830
2025-02-09,0.25287000,0.26000000,0.23975000,0.24890000,814554626.00000000,204746891.86216000,1006698
2025-02-10,0.24890000,0.25647000,0.24158000,0.25542000,766688250.00000000,192149527.04830000,1251119
2025-02-11,0.25541000,0.27034000,0.24839000,0.25305000,1078655896.00000000,280051924.36632000,1534316
2025-02-12,0.25305000,0.26734000,0.24661000,0.26418000,1235432211.00000000,316487762.91350000,1657623
2025-02-13,0.26419000,0.26718000,0.25333000,0.26245000,899065089.00000000,233401153.68192000,1157657
2025-02-14,0.26245000,0.28676000,0.26078000,0.27180000,1492854024.00000000,405911662.16891000,1921677
2025-02-15,0.27180000,0.28328000,0.26823000,0.27174000,960758429.00000000,264922493.24647000,1372170
2025-02-16,0.27174000,0.27420000,0.26346000,0.26555000,509986721.00000000,136965303.16754000,803591
2025-02-17,0.26555000,0.26885000,0.25369000,0.25819000,800682158.00000000,209432963.93397000,1279968
2025-02-18,0.25819000,0.25987000,0.24214000,0.25137000,904147379.00000000,226036491.78067000,1422615
2025-02-19,0.25137000,0.25550000,0.24890000,0.25480000,540323612.00000000,136588746.53620000,815491
2025-02-20,0.25480000,0.25758000,0.24988000,0.25474000,679347075.00000000,172639962.73133000,891302
2025-02-21,0.25473000,0.26134000,0.23439000,0.23966000,1257218843.00000000,312916477.17762000,1532224
2025-02-22,0.23966000,0.24780000,0.23806000,0.24656000,493482343.00000000,120403319.34912000,658932
2025-02-23,0.24657000,0.24758000,0.24040000,0.24285000,377565511.00000000,92063225.93679000,468711
2025-02-24,0.24285000,0.24397000,0.20600000,0.21043000,1789959320.00000000,402419622.00668000,2206809
2025-02-25,0.21044000,0.21465000,0.19557000,0.21158000,2713765035.00000000,557728589.31699000,4091381
2025-02-26,0.21158000,0.21409000,0.19610000,0.20355000,1645652604.00000000,338946527.90127000,2148453
2025-02-27,0.20355000,0.21159000,0.20101000,0.20687000,905293602.00000000,187430418.19945000,1113295
2025-02-28,0.20688000,0.20727000,0.18154000,0.20184000,2176234758.00000000,418255945.48392000,2525619
2025-03-01,0.20184000,0.20900000,0.19934000,0.20673000,741434272.00000000,151130808.81296000,834588
2025-03-02,0.20673000,0.24218000,0.20169000,0.23931000,2584480057.00000000,575943320.09639000,3017121
2025-03-03,0.23930000,0.24062000,0.19328000,0.19913000,2207270171.00000000,473572136.89300000,3161763
2025-03-04,0.19914000,0.20232000,0.18279000,0.19905000,1930511197.00000000,372416258.08618000,3218523
2025-03-05,0.19905000,0.20664000,0.19610000,0.20471000,1025047570.00000000,206280059.33080000,1439299
2025-03-06,0.20471000,0.22000000,0.19901000,0.20153000,1332609712.00000000,276990269.33018000,1552965
2025-03-07,0.20152000,0.20870000,0.19020000,0.19844000,1260515564.00000000,253054936.29338000,2031165
2025-03-08,0.19843000,0.20086000,0.19109000,0.19234000,525825118.00000000,102751180.06500000,856648
2025-03-09,0.19234000,0.19423000,0.16534000,0.16809000,1725095342.00000000,305365901.83880000,1936561
2025-03-10,0.16810000,0.18095000,0.15040000,0.15408000,2079541710.00000000,344603237.28890000,2585765
2025-03-11,0.15409000,0.16862000,0.14280000,0.16454000,2330429547.00000000,365802872.06050000,2117562
2025-03-12,0.16453000,0.17418000,0.15954000,0.17244000,1301915088.00000000,217031959.50415000,1472990
2025-03-13,0.17244000,0.17296000,0.16172000,0.16523000,1183113846.00000000,199119513.85898000,1194197
2025-03-14,0.16523000,0.17626000,0.16462000,0.17194000,662459642.00000000,113072127.66524000,697453
2025-03-15,0.17194000,0.17786000,0.17121000,0.17594000,510568333.00000000,89180082.01333000,517896
2025-03-16,0.17593000,0.17685000,0.16570000,0.16817000,713266750.00000000,121532099.82696000,858141
2025-03-17,0.16818000,0.17622000,0.16801000,0.17332000,802099247.00000000,138758047.85654000,593054
2025-03-18,0.17333000,0.17349000,0.16275000,0.16802000,825836400.00000000,137745675.32134000,574462
2025-03-19,0.16803000,0.17880000,0.16678000,0.17799000,913703807.00000000,156837287.20563000,889688
2025-03-20,0.17800000,0.17919000,0.16661000,0.16949000,657314712.00000000,113375464.18784000,678606
2025-03-21,0.16948000,0.17158000,0.16468000,0.16727000,465398702.00000000,78109015.37320000,519233
2025-03-22,0.16727000,0.16979000,0.16658000,0.16737000,237045465.00000000,39937400.01828000,235988
2025-03-23,0.16737000,0.17261000,0.16705000,0.17260000,381282237.00000000,64986644.36938000,301925
2025-03-24,0.17261000,0.18908000,0.17068000,0.18300000,1264505768.00000000,228765436.83401000,814428
2025-03-25,0.18299000,0.19362000,0.18084000,0.19062000,1233894825.00000000,232144371.84345000,960307
2025-03-26,0.19063000,0.20585000,0.18932000,0.19490000,1885520558.00000000,373021387.09353000,1148262
2025-03-27,0.19490000,0.20060000,0.18771000,0.19046000,903542797.00000000,175284907.64808000,811855
2025-03-28,0.19047000,0.19290000,0.17721000,0.18024000,975276199.00000000,177993539.25269000,762040
2025-03-29,0.18024000,0.18273000,0.16584000,0.16957000,857181238.00000000,147711573.37524000,639587
2025-03-30,0.16958000,0.17241000,0.16443000,0.16652000,607090738.00000000,102847875.99843000,504964
2025-03-31,0.16653000,0.16839000,0.16005000,0.16666000,929917187.00000000,153349575.96826000,801913
2025-04-01,0.16666000,0.17576000,0.16601000,0.17398000,716923564.00000000,122918945.34790000,682903
2025-04-02,0.17399000,0.18012000,0.16194000,0.16383000,1414422439.00000000,243698923.91399000,1242303
2025-04-03,0.16383000,0.16745000,0.15536000,0.16231000,922293098.00000000,148396648.65448000,783268
2025-04-04,0.16232000,0.17282000,0.15998000,0.17128000,1132035281.00000000,188335416.79289000,912418
2025-04-05,0.17128000,0.17169000,0.16609000,0.16898000,353029433.00000000,59632560.02452000,317278
2025-04-06,0.16898000,0.17004000,0.14582000,0.14927000,1124972687.00000000,175419363.24291000,867457
2025-04-07,0.14927000,0.15407000,0.12986000,0.14958000,3431459634.00000000,489839433.65626000,1859057
2025-04-08,0.14958000,0.15707000,0.14110000,0.14225000,1470208676.00000000,219641089.43977000,957767
2025-04-09,0.14225000,0.16428000,0.13651000,0.16031000,2200425502.00000000,330222223.64164000,1381538
2025-04-10,0.16030000,0.16047000,0.14884000,0.15357000,1151531192.00000000,178515344.46839000,756623
2025-04-11,0.15356000,0.16246000,0.15327000,0.16004000,744302757.00000000,117782396.21245000,623868
2025-04-12,0.16003000,0.16948000,0.15772000,0.16763000,752366796.00000000,123796610.52834000,852389
2025-04-13,0.16764000,0.16868000,0.16101000,0.16260000,748287850.00000000,123262111.91038000,999608
2025-04-14,0.16260000,0.16964000,0.15731000,0.15854000,858750230.00000000,140456563.03223000,1188723
2025-04-15,0.15854000,0.16132000,0.15305000,0.15356000,667877689.00000000,105530057.45472000,921935
2025-04-16,0.15356000,0.15740000,0.15019000,0.15471000,719893202.00000000,110970892.05195000,962540
2025-04-17,0.15472000,0.15946000,0.15298000,0.15588000,426813393.00000000,66706865.11146000,737204
2025-04-18,0.15589000,0.15895000,0.15357000,0.15759000,321695365.00000000,50220942.26590000,505102
2025-04-19,0.15758000,0.16091000,0.15631000,0.15735000,321661103.00000000,50921660.67406000,422081
2025-04-20,0.15735000,0.15959000,0.15247000,0.15526000,453228413.00000000,70486891.29549000,557237
2025-04-21,0.15527000,0.16358000,0.15501000,0.15939000,905017272.00000000,144847784.49215000,1028975
2025-04-22,0.15939000,0.18000000,0.15721000,0.17863000,1468003087.00000000,249065930.86757000,1356193
2025-04-23,0.17864000,0.18545000,0.17491000,0.17864000,1570151007.00000000,283388554.41348000,1480796
2025-04-24,0.17864000,0.18329000,0.16979000,0.18254000,1206412265.00000000,212939719.81706000,1257694
2025-04-25,0.18254000,0.18626000,0.17751000,0.18159000,1241346217.00000000,226049623.92777000,1280054
2025-04-26,0.18159000,0.19300000,0.18015000,0.18192000,1134910916.00000000,210164197.56414000,1141739
2025-04-27,0.18193000,0.18350000,0.17650000,0.17933000,766716256.00000000,138184667.45927000,908225
2025-04-28,0.17932000,0.18276000,0.17377000,0.17907000,971304947.00000000,173100497.11445000,1101235
2025-04-29,0.17908000,0.18076000,0.17242000,0.17466000,772423589.00000000,137288434.53688000,843406
2025-04-30,0.17465000,0.17665000,0.16675000,0.17224000,784175476.00000000,135038835.29398000,904507
2025-05-01,0.17224000,0.18339000,0.17205000,0.18065000,779064123.00000000,139327843.64545000,876652
2025-05-02,0.18065000,0.18447000,0.17919000,0.18151000,638500248.00000000,115947565.79662000,852140
2025-05-03,0.18151000,0.18220000,0.17526000,0.17564000,468278461.00000000,83718326.78156000,491262
2025-05-04,0.17565000,0.17744000,0.16990000,0.17049000,487770520.00000000,84650392.55413000,562162
2025-05-05,0.17048000,0.17465000,0.16827000,0.17062000,487205270.00000000,83343024.00357000,721858
2025-05-06,0.17062000,0.17260000,0.16426000,0.17219000,596670817.00000000,100200602.33929000,825007
2025-05-07,0.17220000,0.17445000,0.16901000,0.17202000,528808392.00000000,90937705.63149000,742530
2025-05-08,0.17201000,0.19842000,0.17173000,0.19817000,1741876403.00000000,324738527.34210000,1838580
2025-05-09,0.19818000,0.21450000,0.19299000,0.20530000,2079031356.00000000,423507376.21799000,2179148
2025-05-10,0.20530000,0.25098000,0.20336000,0.25063000,2356324644.00000000,536013762.92766000,2091831
2025-05-11,0.25062000,0.25970000,0.22211000,0.23181000,2657615086.00000000,630967755.05094000,2226011
2025-05-12,0.23181000,0.25341000,0.22011000,0.23101000,3356354027.00000000,801909719.27557000,3663635
2025-05-13,0.23102000,0.24309000,0.21736000,0.24078000,1894212060.00000000,435202800.36901000,1643148
2025-05-14,0.24078000,0.24759000,0.22813000,0.23278000,1349205954.00000000,319738849.69610000,1221499
2025-05-15,0.23279000,0.23676000,0.21374000,0.21939000,1613975945.00000000,362767842.00985000,1355315
2025-05-16,0.21940000,0.23095000,0.21797000,0.22111000,991509008.00000000,223536369.09258000,845856
2025-05-17,0.22111000,0.22225000,0.21074000,0.21457000,867614251.00000000,187308735.24686000,849009
2025-05-18,0.21458000,0.23779000,0.21402000,0.23304000,1589243100.00000000,360024073.27071000,1373019
2025-05-19,0.23309000,0.23581000,0.21388000,0.22445000,1467077135.00000000,324304109.90827000,1089047
2025-05-20,0.22446000,0.23080000,0.21768000,0.22625000,1188057201.00000000,265615543.04725000,1075439
2025-05-21,0.22626000,0.23813000,0.22266000,0.23404000,1894442857.00000000,435133856.51108000,2074400
2025-05-22,0.23404000,0.24579000,0.23383000,0.24558000,1616956272.00000000,389242417.98554000,1792018
2025-05-23,0.24559000,0.25441000,0.22304000,0.22521000,2250495384.00000000,538713663.32888000,2073439
2025-05-24,0.22521000,0.23041000,0.22355000,0.22512000,689220139.00000000,156871983.81910000,987169
2025-05-25,0.22512000,0.22645000,0.21567000,0.22491000,909550724.00000000,200536737.97606000,998489
2025-05-26,0.22491000,0.23036000,0.22250000,0.22596000,641865425.00000000,145306388.11551000,824833
2025-05-27,0.22596000,0.23216000,0.21965000,0.22598000,805405021.00000000,182829286.90899000,954287
2025-05-28,0.22599000,0.22785000,0.21678000,0.22096000,681513510.00000000,151211286.12714000,777705
2025-05-29,0.22096000,0.22798000,0.21402000,0.21487000,903435947.00000000,200334712.13194000,931110
2025-05-30,0.21487000,0.21648000,0.19061000,0.19357000,1863217282.00000000,378088955.39609000,1647719
2025-05-31,0.19358000,0.19551000,0.18555000,0.19251000,1086259533.00000000,206757211.71244000,1278908
2025-06-01,0.19251000,0.19485000,0.18640000,0.19363000,544186058.00000000,103797947.05727000,732704
2025-06-02,0.19364000,0.19642000,0.18846000,0.19507000,602359395.00000000,115481800.96922000,772763
2025-06-03,0.19507000,0.20051000,0.19141000,0.19311000,712519938.00000000,139828681.17278000,774951
2025-06-04,0.19311000,0.19705000,0.18703000,0.18812000,462365003.00000000,89135081.41012000,616007
2025-06-05,0.18811000,0.19248000,0.16800000,0.17105000,1346305437.00000000,240663393.60467000,1179336
2025-06-06,0.17106000,0.18446000,0.16943000,0.17878000,1096946331.00000000,194045010.43752000,1055698
2025-06-07,0.17878000,0.18870000,0.17776000,0.18511000,579947806.00000000,106791753.35600000,652441
2025-06-08,0.18510000,0.18699000,0.18046000,0.18418000,475018993.00000000,87349714.24146000,540355
2025-06-09,0.18417000,0.19612000,0.18022000,0.19490000,861702676.00000000,161089652.22207000,882811
2025-06-10,0.19490000,0.19876000,0.18880000,0.19850000,982365029.00000000,190270395.55173000,1088920
2025-06-11,0.19851000,0.20672000,0.19125000,0.19294000,1122709648.00000000,223875578.80856000,1240200
2025-06-12,0.19294000,0.19368000,0.18000000,0.18110000,932640491.00000000,174841531.94321000,946392
2025-06-13,0.18111000,0.18148000,0.16987000,0.18040000,1429961655.00000000,249668927.40139000,1339133
2025-06-14,0.18041000,0.18044000,0.17459000,0.17824000,541713685.00000000,96124075.57769000,526423
2025-06-15,0.17825000,0.17871000,0.17142000,0.17553000,569564407.00000000,99974979.73445000,514942
2025-06-16,0.17554000,0.18115000,0.17209000,0.17272000,899995493.00000000,159364978.81491000,799500
2025-06-17,0.17271000,0.17612000,0.16392000,0.16936000,902753834.00000000,153673765.57628000,915047
2025-06-18,0.16936000,0.17222000,0.16405000,0.17068000,679592519.00000000,114472417.50859000,698726
2025-06-19,0.17069000,0.17204000,0.16773000,0.17092000,338033103.00000000,57431118.95570000,366382
2025-06-20,0.17091000,0.17197000,0.15839000,0.16234000,952028188.00000000,157797955.46659000,795644
2025-06-21,0.16235000,0.16436000,0.15025000,0.15448000,693909616.00000000,109095337.87256000,637337
2025-06-22,0.15448000,0.15769000,0.14270000,0.15129000,1801536004.00000000,269882943.13846000,1283994
2025-06-23,0.15128000,0.16525000,0.14861000,0.16376000,1060150458.00000000,164783738.40813000,929449
2025-06-24,0.16377000,0.16767000,0.16167000,0.16571000,889346979.00000000,145959726.94280000,707835
2025-06-25,0.16572000,0.16770000,0.16253000,0.16459000,678023426.00000000,112029950.75805000,599099
2025-06-26,0.16458000,0.16809000,0.15792000,0.16001000,764621210.00000000,123832331.85516000,634090
2025-06-27,0.16002000,0.16307000,0.15704000,0.16104000,436840031.00000000,70141716.92711000,491220
2025-06-28,0.16105000,0.16500000,0.16040000,0.16363000,289205475.00000000,47034141.95458000,258428
2025-06-29,0.16362000,0.17006000,0.16259000,0.16944000,417646869.00000000,69213297.78465000,362849
2025-06-30,0.16945000,0.16993000,0.16222000,0.16518000,654158261.00000000,108362081.89976000,568225
2025-07-01,0.16518000,0.16632000,0.15674000,0.15778000,506350958.00000000,81428337.38272000,469441
2025-07-02,0.15779000,0.17268000,0.15655000,0.16869000,848237954.00000000,141531663.38009000,720234
2025-07-03,0.16868000,0.17542000,0.16740000,0.17201000,1014473641.00000000,174700056.05308000,780009
2025-07-04,0.17201000,0.17296000,0.16128000,0.16288000,756939150.00000000,125718537.37578000,639270
2025-07-05,0.16289000,0.16507000,0.16190000,0.16421000,292791372.00000000,47934203.04523000,278827
2025-07-06,0.16422000,0.17524000,0.16313000,0.17196000,879979321.00000000,149398052.76918000,630424
2025-07-07,0.17196000,0.17719000,0.16569000,0.16792000,859968572.00000000,146923845.88670000,761246
2025-07-08,0.16793000,0.17200000,0.16589000,0.17094000,560967350.00000000,94974536.73373000,525701
2025-07-09,0.17094000,0.18661000,0.16991000,0.18053000,1188196945.00000000,209208452.04026000,956099
2025-07-10,0.18053000,0.19641000,0.17874000,0.19507000,1146142109.00000000,212625646.90915000,1040881
2025-07-11,0.19508000,0.21366000,0.19115000,0.20103000,2460231517.00000000,498563890.68926000,2282243
2025-07-12,0.20103000,0.20654000,0.19190000,0.19742000,940327860.00000000,186848469.34616000,1096622
2025-07-13,0.19741000,0.20412000,0.19576000,0.19855000,820805906.00000000,163802067.08440000,986034
2025-07-14,0.19855000,0.21097000,0.19464000,0.19749000,1622802447.00000000,330347085.43806000,1600771
2025-07-15,0.19748000,0.19934000,0.18842000,0.19919000,1313854511.00000000,253628308.24066000,1435520
2025-07-16,0.19920000,0.22073000,0.19553000,0.21270000,1785566132.00000000,368001986.87784000,1641646
2025-07-17,0.21269000,0.22236000,0.20660000,0.21826000,2133077927.00000000,455996121.20446000,2766474
2025-07-18,0.21826000,0.25420000,0.21618000,0.23580000,4213195060.00000000,1003528632.67305000,5075861
2025-07-19,0.23580000,0.25777000,0.23558000,0.24143000,2332570036.00000000,576656743.32139000,3395448
2025-07-20,0.24142000,0.27830000,0.23998000,0.27375000,3391965164.00000000,882595774.69651000,4360513
2025-07-21,0.27375000,0.28750000,0.26428000,0.27142000,3119210733.00000000,856718613.92868000,4117679
2025-07-22,0.27142000,0.27492000,0.25735000,0.27093000,2192290786.00000000,582380262.79653000,3292199
2025-07-23,0.27094000,0.27108000,0.23050000,0.24083000,2256299182.00000000,561110090.39725000,3087294
2025-07-24,0.24078000,0.24665000,0.22176000,0.23218000,2290016087.00000000,540995396.21605000,2737843
2025-07-25,0.23219000,0.23697000,0.22085000,0.23673000,1957938127.00000000,446832437.42233000,1817403
2025-07-26,0.23673000,0.24029000,0.23296000,0.23543000,733863730.00000000,174064427.82114000,917292
2025-07-27,0.23544000,0.24372000,0.23432000,0.24071000,1038317435.00000000,247866861.56982000,1168179
2025-07-28,0.24071000,0.24859000,0.22426000,0.22615000,1620312126.00000000,384585889.28529000,1626873
2025-07-29,0.22616000,0.23276000,0.21744000,0.22392000,1192564427.00000000,268659829.49662000,1379363
2025-07-30,0.22392000,0.22655000,0.20900000,0.21999000,1217881143.00000000,266285612.51686000,1324787
2025-07-31,0.21998000,0.22566000,0.20814000,0.20974000,843884315.00000000,183965767.27791000,1003149
2025-08-01,0.20975000,0.21250000,0.19583000,0.20097000,1936437804.00000000,397578220.30481000,1612569
2025-08-02,0.20098000,0.20352000,0.18944000,0.19098000,1340154059.00000000,262590864.62308000,1318455
2025-08-03,0.19098000,0.20047000,0.18845000,0.19876000,743628957.00000000,145995992.51874000,822856
2025-08-04,0.19875000,0.21127000,0.19850000,0.21039000,1016575695.00000000,207193074.34464000,969213
2025-08-05,0.21038000,0.21106000,0.19602000,0.19981000,844023791.00000000,171261936.42343000,1012835
2025-08-06,0.19982000,0.20716000,0.19560000,0.20524000,624926690.00000000,125769302.51841000,724785
2025-08-07,0.20525000,0.22304000,0.20331000,0.22228000,1122885382.00000000,238459586.04281000,934938
2025-08-08,0.22228000,0.23254000,0.21953000,0.23039000,1206447226.00000000,270909957.44395000,1291917
2025-08-09,0.23039000,0.24676000,0.22972000,0.23995000,1460081482.00000000,348718501.41256000,1525089
2025-08-10,0.23995000,0.24348000,0.22941000,0.23385000,1100909731.00000000,259095647.38236000,967778
2025-08-11,0.23385000,0.24179000,0.22117000,0.22207000,1438550271.00000000,334164812.68073000,1352563
2025-08-12,0.22208000,0.23835000,0.21865000,0.23582000,1379181817.00000000,314305490.77185000,1389484
2025-08-13,0.23582000,0.25058000,0.23132000,0.24482000,2104113623.00000000,509995375.47661000,1847383
2025-08-14,0.24483000,0.25574000,0.21578000,0.22382000,3238378909.00000000,756542920.91445000,2623172
2025-08-15,0.22381000,0.23299000,0.22006000,0.22886000,1696292315.00000000,385423338.94535000,1920983
2025-08-16,0.22885000,0.23622000,0.22522000,0.23115000,1061437464.00000000,245340768.57232000,1285014
2025-08-17,0.23115000,0.24259000,0.22835000,0.23456000,1209978791.00000000,284394057.56920000,1348556
2025-08-18,0.23457000,0.23553000,0.21992000,0.22262000,1827107692.00000000,408916113.87339000,1970079
2025-08-19,0.22262000,0.22567000,0.20869000,0.20943000,1798094261.00000000,389054666.70365000,2248123
2025-08-20,0.20944000,0.22287000,0.20747000,0.22169000,2102107149.00000000,450073909.23134000,1783951
2025-08-21,0.22168000,0.22450000,0.21388000,0.21473000,983634414.00000000,215301640.49663000,997564
2025-08-22,0.21473000,0.24222000,0.20828000,0.24054000,2470614941.00000000,560893726.16404000,1880029
2025-08-23,0.24054000,0.24090000,0.22902000,0.23631000,1383693143.00000000,326140492.77971000,967764
2025-08-24,0.23631000,0.24496000,0.22761000,0.23182000,1758616432.00000000,411239251.64081000,1404492
2025-08-25,0.23182000,0.23459000,0.20585000,0.20965000,2157373271.00000000,471504088.95554000,1714738
2025-08-26,0.20965000,0.21999000,0.20711000,0.21839000,1261490195.00000000,267962242.60181000,1136069
2025-08-27,0.21839000,0.22388000,0.21606000,0.21892000,1293545133.00000000,285219670.68846000,1043076
2025-08-28,0.21891000,0.22597000,0.21668000,0.22437000,958072860.00000000,213147433.77123000,851792
2025-08-29,0.22438000,0.22539000,0.20977000,0.21391000,1424776798.00000000,307430560.88607000,972672
2025-08-30,0.21391000,0.21885000,0.21126000,0.21595000,538763691.00000000,116090587.04342000,472818
2025-08-31,0.21595000,0.22134000,0.21327000,0.21371000,490963065.00000000,106889059.29161000,486900
2025-09-01,0.21371000,0.21988000,0.20476000,0.21073000,1522561758.00000000,323216732.96328000,1214090
2025-09-02,0.21074000,0.21557000,0.20658000,0.21489000,1031360496.00000000,218454942.67994000,922930
2025-09-03,0.21489000,0.22351000,0.21249000,0.22030000,824904593.00000000,179440183.47100000,699534
2025-09-04,0.22030000,0.22111000,0.21047000,0.21241000,689472854.00000000,148219588.38683000,591177
2025-09-05,0.21241000,0.22097000,0.21182000,0.21788000,1176623712.00000000,255141089.22739000,799000
2025-09-06,0.21788000,0.21888000,0.21225000,0.21595000,482954635.00000000,103997609.16899000,360232
2025-09-07,0.21595000,0.22926000,0.21568000,0.22877000,882527071.00000000,196435261.83628000,535216
2025-09-08,0.22876000,0.24413000,0.22653000,0.24164000,1683689246.00000000,396211227.97660000,1155660
2025-09-09,0.24165000,0.24952000,0.23359000,0.24063000,1932725888.00000000,466290114.35660000,1492602
2025-09-10,0.24063000,0.24868000,0.23618000,0.24536000,1344178632.00000000,325747007.89310000,1027231
2025-09-11,0.24535000,0.25699000,0.24228000,0.25603000,1760794865.00000000,440156880.23980000,1458157
2025-09-12,0.25604000,0.27860000,0.25481000,0.27550000,2082678041.00000000,553334736.42513000,1832176
2025-09-13,0.27550000,0.30684000,0.27266000,0.28938000,4015592199.00000000,1167713347.86586000,3392820
2025-09-14,0.28937000,0.29510000,0.27270000,0.27796000,2428234193.00000000,688582622.28456000,2171509
2025-09-15,0.27795000,0.28205000,0.25862000,0.26831000,2516149434.00000000,672793645.18847000,2112096
2025-09-16,0.26830000,0.27204000,0.25700000,0.26995000,1849895166.00000000,491815282.79188000,1720821
2025-09-17,0.26994000,0.28384000,0.26045000,0.28256000,2009871469.00000000,541864114.63870000,2073070
2025-09-18,0.28257000,0.28879000,0.27559000,0.27857000,1751271695.00000000,493411319.02706000,1762586
2025-09-19,0.27856000,0.28492000,0.26312000,0.26527000,1436428172.00000000,390484196.42366000,1400662
2025-09-20,0.26526000,0.26947000,0.26300000,0.26759000,710812856.00000000,189155698.10730000,794706
2025-09-21,0.26758000,0.26965000,0.26031000,0.26074000,710044749.00000000,188307837.94746000,805968
2025-09-22,0.26074000,0.26239000,0.23067000,0.24122000,2981639624.00000000,724740626.96639000,2237838
2025-09-23,0.24123000,0.24389000,0.23402000,0.23709000,1428526604.00000000,342759368.19628000,1347302
2025-09-24,0.23709000,0.25057000,0.23098000,0.24107000,1685738370.00000000,405814680.39375000,1469745
2025-09-25,0.24107000,0.24197000,0.22046000,0.22292000,2241106701.00000000,515218699.01015000,1933925
2025-09-26,0.22292000,0.23331000,0.22134000,0.23244000,1426204065.00000000,323547021.81998000,1374518
2025-09-27,0.23244000,0.23431000,0.22780000,0.23077000,566664585.00000000,130738857.58556000,604913
2025-09-28,0.23077000,0.23768000,0.22500000,0.23735000,630215145.00000000,145083386.61014000,718014
2025-09-29,0.23735000,0.23896000,0.22862000,0.23478000,968604652.00000000,226412299.55434000,1043096
2025-09-30,0.23478000,0.23592000,0.22630000,0.23293000,761018697.00000000,176002119.97493000,1038031
2025-10-01,0.23294000,0.24921000,0.23034000,0.24906000,1175210733.00000000,284146170.38218000,1196321
2025-10-02,0.24906000,0.26414000,0.24670000,0.26200000,1386592793.00000000,354337073.29459000,1631413
2025-10-03,0.26201000,0.26534000,0.25274000,0.25819000,1381551315.00000000,356895475.20819000,1588814
2025-10-04,0.25819000,0.25979000,0.24670000,0.25084000,885524209.00000000,223172746.52590000,956054
2025-10-05,0.25085000,0.26518000,0.24953000,0.25284000,1454155392.00000000,375343385.06292000,1501952
2025-10-06,0.25283000,0.27044000,0.25057000,0.26603000,1517510251.00000000,398221535.62705000,1650855
2025-10-07,0.26604000,0.26831000,0.24622000,0.24682000,1838407762.00000000,472158118.28653000,1792338
2025-10-08,0.24681000,0.26110000,0.24291000,0.25564000,1276623512.00000000,321688079.17086000,1378571
2025-10-09,0.25565000,0.25593000,0.24099000,0.24849000,1415402413.00000000,349529058.82390000,1410249
2025-10-10,0.24850000,0.25403000,0.09500000,0.19349000,6030550997.00000000,1219139327.47886000,5176557
2025-10-11,0.19348000,0.20048000,0.17816000,0.18527000,4960779079.00000000,950618505.36174000,3794087
2025-10-12,0.18527000,0.21421000,0.18072000,0.20717000,3290490159.00000000,656520684.11004000,2515164
2025-10-13,0.20717000,0.21830000,0.20188000,0.21380000,2645862967.00000000,554840730.14391000,2290327
2025-10-14,0.21380000,0.21565000,0.19330000,0.20437000,2781575747.00000000,561157934.54856000,2922946
2025-10-15,0.20436000,0.20853000,0.19420000,0.19621000,1356303348.00000000,272550379.38898000,1773407
2025-10-16,0.19621000,0.20150000,0.18469000,0.18850000,1903922965.00000000,368375709.42337000,2360389
2025-10-17,0.18850000,0.19114000,0.17555000,0.18470000,1800990961.00000000,328520532.36343000,2384521
2025-10-18,0.18471000,0.19057000,0.18426000,0.18962000,586500546.00000000,110030658.32596000,734133
2025-10-19,0.18961000,0.19861000,0.18600000,0.19535000,1044321198.00000000,201455017.39781000,1165044
2025-10-20,0.19534000,0.20249000,0.19168000,0.20000000,1140819006.00000000,227058568.27568000,1289248
2025-10-21,0.20000000,0.20563000,0.19201000,0.19427000,1456441398.00000000,288958818.23350000,1699566
2025-10-22,0.19427000,0.19544000,0.18467000,0.18993000,1335843365.00000000,254789363.78925000,1665330
2025-10-23,0.18993000,0.19745000,0.18959000,0.19493000,940124512.00000000,182467433.02111000,960482
2025-10-24,0.19492000,0.20095000,0.19391000,0.19775000,762978840.00000000,150122766.36847000,777606
2025-10-25,0.19774000,0.19985000,0.19595000,0.19652000,680294016.00000000,134628322.50121000,457707
2025-10-26,0.19651000,0.20742000,0.19465000,0.20577000,909622908.00000000,183148344.98835000,770417
2025-10-27,0.20577000,0.20953000,0.19887000,0.20038000,1010297382.00000000,206851053.00370000,1036931
2025-10-28,0.20038000,0.20311000,0.19006000,0.19362000,1128616251.00000000,223153868.71805000,1271442
2025-10-29,0.19362000,0.19728000,0.18710000,0.19237000,1276743754.00000000,246724528.94368000,1433067
2025-10-30,0.19237000,0.19460000,0.17642000,0.18268000,1657462065.00000000,305638364.92490000,1956543
2025-10-31,0.18268000,0.18816000,0.18228000,0.18644000,693564340.00000000,128531571.40372000,880427
2025-11-01,0.18644000,0.18837000,0.18512000,0.18736000,381304623.00000000,71209659.96216000,422093
2025-11-02,0.18736000,0.18884000,0.18172000,0.18638000,422142934.00000000,78224426.82371000,544434
2025-11-03,0.18639000,0.18666000,0.16017000,0.16741000,2233966267.00000000,381967727.87220000,2350318
2025-11-04,0.16741000,0.17110000,0.15159000,0.16223000,3239546286.00000000,523039971.28713000,4022396
2025-11-05,0.16224000,0.16886000,0.15456000,0.16719000,1450649552.00000000,237866129.35671000,1995705
2025-11-06,0.16718000,0.16780000,0.15693000,0.16164000,991019158.00000000,160882419.07310000,1587215
2025-11-07,0.16164000,0.18166000,0.15960000,0.17877000,1612295661.00000000,274447812.14544000,2514764
2025-11-08,0.17877000,0.18332000,0.17300000,0.17605000,1232860279.00000000,220196788.27929000,1809853
2025-11-09,0.17605000,0.18158000,0.17123000,0.17930000,824680933.00000000,145583477.48335000,1263036
2025-11-10,0.17930000,0.18575000,0.17722000,0.18179000,1123195034.00000000,203326142.68801000,1766819
2025-11-11,0.18178000,0.18640000,0.17154000,0.17206000,1194191122.00000000,212793476.02652000,1736558
2025-11-12,0.17207000,0.17855000,0.16721000,0.17018000,974860769.00000000,168173143.30219000,1465940
2025-11-13,0.17018000,0.17766000,0.16000000,0.16384000,1568645541.00000000,265963501.79588000,2233294
2025-11-14,0.16383000,0.16628000,0.15472000,0.15765000,1838238578.00000000,297423027.04033000,2502044
2025-11-15,0.15765000,0.16482000,0.15721000,0.16316000,673862028.00000000,109410937.29115000,903438
2025-11-16,0.16316000,0.16563000,0.15360000,0.15857000,1032632939.00000000,164446278.80501000,1460110
2025-11-17,0.15856000,0.16510000,0.15066000,0.15214000,1608346754.00000000,253950192.51438000,2145355
2025-11-18,0.15214000,0.16294000,0.14943000,0.16173000,1453866633.00000000,227011193.46541000,1803750
2025-11-19,0.16172000,0.16250000,0.14712000,0.15460000,1411295703.00000000,218131668.74551000,1806737
2025-11-20,0.15459000,0.15972000,0.14623000,0.14892000,1600374682.00000000,245907244.87903000,2008160
2025-11-21,0.14892000,0.15109000,0.13321000,0.14029000,2835442265.00000000,397756816.83951000,3499278
2025-11-22,0.14029000,0.14240000,0.13549000,0.14027000,978144036.00000000,135288111.48891000,1479305
2025-11-23,0.14027000,0.14775000,0.13966000,0.14500000,846522905.00000000,122133108.03203000,1053125
2025-11-24,0.14500000,0.15397000,0.14279000,0.15181000,1133652374.00000000,167653300.62482000,1600326
2025-11-25,0.15180000,0.15504000,0.14585000,0.15301000,936141701.00000000,140700452.77329000,1174781
2025-11-26,0.15301000,0.15681000,0.14862000,0.15474000,858785986.00000000,131087713.76661000,1018475
2025-11-27,0.15473000,0.15559000,0.15210000,0.15264000,442592040.00000000,68040858.20601000,581336
2025-11-28,0.15264000,0.15554000,0.14825000,0.15017000,708146301.00000000,107095802.04868000,926224
2025-11-29,0.15016000,0.15095000,0.14725000,0.14837000,301506106.00000000,44925679.58414000,409185
2025-11-30,0.14837000,0.15059000,0.14588000,0.14599000,359178345.00000000,53548691.72101000,457849
2025-12-01,0.14599000,0.14637000,0.13177000,0.13547000,1194651951.00000000,163990841.14855000,1472485
2025-12-02,0.13546000,0.14783000,0.13443000,0.14577000,805736367.00000000,114537885.31766000,1069841
2025-12-03,0.14578000,0.15340000,0.14520000,0.15166000,900651276.00000000,134838064.56002000,1035539
2025-12-04,0.15167000,0.15320000,0.14557000,0.14739000,637362886.00000000,95182658.60535000,842424
2025-12-05,0.14739000,0.14838000,0.13722000,0.13956000,719213185.00000000,102375567.22146000,938298
2025-12-06,0.13956000,0.14076000,0.13836000,0.13975000,312444302.00000000,43631044.40816000,412351
2025-12-07,0.13976000,0.14291000,0.13486000,0.13867000,638350242.00000000,88448350.64566000,849601
2025-12-08,0.13868000,0.14505000,0.13799000,0.14259000,637568327.00000000,90888154.74413000,919954
2025-12-09,0.14260000,0.15319000,0.13942000,0.14797000,993044372.00000000,145567168.96872000,1235272
2025-12-10,0.14796000,0.15031000,0.14235000,0.14332000,770619026.00000000,112877219.37327000,1243644
2025-12-11,0.14332000,0.14360000,0.13623000,0.14033000,829996639.00000000,115122620.90269000,1074716
2025-12-12,0.14034000,0.14155000,0.13428000,0.13692000,532296809.00000000,73478361.65309000,805252
2025-12-13,0.13692000,0.14002000,0.13691000,0.13905000,215402184.00000000,29842107.60600000,362734
2025-12-14,0.13906000,0.13925000,0.13261000,0.13408000,446980516.00000000,60561975.03456000,616398
2025-12-15,0.13407000,0.13845000,0.12661000,0.12975000,784404436.00000000,103760387.97440000,1310628
2025-12-16,0.12975000,0.13305000,0.12716000,0.13179000,537676555.00000000,70278117.09634000,1047737
2025-12-17,0.13179000,0.13631000,0.12481000,0.12633000,818900138.00000000,106165185.13010000,1429160
2025-12-18,0.12633000,0.13072000,0.11993000,0.12207000,1170003699.00000000,146269162.40867000,1639224
2025-12-19,0.12207000,0.13353000,0.12056000,0.13222000,886504087.00000000,113723980.36218000,1297588
2025-12-20,0.13222000,0.13261000,0.13069000,0.13194000,256897701.00000000,33842068.50028000,345971
2025-12-21,0.13193000,0.13342000,0.12871000,0.13112000,315017725.00000000,41161056.16240000,561601
2025-12-22,0.13113000,0.13540000,0.12952000,0.13258000,578553795.00000000,76773375.92192000,1098065
2025-12-23,0.13258000,0.13369000,0.12789000,0.12928000,507414870.00000000,66083836.74020000,832612
2025-12-24,0.12929000,0.13038000,0.12651000,0.12856000,335694754.00000000,43001950.02828000,584106
2025-12-25,0.12855000,0.12909000,0.12300000,0.12365000,418798463.00000000,52978871.95817000,535964
2025-12-26,0.12364000,0.12752000,0.12064000,0.12211000,719882140.00000000,89239314.19039000,881797
2025-12-27,0.12211000,0.12492000,0.12193000,0.12435000,242221247.00000000,29801690.22024000,300811
2025-12-28,0.12435000,0.12490000,0.12277000,0.12393000,221394199.00000000,27434653.70300000,296777
2025-12-29,0.12394000,0.12805000,0.12228000,0.12288000,673526124.00000000,84263156.10882000,819860
2025-12-30,0.12288000,0.12537000,0.12240000,0.12336000,627500697.00000000,77819799.98121000,536882
2025-12-31,0.12335000,0.12381000,0.11612000,0.11747000,670335608.00000000,80135267.84825000,564325
2026-01-01,0.11747000,0.12750000,0.11742000,0.12683000,886565713.00000000,109222807.65797000,732788
2026-01-02,0.12682000,0.14498000,0.12592000,0.14188000,2240031844.00000000,301880200.64810000,2227286
2026-01-03,0.14187000,0.14451000,0.13914000,0.14315000,1027895793.00000000,146034233.39091000,1049478
2026-01-04,0.14314000,0.15418000,0.14278000,0.14953000,1371022860.00000000,206060792.29788000,1852562
2026-01-05,0.14952000,0.15450000,0.14581000,0.15171000,1115045910.00000000,167321227.96250000,1820724
2026-01-06,0.15171000,0.15656000,0.14352000,0.15055000,1272318747.00000000,190733595.84774000,1981622
2026-01-07,0.15055000,0.15405000,0.14487000,0.14642000,797102416.00000000,118316149.78390000,1389926
2026-01-08,0.14642000,0.14777000,0.13800000,0.14194000,959509517.00000000,136352793.37517000,1484439
2026-01-09,0.14195000,0.14462000,0.13825000,0.14071000,703610941.00000000,99368656.28199000,1199113
2026-01-10,0.14070000,0.14072000,0.13904000,0.13965000,219649749.00000000,30755979.35387000,328469
2026-01-11,0.13965000,0.14120000,0.13585000,0.13801000,419409403.00000000,58090364.37931000,625549
2026-01-12,0.13801000,0.14237000,0.13492000,0.13662000,721042880.00000000,99590291.64411000,1330250
2026-01-13,0.13661000,0.15095000,0.13626000,0.14828000,962128224.00000000,137700404.73251000,1316054
2026-01-14,0.14828000,0.15133000,0.14562000,0.14718000,873212059.00000000,129478917.44994000,1283982
2026-01-15,0.14719000,0.14721000,0.13881000,0.14004000,785586188.00000000,111954090.23683000,1089532
2026-01-16,0.14005000,0.14045000,0.13510000,0.13813000,990841345.00000000,136644568.93140000,840282
2026-01-17,0.13813000,0.14003000,0.13682000,0.13788000,343127679.00000000,47431412.01649000,404198
2026-01-18,0.13788000,0.13835000,0.13133000,0.13164000,479039950.00000000,65010668.85132000,617973
2026-01-19,0.13163000,0.13163000,0.12000000,0.12916000,1347363841.00000000,171112347.27312000,1306614
2026-01-20,0.12917000,0.12934000,0.12178000,0.12336000,794330118.00000000,99645234.24613000,1091120
2026-01-21,0.12336000,0.12884000,0.12029000,0.12654000,942674775.00000000,117620449.73392000,1389867
2026-01-22,0.12653000,0.12794000,0.12322000,0.12437000,424956417.00000000,53357861.99130000,696418
2026-01-23,0.12437000,0.12788000,0.12203000,0.12477000,533582852.00000000,66655838.82565000,843058
2026-01-24,0.12478000,0.12494000,0.12291000,0.12423000,168690655.00000000,20957716.10475000,221239
2026-01-25,0.12422000,0.12435000,0.11764000,0.11945000,644477476.00000000,77738981.03316000,764548
2026-01-26,0.11945000,0.12381000,0.11924000,0.12236000,708086997.00000000,86361407.30227000,785399
2026-01-27,0.12236000,0.12666000,0.12139000,0.12619000,704522307.00000000,87039828.82422000,761291
2026-01-28,0.12620000,0.12775000,0.12372000,0.12500000,651222550.00000000,81771631.94224000,792974
2026-01-29,0.12500000,0.12525000,0.11440000,0.11728000,1189313828.00000000,140656491.76514000,1152266
2026-01-30,0.11729000,0.11871000,0.11217000,0.11581000,1164836231.00000000,134166968.39185000,1513685
2026-01-31,0.11582000,0.11593000,0.09461000,0.10426000,2462959641.00000000,258114346.50166000,2351739
2026-02-01,0.10426000,0.10685000,0.10103000,0.10426000,1128141338.00000000,117912128.72529000,1526153
2026-02-02,0.10427000,0.11056000,0.09955000,0.10792000,1604582722.00000000,167945160.16619000,2198095
2026-02-03,0.10791000,0.11053000,0.10226000,0.10602000,1614342566.00000000,172598524.73871000,1830028
2026-02-04,0.10602000,0.10947000,0.10127000,0.10383000,1322881491.00000000,139066982.28450000,1728093
2026-02-05,0.10383000,0.10477000,0.08675000,0.08849000,3166815594.00000000,300880029.88840000,3783582
2026-02-06,0.08848000,0.10211000,0.08001000,0.09848000,2894496776.00000000,264062397.69446000,3200222
2026-02-07,0.09847000,0.09948000,0.09472000,0.09823000,1448690461.00000000,140960623.39996000,1419343
2026-02-08,0.09823000,0.09902000,0.09510000,0.09663000,616525440.00000000,60038530.16109000,843738
2026-02-09,0.09663000,0.09748000,0.09243000,0.09611000,682487562.00000000,65036532.79777000,916460
2026-02-10,0.09612000,0.09657000,0.09182000,0.09277000,497491627.00000000,46577224.48477000,731248
2026-02-11,0.09277000,0.09362000,0.08790000,0.09112000,788143970.00000000,71416512.93377000,1056084
2026-02-12,0.09113000,0.09455000,0.09069000,0.09300000,647408732.00000000,59886781.13044000,847022
2026-02-13,0.09299000,0.09764000,0.09179000,0.09667000,727434615.00000000,69152340.90265000,701710
2026-02-14,0.09668000,0.11383000,0.09630000,0.11104000,1350008258.00000000,142481721.99147000,1232085
2026-02-15,0.11104000,0.11757000,0.10155000,0.10269000,2260569216.00000000,251358678.60656000,2210913
2026-02-16,0.10268000,0.10360000,0.09850000,0.10102000,1011576182.00000000,102601192.71794000,1158131
2026-02-17,0.10103000,0.10360000,0.09836000,0.10066000,813594093.00000000,81791588.56452000,992675
2026-02-18,0.10067000,0.10230000,0.09749000,0.09855000,540244921.00000000,54061793.28440000,780323
2026-02-19,0.09855000,0.09924000,0.09551000,0.09837000,628133019.00000000,61364130.36333000,775293
2026-02-20,0.09836000,0.10244000,0.09566000,0.10011000,879726429.00000000,87475574.71295000,1052097
2026-02-21,0.10011000,0.10098000,0.09840000,0.09841000,366330724.00000000,36546500.94811000,433431
2026-02-22,0.09842000,0.09855000,0.09457000,0.09558000,393579573.00000000,37913900.94865000,450697
2026-02-23,0.09559000,0.09760000,0.09145000,0.09266000,885845121.00000000,83326543.64038000,1079495
2026-02-24,0.09267000,0.09360000,0.08996000,0.09137000,690018269.00000000,63291370.41416000,841983
2026-02-25,0.09138000,0.10618000,0.09090000,0.10095000,1467184174.00000000,145945867.17479000,1622695
2026-02-26,0.10095000,0.10170000,0.09540000,0.09701000,796682755.00000000,78678758.50825000,1088677
2026-02-27,0.09702000,0.09911000,0.09198000,0.09337000,688625162.00000000,65836479.61970000,882478
2026-02-28,0.09337000,0.09500000,0.08771000,0.09405000,1263091942.00000000,114525214.80442000,1296760
2026-03-01,0.09406000,0.09788000,0.09056000,0.09190000,1025310501.00000000,96619318.75648000,1108289
2026-03-02,0.09190000,0.09771000,0.09080000,0.09356000,939663669.00000000,88600859.84502000,1169244
2026-03-03,0.09356000,0.09385000,0.08847000,0.08997000,1057244496.00000000,95698611.05617000,1190127
2026-03-04,0.08998000,0.10434000,0.08859000,0.09893000,2260563245.00000000,218706278.43243000,2097069
2026-03-05,0.09893000,0.09924000,0.09275000,0.09356000,1069888791.00000000,102466483.54141000,1128319
2026-03-06,0.09356000,0.09441000,0.09000000,0.09129000,871355799.00000000,80056712.30538000,681217
2026-03-07,0.09129000,0.09213000,0.08927000,0.08993000,443785459.00000000,40126795.51676000,311150
2026-03-08,0.08993000,0.09133000,0.08666000,0.08915000,834121407.00000000,74195726.86505000,624797
2026-03-09,0.08914000,0.09283000,0.08900000,0.09049000,996650758.00000000,90618107.25605000,796926
2026-03-10,0.09048000,0.10046000,0.09033000,0.09452000,1835766129.00000000,176216399.29186000,1347361
2026-03-11,0.09452000,0.09509000,0.09120000,0.09288000,1179985494.00000000,109772578.96679000,821484
2026-03-12,0.09289000,0.09586000,0.09180000,0.09475000,829896186.00000000,77947460.63539000,736588
2026-03-13,0.09474000,0.10199000,0.09454000,0.09596000,1677294975.00000000,164706201.27397000,1250525
2026-03-14,0.09596000,0.09643000,0.09400000,0.09604000,645440544.00000000,61431547.30614000,377156
2026-03-15,0.09605000,0.09809000,0.09445000,0.09738000,811760787.00000000,77968888.08746000,555193
2026-03-16,0.09738000,0.10375000,0.09704000,0.10304000,2122489632.00000000,214102653.72698000,1430274
2026-03-17,0.10304000,0.10449000,0.09830000,0.10015000,1140650949.00000000,115188171.54234000,871019
2026-03-18,0.10015000,0.10185000,0.09328000,0.09526000,1318080266.00000000,127138507.76042000,900412
2026-03-19,0.09526000,0.09609000,0.09177000,0.09354000,734075989.00000000,68874087.18295000,579114
2026-03-20,0.09353000,0.09541000,0.09287000,0.09416000,514985689.00000000,48460656.90013000,468079
2026-03-21,0.09417000,0.09499000,0.09061000,0.09135000,403560564.00000000,37682102.27571000,275786
2026-03-22,0.09133000,0.09287000,0.08916000,0.09015000,726682148.00000000,66191312.50356000,527107
2026-03-23,0.09015000,0.09578000,0.08925000,0.09415000,1021392653.00000000,95162738.04752000,902311
2026-03-24,0.09416000,0.09562000,0.09245000,0.09510000,602456245.00000000,56638900.40693000,551196
2026-03-25,0.09511000,0.09796000,0.09441000,0.09618000,801581697.00000000,77341717.65324000,547461
2026-03-26,0.09618000,0.09627000,0.09056000,0.09205000,847613271.00000000,78254414.59101000,554824
2026-03-27,0.09205000,0.09271000,0.08930000,0.09011000,534311702.00000000,48343465.70778000,439905
2026-03-28,0.09010000,0.09533000,0.08969000,0.09100000,662603823.00000000,61277477.10663000,447079
2026-03-29,0.09099000,0.09169000,0.08800000,0.09045000,432289764.00000000,39061544.70514000,388856
2026-03-30,0.09046000,0.09394000,0.09026000,0.09083000,808515385.00000000,74693442.89290000,594298
2026-03-31,0.09084000,0.09284000,0.08937000,0.09232000,727310486.00000000,66417355.37075000,612790
2026-04-01,0.09232000,0.09453000,0.09160000,0.09219000,641844567.00000000,59649716.61121000,544213
2026-04-02,0.09218000,0.09273000,0.08899000,0.09040000,672578495.00000000,60736275.79050000,622542
2026-04-03,0.09040000,0.09259000,0.08992000,0.09156000,390119550.00000000,35666042.12850000,336481
2026-04-04,0.09155000,0.09312000,0.09073000,0.09207000,294338905.00000000,27008020.37718000,218160
2026-04-05,0.09206000,0.09244000,0.08971000,0.09238000,446283605.00000000,40490382.22638000,307330
2026-04-06,0.09239000,0.09362000,0.08993000,0.09061000,786154494.00000000,72475376.24702000,580348
2026-04-07,0.09060000,0.09606000,0.09005000,0.09492000,1070228638.00000000,99035215.43523000,627510
2026-04-08,0.09492000,0.09560000,0.09213000,0.09240000,827978693.00000000,77973313.82005000,569201
2026-04-09,0.09240000,0.09499000,0.09091000,0.09260000,802899034.00000000,74101271.16613000,551882
2026-04-10,0.09259000,0.09529000,0.09192000,0.09368000,701107655.00000000,65618644.96664000,519067
2026-04-11,0.09369000,0.09489000,0.09224000,0.09309000,526565984.00000000,49167820.48518000,355709
2026-04-12,0.09309000,0.09326000,0.09028000,0.09084000,762424475.00000000,69548173.35383000,412404
2026-04-13,0.09085000,0.09437000,0.09069000,0.09411000,907826579.00000000,83838639.83903000,492570
2026-04-14,0.09411000,0.09805000,0.09239000,0.09297000,1316956334.00000000,124757682.64605000,840570
2026-04-15,0.09297000,0.09679000,0.09257000,0.09488000,643749772.00000000,60629234.04494000,521461
2026-04-16,0.09489000,0.09988000,0.09449000,0.09921000,1593856365.00000000,155091554.66684000,986725
2026-04-17,0.09921000,0.10218000,0.09671000,0.09941000,1377548839.00000000,137323312.14745000,951714
2026-04-18,0.09940000,0.09976000,0.09410000,0.09479000,904717066.00000000,87582285.44545000,534498
2026-04-19,0.09480000,0.09643000,0.09255000,0.09302000,1088500058.00000000,102887224.53967000,614169
2026-04-20,0.09303000,0.09609000,0.09290000,0.09521000,741757963.00000000,70244453.18055000,487866
2026-04-21,0.09521000,0.09600000,0.09356000,0.09518000,511817527.00000000,48642184.57973000,409404
2026-04-22,0.09519000,0.09860000,0.09487000,0.09565000,856611555.00000000,83252827.38061000,534855
2026-04-23,0.09564000,0.09803000,0.09516000,0.09714000,913044373.00000000,88045741.52634000,528922
2026-04-24,0.09714000,0.09957000,0.09682000,0.09843000,980704980.00000000,96061390.59027000,522455
2026-04-25,0.09842000,0.09910000,0.09738000,0.09800000,495014209.00000000,48659362.72102000,292249
2026-04-26,0.09799000,0.09994000,0.09748000,0.09922000,571675655.00000000,56421478.13645000,348327
2026-04-27,0.09922000,0.10086000,0.09694000,0.09895000,877426665.00000000,86520853.44241000,564277
2026-04-28,0.09894000,0.10103000,0.09806000,0.09935000,1086723968.00000000,108069697.51631000,598040
2026-04-29,0.09934000,0.11200000,0.09924000,0.10408000,2813781661.00000000,295279733.19680000,1861994
2026-04-30,0.10407000,0.10841000,0.10397000,0.10650000,1455486372.00000000,154830765.54775000,1200862
2026-05-01,0.10650000,0.11055000,0.10641000,0.10853000,1132037099.00000000,123195114.15324000,837703
2026-05-02,0.10853000,0.10936000,0.10714000,0.10851000,560055038.00000000,60676972.12805000,396905
2026-05-03,0.10851000,0.10966000,0.10715000,0.10830000,438082060.00000000,47447560.16786000,352260
2026-05-04,0.10829000,0.11383000,0.10765000,0.11010000,1439454344.00000000,159762285.72690000,1123336
2026-05-05,0.11011000,0.11651000,0.10996000,0.11484000,926194501.00000000,104613470.94501000,688205
2026-05-06,0.11485000,0.11706000,0.11133000,0.11245000,1240583624.00000000,141944439.95265000,990118
2026-05-07,0.11245000,0.11300000,0.10670000,0.10783000,1201358248.00000000,132126320.07908000,810316
2026-05-08,0.10784000,0.10968000,0.10560000,0.10952000,948389168.00000000,101758140.34851000,650955
2026-05-09,0.10953000,0.11139000,0.10809000,0.10874000,508440229.00000000,55916008.08328000,455362
2026-05-10,0.10874000,0.11286000,0.10643000,0.11246000,984615271.00000000,108131083.66190000,767277
2026-05-11,0.11246000,0.11276000,0.10839000,0.11132000,1032275387.00000000,113945040.66166000,1009232
2026-05-12,0.11131000,0.11160000,0.10752000,0.11015000,802321163.00000000,88041214.20006000,709143
2026-05-13,0.11016000,0.11472000,0.10965000,0.11269000,1489300612.00000000,167470309.48134000,1030159
2026-05-14,0.11269000,0.11861000,0.11197000,0.11546000,2332580424.00000000,267889917.81362000,1507052
2026-05-15,0.11545000,0.11749000,0.11072000,0.11336000,1333730327.00000000,151913659.41462000,1100735
2026-05-16,0.11335000,0.11348000,0.10775000,0.10937000,759047957.00000000,83524548.07839000,601009
2026-05-17,0.10937000,0.11281000,0.10562000,0.10899000,673710336.00000000,73919613.27787000,631779
2026-05-18,0.10899000,0.10910000,0.10252000,0.10477000,1219654280.00000000,128448497.09726000,1004422
2026-05-19,0.10477000,0.10554000,0.10266000,0.10300000,423915585.00000000,44138899.65225000,482581
2026-05-20,0.10299000,0.10497000,0.10190000,0.10371000,455852701.00000000,47193870.41005000,462611
2026-05-21,0.10372000,0.10652000,0.10367000,0.10568000,605897147.00000000,63756280.16563000,570796
2026-05-22,0.10567000,0.10682000,0.10152000,0.10234000,547931305.00000000,57459133.15590000,542878
2026-05-23,0.10234000,0.10510000,0.09736000,0.10307000,924406103.00000000,93473064.46678000,636451
2026-05-24,0.10308000,0.10394000,0.10055000,0.10227000,357856031.00000000,36691971.50934000,350149
2026-05-25,0.10228000,0.10380000,0.10165000,0.10214000,330994207.00000000,34002701.27051000,337072
2026-05-26,0.10214000,0.10386000,0.10028000,0.10105000,507086642.00000000,51611599.06424000,483479
2026-05-27,0.10104000,0.10339000,0.09930000,0.10049000,554489214.00000000,56297666.09902000,566312
2026-05-28,0.10049000,0.10084000,0.09646000,0.09957000,727919690.00000000,71783482.38605000,812635
2026-05-29,0.09956000,0.10120000,0.09744000,0.09970000,475502201.00000000,47355476.24623000,551807
2026-05-30,0.09971000,0.10183000,0.09949000,0.10061000,382974258.00000000,38695157.87433000,376507
2026-05-31,0.10061000,0.10144000,0.09909000,0.10041000,344396404.00000000,34572356.84987000,470822
2026-06-01,0.10042000,0.10158000,0.09780000,0.10110000,844219508.00000000,84393984.60759000,915218
2026-06-02,0.10110000,0.10129000,0.09117000,0.09275000,1320706697.00000000,127301947.73349000,1157492
2026-06-03,0.09275000,0.09454000,0.09057000,0.09139000,765862550.00000000,71092951.43885000,778880
2026-06-04,0.09139000,0.09188000,0.08579000,0.08858000,1344505491.00000000,119402551.59174000,1390849
2026-06-05,0.08857000,0.08880000,0.07900000,0.08148000,2086387933.00000000,173654430.12854000,2047064
2026-06-06,0.08149000,0.08304000,0.07766000,0.08192000,920383836.00000000,74373411.37337000,1062369
2026-06-07,0.08192000,0.08756000,0.08165000,0.08628000,798462700.00000000,67549025.89400000,813524
2026-06-08,0.08627000,0.08754000,0.08436000,0.08634000,579300457.00000000,49887987.22242000,669455
2026-06-09,0.08635000,0.08675000,0.08316000,0.08479000,751462433.00000000,64007037.71402000,715711
2026-06-10,0.08479000,0.08547000,0.08183000,0.08294000,544153044.00000000,45580893.90549000,659937
2026-06-11,0.08295000,0.08708000,0.08295000,0.08608000,572443022.00000000,48852769.51371000,519077
2026-06-12,0.08608000,0.09247000,0.08505000,0.08598000,1192652821.00000000,105071030.74693000,979394
2026-06-13,0.08599000,0.08883000,0.08580000,0.08788000,472710981.00000000,41329482.80186000,362309
2026-06-14,0.08787000,0.08913000,0.08568000,0.08889000,435300445.00000000,38009571.87175000,403857
2026-06-15,0.08889000,0.09092000,0.08780000,0.08814000,908797015.00000000,81198447.43131000,770545
2026-06-16,0.08814000,0.08909000,0.08622000,0.08717000,611917694.00000000,53563337.58718000,522068
2026-06-17,0.08717000,0.08812000,0.08464000,0.08593000,442139446.00000000,38242164.73199000,547912
2026-06-18,0.08592000,0.08657000,0.08184000,0.08352000,397361030.00000000,33252569.17197000,463987
2026-06-19,0.08351000,0.08396000,0.08188000,0.08357000,236070733.00000000,19563593.82388000,314886
2026-06-20,0.08356000,0.08434000,0.08262000,0.08370000,226228321.00000000,18923599.27979000,243974
2026-06-21,0.08371000,0.08387000,0.08214000,0.08224000,185654593.00000000,15449889.23390000,195206
2026-06-22,0.08223000,0.08509000,0.08188000,0.08247000,333771656.00000000,27852045.51534000,386312
2026-06-23,0.08248000,0.08271000,0.07830000,0.07889000,607222855.00000000,48451712.05443000,510909
2026-06-24,0.07889000,0.07981000,0.07280000,0.07612000,868902397.00000000,66076013.44924000,751886
2026-06-25,0.07613000,0.07750000,0.07145000,0.07491000,694712534.00000000,51837704.61694000,725725
2026-06-26,0.07490000,0.07614000,0.07212000,0.07580000,667660680.00000000,49696091.00843000,627773
2026-06-27,0.07580000,0.07644000,0.07408000,0.07450000,278936304.00000000,21061535.89219000,244171
2026-06-28,0.07450000,0.07470000,0.07216000,0.07320000,332456869.00000000,24504883.58297000,324909
2026-06-29,0.07320000,0.07429000,0.07196000,0.07344000,443343754.00000000,32393131.47522000,573214
2026-06-30,0.07344000,0.07358000,0.06952000,0.07208000,726037488.00000000,51831808.52303000,518360
2026-07-01,0.07208000,0.07399000,0.07050000,0.07222000,466300009.00000000,33681738.00916000,477214
2026-07-02,0.07222000,0.07556000,0.07168000,0.07418000,574486768.00000000,42385080.69291000,466822
2026-07-03,0.07418000,0.07848000,0.07393000,0.07754000,536616675.00000000,40772434.54032000,474009
2026-07-04,0.07754000,0.07938000,0.07652000,0.07766000,473877176.00000000,36748525.84681000,375170
2026-07-05,0.07766000,0.07883000,0.07531000,0.07787000,388692032.00000000,29867509.25653000,346873
2026-07-06,0.07788000,0.07835000,0.07437000,0.07666000,629235388.00000000,48105859.20866000,598947
2026-07-07,0.07666000,0.07702000,0.07360000,0.07418000,429575107.00000000,32222195.14335000,442438
2026-07-08,0.07419000,0.07448000,0.07101000,0.07243000,460956654.00000000,33315216.05907000,458942
2026-07-09,0.07242000,0.07357000,0.07198000,0.07289000,309017476.00000000,22467457.73138000,305826
2026-07-10,0.07290000,0.07468000,0.07266000,0.07412000,292452275.00000000,21640425.93451000,286708
2026-07-11,0.07411000,0.07560000,0.07319000,0.07321000,256812815.00000000,19173272.38343000,203736
2026-07-12,0.07320000,0.07389000,0.07228000,0.07272000,257601710.00000000,18842607.63920000,220766
2026-07-13,0.07272000,0.07417000,0.07092000,0.07197000,306017434.00000000,22080547.85037000,353601
2026-07-14,0.07198000,0.07538000,0.07144000,0.07445000,483802404.00000000,35664572.11020000,337146
2026-07-15,0.07444000,0.07525000,0.07336000,0.07409000,552650320.00000000,40972169.56957000,333094
2026-07-16,0.07409000,0.07450000,0.07212000,0.07236000,305474948.00000000,22415866.71430000,262943
2026-07-17,0.07236000,0.07298000,0.07100000,0.07256000,328210716.00000000,23641776.81526000,293484
2026-07-18,0.07256000,0.07281000,0.07194000,0.07253000,135501700.00000000,9804091.41618000,107003
2026-07-19,0.07254000,0.07285000,0.07169000,0.07243000,161071995.00000000,11659097.04118000,151825
2026-07-20,0.07243000,0.07359000,0.07109000,0.07219000,540533970.00000000,39133492.92697000,376238
2026-07-21,0.07218000,0.07384000,0.07191000,0.07339000,416248681.00000000,30487448.57767000,266131
2026-07-22,0.07339000,0.07390000,0.07209000,0.07299000,429889870.00000000,31327482.96045000,275815
2026-07-23,0.07300000,0.07324000,0.06839000,0.06920000,860224459.00000000,60585976.10537000,384012
2026-07-24,0.06921000,0.07016000,0.06820000,0.06957000,589505023.00000000,40806469.43531000,293655
2026-07-25,0.06957000,0.07368000,0.06916000,0.07172000,609428822.00000000,43504476.77617000,327625
2026-07-26,0.07172000,0.07404000,0.07160000,0.07338000,498633848.00000000,36427356.77450000,337590
2026-07-27,0.07339000,0.07355000,0.07011000,0.07038000,442613304.00000000,31897395.24428000,367786
2026-07-28,0.07037000,0.07144000,0.06923000,0.07089000,452272258.00000000,31781932.63513000,317674
2026-07-29,0.07089000,0.07123000,0.06882000,0.07014000,467781816.00000000,32929801.92501000,346871
2026-07-30,0.07015000,0.07104000,0.06963000,0.07059000,358529919.00000000,25209207.83438000,238107
2026-07-31,0.07060000,0.07101000,0.06846000,0.06962000,399868806.00000000,27865420.54597000,289994
2026-08-01,0.06962000,0.07032000,0.06766000,0.06914000,277265653.00000000,19226049.61840000,185114
2026-08-02,0.06915000,0.07147000,0.06913000,0.07081000,275865277.00000000,19418062.53664000,173770
2026-08-03,0.07082000,0.07095000,0.06900000,0.07023000,324544536.00000000,22688310.37542000,207111
2026-08-04,0.07022000,0.07071000,0.06978000,0.07007000,211371708.00000000,14856096.05789000,159066
2026-08-05,0.07006000,0.07056000,0.06928000,0.07004000,250077956.00000000,17504101.38018000,182062
2026-08-06,0.07005000,0.07018000,0.06822000,0.06909000,249420076.00000000,17253389.88875000,196832
2026-08-07,0.06909000,0.07034000,0.06873000,0.06965000,352362631.00000000,24467478.52994000,195795
2026-08-08,0.06964000,0.07157000,0.06956000,0.07043000,251548479.00000000,17789478.01623000,148556
2026-08-09,0.07042000,0.07096000,0.06923000,0.06935000,233143006.00000000,16364268.91759000,122096
2026-08-10,0.06934000,0.07024000,0.06906000,0.06970000,234397307.00000000,16355903.47848000,193270
2026-08-11,0.06970000,0.07315000,0.06961000,0.07190000,538371542.00000000,38240358.58079000,329722
2026-08-12,0.07190000,0.07254000,0.06889000,0.06969000,504433955.00000000,35804364.17536000,312083
2026-08-13,0.06969000,0.07085000,0.06951000,0.07019000,281005317.00000000,19717106.52125000,169056
2026-08-14,0.07018000,0.07038000,0.06921000,0.07007000,208161794.00000000,14519310.36054000,129701
2026-08-15,0.07008000,0.07055000,0.06951000,0.06961000,135464878.00000000,9490158.62177000,75992
2026-08-16,0.06961000,0.07018000,0.06904000,0.06960000,166384201.00000000,11608479.17686000,88905
2026-08-17,0.06960000,0.07060000,0.06947000,0.07041000,272659554.00000000,19148121.91435000,135085
2026-08-18,0.07042000,0.07055000,0.06961000,0.07026000,259293157.00000000,18174349.18613000,135146
2026-08-19,0.07027000,0.07640000,0.06987000,0.07504000,957193763.00000000,70024408.29802000,520777
2026-08-20,0.07504000,0.08355000,0.07445000,0.08047000,1531623566.00000000,120043502.61924000,1068927
2026-08-21,0.08046000,0.09472000,0.08029000,0.09155000,1956029005.00000000,167919744.94275000,1917577
2026-08-22,0.09155000,0.10080000,0.08300000,0.09188000,2571977086.00000000,237285702.72974000,2681620
2026-08-23,0.09187000,0.09454000,0.08873000,0.09342000,1059113610.00000000,97424964.72299000,973530
2026-08-24,0.09342000,0.09364000,0.08800000,0.09011000,1142610267.00000000,104113222.17941000,1040266
2026-08-25,0.09011000,0.09309000,0.08483000,0.08570000,949673213.00000000,85136102.36504000,1001851
2026-08-26,0.08569000,0.08783000,0.08385000,0.08770000,608118981.00000000,52248197.59576000,667151
2026-08-27,0.08769000,0.09000000,0.08622000,0.08914000,690821674.00000000,61015807.24427000,729464
2026-08-28,0.08914000,0.09033000,0.08381000,0.08524000,723847996.00000000,62786545.23634000,760114
2026-08-29,0.08525000,0.08571000,0.08418000,0.08529000,278519008.00000000,23655995.94542000,221953
2026-08-30,0.08530000,0.08650000,0.08081000,0.08205000,605824305.00000000,51170293.92498000,469048
2026-08-31,0.08205000,0.08398000,0.08142000,0.08285000,450812194.00000000,37276394.95823000,462196
2026-09-01,0.08285000,0.08396000,0.08070000,0.08167000,543052897.00000000,44792022.97760000,457046
2026-09-02,0.08168000,0.08211000,0.08013000,0.08176000,611965866.00000000,49732627.97762000,459719
2026-09-03,0.08176000,0.08999000,0.08116000,0.08782000,1150372230.00000000,99368187.96200000,884395
2026-09-04,0.08782000,0.08836000,0.08378000,0.08477000,964991378.00000000,82921449.15517000,645599
2026-09-05,0.08478000,0.09515000,0.08402000,0.08969000,1309951167.00000000,116943810.69465000,812717
2026-09-06,0.08969000,0.09203000,0.08770000,0.09092000,971109911.00000000,87583315.46342000,573427
2026-09-07,0.09092000,0.09188000,0.08855000,0.09051000,794197819.00000000,71576877.91049000,696127
2026-09-08,0.09051000,0.09170000,0.08800000,0.09005000,887314635.00000000,79820145.06435000,751438
2026-09-09,0.09004000,0.09159000,0.08481000,0.08616000,862306550.00000000,76824550.65639000,735101
2026-09-10,0.08617000,0.08628000,0.08229000,0.08291000,798455668.00000000,67499946.06778000,615799
2026-09-11,0.08291000,0.08830000,0.08230000,0.08430000,765989052.00000000,64922149.56737000,762928
2026-09-12,0.08431000,0.08538000,0.08409000,0.08483000,270087269.00000000,22896923.93304000,180630
2026-09-13,0.08482000,0.08521000,0.08209000,0.08240000,337258301.00000000,28254156.00968000,295856
2026-09-14,0.08240000,0.08616000,0.08191000,0.08366000,572877444.00000000,48221927.62403000,504956
2026-09-15,0.08365000,0.08399000,0.07841000,0.08008000,833539138.00000000,67922184.99442000,601422
2026-09-16,0.08009000,0.08103000,0.07831000,0.08091000,665234907.00000000,53050841.38608000,490651
2026-09-17,0.08091000,0.08255000,0.08045000,0.08172000,496331726.00000000,40384092.44723000,326663
2026-09-18,0.08172000,0.08870000,0.08138000,0.08747000,1272989435.00000000,109636711.54569000,612760
2026-09-19,0.08747000,0.09135000,0.08649000,0.08772000,1007618917.00000000,89269635.22320000,569206
2026-09-20,0.08773000,0.08795000,0.08434000,0.08730000,789022390.00000000,67914405.71838000,489112
2026-09-21,0.08730000,0.10211000,0.08722000,0.09986000,2743282312.00000000,261132883.34748000,1797749
2026-09-22,0.09987000,0.10589000,0.09716000,0.10044000,2247772946.00000000,225481255.80870000,1576536
2026-09-23,0.10044000,0.10438000,0.09113000,0.09272000,1973352444.00000000,192205481.17435000,1283889
2026-09-24,0.09273000,0.09750000,0.09141000,0.09579000,1038301219.00000000,98207104.29953000,843541
2026-09-25,0.09578000,0.09984000,0.09456000,0.09897000,1070344623.00000000,104142521.49220000,921783
2026-09-26,0.09896000,0.09971000,0.09530000,0.09673000,519278704.00000000,50746561.78344000,439524
2026-09-27,0.09674000,0.09893000,0.09526000,0.09690000,708339640.00000000,68807221.60588000,528102
2026-09-28,0.09689000,0.09784000,0.09153000,0.09396000,1118713339.00000000,105119995.10640000,932780
2026-09-29,0.09395000,0.09638000,0.09178000,0.09389000,681304254.00000000,64180754.30915000,630578
2026-09-30,0.09390000,0.09819000,0.09287000,0.09456000,864327480.00000000,82317736.86043000,642419
2026-10-01,0.09456000,0.09612000,0.09350000,0.09437000,543350350.00000000,51416954.06312000,444108
2026-10-02,0.09436000,0.09796000,0.09031000,0.09293000,1127007223.00000000,106607464.22099000,640808
2026-10-03,0.09294000,0.09364000,0.09243000,0.09282000,300100980.00000000,27911884.49271000,155435
2026-10-04,0.09282000,0.09760000,0.09252000,0.09591000,592410098.00000000,56229379.40938000,310917
2026-10-05,0.09591000,0.09719000,0.09379000,0.09542000,562565375.00000000,53876318.57131000,362463
