date,open,high,low,close,volume,quote_volume,trades
2021-04-17,41.39310000,48.36000000,41.37000000,42.05770000,17205151.16000000,769188816.56312700,1016855
2021-04-18,42.05680000,42.70510000,32.00000000,37.36300000,25846971.85000000,943946817.10662300,1226865
2021-04-19,37.36230000,38.70070000,34.00000000,34.73730000,11880828.89000000,431036843.28209600,570302
2021-04-20,34.73710000,35.75080000,31.55420000,35.41330000,14345901.28000000,484353519.55610500,649553
2021-04-21,35.41120000,36.31720000,33.02610000,33.79530000,11604140.78000000,403597433.40564800,556688
2021-04-22,33.77140000,36.76350000,32.80000000,32.95710000,17785821.28000000,610095103.54060500,756767
2021-04-23,32.94700000,33.49980000,26.63550000,32.23230000,25328983.32000000,762835610.75233900,973517
2021-04-24,32.24020000,32.40260000,28.53000000,28.96290000,12019207.50000000,364599179.84303500,519054
2021-04-25,28.98190000,31.30000000,28.10000000,29.83000000,7392943.06500000,219859456.15583800,393744
2021-04-26,29.83000000,33.47300000,29.75500000,33.40000000,12586853.23900000,406292770.16975600,580304
2021-04-27,33.39600000,34.94000000,33.14100000,34.84500000,10126562.83700000,344820727.25708300,560936
2021-04-28,34.84500000,35.38900000,32.56600000,33.97200000,9168443.63800000,309130585.04784800,466275
2021-04-29,33.96800000,36.00000000,32.96600000,35.97900000,8746880.38800000,297473292.67080900,452188
2021-04-30,35.97900000,36.81100000,35.08700000,36.52200000,11153636.93700000,402233061.54452300,669188
2021-05-01,36.51100000,37.46000000,35.80000000,36.90800000,7426793.56800000,272383069.92068900,382683
2021-05-02,36.90400000,37.17900000,35.48500000,36.62600000,6899280.73600000,251080965.18714300,332879
2021-05-03,36.62000000,38.30000000,36.57100000,37.25000000,8437636.15800000,315957386.32020900,477568
2021-05-04,37.24900000,37.93100000,34.36600000,34.77700000,13221688.84700000,476098662.84580500,652790
2021-05-05,34.77800000,40.76100000,34.52200000,40.42200000,15940781.37100000,608061480.87200300,805191
2021-05-06,40.42300000,43.90000000,37.98000000,41.58800000,19626530.96700000,798053897.00578800,1035825
2021-05-07,41.56400000,42.80000000,38.34000000,39.86400000,13673656.08900000,558699479.80082900,725188
2021-05-08,39.86900000,40.64600000,38.69300000,39.89900000,7174506.87600000,285102867.78640900,377129
2021-05-09,39.89800000,40.55800000,38.20000000,40.30000000,9941002.39900000,392861624.84722300,488152
2021-05-10,40.30900000,41.85000000,32.05900000,36.48800000,15156271.81200000,579552858.26016900,846716
2021-05-11,36.48800000,38.68300000,35.52900000,38.63700000,10529252.62100000,389349189.31851500,584502
2021-05-12,38.63800000,42.47200000,33.74000000,35.12800000,19203754.05900000,753241875.69623700,1170503
2021-05-13,35.12900000,41.86900000,33.00000000,39.98800000,32382529.91600000,1259980989.40105000,1773815
2021-05-14,39.98200000,48.00000000,39.38100000,47.97900000,25755875.95900000,1115211607.38265600,1616221
2021-05-15,47.97000000,49.78000000,42.72300000,43.64300000,29713880.38700000,1388383218.23868800,1797562
2021-05-16,43.63800000,46.72200000,39.27700000,42.43600000,19390116.79300000,833077765.00723000,1223333
2021-05-17,42.42600000,42.47100000,35.10000000,38.69300000,22756823.56700000,882657845.17087700,1224424
2021-05-18,38.69100000,42.59800000,37.65300000,40.59500000,18784123.60700000,752887130.43129300,1013748
2021-05-19,40.60300000,41.40300000,18.00000000,25.04400000,76760027.40800000,2291132124.04264800,2861458
2021-05-20,25.04400000,31.28800000,21.20000000,28.95800000,46079545.70900000,1257703487.65461200,1636510
2021-05-21,28.94400000,30.99900000,20.00000000,24.39900000,49259719.83200000,1238361810.32491200,1583433
2021-05-22,24.38600000,24.60000000,20.31400000,22.05700000,32371263.63100000,731634044.27419000,1138932
2021-05-23,22.05000000,23.46500000,13.63800000,17.91200000,65071228.80300000,1149967076.48579100,1725613
2021-05-24,17.91300000,23.48200000,17.09800000,23.26100000,43581078.15200000,886775294.95693600,1296303
2021-05-25,23.26700000,24.21700000,19.65000000,22.16000000,34789720.03200000,752653508.70467100,1090363
2021-05-26,22.14900000,24.77100000,21.60300000,24.52800000,26085513.26500000,608535711.88343100,1012784
2021-05-27,24.52900000,24.94600000,21.74700000,23.98200000,22582359.51700000,529696592.58529000,840356
2021-05-28,23.98700000,26.22000000,20.00000000,21.35000000,40752090.28800000,917643869.20834700,1408650
2021-05-29,21.34900000,22.31900000,18.77900000,19.86800000,20620470.34700000,423929772.95227600,733877
2021-05-30,19.88100000,21.35600000,18.41600000,20.46500000,17307772.37500000,351190236.37865200,624064
2021-05-31,20.46000000,23.45000000,19.06000000,23.26400000,21593146.82000000,458802954.18754200,761763
2021-06-01,23.27300000,23.53900000,21.60000000,22.84000000,18793956.11000000,422557506.32442300,753367
2021-06-02,22.84000000,26.87000000,22.64900000,25.91600000,24489800.10200000,605825207.88255200,1241891
2021-06-03,25.91300000,28.60000000,25.67300000,27.00400000,22096623.21900000,602717323.42321600,1274565
2021-06-04,27.00500000,27.01900000,23.60500000,24.98800000,23200131.88100000,576239612.88829000,985149
2021-06-05,24.99100000,26.40000000,22.93300000,23.77100000,15159286.35600000,374681469.69526800,882820
2021-06-06,23.77200000,24.50100000,23.43300000,24.18400000,8542620.37100000,205312976.91218600,346779
2021-06-07,24.18900000,25.28300000,21.30000000,21.68600000,16728777.96000000,399742774.08120700,671363
2021-06-08,21.68600000,22.29100000,19.60000000,21.65000000,22854699.75600000,483168687.02567900,879284
2021-06-09,21.64300000,23.33500000,20.36100000,23.21400000,17895882.48300000,391614110.23073900,690842
2021-06-10,23.21600000,24.60000000,22.04200000,22.68300000,18698941.75200000,439960346.80035300,745905
2021-06-11,22.68000000,23.20600000,20.48700000,20.95000000,12851416.71200000,283090536.03217000,596002
2021-06-12,20.94500000,21.26200000,19.50000000,20.74200000,12547282.80300000,255877618.40563300,484353
2021-06-13,20.74200000,22.41200000,19.92800000,22.04000000,9398764.59700000,197377445.44934400,379717
2021-06-14,22.04100000,26.02600000,21.23300000,25.85800000,23122012.59000000,550314633.62272400,1171223
2021-06-15,25.85800000,26.00900000,23.51400000,23.94200000,17728382.39900000,435871196.88529800,1147831
2021-06-16,23.94200000,24.58400000,22.49100000,23.03300000,13836266.10300000,323846736.22670600,676924
2021-06-17,23.02800000,24.00000000,22.00000000,22.53300000,10290433.23700000,237609364.61046100,615026
2021-06-18,22.53600000,22.56600000,20.20500000,21.43200000,10556068.52800000,225950111.32640800,430147
2021-06-19,21.43200000,21.63200000,20.21500000,20.22200000,7447145.38800000,156251669.56151700,403723
2021-06-20,20.22100000,21.00000000,18.87100000,20.61700000,11045346.05400000,220052173.84030600,539850
2021-06-21,20.61600000,20.79400000,15.35000000,15.70700000,27185128.19700000,477391628.29364000,917502
2021-06-22,15.71100000,16.93600000,13.00000000,14.68800000,42443370.02800000,630210885.68101500,1009364
2021-06-23,14.68400000,16.80000000,13.96300000,15.79200000,24268090.26800000,385602939.87880600,600231
2021-06-24,15.79400000,16.60900000,14.72400000,16.22300000,14150471.66500000,224047083.17419300,360698
2021-06-25,16.22400000,16.74200000,14.41400000,14.42200000,15832639.42800000,243056713.02811500,403261
2021-06-26,14.42400000,14.98100000,13.61600000,14.51100000,13921587.23800000,197443771.13155800,325801
2021-06-27,14.50700000,15.02700000,14.03000000,15.01000000,10035136.20700000,145778526.72327500,249715
2021-06-28,15.00800000,16.02600000,14.58400000,15.79400000,12407568.94800000,189313240.24857200,335027
2021-06-29,15.79300000,17.02900000,15.71400000,16.30000000,15069027.29100000,247808283.58744700,462292
2021-06-30,16.30500000,16.62800000,15.08600000,16.40200000,13522533.23200000,213838895.64613600,370783
2021-07-01,16.40000000,16.41100000,14.85000000,15.17400000,10239264.11800000,158039674.62286400,259546
2021-07-02,15.17300000,15.45500000,14.62200000,15.28900000,7898912.74400000,118430782.24945200,197774
2021-07-03,15.28800000,15.75200000,15.01900000,15.52000000,7020623.72700000,108331681.09089600,182181
2021-07-04,15.52300000,16.57500000,15.16200000,15.97500000,8386779.84100000,133389986.68341100,243305
2021-07-05,15.97400000,15.97500000,14.50000000,15.22800000,10609352.57700000,162657727.58044700,266936
2021-07-06,15.22900000,16.19100000,15.19400000,16.13500000,12531769.00700000,196619994.80244900,340803
2021-07-07,16.12700000,17.66800000,16.08500000,16.86100000,18479476.98500000,311827864.94247800,624612
2021-07-08,16.86200000,16.89300000,14.99000000,15.31700000,13613806.66300000,214205225.43808900,440875
2021-07-09,15.31100000,15.91800000,14.82000000,15.68100000,8527447.53200000,131365587.88921900,228112
2021-07-10,15.68100000,15.99900000,15.03800000,15.27600000,7361515.05100000,113392501.11478000,173321
2021-07-11,15.27700000,15.70800000,15.13800000,15.49500000,5220591.25600000,80696309.86437500,133143
2021-07-12,15.49500000,15.65000000,14.38100000,14.84500000,7384762.29000000,111467155.29354900,193377
2021-07-13,14.84500000,15.09900000,14.01100000,14.19000000,7000669.87100000,101259769.69148600,183421
2021-07-14,14.19100000,14.22700000,13.16400000,13.80100000,11240723.80800000,153459912.06713400,300231
2021-07-15,13.79800000,14.10800000,12.73900000,13.09500000,11295460.33500000,149339226.84582700,270779
2021-07-16,13.09500000,13.31300000,12.00000000,12.02600000,11747810.94200000,148061094.18056800,304404
2021-07-17,12.02500000,12.74200000,11.71000000,12.29400000,12685758.45700000,153895571.81372800,294032
2021-07-18,12.29600000,12.93400000,12.25800000,12.64700000,8943548.85300000,112891922.35672900,234273
2021-07-19,12.64800000,12.73500000,11.35400000,11.46000000,13496594.16900000,159432053.55778000,286561
2021-07-20,11.46300000,11.55800000,10.37300000,10.95800000,15411227.68800000,166927136.99331300,341945
2021-07-21,10.96200000,12.86100000,10.67300000,12.34300000,20720488.40400000,247722294.36535100,559775
2021-07-22,12.34400000,13.37000000,11.81000000,13.15200000,17109976.61200000,215356439.90399800,570321
2021-07-23,13.15400000,13.52000000,12.32100000,13.40100000,14319244.95500000,186094453.07256000,684836
2021-07-24,13.40000000,14.05700000,13.12300000,13.75400000,13352533.27200000,181318418.44375200,366695
2021-07-25,13.75900000,13.82700000,13.08500000,13.73400000,10636601.76600000,142811156.88549900,362301
2021-07-26,13.73200000,15.29800000,13.63400000,13.92500000,25704112.20400000,375986449.67279400,679300
2021-07-27,13.92400000,14.54000000,13.34900000,14.36500000,16376850.10100000,227477909.19968800,424388
2021-07-28,14.36400000,14.76200000,13.92100000,14.54600000,13296413.16900000,191569870.11409200,447508
2021-07-29,14.54200000,15.39100000,14.25700000,15.25400000,16761635.31300000,247024432.62320300,647300
2021-07-30,15.25800000,15.85900000,14.40400000,15.79300000,12163617.87900000,183860182.08524000,636762
2021-07-31,15.79100000,17.01800000,15.58000000,16.78400000,12127994.27900000,197145879.55092700,482941
2021-08-01,16.77900000,19.90000000,16.53900000,18.41800000,29839953.33100000,558284181.48956700,1291018
2021-08-02,18.41800000,18.93800000,17.55500000,17.98400000,17843839.09300000,325109824.99050300,906995
2021-08-03,17.98400000,18.54600000,16.81100000,17.42500000,15066105.66000000,263383373.49261400,625435
2021-08-04,17.42600000,19.58400000,17.09400000,19.15000000,17035350.57900000,312972612.49479400,740297
2021-08-05,19.14600000,19.45800000,17.86100000,19.12400000,17528313.72100000,330225852.21683100,925446
2021-08-06,19.12400000,20.80000000,18.52200000,20.41600000,17461334.49200000,344423165.01517100,966330
2021-08-07,20.41700000,21.68300000,20.02500000,20.96300000,16386907.83000000,341241996.73409800,1081125
2021-08-08,20.96300000,21.20500000,19.19200000,19.65000000,11727291.34500000,238137970.00480700,563008
2021-08-09,19.65100000,21.26700000,18.70600000,20.56600000,12450237.87600000,251756587.12481400,496200
2021-08-10,20.56600000,21.41900000,20.08000000,20.61600000,13345048.98000000,276052212.63637700,514340
2021-08-11,20.61000000,22.45000000,20.54000000,21.34700000,17980834.42600000,388428447.35354400,787966
2021-08-12,21.34600000,22.31400000,19.90000000,20.75500000,13916627.07400000,291644002.43209700,501075
2021-08-13,20.75900000,22.72900000,20.50300000,22.72300000,10079219.54300000,220334164.42565900,436007
2021-08-14,22.72300000,23.48800000,21.77100000,22.83500000,12206858.98100000,275512895.33587800,569879
2021-08-15,22.83300000,23.33000000,21.83600000,23.15000000,10311557.70500000,232201567.61292800,461036
2021-08-16,23.15000000,25.69900000,22.82100000,24.43200000,23210244.18000000,569040464.82184500,1143518
2021-08-17,24.41900000,27.42200000,23.01000000,23.54500000,29082405.85400000,742682582.34363100,1727373
2021-08-18,23.54800000,25.18300000,22.50000000,23.86800000,20325842.45600000,487580208.14368900,956756
2021-08-19,23.86800000,26.84900000,23.46400000,26.58200000,18955398.08900000,472805896.80080100,920780
2021-08-20,26.57900000,28.47700000,26.06600000,28.14900000,18087062.29800000,496553312.93377000,936247
2021-08-21,28.14900000,29.35100000,27.47000000,27.86300000,15380800.77700000,437767477.18119500,901456
2021-08-22,27.86100000,28.52000000,26.50000000,27.68500000,12726834.13100000,350198421.79170200,756254
2021-08-23,27.68300000,28.62700000,27.31200000,27.87700000,12452305.83700000,348507620.53630200,598130
2021-08-24,27.87600000,28.17200000,24.35100000,25.06700000,15563782.33200000,408251702.69915100,661239
2021-08-25,25.07000000,26.55000000,24.47100000,25.98200000,13580763.06300000,348621380.77669300,538185
2021-08-26,25.98200000,26.40000000,23.46000000,23.92000000,12202094.79300000,300116759.07238900,517016
2021-08-27,23.92000000,26.79000000,23.45000000,26.53000000,12760582.38200000,321109759.21525400,439399
2021-08-28,26.53000000,26.76000000,25.40000000,25.96000000,6962096.43000000,181083508.46700000,255638
2021-08-29,25.96000000,26.46000000,25.24000000,25.70000000,5969161.70000000,154373694.71830000,228248
2021-08-30,25.71000000,27.58000000,24.32000000,26.03000000,14865324.48800000,385241291.33630200,570795
2021-08-31,26.05000000,31.95000000,25.61000000,31.35000000,40601758.66900000,1185799173.52049500,2088535
2021-09-01,31.34000000,33.83800000,29.60000000,33.18000000,26017654.83900000,811089511.95859200,1391745
2021-09-02,33.17000000,33.20000000,31.24000000,31.79000000,13487628.41000000,435633544.99780000,644152
2021-09-03,31.78000000,34.00000000,30.51000000,33.57000000,14346166.88400000,471768852.31701300,781638
2021-09-04,33.58000000,34.13000000,32.00000000,32.40000000,7731353.80600000,255406149.69407900,421992
2021-09-05,32.41000000,34.78000000,31.97000000,34.42000000,9486930.41800000,316320840.47112400,607589
2021-09-06,34.43000000,35.10000000,32.30000000,34.35000000,12428084.43000000,424302148.82030900,842180
2021-09-07,34.35000000,35.68000000,22.66000000,27.97000000,40408249.41100000,1205391658.07487900,1820580
2021-09-08,27.97000000,28.88000000,25.20000000,27.76000000,23830480.97000000,655108735.09480000,927132
2021-09-09,27.76000000,31.88000000,27.00000000,29.82000000,21170365.50000000,622867857.17740000,1032337
2021-09-10,29.82000000,32.65000000,28.00000000,29.19000000,27860740.96000000,847452024.90740000,1292621
2021-09-11,29.18000000,32.10000000,28.25000000,31.57000000,15331069.56000000,464022098.37140000,776981
2021-09-12,31.57000000,36.45000000,30.66000000,35.79000000,28871476.13000000,967608451.30354500,1825842
2021-09-13,35.81000000,38.07000000,31.50000000,34.84000000,49715992.15200000,1749798444.35226600,2819337
2021-09-14,34.84000000,38.77000000,34.08000000,37.36000000,23675929.09400000,871535388.40482800,1329447
2021-09-15,37.35000000,38.01000000,35.55000000,36.47000000,12212842.72000000,446407140.69080000,579667
2021-09-16,36.46000000,36.97000000,34.00000000,35.50000000,13726309.35000000,484409459.94100000,601519
2021-09-17,35.51000000,36.94000000,32.19000000,33.03000000,14073919.00000000,486546805.55630000,776866
2021-09-18,33.04000000,35.90000000,32.51000000,34.87000000,9990438.88000000,347152604.88010000,508492
2021-09-19,34.86000000,34.90000000,33.01000000,33.85000000,7884331.02000000,267305492.05880000,411649
2021-09-20,33.86000000,33.91000000,26.55000000,28.31000000,28383483.49000000,843311766.99830000,1183841
2021-09-21,28.31000000,30.38000000,25.50000000,26.39000000,24316299.56000000,685120449.60780000,942973
2021-09-22,26.39000000,32.00000000,25.91000000,31.60000000,18161430.28000000,530262588.76890000,852355
2021-09-23,31.58000000,33.60000000,30.37000000,33.41000000,13516616.87000000,429208790.35590000,688802
2021-09-24,33.42000000,33.54000000,27.90000000,30.79000000,28521525.89000000,867821691.51130000,1220851
2021-09-25,30.79000000,32.22000000,29.41000000,29.82000000,13368526.84000000,409243879.47480000,617924
2021-09-26,29.83000000,30.06000000,26.76000000,28.84000000,18340714.24000000,525671091.00060000,701651
2021-09-27,28.84000000,30.26000000,27.50000000,27.71000000,11094418.10000000,320340017.82100000,449178
2021-09-28,27.72000000,28.38000000,26.14000000,26.31000000,9784154.53000000,267560973.68820000,362304
2021-09-29,26.31000000,28.59000000,26.11000000,27.28000000,10207287.33000000,280535376.37540000,376232
2021-09-30,27.28000000,28.99000000,27.13000000,28.62000000,8201551.44000000,230622998.43010000,339737
2021-10-01,28.61000000,32.33000000,28.50000000,31.94000000,13176348.21000000,402700970.64510000,735059
2021-10-02,31.94000000,33.39000000,31.52000000,32.01000000,8748363.88000000,283814409.55190000,522276
2021-10-03,32.01000000,32.69000000,31.17000000,32.11000000,7871434.22000000,252056591.14850000,350329
2021-10-04,32.10000000,32.11000000,30.04000000,31.15000000,9287969.05000000,288547980.66280000,414743
2021-10-05,31.15000000,32.16000000,30.52000000,31.39000000,8537858.77000000,268161491.12910000,374395
2021-10-06,31.39000000,33.09000000,29.11000000,32.19000000,14373589.09000000,448633539.30000000,704071
2021-10-07,32.19000000,35.31000000,30.93000000,33.98000000,20356598.29000000,682316606.88330000,1286323
2021-10-08,33.98000000,34.49000000,33.03000000,33.35000000,11134583.44000000,375707512.13650000,489045
2021-10-09,33.36000000,36.90000000,33.00000000,36.33000000,12546752.37000000,441329764.12360000,853574
2021-10-10,36.33000000,37.45000000,34.13000000,34.43000000,13147574.66000000,473745609.48130000,784594
2021-10-11,34.42000000,36.09000000,33.25000000,34.13000000,11467492.31000000,399306003.06630000,469155
2021-10-12,34.12000000,35.43000000,32.07000000,35.17000000,13326459.40000000,447030078.01770000,620021
2021-10-13,35.16000000,43.22000000,33.57000000,41.69000000,36492731.21300000,1421849266.39025900,2504028
2021-10-14,41.69000000,42.54000000,39.33000000,40.71000000,20178003.61000000,827523963.60190000,1204347
2021-10-15,40.69000000,44.24000000,39.45000000,43.28000000,22085746.42600000,916993507.34561200,1533664
2021-10-16,43.27000000,44.78000000,41.26000000,41.75000000,13673173.22900000,587677170.43715100,821141
2021-10-17,41.74000000,42.87000000,39.52000000,42.12000000,10386680.07000000,433074569.93680000,526261
2021-10-18,42.11000000,43.25000000,40.25000000,41.17000000,10911226.84000000,455982949.04260000,550249
2021-10-19,41.16000000,41.65000000,40.01000000,41.34000000,8843904.77000000,362263239.55870000,405631
2021-10-20,41.35000000,45.22000000,41.08000000,44.42000000,13310248.05300000,575094186.70469300,991320
2021-10-21,44.41000000,45.53000000,41.91000000,42.84000000,14782015.91600000,646186612.18004700,1014715
2021-10-22,42.83000000,46.39000000,42.68000000,43.51000000,16062749.38000000,715523454.98632000,1241116
2021-10-23,43.50000000,44.79000000,43.08000000,43.95000000,6138290.14000000,269684423.44780000,441867
2021-10-24,43.94000000,44.17000000,41.27000000,42.31000000,7260724.06000000,310356005.19920000,487576
2021-10-25,42.30000000,44.80000000,42.11000000,44.55000000,7291785.53000000,318759784.02630000,507703
2021-10-26,44.55000000,46.00000000,43.31000000,44.93000000,9161833.46000000,406675314.58520000,778131
2021-10-27,44.93000000,45.77000000,38.70000000,40.44000000,17560562.15000000,738526790.56130000,1215968
2021-10-28,40.43000000,43.12000000,39.81000000,41.82000000,11629300.38000000,486938116.69840000,726484
2021-10-29,41.82000000,44.35000000,41.56000000,44.20000000,8788034.21000000,379251608.69980000,560104
2021-10-30,44.19000000,44.31000000,42.08000000,42.73000000,5254551.32000000,226326757.55730000,339208
2021-10-31,42.73000000,43.36000000,41.01000000,42.77000000,6375433.77000000,268094221.56990000,390771
2021-11-01,42.78000000,51.57000000,41.70000000,49.98000000,23714028.21300000,1121822068.80107100,2616111
2021-11-02,49.98000000,53.35000000,48.01000000,51.66000000,19822814.52800000,1008388946.71802500,1679065
2021-11-03,51.66000000,54.54000000,49.07000000,53.34000000,17237167.47000000,892383869.28269200,1681025
2021-11-04,53.35000000,55.09000000,52.16000000,53.82000000,14091354.81800000,752535110.92489800,1168396
2021-11-05,53.83000000,53.93000000,50.56000000,51.76000000,8742278.80000000,454487603.34950000,712132
2021-11-06,51.75000000,52.42000000,49.00000000,52.02000000,8114011.78000000,411523728.38180000,650701
2021-11-07,52.03000000,53.53000000,51.29000000,52.22000000,7102199.25000000,372971989.08640000,581999
2021-11-08,52.22000000,53.87000000,51.63000000,53.36000000,7797418.81000000,412988422.60740000,549923
2021-11-09,53.36000000,53.39000000,50.52000000,50.78000000,10322506.13000000,536088035.35270000,687062
2021-11-10,50.79000000,52.08000000,42.50000000,46.74000000,19625912.74000000,955283652.77330000,1301900
2021-11-11,46.74000000,49.44000000,45.55000000,47.44000000,9323684.55000000,445829246.23230000,866544
2021-11-12,47.44000000,47.72000000,44.04000000,45.90000000,10700975.88000000,491599417.90780000,872012
2021-11-13,45.90000000,47.55000000,44.86000000,47.07000000,6068714.10000000,279926960.72470000,498287
2021-11-14,47.07000000,47.83000000,45.02000000,46.39000000,4667465.13000000,215921873.10910000,375059
2021-11-15,46.39000000,47.46000000,44.50000000,44.77000000,6580865.03000000,304443112.86680000,454265
2021-11-16,44.78000000,44.78000000,38.10000000,40.84000000,19699792.90000000,819109093.74690000,1104386
2021-11-17,40.84000000,42.78000000,38.76000000,42.75000000,11336082.44000000,461011878.43660000,789733
2021-11-18,42.75000000,43.27000000,37.53000000,39.03000000,14653376.83000000,588692131.89660000,856633
2021-11-19,39.03000000,42.28000000,38.36000000,41.24000000,8936329.85000000,359833271.32610000,624573
2021-11-20,41.23000000,42.10000000,39.83000000,42.10000000,5821401.36000000,239855623.26780000,392290
2021-11-21,42.09000000,43.56000000,40.64000000,41.94000000,6646315.92000000,278048692.57500000,522275
2021-11-22,41.95000000,42.16000000,38.80000000,39.49000000,8474290.45000000,340615758.34760000,462814
2021-11-23,39.48000000,41.47000000,38.54000000,40.78000000,6985881.02000000,278796802.92360000,402824
2021-11-24,40.76000000,40.92000000,38.04000000,38.28000000,7264687.01000000,284751411.11490000,387815
2021-11-25,38.27000000,40.93000000,38.04000000,39.47000000,7371944.97000000,291275670.02750000,420429
2021-11-26,39.48000000,39.62000000,33.67000000,34.56000000,16596267.73000000,595573466.43970000,731785
2021-11-27,34.55000000,36.12000000,34.43000000,35.16000000,6817533.23000000,240751573.55630000,272723
2021-11-28,35.16000000,35.85000000,32.21000000,35.76000000,10439305.23000000,353148799.11720000,406960
2021-11-29,35.75000000,37.53000000,35.40000000,37.10000000,7442054.72000000,270930920.94380000,417415
2021-11-30,37.10000000,39.35000000,35.28000000,37.95000000,9758902.60000000,365534586.85890000,633558
2021-12-01,37.96000000,38.78000000,36.22000000,36.76000000,6936636.91000000,261055768.32500000,385146
2021-12-02,36.76000000,36.79000000,35.05000000,35.75000000,5653240.06000000,202979098.73290000,308854
2021-12-03,35.76000000,36.84000000,32.56000000,33.70000000,9114532.42000000,317527763.29120000,450494
2021-12-04,33.70000000,33.86000000,24.35000000,29.38000000,24608037.90000000,700064729.26810000,946882
2021-12-05,29.38000000,29.74000000,26.33000000,28.31000000,11536652.53000000,323667386.27500000,397320
2021-12-06,28.31000000,28.92000000,24.84000000,28.13000000,16137260.41000000,430716088.79160000,533025
2021-12-07,28.12000000,31.49000000,27.69000000,30.50000000,13072414.91000000,384971841.13150000,523750
2021-12-08,30.49000000,30.63000000,28.02000000,29.84000000,10373073.12000000,303196296.97370000,358512
2021-12-09,29.85000000,30.13000000,26.80000000,26.90000000,9383772.00000000,264460990.28590000,322649
2021-12-10,26.91000000,28.43000000,25.71000000,26.44000000,11306697.95000000,304674251.84320000,363700
2021-12-11,26.44000000,28.18000000,25.81000000,27.81000000,8148503.07000000,224132666.45000000,295702
2021-12-12,27.82000000,30.12000000,27.31000000,29.54000000,5833358.42000000,167307239.66630000,262481
2021-12-13,29.54000000,29.87000000,25.54000000,25.96000000,10566935.28000000,291320002.88200000,407130
2021-12-14,25.97000000,26.71000000,25.00000000,26.15000000,10443455.71000000,271233551.25720000,346210
2021-12-15,26.14000000,28.03000000,24.27000000,27.14000000,13450685.93000000,353163805.85930000,472465
2021-12-16,27.14000000,27.84000000,25.55000000,26.02000000,14427194.90000000,387629608.95230000,472704
2021-12-17,26.02000000,26.21000000,24.16000000,24.64000000,10403388.65000000,261264454.22410000,335540
2021-12-18,24.64000000,25.72000000,24.21000000,25.49000000,7437623.45000000,186389544.41690000,259813
2021-12-19,25.48000000,25.86000000,24.63000000,24.78000000,5757699.98000000,145010019.38190000,213829
2021-12-20,24.78000000,25.01000000,23.27000000,24.07000000,7053641.28000000,170007060.20100000,252704
2021-12-21,24.07000000,25.59000000,23.74000000,25.16000000,7752931.61000000,191688314.81860000,257375
2021-12-22,25.16000000,28.23000000,24.98000000,27.22000000,10788179.43000000,288608060.39130000,477294
2021-12-23,27.23000000,29.81000000,26.73000000,29.16000000,10938539.93000000,306790205.36870000,529622
2021-12-24,29.16000000,29.67000000,27.83000000,28.14000000,6454013.86000000,186952638.96820000,298617
2021-12-25,28.14000000,29.12000000,27.94000000,28.84000000,3990671.82000000,113646965.00960000,162561
2021-12-26,28.86000000,31.74000000,28.27000000,31.32000000,9409786.98000000,281858170.17320000,517325
2021-12-27,31.32000000,32.78000000,30.83000000,30.97000000,8620339.37000000,274129363.16570000,482947
2021-12-28,30.96000000,30.97000000,27.46000000,27.83000000,15826935.59000000,460908150.64760000,585511
2021-12-29,27.84000000,28.96000000,26.48000000,26.82000000,9578005.60000000,267712846.40270000,395041
2021-12-30,26.81000000,28.42000000,26.17000000,27.54000000,7797319.16000000,213673335.74660000,297943
2021-12-31,27.54000000,28.12000000,26.24000000,26.66000000,9510787.97000000,258322507.23640000,364393
2022-01-01,26.67000000,28.65000000,26.66000000,28.60000000,5227230.45000000,143998965.10340000,209177
2022-01-02,28.60000000,30.62000000,27.82000000,29.69000000,8942930.92000000,262077782.30530000,385030
2022-01-03,29.69000000,30.88000000,28.62000000,30.11000000,11890491.01000000,353857200.14970000,584743
2022-01-04,30.10000000,30.58000000,28.66000000,28.69000000,11149885.08000000,331365102.55830000,471505
2022-01-05,28.69000000,30.39000000,25.05000000,26.72000000,14135011.01000000,401227022.41030000,653564
2022-01-06,26.73000000,27.36000000,25.50000000,26.72000000,11412775.24000000,299936557.65050000,449221
2022-01-07,26.72000000,26.86000000,24.24000000,24.90000000,14333874.43000000,363043454.68430000,559374
2022-01-08,24.90000000,25.54000000,23.12000000,23.99000000,9965873.23000000,244572660.78600000,377457
2022-01-09,23.98000000,25.32000000,23.67000000,24.63000000,7523995.26000000,184387901.22260000,270529
2022-01-10,24.63000000,25.22000000,22.43000000,23.72000000,11667129.55000000,276522625.56632000,391299
2022-01-11,23.73000000,26.00000000,23.48000000,25.56000000,9473674.68000000,235078342.33510000,309738
2022-01-12,25.56000000,27.58000000,25.45000000,27.32000000,7566219.50000000,201191355.56960000,319932
2022-01-13,27.33000000,27.68000000,25.71000000,25.79000000,7656681.93000000,204220516.39490000,327157
2022-01-14,25.79000000,27.88000000,25.53000000,27.75000000,9449831.90000000,254448275.94570000,421778
2022-01-15,27.75000000,28.41000000,26.83000000,27.60000000,5575781.94000000,153649373.07510000,274699
2022-01-16,27.60000000,28.47000000,27.26000000,27.70000000,7073389.72000000,197261377.66720000,327845
2022-01-17,27.70000000,27.76000000,25.10000000,25.69000000,8233269.46000000,217042645.22860000,326373
2022-01-18,25.69000000,26.07000000,24.24000000,25.15000000,7145666.21000000,178517774.89070000,275151
2022-01-19,25.15000000,25.30000000,23.68000000,24.05000000,6462252.41000000,157244747.27950000,241686
2022-01-20,24.06000000,25.62000000,22.84000000,23.01000000,6578668.82000000,160357989.39780000,278348
2022-01-21,23.01000000,23.48000000,19.04000000,19.67000000,17269209.91200000,371432669.91895000,599228
2022-01-22,19.66000000,20.16000000,16.17000000,18.27000000,23239217.06800000,424011444.45833800,629097
2022-01-23,18.27000000,19.20000000,17.73000000,18.81000000,11483380.21000000,212079989.02780000,338840
2022-01-24,18.81000000,18.82000000,15.83000000,18.02000000,20381626.57300000,345828687.90308000,535040
2022-01-25,18.02000000,19.05000000,17.36000000,18.31000000,9945213.12000000,181544754.50880000,285360
2022-01-26,18.32000000,20.06000000,17.51000000,18.08000000,14459131.31000000,272101060.86270000,441587
2022-01-27,18.08000000,18.42000000,17.14000000,18.12000000,9271719.10000000,164875191.18370000,265141
2022-01-28,18.12000000,18.49000000,17.36000000,18.34000000,7390664.94000000,132944555.83310000,230443
2022-01-29,18.34000000,19.06000000,18.08000000,18.74000000,4892745.70000000,90937096.60650000,164519
2022-01-30,18.75000000,19.00000000,17.80000000,18.15000000,5074979.97000000,93864670.27530000,162024
2022-01-31,18.15000000,19.61000000,17.12000000,19.37000000,8316149.90000000,151700168.25560000,266922
2022-02-01,19.38000000,20.00000000,19.15000000,19.57000000,8041127.34000000,157536671.67360000,270508
2022-02-02,19.57000000,20.58000000,18.53000000,18.76000000,8769960.78000000,172307776.65460000,334194
2022-02-03,18.77000000,18.96000000,17.97000000,18.92000000,6622008.64000000,122238026.59080000,223082
2022-02-04,18.91000000,20.53000000,18.71000000,20.48000000,9084604.77000000,177769349.92170000,275807
2022-02-05,20.49000000,22.29000000,20.30000000,21.33000000,8873091.18000000,190945390.97330000,369642
2022-02-06,21.32000000,21.93000000,20.78000000,21.91000000,4783912.16000000,102159037.65280000,197998
2022-02-07,21.91000000,22.70000000,21.39000000,22.35000000,9933306.22000000,220581220.08290000,367182
2022-02-08,22.36000000,23.19000000,21.06000000,21.66000000,10692150.43000000,234488489.33290000,367800
2022-02-09,21.66000000,22.24000000,21.05000000,21.94000000,5280116.45000000,114891147.54860000,169292
2022-02-10,21.95000000,22.48000000,20.49000000,20.51000000,9903304.31000000,213074605.83560000,328132
2022-02-11,20.51000000,20.73000000,18.58000000,18.98000000,9586582.78000000,192061181.46840000,269262
2022-02-12,18.98000000,19.42000000,18.25000000,18.82000000,6512111.12000000,122688402.68880000,187030
2022-02-13,18.83000000,19.28000000,18.38000000,18.73000000,4675422.19000000,88371484.01400000,126204
2022-02-14,18.74000000,18.95000000,18.02000000,18.70000000,5075585.02000000,93800750.71520000,146572
2022-02-15,18.70000000,20.34000000,18.64000000,20.16000000,5428840.64000000,106302711.80980000,175305
2022-02-16,20.17000000,20.19000000,19.05000000,19.76000000,5643848.37000000,110895415.86910000,174940
2022-02-17,19.77000000,20.01000000,17.80000000,18.16000000,7873044.60000000,147856052.99310000,244846
2022-02-18,18.17000000,18.60000000,17.59000000,17.82000000,6205167.39000000,112325850.22070000,180630
2022-02-19,17.82000000,18.22000000,17.34000000,17.84000000,3507413.77000000,62338104.68880000,105340
2022-02-20,17.85000000,17.87000000,16.67000000,16.91000000,6518197.69000000,110985772.17130000,165504
2022-02-21,16.91000000,17.74000000,16.03000000,16.18000000,11178458.24000000,188216746.64640000,273365
2022-02-22,16.18000000,16.73000000,15.80000000,16.60000000,8427783.22000000,136778287.80050000,185607
2022-02-23,16.61000000,17.51000000,15.91000000,15.97000000,10055911.02000000,168295996.14670000,237953
2022-02-24,15.97000000,16.75000000,14.05000000,16.16000000,22293881.52800000,336875109.94484700,466213
2022-02-25,16.17000000,17.52000000,15.78000000,17.25000000,8246998.11000000,134910660.02790000,211521
2022-02-26,17.26000000,18.78000000,17.16000000,18.03000000,10979780.48000000,198667445.30760000,309549
2022-02-27,18.03000000,18.72000000,17.07000000,17.50000000,9879341.39000000,176867091.99670000,262992
2022-02-28,17.50000000,19.11000000,16.62000000,18.94000000,14924830.91000000,262571854.01230000,326935
2022-03-01,18.94000000,19.56000000,18.32000000,18.89000000,11677345.78000000,220601939.17170000,320889
2022-03-02,18.90000000,19.26000000,18.35000000,18.61000000,8422865.21000000,158046725.71660000,236252
2022-03-03,18.61000000,18.67000000,17.77000000,18.02000000,7635060.13000000,139034673.92460000,199171
2022-03-04,18.02000000,18.06000000,16.50000000,16.79000000,8560042.35000000,147170903.42020000,217361
2022-03-05,16.79000000,17.80000000,16.18000000,17.33000000,5101742.90000000,86612442.44660000,160982
2022-03-06,17.33000000,17.59000000,16.51000000,16.99000000,5491289.20000000,93558590.64100000,158563
2022-03-07,16.99000000,17.14000000,16.00000000,16.41000000,7318888.43000000,121170466.38380000,206090
2022-03-08,16.41000000,17.28000000,16.31000000,16.97000000,6275907.39000000,105512504.40250000,167546
2022-03-09,16.97000000,18.09000000,16.88000000,17.86000000,5742934.66000000,101623622.26220000,163035
2022-03-10,17.87000000,17.93000000,16.68000000,16.96000000,5040333.69000000,86136754.85380000,144446
2022-03-11,16.97000000,18.49000000,16.69000000,17.69000000,9499810.42000000,168964892.80600000,258063
2022-03-12,17.70000000,18.75000000,17.68000000,18.14000000,6497976.77000000,118947709.24800000,229172
2022-03-13,18.14000000,18.40000000,17.13000000,17.22000000,4818274.40000000,86043792.84750000,170760
2022-03-14,17.22000000,17.86000000,17.00000000,17.70000000,4696610.20000000,82067579.76850000,132672
2022-03-15,17.70000000,18.06000000,17.05000000,17.81000000,4076701.31000000,71398973.66280000,139848
2022-03-16,17.81000000,19.19000000,17.69000000,19.05000000,8986827.35000000,164584412.32860000,272437
2022-03-17,19.05000000,19.35000000,18.63000000,18.75000000,4721544.69000000,89440439.93460000,131772
2022-03-18,18.75000000,19.20000000,18.13000000,18.95000000,4587101.48000000,85522884.97680000,136167
2022-03-19,18.95000000,19.79000000,18.86000000,19.40000000,4955267.89000000,95919571.51950000,173538
2022-03-20,19.40000000,19.46000000,18.32000000,18.65000000,3665220.06000000,69138849.91930000,125787
2022-03-21,18.66000000,19.06000000,18.40000000,18.74000000,4133739.80000000,77622162.85130000,133812
2022-03-22,18.75000000,20.48000000,18.68000000,20.21000000,8290773.03000000,164180480.43950000,299893
2022-03-23,20.22000000,21.13000000,19.80000000,21.02000000,8218890.14000000,168389826.75030000,358597
2022-03-24,21.02000000,21.50000000,20.25000000,21.26000000,7157667.86000000,149850409.67940000,253390
2022-03-25,21.26000000,21.38000000,20.18000000,20.53000000,5860263.46000000,122159246.63690000,179435
2022-03-26,20.54000000,21.04000000,20.24000000,20.91000000,3152433.21000000,65393377.61910000,83292
2022-03-27,20.92000000,22.48000000,20.71000000,22.46000000,5215022.34000000,111669490.89430000,204128
2022-03-28,22.47000000,23.33000000,21.78000000,21.99000000,9121823.41000000,207898225.83000000,297796
2022-03-29,21.99000000,22.96000000,21.83000000,22.42000000,7738475.52000000,173592000.54550000,214376
2022-03-30,22.43000000,23.00000000,21.62000000,22.45000000,7985199.05000000,178216316.66870000,229519
2022-03-31,22.46000000,23.06000000,21.08000000,21.33000000,8749758.60000000,193846033.75790000,248492
2022-04-01,21.33000000,22.17000000,20.60000000,22.07000000,7952049.94000000,170143990.99540000,237844
2022-04-02,22.07000000,23.85000000,21.95000000,22.61000000,10723061.37000000,245877307.21840000,391350
2022-04-03,22.61000000,23.57000000,22.51000000,23.21000000,7497259.93000000,172737851.89520000,209588
2022-04-04,23.21000000,23.23000000,21.60000000,22.89000000,7444175.86000000,167399546.21410000,209325
2022-04-05,22.90000000,23.12000000,21.68000000,21.78000000,6045973.86000000,136552989.25880000,169360
2022-04-06,21.78000000,21.82000000,19.71000000,19.85000000,8285158.05000000,172120456.41770000,254683
2022-04-07,19.84000000,20.65000000,19.45000000,20.40000000,5000936.99000000,100597301.64930000,143840
2022-04-08,20.40000000,20.58000000,19.14000000,19.43000000,4641004.36000000,93149029.40700000,119032
2022-04-09,19.43000000,19.83000000,19.29000000,19.75000000,2328439.00000000,45610810.15240000,60605
2022-04-10,19.76000000,20.25000000,19.16000000,19.22000000,3716291.30000000,73328405.15570000,92359
2022-04-11,19.23000000,19.29000000,17.00000000,17.20000000,7676575.11000000,138208099.36420000,196300
2022-04-12,17.20000000,18.04000000,17.16000000,17.77000000,5075204.98000000,89394319.72510000,140966
2022-04-13,17.77000000,18.30000000,17.37000000,18.20000000,3723536.86000000,66760393.29010000,109086
2022-04-14,18.20000000,18.48000000,17.47000000,17.91000000,3580226.26000000,64403775.68250000,100658
2022-04-15,17.91000000,18.43000000,17.78000000,18.34000000,2489380.26000000,45171891.51460000,76905
2022-04-16,18.35000000,18.70000000,18.17000000,18.61000000,2340391.42000000,43115226.53520000,67396
2022-04-17,18.61000000,18.81000000,17.65000000,17.74000000,2796505.88000000,51355426.95070000,79407
2022-04-18,17.74000000,18.36000000,17.10000000,18.15000000,4831063.54000000,85429480.17900000,130168
2022-04-19,18.16000000,18.96000000,18.04000000,18.88000000,3242472.57000000,59892582.05540000,93175
2022-04-20,18.89000000,19.54000000,18.54000000,19.09000000,5373410.27000000,102401843.85270000,162840
2022-04-21,19.10000000,19.68000000,18.03000000,18.18000000,4574629.37000000,87013012.06870000,147076
2022-04-22,18.17000000,18.53000000,18.07000000,18.28000000,3634735.07000000,66517627.91520000,93788
2022-04-23,18.28000000,19.27000000,17.96000000,18.69000000,3583194.77000000,66980562.55070000,110244
2022-04-24,18.69000000,19.16000000,18.07000000,18.17000000,3027438.28000000,56196588.48330000,90421
2022-04-25,18.17000000,18.25000000,17.12000000,18.10000000,5316099.45000000,93660434.22060000,152371
2022-04-26,18.11000000,18.34000000,16.40000000,16.68000000,5792628.08000000,100624509.79980000,153082
2022-04-27,16.68000000,17.27000000,16.48000000,16.94000000,3781290.25000000,64041285.25950000,102653
2022-04-28,16.94000000,17.43000000,16.75000000,16.99000000,4260939.10000000,72640479.27650000,120035
2022-04-29,16.99000000,17.07000000,15.99000000,16.19000000,4036404.24000000,66481128.25670000,110239
2022-04-30,16.19000000,16.45000000,14.18000000,14.50000000,6047042.51000000,93498795.72190000,155043
2022-05-01,14.50000000,15.53000000,14.48000000,15.36000000,5066643.89000000,76000246.15260000,142003
2022-05-02,15.36000000,15.60000000,14.56000000,14.96000000,5385162.38000000,80994840.17450000,131461
2022-05-03,14.97000000,15.23000000,14.52000000,14.72000000,3404204.43000000,50784170.61800000,78494
2022-05-04,14.73000000,16.35000000,14.66000000,16.34000000,6243464.14000000,96420634.58890000,141696
2022-05-05,16.34000000,16.45000000,14.02000000,14.58000000,9116577.82000000,137294027.67580000,214438
2022-05-06,14.58000000,14.67000000,13.81000000,14.32000000,6781078.50000000,96930315.19068300,156333
2022-05-07,14.33000000,14.38000000,13.36000000,13.75000000,4305832.06800000,60366358.33960800,100115
2022-05-08,13.75000000,13.88000000,13.03000000,13.25000000,7019382.93100000,94131882.21166800,140423
2022-05-09,13.26000000,13.49000000,10.51000000,10.62000000,19395824.82900000,229337958.94569600,385487
2022-05-10,10.63000000,12.44000000,10.31000000,11.36000000,18906768.51100000,216809026.27638500,385047
2022-05-11,11.35000000,11.66000000,8.06000000,9.09000000,31995073.85900000,316359655.61068700,683576
2022-05-12,9.07000000,9.52000000,7.30000000,8.71000000,25729345.37500000,215253954.22271000,502173
2022-05-13,8.70000000,11.79000000,8.56000000,10.46000000,25890493.66000000,272524262.62270000,427446
2022-05-14,10.45000000,11.56000000,9.76000000,11.30000000,15902710.63000000,168541392.98000000,300699
2022-05-15,11.31000000,11.87000000,10.57000000,11.81000000,11082707.18000000,123422082.40150000,218941
2022-05-16,11.81000000,11.81000000,10.37000000,10.63000000,10051194.44000000,109369336.75590000,213935
2022-05-17,10.62000000,11.34000000,10.43000000,11.04000000,8641438.95000000,94535273.07170000,167846
2022-05-18,11.03000000,11.17000000,9.43000000,9.49000000,10809076.66000000,110317390.98000000,195469
2022-05-19,9.49000000,10.41000000,9.22000000,10.03000000,10352256.32000000,101903360.80940000,176101
2022-05-20,10.04000000,10.26000000,9.45000000,9.67000000,8304278.67000000,81820169.60090000,133824
2022-05-21,9.67000000,10.10000000,9.46000000,10.00000000,4106354.74000000,40273702.85010000,72163
2022-05-22,10.00000000,10.34000000,9.87000000,10.16000000,4485374.89000000,45305518.45510000,80446
2022-05-23,10.16000000,10.80000000,9.80000000,9.88000000,9534059.79000000,98450333.38550000,159435
2022-05-24,9.88000000,10.27000000,9.56000000,10.19000000,6933332.57000000,68760611.40690000,99855
2022-05-25,10.19000000,10.34000000,9.77000000,9.87000000,6770708.75000000,67750596.92540000,92236
2022-05-26,9.87000000,10.00000000,8.82000000,9.14000000,13610458.18000000,127248556.30160000,170161
2022-05-27,9.14000000,10.00000000,8.56000000,9.12000000,15631681.11000000,145061636.19850000,231349
2022-05-28,9.12000000,9.80000000,8.95000000,9.65000000,5955686.38000000,55738281.78040000,101637
2022-05-29,9.66000000,10.04000000,9.33000000,9.98000000,5865314.46000000,56842400.61200000,104928
2022-05-30,9.99000000,10.79000000,9.91000000,10.47000000,8473368.99000000,87691394.10140000,131600
2022-05-31,10.47000000,10.65000000,9.94000000,10.35000000,8792549.01000000,90890230.76760000,134597
2022-06-01,10.36000000,10.75000000,9.26000000,9.46000000,10157569.75000000,102483915.27230000,159686
2022-06-02,9.45000000,10.13000000,9.29000000,9.89000000,5917176.47000000,56882983.14900000,96897
2022-06-03,9.88000000,9.93000000,9.20000000,9.37000000,5185222.06000000,49178642.36350000,91231
2022-06-04,9.38000000,9.56000000,9.14000000,9.44000000,2764967.02000000,25867054.41970000,49414
2022-06-05,9.45000000,9.56000000,9.25000000,9.35000000,2387500.54000000,22401385.27980000,44509
2022-06-06,9.35000000,9.94000000,9.32000000,9.51000000,5016416.01000000,48679189.08470000,90771
2022-06-07,9.51000000,9.51000000,8.84000000,9.23000000,5096057.45000000,46606636.95470000,101635
2022-06-08,9.22000000,9.40000000,8.90000000,9.01000000,3812382.23000000,34736843.74900000,74199
2022-06-09,9.01000000,9.47000000,8.91000000,9.24000000,4879363.93000000,45051208.85530000,83722
2022-06-10,9.23000000,9.37000000,8.52000000,8.65000000,6447468.57000000,57441554.29000000,115506
2022-06-11,8.66000000,8.85000000,7.90000000,8.03000000,6779329.31000000,56441803.35580000,115676
2022-06-12,8.04000000,8.11000000,7.38000000,7.41000000,9340811.88000000,72280212.65500000,140323
2022-06-13,7.40000000,7.48000000,6.36000000,7.04000000,18666647.18100000,128651903.38803000,286131
2022-06-14,7.04000000,7.56000000,6.68000000,7.36000000,14217216.87000000,102415414.45340000,195338
2022-06-15,7.36000000,8.79000000,6.84000000,8.49000000,18683708.96000000,139120802.85040000,280199
2022-06-16,8.50000000,8.56000000,6.97000000,7.13000000,11913274.40000000,91641018.53800000,187912
2022-06-17,7.13000000,7.47000000,7.03000000,7.28000000,6187728.40000000,45074013.91870000,87678
2022-06-18,7.28000000,7.41000000,6.47000000,7.05000000,10420321.76000000,71400347.61840000,135699
2022-06-19,7.06000000,7.65000000,6.76000000,7.53000000,7341233.58000000,52686016.51800000,102644
2022-06-20,7.53000000,8.02000000,7.17000000,7.87000000,8079205.13000000,62081274.75320000,128520
2022-06-21,7.88000000,8.28000000,7.67000000,7.77000000,6447239.03000000,51745513.03430000,106059
2022-06-22,7.76000000,7.82000000,7.35000000,7.39000000,5249428.04000000,39661309.72030000,82576
2022-06-23,7.40000000,7.82000000,7.36000000,7.78000000,4766745.68000000,36326635.48640000,72097
2022-06-24,7.78000000,8.34000000,7.72000000,8.18000000,5534788.24000000,44563465.56050000,88031
2022-06-25,8.19000000,8.37000000,7.79000000,8.13000000,3861028.21000000,31232213.41590000,64495
2022-06-26,8.14000000,8.49000000,7.81000000,7.84000000,4772371.56000000,38890222.01240000,77539
2022-06-27,7.84000000,8.20000000,7.68000000,7.74000000,4689419.47000000,37231117.60740000,71708
2022-06-28,7.74000000,8.00000000,7.26000000,7.31000000,6104944.23000000,46731831.56590000,86584
2022-06-29,7.31000000,7.44000000,6.95000000,7.03000000,6972853.93000000,50044314.10090000,89615
2022-06-30,7.04000000,7.10000000,6.64000000,7.06000000,6917468.18000000,47323996.64910000,94117
2022-07-01,7.06000000,7.26000000,6.54000000,6.75000000,7477875.43000000,51016914.48550000,97326
2022-07-02,6.75000000,6.91000000,6.62000000,6.83000000,3127372.77000000,21155298.34470000,43896
2022-07-03,6.83000000,6.99000000,6.61000000,6.85000000,3092743.90000000,20955883.21970000,48284
2022-07-04,6.86000000,7.21000000,6.66000000,7.17000000,4883415.15000000,33941363.84000000,69376
2022-07-05,7.17000000,7.23000000,6.60000000,6.84000000,8211754.60000000,56368200.56690000,108593
2022-07-06,6.84000000,7.01000000,6.69000000,6.93000000,5792837.78000000,39832785.77460000,70443
2022-07-07,6.92000000,7.36000000,6.88000000,7.30000000,6147860.15000000,43704182.48920000,73511
2022-07-08,7.30000000,7.46000000,6.94000000,7.04000000,6835377.20000000,48843187.65700000,80147
2022-07-09,7.04000000,7.36000000,7.03000000,7.25000000,3537025.96000000,25553595.66080000,50100
2022-07-10,7.25000000,7.27000000,6.76000000,6.86000000,4503146.23000000,31370359.88230000,56618
2022-07-11,6.85000000,6.91000000,6.50000000,6.53000000,4986347.38000000,33661310.03160000,64923
2022-07-12,6.53000000,6.63000000,6.26000000,6.28000000,4787702.68000000,30983674.95090000,67143
2022-07-13,6.29000000,6.55000000,6.00000000,6.47000000,6999118.42000000,44083802.37650900,91643
2022-07-14,6.47000000,6.77000000,6.29000000,6.72000000,5683331.12000000,37031562.88560000,67101
2022-07-15,6.73000000,6.99000000,6.65000000,6.79000000,6331276.95000000,43246930.69120000,72915
2022-07-16,6.79000000,7.22000000,6.56000000,7.20000000,6479588.08000000,44569898.48420000,74939
2022-07-17,7.20000000,7.33000000,6.88000000,6.92000000,5172727.22000000,36744629.67110000,68732
2022-07-18,6.91000000,7.73000000,6.90000000,7.66000000,12596431.22000000,93668175.33000000,146911
2022-07-19,7.65000000,8.03000000,7.49000000,7.79000000,14586041.75000000,113531372.53220000,180975
2022-07-20,7.79000000,8.08000000,7.35000000,7.47000000,12266325.33000000,95392286.32720000,154360
2022-07-21,7.47000000,7.60000000,7.18000000,7.53000000,6317817.35000000,46669250.58640000,82862
2022-07-22,7.53000000,7.85000000,7.26000000,7.29000000,7248162.69000000,54960170.82330000,90663
2022-07-23,7.30000000,7.49000000,7.08000000,7.33000000,4514593.17000000,32905224.58420000,60771
2022-07-24,7.32000000,7.58000000,7.31000000,7.40000000,4842364.46000000,36025618.93690000,62806
2022-07-25,7.40000000,7.44000000,6.74000000,6.76000000,7316840.25000000,51497673.71380000,84736
2022-07-26,6.76000000,6.79000000,6.52000000,6.78000000,6507781.48000000,43296197.23450000,72376
2022-07-27,6.78000000,7.71000000,6.65000000,7.68000000,8439914.15000000,59311017.54340000,98964
2022-07-28,7.69000000,8.07000000,7.46000000,7.86000000,12081142.61000000,93741122.60650000,144470
2022-07-29,7.86000000,8.43000000,7.76000000,8.19000000,11715078.94000000,94855765.76940000,161422
2022-07-30,8.18000000,8.85000000,8.15000000,8.21000000,10970826.27000000,93291762.63410000,148710
2022-07-31,8.22000000,9.21000000,8.08000000,8.62000000,12551305.77000000,108919345.24440000,174959
2022-08-01,8.63000000,8.99000000,8.03000000,8.17000000,9843579.01000000,83664491.66060000,132901
2022-08-02,8.18000000,8.28000000,7.68000000,7.93000000,10097632.40000000,80004050.57760000,128903
2022-08-03,7.93000000,8.45000000,7.68000000,8.00000000,7508188.39000000,60870157.48020000,102561
2022-08-04,8.00000000,8.28000000,7.88000000,8.10000000,5416271.31000000,43793204.03420000,75417
2022-08-05,8.10000000,8.84000000,8.07000000,8.80000000,8360224.87000000,70763158.84750000,113238
2022-08-06,8.81000000,8.88000000,8.48000000,8.52000000,5612299.30000000,48739850.88090000,66713
2022-08-07,8.52000000,8.93000000,8.34000000,8.65000000,4827855.46000000,41586269.59460000,68426
2022-08-08,8.65000000,9.39000000,8.63000000,9.27000000,10473879.27000000,96057200.54550000,134558
2022-08-09,9.27000000,9.47000000,8.64000000,8.89000000,9792612.79000000,87986085.75920000,117467
2022-08-10,8.89000000,9.65000000,8.54000000,9.52000000,12143248.28000000,111527644.55750000,161427
2022-08-11,9.53000000,9.65000000,9.13000000,9.20000000,8899036.11000000,83686010.46430000,115521
2022-08-12,9.19000000,9.50000000,9.03000000,9.48000000,6113019.59000000,56705191.03040000,89201
2022-08-13,9.48000000,9.68000000,9.25000000,9.31000000,4978042.86000000,47175095.27600000,73252
2022-08-14,9.31000000,9.56000000,8.83000000,8.96000000,6244622.85000000,57512984.41330000,97639
2022-08-15,8.95000000,9.39000000,8.62000000,8.78000000,7236619.06000000,64568879.33730000,110251
2022-08-16,8.78000000,8.95000000,8.63000000,8.84000000,5191605.16000000,45625602.34630000,74433
2022-08-17,8.84000000,9.17000000,8.32000000,8.37000000,6653592.91000000,57679087.52420000,94687
2022-08-18,8.37000000,8.60000000,8.00000000,8.08000000,4518903.95000000,37817657.29920000,70486
2022-08-19,8.08000000,8.10000000,7.22000000,7.31000000,7862959.78000000,59439257.71870000,116034
2022-08-20,7.30000000,7.52000000,7.03000000,7.22000000,4731587.73000000,34610145.97540000,60807
2022-08-21,7.23000000,7.53000000,7.16000000,7.44000000,3047725.62000000,22458854.73740000,41722
2022-08-22,7.43000000,7.45000000,7.00000000,7.41000000,4283982.10000000,30883890.63950000,54224
2022-08-23,7.40000000,7.72000000,7.18000000,7.64000000,4831764.65000000,36419775.31760000,56534
2022-08-24,7.64000000,7.78000000,7.41000000,7.56000000,3720336.76000000,28273824.30870000,45669
2022-08-25,7.56000000,7.76000000,7.46000000,7.58000000,2939414.77000000,22396821.65210000,36165
2022-08-26,7.58000000,7.68000000,6.86000000,6.93000000,6009344.97000000,43835765.71060000,75352
2022-08-27,6.93000000,7.12000000,6.80000000,7.04000000,4334932.37000000,30264334.68290000,49400
2022-08-28,7.05000000,7.15000000,6.81000000,6.86000000,2870607.63000000,20169032.41210000,37499
2022-08-29,6.86000000,7.31000000,6.79000000,7.27000000,4881958.91000000,34469496.68150000,54954
2022-08-30,7.27000000,7.38000000,6.88000000,7.00000000,5028135.43000000,35911291.23300000,54508
2022-08-31,7.01000000,7.29000000,6.98000000,7.03000000,4314442.79000000,30805184.26490000,47060
2022-09-01,7.03000000,7.20000000,6.86000000,7.18000000,4554476.61000000,31936885.55350000,46659
2022-09-02,7.19000000,7.57000000,7.12000000,7.30000000,5870327.75000000,43101465.37150000,63354
2022-09-03,7.30000000,7.31000000,7.17000000,7.28000000,2939572.83000000,21325024.09600000,30829
2022-09-04,7.29000000,7.42000000,7.15000000,7.37000000,3798954.38000000,27648159.38890000,38357
2022-09-05,7.38000000,7.64000000,7.26000000,7.36000000,5190975.86000000,38753387.68260000,61409
2022-09-06,7.37000000,7.70000000,6.81000000,6.87000000,8014227.23000000,58630056.20930000,95920
2022-09-07,6.88000000,7.30000000,6.75000000,7.20000000,5657008.11000000,39820621.85940000,62486
2022-09-08,7.20000000,7.45000000,7.03000000,7.39000000,6134106.21000000,44328944.30800000,61357
2022-09-09,7.39000000,7.94000000,7.36000000,7.75000000,9603978.87000000,74321941.84270000,97400
2022-09-10,7.76000000,7.88000000,7.57000000,7.77000000,4854345.60000000,37516131.01480000,53024
2022-09-11,7.77000000,7.90000000,7.54000000,7.70000000,4569653.61000000,35315904.64620000,48615
2022-09-12,7.71000000,8.05000000,7.56000000,7.66000000,8935374.52000000,69617089.26870000,103647
2022-09-13,7.67000000,7.96000000,7.03000000,7.06000000,9252301.09000000,69119733.93270000,110100
2022-09-14,7.06000000,7.31000000,7.01000000,7.21000000,5914357.47000000,42407266.80690000,54680
2022-09-15,7.20000000,7.24000000,6.87000000,6.93000000,7556924.27000000,53133149.89000000,73696
2022-09-16,6.94000000,6.98000000,6.70000000,6.90000000,6058337.40000000,41514230.76090000,61116
2022-09-17,6.91000000,7.16000000,6.90000000,7.06000000,3924016.97000000,27608554.56580000,42555
2022-09-18,7.05000000,7.06000000,6.32000000,6.44000000,7888082.40000000,53309930.99950000,85813
2022-09-19,6.45000000,6.56000000,6.10000000,6.39000000,9255864.10000000,58347282.48780000,91075
2022-09-20,6.39000000,6.42000000,6.17000000,6.28000000,5497167.84000000,34610787.52300000,48340
2022-09-21,6.28000000,6.58000000,5.97000000,6.12000000,9829632.50200000,61680412.45300000,101688
2022-09-22,6.12000000,6.53000000,6.08000000,6.45000000,6063122.51000000,38550317.08420000,59283
2022-09-23,6.45000000,6.64000000,6.19000000,6.44000000,9016451.68000000,57613639.62740000,78164
2022-09-24,6.44000000,6.51000000,6.23000000,6.27000000,3955623.65000000,25363741.04540000,39003
2022-09-25,6.27000000,6.38000000,6.08000000,6.20000000,3734926.28000000,23359645.41770000,37576
2022-09-26,6.20000000,6.58000000,6.15000000,6.56000000,8553957.35000000,54626385.63890000,74899
2022-09-27,6.55000000,6.80000000,6.24000000,6.37000000,7249174.06000000,47752231.18150000,74083
2022-09-28,6.37000000,6.47000000,6.17000000,6.38000000,5452664.80000000,34565417.82550000,54052
2022-09-29,6.39000000,6.49000000,6.26000000,6.43000000,5600368.30000000,35789913.44000000,46665
2022-09-30,6.44000000,6.58000000,6.21000000,6.32000000,8082261.96000000,51705131.93190000,70822
2022-10-01,6.33000000,6.34000000,6.21000000,6.27000000,3450155.56000000,21678138.36190000,27168
2022-10-02,6.26000000,6.33000000,6.13000000,6.15000000,3801773.23000000,23739735.94810000,34590
2022-10-03,6.16000000,6.41000000,6.09000000,6.37000000,4977131.51000000,31261979.08640000,37930
2022-10-04,6.37000000,6.54000000,6.34000000,6.50000000,4072739.41000000,26257026.45670000,32122
2022-10-05,6.50000000,6.51000000,6.27000000,6.44000000,4166685.22000000,26577365.69470000,32595
2022-10-06,6.44000000,6.52000000,6.31000000,6.34000000,4214865.72000000,27074293.15850000,33151
2022-10-07,6.34000000,6.40000000,6.25000000,6.33000000,2949396.86000000,18656957.00850000,22642
2022-10-08,6.33000000,6.40000000,6.26000000,6.31000000,1422016.00000000,9018654.99550000,14921
2022-10-09,6.31000000,6.50000000,6.28000000,6.48000000,2462447.16000000,15780014.41450000,23361
2022-10-10,6.48000000,6.54000000,6.24000000,6.25000000,3764636.20000000,23993660.00630000,32447
2022-10-11,6.25000000,6.26000000,6.13000000,6.17000000,3272884.80000000,20271619.88770000,30486
2022-10-12,6.18000000,6.25000000,6.13000000,6.18000000,2393433.73000000,14807829.46010000,21026
2022-10-13,6.18000000,6.18000000,5.68000000,6.11000000,7380068.70400000,43803347.76875000,76806
2022-10-14,6.11000000,6.27000000,6.01000000,6.05000000,3863936.64000000,23808522.34670000,33819
2022-10-15,6.05000000,6.10000000,6.02000000,6.05000000,1706785.75000000,10348089.42450000,18312
2022-10-16,6.05000000,6.25000000,6.04000000,6.18000000,2485868.92000000,15296884.54460000,24055
2022-10-17,6.19000000,6.29000000,6.12000000,6.26000000,3223265.91000000,20009718.14470000,26937
2022-10-18,6.26000000,6.30000000,6.07000000,6.16000000,3868946.94000000,23894853.69780000,28733
2022-10-19,6.16000000,6.26000000,6.06000000,6.10000000,4401418.42000000,27082582.69960000,34879
2022-10-20,6.11000000,6.16000000,5.82000000,5.89000000,5073844.54000000,30553159.16780000,45430
2022-10-21,5.88000000,5.90000000,5.73000000,5.84000000,6612206.88000000,38563351.91760000,52696
2022-10-22,5.83000000,5.87000000,5.77000000,5.85000000,2971915.78000000,17309104.48960000,25818
2022-10-23,5.85000000,5.98000000,5.75000000,5.97000000,2942177.38000000,17267778.50120000,24252
2022-10-24,5.96000000,5.99000000,5.80000000,5.92000000,3823238.57000000,22458552.86390000,27306
2022-10-25,5.91000000,6.63000000,5.89000000,6.43000000,9006229.17000000,56614586.76040000,79030
2022-10-26,6.44000000,6.61000000,6.41000000,6.47000000,6443103.67000000,41860126.62260000,51379
2022-10-27,6.47000000,6.65000000,6.28000000,6.34000000,6785956.61000000,43848838.15660000,57206
2022-10-28,6.33000000,6.59000000,6.26000000,6.52000000,4911921.10000000,31559374.46450000,39659
2022-10-29,6.51000000,6.78000000,6.49000000,6.63000000,6052975.69000000,40103123.28960000,58444
2022-10-30,6.63000000,6.75000000,6.51000000,6.66000000,4310912.76000000,28501978.89400000,37076
2022-10-31,6.65000000,6.84000000,6.57000000,6.62000000,7120046.35000000,47622841.27760000,59202
2022-11-01,6.62000000,6.72000000,6.45000000,6.46000000,3710854.82000000,24451733.30560000,33192
2022-11-02,6.45000000,6.53000000,6.16000000,6.25000000,6160529.66000000,39202596.00890000,60872
2022-11-03,6.26000000,6.53000000,6.23000000,6.41000000,5454796.72000000,35125336.33080000,46647
2022-11-04,6.42000000,7.10000000,6.38000000,7.05000000,9531817.15000000,64593267.90520000,99859
2022-11-05,7.06000000,7.25000000,6.94000000,7.03000000,7379052.14000000,52286124.30920000,74395
2022-11-06,7.03000000,7.15000000,6.79000000,6.81000000,5716020.12000000,40108693.03130000,50810
2022-11-07,6.81000000,7.42000000,6.65000000,7.12000000,9474204.99000000,66713522.48580000,93878
2022-11-08,7.12000000,7.20000000,5.86000000,6.30000000,17011590.68000000,110597386.28320000,210506
2022-11-09,6.30000000,6.38000000,5.34000000,5.41000000,15523101.01000000,93168867.27795000,221640
2022-11-10,5.42000000,6.18000000,5.32000000,5.97000000,12598434.37000000,72920076.28420000,156206
2022-11-11,5.97000000,6.05000000,5.50000000,5.75000000,8907098.41000000,50987474.98920000,95844
2022-11-12,5.75000000,5.88000000,5.56000000,5.77000000,3603570.50000000,20690424.14100000,47555
2022-11-13,5.78000000,5.97000000,5.62000000,5.75000000,5069240.31000000,29401654.65500000,75777
2022-11-14,5.75000000,5.90000000,5.44000000,5.86000000,5738361.29000000,32677149.51030000,87296
2022-11-15,5.87000000,6.05000000,5.80000000,5.92000000,3301786.70000000,19605611.79470000,49789
2022-11-16,5.92000000,6.00000000,5.61000000,5.71000000,3209428.37000000,18614513.40250000,52048
2022-11-17,5.70000000,5.73000000,5.56000000,5.67000000,2822106.06000000,15982272.43990000,32590
2022-11-18,5.68000000,5.78000000,5.60000000,5.65000000,2187119.21000000,12454001.88770000,23870
2022-11-19,5.65000000,5.66000000,5.53000000,5.61000000,1602398.67000000,8937618.55760000,23055
2022-11-20,5.61000000,5.66000000,5.25000000,5.30000000,3870989.34000000,21104165.77660000,43973
2022-11-21,5.30000000,5.30000000,5.07000000,5.18000000,6524218.75000000,33962665.12770000,52870
2022-11-22,5.19000000,5.32000000,5.00000000,5.28000000,5740050.28000000,29691038.68240000,52227
2022-11-23,5.28000000,5.49000000,5.25000000,5.44000000,4175250.00000000,22468488.39740000,37341
2022-11-24,5.43000000,5.53000000,5.33000000,5.39000000,3739397.20000000,20261455.27510000,33226
2022-11-25,5.38000000,5.39000000,5.25000000,5.26000000,2770201.53000000,14688127.62570000,27265
2022-11-26,5.27000000,5.46000000,5.24000000,5.30000000,2879533.81000000,15422148.64180000,32425
2022-11-27,5.30000000,5.44000000,5.26000000,5.30000000,2262349.07000000,12123113.16320000,25958
2022-11-28,5.31000000,5.32000000,5.06000000,5.13000000,5094640.21000000,26299720.22450000,48033
2022-11-29,5.13000000,5.35000000,5.09000000,5.30000000,3879496.66000000,20382824.10870000,33853
2022-11-30,5.30000000,5.51000000,5.30000000,5.46000000,4722700.97000000,25553984.90530000,42263
2022-12-01,5.46000000,5.48000000,5.32000000,5.41000000,4001779.36000000,21565687.21810000,35732
2022-12-02,5.40000000,5.69000000,5.37000000,5.62000000,6607178.18000000,36595944.34680000,52817
2022-12-03,5.62000000,5.71000000,5.48000000,5.49000000,4453433.15000000,24895152.98100000,33125
2022-12-04,5.50000000,5.61000000,5.49000000,5.59000000,2771876.82000000,15388162.79180000,23266
2022-12-05,5.60000000,5.73000000,5.44000000,5.48000000,3645172.05000000,20379147.94550000,33303
2022-12-06,5.48000000,5.52000000,5.42000000,5.50000000,2713444.43000000,14853894.05710000,22788
2022-12-07,5.49000000,5.53000000,5.24000000,5.29000000,5307370.08000000,28271803.92790000,38370
2022-12-08,5.29000000,5.47000000,5.25000000,5.42000000,4019638.16000000,21436693.97750000,28335
2022-12-09,5.42000000,5.44000000,5.26000000,5.30000000,2687576.39000000,14392192.46720000,24507
2022-12-10,5.29000000,5.33000000,5.26000000,5.27000000,1281589.14000000,6779886.37110000,15979
2022-12-11,5.28000000,5.33000000,5.13000000,5.17000000,2136325.82000000,11164882.34710000,23719
2022-12-12,5.16000000,5.21000000,5.00000000,5.17000000,4090252.30000000,20962565.46690000,33280
2022-12-13,5.17000000,5.35000000,4.99000000,5.28000000,5123267.46000000,26498290.42870000,44664
2022-12-14,5.29000000,5.35800000,5.15400000,5.21500000,5918542.41000000,31222303.48044000,75899
2022-12-15,5.21400000,5.25400000,5.11600000,5.23000000,4122946.05000000,21417791.11581000,57654
2022-12-16,5.23000000,5.25000000,4.52000000,4.65200000,7256168.85000000,35961423.95333400,132773
2022-12-17,4.65300000,4.72400000,4.58300000,4.70800000,4616715.62000000,21558010.39159000,72420
2022-12-18,4.70900000,4.71600000,4.61700000,4.65700000,2749549.56000000,12839492.15870000,37146
2022-12-19,4.65700000,4.70500000,4.41000000,4.48100000,4752800.99000000,21758854.40594000,61328
2022-12-20,4.47900000,4.65300000,4.46100000,4.60500000,3310151.54000000,15158799.00286000,49248
2022-12-21,4.60600000,4.61600000,4.44200000,4.48500000,2732722.13000000,12305001.00567000,40751
2022-12-22,4.48600000,4.53700000,4.37000000,4.53100000,2979884.33000000,13255458.94175000,44994
2022-12-23,4.53200000,4.54600000,4.45400000,4.47300000,2669853.97000000,12027097.27714000,37837
2022-12-24,4.47300000,4.49200000,4.43000000,4.45200000,1305078.13000000,5822518.60220000,22397
2022-12-25,4.45100000,4.49800000,4.39600000,4.49200000,1726195.69000000,7662366.49777000,28846
2022-12-26,4.49200000,4.57800000,4.46500000,4.57100000,1955878.56000000,8812897.49759000,32933
2022-12-27,4.57100000,4.58500000,4.45500000,4.47800000,2694420.81000000,12133923.16848000,36321
2022-12-28,4.47900000,4.48400000,4.24000000,4.28600000,5301428.71000000,23021062.05553000,63479
2022-12-29,4.28600000,4.35500000,4.22400000,4.30900000,2461379.78000000,10575923.99114000,32695
2022-12-30,4.30800000,4.34100000,4.22600000,4.32400000,2037686.16000000,8730992.15665000,26708
2022-12-31,4.32400000,4.39400000,4.29800000,4.30900000,1499221.97000000,6506285.76137000,19168
2023-01-01,4.30800000,4.38700000,4.27500000,4.37100000,1341743.70000000,5804940.74222000,18144
2023-01-02,4.37100000,4.56000000,4.31600000,4.49200000,3164787.56000000,14108164.09261000,39178
2023-01-03,4.49200000,4.54500000,4.46200000,4.52600000,1964103.62000000,8855224.35151000,27095
2023-01-04,4.52600000,4.68900000,4.52600000,4.63200000,3126367.78000000,14489681.79550000,44407
2023-01-05,4.63100000,4.64900000,4.54500000,4.62000000,2923627.93000000,13441586.49111000,36653
2023-01-06,4.62100000,4.70600000,4.55200000,4.68400000,3264757.81000000,15120174.25350000,41101
2023-01-07,4.68400000,4.70500000,4.63600000,4.66400000,1594150.21000000,7439392.19189000,20947
2023-01-08,4.66500000,4.82800000,4.60200000,4.82600000,3227517.66000000,15165097.53366000,37732
2023-01-09,4.82600000,5.08300000,4.80000000,4.88700000,6257669.61000000,30954687.05952000,91382
2023-01-10,4.88600000,4.97000000,4.82300000,4.92000000,2874898.27000000,14106042.71392000,42640
2023-01-11,4.92000000,5.13900000,4.82800000,5.13500000,4492624.63000000,22173958.79576000,59916
2023-01-12,5.13400000,5.26300000,5.01500000,5.23200000,5972215.45000000,30683167.86536000,82202
2023-01-13,5.23300000,5.42400000,5.16300000,5.40100000,4812544.83000000,25366167.72953000,68548
2023-01-14,5.40100000,6.52300000,5.39600000,6.02600000,15720921.50000000,94376794.10537000,282490
2023-01-15,6.02600000,6.06600000,5.77100000,5.92900000,5959244.43000000,35308130.34482000,103413
2023-01-16,5.92800000,6.08700000,5.61000000,5.81200000,7588428.70000000,44381012.34679000,122825
2023-01-17,5.81200000,6.21000000,5.69100000,5.95600000,7799551.36000000,46750755.58835000,142433
2023-01-18,5.95700000,6.22100000,5.56400000,5.65300000,9689343.05000000,57037629.26937000,196817
2023-01-19,5.64800000,5.84800000,5.64300000,5.80200000,3346968.36000000,19259929.99106000,66447
2023-01-20,5.80200000,6.29500000,5.75200000,6.24700000,5373230.43000000,32092221.16675000,109157
2023-01-21,6.24900000,6.46400000,6.00700000,6.23700000,8330369.73000000,52117242.77299000,175074
2023-01-22,6.23700000,6.45700000,6.08500000,6.20700000,5762744.72000000,36139305.78467000,120132
2023-01-23,6.20700000,6.84000000,6.19800000,6.56000000,10282785.38000000,67032231.59530000,214479
2023-01-24,6.56000000,6.70800000,6.11700000,6.19100000,6235582.40000000,40416765.49721000,128159
2023-01-25,6.19100000,6.56300000,6.01000000,6.39900000,7441471.55000000,46550395.08134000,145066
2023-01-26,6.40000000,6.56300000,6.30100000,6.47200000,6830192.66000000,43987650.75712000,126815
2023-01-27,6.47200000,6.62300000,6.27000000,6.58500000,5365147.79000000,34613397.99009000,99377
2023-01-28,6.58500000,6.66400000,6.32100000,6.39700000,3866647.74000000,25074633.73167000,78583
2023-01-29,6.39600000,6.70000000,6.32700000,6.61100000,4745086.65000000,31145885.11482000,88697
2023-01-30,6.61200000,6.65000000,6.02000000,6.19000000,5572642.90000000,35148635.60162000,106597
2023-01-31,6.19000000,6.33000000,6.14200000,6.26000000,3778549.45000000,23563540.77602000,68221
2023-02-01,6.26000000,6.49100000,6.02700000,6.46700000,5790692.06000000,36117672.04676000,112348
2023-02-02,6.46700000,6.91700000,6.45100000,6.54300000,8407701.21000000,55925067.74444000,155165
2023-02-03,6.54300000,7.12600000,6.50400000,7.00800000,10176943.45000000,70026418.38355000,184243
2023-02-04,7.00800000,7.07500000,6.81800000,6.87300000,3786921.97000000,26239983.95878000,81806
2023-02-05,6.87200000,6.89500000,6.51300000,6.63700000,5167240.50000000,34711583.19741000,104531
2023-02-06,6.63800000,6.78900000,6.40100000,6.49400000,4695000.22000000,31293927.58745000,102106
2023-02-07,6.49400000,6.94900000,6.47300000,6.94100000,5490955.62000000,36897896.17402000,110153
2023-02-08,6.94000000,7.02000000,6.61500000,6.75700000,4810790.32000000,32797697.93291000,102416
2023-02-09,6.75700000,6.97600000,6.08800000,6.23500000,10458985.31000000,69699170.72612000,225560
2023-02-10,6.23500000,6.30800000,6.12000000,6.18600000,4981218.12000000,31042967.29972000,105344
2023-02-11,6.18400000,6.29300000,6.15800000,6.27800000,1700227.29000000,10569191.70180000,41348
2023-02-12,6.27800000,6.38700000,6.07400000,6.18100000,2375027.69000000,14907458.06126000,57107
2023-02-13,6.18000000,6.25900000,5.87800000,6.14300000,6431367.53000000,38982201.71731000,137433
2023-02-14,6.14100000,6.26400000,5.95000000,6.22700000,5370812.92000000,33020557.07326000,104872
2023-02-15,6.22800000,6.61800000,6.16000000,6.61200000,6593492.92000000,41899068.96092000,112056
2023-02-16,6.61200000,6.94900000,6.31800000,6.32700000,9174248.37000000,60471577.10671000,173415
2023-02-17,6.32700000,7.41800000,6.29100000,7.28400000,18071582.97000000,126609453.81210000,328334
2023-02-18,7.28400000,7.37500000,7.10500000,7.22900000,8168832.05000000,59105655.32127000,144333
2023-02-19,7.23000000,7.90000000,7.18500000,7.43800000,14912594.12000000,112652813.96606000,310071
2023-02-20,7.44000000,7.56800000,7.25000000,7.55100000,7886712.30000000,58977906.82710000,164137
2023-02-21,7.55100000,7.57500000,7.11700000,7.25100000,6671197.70000000,48895202.02761000,128393
2023-02-22,7.25100000,7.27000000,6.88000000,7.18600000,7597418.57000000,53634169.83756000,157907
2023-02-23,7.18600000,7.38400000,7.01500000,7.09300000,5906199.95000000,42654140.07335000,129797
2023-02-24,7.09500000,7.14600000,6.47000000,6.61400000,7399291.71000000,50368086.64969000,164192
2023-02-25,6.61400000,6.64900000,6.34200000,6.54400000,3497010.80000000,22840999.83622000,82480
2023-02-26,6.54400000,6.73000000,6.50300000,6.69100000,3363024.11000000,22246198.42253000,71739
2023-02-27,6.69200000,6.78500000,6.48900000,6.57900000,4411661.72000000,29251951.48806000,86533
2023-02-28,6.58000000,6.60000000,6.27600000,6.34700000,4169725.04000000,26901055.67911000,79729
2023-03-01,6.34900000,6.59800000,6.30600000,6.53500000,4300464.00000000,27924668.50360000,83953
2023-03-02,6.53400000,6.56000000,6.22100000,6.33500000,2989319.83000000,18959758.12033000,68444
2023-03-03,6.33500000,6.33800000,5.79200000,6.03700000,5503764.91000000,33114508.34691000,111936
2023-03-04,6.03800000,6.05800000,5.73000000,5.91700000,2603387.07000000,15440347.78059000,56516
2023-03-05,5.91700000,6.06600000,5.89000000,5.97800000,2368080.13000000,14199978.29692000,49302
2023-03-06,5.97700000,6.04300000,5.85600000,5.92000000,2790540.69000000,16602699.93396000,61374
2023-03-07,5.92200000,6.01900000,5.74000000,5.84700000,4741858.19000000,27796517.77889000,87249
2023-03-08,5.84600000,5.94300000,5.50100000,5.60100000,6663332.34000000,37843157.19623000,121226
2023-03-09,5.60000000,5.80300000,5.25000000,5.38500000,7590734.25000000,42205506.08874000,142408
2023-03-10,5.38600000,5.58200000,5.15000000,5.54900000,9610786.57000000,51812425.35271000,176968
2023-03-11,5.54800000,5.67800000,5.22300000,5.46300000,7374280.77000000,40048657.95040000,148555
2023-03-12,5.46300000,5.90300000,5.36000000,5.89500000,6697046.08000000,37513544.85324000,137995
2023-03-13,5.89400000,6.14300000,5.70600000,6.10000000,10435277.93000000,61985326.24581000,205528
2023-03-14,6.10100000,6.53700000,5.98700000,6.22300000,10272410.97000000,64459130.16063000,202562
2023-03-15,6.22000000,6.37700000,5.77700000,5.87400000,9060374.00000000,55205045.10517000,185446
2023-03-16,5.87300000,6.14200000,5.75800000,6.08800000,5974943.99000000,35890695.13269000,122711
2023-03-17,6.08700000,6.63100000,6.02600000,6.61800000,7687668.38000000,49031686.90420000,160827
2023-03-18,6.61700000,6.69900000,6.28300000,6.31300000,6601084.28000000,43131032.70465000,149725
2023-03-19,6.31400000,6.60100000,6.31200000,6.45100000,4887337.41000000,31650010.98876000,102979
2023-03-20,6.45400000,6.48500000,6.05200000,6.09200000,5512709.62000000,34793616.01575000,124260
2023-03-21,6.09100000,6.45800000,6.00000000,6.36300000,5510022.95000000,34237144.40729000,125290
2023-03-22,6.36300000,6.40000000,5.91100000,6.05300000,6799970.34000000,42235878.63652000,161551
2023-03-23,6.05400000,6.42100000,5.99100000,6.32100000,4307141.06000000,26823117.44775000,97347
2023-03-24,6.32100000,6.34100000,5.95000000,6.02100000,3721415.50000000,22764110.82107000,86616
2023-03-25,6.02200000,6.08000000,5.83000000,5.90500000,2201417.88000000,13145389.13325000,53854
2023-03-26,5.90500000,6.10700000,5.87800000,6.04200000,1783486.74000000,10738831.21844000,40825
2023-03-27,6.04400000,6.11500000,5.74500000,5.86700000,3393287.18000000,20085180.98981000,76548
2023-03-28,5.86700000,6.10900000,5.78700000,6.05600000,2901986.46000000,17266884.45055000,64814
2023-03-29,6.05700000,6.28500000,6.04800000,6.18300000,3767888.67000000,23354163.19851000,74824
2023-03-30,6.18300000,6.29500000,6.02500000,6.12200000,3863516.22000000,23726270.88821000,80318
2023-03-31,6.12200000,6.38500000,6.10100000,6.34300000,4320037.00000000,27058112.58292000,83760
2023-04-01,6.34300000,6.39300000,6.19000000,6.34400000,2562358.07000000,16120605.91695000,53454
2023-04-02,6.34400000,6.44600000,6.18000000,6.26300000,3027603.59000000,19179517.84472000,64711
2023-04-03,6.26300000,6.50000000,6.09000000,6.41900000,5348344.83000000,33788765.50806000,113657
2023-04-04,6.41900000,6.53300000,6.36700000,6.43900000,4385744.74000000,28282948.94705000,78413
2023-04-05,6.43700000,6.58600000,6.32000000,6.40600000,3707843.14000000,23940599.06778000,73260
2023-04-06,6.40500000,6.41700000,6.25600000,6.28100000,2705532.09000000,17145820.12307000,54162
2023-04-07,6.28000000,6.31800000,6.13400000,6.17800000,2659031.62000000,16476178.06199000,48805
2023-04-08,6.17800000,6.23500000,6.09000000,6.13000000,2071466.55000000,12768154.72718000,37888
2023-04-09,6.13100000,6.26000000,6.09700000,6.21100000,2172474.50000000,13397527.96655000,40718
2023-04-10,6.21200000,6.31300000,6.11700000,6.29100000,2564574.59000000,15914291.38742000,47821
2023-04-11,6.29000000,6.49000000,6.27600000,6.41500000,4183538.72000000,26757558.50587000,71170
2023-04-12,6.41600000,6.46900000,6.21400000,6.40300000,4545433.57000000,28834275.13516000,80883
2023-04-13,6.40400000,6.65000000,6.34900000,6.63400000,4560331.92000000,29681388.58371000,74281
2023-04-14,6.63400000,6.86500000,6.53500000,6.73100000,6593166.92000000,44294992.01492000,114509
2023-04-15,6.73100000,6.87100000,6.63300000,6.80400000,3719680.31000000,25132681.72997000,66410
2023-04-16,6.80300000,6.88300000,6.67300000,6.82400000,3729598.19000000,25287923.41372000,63116
2023-04-17,6.82400000,6.83400000,6.61600000,6.69600000,4193096.98000000,28090494.36197000,71877
2023-04-18,6.69800000,7.00000000,6.57100000,6.91400000,5118143.99000000,35075965.57183000,87207
2023-04-19,6.91600000,6.92000000,6.24000000,6.30900000,6052908.31000000,39402812.30979000,131592
2023-04-20,6.30900000,6.43800000,6.06300000,6.11100000,5249007.89000000,32896181.34742000,99504
2023-04-21,6.11100000,6.17100000,5.77700000,5.84900000,4612277.77000000,27577216.50909000,92726
2023-04-22,5.84900000,5.97800000,5.82000000,5.94900000,2053514.40000000,12147203.94653000,39924
2023-04-23,5.94900000,5.97200000,5.76800000,5.90600000,2377100.04000000,14009157.69671000,49968
2023-04-24,5.90700000,6.02900000,5.80000000,5.88500000,2775196.21000000,16447082.60042000,60393
2023-04-25,5.88500000,6.01200000,5.77800000,5.99900000,2687822.25000000,15787994.36182000,54455
2023-04-26,5.99900000,6.22000000,5.60000000,5.85200000,6083740.49000000,36269233.69091000,120224
2023-04-27,5.85000000,6.05200000,5.83100000,5.97000000,3633819.81000000,21597201.05361000,75514
2023-04-28,5.97100000,5.98100000,5.77100000,5.94700000,3150009.51000000,18564731.71513000,60134
2023-04-29,5.94700000,6.05600000,5.91900000,6.04100000,2093279.06000000,12534354.14918000,39253
2023-04-30,6.04100000,6.08700000,5.84400000,5.87700000,2601857.52000000,15571263.08844000,49090
2023-05-01,5.87700000,5.90900000,5.59600000,5.66600000,3218928.53000000,18483399.91603000,66734
2023-05-02,5.66600000,5.75700000,5.61800000,5.71300000,2302881.33000000,13103661.69395000,44298
2023-05-03,5.71200000,5.81200000,5.55000000,5.77800000,2833604.94000000,16059932.93823000,56428
2023-05-04,5.77900000,5.79800000,5.61900000,5.67100000,1642330.91000000,9383320.64376000,33667
2023-05-05,5.67100000,5.90100000,5.65100000,5.84700000,2688794.26000000,15578171.08901000,55239
2023-05-06,5.84600000,5.89400000,5.58400000,5.63300000,2186936.32000000,12481077.69585000,47968
2023-05-07,5.63200000,5.70000000,5.60100000,5.63200000,1536706.10000000,8691414.60583000,31013
2023-05-08,5.63200000,5.64800000,5.17000000,5.36900000,5071223.12000000,27318219.30730000,96663
2023-05-09,5.36800000,5.41200000,5.29100000,5.32300000,2384156.76000000,12729365.70728000,41586
2023-05-10,5.32400000,5.52300000,5.20900000,5.46300000,3980709.56000000,21443555.78318000,72231
2023-05-11,5.46300000,5.47000000,5.18000000,5.27800000,2732930.39000000,14574895.06973000,55478
2023-05-12,5.27800000,5.35000000,5.11700000,5.34200000,2844970.82000000,14878359.16953000,57868
2023-05-13,5.34200000,5.39600000,5.31300000,5.34600000,1362265.01000000,7294873.32092000,28994
2023-05-14,5.34700000,5.44800000,5.31000000,5.34700000,1414347.84000000,7593227.61105000,30562
2023-05-15,5.34900000,5.43100000,5.26700000,5.31300000,2109633.37000000,11327793.33635000,39483
2023-05-16,5.31300000,5.33700000,5.23200000,5.29600000,1827920.88000000,9650031.63083000,35732
2023-05-17,5.29700000,5.44000000,5.22100000,5.42200000,2843186.06000000,15123450.10614000,47468
2023-05-18,5.42300000,5.46700000,5.24600000,5.33800000,2885485.35000000,15510476.84942000,44498
2023-05-19,5.33800000,5.39300000,5.31300000,5.37200000,1832422.71000000,9811234.69252000,28355
2023-05-20,5.37200000,5.44600000,5.32900000,5.40900000,1506151.33000000,8130728.57158000,24253
2023-05-21,5.40900000,5.43300000,5.24200000,5.27300000,1554875.25000000,8277355.04721000,27871
2023-05-22,5.27300000,5.33700000,5.22400000,5.31100000,1716607.63000000,9087305.50079000,27721
2023-05-23,5.31200000,5.45000000,5.29000000,5.40100000,1761134.40000000,9483913.60202000,31485
2023-05-24,5.40100000,5.40500000,5.19600000,5.25200000,2314581.38000000,12202572.87667000,39552
2023-05-25,5.25300000,5.29700000,5.14000000,5.24500000,2043413.21000000,10710698.78721000,32662
2023-05-26,5.24500000,5.27300000,5.18800000,5.24500000,1672238.06000000,8753346.32514000,24900
2023-05-27,5.24400000,5.37500000,5.23100000,5.33700000,1923151.28000000,10210606.87794000,28199
2023-05-28,5.33600000,5.56100000,5.31600000,5.50200000,2093452.08000000,11360962.04433000,32917
2023-05-29,5.50200000,5.53900000,5.41400000,5.45900000,1871798.74000000,10246806.30922000,28634
2023-05-30,5.45900000,5.53000000,5.40700000,5.44200000,2241581.42000000,12258787.58261000,37209
2023-05-31,5.44100000,5.46300000,5.26900000,5.31500000,2704545.15000000,14436698.43736000,42634
2023-06-01,5.31500000,5.33500000,5.18700000,5.20600000,2320022.58000000,12140328.44553000,36157
2023-06-02,5.20600000,5.43500000,5.16000000,5.27800000,2814835.17000000,14787347.84571000,42946
2023-06-03,5.27700000,5.34100000,5.24000000,5.34100000,1228101.12000000,6481820.02123000,19607
2023-06-04,5.34100000,5.38400000,5.30600000,5.31400000,1791577.75000000,9570498.51988000,26171
2023-06-05,5.31400000,5.32200000,4.90000000,5.06500000,5436176.70000000,27909757.71250000,92928
2023-06-06,5.06500000,5.27000000,4.98500000,5.20200000,3042165.47000000,15525952.74542000,48153
2023-06-07,5.20200000,5.21200000,4.97600000,5.02400000,2788128.22000000,14188826.96152000,45749
2023-06-08,5.02400000,5.05800000,4.97700000,5.02300000,2253377.78000000,11309747.85188000,30719
2023-06-09,5.02300000,5.07000000,4.93000000,4.98200000,1851425.12000000,9261078.43642000,29847
2023-06-10,4.98200000,4.98600000,4.20000000,4.51700000,11793308.25000000,52397132.99403000,195093
2023-06-11,4.51600000,4.55300000,4.42400000,4.52300000,2824128.89000000,12663051.48728000,45297
2023-06-12,4.52300000,4.55600000,4.41100000,4.53500000,2692091.23000000,12116494.19407000,43074
2023-06-13,4.53500000,4.72100000,4.49500000,4.62700000,2663019.47000000,12273897.17822000,41428
2023-06-14,4.62700000,4.80200000,4.50500000,4.56900000,3575780.44000000,16676521.01646000,54302
2023-06-15,4.56800000,4.62000000,4.27200000,4.37400000,7444659.22000000,32740141.35939000,119566
2023-06-16,4.37500000,4.46800000,4.27600000,4.42200000,3261216.97000000,14265621.08299000,47480
2023-06-17,4.42300000,4.56700000,4.39600000,4.53000000,2348383.65000000,10578701.98313000,31991
2023-06-18,4.53000000,4.66700000,4.47800000,4.53600000,2497125.54000000,11412990.99301000,37950
2023-06-19,4.53700000,4.58800000,4.43300000,4.53000000,2442478.42000000,11011669.12241000,34390
2023-06-20,4.53000000,4.67800000,4.37400000,4.66200000,3232432.59000000,14626701.32339000,44807
2023-06-21,4.66200000,4.92000000,4.63500000,4.82100000,4584261.68000000,21743478.70285000,64597
2023-06-22,4.82100000,4.97600000,4.74500000,4.82500000,4144355.55000000,20179951.51452000,60360
2023-06-23,4.82400000,5.13800000,4.82000000,5.09800000,4776899.26000000,23838856.32772000,72714
2023-06-24,5.09800000,5.13900000,4.90500000,5.00800000,2775434.80000000,13959468.39590000,40805
2023-06-25,5.00800000,5.24600000,5.00200000,5.19400000,4469195.22000000,23044918.46999000,61693
2023-06-26,5.19400000,5.23800000,5.00000000,5.02400000,5174613.73000000,26602849.34539000,70094
2023-06-27,5.02400000,5.15400000,4.99700000,5.09600000,2553579.31000000,12991233.99910000,40479
2023-06-28,5.09500000,5.09900000,4.74600000,4.87900000,3414960.81000000,16944765.44964000,53117
2023-06-29,4.88100000,5.23600000,4.87000000,4.98500000,4821782.23000000,24292623.67253000,82256
2023-06-30,4.98600000,5.20000000,4.78900000,5.18000000,6600936.81000000,33415986.54974000,122408
2023-07-01,5.18000000,5.39200000,5.11200000,5.35100000,4991687.74000000,26273090.25383000,82905
2023-07-02,5.35100000,5.53000000,5.22400000,5.49600000,4416008.07000000,23654072.57980000,82922
2023-07-03,5.49500000,5.63500000,5.37700000,5.43100000,3882932.74000000,21304022.50275000,76889
2023-07-04,5.42900000,5.51300000,5.25600000,5.34800000,3200600.98000000,17329307.79991000,60987
2023-07-05,5.34800000,5.38000000,5.11700000,5.20800000,2843294.07000000,14903242.08470000,60952
2023-07-06,5.20700000,5.36800000,5.01000000,5.01400000,2938752.21000000,15203583.18490000,63992
2023-07-07,5.01500000,5.17900000,4.97500000,5.11900000,1988995.87000000,10141512.89392000,41161
2023-07-08,5.11900000,5.19600000,5.05500000,5.12800000,1200936.94000000,6169765.56296000,28087
2023-07-09,5.12600000,5.16000000,5.06200000,5.08100000,1198821.42000000,6120360.42909000,26287
2023-07-10,5.08100000,5.23000000,4.98000000,5.13100000,2539022.61000000,12922480.82104000,53676
2023-07-11,5.13000000,5.21700000,5.08900000,5.21400000,1663952.63000000,8558931.53180000,37548
2023-07-12,5.21300000,5.31000000,5.10000000,5.14700000,2569152.05000000,13411560.24821000,50345
2023-07-13,5.14600000,5.55000000,5.09600000,5.54500000,5509995.96000000,29655624.14948000,112081
2023-07-14,5.54400000,5.76000000,5.30000000,5.45100000,6354310.66000000,35304685.25344000,130516
2023-07-15,5.45100000,5.56400000,5.38300000,5.43200000,1900188.55000000,10379956.10193000,39335
2023-07-16,5.43200000,5.44800000,5.25600000,5.31100000,2128124.43000000,11410665.64990000,42398
2023-07-17,5.31100000,5.41600000,5.17300000,5.30400000,3209841.19000000,16963574.98826000,63554
2023-07-18,5.30300000,5.39100000,5.10000000,5.18100000,3684193.80000000,19255815.11533000,74092
2023-07-19,5.17900000,5.25700000,5.12900000,5.19300000,2323483.99000000,12086505.81406000,42678
2023-07-20,5.19100000,5.48800000,5.18400000,5.35500000,3840654.42000000,20543636.33948000,69523
2023-07-21,5.35500000,5.71000000,5.33700000,5.48500000,5401854.57000000,29823786.46326000,105342
2023-07-22,5.48600000,5.51800000,5.26600000,5.31400000,2248518.21000000,12105841.39496000,48850
2023-07-23,5.31500000,5.49300000,5.27500000,5.39100000,2228062.70000000,12057900.19890000,48179
2023-07-24,5.39100000,5.41600000,5.10000000,5.20900000,3366607.80000000,17633533.23068000,67008
2023-07-25,5.21000000,5.25600000,5.12900000,5.17500000,1752052.61000000,9075997.49173000,36699
2023-07-26,5.17600000,5.29500000,5.11700000,5.23500000,1716359.24000000,8940988.88874000,40125
2023-07-27,5.23500000,5.33600000,5.18200000,5.23900000,1624000.67000000,8540377.36214000,35131
2023-07-28,5.23900000,5.27300000,5.16000000,5.21900000,1745955.05000000,9107486.97838000,32605
2023-07-29,5.21800000,5.25900000,5.20400000,5.24800000,840163.33000000,4401048.65130000,18158
2023-07-30,5.24800000,5.27600000,5.10000000,5.18400000,1630741.35000000,8476084.74439000,32954
2023-07-31,5.18300000,5.26100000,5.04600000,5.10900000,2162179.25000000,11142150.90652000,41741
2023-08-01,5.10900000,5.20900000,4.95000000,5.20800000,2583489.21000000,13127787.04712000,49189
2023-08-02,5.20700000,5.22000000,5.01200000,5.06100000,1875088.24000000,9600143.51720000,37108
2023-08-03,5.06000000,5.07500000,4.92900000,4.97900000,1578703.36000000,7916286.50324000,31462
2023-08-04,4.97800000,5.04600000,4.93900000,4.99300000,1321512.55000000,6602421.28002000,26613
2023-08-05,4.99300000,4.99600000,4.92900000,4.97400000,694952.49000000,3445999.01141000,18415
2023-08-06,4.97500000,5.04600000,4.95900000,5.00500000,1124716.73000000,5624032.28690000,24437
2023-08-07,5.00600000,5.04900000,4.83500000,4.97100000,1664265.82000000,8257748.03386000,35646
2023-08-08,4.97100000,5.09800000,4.93300000,5.05900000,1388611.45000000,6977989.60972000,27411
2023-08-09,5.06000000,5.10600000,4.99700000,5.05900000,1393130.31000000,7035469.18927000,24685
2023-08-10,5.06000000,5.06700000,4.97700000,5.00600000,1155363.93000000,5795117.40490000,19775
2023-08-11,5.00500000,5.02000000,4.95600000,5.00700000,1022335.23000000,5106797.05263000,17182
2023-08-12,5.00800000,5.04400000,4.99700000,5.04000000,817443.05000000,4103941.70179000,13609
2023-08-13,5.03900000,5.04500000,4.96800000,4.98700000,1063886.17000000,5340932.21876000,16753
2023-08-14,4.98700000,5.05800000,4.95100000,4.98900000,1470525.11000000,7357383.95086000,24304
2023-08-15,4.98900000,4.99800000,4.62200000,4.81800000,2154803.35000000,10499321.49956000,40344
2023-08-16,4.81700000,4.84200000,4.53100000,4.67200000,2433575.41000000,11470290.90311000,42677
2023-08-17,4.67200000,4.98200000,4.31200000,4.42900000,4837864.01000000,22246697.84608000,114768
2023-08-18,4.42900000,4.56000000,4.36500000,4.51000000,2973054.24000000,13291998.90023000,49122
2023-08-19,4.51100000,4.55300000,4.45400000,4.51700000,992385.44000000,4469612.43435000,19680
2023-08-20,4.51700000,4.53300000,4.46600000,4.51900000,1000903.19000000,4503432.31844000,19866
2023-08-21,4.52100000,4.53700000,4.36200000,4.42700000,1589298.11000000,7088555.23644000,30153
2023-08-22,4.42700000,4.45000000,4.25000000,4.42300000,2514612.21000000,11021459.80635000,41762
2023-08-23,4.42500000,4.53700000,4.37800000,4.48900000,2111348.00000000,9396024.36051000,31976
2023-08-24,4.48900000,4.51700000,4.36800000,4.42400000,1954030.49000000,8704598.42793000,26550
2023-08-25,4.42200000,4.49600000,4.35700000,4.49000000,1865483.14000000,8279487.61117000,31908
2023-08-26,4.49000000,4.51400000,4.47600000,4.50700000,1360546.99000000,6120339.88936000,18500
2023-08-27,4.50500000,4.54400000,4.46100000,4.48900000,1274702.18000000,5749758.16952000,19954
2023-08-28,4.48900000,4.62200000,4.41600000,4.61000000,3101890.05000000,13984337.94959000,47561
2023-08-29,4.61000000,4.80600000,4.54000000,4.67800000,4406290.23000000,20487812.91336000,66821
2023-08-30,4.67800000,4.68000000,4.50000000,4.53400000,2107999.59000000,9663345.87508000,32163
2023-08-31,4.53500000,4.53500000,4.23400000,4.27100000,5159773.24000000,22561944.00046000,61398
2023-09-01,4.27100000,4.29500000,4.13600000,4.21800000,3247599.73000000,13743506.21637000,44792
2023-09-02,4.21800000,4.27400000,4.20100000,4.26100000,1385184.88000000,5872241.04466000,22525
2023-09-03,4.26200000,4.30000000,4.22600000,4.25900000,1249649.68000000,5335636.47445000,20201
2023-09-04,4.26000000,4.32100000,4.19300000,4.26000000,2592614.46000000,11038320.00490000,32068
2023-09-05,4.26000000,4.30300000,4.19800000,4.25700000,1833680.97000000,7795510.07104000,23036
2023-09-06,4.25700000,4.28900000,4.17100000,4.27200000,2292602.88000000,9719427.87181000,27780
2023-09-07,4.27300000,4.31000000,4.23500000,4.29400000,2015368.19000000,8599737.02256000,23035
2023-09-08,4.29400000,4.33200000,4.20400000,4.25300000,1911730.39000000,8144093.90405000,25072
2023-09-09,4.25300000,4.27800000,4.23600000,4.23600000,810888.38000000,3451861.96685000,11287
2023-09-10,4.23600000,4.23800000,4.10300000,4.14900000,2602755.63000000,10835267.98042000,34489
2023-09-11,4.14900000,4.15500000,3.90800000,3.98900000,4954332.39000000,19985747.51045600,64003
2023-09-12,3.98800000,4.09700000,3.95300000,3.98600000,3322442.65000000,13323304.11008000,45036
2023-09-13,3.98700000,4.10000000,3.95000000,3.99800000,2434240.08000000,9754689.03710000,37523
2023-09-14,3.99900000,4.08800000,3.97300000,4.05800000,2826450.26000000,11391568.14754000,40892
2023-09-15,4.05900000,4.17200000,4.04600000,4.13900000,2403258.06000000,9851951.34152000,34544
2023-09-16,4.13800000,4.22500000,4.13400000,4.18500000,1814021.69000000,7578854.79715000,29207
2023-09-17,4.18700000,4.18900000,4.04600000,4.07000000,1800037.06000000,7405396.41595000,30518
2023-09-18,4.07000000,4.22000000,4.01400000,4.10600000,2979553.42000000,12323576.23253000,42208
2023-09-19,4.10600000,4.17000000,4.07900000,4.15200000,2631215.34000000,10843602.12733000,36490
2023-09-20,4.15400000,4.16800000,4.06500000,4.13800000,1646018.87000000,6774731.63244000,28476
2023-09-21,4.13900000,4.16600000,4.00100000,4.01200000,1780734.04000000,7238889.41874000,27995
2023-09-22,4.01200000,4.03800000,3.97600000,4.01900000,1633445.47000000,6558618.25053000,20792
2023-09-23,4.01900000,4.03800000,3.99800000,4.03300000,1005804.33000000,4040857.63165000,14169
2023-09-24,4.03300000,4.05800000,3.97100000,3.99300000,1093945.04000000,4401848.51682000,16443
2023-09-25,3.99000000,4.09000000,3.94700000,4.06800000,2354682.85000000,9515793.90153000,30349
2023-09-26,4.06700000,4.09200000,3.97400000,4.01300000,2176205.87000000,8764670.43868000,24684
2023-09-27,4.01300000,4.07500000,3.96700000,3.99300000,2220464.79000000,8926675.66983000,28592
2023-09-28,3.99300000,4.10100000,3.98100000,4.07300000,2423443.08000000,9806686.06823000,28492
2023-09-29,4.07400000,4.12000000,4.05500000,4.07400000,2088662.26000000,8532896.08882000,26133
2023-09-30,4.07400000,4.11900000,4.07100000,4.10300000,1275233.11000000,5221662.81202000,19571
2023-10-01,4.10400000,4.28900000,4.10200000,4.26300000,2265876.10000000,9492383.19123000,36536
2023-10-02,4.26400000,4.31000000,4.05800000,4.12000000,3854026.25000000,16249824.47385000,51439
2023-10-03,4.12100000,4.16200000,4.05000000,4.07700000,1564379.73000000,6423871.33002000,28487
2023-10-04,4.07600000,4.07600000,3.95800000,4.04200000,2554470.06000000,10275846.96080000,37281
2023-10-05,4.04200000,4.08800000,4.00000000,4.02400000,1725328.60000000,6971097.24625000,25232
2023-10-06,4.02400000,4.09400000,3.99800000,4.06800000,1399327.65000000,5668381.73450000,20338
2023-10-07,4.06900000,4.11400000,4.04400000,4.05100000,1027727.79000000,4194858.61128000,15096
2023-10-08,4.05200000,4.07200000,4.00000000,4.01200000,1327658.78000000,5350518.21164000,18282
2023-10-09,4.01200000,4.03000000,3.75600000,3.88100000,3725371.28400000,14459329.26270000,58930
2023-10-10,3.88000000,3.89500000,3.77000000,3.81100000,1997871.04000000,7655982.04065000,33168
2023-10-11,3.81200000,3.82300000,3.70000000,3.74000000,2158166.14000000,8094485.92667000,39065
2023-10-12,3.73900000,3.74100000,3.62100000,3.67600000,2722797.38000000,10005920.10595500,39203
2023-10-13,3.67600000,3.77600000,3.66700000,3.72100000,1628293.29000000,6029608.55335000,24070
2023-10-14,3.72100000,3.76200000,3.71700000,3.73500000,1024225.40000000,3829484.71787000,14197
2023-10-15,3.73400000,3.78200000,3.70700000,3.75300000,1572397.09000000,5891732.34454000,20789
2023-10-16,3.75300000,3.90000000,3.73600000,3.77600000,3758880.85000000,14263082.96055000,50431
2023-10-17,3.77600000,3.77900000,3.63600000,3.67000000,2232638.47000000,8280168.64072000,34499
2023-10-18,3.66900000,3.72300000,3.62900000,3.65400000,1660166.05000000,6100004.31785000,27422
2023-10-19,3.65300000,3.66000000,3.56200000,3.64900000,2373829.06000000,8602261.05146000,31261
2023-10-20,3.64900000,3.80500000,3.63800000,3.71800000,3760071.55000000,14031643.99854000,44357
2023-10-21,3.72000000,3.98000000,3.70600000,3.90900000,3652845.43000000,14089089.84129000,51390
2023-10-22,3.90900000,3.97300000,3.79500000,3.96700000,3393543.88000000,13169997.16344000,54967
2023-10-23,3.96700000,4.36800000,3.91800000,4.35700000,8758003.44000000,35916903.19402000,148940
2023-10-24,4.35800000,4.42500000,4.09600000,4.19000000,9440500.30000000,40351174.10011000,169236
2023-10-25,4.18900000,4.35500000,4.13700000,4.29100000,5030468.80000000,21378819.08155000,85704
2023-10-26,4.29200000,4.45100000,4.15000000,4.23400000,5741821.06000000,24687037.00595000,97741
2023-10-27,4.23400000,4.23600000,4.01000000,4.13500000,5100506.33000000,21131617.49514000,81113
2023-10-28,4.13400000,4.22500000,4.13000000,4.18100000,2924361.17000000,12218842.04170000,44119
2023-10-29,4.18100000,4.35500000,4.12600000,4.31500000,3308326.40000000,14026977.19323000,47573
2023-10-30,4.31500000,4.53200000,4.23300000,4.52500000,6732331.76000000,29375074.67199000,94722
2023-10-31,4.52500000,4.60300000,4.27200000,4.44900000,7122930.14000000,31744062.69581000,111873
2023-11-01,4.44800000,4.80400000,4.32200000,4.72700000,8664657.37000000,39458501.03600000,134761
2023-11-02,4.72800000,4.79500000,4.51000000,4.62900000,7516552.17000000,35112787.84654000,124610
2023-11-03,4.63000000,4.64600000,4.45600000,4.61000000,4994752.05000000,22742132.02135000,80813
2023-11-04,4.61100000,4.78000000,4.58500000,4.68100000,3730420.45000000,17419732.73705000,63670
2023-11-05,4.68200000,4.91000000,4.65300000,4.76200000,8339719.52000000,39869755.91436000,117123
2023-11-06,4.76300000,4.99400000,4.67700000,4.96700000,8062202.56000000,38964896.40730000,105324
2023-11-07,4.96700000,5.05000000,4.71900000,4.92700000,6434501.97000000,31553000.29115000,119345
2023-11-08,4.92700000,5.09400000,4.86000000,5.03300000,7479657.70000000,37278437.49980000,97493
2023-11-09,5.03200000,5.26500000,4.45700000,5.09000000,11953209.53000000,60077445.92479000,205229
2023-11-10,5.09300000,5.31700000,4.96400000,5.30000000,8809057.17000000,45266282.88241000,136983
2023-11-11,5.30000000,5.68200000,5.08600000,5.55700000,13408385.78000000,72677623.83128000,216513
2023-11-12,5.55700000,5.85900000,5.34400000,5.70900000,12507667.74000000,71207434.17292000,211929
2023-11-13,5.70900000,5.89000000,5.33100000,5.34800000,10036536.86000000,56140483.98795000,188902
2023-11-14,5.34900000,5.52200000,5.00000000,5.19700000,8881631.37000000,47138880.61390000,166104
2023-11-15,5.19800000,5.64000000,5.18500000,5.56400000,8603942.41000000,46586629.06352000,122296
2023-11-16,5.56300000,5.80900000,5.27100000,5.35200000,11216571.93000000,62470014.19829000,190284
2023-11-17,5.35200000,5.48600000,5.05000000,5.24400000,6627256.73000000,35031701.05371000,123309
2023-11-18,5.24300000,5.29000000,4.99100000,5.28900000,5049686.40000000,26048707.11029000,84493
2023-11-19,5.29000000,5.48100000,5.17600000,5.43400000,5288348.36000000,28216210.49659000,80080
2023-11-20,5.43300000,5.56900000,5.25500000,5.30200000,6191396.11000000,33640063.65081000,106286
2023-11-21,5.30200000,5.32600000,4.81900000,4.85800000,9809122.53000000,49864453.78504000,176482
2023-11-22,4.85700000,5.28700000,4.84300000,5.17400000,6324028.79000000,32294735.85124000,86430
2023-11-23,5.17400000,5.21900000,5.08200000,5.13900000,3046432.52000000,15705264.04514000,45475
2023-11-24,5.13900000,5.29400000,5.11800000,5.24200000,5725071.98000000,29871738.04532000,72080
2023-11-25,5.24200000,5.38900000,5.21300000,5.32800000,3228936.41000000,17149340.52702000,47182
2023-11-26,5.32800000,5.41500000,5.14500000,5.32900000,4327342.30000000,22945689.31162000,73140
2023-11-27,5.32900000,5.37700000,5.03700000,5.15600000,6281479.69000000,32699074.86723000,87479
2023-11-28,5.15600000,5.31300000,5.10200000,5.27500000,5448920.48000000,28343297.80633000,77009
2023-11-29,5.27500000,5.40000000,5.15000000,5.16100000,4978065.60000000,26246944.36066000,72722
2023-11-30,5.16100000,5.59100000,5.11800000,5.47300000,9449624.60000000,50745372.79466000,131925
2023-12-01,5.47300000,5.52500000,5.36900000,5.47100000,3790598.48000000,20671676.13900000,65308
2023-12-02,5.47000000,5.60400000,5.45000000,5.56200000,3691046.39000000,20353505.48168000,56555
2023-12-03,5.56200000,5.62400000,5.43000000,5.54100000,4369800.25000000,24117628.30810000,75199
2023-12-04,5.54000000,5.72100000,5.42100000,5.63200000,8239235.76000000,46169858.73394000,136912
2023-12-05,5.63300000,5.94600000,5.51100000,5.90700000,11736819.83000000,66605722.30696000,174698
2023-12-06,5.90700000,6.20500000,5.77000000,6.04600000,11202513.64000000,67201268.73573000,198441
2023-12-07,6.04500000,6.30000000,5.90100000,6.24200000,8281399.33000000,50654898.15478000,145757
2023-12-08,6.24200000,6.91400000,6.16600000,6.83700000,11355959.93000000,74167603.14395000,209002
2023-12-09,6.83800000,7.68900000,6.83000000,7.10100000,16985044.20000000,125063776.65281000,399049
2023-12-10,7.10200000,7.36200000,6.95900000,7.34800000,6780828.90000000,48801665.89622000,135988
2023-12-11,7.34800000,7.36100000,6.28500000,6.70900000,12451395.17000000,83525876.77088000,277780
2023-12-12,6.70600000,7.35300000,6.69600000,7.13100000,13610015.42000000,96133540.10494000,288432
2023-12-13,7.13300000,7.64800000,6.61300000,7.60300000,11463964.93000000,80981385.38874000,237087
2023-12-14,7.60200000,7.76900000,6.95500000,7.50700000,12681742.91000000,94086465.65405000,267453
2023-12-15,7.50800000,7.56400000,6.92600000,6.95100000,10696904.91000000,77138950.51664000,183484
2023-12-16,6.95100000,7.35200000,6.85900000,7.09200000,6517746.90000000,46563200.15770000,117710
2023-12-17,7.09200000,7.16300000,6.74900000,6.78400000,6649743.84000000,46309637.81140000,118629
2023-12-18,6.78500000,6.88600000,6.36800000,6.88500000,7414872.74000000,49322271.31790000,142522
2023-12-19,6.88400000,7.04900000,6.61200000,6.70600000,5474784.20000000,37461004.36364000,97081
2023-12-20,6.70600000,7.13600000,6.61800000,6.95100000,8621839.76000000,60025500.50549000,137506
2023-12-21,6.95200000,8.43500000,6.91500000,8.42000000,27166695.07000000,210298551.98810000,546551
2023-12-22,8.42200000,8.58000000,7.84100000,7.95400000,16078478.66000000,130889349.79462000,358130
2023-12-23,7.95400000,8.44600000,7.57800000,8.32600000,12748793.29000000,101419413.82964000,249079
2023-12-24,8.32600000,9.20000000,8.31500000,8.61100000,26401737.92000000,232219586.88424000,579066
2023-12-25,8.61200000,9.40000000,8.49900000,9.19100000,19304116.18000000,175485853.42602000,454471
2023-12-26,9.19200000,9.59300000,8.35300000,8.81900000,14922261.11000000,134627578.77037000,384851
2023-12-27,8.81900000,9.06300000,8.40200000,8.69400000,9947554.08000000,87404188.54861000,254059
2023-12-28,8.69500000,8.91200000,8.26300000,8.42600000,9422637.54000000,80436056.56324000,244659
2023-12-29,8.42700000,8.68600000,8.04900000,8.29100000,11281188.12000000,94656040.37373000,259701
2023-12-30,8.29100000,8.48900000,8.09500000,8.34600000,4747990.66000000,39505354.69642000,116065
2023-12-31,8.34600000,8.64800000,8.02500000,8.20200000,6738987.99000000,56770536.06377000,165484
2024-01-01,8.20300000,8.63000000,8.06100000,8.59500000,5268802.23000000,43998462.10093000,122448
2024-01-02,8.59400000,8.80600000,8.31700000,8.41100000,6792266.31000000,58377153.17058000,178496
2024-01-03,8.40800000,8.57500000,6.50000000,7.62600000,14473959.94000000,111257397.35960000,391891
2024-01-04,7.62600000,7.99900000,7.46900000,7.87900000,7500909.27000000,58093267.24788000,147572
2024-01-05,7.87900000,7.95400000,7.17800000,7.45000000,7631254.61000000,57464488.34297000,174803
2024-01-06,7.44800000,7.44800000,6.94300000,7.13300000,4644445.49000000,33334458.02950000,105082
2024-01-07,7.13200000,7.32700000,6.81700000,6.89900000,4713975.33000000,33656989.53706000,101384
2024-01-08,6.89900000,7.50600000,6.51000000,7.48300000,8524497.42000000,59948921.26999000,182698
2024-01-09,7.48300000,7.52700000,6.90800000,7.12900000,6989170.94000000,50450272.49773000,180550
2024-01-10,7.12800000,8.09100000,6.80000000,7.99100000,9967541.16000000,73376438.34569000,249944
2024-01-11,7.99000000,8.58000000,7.85000000,8.14800000,12836225.08000000,105591164.49629000,328819
2024-01-12,8.14700000,8.21200000,7.31000000,7.56700000,8688542.18000000,68633258.49104000,228828
2024-01-13,7.56600000,7.75300000,7.37000000,7.61700000,4481440.54000000,34195669.73690000,107791
2024-01-14,7.61800000,7.69900000,7.31600000,7.31900000,3486216.30000000,26353006.01686000,89057
2024-01-15,7.31900000,7.69200000,7.30800000,7.50900000,4209668.41000000,31833661.86515000,105614
2024-01-16,7.50900000,7.68800000,7.33900000,7.49300000,4432209.01000000,33319212.32455000,97323
2024-01-17,7.49200000,7.59700000,7.25500000,7.35000000,4237892.42000000,31395225.87852000,81949
2024-01-18,7.34900000,7.39000000,6.82000000,7.01700000,6630266.60000000,47146515.31054000,130483
2024-01-19,7.01800000,7.05200000,6.57100000,6.89400000,6152238.35000000,42126916.44839000,124346
2024-01-20,6.89400000,6.95100000,6.77800000,6.91300000,3231059.21000000,22154318.50247000,58299
2024-01-21,6.91300000,6.97700000,6.80100000,6.81700000,2659737.77000000,18346874.87506000,52902
2024-01-22,6.81500000,6.84800000,6.29300000,6.34100000,8335532.94000000,54570902.11150000,151378
2024-01-23,6.34200000,6.45500000,5.97900000,6.36100000,7491685.08000000,46369574.99185000,133467
2024-01-24,6.36200000,6.54200000,6.26000000,6.46200000,4831265.54000000,30922131.93694000,87556
2024-01-25,6.46100000,6.57900000,6.34600000,6.43800000,3968963.16000000,25618185.03094000,76947
2024-01-26,6.43800000,6.73000000,6.36100000,6.67200000,5226941.00000000,34314904.02308000,82234
2024-01-27,6.67100000,6.75300000,6.53000000,6.66900000,3827612.45000000,25475777.78623000,55849
2024-01-28,6.66900000,6.87500000,6.56700000,6.87200000,5140566.57000000,34475266.02524000,81136
2024-01-29,6.87100000,7.29800000,6.70500000,7.03200000,9464149.78000000,65959353.79513000,143258
2024-01-30,7.03100000,7.08700000,6.82200000,6.83600000,5806026.21000000,40624292.72866000,98557
2024-01-31,6.83800000,6.88800000,6.58400000,6.65400000,5331313.42000000,36031075.31256000,102479
2024-02-01,6.65300000,6.81600000,6.53000000,6.79100000,3801576.85000000,25460624.49081000,69369
2024-02-02,6.79100000,7.02800000,6.76300000,6.94700000,3879893.39000000,26716625.79131000,67175
2024-02-03,6.94700000,7.01000000,6.81300000,6.82500000,2228612.10000000,15383212.24727000,44849
2024-02-04,6.82600000,6.82600000,6.64700000,6.66600000,1847358.83000000,12483445.76748000,40354
2024-02-05,6.66600000,6.97600000,6.59200000,6.73700000,4053934.37000000,27603437.59634000,74232
2024-02-06,6.73700000,6.83200000,6.63900000,6.80700000,3262058.56000000,21983087.33998000,58111
2024-02-07,6.80600000,6.96600000,6.67100000,6.94100000,3978510.79000000,27163603.64775000,71771
2024-02-08,6.94100000,7.11000000,6.87000000,7.01300000,5636725.94000000,39374443.86237000,96589
2024-02-09,7.01400000,7.32900000,6.96000000,7.19600000,6703902.00000000,47880048.76024000,110098
2024-02-10,7.19700000,7.29000000,7.05900000,7.20000000,3362657.29000000,24151408.61195000,58901
2024-02-11,7.20000000,7.34200000,7.07700000,7.09900000,4140070.61000000,29876047.34122000,74020
2024-02-12,7.09900000,7.37700000,6.97800000,7.34000000,6638724.11000000,47756264.59443000,119442
2024-02-13,7.34000000,7.45000000,7.11100000,7.35300000,5806068.65000000,42408110.27971000,106417
2024-02-14,7.35400000,7.71000000,7.27300000,7.64900000,6998063.16000000,53082392.52019000,130998
2024-02-15,7.64800000,7.95000000,7.52600000,7.78100000,8076847.34000000,62737389.42161000,162113
2024-02-16,7.78100000,7.86800000,7.53700000,7.64700000,5128123.74000000,39582350.55408000,113076
2024-02-17,7.64700000,7.70900000,7.34000000,7.70400000,3946834.47000000,29794182.84349000,95232
2024-02-18,7.70400000,7.92000000,7.67600000,7.86000000,4114553.53000000,32032555.09121000,100426
2024-02-19,7.86000000,8.14800000,7.65100000,8.02900000,8186553.00000000,64174923.12627000,163951
2024-02-20,8.02900000,8.11700000,7.39900000,7.73100000,9552318.01000000,73945120.33370000,178000
2024-02-21,7.73100000,7.73200000,7.22500000,7.46600000,6514766.28000000,48234966.35234000,127063
2024-02-22,7.46600000,7.68700000,7.27400000,7.48000000,5384307.43000000,40458873.89838000,100818
2024-02-23,7.48100000,7.64600000,7.26900000,7.56300000,6638489.31000000,49322330.61584000,123876
2024-02-24,7.56400000,7.89100000,7.43100000,7.81900000,6116096.37000000,47385015.29813000,119482
2024-02-25,7.81900000,7.95000000,7.67700000,7.92300000,4176758.99000000,32553618.64877000,83926
2024-02-26,7.92400000,8.11700000,7.58300000,8.10900000,7572230.28000000,59674731.86138000,144072
2024-02-27,8.10900000,8.44900000,7.98700000,8.37100000,10449184.54000000,85260782.62986000,183372
2024-02-28,8.37100000,8.71500000,7.71300000,8.34200000,15023729.48000000,125068060.40644000,342565
2024-02-29,8.34200000,8.89900000,8.02900000,8.26100000,11567082.87000000,99243232.96434000,263151
2024-03-01,8.26300000,8.67300000,8.26300000,8.66100000,7440771.13000000,62653156.22702000,158857
2024-03-02,8.66100000,9.46700000,8.57600000,9.46300000,12812343.11000000,115696178.27531000,294596
2024-03-03,9.46300000,9.90000000,8.57600000,9.78100000,15549955.02000000,146134358.56841000,364720
2024-03-04,9.78100000,10.31000000,9.50000000,9.86200000,20642389.86000000,204917314.03846000,494931
2024-03-05,9.86200000,10.76200000,8.17000000,9.32000000,31707926.36000000,312847055.90206000,840745
2024-03-06,9.32000000,10.56000000,8.92400000,10.54400000,17135241.23000000,169931312.14862000,426365
2024-03-07,10.54400000,11.00000000,10.20900000,10.40200000,11994126.73000000,126076734.71795000,306333
2024-03-08,10.40400000,10.70000000,9.94600000,10.63700000,12982892.21000000,134810803.31724000,314264
2024-03-09,10.63700000,10.95000000,10.40900000,10.49300000,9384527.61000000,100167135.91859000,226543
2024-03-10,10.49400000,10.57400000,9.96300000,10.26100000,7587844.77000000,78414400.74477000,192434
2024-03-11,10.26200000,11.24900000,9.79100000,11.04300000,14996657.84000000,161100181.82388000,373463
2024-03-12,11.04300000,11.15000000,10.02000000,10.73600000,12039946.94000000,128250928.43394000,311774
2024-03-13,10.73600000,11.46000000,10.63800000,11.37400000,11969881.19000000,131486966.49787000,276468
2024-03-14,11.37400000,11.88900000,10.67500000,11.55800000,20155350.19000000,229071925.84591000,536988
2024-03-15,11.55700000,11.70600000,9.97500000,10.81000000,20216540.26000000,215857142.24061000,557152
2024-03-16,10.81100000,10.89900000,9.50200000,9.68200000,13825011.98000000,141260282.07715000,330505
2024-03-17,9.68400000,10.25200000,9.19000000,10.08300000,9420189.81000000,92578800.73045000,229683
2024-03-18,10.08300000,10.45600000,9.60200000,9.90200000,9838197.40000000,98681512.72010000,245319
2024-03-19,9.90100000,9.99400000,8.60000000,8.76600000,15363075.80000000,140223015.47043000,341363
2024-03-20,8.76600000,9.56700000,8.48800000,9.48300000,12729562.23000000,115192954.03982000,267797
2024-03-21,9.48300000,9.58300000,9.06700000,9.17900000,7536093.12000000,70326185.56471000,156774
2024-03-22,9.17900000,9.36700000,8.69400000,8.93600000,6104700.92000000,55019173.18080000,147578
2024-03-23,8.93900000,9.22400000,8.85200000,8.96800000,3464506.12000000,31440053.88562000,82610
2024-03-24,8.96700000,9.43000000,8.95200000,9.37000000,3551552.34000000,32635454.36433000,85961
2024-03-25,9.37200000,9.83200000,9.28700000,9.73500000,6350466.97000000,60894231.33409000,134426
2024-03-26,9.73700000,10.05700000,9.52500000,9.68900000,8244078.96000000,80673527.43835000,174875
2024-03-27,9.68900000,9.81400000,9.30400000,9.44500000,7078224.52000000,67565489.84129000,146861
2024-03-28,9.44800000,9.65900000,9.30000000,9.52200000,5433742.81000000,51686915.65022000,124191
2024-03-29,9.52400000,9.81000000,9.34400000,9.60100000,6430200.46000000,61359950.63986000,129741
2024-03-30,9.60100000,9.69900000,9.38700000,9.42900000,3097586.67000000,29561625.44045000,76410
2024-03-31,9.42900000,9.64900000,9.41400000,9.64700000,2347041.29000000,22412540.66799000,56605
2024-04-01,9.64700000,9.74700000,8.92300000,9.14300000,6554213.02000000,60640113.48337000,142433
2024-04-02,9.14300000,9.14300000,8.37000000,8.58200000,8040640.57000000,69467412.20222000,180154
2024-04-03,8.58200000,8.78000000,8.28400000,8.41600000,5456340.40000000,46799379.00963000,125872
2024-04-04,8.41600000,8.71100000,8.26300000,8.48600000,5143837.32000000,43732433.43625000,95530
2024-04-05,8.48600000,8.51100000,8.07600000,8.37900000,4594358.61000000,38114145.02133000,87487
2024-04-06,8.37900000,8.55500000,8.32900000,8.49400000,3135750.79000000,26414887.39032000,56030
2024-04-07,8.49500000,8.74100000,8.45800000,8.70400000,3777830.16000000,32605410.22559000,68247
2024-04-08,8.70400000,9.09600000,8.57000000,9.04300000,5282323.07000000,47097531.48028000,100101
2024-04-09,9.04300000,9.13700000,8.63200000,8.65900000,6315720.00000000,56122742.15438000,124287
2024-04-10,8.65700000,8.70100000,8.12200000,8.40800000,6364196.82000000,53520436.99866000,129108
2024-04-11,8.40800000,8.52800000,8.18300000,8.38400000,4548223.43000000,37946317.36623000,82773
2024-04-12,8.38200000,8.49000000,6.50300000,7.24000000,18112289.17000000,133913522.69259000,379793
2024-04-13,7.24000000,7.33400000,5.69300000,6.38800000,21049661.80000000,137108512.81321000,459450
2024-04-14,6.38900000,6.92900000,6.19300000,6.85500000,15785330.10000000,103908491.11701000,296621
2024-04-15,6.85500000,7.20600000,6.42900000,6.70800000,9782724.46000000,66986966.76355000,166710
2024-04-16,6.70800000,6.82100000,6.37100000,6.70200000,5720075.35000000,37755851.85471000,115518
2024-04-17,6.70000000,6.77900000,6.32600000,6.58300000,4881081.63000000,32025544.18089000,96753
2024-04-18,6.58000000,6.82900000,6.44500000,6.78400000,3726348.91000000,24841284.31859000,81094
2024-04-19,6.78300000,6.91700000,6.27400000,6.68200000,7702126.65000000,51228128.14886000,137895
2024-04-20,6.68100000,7.28300000,6.60800000,7.24100000,3963964.15000000,27581039.65691000,71819
2024-04-21,7.24100000,7.28800000,6.96200000,7.14000000,2994106.76000000,21401341.30925000,50838
2024-04-22,7.13900000,7.58300000,7.08900000,7.46600000,5143305.97000000,38115624.70031000,93098
2024-04-23,7.46700000,7.54300000,7.20500000,7.24200000,4802056.52000000,35496925.27651000,78516
2024-04-24,7.24300000,7.50000000,6.85700000,6.93100000,6094306.22000000,43770713.70024000,101315
2024-04-25,6.93200000,7.00100000,6.70300000,6.86200000,4296277.37000000,29522566.81950000,71088
2024-04-26,6.86300000,6.95100000,6.71400000,6.76400000,4650325.63000000,31794011.83922000,67383
2024-04-27,6.76500000,6.86600000,6.51100000,6.80700000,3888055.62000000,26004283.68863000,64779
2024-04-28,6.80800000,6.95100000,6.69000000,6.72800000,2445507.20000000,16773666.67295000,43208
2024-04-29,6.72600000,6.82600000,6.47000000,6.58700000,3658934.18000000,24113568.60672000,63006
2024-04-30,6.58800000,6.66900000,6.04000000,6.42500000,7667235.19000000,48530605.89353000,115512
2024-05-01,6.42300000,6.93500000,6.12900000,6.89900000,9928379.44000000,64889057.77625000,175570
2024-05-02,6.90000000,7.40900000,6.69400000,7.27300000,5866303.67000000,41407190.75191000,109002
2024-05-03,7.27200000,7.38600000,7.00200000,7.24500000,6917886.48000000,49700402.13008000,109634
2024-05-04,7.24400000,7.28000000,7.10500000,7.12200000,3557671.87000000,25538079.66083000,71120
2024-05-05,7.12200000,7.40000000,7.01400000,7.30200000,4163778.64000000,29929648.88411000,72928
2024-05-06,7.30300000,7.47300000,7.06000000,7.12100000,4753151.15000000,34575115.49700000,94264
2024-05-07,7.11900000,7.29500000,6.97900000,6.99300000,3682848.45000000,26341986.89067000,64947
2024-05-08,6.99200000,7.18900000,6.89300000,6.98300000,3774626.84000000,26568875.86413000,75550
2024-05-09,6.98200000,7.08900000,6.78200000,7.05000000,3379414.81000000,23494022.92313000,75016
2024-05-10,7.04900000,7.14900000,6.69000000,6.74600000,4044018.42000000,28001136.53901000,86237
2024-05-11,6.74500000,6.80900000,6.63500000,6.65900000,2377967.87000000,15990835.94362000,63809
2024-05-12,6.65900000,6.79300000,6.58600000,6.61700000,1576234.91000000,10549981.05226000,40295
2024-05-13,6.61600000,6.82600000,6.43100000,6.66900000,3606786.80000000,24006845.24137000,74408
2024-05-14,6.67100000,6.69800000,6.46900000,6.48500000,2744202.98000000,18115960.71576000,54763
2024-05-15,6.48500000,7.02900000,6.46100000,6.96100000,4442558.01000000,29947707.03845000,93250
2024-05-16,6.96100000,7.06600000,6.81200000,7.02500000,3415709.35000000,23688289.71924000,77104
2024-05-17,7.02500000,7.29900000,6.99900000,7.19900000,4256397.78000000,30530613.07534000,93983
2024-05-18,7.19800000,7.23200000,7.06300000,7.15700000,1889934.65000000,13528564.03044000,51738
2024-05-19,7.15700000,7.18000000,6.88900000,6.93100000,1874582.61000000,13172233.68275000,52561
2024-05-20,6.93000000,7.58400000,6.85100000,7.57500000,4828245.07000000,35050283.82313000,111128
2024-05-21,7.57400000,7.67100000,7.42800000,7.61000000,4957810.67000000,37493727.53372000,114969
2024-05-22,7.60900000,7.70100000,7.38000000,7.46700000,4310060.98000000,32562307.03784000,91907
2024-05-23,7.46600000,7.60400000,6.89500000,7.20000000,8045710.66000000,58338996.81951000,165136
2024-05-24,7.19900000,7.38600000,7.01700000,7.24400000,3827983.04000000,27592396.21948000,85145
2024-05-25,7.24400000,7.43800000,7.22000000,7.42500000,2016462.27000000,14775929.55812000,45069
2024-05-26,7.42600000,7.64000000,7.36700000,7.55700000,2927564.39000000,21981848.74520000,71817
2024-05-27,7.55600000,7.77500000,7.38000000,7.64000000,3611626.96000000,27354095.59829000,89866
2024-05-28,7.64000000,7.66700000,7.27700000,7.37000000,4935005.61000000,36637189.71365000,111895
2024-05-29,7.37100000,7.56200000,7.14500000,7.17800000,4221424.57000000,31004140.44929000,109760
2024-05-30,7.17800000,7.24300000,6.92300000,6.99800000,4211075.50000000,29768830.26286000,121671
2024-05-31,6.99700000,7.05400000,6.80300000,6.98400000,2478066.66000000,17240959.21724000,68972
2024-06-01,6.98400000,7.13500000,6.95900000,7.06200000,1506527.64000000,10641340.31329000,38697
2024-06-02,7.06100000,7.12500000,6.91700000,6.98800000,1812466.32000000,12739228.39396000,44577
2024-06-03,6.98900000,7.19100000,6.93200000,7.00900000,3867604.77000000,27501440.82946000,70893
2024-06-04,7.00900000,7.23600000,6.94100000,7.17700000,2889356.19000000,20510170.59585000,71252
2024-06-05,7.17800000,7.29800000,7.14800000,7.25100000,2836358.18000000,20489701.47158000,66081
2024-06-06,7.25000000,7.28800000,7.05600000,7.14400000,2433999.18000000,17531588.67298000,59115
2024-06-07,7.14500000,7.29100000,6.05300000,6.65900000,8416185.59000000,56571253.44670000,206977
2024-06-08,6.65900000,6.68300000,6.33800000,6.38400000,3615115.34000000,23479748.53344000,90111
2024-06-09,6.38400000,6.54000000,6.37500000,6.52700000,2659717.39000000,17204100.31419000,61660
2024-06-10,6.52700000,6.58200000,6.35700000,6.50600000,2942181.04000000,19083975.95825000,78223
2024-06-11,6.50600000,6.52700000,6.21700000,6.37800000,5420734.07000000,34467834.53315000,123800
2024-06-12,6.37800000,6.93100000,6.27600000,6.73800000,7033186.82000000,46892490.86663000,149956
2024-06-13,6.73700000,6.74300000,6.33600000,6.35900000,3581239.76000000,23256263.33168000,88271
2024-06-14,6.36000000,6.48800000,6.00000000,6.16300000,5069082.95000000,31653591.82174000,127400
2024-06-15,6.16200000,6.25800000,6.10900000,6.22300000,1928449.76000000,11946251.60148000,38259
2024-06-16,6.22300000,6.42800000,6.14900000,6.39600000,3423193.06000000,21562302.44530000,53738
2024-06-17,6.39700000,6.41800000,5.98700000,6.06900000,4149733.54000000,25729861.79515000,91593
2024-06-18,6.06900000,6.08900000,5.46000000,5.77100000,10700166.19000000,61632237.35168000,188498
2024-06-19,5.77100000,5.99300000,5.73000000,5.79900000,4114058.81000000,24212639.52250000,71171
2024-06-20,5.79800000,5.97200000,5.60000000,5.64200000,3352117.74000000,19440549.48807000,85229
2024-06-21,5.64300000,5.73700000,5.54900000,5.61100000,3503011.61000000,19780172.90643000,75499
2024-06-22,5.61200000,5.80500000,5.54100000,5.75100000,2939866.91000000,16717617.25044000,59425
2024-06-23,5.75200000,5.83000000,5.58700000,5.65200000,1702329.17000000,9742415.15508000,43147
2024-06-24,5.65100000,5.74000000,5.38900000,5.72900000,5455119.88000000,30581475.85042000,141446
2024-06-25,5.72700000,5.97600000,5.70500000,5.84200000,3888721.25000000,22723548.14992000,89117
2024-06-26,5.84100000,5.94900000,5.75700000,5.79900000,2681962.98000000,15700662.86179000,58929
2024-06-27,5.79900000,6.38000000,5.70600000,6.28700000,6316840.04000000,38592283.67132000,129555
2024-06-28,6.28600000,6.44200000,6.15900000,6.19000000,3765151.40000000,23741233.80466000,103182
2024-06-29,6.18900000,6.30500000,6.06300000,6.08000000,1478576.61000000,9119215.34262000,50003
2024-06-30,6.08000000,6.26000000,6.02300000,6.21500000,1831777.53000000,11252365.78312000,56144
2024-07-01,6.21600000,6.45000000,6.19500000,6.32900000,3174108.21000000,20126788.71605000,78075
2024-07-02,6.33000000,6.61100000,6.31400000,6.53100000,5472083.79000000,35357433.53704000,110722
2024-07-03,6.53100000,6.54500000,5.99800000,6.08100000,4570764.83000000,28365930.04465000,108277
2024-07-04,6.08200000,6.13400000,5.53900000,5.55600000,6705156.48000000,39090231.43867000,146014
2024-07-05,5.55600000,5.91800000,4.91500000,5.68700000,20535452.40000000,110950720.12196000,342604
2024-07-06,5.68600000,6.31200000,5.63100000,6.24000000,11542351.46000000,68471576.66330000,172336
2024-07-07,6.24000000,6.31300000,5.88200000,5.91100000,5276684.60000000,32622719.92136000,122958
2024-07-08,5.90900000,6.29300000,5.69500000,5.94400000,6138945.03000000,36815706.84295000,166039
2024-07-09,5.94300000,6.20000000,5.84000000,6.11700000,4353640.81000000,26355346.84012000,130966
2024-07-10,6.11700000,6.26000000,6.05000000,6.09700000,4110238.98000000,25185399.94519000,82392
2024-07-11,6.09600000,6.24800000,5.89500000,5.90300000,2350422.86000000,14266314.81401000,84775
2024-07-12,5.90200000,6.10400000,5.80100000,6.10300000,2711128.45000000,16061145.58148000,95781
2024-07-13,6.10200000,6.30600000,6.07400000,6.23200000,2003082.88000000,12463058.33448000,83543
2024-07-14,6.23300000,6.35700000,6.15900000,6.32000000,2826709.60000000,17678789.87336000,76142
2024-07-15,6.32000000,6.54300000,6.29500000,6.48400000,5049392.80000000,32365747.32191000,127556
2024-07-16,6.48600000,6.51300000,6.12600000,6.33700000,4558393.80000000,28926424.01309000,140931
2024-07-17,6.33500000,6.53500000,6.24600000,6.25500000,3182801.28000000,20409441.02157000,113708
2024-07-18,6.25400000,6.40700000,6.02000000,6.09300000,3370663.16000000,20942036.00670000,115888
2024-07-19,6.09200000,6.48000000,5.97800000,6.33800000,2757057.53000000,17092640.49337000,88094
2024-07-20,6.33700000,6.39700000,6.22400000,6.33300000,1720991.41000000,10890692.56024000,52953
2024-07-21,6.33200000,6.44500000,6.10000000,6.43000000,2339766.13000000,14729938.84413000,77880
2024-07-22,6.43000000,6.47600000,6.08000000,6.09600000,2585309.02000000,16189745.26295000,76605
2024-07-23,6.09500000,6.16500000,5.79900000,5.91700000,2986487.42000000,17898039.14700000,107148
2024-07-24,5.91700000,5.99700000,5.65400000,5.74800000,2358741.13000000,13810419.50156000,77804
2024-07-25,5.74700000,5.77900000,5.54000000,5.75500000,2972357.49000000,16868022.73891000,103777
2024-07-26,5.75500000,5.89100000,5.72600000,5.86700000,2528303.82000000,14731225.61897000,64349
2024-07-27,5.86700000,5.94200000,5.71500000,5.82500000,2061613.39000000,12055104.50057000,66226
2024-07-28,5.82500000,5.84400000,5.67000000,5.71800000,1204090.29000000,6911612.14166000,37155
2024-07-29,5.72000000,5.88000000,5.62200000,5.64900000,2552750.24000000,14741753.65262000,73040
2024-07-30,5.65000000,5.72600000,5.48100000,5.51900000,1921244.42000000,10784712.48248000,60151
2024-07-31,5.51900000,5.55900000,5.33500000,5.38900000,2644241.77000000,14491968.14833000,81717
2024-08-01,5.38900000,5.42200000,5.02600000,5.34000000,4408677.71000000,23057405.09870000,118524
2024-08-02,5.34100000,5.36900000,5.00000000,5.12200000,3554684.74000000,18373097.53989000,93870
2024-08-03,5.12300000,5.20900000,4.85400000,5.04500000,3126943.96000000,15746333.90916000,79104
2024-08-04,5.04400000,5.09700000,4.53400000,4.68800000,4876624.24000000,23395140.70896000,96819
2024-08-05,4.68800000,4.72600000,3.59000000,4.20000000,21997702.93000000,88685187.18137000,439161
2024-08-06,4.19900000,4.60400000,4.19400000,4.50900000,5497287.59000000,24332470.64108000,137934
2024-08-07,4.50900000,4.64100000,4.40300000,4.57900000,5243270.78000000,23867799.57190000,116284
2024-08-08,4.57900000,4.90400000,4.48000000,4.87900000,4847719.81000000,22846212.93063000,126282
2024-08-09,4.87900000,4.92400000,4.73000000,4.78300000,2737150.09000000,13160460.75688000,94019
2024-08-10,4.78300000,4.83200000,4.72300000,4.75400000,1189116.19000000,5655926.59157000,49593
2024-08-11,4.75300000,4.82900000,4.46600000,4.49500000,1800885.03000000,8373101.26817000,62962
2024-08-12,4.49500000,4.68000000,4.45000000,4.58800000,2055574.69000000,9398489.06651000,74860
2024-08-13,4.58700000,4.65000000,4.39800000,4.54700000,2199766.63000000,9955998.35062000,52255
2024-08-14,4.54600000,4.55400000,4.34300000,4.38300000,2361315.25000000,10530674.74467000,56898
2024-08-15,4.38300000,4.48100000,4.22700000,4.27700000,2334737.90000000,10191897.14502000,87634
2024-08-16,4.27800000,4.38700000,4.21100000,4.29200000,1920753.49000000,8249236.79014000,44366
2024-08-17,4.29300000,4.38400000,4.27500000,4.36900000,859646.82000000,3720796.35993000,40634
2024-08-18,4.37000000,4.52900000,4.34600000,4.39000000,2034044.35000000,9004629.63291000,44213
2024-08-19,4.39100000,4.50400000,4.34400000,4.48100000,1876212.07000000,8304032.43384000,39373
2024-08-20,4.48100000,4.60400000,4.45500000,4.52400000,2015995.76000000,9152924.20150000,77401
2024-08-21,4.52400000,4.74900000,4.49200000,4.66300000,2872074.59000000,13248802.47603000,87220
2024-08-22,4.66400000,4.72000000,4.59100000,4.68900000,3039748.99000000,14158806.49200000,61121
2024-08-23,4.69000000,4.95300000,4.68400000,4.89100000,3604290.98000000,17308988.02795000,71503
2024-08-24,4.89200000,5.10000000,4.84500000,4.98100000,3274573.09000000,16263900.72207000,65838
2024-08-25,4.98200000,4.99500000,4.74400000,4.81900000,3038021.47000000,14732464.97782000,62912
2024-08-26,4.82300000,4.86600000,4.53000000,4.55800000,2919726.61000000,13664083.01295000,67183
2024-08-27,4.55700000,4.65800000,4.24000000,4.37800000,4020085.47000000,17985690.71896000,93324
2024-08-28,4.37800000,4.45300000,4.16500000,4.25400000,3363625.70000000,14541157.51819000,88095
2024-08-29,4.25500000,4.40300000,4.17900000,4.25200000,2528160.83000000,10850019.33844000,46224
2024-08-30,4.25200000,4.33500000,4.10100000,4.27700000,2493943.55000000,10540167.62173000,46964
2024-08-31,4.27700000,4.31800000,4.21800000,4.25800000,1087944.03000000,4651653.69586000,31547
2024-09-01,4.25900000,4.25900000,4.03200000,4.06800000,2516218.02000000,10468108.13323000,40403
2024-09-02,4.06800000,4.23400000,4.05100000,4.20800000,2199151.08000000,9124704.26325000,38829
2024-09-03,4.20900000,4.28500000,4.05600000,4.06200000,2045219.35000000,8557835.91155000,41621
2024-09-04,4.06300000,4.19700000,3.86800000,4.11100000,4271469.46000000,17306441.51132000,63486
2024-09-05,4.11100000,4.12700000,3.97300000,4.02100000,1907467.81000000,7705627.49877000,37512
2024-09-06,4.02200000,4.09600000,3.81800000,3.95900000,3968575.54000000,15761203.88402000,74308
2024-09-07,3.96000000,4.13300000,3.93500000,4.07900000,1686608.94000000,6840358.24733000,29572
2024-09-08,4.08000000,4.20800000,4.05900000,4.16100000,1503933.15000000,6229901.43706000,40230
2024-09-09,4.16200000,4.34100000,4.11100000,4.28600000,2798131.43000000,11804326.73070000,46853
2024-09-10,4.28600000,4.28900000,4.19700000,4.25100000,1848659.47000000,7839080.53131000,35745
2024-09-11,4.25000000,4.25700000,4.05800000,4.19100000,2947171.99000000,12240158.54185000,46765
2024-09-12,4.19200000,4.30000000,4.18900000,4.29400000,2205112.48000000,9352024.26962000,37641
2024-09-13,4.29400000,4.47200000,4.27000000,4.42000000,3251739.87000000,14194643.53504000,56596
2024-09-14,4.42000000,4.44500000,4.34400000,4.43700000,1857961.23000000,8172515.08683000,30347
2024-09-15,4.43700000,4.55800000,4.35500000,4.39300000,2920077.53000000,13096611.08845000,54422
2024-09-16,4.39300000,4.39300000,4.14800000,4.19600000,3152928.30000000,13423563.17722000,61198
2024-09-17,4.19500000,4.28800000,4.12700000,4.15700000,3322360.31000000,13932318.92940000,48680
2024-09-18,4.15800000,4.17800000,3.97300000,4.17600000,4814848.56000000,19623240.25152000,73568
2024-09-19,4.17700000,4.35200000,4.17700000,4.25500000,4658192.56000000,19817235.20155000,64863
2024-09-20,4.25500000,4.40400000,4.19000000,4.34000000,4540903.46000000,19590156.37523000,55748
2024-09-21,4.33900000,4.47700000,4.28200000,4.46200000,2465166.54000000,10802753.21114000,35201
2024-09-22,4.46000000,4.48300000,4.23400000,4.31100000,2410272.28000000,10500125.54048000,37253
2024-09-23,4.31000000,4.46200000,4.23300000,4.45800000,3549403.67000000,15572255.46289000,59614
2024-09-24,4.45800000,4.68400000,4.40100000,4.63500000,4816662.23000000,21852476.87401000,71793
2024-09-25,4.63600000,4.77300000,4.59000000,4.63700000,3965799.79000000,18568345.42913000,76184
2024-09-26,4.63700000,4.87800000,4.56400000,4.81400000,3813731.87000000,18144226.17780000,73685
2024-09-27,4.81400000,4.96400000,4.80900000,4.88200000,4302233.12000000,21054523.50476000,68675
2024-09-28,4.88300000,4.93000000,4.74600000,4.79400000,2346081.15000000,11323964.67363000,44101
2024-09-29,4.79400000,4.85800000,4.68200000,4.76700000,2288995.53000000,10921605.08779000,49414
2024-09-30,4.76700000,4.77100000,4.39900000,4.43200000,4303691.53000000,19804776.77364000,83551
2024-10-01,4.43200000,4.56300000,4.05100000,4.15400000,8519076.94000000,36807460.52113000,136213
2024-10-02,4.15400000,4.27000000,4.00400000,4.10200000,4868593.35000000,20216542.77875000,109613
2024-10-03,4.10200000,4.17300000,3.98900000,4.12900000,4867140.66000000,19828943.46369000,93879
2024-10-04,4.12900000,4.21200000,4.10600000,4.19400000,3025511.57000000,12597674.72679000,65274
2024-10-05,4.19400000,4.23400000,4.07500000,4.13900000,1785207.19000000,7436986.80122000,36880
2024-10-06,4.13900000,4.19500000,4.09700000,4.19100000,1577602.61000000,6557940.23410000,31733
2024-10-07,4.19000000,4.27200000,4.12600000,4.13100000,3779052.30000000,15901823.96343000,67923
2024-10-08,4.13000000,4.18400000,4.04500000,4.10400000,3238080.04000000,13334540.83259000,57741
2024-10-09,4.10500000,4.15000000,3.95100000,4.02400000,3076173.21000000,12500131.61043000,58137
2024-10-10,4.02400000,4.07700000,3.96200000,4.07300000,2490257.83000000,10043643.48152000,49030
2024-10-11,4.07300000,4.19600000,4.05300000,4.17100000,2347729.65000000,9718414.52857000,40200
2024-10-12,4.17200000,4.26300000,4.15200000,4.20500000,2311858.57000000,9746467.49333000,41063
2024-10-13,4.20500000,4.21600000,4.08600000,4.16200000,1965193.65000000,8160338.93552000,38955
2024-10-14,4.16300000,4.40000000,4.13400000,4.37800000,4101366.34000000,17620355.12387000,70533
2024-10-15,4.37900000,4.53500000,4.29100000,4.40600000,6569159.09000000,29005689.94078000,101305
2024-10-16,4.40700000,4.41100000,4.28700000,4.31400000,3164327.04000000,13725747.52256000,46579
2024-10-17,4.31300000,4.35000000,4.14600000,4.19300000,2710997.96000000,11458108.72244000,44544
2024-10-18,4.19300000,4.31200000,4.17300000,4.31000000,2869979.62000000,12196185.43876000,40366
2024-10-19,4.31100000,4.48300000,4.31000000,4.43200000,3363117.50000000,14794341.83771000,47421
2024-10-20,4.43300000,4.59400000,4.35700000,4.57900000,3366066.45000000,15115842.37493000,53808
2024-10-21,4.57800000,4.61500000,4.33400000,4.37700000,3629142.83000000,16181954.56423000,61122
2024-10-22,4.37800000,4.43700000,4.27100000,4.32200000,3090937.00000000,13438975.13422000,45842
2024-10-23,4.32400000,4.33200000,4.10400000,4.21000000,3130845.00000000,13199935.21505000,55171
2024-10-24,4.21000000,4.26000000,4.14300000,4.20600000,3252270.96000000,13684651.05359000,52552
2024-10-25,4.20600000,4.22000000,3.84800000,3.99600000,5549275.62000000,22558947.81695000,108789
2024-10-26,3.99600000,4.06100000,3.94300000,4.03500000,3482001.47000000,13979888.11519000,43907
2024-10-27,4.03600000,4.13600000,4.00700000,4.12800000,2787235.20000000,11318280.25932000,33293
2024-10-28,4.12900000,4.22600000,4.00400000,4.13200000,5064133.38000000,20860299.66655000,67527
2024-10-29,4.13300000,4.25100000,4.11900000,4.19300000,5447880.20000000,22741558.62705000,64993
2024-10-30,4.19300000,4.21800000,4.11900000,4.19100000,4299714.15000000,17948702.42749000,55548
2024-10-31,4.19200000,4.21500000,3.90100000,3.95900000,6741494.00000000,27165478.93525000,70454
2024-11-01,3.95900000,3.99600000,3.84500000,3.90800000,5578717.23000000,21935907.11889000,60728
2024-11-02,3.90800000,3.94900000,3.82300000,3.90800000,3320709.06000000,12913749.35063000,37404
2024-11-03,3.90800000,3.93100000,3.66500000,3.78400000,6064734.41000000,22855062.20248000,87232
2024-11-04,3.78600000,3.83900000,3.67900000,3.75200000,3353577.29000000,12649174.82780000,41659
2024-11-05,3.75100000,3.91900000,3.74600000,3.85500000,3347876.96000000,12897521.64149000,52326
2024-11-06,3.85600000,4.13000000,3.85500000,4.11100000,9391141.87000000,38095046.77657000,123551
2024-11-07,4.11100000,4.19900000,4.04500000,4.16300000,7086769.64000000,29214285.34685000,86396
2024-11-08,4.16400000,4.39200000,4.11600000,4.32500000,11448594.98000000,49101904.78451000,132245
2024-11-09,4.32400000,4.64100000,4.26200000,4.63000000,8503678.87000000,37456696.22400000,100928
2024-11-10,4.63200000,5.47800000,4.58200000,5.24100000,35504372.79000000,181616069.23113000,463995
2024-11-11,5.24200000,5.78600000,4.97200000,5.71000000,21631063.61000000,113557477.69406000,308036
2024-11-12,5.71000000,5.83900000,5.11600000,5.30800000,26930359.43000000,146369187.21862000,470024
2024-11-13,5.30900000,5.42900000,4.90800000,5.07300000,20191236.54000000,104152396.02957000,353275
2024-11-14,5.07200000,5.21600000,4.68600000,4.77500000,13094082.94000000,65075478.51789000,217531
2024-11-15,4.77700000,5.17400000,4.70400000,5.16100000,10257406.37000000,50852669.19840000,159210
2024-11-16,5.16000000,5.80300000,5.13200000,5.78700000,17564833.99000000,96363431.62348000,305408
2024-11-17,5.78600000,6.14700000,5.30400000,5.42400000,18374242.79000000,104089789.93016000,306019
2024-11-18,5.42500000,6.10000000,5.39200000,6.00800000,16117811.20000000,93810676.61151000,289912
2024-11-19,6.00800000,6.04400000,5.65900000,5.80500000,9028491.80000000,52790110.77118000,184668
2024-11-20,5.80500000,6.08000000,5.53200000,5.72400000,13729161.22000000,80475104.06708000,260709
2024-11-21,5.72400000,5.96800000,5.47300000,5.93000000,13681255.17000000,78622761.50223000,242691
2024-11-22,5.93200000,6.68700000,5.87800000,6.63000000,21148336.67000000,131792163.51566000,374669
2024-11-23,6.63100000,9.43200000,6.58500000,8.51500000,60359355.47000000,488516161.67068000,1229537
2024-11-24,8.51500000,10.50000000,8.04200000,8.82500000,55980685.72000000,506362282.56499000,1269042
2024-11-25,8.82400000,9.35900000,8.11000000,8.23200000,23515306.26000000,206296589.02029000,499054
2024-11-26,8.23100000,8.46800000,7.55000000,8.06500000,20294174.75000000,162383626.05441000,452089
2024-11-27,8.06500000,8.56800000,7.84200000,8.45600000,15952780.89000000,132066307.22486000,339871
2024-11-28,8.45700000,8.75200000,8.00200000,8.61500000,12382641.04000000,103040894.09090000,290584
2024-11-29,8.61500000,9.07600000,8.44000000,9.02600000,16424896.92000000,142901889.34631000,343708
2024-11-30,9.02700000,9.22400000,8.60400000,8.94500000,18065505.49000000,161161814.30831000,386446
2024-12-01,8.94500000,9.38800000,8.69600000,9.28900000,14685246.00000000,132985400.07623000,358926
2024-12-02,9.29100000,10.19800000,8.45500000,10.01100000,30869602.68000000,284454249.73618000,700018
2024-12-03,10.01100000,10.39000000,9.05500000,9.78000000,30261037.54000000,297014296.23261000,773201
2024-12-04,9.78100000,11.64900000,9.66300000,10.51200000,40288736.88000000,432800595.52399000,996667
2024-12-05,10.51300000,11.23300000,9.89500000,10.36900000,25573286.13000000,272195831.75093000,637780
2024-12-06,10.37000000,10.88700000,10.01100000,10.67300000,16867235.82000000,176878636.17761000,390657
2024-12-07,10.67300000,10.92800000,10.30600000,10.59200000,11608605.32000000,123318112.20788000,276300
2024-12-08,10.59200000,10.80000000,10.10000000,10.39200000,9936977.11000000,103388097.89147000,232973
2024-12-09,10.39300000,10.39700000,7.50000000,8.46800000,30556061.58000000,276485826.55016000,726480
2024-12-10,8.46800000,8.71800000,7.59000000,8.39500000,23727142.47000000,195806667.14147000,531387
2024-12-11,8.39400000,9.26900000,8.02300000,8.99300000,16541944.16000000,145343557.87661000,307678
2024-12-12,8.99300000,9.66900000,8.91100000,9.06100000,17978417.97000000,166091704.84427000,331252
2024-12-13,9.06200000,9.23400000,8.77200000,9.08900000,11250987.35000000,101303527.08730000,219145
2024-12-14,9.08800000,9.21200000,8.34700000,8.55100000,10546490.88000000,92005179.26440000,186958
2024-12-15,8.55300000,9.26400000,8.36700000,9.02800000,12168923.08000000,107736046.88319000,228624
2024-12-16,9.02800000,9.20400000,8.58700000,8.75600000,11767882.69000000,104792203.54741000,238401
2024-12-17,8.75600000,8.97200000,8.37900000,8.48700000,9689503.83000000,84365735.46092000,210387
2024-12-18,8.49000000,8.54500000,7.56300000,7.67900000,14284782.32000000,115825808.85900000,319289
2024-12-19,7.67900000,7.80200000,6.76000000,6.94100000,22054262.66000000,161165199.42366000,441293
2024-12-20,6.94200000,7.36000000,6.01000000,7.29000000,23182838.78000000,154686227.04389000,416255
2024-12-21,7.29100000,7.80200000,6.83600000,6.97300000,12411891.98000000,90177708.30120000,233373
2024-12-22,6.97600000,7.27000000,6.68200000,6.84200000,8776666.68000000,61095904.75564000,151983
2024-12-23,6.84400000,7.57200000,6.65400000,7.38500000,10441949.73000000,73711723.82206000,196080
2024-12-24,7.38400000,7.64000000,7.15400000,7.55200000,7945555.67000000,58863793.85665000,140063
2024-12-25,7.55100000,7.67800000,7.35300000,7.50200000,5305255.63000000,39701438.66863000,104374
2024-12-26,7.50200000,7.59200000,6.88100000,6.93200000,5952209.03000000,42281673.81255000,114773
2024-12-27,6.93300000,7.31200000,6.81500000,6.91000000,6318307.40000000,44442597.79320000,121691
2024-12-28,6.91200000,7.18400000,6.79200000,7.11300000,4219904.23000000,29358460.19204000,77581
2024-12-29,7.11400000,7.15200000,6.81000000,6.86500000,3618120.74000000,25317807.49957000,72017
2024-12-30,6.86700000,7.10900000,6.53700000,6.70400000,6758873.72000000,45867526.05747000,123881
2024-12-31,6.70600000,6.92900000,6.56500000,6.64300000,4270052.58000000,28683741.65600000,81059
2025-01-01,6.64200000,7.14100000,6.52000000,7.05100000,4854650.19000000,33243559.05772000,94540
2025-01-02,7.05200000,7.36000000,7.05100000,7.17700000,5662998.77000000,40879123.76941000,116141
2025-01-03,7.17900000,8.04400000,7.13500000,7.75400000,10892070.17000000,83477905.04738000,190285
2025-01-04,7.75300000,7.88200000,7.60400000,7.67700000,5399719.09000000,41742764.45914000,96872
2025-01-05,7.67800000,7.73500000,7.46000000,7.67100000,3864962.36000000,29389920.34466000,72382
2025-01-06,7.67200000,7.98800000,7.54000000,7.76800000,7081416.98000000,54984695.00266000,126328
2025-01-07,7.77000000,7.88800000,7.00600000,7.01400000,12003377.11000000,89383885.11418000,211827
2025-01-08,7.01300000,7.13600000,6.42100000,6.76000000,12158592.89000000,82605839.72770000,201670
2025-01-09,6.75900000,6.84700000,6.45400000,6.55900000,7236598.90000000,48101824.44933000,121609
2025-01-10,6.55800000,6.81000000,6.48200000,6.73200000,6645927.74000000,44240403.61073000,115176
2025-01-11,6.73100000,6.87800000,6.58200000,6.74200000,3109598.81000000,20826689.69448000,66834
2025-01-12,6.74100000,6.81700000,6.54200000,6.63200000,2241615.84000000,15016059.50107000,45172
2025-01-13,6.63200000,6.80800000,6.00000000,6.39600000,10199678.51000000,64239204.83461000,188229
2025-01-14,6.39700000,6.69000000,6.36700000,6.66500000,5174378.72000000,33667612.12478000,95908
2025-01-15,6.66800000,7.19600000,6.55800000,7.16500000,9177823.38000000,63109151.99765000,165320
2025-01-16,7.16600000,7.39300000,6.84700000,7.15000000,10781374.02000000,77050710.06064000,211336
2025-01-17,7.15400000,7.60000000,7.15200000,7.50300000,8017976.75000000,59318992.42498000,149265
2025-01-18,7.50400000,7.58900000,6.83900000,7.04300000,8528830.03000000,60425364.34095000,159762
2025-01-19,7.04300000,7.23700000,6.11000000,6.24700000,18463335.53000000,122447118.41131000,341965
2025-01-20,6.24600000,7.10900000,6.05400000,6.38100000,21982145.76000000,142145417.23696000,428022
2025-01-21,6.38100000,6.84500000,6.15500000,6.62200000,8255422.94000000,53606715.74173000,166517
2025-01-22,6.62300000,6.69600000,6.41200000,6.44700000,4674155.01000000,30697513.91160000,103355
2025-01-23,6.44700000,6.50300000,6.19100000,6.35100000,6958597.48000000,44105927.12862000,132219
2025-01-24,6.35100000,6.54600000,6.20300000,6.32000000,4639656.86000000,29663019.71726000,75822
2025-01-25,6.31900000,6.41000000,6.24600000,6.32300000,3418652.69000000,21638569.56774000,53842
2025-01-26,6.32300000,6.47000000,6.16600000,6.17700000,3801099.68000000,24056036.93107000,69887
2025-01-27,6.17600000,6.21200000,5.48500000,5.95300000,12932411.15000000,75005877.71120000,206013
2025-01-28,5.95300000,6.03700000,5.60000000,5.64900000,5048053.65000000,29604653.84519000,90408
2025-01-29,5.64800000,5.88100000,5.54400000,5.76800000,6047240.35000000,34660578.88806000,106514
2025-01-30,5.76700000,6.25700000,5.72200000,6.12500000,5322849.22000000,32264526.71484000,95088
2025-01-31,6.12500000,6.49900000,6.02900000,6.32100000,8668790.29000000,54551317.92092000,143316
2025-02-01,6.32200000,6.49200000,5.86100000,5.90500000,6999151.58000000,43729791.24776000,119497
2025-02-02,5.90600000,6.04800000,4.86300000,5.15300000,17423977.29000000,94054582.95351000,275392
2025-02-03,5.15500000,5.28000000,3.78000000,5.17600000,44336682.05000000,202947672.53420000,733019
2025-02-04,5.17700000,5.22900000,4.58100000,4.74200000,16164176.00000000,77585820.91313000,249624
2025-02-05,4.74300000,4.86500000,4.62800000,4.68900000,6698304.03000000,31817396.22512000,133306
2025-02-06,4.68900000,4.83800000,4.44100000,4.49000000,6626961.02000000,30663679.50018000,125782
2025-02-07,4.49000000,4.93800000,4.45900000,4.59300000,9796463.72000000,46069424.52144000,170753
2025-02-08,4.59400000,4.76500000,4.49900000,4.74500000,4650038.29000000,21408624.47075000,88835
2025-02-09,4.74500000,4.87800000,4.51100000,4.76200000,7038964.34000000,33382952.55632000,126782
2025-02-10,4.76300000,4.92000000,4.60800000,4.84500000,7055381.19000000,33963107.56035000,151287
2025-02-11,4.84600000,5.21000000,4.74900000,4.80900000,9664290.61000000,48092494.39658000,179353
2025-02-12,4.80900000,5.33200000,4.75200000,5.22700000,15217967.69000000,76387644.97893000,267926
2025-02-13,5.22800000,5.27700000,5.06700000,5.13100000,6378691.02000000,32892476.25896000,139497
2025-02-14,5.13200000,5.37800000,5.10000000,5.17000000,6591725.25000000,34458402.38985000,125833
2025-02-15,5.17000000,5.22000000,4.97600000,5.02200000,4188333.30000000,21309634.37438000,81045
2025-02-16,5.02200000,5.04700000,4.82600000,4.88000000,3661323.85000000,18041643.15161000,75461
2025-02-17,4.88000000,5.07000000,4.77600000,4.89000000,6062988.09000000,29747663.84043000,108434
2025-02-18,4.89000000,4.91800000,4.56000000,4.76900000,7479844.27000000,35401333.72014000,142732
2025-02-19,4.77000000,4.90800000,4.69900000,4.88600000,4658637.52000000,22463306.77473000,98660
2025-02-20,4.88600000,5.06900000,4.88100000,5.04700000,6201014.48000000,30896537.28438000,115087
2025-02-21,5.04700000,5.33900000,4.95200000,5.06100000,11452215.06000000,59144646.00061000,201261
2025-02-22,5.06200000,5.21600000,5.02500000,5.04300000,5842036.36000000,29810432.46009000,99472
2025-02-23,5.04300000,5.13500000,4.90500000,4.95300000,3679542.01000000,18479372.25974000,73707
2025-02-24,4.95300000,4.98100000,4.33600000,4.41600000,9862579.39000000,45790466.25867000,181286
2025-02-25,4.41600000,4.75800000,4.13800000,4.64000000,19174046.17000000,84262017.17944000,290984
2025-02-26,4.64000000,4.93100000,4.59100000,4.75400000,12186062.66000000,58110608.18479000,219023
2025-02-27,4.75500000,5.18300000,4.71400000,4.93400000,13238904.52000000,66072774.30909000,208649
2025-02-28,4.93400000,4.93500000,4.45400000,4.71200000,14950436.65000000,69431164.52674000,282803
2025-03-01,4.71300000,4.81900000,4.52500000,4.66400000,6300022.18000000,29319655.79143000,117188
2025-03-02,4.66300000,5.23000000,4.56800000,5.20500000,14370599.81000000,71023839.18815000,273565
2025-03-03,5.20500000,5.25000000,4.43500000,4.47300000,14498771.22000000,70039849.52499000,314155
2025-03-04,4.47400000,4.51500000,4.01700000,4.33000000,16361521.68000000,69736115.41545000,304317
2025-03-05,4.33000000,4.54900000,4.27800000,4.52600000,7554050.49000000,33242894.90277000,110871
2025-03-06,4.52500000,4.66400000,4.34300000,4.43100000,7174387.38000000,32228062.56605000,111294
2025-03-07,4.43100000,4.67700000,4.21300000,4.41300000,12234991.06000000,55005773.61290000,184724
2025-03-08,4.41200000,4.44600000,4.26000000,4.28900000,4166889.83000000,18123616.97150000,71908
2025-03-09,4.28900000,4.35300000,3.97800000,4.01900000,8567666.17000000,35586918.80742000,119722
2025-03-10,4.01900000,4.28500000,3.77500000,3.86800000,11244883.73000000,45402780.00654000,170281
2025-03-11,3.87000000,4.12300000,3.65000000,4.04200000,11221604.68000000,43769628.43574000,165697
2025-03-12,4.04400000,4.09700000,3.84700000,3.96800000,9411906.66000000,37514123.44410000,120929
2025-03-13,3.96800000,4.10900000,3.82600000,3.98100000,7535359.95000000,29891231.34995000,95434
2025-03-14,3.98000000,4.22800000,3.96900000,4.18700000,7564082.21000000,31249570.66996000,92817
2025-03-15,4.18700000,4.42900000,4.18600000,4.34900000,4603294.28000000,19892249.77856000,72994
2025-03-16,4.35000000,4.36600000,4.18300000,4.29800000,4860914.03000000,20839179.10875000,81076
2025-03-17,4.29800000,4.46800000,4.29800000,4.37000000,4964214.66000000,21822005.26420000,85102
2025-03-18,4.37200000,4.48700000,4.23200000,4.45000000,4943541.34000000,21364537.49200000,85313
2025-03-19,4.45000000,4.59600000,4.43800000,4.53800000,7492558.96000000,33867600.18981000,121492
2025-03-20,4.53800000,4.56700000,4.32700000,4.39900000,4472127.93000000,19766437.71043000,76918
2025-03-21,4.40000000,4.58600000,4.37800000,4.49900000,5759787.32000000,25824060.86648000,98687
2025-03-22,4.50000000,4.54700000,4.41500000,4.44600000,3327416.15000000,14884753.97717000,60812
2025-03-23,4.44600000,4.51800000,4.40000000,4.50200000,2678878.36000000,11938772.51575000,49106
2025-03-24,4.50300000,4.77300000,4.46900000,4.62000000,5907545.08000000,27545851.99246000,114916
2025-03-25,4.62000000,4.72100000,4.58200000,4.63700000,3866173.71000000,17997907.50254000,62227
2025-03-26,4.63700000,4.76700000,4.59600000,4.69400000,5629934.83000000,26385206.37269000,82380
2025-03-27,4.69500000,4.75900000,4.49500000,4.62500000,5678166.73000000,26282376.30249000,82314
2025-03-28,4.62300000,4.64600000,4.24200000,4.28200000,5665177.03000000,24664573.42327000,87773
2025-03-29,4.28200000,4.30400000,3.99600000,4.05000000,4478918.92000000,18416274.94070000,60001
2025-03-30,4.05000000,4.17300000,3.98500000,4.04200000,3302917.68000000,13489067.99243000,49789
2025-03-31,4.04300000,4.09300000,3.94900000,4.02000000,4622562.33000000,18612600.45437000,57577
2025-04-01,4.02100000,4.28200000,4.01500000,4.17100000,4417348.85000000,18446448.51082000,63437
2025-04-02,4.17100000,4.24000000,3.91100000,3.96500000,6989787.29000000,28697020.10393000,96232
2025-04-03,3.96500000,4.11100000,3.84500000,4.05900000,5063977.24000000,20124962.32355000,75552
2025-04-04,4.06000000,4.13100000,3.94600000,4.03500000,4789003.50000000,19400131.17652000,69545
2025-04-05,4.03400000,4.06900000,3.89700000,3.95600000,2096452.45000000,8312692.42919000,33727
2025-04-06,3.95500000,3.97600000,3.60100000,3.68300000,6022544.15000000,22780191.53283000,109315
2025-04-07,3.68500000,3.73500000,3.28200000,3.59300000,15127726.43000000,53106083.73806000,235409
2025-04-08,3.59200000,3.70600000,3.34200000,3.37800000,5407861.13000000,19214035.31453000,99875
2025-04-09,3.37700000,3.75300000,3.25000000,3.64300000,11027926.38000000,38644970.63227000,172602
2025-04-10,3.64300000,3.65000000,3.38900000,3.46300000,7342100.40000000,25713225.08489000,97417
2025-04-11,3.46200000,3.59900000,3.45000000,3.55700000,5169131.93000000,18210104.07846000,66128
2025-04-12,3.55800000,3.75600000,3.52500000,3.71300000,4420760.89000000,16213880.21817000,59446
2025-04-13,3.71300000,3.81600000,3.61500000,3.66800000,6619352.13000000,24512218.15014000,83080
2025-04-14,3.66900000,3.79800000,3.63300000,3.67700000,5218014.54000000,19399479.06089000,78953
2025-04-15,3.67600000,3.73500000,3.51600000,3.51900000,4692519.65000000,17067918.11525000,74167
2025-04-16,3.51900000,3.61900000,3.46900000,3.55700000,4278941.46000000,15156297.33255000,65749
2025-04-17,3.55700000,3.69800000,3.54000000,3.63400000,3658951.76000000,13306605.40582000,61775
2025-04-18,3.63600000,3.74800000,3.61300000,3.67500000,2261720.31000000,8349845.00944000,43780
2025-04-19,3.67500000,3.89200000,3.64500000,3.88000000,2997616.30000000,11258754.33272000,44305
2025-04-20,3.88000000,3.95200000,3.78700000,3.87800000,3877366.27000000,15032456.82721000,61831
2025-04-21,3.87900000,3.98200000,3.77100000,3.78000000,4698554.41000000,18310416.41735000,66634
2025-04-22,3.78000000,4.04000000,3.68900000,4.00700000,7580714.41000000,29130025.89960000,111369
2025-04-23,4.00800000,4.19800000,3.99900000,4.09300000,7854197.12000000,32163360.06342000,128773
2025-04-24,4.09300000,4.28600000,3.92900000,4.26900000,6601559.83000000,27028911.05917000,101444
2025-04-25,4.26800000,4.37400000,4.21500000,4.25400000,6676283.69000000,28631883.35244000,106913
2025-04-26,4.25400000,4.36200000,4.20100000,4.26300000,4527685.25000000,19398530.39940000,67971
2025-04-27,4.26400000,4.29100000,4.05600000,4.09000000,5800570.80000000,23934326.15395000,78025
2025-04-28,4.09000000,4.26700000,4.00900000,4.24200000,5819426.05000000,24277650.26853000,89859
2025-04-29,4.24200000,4.33000000,4.10100000,4.14700000,3884592.85000000,16492193.97532000,69421
2025-04-30,4.14600000,4.17500000,4.02600000,4.06500000,4199576.05000000,17225903.43127000,74041
2025-05-01,4.06600000,4.22400000,4.06400000,4.17700000,3925860.31000000,16310211.58870000,59680
2025-05-02,4.17700000,4.28700000,4.12600000,4.16100000,3231292.82000000,13584720.47159000,56806
2025-05-03,4.16100000,4.17200000,4.01200000,4.02800000,2386438.85000000,9770735.75926000,41297
2025-05-04,4.02800000,4.05100000,3.89400000,3.92000000,4232639.09000000,16832510.33527000,56855
2025-05-05,3.91900000,4.02200000,3.88400000,3.91800000,3957728.74000000,15583547.87631000,53905
2025-05-06,3.91800000,3.97700000,3.82300000,3.97100000,4277490.05000000,16647357.33486000,58381
2025-05-07,3.97200000,4.00700000,3.88000000,3.96900000,2714666.36000000,10722428.10713000,42851
2025-05-08,3.96800000,4.49400000,3.96600000,4.45600000,8866998.35000000,37857544.83749000,128737
2025-05-09,4.45500000,4.86300000,4.43400000,4.79900000,11614442.99000000,54075725.50422000,195060
2025-05-10,4.79900000,5.32300000,4.79700000,5.30900000,11854751.74000000,59975887.70994000,226499
2025-05-11,5.30900000,5.36200000,4.95400000,5.09700000,8101384.06000000,41321350.97102000,158765
2025-05-12,5.09700000,5.40000000,4.89000000,5.06800000,9921543.44000000,51272954.62515000,221378
2025-05-13,5.06900000,5.27300000,4.82300000,5.19500000,6748215.11000000,33947513.86252000,129114
2025-05-14,5.19400000,5.26700000,4.94700000,4.98000000,5284499.60000000,26933285.50359000,108903
2025-05-15,4.98100000,5.02800000,4.67900000,4.77900000,7496534.85000000,36075159.04859000,128537
2025-05-16,4.77800000,4.95600000,4.71100000,4.75500000,4420510.08000000,21419277.14438000,86430
2025-05-17,4.75500000,4.76800000,4.55700000,4.61200000,3799964.46000000,17716336.13431000,82251
2025-05-18,4.61300000,4.92100000,4.50800000,4.79300000,4741500.76000000,22382505.92091000,94925
2025-05-19,4.79400000,4.82100000,4.41200000,4.59600000,5563926.25000000,25288508.28723000,109919
2025-05-20,4.59700000,4.72700000,4.51900000,4.67700000,4133769.06000000,19064153.19373000,87956
2025-05-21,4.67700000,4.87700000,4.61200000,4.74000000,6374820.22000000,30074951.66896000,127248
2025-05-22,4.74100000,4.97700000,4.73200000,4.94800000,4934402.45000000,24070590.66579000,94638
2025-05-23,4.94800000,5.12000000,4.53100000,4.56100000,10214231.78000000,49463918.76731000,184794
2025-05-24,4.56200000,4.63300000,4.51100000,4.54500000,3091142.26000000,14183295.70758000,67200
2025-05-25,4.54600000,4.56400000,4.35000000,4.52300000,3942315.10000000,17574502.99951000,84934
2025-05-26,4.52300000,4.61700000,4.42600000,4.46800000,3794527.16000000,17172749.48579000,73519
2025-05-27,4.46800000,4.61400000,4.37300000,4.53500000,3874357.43000000,17567270.89795000,74880
2025-05-28,4.53600000,4.66100000,4.41900000,4.58700000,4289732.20000000,19466976.74673000,82731
2025-05-29,4.58800000,4.68200000,4.33000000,4.33200000,4814923.20000000,21822337.54306000,85482
2025-05-30,4.33300000,4.35800000,4.00800000,4.04900000,8486843.25000000,35385205.26849000,139910
2025-05-31,4.04900000,4.12100000,3.89500000,4.07600000,5429234.96000000,21774544.98340000,90597
2025-06-01,4.07700000,4.10200000,3.97100000,4.06600000,2555495.93000000,10339304.63650000,50061
2025-06-02,4.06600000,4.17100000,3.95200000,4.14800000,3601436.52000000,14548595.17963000,59863
2025-06-03,4.14900000,4.22300000,4.09700000,4.13700000,3668892.34000000,15293548.21726000,59104
2025-06-04,4.13700000,4.21400000,3.98500000,4.00600000,5036516.92000000,20666912.36441000,66246
2025-06-05,4.00600000,4.07800000,3.74200000,3.81400000,6640572.84000000,26049696.81582000,107730
2025-06-06,3.81400000,3.99200000,3.80200000,3.88400000,3530206.93000000,13806599.21622000,58440
2025-06-07,3.88600000,4.05800000,3.86800000,4.03100000,2274474.36000000,9105229.27172000,34519
2025-06-08,4.03100000,4.11200000,3.97700000,4.02500000,2726928.43000000,11047026.10726000,38159
2025-06-09,4.02600000,4.16200000,3.96300000,4.15100000,4628656.78000000,18745020.62485000,56359
2025-06-10,4.15200000,4.31700000,4.09700000,4.29400000,6662210.27000000,28115017.89895000,88726
2025-06-11,4.29500000,4.34600000,4.14600000,4.18900000,5328497.22000000,22710210.94322000,76185
2025-06-12,4.18800000,4.20400000,3.90700000,3.91900000,5999705.47000000,24319792.43220000,82855
2025-06-13,3.91900000,3.91900000,3.66400000,3.83800000,9117736.81000000,34520828.85073000,136245
2025-06-14,3.83800000,3.84600000,3.71600000,3.78100000,2930108.58000000,11099648.82719000,39568
2025-06-15,3.78200000,3.83400000,3.73500000,3.82100000,1774308.52000000,6722221.63703000,32858
2025-06-16,3.82100000,3.99100000,3.78600000,3.84700000,4011866.39000000,15689055.96405000,58486
2025-06-17,3.84600000,3.89700000,3.66300000,3.71900000,5144535.08000000,19358889.35551000,73349
2025-06-18,3.71900000,3.78600000,3.57200000,3.62200000,6307506.25000000,23022607.40297000,82876
2025-06-19,3.62200000,3.65700000,3.49600000,3.54800000,6333647.02000000,22613412.42896000,65731
2025-06-20,3.54700000,3.57700000,3.33000000,3.43700000,7730014.20000000,26776699.46793000,85268
2025-06-21,3.43700000,3.50800000,3.20900000,3.32400000,5927367.37000000,19991562.12894000,72359
2025-06-22,3.32500000,3.36300000,3.00700000,3.15300000,11019675.81000000,34950831.97557000,142255
2025-06-23,3.15300000,3.42100000,3.11100000,3.41600000,8879579.75000000,28957754.83726000,106245
2025-06-24,3.41600000,3.52500000,3.38500000,3.43900000,4687786.75000000,16125431.26595000,64500
2025-06-25,3.43800000,3.46500000,3.34100000,3.35200000,3894305.42000000,13255574.27421000,47982
2025-06-26,3.35200000,3.43300000,3.27100000,3.29900000,3980149.78000000,13292768.83147000,49441
2025-06-27,3.29900000,3.39400000,3.27400000,3.35900000,3955846.51000000,13169767.74878000,50281
2025-06-28,3.36000000,3.42600000,3.33000000,3.40700000,1866680.64000000,6302639.11863000,22221
2025-06-29,3.40800000,3.58200000,3.37900000,3.54100000,2800833.68000000,9697718.23224000,37258
2025-06-30,3.54200000,3.56000000,3.35200000,3.39700000,3677669.93000000,12629243.19344000,49972
2025-07-01,3.39700000,3.42000000,3.25600000,3.28100000,3435357.79000000,11444382.01102000,40172
2025-07-02,3.28000000,3.62500000,3.24100000,3.54500000,6939908.98000000,24139240.06007000,76135
2025-07-03,3.54500000,3.66500000,3.49900000,3.53900000,5719860.72000000,20503938.84525000,62773
2025-07-04,3.53900000,3.56100000,3.31300000,3.35800000,5659272.37000000,19296990.85477000,55577
2025-07-05,3.35800000,3.39000000,3.30800000,3.35600000,2237505.07000000,7505825.11236000,26609
2025-07-06,3.35600000,3.44800000,3.32800000,3.39500000,3771010.63000000,12766488.87439000,37457
2025-07-07,3.39500000,3.43700000,3.32300000,3.36900000,2853677.78000000,9657326.46942000,34832
2025-07-08,3.36900000,3.47700000,3.32700000,3.44800000,3238505.57000000,10985328.82606000,39191
2025-07-09,3.44800000,3.65900000,3.41700000,3.62000000,5645429.86000000,20033638.88880000,62212
2025-07-10,3.62000000,3.89300000,3.59000000,3.88100000,7702932.38000000,28609600.80969000,85803
2025-07-11,3.88200000,4.11000000,3.81000000,3.90700000,11587795.88000000,45962147.02786000,149086
2025-07-12,3.90600000,4.06500000,3.79600000,3.89100000,6362410.61000000,25021045.31500000,96151
2025-07-13,3.89100000,4.06700000,3.87600000,3.98400000,4490493.77000000,17892609.24230000,80115
2025-07-14,3.98600000,4.19600000,3.90100000,3.95000000,7927204.23000000,32264833.75923000,138774
2025-07-15,3.95100000,4.09900000,3.80000000,4.08300000,7487065.71000000,29510105.33594000,117879
2025-07-16,4.08200000,4.26900000,4.01100000,4.15600000,8644793.78000000,35839806.31703000,115547
2025-07-17,4.15600000,4.30300000,4.06500000,4.26000000,10269842.37000000,43039587.30608000,149644
2025-07-18,4.26000000,4.62400000,4.13700000,4.22700000,15308346.29000000,67393393.30254000,224886
2025-07-19,4.22800000,4.45400000,4.13300000,4.40900000,5326771.73000000,22874486.92156000,93906
2025-07-20,4.41000000,4.58700000,4.34800000,4.48000000,8442881.82000000,37793000.56390000,128085
2025-07-21,4.48000000,4.67300000,4.39500000,4.49900000,10863654.36000000,49310542.76691000,145885
2025-07-22,4.49900000,4.55400000,4.27900000,4.54900000,12364489.73000000,54514970.76090000,164398
2025-07-23,4.55100000,4.55100000,4.00000000,4.11300000,13057291.53000000,55390093.89308000,193638
2025-07-24,4.11400000,4.20200000,3.89400000,4.00000000,13015319.69000000,52381996.71861000,158642
2025-07-25,4.00100000,4.10000000,3.86300000,4.08800000,8036783.72000000,31976924.81537000,111032
2025-07-26,4.08800000,4.19500000,4.06900000,4.12400000,3803852.35000000,15678966.72598000,49362
2025-07-27,4.12400000,4.25000000,4.11300000,4.24000000,3861788.18000000,16126702.51378000,52057
2025-07-28,4.23900000,4.30900000,3.93000000,3.96500000,8173653.83000000,33792995.75917000,101498
2025-07-29,3.96500000,4.08400000,3.82000000,3.90500000,8196464.85000000,32333456.48814000,102037
2025-07-30,3.90500000,3.92100000,3.62600000,3.80500000,9521746.16000000,36095185.38337000,116112
2025-07-31,3.80700000,3.92100000,3.66500000,3.68200000,6961247.47000000,26455597.74108000,79004
2025-08-01,3.68200000,3.72300000,3.44600000,3.54700000,12325057.30000000,44472432.89466000,170003
2025-08-02,3.54700000,3.63100000,3.42700000,3.50900000,7331432.98000000,25896662.91093000,85437
2025-08-03,3.50800000,3.62700000,3.45900000,3.60200000,4271487.01000000,15275850.36657000,51870
2025-08-04,3.60300000,3.75700000,3.59700000,3.72000000,5254660.42000000,19290056.63199000,54102
2025-08-05,3.72000000,3.72500000,3.53800000,3.62100000,4867850.77000000,17682222.23238000,68778
2025-08-06,3.62000000,3.69600000,3.55300000,3.67300000,4176179.49000000,15153214.57952000,59376
2025-08-07,3.67300000,3.87200000,3.64400000,3.86700000,6942776.28000000,25973731.50297000,73843
2025-08-08,3.86700000,3.99800000,3.80900000,3.97900000,9301135.78000000,36329101.21864000,127747
2025-08-09,3.98000000,4.16700000,3.97100000,4.13800000,6335022.21000000,25895494.90321000,82191
2025-08-10,4.13800000,4.18100000,3.96500000,4.04600000,6706646.13000000,27212363.98226000,89565
2025-08-11,4.04700000,4.15800000,3.81700000,3.85400000,8300985.31000000,33177944.99946000,114081
2025-08-12,3.85400000,4.23400000,3.83700000,4.15700000,9675655.97000000,39143160.41018000,134220
2025-08-13,4.15700000,4.31700000,4.09700000,4.27600000,10297928.08000000,43505871.06847000,135340
2025-08-14,4.27700000,4.37100000,3.90300000,3.98600000,15790612.61000000,65016568.95878000,207580
2025-08-15,3.98500000,4.10300000,3.81200000,3.89600000,10343199.92000000,40844664.05740000,128867
2025-08-16,3.89500000,3.99700000,3.89000000,3.96600000,3322722.85000000,13084078.10540000,48755
2025-08-17,3.96500000,4.19300000,3.92300000,4.05100000,6055265.18000000,24679510.52889000,78654
2025-08-18,4.05200000,4.06200000,3.83000000,3.91400000,9368368.75000000,36692292.59880000,115816
2025-08-19,3.91500000,3.96000000,3.71200000,3.71900000,7305952.56000000,27864098.11167000,100086
2025-08-20,3.72000000,3.90500000,3.69700000,3.88400000,6469886.10000000,24573450.05810000,85991
2025-08-21,3.88400000,3.92300000,3.77300000,3.79700000,3624305.24000000,13897962.24031000,54335
2025-08-22,3.79700000,4.20700000,3.69000000,4.18000000,13159075.02000000,52076538.47588000,162321
2025-08-23,4.18100000,4.26500000,4.02600000,4.22800000,7634548.17000000,31717391.32469000,95625
2025-08-24,4.22800000,4.28300000,4.01300000,4.11000000,10514865.37000000,43345343.78938000,146078
2025-08-25,4.11000000,4.14600000,3.68900000,3.73400000,12839625.21000000,49726231.32406000,161942
2025-08-26,3.73300000,3.92300000,3.70800000,3.88700000,5875192.67000000,22404310.33555000,87466
2025-08-27,3.88700000,3.93400000,3.82400000,3.83700000,5843493.47000000,22671762.60744000,80344
2025-08-28,3.83700000,4.02100000,3.80700000,3.98100000,9442655.70000000,37247163.19965000,101363
2025-08-29,3.98000000,4.00200000,3.72400000,3.77400000,11616215.46000000,44449728.05551000,117325
2025-08-30,3.77500000,3.82500000,3.71200000,3.81100000,3739627.01000000,14132081.29939000,37762
2025-08-31,3.81000000,3.87500000,3.73500000,3.74200000,5058032.28000000,19290737.71852000,44279
2025-09-01,3.74200000,3.88700000,3.61200000,3.69300000,9277624.68000000,34718649.57640000,98697
2025-09-02,3.69400000,3.82600000,3.67600000,3.82000000,5209474.46000000,19614633.20742000,61930
2025-09-03,3.81900000,3.90600000,3.78600000,3.86500000,3962287.04000000,15257951.00913000,50503
2025-09-04,3.86600000,3.87700000,3.72500000,3.76400000,3587924.75000000,13583252.61493000,61534
2025-09-05,3.76400000,3.89400000,3.75700000,3.82800000,5370012.94000000,20540266.17967000,84491
2025-09-06,3.82700000,3.88500000,3.78200000,3.82300000,2898761.54000000,11100599.32826000,42079
2025-09-07,3.82400000,4.08900000,3.82200000,3.99500000,8531584.81000000,33887493.68952000,103965
2025-09-08,3.99600000,4.08200000,3.98100000,4.04500000,8214086.86000000,33121140.70526000,114147
2025-09-09,4.04500000,4.18200000,4.00400000,4.14000000,9473367.09000000,38878157.42254000,140916
2025-09-10,4.13900000,4.22700000,4.05400000,4.21600000,8171709.85000000,33855733.94849000,111306
2025-09-11,4.21600000,4.26000000,4.11900000,4.24200000,6936262.84000000,29156445.58965000,104495
2025-09-12,4.24200000,4.32200000,4.15300000,4.31900000,6911202.75000000,29312946.16205000,97455
2025-09-13,4.31900000,4.62600000,4.30300000,4.49200000,11803303.50000000,52960886.32144000,197529
2025-09-14,4.49200000,4.49800000,4.28000000,4.31600000,6172903.79000000,27050592.64682000,119867
2025-09-15,4.31600000,4.40500000,4.10400000,4.15100000,7903428.85000000,33318443.60311000,135636
2025-09-16,4.15100000,4.29500000,4.10900000,4.25300000,7509246.75000000,31540483.29823000,126156
2025-09-17,4.25400000,4.43200000,4.13600000,4.40300000,8161416.41000000,34608573.13137000,143989
2025-09-18,4.40300000,4.59500000,4.37300000,4.53300000,9989936.15000000,45096189.76654000,180722
2025-09-19,4.53300000,4.88200000,4.31800000,4.35900000,16139500.94000000,73933621.11079000,266516
2025-09-20,4.35800000,4.46300000,4.28900000,4.35600000,6646556.19000000,28995018.64263000,109117
2025-09-21,4.35600000,4.38700000,4.23600000,4.26200000,4486161.20000000,19352759.85499000,83269
2025-09-22,4.26100000,4.27900000,3.82100000,4.03700000,13684796.77000000,54958327.62758000,235242
2025-09-23,4.03700000,4.05900000,3.93800000,3.96600000,5764633.15000000,23120449.92660000,110591
2025-09-24,3.96500000,4.11500000,3.88900000,3.99200000,6311985.33000000,25407201.83624000,109296
2025-09-25,3.99200000,4.00500000,3.77100000,3.80400000,11887593.18000000,46353308.37002000,202813
2025-09-26,3.80400000,3.97000000,3.77600000,3.92400000,6107591.86000000,23618722.66921000,119164
2025-09-27,3.92400000,3.92700000,3.85100000,3.88900000,2788713.49000000,10841008.02507000,50455
2025-09-28,3.88900000,4.03000000,3.79200000,3.99700000,4451365.02000000,17268513.74657000,78244
2025-09-29,3.99700000,4.02300000,3.85800000,3.98000000,6112476.63000000,24187338.78288000,98560
2025-09-30,3.98000000,3.99200000,3.80800000,3.90900000,4219657.99000000,16422663.06404000,88042
2025-10-01,3.90900000,4.12600000,3.88300000,4.12600000,6247286.83000000,25321344.04083000,117041
2025-10-02,4.12600000,4.34000000,4.10000000,4.30600000,8406597.21000000,35606516.42866000,157128
2025-10-03,4.30700000,4.38400000,4.17900000,4.32000000,7021367.23000000,29963347.70693000,163818
2025-10-04,4.32100000,4.32900000,4.13500000,4.18700000,4829228.68000000,20390329.91883000,105556
2025-10-05,4.18900000,4.37500000,4.07700000,4.13400000,6376106.76000000,26916551.66291000,125413
2025-10-06,4.13400000,4.43900000,4.10900000,4.39800000,9254105.48000000,39761260.51478000,168937
2025-10-07,4.39900000,4.43400000,4.10600000,4.13900000,8608356.86000000,36577972.34994000,173780
2025-10-08,4.13900000,4.24100000,4.06300000,4.19400000,7048183.35000000,29267415.75336000,123007
2025-10-09,4.19400000,4.19800000,3.96200000,4.07500000,7419770.28000000,30055857.36699000,136072
2025-10-10,4.07400000,4.29100000,0.63300000,2.94600000,50685534.83300000,158333699.57376000,870396
2025-10-11,2.94500000,3.31700000,2.87300000,2.99700000,33673506.59000000,104015158.71480000,584488
2025-10-12,2.99700000,3.30700000,2.90700000,3.24100000,13812032.64000000,42855810.04628000,237093
2025-10-13,3.24100000,3.44800000,3.19400000,3.37400000,14008985.74000000,46429527.46480000,242452
2025-10-14,3.37500000,3.39900000,3.06600000,3.24800000,13079428.00000000,41692655.68709000,237188
2025-10-15,3.24800000,3.34100000,3.08900000,3.13700000,8028268.55000000,25611203.66644000,156731
2025-10-16,3.13700000,3.20800000,2.97000000,3.01600000,11684100.23000000,36203592.79481000,195789
2025-10-17,3.01700000,3.06100000,2.77200000,2.89200000,14335134.66000000,41524348.43655000,214206
2025-10-18,2.89200000,2.97100000,2.88900000,2.93200000,3912674.58000000,11449617.36365000,76783
2025-10-19,2.93300000,3.05700000,2.88600000,3.00900000,5985335.93000000,17817433.46543000,97950
2025-10-20,3.00900000,3.13200000,2.94900000,3.08600000,6738711.38000000,20681656.29175000,118116
2025-10-21,3.08500000,3.19000000,2.95000000,3.00600000,8717666.16000000,26843368.38559000,140219
2025-10-22,3.00500000,3.02800000,2.83400000,2.91800000,7679721.12000000,22704087.13457000,115449
2025-10-23,2.91900000,3.03600000,2.91200000,3.00200000,5244770.87000000,15559840.26515000,79737
2025-10-24,3.00300000,3.12500000,2.99200000,3.07800000,4802271.08000000,14653185.09796000,79687
2025-10-25,3.07900000,3.10600000,3.02700000,3.09000000,2210795.91000000,6776153.13388000,40387
2025-10-26,3.09100000,3.23900000,3.05900000,3.19500000,3798617.54000000,11974631.85951000,74034
2025-10-27,3.19500000,3.24700000,3.11900000,3.13900000,5085535.81000000,16177768.09974000,97317
2025-10-28,3.13800000,3.19500000,2.99200000,3.05100000,6077354.59000000,18908577.07030000,116258
2025-10-29,3.05000000,3.17700000,3.02300000,3.07900000,5626477.70000000,17448414.94076000,120165
2025-10-30,3.08000000,3.11800000,2.78000000,2.87100000,10939988.93000000,32015593.24738000,160798
2025-10-31,2.87100000,2.92500000,2.82700000,2.88200000,5497768.43000000,15886796.11804000,89903
2025-11-01,2.88200000,2.97400000,2.86500000,2.97100000,4217933.18000000,12319044.20318000,69210
2025-11-02,2.97100000,3.01600000,2.86600000,2.98500000,4366321.14000000,12862020.44048000,79281
2025-11-03,2.98500000,2.99300000,2.50000000,2.58500000,14377248.98000000,38567620.53409000,258501
2025-11-04,2.58500000,2.66200000,2.34300000,2.50800000,16629831.45000000,41806046.56920000,320363
2025-11-05,2.50800000,2.68500000,2.38400000,2.67200000,8870378.00000000,22943600.21416000,163487
2025-11-06,2.67100000,2.68300000,2.52700000,2.66900000,9282186.59000000,24341343.46321000,170383
2025-11-07,2.66900000,3.34000000,2.66400000,3.25400000,30723299.04000000,91427315.36663000,609998
2025-11-08,3.25400000,3.53300000,3.08600000,3.25200000,23331422.94000000,77164836.88078000,413423
2025-11-09,3.25200000,3.31000000,3.03700000,3.23200000,12947626.40000000,41203114.54120000,238280
2025-11-10,3.23200000,3.31600000,3.12500000,3.26600000,13970827.39000000,44975014.67941000,240895
2025-11-11,3.26700000,3.38700000,3.04100000,3.05400000,11303001.65000000,36173418.38718000,234194
2025-11-12,3.05500000,3.14600000,2.87600000,2.92700000,9353590.68000000,28319956.92525000,155738
2025-11-13,2.92800000,3.04500000,2.76300000,2.85300000,8814259.15000000,25650439.15567000,157975
2025-11-14,2.85300000,2.92100000,2.74900000,2.81500000,10689974.59000000,30416645.56537000,237319
2025-11-15,2.81500000,2.94900000,2.81300000,2.83200000,4839072.65000000,13920333.03571000,92687
2025-11-16,2.83200000,2.89900000,2.69500000,2.78400000,5772741.72000000,16118873.86984000,131525
2025-11-17,2.78500000,2.86700000,2.62700000,2.66600000,8259234.67000000,22831096.73261000,184796
2025-11-18,2.66600000,2.80200000,2.61700000,2.75500000,7655812.28000000,20855537.56338000,159891
2025-11-19,2.75500000,2.76700000,2.56900000,2.69200000,6386470.03000000,17059009.94976000,139356
2025-11-20,2.69300000,2.82000000,2.50300000,2.54300000,9026877.87000000,23912966.78123000,177813
2025-11-21,2.54300000,2.59300000,2.25200000,2.34800000,12620524.53000000,30278825.54498000,244475
2025-11-22,2.34800000,2.35700000,2.25700000,2.31100000,5480201.78000000,12606005.97220000,97440
2025-11-23,2.31100000,2.37000000,2.24800000,2.25800000,4928467.72000000,11446409.72481000,70626
2025-11-24,2.25800000,2.39700000,2.24200000,2.34000000,7557391.45000000,17458351.73344000,108148
2025-11-25,2.34000000,2.34900000,2.17600000,2.29600000,7202523.95000000,16313979.91655000,86759
2025-11-26,2.29600000,2.37100000,2.24000000,2.34400000,5647328.47000000,13004452.37498000,65321
2025-11-27,2.34400000,2.39000000,2.30800000,2.33700000,4044236.62000000,9487779.32613000,50842
2025-11-28,2.33600000,2.37600000,2.26000000,2.28400000,4916940.56000000,11389290.14901000,63154
2025-11-29,2.28400000,2.29800000,2.22700000,2.25900000,2700560.48000000,6106893.86991000,34420
2025-11-30,2.25800000,2.29300000,2.20400000,2.21000000,2272280.97000000,5143854.16271000,35965
2025-12-01,2.20900000,2.20900000,1.96100000,2.04200000,12815413.41000000,26232473.88400000,144277
2025-12-02,2.04200000,2.28600000,2.03300000,2.24900000,8246867.07000000,17990667.17036000,96583
2025-12-03,2.25000000,2.40000000,2.24100000,2.36600000,7695403.08000000,17780284.19554000,86893
2025-12-04,2.36500000,2.37600000,2.24500000,2.27200000,6470520.84000000,15037332.76387000,71259
2025-12-05,2.27200000,2.30800000,2.08400000,2.12500000,6393803.73000000,14012559.65222000,86138
2025-12-06,2.12500000,2.16400000,2.08700000,2.12800000,3686360.78000000,7827330.12098000,48019
2025-12-07,2.12800000,2.16000000,2.04000000,2.09400000,6185412.28000000,13058896.20111000,77911
2025-12-08,2.09400000,2.17900000,2.08400000,2.12900000,7982758.73000000,17047057.20705000,100432
2025-12-09,2.13000000,2.39300000,2.08900000,2.29300000,10684211.99000000,24051979.04778000,126230
2025-12-10,2.29200000,2.31600000,2.18300000,2.19000000,6862399.14000000,15348349.62013000,104633
2025-12-11,2.19000000,2.19300000,2.00800000,2.06600000,11632964.04000000,23938248.22735000,139527
2025-12-12,2.06600000,2.09600000,1.94500000,2.01200000,8591083.66000000,17336215.32764000,95789
2025-12-13,2.01200000,2.05800000,2.00800000,2.03800000,2858760.03000000,5823918.48705000,26042
2025-12-14,2.03700000,2.04600000,1.93200000,1.95200000,5678126.98000000,11262857.77643000,51658
2025-12-15,1.95300000,2.01000000,1.82900000,1.90200000,8037020.67000000,15473617.43382000,89751
2025-12-16,1.90200000,1.94300000,1.86200000,1.89800000,5523119.29000000,10496637.46961000,70473
2025-12-17,1.89800000,1.95500000,1.79000000,1.81600000,9627196.53000000,17909469.79189000,96089
2025-12-18,1.81500000,1.88900000,1.72200000,1.75900000,9653339.53000000,17401684.20229000,104762
2025-12-19,1.76000000,1.88000000,1.73800000,1.84900000,8061605.69000000,14608849.15994000,91687
2025-12-20,1.84900000,1.86900000,1.82700000,1.83200000,2802648.50000000,5162741.22706000,34480
2025-12-21,1.83200000,1.85200000,1.75100000,1.80200000,4326686.91000000,7776759.94349000,45874
2025-12-22,1.80300000,1.85400000,1.75700000,1.78400000,6861199.00000000,12413131.51942000,72628
2025-12-23,1.78400000,1.80200000,1.72800000,1.76500000,5729160.19000000,10090683.71505000,60874
2025-12-24,1.76400000,1.77600000,1.70600000,1.73800000,4384897.36000000,7597326.07032000,45700
2025-12-25,1.73800000,1.75300000,1.67800000,1.68500000,4915432.64000000,8470620.96870000,46118
2025-12-26,1.68500000,1.75300000,1.65300000,1.72300000,7309973.80000000,12535058.75354000,71111
2025-12-27,1.72400000,1.92800000,1.72300000,1.91000000,9958154.22000000,18077734.17878000,63332
2025-12-28,1.91000000,1.91500000,1.82800000,1.85100000,4854587.77000000,9088341.92867000,40705
2025-12-29,1.85100000,1.90400000,1.81800000,1.82400000,7103805.42000000,13201847.45062000,74075
2025-12-30,1.82300000,1.84700000,1.79200000,1.81100000,4858758.99000000,8837855.23950000,54485
2025-12-31,1.81100000,1.84500000,1.76200000,1.78900000,3980800.81000000,7173937.62508000,51606
2026-01-01,1.78900000,2.03300000,1.76500000,1.99900000,10513359.81000000,20003759.18063000,108383
2026-01-02,1.99800000,2.17000000,1.96800000,2.16600000,10929863.57000000,22450283.35649000,119277
2026-01-03,2.16500000,2.22000000,2.10800000,2.12500000,6758275.83000000,14516000.80580000,83619
2026-01-04,2.12500000,2.18000000,2.11600000,2.14200000,4649012.22000000,9978872.81329000,61695
2026-01-05,2.14300000,2.23800000,2.09600000,2.20800000,8403018.63000000,18182963.46944000,121346
2026-01-06,2.20700000,2.26300000,2.11200000,2.23500000,8857748.56000000,19521756.93824000,139466
2026-01-07,2.23400000,2.24900000,2.12000000,2.14500000,5563858.69000000,12123951.67167000,85130
2026-01-08,2.14500000,2.15900000,2.08400000,2.11100000,4670604.57000000,9901268.86376000,73637
2026-01-09,2.11100000,2.14400000,2.04800000,2.08300000,4701944.80000000,9825103.60586000,76758
2026-01-10,2.08300000,2.13000000,2.06900000,2.09300000,2303538.23000000,4848422.38752000,37396
2026-01-11,2.09300000,2.12500000,2.03400000,2.07000000,2644638.02000000,5530623.87839000,42796
2026-01-12,2.07100000,2.15300000,2.02200000,2.05500000,5469757.83000000,11366060.73734000,94473
2026-01-13,2.05400000,2.34300000,2.05200000,2.28200000,13301063.71000000,29353899.91393000,181918
2026-01-14,2.28300000,2.29800000,2.19500000,2.22600000,7108770.22000000,16072410.29768000,93049
2026-01-15,2.22500000,2.23900000,2.09700000,2.11700000,6339482.62000000,13754393.20900000,90950
2026-01-16,2.11700000,2.15600000,2.05600000,2.11900000,5970610.99000000,12579983.64056000,64737
2026-01-17,2.12000000,2.23500000,2.11300000,2.17900000,5627984.65000000,12323514.59736000,65400
2026-01-18,2.17800000,2.20300000,2.06300000,2.06500000,5133672.79000000,11038868.07416000,72948
2026-01-19,2.06500000,2.06500000,1.83400000,2.02800000,11523563.00000000,22714223.01760000,138515
2026-01-20,2.02800000,2.05100000,1.88100000,1.89700000,7570140.82000000,14965835.00924000,95151
2026-01-21,1.89800000,2.00000000,1.87300000,1.95500000,5604820.50000000,10867714.84193000,85904
2026-01-22,1.95500000,1.98200000,1.90500000,1.92700000,2987992.66000000,5800619.37076000,41705
2026-01-23,1.92700000,1.98400000,1.89700000,1.92600000,3817856.64000000,7411765.92578000,62631
2026-01-24,1.92600000,1.94100000,1.89900000,1.93000000,1695777.33000000,3256530.97490000,21331
2026-01-25,1.92900000,1.94400000,1.78000000,1.82300000,5011621.15000000,9267641.96342000,65500
2026-01-26,1.82300000,1.89800000,1.81800000,1.87500000,4395513.56000000,8184304.31967000,54437
2026-01-27,1.87600000,1.89900000,1.82800000,1.87600000,3778155.37000000,7029972.42503000,51855
2026-01-28,1.87700000,1.89600000,1.83100000,1.87000000,6001177.52000000,11191819.34423000,70683
2026-01-29,1.87000000,1.87500000,1.69700000,1.73600000,7419230.56000000,13018200.19967000,82315
2026-01-30,1.73600000,1.74800000,1.65200000,1.69000000,8782609.93000000,14917248.08843000,108650
2026-01-31,1.69000000,1.69100000,1.39900000,1.54700000,14030240.75000000,21704822.10930000,173304
2026-02-01,1.54800000,1.56000000,1.45900000,1.49500000,7323300.46000000,11144466.39337000,89844
2026-02-02,1.49600000,1.57600000,1.45200000,1.54300000,7959613.28000000,12056872.13564000,107148
2026-02-03,1.54300000,1.56600000,1.43100000,1.50000000,11599952.77000000,17505819.14797000,122977
2026-02-04,1.49900000,1.53400000,1.42500000,1.46100000,6999588.65000000,10317914.73644000,102080
2026-02-05,1.46200000,1.47800000,1.23200000,1.24800000,19723447.25000000,26398318.23254000,262534
2026-02-06,1.24800000,1.40700000,1.10100000,1.36800000,20408661.56000000,25730738.44788000,215093
2026-02-07,1.36700000,1.40300000,1.31600000,1.37200000,9699017.55000000,13254756.33942000,95784
2026-02-08,1.37200000,1.37700000,1.32500000,1.33700000,3572670.00000000,4838590.42038000,40301
2026-02-09,1.33600000,1.35100000,1.27700000,1.32000000,5230593.27000000,6888544.77364000,55630
2026-02-10,1.32000000,1.32800000,1.26500000,1.28300000,4359481.45000000,5599257.90884000,38844
2026-02-11,1.28300000,1.29700000,1.22500000,1.25600000,6362045.55000000,7975912.29724000,56451
2026-02-12,1.25500000,1.30400000,1.24900000,1.28300000,4483978.99000000,5730982.50408000,45064
2026-02-13,1.28300000,1.34100000,1.25200000,1.33000000,4532467.32000000,5885493.30000000,41509
2026-02-14,1.33100000,1.44000000,1.33000000,1.42100000,4174084.23000000,5773774.08763000,42346
2026-02-15,1.42100000,1.43900000,1.33100000,1.35700000,5627915.61000000,7784314.59287000,60552
2026-02-16,1.35700000,1.39100000,1.33200000,1.37600000,3599652.05000000,4890611.05572000,38553
2026-02-17,1.37700000,1.38100000,1.34000000,1.34700000,3462703.77000000,4718719.50831000,35338
2026-02-18,1.34700000,1.37200000,1.30000000,1.31100000,3803204.90000000,5093006.16517000,37267
2026-02-19,1.31100000,1.32200000,1.26000000,1.28700000,3960231.45000000,5114058.53286000,37695
2026-02-20,1.28700000,1.36400000,1.27400000,1.34100000,6388269.43000000,8453013.95738000,58542
2026-02-21,1.34100000,1.39800000,1.32800000,1.36000000,4005534.49000000,5479074.90187000,34509
2026-02-22,1.35900000,1.36600000,1.30300000,1.31300000,3333549.12000000,4444647.34366000,27035
2026-02-23,1.31300000,1.31400000,1.23900000,1.26500000,7458108.20000000,9506054.19201000,64097
2026-02-24,1.26500000,1.27900000,1.22500000,1.23800000,6332543.71000000,7903982.97508000,51098
2026-02-25,1.23900000,1.75200000,1.23500000,1.66300000,40082501.97000000,61005521.74695000,376823
2026-02-26,1.66300000,1.69600000,1.52200000,1.60900000,29187050.32000000,46955157.29510000,268026
2026-02-27,1.60900000,1.68300000,1.54700000,1.59900000,18268978.26000000,29318151.77136000,168644
2026-02-28,1.60000000,1.67500000,1.45800000,1.66200000,19455922.95000000,30243548.56516000,178392
2026-03-01,1.66200000,1.68100000,1.50400000,1.53400000,11826274.49000000,18701547.80229000,109565
2026-03-02,1.53500000,1.60300000,1.49800000,1.50900000,14931124.90000000,23040894.56138000,124372
2026-03-03,1.50900000,1.55700000,1.47300000,1.53300000,8253153.19000000,12472296.87434000,92716
2026-03-04,1.53300000,1.57400000,1.50800000,1.54100000,9346138.31000000,14391930.85931000,113239
2026-03-05,1.54100000,1.55600000,1.48200000,1.53000000,6108684.73000000,9313919.00233000,74273
2026-03-06,1.52900000,1.54700000,1.45300000,1.48800000,5125595.36000000,7699464.24589000,57579
2026-03-07,1.48900000,1.51700000,1.43100000,1.44800000,4297384.30000000,6327902.34959000,47425
2026-03-08,1.44800000,1.48500000,1.42500000,1.45200000,4938152.76000000,7179317.55738000,50200
2026-03-09,1.45300000,1.53300000,1.45200000,1.49400000,6242706.57000000,9315229.92343000,65915
2026-03-10,1.49400000,1.54600000,1.47900000,1.48600000,6262818.66000000,9501185.72489000,62831
2026-03-11,1.48600000,1.55500000,1.47300000,1.52200000,5773554.61000000,8775051.18299000,57066
2026-03-12,1.52300000,1.52800000,1.48500000,1.51800000,4195825.00000000,6322625.19710000,38971
2026-03-13,1.51700000,1.55000000,1.44700000,1.46400000,9201809.00000000,13876841.69775000,73773
2026-03-14,1.46300000,1.46300000,1.40300000,1.41400000,4828537.28000000,6907474.05764000,38026
2026-03-15,1.41300000,1.44600000,1.39200000,1.44100000,6187751.89000000,8802667.86596000,38139
2026-03-16,1.44200000,1.66200000,1.43200000,1.64000000,22041939.73000000,34781756.58037000,200113
2026-03-17,1.64100000,1.64300000,1.58200000,1.62000000,7562724.50000000,12176050.52121000,70198
2026-03-18,1.62100000,1.65400000,1.53900000,1.57700000,7269010.46000000,11612081.28904000,64266
2026-03-19,1.57700000,1.57900000,1.49600000,1.52100000,4869424.19000000,7463411.08302000,47516
2026-03-20,1.52200000,1.55300000,1.49400000,1.49900000,3622808.30000000,5526343.04809000,41091
2026-03-21,1.49900000,1.51600000,1.45700000,1.46800000,3209315.50000000,4795400.58751000,30997
2026-03-22,1.46700000,1.48300000,1.39300000,1.41300000,3782595.47000000,5446978.85040000,41735
2026-03-23,1.41300000,1.49300000,1.40200000,1.42100000,7892507.70000000,11404908.47394000,80714
2026-03-24,1.42100000,1.42900000,1.36000000,1.40100000,7890723.75000000,11042555.11806000,65025
2026-03-25,1.40200000,1.41200000,1.34600000,1.36300000,8355450.23000000,11533419.76812000,65599
2026-03-26,1.36300000,1.36900000,1.30100000,1.32100000,8359715.18000000,11075766.60698000,55786
2026-03-27,1.32100000,1.34000000,1.27000000,1.29200000,6120335.65000000,7928126.31719000,48657
2026-03-28,1.29100000,1.30600000,1.25300000,1.25900000,5134154.60000000,6582201.55487000,33605
2026-03-29,1.25900000,1.27600000,1.22100000,1.26100000,3214125.71000000,4043538.58810000,25212
2026-03-30,1.26100000,1.28800000,1.23300000,1.24300000,6223675.83000000,7872081.78825000,36006
2026-03-31,1.24400000,1.27800000,1.22600000,1.25300000,6836567.44000000,8559339.79800000,39446
2026-04-01,1.25300000,1.30300000,1.24700000,1.25500000,6054854.02000000,7723634.29694000,34320
2026-04-02,1.25600000,1.26900000,1.20400000,1.23700000,5677094.61000000,6949821.55534000,38007
2026-04-03,1.23700000,1.26700000,1.23000000,1.23900000,3036914.91000000,3789809.71869000,21513
2026-04-04,1.23800000,1.26500000,1.23300000,1.25400000,2124399.58000000,2654147.47640000,14444
2026-04-05,1.25400000,1.27000000,1.21600000,1.24500000,4990235.71000000,6156175.91460000,33491
2026-04-06,1.24500000,1.31700000,1.23200000,1.24100000,5616931.89000000,7174148.36110000,39559
2026-04-07,1.24000000,1.33000000,1.20500000,1.31400000,6266594.29000000,7855990.44741000,46260
2026-04-08,1.31400000,1.33500000,1.26500000,1.26900000,5519824.88000000,7212070.29544000,42944
2026-04-09,1.26800000,1.36100000,1.23500000,1.30000000,6517543.15000000,8370078.31800000,52263
2026-04-10,1.30000000,1.32800000,1.28200000,1.30500000,4555791.41000000,5938814.82131000,31510
2026-04-11,1.30600000,1.31500000,1.26500000,1.28600000,4168985.01000000,5374336.96700000,27472
2026-04-12,1.28700000,1.28800000,1.21700000,1.22500000,5620079.89000000,6939317.96047000,40841
2026-04-13,1.22500000,1.24200000,1.14800000,1.22900000,19105149.08000000,22659134.37596000,104628
2026-04-14,1.23000000,1.23100000,1.14700000,1.16700000,11563925.42000000,13660346.36883000,60511
2026-04-15,1.16600000,1.19800000,1.14700000,1.18200000,7145815.84000000,8380912.88972000,40488
2026-04-16,1.18200000,1.35300000,1.17100000,1.32900000,20870959.17000000,26704363.03396000,117854
2026-04-17,1.32800000,1.35500000,1.28500000,1.33400000,10674935.49000000,14127289.81617000,65600
2026-04-18,1.33400000,1.34200000,1.27000000,1.27200000,6337921.01000000,8257515.01208000,39026
2026-04-19,1.27300000,1.29100000,1.23500000,1.24000000,4985687.05000000,6302161.30482000,33544
2026-04-20,1.23900000,1.29500000,1.23800000,1.28100000,4734339.71000000,6006001.52484000,32284
2026-04-21,1.28000000,1.29200000,1.25700000,1.27900000,4607824.13000000,5878481.35984000,29649
2026-04-22,1.27900000,1.32700000,1.26900000,1.27200000,6321105.58000000,8216330.25166000,37513
2026-04-23,1.27200000,1.27800000,1.21200000,1.24100000,6901663.77000000,8585474.64304000,40691
2026-04-24,1.24000000,1.26900000,1.22700000,1.25400000,5153548.73000000,6437031.20517000,29954
2026-04-25,1.25400000,1.27500000,1.23700000,1.24600000,3401813.69000000,4276862.27133000,22085
2026-04-26,1.24600000,1.27400000,1.23500000,1.26000000,3157052.64000000,3978583.82748000,21990
2026-04-27,1.26000000,1.27500000,1.21000000,1.23300000,5056416.11000000,6239245.46121000,28277
2026-04-28,1.23200000,1.24100000,1.21600000,1.22900000,2951297.01000000,3626980.39645000,18211
2026-04-29,1.22900000,1.25900000,1.17900000,1.21100000,5983034.37000000,7300966.08546000,34920
2026-04-30,1.21200000,1.22600000,1.19700000,1.20400000,3118654.86000000,3778431.53460000,21885
2026-05-01,1.20500000,1.22900000,1.19300000,1.20400000,5432647.91000000,6573204.74949000,24694
2026-05-02,1.20500000,1.24100000,1.19500000,1.22700000,3293914.38000000,3998392.24219000,17344
2026-05-03,1.22800000,1.22900000,1.20400000,1.20900000,2901036.90000000,3519044.85155000,17431
2026-05-04,1.20900000,1.26300000,1.19700000,1.22800000,7455752.31000000,9180162.36874000,44812
2026-05-05,1.22900000,1.29600000,1.22500000,1.27900000,6134359.85000000,7765211.97901000,39342
2026-05-06,1.27800000,1.33400000,1.26900000,1.31900000,7727592.01000000,10109374.02314000,50032
2026-05-07,1.31800000,1.33800000,1.29000000,1.31100000,6201270.31000000,8146193.96907000,47092
2026-05-08,1.31100000,1.39100000,1.29300000,1.37400000,7832265.64000000,10497276.61411000,51667
2026-05-09,1.37500000,1.39300000,1.33800000,1.34600000,4172174.87000000,5687678.81165000,29233
2026-05-10,1.34600000,1.41900000,1.32900000,1.38300000,7477681.95000000,10284421.84474000,54715
2026-05-11,1.38300000,1.38600000,1.33500000,1.36400000,5397668.42000000,7354849.17333000,43574
2026-05-12,1.36300000,1.36900000,1.30300000,1.33500000,4320185.37000000,5766840.42984000,34211
2026-05-13,1.33500000,1.43800000,1.31400000,1.32900000,8356018.84000000,11470610.00660000,61178
2026-05-14,1.32800000,1.42200000,1.31300000,1.36400000,6364000.58000000,8713997.66041000,45126
2026-05-15,1.36400000,1.37600000,1.28900000,1.31600000,5124475.27000000,6808546.18638000,42577
2026-05-16,1.31600000,1.32100000,1.24700000,1.26800000,4113649.76000000,5239556.58473000,25398
2026-05-17,1.26700000,1.29400000,1.21400000,1.25000000,3716138.49000000,4681962.85744000,25865
2026-05-18,1.25000000,1.25500000,1.21500000,1.25200000,6882454.89000000,8486465.90738000,37692
2026-05-19,1.25200000,1.26100000,1.21900000,1.22500000,3407128.41000000,4220219.33016000,22533
2026-05-20,1.22500000,1.25800000,1.21900000,1.24900000,3833908.49000000,4764880.81286000,24461
2026-05-21,1.24900000,1.30900000,1.24400000,1.29200000,7991012.83000000,10190707.18718000,42146
2026-05-22,1.29200000,1.34700000,1.25000000,1.25800000,11575215.16000000,15142460.35613000,71237
2026-05-23,1.25900000,1.33800000,1.20000000,1.29500000,11466855.09000000,14417724.46611000,63651
2026-05-24,1.29500000,1.29800000,1.22700000,1.24600000,5346806.66000000,6770359.37250000,31517
2026-05-25,1.24600000,1.29500000,1.24000000,1.26000000,5282572.13000000,6697388.21457000,30457
2026-05-26,1.26100000,1.30800000,1.23500000,1.24900000,7955798.73000000,10067016.65900000,56988
2026-05-27,1.25000000,1.27900000,1.22300000,1.23000000,7504379.75000000,9416058.71106000,53279
2026-05-28,1.23000000,1.23600000,1.17600000,1.21300000,8444615.02000000,10151033.12563000,56952
2026-05-29,1.21200000,1.23400000,1.17800000,1.19400000,6402809.05000000,7724631.04853000,42305
2026-05-30,1.19400000,1.22100000,1.18300000,1.19000000,4899374.59000000,5874576.81603000,26699
2026-05-31,1.19000000,1.20300000,1.15700000,1.18800000,5376112.78000000,6348207.49476000,27411
2026-06-01,1.18800000,1.20600000,1.12500000,1.15900000,10594942.48000000,12297674.85043000,58759
2026-06-02,1.15900000,1.16200000,1.05500000,1.07900000,10193564.52000000,11360330.14512000,73444
2026-06-03,1.08000000,1.13300000,1.05600000,1.10400000,8897548.57000000,9806182.95544000,65980
2026-06-04,1.10400000,1.11700000,1.00800000,1.03800000,11773785.01000000,12332718.62201000,89986
2026-06-05,1.03700000,1.04300000,0.91100000,0.94600000,15874855.56000000,15440050.50999000,115622
2026-06-06,0.94700000,0.96200000,0.88400000,0.94300000,9308308.26000000,8700576.59856000,57725
2026-06-07,0.94300000,1.00100000,0.94000000,0.97400000,8323442.85000000,8034160.59216000,42692
2026-06-08,0.97300000,0.99600000,0.95100000,0.97400000,5477592.00000000,5344049.65412000,34162
2026-06-09,0.97500000,0.97800000,0.92800000,0.95700000,5446571.85000000,5217107.47577000,33203
2026-06-10,0.95700000,0.96600000,0.90300000,0.91600000,5764238.03000000,5386447.52544000,36119
2026-06-11,0.91700000,0.97500000,0.91700000,0.95100000,6147628.60000000,5844448.83627000,33266
2026-06-12,0.95200000,0.97500000,0.94100000,0.95700000,6047010.13000000,5792430.09921000,31719
2026-06-13,0.95800000,0.99500000,0.95600000,0.98000000,6768630.23000000,6635708.39549000,23696
2026-06-14,0.98100000,0.99800000,0.94900000,0.99800000,5556444.72000000,5400606.43046000,21291
2026-06-15,0.99800000,1.04700000,0.98500000,1.01100000,10134074.92000000,10302303.54761000,44338
2026-06-16,1.01100000,1.03400000,0.98800000,1.01300000,5242698.99000000,5310644.44401000,29429
2026-06-17,1.01400000,1.04300000,0.98600000,1.00400000,7349969.14000000,7469856.47910000,45014
2026-06-18,1.00400000,1.01000000,0.94000000,0.97400000,6756333.79000000,6558065.80203000,32441
2026-06-19,0.97500000,0.98200000,0.94700000,0.96100000,4610690.94000000,4431975.84314000,22912
2026-06-20,0.96100000,0.97600000,0.94900000,0.96900000,3656225.21000000,3525780.41121000,17409
2026-06-21,0.97000000,0.97500000,0.94000000,0.94100000,3106257.63000000,2986034.60867000,16132
2026-06-22,0.94200000,0.97900000,0.92900000,0.93700000,4339394.16000000,4153483.16452000,23972
2026-06-23,0.93600000,0.93900000,0.88300000,0.91000000,5246189.19000000,4760733.75839000,27999
2026-06-24,0.91000000,0.92000000,0.84200000,0.88800000,7275736.27000000,6424956.78914000,38872
2026-06-25,0.88800000,0.89900000,0.81900000,0.84400000,5987794.27000000,5140606.82765000,33662
2026-06-26,0.84300000,0.86800000,0.80400000,0.85200000,7318627.66000000,6128269.65990000,33408
2026-06-27,0.85300000,0.86100000,0.80800000,0.81600000,3726004.01000000,3117174.71742000,15047
2026-06-28,0.81600000,0.82200000,0.79500000,0.81000000,5884504.74000000,4761180.72829000,22126
2026-06-29,0.81100000,0.84000000,0.80600000,0.82600000,6076766.61000000,4992548.31909000,27687
2026-06-30,0.82500000,0.83300000,0.80100000,0.82200000,5484032.82000000,4473766.65358000,20707
2026-07-01,0.82200000,0.85000000,0.80600000,0.82900000,5293937.54000000,4418568.13686000,22938
2026-07-02,0.82800000,0.86800000,0.82500000,0.84200000,6641651.57000000,5632502.79399000,22198
2026-07-03,0.84200000,0.89200000,0.83700000,0.88100000,6221381.14000000,5418368.27056000,20198
2026-07-04,0.88100000,0.90000000,0.86700000,0.88500000,4313048.43000000,3806508.40683000,16628
2026-07-05,0.88400000,0.89100000,0.86000000,0.88100000,3303278.38000000,2889429.98290000,14103
2026-07-06,0.88200000,0.90800000,0.84800000,0.88500000,7033735.45000000,6169353.34832000,24685
2026-07-07,0.88600000,0.88700000,0.84600000,0.85000000,7771979.56000000,6717259.43597000,20850
2026-07-08,0.85100000,0.85700000,0.81500000,0.82700000,7126723.12000000,5921268.65148000,21258
2026-07-09,0.82700000,0.84000000,0.82100000,0.82600000,4551361.14000000,3780638.68834000,13515
2026-07-10,0.82700000,0.89500000,0.82100000,0.87700000,11124075.72000000,9682580.68062000,33911
2026-07-11,0.87600000,0.88700000,0.85000000,0.85400000,4072859.62000000,3566862.66957000,18974
2026-07-12,0.85300000,0.86000000,0.83400000,0.84400000,4424940.92000000,3750826.71434000,17883
2026-07-13,0.84400000,0.86000000,0.82500000,0.83600000,6294437.86000000,5262526.31219000,20495
2026-07-14,0.83700000,0.86000000,0.82800000,0.85200000,8526264.21000000,7209809.87630000,22194
2026-07-15,0.85300000,0.86900000,0.83800000,0.84700000,6538379.90000000,5580660.38193000,21568
2026-07-16,0.84700000,0.87400000,0.82800000,0.85900000,6215711.96000000,5271016.62557000,20996
2026-07-17,0.85900000,0.86900000,0.83400000,0.84900000,7500450.46000000,6402380.11073000,21684
2026-07-18,0.85000000,0.85400000,0.83000000,0.83900000,3723857.96000000,3122206.52262000,10332
2026-07-19,0.83900000,0.84100000,0.80600000,0.82000000,5851500.86000000,4823398.45262000,16004
2026-07-20,0.82000000,0.83200000,0.80100000,0.82700000,5583416.10000000,4559626.61657000,22248
2026-07-21,0.82600000,0.86900000,0.82400000,0.84700000,6620183.43000000,5661768.80702000,29152
2026-07-22,0.84800000,0.85800000,0.82900000,0.83600000,4571781.02000000,3865234.48976000,16934
2026-07-23,0.83600000,0.84200000,0.80500000,0.81500000,3832610.96000000,3141503.47957000,14512
2026-07-24,0.81500000,0.82000000,0.78700000,0.80800000,5707325.42000000,4592962.79927000,18144
2026-07-25,0.80800000,0.82500000,0.80600000,0.81400000,2246179.41000000,1832649.93176000,10456
2026-07-26,0.81400000,0.83200000,0.81300000,0.82800000,3210854.04000000,2644102.06175000,13599
2026-07-27,0.82800000,0.82900000,0.74800000,0.75900000,7526358.43000000,5950881.80993000,29337
2026-07-28,0.75900000,0.77200000,0.74900000,0.76100000,6975657.97000000,5318224.75791000,23614
2026-07-29,0.76100000,0.77700000,0.75200000,0.76400000,5462522.21000000,4162264.06222000,19491
2026-07-30,0.76300000,0.77900000,0.76100000,0.76800000,3050287.23000000,2346513.48374000,11958
2026-07-31,0.76900000,0.77500000,0.74300000,0.75900000,4635071.00000000,3527326.39390000,16379
2026-08-01,0.75900000,0.78500000,0.75800000,0.78200000,3908134.65000000,3018726.89214000,16592
2026-08-02,0.78200000,0.80200000,0.78100000,0.79900000,4942844.23000000,3924290.92618000,23659
2026-08-03,0.79900000,0.83200000,0.78700000,0.82500000,5005834.17000000,4072050.39346000,21845
2026-08-04,0.82400000,0.87000000,0.82000000,0.85700000,5658556.95000000,4765107.65175000,25334
2026-08-05,0.85700000,0.87000000,0.83800000,0.84200000,3801743.01000000,3238351.25082000,16372
2026-08-06,0.84200000,0.84700000,0.81500000,0.82200000,3312063.84000000,2743425.02461000,12612
2026-08-07,0.82100000,0.82400000,0.80200000,0.81800000,2971383.53000000,2418123.93370000,11643
2026-08-08,0.81900000,0.82700000,0.81300000,0.81600000,1780785.02000000,1458452.33310000,8078
2026-08-09,0.81600000,0.81600000,0.79600000,0.79900000,2538559.52000000,2050941.67484000,8847
2026-08-10,0.79900000,0.82100000,0.79700000,0.80500000,4834390.25000000,3907179.87108000,17787
2026-08-11,0.80600000,0.81300000,0.77800000,0.79100000,4422108.78000000,3515862.50108000,15341
2026-08-12,0.79000000,0.79800000,0.76700000,0.77400000,3365298.75000000,2646559.27925000,11001
2026-08-13,0.77400000,0.77700000,0.76400000,0.77300000,2801817.54000000,2163719.25313000,8517
2026-08-14,0.77300000,0.77500000,0.75200000,0.76500000,3481032.07000000,2645188.23260000,10222
2026-08-15,0.76500000,0.78500000,0.75900000,0.76200000,3753053.94000000,2905655.51557000,12470
2026-08-16,0.76100000,0.76900000,0.75300000,0.75900000,2212695.53000000,1682858.29303000,7509
2026-08-17,0.75900000,0.77000000,0.75400000,0.76200000,2695131.86000000,2049141.50810000,8494
2026-08-18,0.76200000,0.76300000,0.72300000,0.75200000,6491935.66000000,4818750.21577000,27679
2026-08-19,0.75200000,0.80800000,0.74700000,0.78900000,9384527.65000000,7294423.36029000,35413
2026-08-20,0.78900000,0.85100000,0.78000000,0.84800000,9156528.82000000,7515004.26092000,49455
2026-08-21,0.84800000,0.95300000,0.83700000,0.94000000,12644326.86000000,11227221.01456000,61926
2026-08-22,0.94000000,1.03200000,0.89900000,0.92000000,17765903.59000000,16952489.57313000,99255
2026-08-23,0.92000000,0.93700000,0.87600000,0.92800000,6888173.63000000,6281014.34411000,35221
2026-08-24,0.92900000,0.92900000,0.89000000,0.89900000,6970250.30000000,6328906.73247000,39687
2026-08-25,0.89900000,0.92400000,0.84300000,0.85200000,7301287.06000000,6473279.18171000,38930
2026-08-26,0.85200000,0.87800000,0.83000000,0.87600000,5953943.48000000,5059784.30061000,28545
2026-08-27,0.87600000,0.89600000,0.86400000,0.88100000,6012957.61000000,5287441.17078000,33416
2026-08-28,0.88200000,0.89600000,0.83600000,0.84900000,5476452.88000000,4730013.24699000,31563
2026-08-29,0.84900000,0.85400000,0.83000000,0.84600000,3501142.66000000,2941914.36653000,15151
2026-08-30,0.84500000,0.87000000,0.80800000,0.81900000,5500782.25000000,4642781.13388000,29252
2026-08-31,0.81900000,0.84400000,0.81200000,0.84000000,4905709.68000000,4069110.85367000,23553
2026-09-01,0.84000000,0.88200000,0.83900000,0.87200000,7890551.98000000,6807841.59297000,41176
2026-09-02,0.87200000,0.89400000,0.83800000,0.86800000,8423404.64000000,7261519.18737000,40252
2026-09-03,0.86800000,0.90100000,0.85400000,0.88900000,7774320.18000000,6874640.71252000,37073
2026-09-04,0.88800000,0.90300000,0.84200000,0.90000000,8160000.02000000,7085307.13817000,39526
2026-09-05,0.90000000,0.92800000,0.88400000,0.91600000,7178327.99000000,6514984.68726000,36290
2026-09-06,0.91500000,0.99200000,0.91400000,0.97900000,10516431.66000000,10056520.23034000,58504
2026-09-07,0.97900000,1.10900000,0.95600000,1.06300000,27169054.52000000,28445342.36932000,158333
2026-09-08,1.06200000,1.28400000,1.04700000,1.24600000,26236786.48000000,30611008.69668000,203016
2026-09-09,1.24600000,1.25900000,1.09300000,1.12300000,18614475.46000000,21789988.03727000,168677
2026-09-10,1.12200000,1.13100000,1.07300000,1.09600000,9594570.24000000,10577878.10438000,74833
2026-09-11,1.09600000,1.16300000,1.03000000,1.04100000,15538431.79000000,16966529.00689000,109595
2026-09-12,1.04100000,1.05900000,1.01300000,1.01900000,5807185.98000000,6030931.95775000,32833
2026-09-13,1.02000000,1.02900000,0.99500000,0.99900000,6165999.29000000,6238615.25513000,39301
2026-09-14,0.99900000,1.03700000,0.99700000,1.00400000,7610462.59000000,7729273.14023000,46759
2026-09-15,1.00300000,1.00400000,0.93400000,0.94500000,9280144.11000000,9046870.75922000,53866
2026-09-16,0.94400000,1.02800000,0.93500000,1.01900000,10857587.57000000,10646629.00441000,92052
2026-09-17,1.02000000,1.09600000,1.00400000,1.07900000,12115977.97000000,12648878.42040000,82635
2026-09-18,1.08000000,1.17100000,1.07600000,1.13400000,14303744.35000000,16243970.91649000,121417
2026-09-19,1.13400000,1.15800000,1.09500000,1.12400000,9947881.53000000,11197588.04773000,69705
2026-09-20,1.12500000,1.17300000,1.07200000,1.13500000,14025580.71000000,15785288.00288000,110991
2026-09-21,1.13400000,1.21900000,1.12700000,1.20700000,14464751.56000000,17053740.76308000,99851
2026-09-22,1.20600000,1.23600000,1.14500000,1.21900000,11053660.02000000,13074111.66395000,90233
2026-09-23,1.21900000,1.22600000,1.07800000,1.10200000,14080344.31000000,16094070.95730000,107507
2026-09-24,1.10200000,1.18000000,1.09000000,1.15600000,11356951.67000000,13005945.59010000,102256
2026-09-25,1.15500000,1.22300000,1.13100000,1.21300000,11474973.04000000,13539404.31128000,82322
2026-09-26,1.21300000,1.30600000,1.19800000,1.24300000,13900689.01000000,17276923.99882000,102241
2026-09-27,1.24200000,1.27800000,1.22000000,1.26800000,9911163.86000000,12395495.13930000,87974
2026-09-28,1.26800000,1.28200000,1.15100000,1.18200000,13870601.64000000,16657611.71083000,133858
2026-09-29,1.18200000,1.23600000,1.14100000,1.19300000,10722126.04000000,12735964.23096000,96398
2026-09-30,1.19400000,1.26200000,1.18500000,1.22300000,10956093.02000000,13438525.54572000,96356
2026-10-01,1.22400000,1.26400000,1.16000000,1.17600000,9051529.73000000,10888002.07453000,93250
2026-10-02,1.17700000,1.24200000,1.13800000,1.15500000,12019111.50000000,14387202.85176000,105829
2026-10-03,1.15400000,1.22300000,1.14400000,1.18500000,8565577.36000000,10096468.35713000,59159
2026-10-04,1.18500000,1.23900000,1.17300000,1.20500000,6669112.51000000,7997545.41850000,52130
2026-10-05,1.20500000,1.24600000,1.18400000,1.23000000,11444086.46000000,13916594.17864000,78016
2026-10-06,1.23000000,1.24800000,1.19500000,1.20200000,8102173.22000000,9888960.89626000,64488
2026-10-07,1.20100000,1.20400000,1.09100000,1.11700000,12231287.71000000,13732960.20166000,95885
