date,open,high,low,close,volume,quote_volume,trades
2021-04-16,170.87530000,195.69620000,170.80000000,182.61470000,4348644.93000000,793619821.31125100,832042
2021-04-17,182.66400000,193.00000000,175.47620000,180.92880000,1850728.18000000,341661722.51414100,406825
2021-04-18,180.92880000,183.11810000,130.00000000,156.32780000,3139396.30000000,493075383.76840800,592062
2021-04-19,156.29450000,164.81860000,149.63660000,154.80140000,1426196.00000000,225104293.27962700,280879
2021-04-20,154.79800000,157.79450000,145.50770000,153.90170000,1170217.10000000,177596291.52235700,240345
2021-04-21,153.93010000,159.02110000,147.11110000,147.72870000,1129839.25000000,174487559.94072800,239572
2021-04-22,147.72120000,157.89230000,144.47370000,145.91400000,1524418.19000000,227701974.22135200,311911
2021-04-23,145.93340000,147.96300000,130.00000000,138.57990000,2026141.93000000,276903515.55444800,385414
2021-04-24,138.55590000,139.38000000,131.12560000,133.55350000,1095487.16000000,147801882.00655000,213806
2021-04-25,133.58110000,136.88000000,131.66000000,134.04000000,551274.82690000,73970031.50352100,117695
2021-04-26,134.04000000,154.80000000,133.47000000,154.20000000,1313641.22790000,191197868.43976476,309022
2021-04-27,154.24000000,155.24000000,148.01000000,152.46000000,967946.10820000,147426096.47419000,233867
2021-04-28,152.46000000,156.00000000,146.37000000,150.93000000,892345.98070000,134698477.11234600,201754
2021-04-29,150.94000000,152.17000000,147.50000000,149.76000000,783542.35760000,117473337.71558900,180797
2021-04-30,149.75000000,165.00000000,149.67000000,163.92000000,1546255.82300000,244720404.41457200,362528
2021-05-01,163.82000000,168.00000000,161.06000000,164.24000000,809703.25880000,132935408.23551800,192016
2021-05-02,164.21000000,166.75000000,156.29000000,162.46000000,757213.38060000,121455598.30224200,174873
2021-05-03,162.46000000,163.96000000,158.50000000,160.24000000,790718.23540000,127543287.29757500,173653
2021-05-04,160.24000000,160.49000000,135.10000000,140.80000000,1503435.54630000,224392026.71592600,352475
2021-05-05,140.82000000,154.86000000,139.56000000,152.53000000,1091315.12710000,163322310.61168100,249877
2021-05-06,152.46000000,165.63000000,149.69000000,153.59000000,1873546.75120000,294482322.84326500,424127
2021-05-07,153.63000000,155.23000000,146.82000000,150.33000000,933789.16350000,141965126.70198700,202264
2021-05-08,150.39000000,154.25000000,143.49000000,148.10000000,767341.45480000,115343913.70714900,166996
2021-05-09,148.10000000,149.55000000,140.73000000,146.50000000,880624.60580000,127331146.54893900,202790
2021-05-10,146.51000000,149.33000000,129.14000000,135.71000000,1155938.17380000,162831722.89768400,311159
2021-05-11,135.71000000,143.44000000,133.79000000,142.95000000,1014580.44860000,140109059.25054400,269083
2021-05-12,142.90000000,145.59000000,123.77000000,127.04000000,1373711.74370000,189094734.61679700,314660
2021-05-13,127.09000000,127.79000000,87.26000000,117.82000000,4298932.31030000,488112400.91340400,838730
2021-05-14,117.82000000,124.84000000,113.82000000,120.65000000,1843265.54620000,219396752.76864100,382136
2021-05-15,120.64000000,122.85000000,109.96000000,110.48000000,1520986.51390000,176878401.82120400,347939
2021-05-16,110.46000000,116.19000000,100.15000000,107.81000000,1753425.69650000,190291369.68095200,391709
2021-05-17,107.79000000,107.88000000,93.35000000,99.46000000,2141124.60660000,215498749.48757300,434753
2021-05-18,99.43000000,106.02000000,96.82000000,100.11000000,1877765.02260000,190370444.15966700,397045
2021-05-19,100.13000000,101.73000000,55.00000000,65.28000000,5711508.35320000,450302489.80502500,960964
2021-05-20,65.29000000,95.26000000,61.13000000,88.66000000,5722650.43790000,466978049.77966800,943913
2021-05-21,88.62000000,94.99000000,67.76000000,76.84000000,4394753.38300000,353039162.91461600,829660
2021-05-22,76.90000000,77.43000000,66.48000000,72.21000000,3395285.82290000,245944563.71418100,606069
2021-05-23,72.23000000,74.73000000,55.20000000,64.88000000,4404400.12970000,284243355.23489700,718948
2021-05-24,64.87000000,78.00000000,62.24000000,74.75000000,4372237.20180000,297697613.13302900,611974
2021-05-25,74.74000000,79.76000000,65.73000000,72.24000000,3399202.83050000,242651194.34953800,527144
2021-05-26,72.28000000,74.99000000,70.03000000,74.50000000,2469525.81350000,179189141.35941600,373608
2021-05-27,74.51000000,74.56000000,68.86000000,71.43000000,1919835.43930000,137548400.65251500,308894
2021-05-28,71.44000000,71.80000000,64.98000000,66.75000000,2444585.55190000,165619100.13244200,425484
2021-05-29,66.74000000,69.87000000,64.50000000,68.24000000,1921950.24070000,129008891.14148000,319896
2021-05-30,68.25000000,69.44000000,65.25000000,68.34000000,1796269.42580000,121576101.33066100,270903
2021-05-31,68.34000000,72.92000000,66.28000000,72.52000000,2040700.74090000,142145489.54084800,337869
2021-06-01,72.52000000,73.17000000,68.02000000,69.18000000,1611400.02770000,113009095.50348100,292621
2021-06-02,69.18000000,72.06000000,68.15000000,70.09000000,1314034.60860000,91975144.44212600,230666
2021-06-03,70.09000000,94.05000000,69.47000000,89.48000000,5210285.14940000,432125036.02007400,903233
2021-06-04,89.47000000,97.99000000,84.51000000,88.00000000,6430417.60170000,578634372.48845200,1112317
2021-06-05,88.00000000,93.03000000,85.85000000,88.16000000,2864255.07930000,255544351.46079500,501119
2021-06-06,88.15000000,89.05000000,86.01000000,86.99000000,1401268.04880000,122484507.88166700,221264
2021-06-07,86.98000000,92.10000000,80.15000000,81.99000000,2876771.73510000,254314337.38151900,385657
2021-06-08,82.00000000,83.75000000,70.36000000,76.02000000,4778130.60100000,361804815.50829100,538104
2021-06-09,75.98000000,78.91000000,70.89000000,77.76000000,3182405.92980000,238147462.81732300,387560
2021-06-10,77.78000000,79.13000000,71.61000000,73.31000000,2308661.73510000,174776423.47161600,273426
2021-06-11,73.32000000,74.12000000,69.62000000,70.80000000,1554746.04020000,112864438.97396600,187343
2021-06-12,70.79000000,71.30000000,66.00000000,69.68000000,1819483.56830000,125578460.67541000,220775
2021-06-13,69.68000000,73.73000000,68.62000000,73.13000000,1281781.80070000,90553448.83792300,166207
2021-06-14,73.11000000,77.72000000,71.82000000,74.89000000,1645829.14760000,121921621.82298200,235223
2021-06-15,74.89000000,75.89000000,71.58000000,72.56000000,1476074.47860000,109103248.21825700,201509
2021-06-16,72.57000000,72.57000000,68.56000000,69.72000000,1373941.12160000,96729769.12483600,191024
2021-06-17,69.72000000,72.10000000,67.04000000,68.93000000,1167009.08850000,81500987.72451300,151977
2021-06-18,68.93000000,68.97000000,63.50000000,65.69000000,1365880.87780000,90643020.57132200,167544
2021-06-19,65.69000000,66.85000000,64.23000000,64.72000000,1076377.46040000,70628180.26249800,121535
2021-06-20,64.71000000,65.00000000,59.92000000,63.20000000,2188031.12900000,136618849.31757200,189167
2021-06-21,63.19000000,63.73000000,45.00000000,46.18000000,4690895.53100000,251668674.38556700,488378
2021-06-22,46.15000000,53.18000000,42.53000000,49.45000000,5375956.74400000,257022222.52080600,496556
2021-06-23,49.45000000,59.25000000,47.48000000,58.70000000,3757619.75710000,206001328.54052700,432423
2021-06-24,58.72000000,59.35000000,54.17000000,57.10000000,2749730.25020000,155937868.94525500,242621
2021-06-25,57.10000000,57.93000000,50.36000000,52.03000000,3034948.46860000,163337249.05789300,283428
2021-06-26,52.03000000,53.29000000,50.00000000,53.04000000,2132210.48160000,110519683.00396400,223382
2021-06-27,53.04000000,56.52000000,52.66000000,56.20000000,2000162.75980000,108405027.37674500,193674
2021-06-28,56.19000000,57.94000000,54.88000000,56.44000000,2325097.62800000,131152013.98283100,203247
2021-06-29,56.45000000,66.31000000,56.10000000,64.59000000,3394748.92520000,204066444.16825500,341566
2021-06-30,64.59000000,65.39000000,56.40000000,60.40000000,3555416.42210000,215603247.23360300,390562
2021-07-01,60.40000000,60.45000000,55.20000000,56.65000000,2019639.41590000,115370658.26591100,233241
2021-07-02,56.65000000,57.41000000,54.94000000,57.19000000,1314268.32620000,73737838.91029200,153293
2021-07-03,57.17000000,59.98000000,56.63000000,58.92000000,1238571.52940000,72423345.07282000,127617
2021-07-04,58.92000000,60.63000000,58.01000000,58.72000000,1018822.33840000,60506215.02608600,112574
2021-07-05,58.72000000,58.72000000,54.77000000,56.06000000,1319253.41420000,75091281.41781200,148144
2021-07-06,56.08000000,58.33000000,55.98000000,57.01000000,1175663.18750000,67050351.43390000,126176
2021-07-07,57.01000000,58.04000000,56.32000000,56.42000000,869871.89580000,49918014.13551800,93034
2021-07-08,56.42000000,56.51000000,52.79000000,53.85000000,1320214.88670000,72992582.06653200,126276
2021-07-09,53.86000000,55.56000000,52.71000000,55.26000000,851839.55360000,46277287.39931800,92464
2021-07-10,55.26000000,56.03000000,53.55000000,54.25000000,669931.57900000,36680590.87749400,70613
2021-07-11,54.22000000,55.80000000,53.92000000,55.12000000,484171.09200000,26505337.86770000,55242
2021-07-12,55.11000000,55.49000000,52.20000000,52.48000000,787505.48700000,42488410.90394500,86122
2021-07-13,52.47000000,53.05000000,50.38000000,50.98000000,1047433.33310000,54377892.60020100,106654
2021-07-14,50.97000000,51.24000000,48.10000000,49.68000000,1201652.47690000,59629794.69845500,118328
2021-07-15,49.68000000,50.35000000,46.20000000,47.32000000,1250561.10230000,60142171.16223000,114229
2021-07-16,47.32000000,48.36000000,45.77000000,45.82000000,992668.95480000,46626350.39567500,89381
2021-07-17,45.82000000,46.18000000,45.12000000,45.62000000,890656.27260000,40632356.48759800,70067
2021-07-18,45.62000000,47.47000000,45.55000000,46.83000000,1053811.86200000,49215792.74808300,75883
2021-07-19,46.82000000,47.16000000,44.36000000,44.71000000,954857.64250000,43734232.87952300,87400
2021-07-20,44.72000000,45.17000000,41.00000000,41.23000000,1602636.21750000,68263737.23419900,155510
2021-07-21,41.24000000,47.86000000,40.08000000,46.24000000,2153384.27850000,96082661.83248300,214146
2021-07-22,46.25000000,46.99000000,44.53000000,45.58000000,1164340.89590000,53015860.48561500,116003
2021-07-23,45.57000000,47.51000000,44.89000000,47.37000000,1296532.59060000,59973248.33721000,134328
2021-07-24,47.37000000,51.34000000,46.37000000,49.58000000,2530698.44320000,122625010.55111100,221731
2021-07-25,49.59000000,50.14000000,47.15000000,49.01000000,1960127.15900000,95226048.03768100,178427
2021-07-26,49.01000000,52.97000000,48.76000000,49.02000000,4189824.76750000,213766508.85144800,355584
2021-07-27,49.02000000,49.91000000,47.29000000,49.54000000,1784019.64090000,86575194.78662900,185853
2021-07-28,49.54000000,50.94000000,48.30000000,49.57000000,2159340.35970000,107433061.74662900,177248
2021-07-29,49.56000000,49.79000000,48.50000000,49.37000000,999009.93220000,49091900.33123800,95512
2021-07-30,49.37000000,51.37000000,48.63000000,51.32000000,1436700.97070000,71467807.15065400,130608
2021-07-31,51.32000000,52.83000000,50.34000000,52.02000000,1764912.17640000,90832212.34575000,148897
2021-08-01,52.01000000,58.35000000,51.56000000,53.85000000,4839961.94890000,270302106.28366900,401715
2021-08-02,53.85000000,56.01000000,53.08000000,54.43000000,1863404.60880000,101780209.98969200,179352
2021-08-03,54.43000000,55.08000000,52.72000000,54.29000000,1576484.82540000,84989989.56422700,155575
2021-08-04,54.30000000,57.34000000,53.98000000,56.49000000,2216026.87420000,123725591.95052100,203003
2021-08-05,56.48000000,58.22000000,55.01000000,57.88000000,2001953.75700000,112763386.77312800,194166
2021-08-06,57.87000000,64.96000000,57.17000000,64.20000000,3165350.17370000,192229471.45267800,337070
2021-08-07,64.19000000,70.84000000,63.67000000,69.24000000,4517936.65280000,306801579.21255900,499819
2021-08-08,69.24000000,69.43000000,63.39000000,64.48000000,2689308.62400000,178091189.55629000,285710
2021-08-09,64.49000000,68.18000000,61.42000000,67.54000000,2750083.36270000,180192078.46930700,290675
2021-08-10,67.52000000,69.82000000,64.95000000,66.69000000,2515419.99380000,169600464.46728800,275939
2021-08-11,66.69000000,74.03000000,66.64000000,71.76000000,3681758.61330000,260229223.43720200,422758
2021-08-12,71.76000000,75.59000000,66.04000000,68.32000000,3877037.84000000,271935327.39156000,432196
2021-08-13,68.33000000,74.83000000,68.29000000,74.47000000,2188063.78290000,155361186.76817100,284255
2021-08-14,74.47000000,75.00000000,69.99000000,72.40000000,2873070.20190000,209088335.98589600,358591
2021-08-15,72.39000000,74.47000000,70.08000000,73.06000000,2465722.97140000,177718525.99027900,291537
2021-08-16,73.06000000,75.89000000,72.42000000,73.26000000,3224869.88420000,238658643.24685400,370105
2021-08-17,73.25000000,74.69000000,69.04000000,69.45000000,2825486.84750000,205195194.19613700,325531
2021-08-18,69.49000000,70.15000000,66.00000000,67.47000000,2552150.08230000,173806494.94155700,277293
2021-08-19,67.47000000,70.54000000,66.26000000,70.48000000,1630499.56760000,110663908.50204600,193138
2021-08-20,70.47000000,73.79000000,69.69000000,73.06000000,1749122.98250000,125320146.16546100,206351
2021-08-21,73.06000000,79.29000000,71.40000000,78.45000000,3060779.10240000,227930696.80690400,375698
2021-08-22,78.45000000,79.15000000,75.05000000,77.17000000,2896082.27200000,223950749.79423500,351268
2021-08-23,77.16000000,82.48000000,76.56000000,79.75000000,3298154.71920000,264080355.97055400,361064
2021-08-24,79.74000000,80.55000000,72.17000000,74.34000000,3044715.35390000,233176895.58524500,333247
2021-08-25,74.33000000,77.93000000,72.41000000,76.53000000,2264953.11410000,170348512.35068000,248382
2021-08-26,76.53000000,78.78000000,71.40000000,72.29000000,2655189.48410000,197115517.87894600,304313
2021-08-27,72.29000000,75.77000000,70.33000000,75.19000000,2139466.44330000,155866610.52120800,266662
2021-08-28,75.20000000,75.46000000,72.86000000,73.96000000,1444189.07000000,106821727.61120000,159157
2021-08-29,73.97000000,75.42000000,72.40000000,73.63000000,1753070.70000000,129596411.25930000,188845
2021-08-30,73.62000000,74.24000000,70.94000000,71.20000000,1366890.45000000,99538026.79490000,151366
2021-08-31,71.20000000,77.80000000,70.43000000,75.97000000,3168608.57650000,236280192.22093700,382052
2021-09-01,75.96000000,78.79000000,75.27000000,78.69000000,2662164.35310000,204837088.01444100,331036
2021-09-02,78.68000000,79.58000000,77.01000000,77.39000000,1787834.62040000,139947977.11673100,219497
2021-09-03,77.39000000,78.98000000,75.72000000,77.65000000,1670784.36000000,129338866.68300000,195491
2021-09-04,77.64000000,96.65000000,77.47000000,95.04000000,5591528.11860000,485728316.57241700,756058
2021-09-05,95.04000000,120.17000000,91.89000000,113.65000000,8863729.39510000,941404015.51086000,1303797
2021-09-06,113.64000000,118.50000000,103.88000000,106.22000000,7762399.75000000,866845024.64220000,1013362
2021-09-07,106.22000000,110.97000000,71.20000000,84.46000000,13607499.00000000,1249496585.06660000,1608780
2021-09-08,84.47000000,94.05000000,76.05000000,88.28000000,9668703.68000000,821277735.55300000,1127418
2021-09-09,88.39000000,94.17000000,85.10000000,88.68000000,5353465.34000000,481264161.73020000,862105
2021-09-10,88.70000000,91.86000000,78.73000000,82.43000000,4887080.14000000,415239637.48410000,614313
2021-09-11,82.42000000,85.04000000,80.03000000,81.66000000,3341935.14000000,275905491.20250000,396826
2021-09-12,81.67000000,87.05000000,80.66000000,83.63000000,3811022.49000000,318704357.40720000,417061
2021-09-13,83.63000000,84.60000000,72.72000000,77.96000000,4367263.96000000,345654169.44050000,461110
2021-09-14,77.96000000,81.87000000,77.44000000,80.80000000,2334986.03000000,185376630.40640000,257526
2021-09-15,80.79000000,87.50000000,80.08000000,86.23000000,3817168.86000000,324306240.43930000,446141
2021-09-16,86.23000000,90.64000000,82.20000000,84.72000000,4531810.31000000,391888704.13040000,493015
2021-09-17,84.72000000,86.63000000,80.56000000,85.79000000,3144824.97000000,263004673.93850000,352687
2021-09-18,85.80000000,87.37000000,82.60000000,84.30000000,2437791.85000000,207685398.57370000,305725
2021-09-19,84.31000000,85.15000000,81.56000000,83.53000000,1629678.69000000,135881993.55990000,176891
2021-09-20,83.54000000,83.69000000,71.31000000,74.43000000,6160805.39000000,474150298.14060000,656669
2021-09-21,74.42000000,76.58000000,68.14000000,69.54000000,5187450.88930000,378378157.16955700,530760
2021-09-22,69.54000000,75.02000000,68.65000000,74.51000000,3294084.32000000,236318705.85850000,325915
2021-09-23,74.50000000,75.58000000,71.83000000,74.66000000,3073366.14000000,227033236.96600000,273800
2021-09-24,74.66000000,74.97000000,60.13000000,63.31000000,10129684.96870000,655575906.18550700,826285
2021-09-25,63.32000000,63.89000000,58.78000000,60.40000000,6263245.06730000,385488449.34801500,519682
2021-09-26,60.39000000,60.64000000,50.00000000,55.77000000,13709913.63120000,757830380.10615800,946223
2021-09-27,55.78000000,62.94000000,54.71000000,58.98000000,9074696.80000000,545298651.44260000,697772
2021-09-28,58.98000000,59.57000000,55.07000000,55.30000000,5629628.67000000,323140423.80900000,445498
2021-09-29,55.29000000,58.51000000,55.22000000,57.00000000,3708359.18000000,211432358.25240000,279995
2021-09-30,57.00000000,61.21000000,56.83000000,60.04000000,3364207.82000000,199576766.10090000,274308
2021-10-01,60.05000000,73.39000000,59.61000000,71.47000000,5594246.25940000,363935988.06733800,522318
2021-10-02,71.47000000,73.98000000,68.33000000,69.66000000,5690046.85000000,404333687.92730000,545829
2021-10-03,69.66000000,70.85000000,67.63000000,69.11000000,4228554.53000000,293471578.03540000,339053
2021-10-04,69.10000000,70.64000000,65.66000000,69.76000000,4726949.41000000,321417710.98740000,418432
2021-10-05,69.77000000,72.98000000,68.48000000,70.89000000,4170035.71000000,294707657.94050000,430462
2021-10-06,70.90000000,74.86000000,66.62000000,71.75000000,5421184.17000000,382755635.72980000,570320
2021-10-07,71.76000000,74.31000000,68.94000000,71.46000000,4617739.46000000,331193218.26040000,443417
2021-10-08,71.47000000,81.22000000,70.58000000,79.54000000,6879351.03000000,523721370.85060000,693454
2021-10-09,79.54000000,80.64000000,75.37000000,77.01000000,3958211.78000000,307797043.64320000,456345
2021-10-10,77.01000000,77.08000000,69.08000000,69.81000000,3681308.56000000,270478046.61130000,353731
2021-10-11,69.82000000,74.82000000,69.00000000,73.47000000,4551778.21000000,328145306.88690000,386297
2021-10-12,73.48000000,73.50000000,66.13000000,69.80000000,4776709.70000000,331175062.20940000,413387
2021-10-13,69.81000000,70.75000000,60.70000000,68.31000000,6934760.74000000,457544955.17310000,579899
2021-10-14,68.32000000,71.90000000,67.20000000,70.38000000,4019846.41000000,281611626.93630000,394154
2021-10-15,70.39000000,70.40000000,65.07000000,67.33000000,4707506.11000000,317846077.94050000,395106
2021-10-16,67.32000000,69.22000000,66.10000000,66.52000000,2137734.09000000,144389014.54050000,187928
2021-10-17,66.52000000,67.12000000,61.00000000,63.86000000,3186103.93000000,205000092.56500000,281591
2021-10-18,63.86000000,65.07000000,61.38000000,63.46000000,2912700.13000000,183688441.52230000,251998
2021-10-19,63.45000000,64.10000000,62.00000000,62.94000000,1965416.75000000,124108273.19910000,172678
2021-10-20,62.94000000,68.20000000,62.49000000,67.06000000,3416330.81000000,224721116.44830000,336473
2021-10-21,67.06000000,68.16000000,63.34000000,63.63000000,3631263.83000000,239593847.94950000,351562
2021-10-22,63.63000000,66.95000000,63.61000000,65.95000000,3112564.07000000,203219144.08600000,303193
2021-10-23,65.95000000,66.40000000,63.95000000,64.81000000,1699053.21000000,110386937.28160000,173090
2021-10-24,64.80000000,65.10000000,61.23000000,62.59000000,3966003.08000000,249901768.68720000,260324
2021-10-25,62.60000000,65.38000000,62.30000000,63.94000000,2338102.51000000,149354305.89530000,205142
2021-10-26,63.93000000,65.22000000,62.06000000,62.83000000,2920861.71000000,186414113.52890000,232832
2021-10-27,62.83000000,63.22000000,52.00000000,55.42000000,7414423.98000000,425674918.31660000,585212
2021-10-28,55.42000000,59.22000000,54.62000000,58.14000000,4546373.77000000,258555374.88580000,339885
2021-10-29,58.14000000,62.91000000,57.85000000,60.20000000,2719059.42000000,163701905.46350000,281824
2021-10-30,60.15000000,61.48000000,57.40000000,61.48000000,1623051.07000000,95766721.15060000,184217
2021-10-31,61.48000000,66.76000000,59.23000000,64.40000000,5987084.24000000,377818789.75290000,579404
2021-11-01,64.41000000,64.50000000,60.60000000,63.88000000,2488354.00000000,156197888.71040000,240373
2021-11-02,63.89000000,66.46000000,63.44000000,64.63000000,2853130.66000000,185213487.42930000,269027
2021-11-03,64.63000000,65.90000000,61.50000000,64.01000000,3618156.51000000,230476450.45920000,315402
2021-11-04,64.01000000,64.49000000,61.10000000,62.45000000,2315593.53000000,144969460.31190000,213035
2021-11-05,62.45000000,64.40000000,61.30000000,63.48000000,2921355.03000000,183734173.04790000,256283
2021-11-06,63.49000000,63.68000000,58.00000000,61.89000000,4288703.26000000,263014377.87020000,317959
2021-11-07,61.90000000,62.61000000,61.11000000,62.56000000,2390899.10000000,147866331.73840000,173896
2021-11-08,62.56000000,64.90000000,62.27000000,64.26000000,3303467.72000000,209411321.85530000,265025
2021-11-09,64.25000000,69.18000000,63.48000000,66.70000000,6527662.11000000,434120943.09680000,612748
2021-11-10,66.71000000,69.64000000,58.53000000,63.46000000,7646788.90000000,505523542.17360000,708670
2021-11-11,63.46000000,64.50000000,61.73000000,62.76000000,3213415.05000000,203717230.68940000,290481
2021-11-12,62.76000000,65.50000000,61.11000000,62.90000000,4427610.06000000,279479015.87020000,370304
2021-11-13,62.89000000,63.67000000,62.23000000,62.92000000,2014458.68000000,126647142.16960000,168255
2021-11-14,62.92000000,63.49000000,61.02000000,62.55000000,2055033.90000000,128064917.41280000,156220
2021-11-15,62.54000000,63.42000000,60.17000000,60.94000000,2662947.96000000,165316522.77190000,206927
2021-11-16,60.94000000,60.94000000,52.00000000,56.15000000,9225266.02000000,524455637.73350000,620527
2021-11-17,56.16000000,56.83000000,54.08000000,56.14000000,5019620.79000000,278266970.45080000,326155
2021-11-18,56.13000000,58.20000000,48.53000000,51.71000000,11467744.61330000,605973186.82709800,660040
2021-11-19,51.71000000,54.48000000,51.13000000,53.73000000,4362909.14000000,231302957.24810000,272142
2021-11-20,53.73000000,55.23000000,52.22000000,54.39000000,3050125.30000000,163835233.82720000,209071
2021-11-21,54.40000000,54.50000000,53.00000000,53.15000000,2650407.44000000,142136998.50360000,160323
2021-11-22,53.16000000,53.41000000,51.38000000,51.76000000,4187954.11000000,218643278.10100000,267189
2021-11-23,51.76000000,52.13000000,50.34000000,51.73000000,3303185.78000000,169841857.78970000,219001
2021-11-24,51.73000000,51.91000000,48.62000000,50.62000000,3405895.93000000,170435859.03420000,201678
2021-11-25,50.62000000,56.05000000,49.80000000,55.36000000,4916686.36000000,260944470.30070000,333404
2021-11-26,55.37000000,59.49000000,51.20000000,52.80000000,10313927.01000000,564176693.94920000,732330
2021-11-27,52.80000000,59.48000000,52.57000000,57.73000000,6964536.33000000,397360481.54260000,543213
2021-11-28,57.74000000,57.82000000,52.44000000,56.46000000,5269060.65000000,290719924.58790000,385361
2021-11-29,56.46000000,57.20000000,53.84000000,54.64000000,3114670.50000000,172519827.83840000,237796
2021-11-30,54.63000000,55.65000000,53.08000000,53.73000000,4139918.74000000,224382771.33460000,294077
2021-12-01,53.74000000,55.81000000,53.56000000,54.37000000,3297897.35000000,180283332.34840000,229227
2021-12-02,54.37000000,54.37000000,52.59000000,53.75000000,2672585.21000000,142988495.59460000,179832
2021-12-03,53.76000000,53.88000000,48.28000000,49.70000000,4723536.88000000,241292002.30241100,292500
2021-12-04,49.70000000,49.75000000,32.67000000,41.01000000,22461581.31130000,874011089.47021300,968719
2021-12-05,41.01000000,41.74000000,36.89000000,39.10000000,6915456.27000000,272483100.51560000,337139
2021-12-06,39.10000000,39.13000000,35.52000000,38.72000000,6711419.93000000,251897392.87270000,320077
2021-12-07,38.73000000,39.99000000,38.53000000,39.13000000,3533604.81000000,138690078.66440000,190977
2021-12-08,39.13000000,43.61000000,38.80000000,41.37000000,6432824.29000000,265749579.79420000,361365
2021-12-09,41.37000000,41.62000000,37.00000000,37.48000000,4101940.99000000,160729576.85900000,200408
2021-12-10,37.48000000,41.38000000,37.41000000,39.83000000,6344647.07000000,251226896.90030000,318537
2021-12-11,39.83000000,40.51000000,38.66000000,40.42000000,3471155.09000000,136708582.47740000,188500
2021-12-12,40.42000000,40.52000000,38.69000000,39.67000000,1938174.44000000,76902556.92230000,103389
2021-12-13,39.68000000,40.02000000,35.23000000,35.87000000,4044779.54000000,151836202.95380000,218263
2021-12-14,35.87000000,37.30000000,35.21000000,36.72000000,2850145.23000000,103458020.09110000,165439
2021-12-15,36.73000000,38.90000000,35.61000000,38.21000000,3444393.33000000,127770916.76010000,203941
2021-12-16,38.21000000,38.53000000,36.95000000,37.21000000,1986193.15000000,75155871.49770000,123552
2021-12-17,37.21000000,38.99000000,35.33000000,35.64000000,4449900.99000000,163945715.21000000,213812
2021-12-18,35.64000000,36.78000000,35.25000000,36.36000000,1822569.03000000,65790258.69610000,105769
2021-12-19,36.36000000,36.70000000,35.73000000,35.79000000,1436532.90000000,52067789.69130000,75036
2021-12-20,35.79000000,35.94000000,33.83000000,34.85000000,2748910.03000000,95534032.69940000,138005
2021-12-21,34.85000000,36.20000000,34.31000000,35.31000000,2165381.68000000,76102416.48750000,109370
2021-12-22,35.30000000,36.45000000,34.88000000,35.63000000,3360745.83000000,120406487.72560000,178567
2021-12-23,35.63000000,38.07000000,35.13000000,37.36000000,3077010.51000000,111871983.49320000,194148
2021-12-24,37.36000000,37.74000000,36.00000000,36.45000000,2588733.78000000,95669985.53430000,152640
2021-12-25,36.46000000,37.30000000,36.18000000,37.00000000,1798246.82000000,65946312.33010000,101493
2021-12-26,37.01000000,37.71000000,35.52000000,37.28000000,2459649.24000000,89748967.12810000,139376
2021-12-27,37.29000000,41.27000000,36.91000000,39.22000000,4898709.64000000,191353505.94370000,292653
2021-12-28,39.22000000,39.84000000,35.83000000,36.26000000,5909591.92000000,223200585.37300000,300887
2021-12-29,36.26000000,36.76000000,33.85000000,34.22000000,3574478.26000000,126168592.08440000,185215
2021-12-30,34.21000000,35.83000000,33.29000000,34.94000000,3190390.63000000,110752547.21150000,162101
2021-12-31,34.94000000,35.73000000,33.50000000,34.24000000,3112798.52000000,108668372.93420000,157948
2022-01-01,34.25000000,35.99000000,34.24000000,35.88000000,1616700.27000000,56573673.04940000,86276
2022-01-02,35.89000000,36.50000000,35.20000000,35.74000000,1908969.09000000,68242197.49040000,95873
2022-01-03,35.74000000,35.76000000,34.37000000,35.08000000,1992032.92000000,69883450.28550000,105089
2022-01-04,35.08000000,38.23000000,34.42000000,36.17000000,4462337.27000000,163143891.65550000,261039
2022-01-05,36.17000000,38.50000000,31.05000000,33.15000000,6108216.32170000,218907032.65539000,381285
2022-01-06,33.15000000,33.50000000,32.05000000,32.98000000,3799196.10000000,124529500.40040000,215375
2022-01-07,32.98000000,33.05000000,29.75000000,31.54000000,4986731.61000000,155401326.73064200,300117
2022-01-08,31.55000000,32.20000000,28.35000000,29.46000000,3407384.06560000,102911332.16916000,201141
2022-01-09,29.46000000,31.08000000,29.26000000,30.21000000,2346159.75000000,70652028.80200000,129668
2022-01-10,30.21000000,30.37000000,26.32000000,28.12000000,4810957.68240000,135688750.07501700,214804
2022-01-11,28.13000000,29.26000000,27.80000000,28.88000000,2254699.00000000,64266208.87410000,111102
2022-01-12,28.88000000,30.89000000,28.48000000,30.77000000,2646386.98000000,78797871.35910000,134435
2022-01-13,30.77000000,30.86000000,28.39000000,28.51000000,2774618.79000000,82507803.74530000,136723
2022-01-14,28.51000000,29.87000000,28.02000000,29.72000000,2835853.06000000,82060262.68180000,138704
2022-01-15,29.72000000,30.60000000,29.31000000,29.66000000,1783099.52000000,53326961.01900000,111586
2022-01-16,29.66000000,31.48000000,29.61000000,30.38000000,2156207.69000000,65565442.41240000,124360
2022-01-17,30.38000000,30.46000000,28.52000000,28.97000000,1862779.85000000,54817543.97950000,126066
2022-01-18,28.98000000,29.33000000,27.66000000,28.47000000,2244706.75000000,63499207.44100000,130880
2022-01-19,28.47000000,28.71000000,27.21000000,27.61000000,1967639.26000000,54921177.76310000,118746
2022-01-20,27.62000000,28.70000000,26.00000000,26.18000000,1885125.08000000,52011570.86030000,119163
2022-01-21,26.19000000,26.58000000,21.12000000,21.97000000,5829037.99800000,138719116.21893600,337216
2022-01-22,21.96000000,22.65000000,16.97000000,19.01000000,9930877.39710000,194754104.79500200,427276
2022-01-23,19.01000000,20.27000000,18.36000000,19.49000000,4418430.59000000,85234654.72130000,196794
2022-01-24,19.49000000,19.50000000,16.82000000,18.42000000,7906275.78000000,140573845.95740000,311530
2022-01-25,18.41000000,18.56000000,17.72000000,18.15000000,3342227.41000000,60575251.70380000,160780
2022-01-26,18.16000000,20.43000000,18.00000000,19.27000000,5235012.48000000,100150589.65320000,252094
2022-01-27,19.27000000,19.99000000,18.07000000,19.20000000,4062372.75000000,76828307.99560000,213632
2022-01-28,19.20000000,19.85000000,18.50000000,19.61000000,3466445.34000000,66182227.44110000,179390
2022-01-29,19.61000000,20.78000000,19.37000000,20.28000000,3073353.32000000,62042363.22780000,164280
2022-01-30,20.28000000,20.88000000,19.47000000,19.82000000,2320536.98000000,46891501.74460000,126509
2022-01-31,19.82000000,21.90000000,18.97000000,21.29000000,3160362.28000000,64166254.60220000,167772
2022-02-01,21.29000000,21.59000000,20.58000000,20.89000000,1989948.26000000,41921754.70670000,117886
2022-02-02,20.90000000,21.45000000,19.95000000,20.17000000,2902063.46000000,60019857.40120000,139615
2022-02-03,20.18000000,20.57000000,19.54000000,20.35000000,2225800.31000000,44711769.55160000,107417
2022-02-04,20.35000000,21.72000000,20.19000000,21.62000000,3257469.49000000,68067166.39470000,124428
2022-02-05,21.63000000,22.81000000,21.35000000,21.98000000,2422547.38000000,53495875.72480000,116758
2022-02-06,21.99000000,22.64000000,21.56000000,22.45000000,2376103.68000000,52535487.05560000,100414
2022-02-07,22.45000000,24.75000000,22.05000000,24.52000000,4295778.18000000,100480563.19170000,181859
2022-02-08,24.51000000,26.68000000,23.12000000,24.62000000,6014022.03290000,147419055.88340000,280545
2022-02-09,24.63000000,24.85000000,23.43000000,24.29000000,3145848.53000000,75808111.29410000,145731
2022-02-10,24.29000000,24.79000000,22.80000000,23.14000000,4351076.00000000,103618680.79370000,196178
2022-02-11,23.15000000,23.39000000,20.83000000,21.10000000,2941348.76000000,66571623.22300000,133977
2022-02-12,21.09000000,21.39000000,20.28000000,20.87000000,2753205.02000000,57458889.84690000,122628
2022-02-13,20.88000000,21.20000000,20.42000000,20.57000000,1680580.40000000,35004736.47170000,75591
2022-02-14,20.57000000,21.08000000,19.92000000,20.71000000,2057462.28000000,41989014.62970000,88196
2022-02-15,20.72000000,22.53000000,20.66000000,22.35000000,2335274.44000000,50617490.06600000,96231
2022-02-16,22.35000000,23.58000000,21.51000000,23.06000000,3510522.27000000,79011138.41740000,152483
2022-02-17,23.06000000,23.40000000,20.17000000,20.53000000,4408599.82000000,96911650.39010000,176511
2022-02-18,20.54000000,21.37000000,20.13000000,21.02000000,3412814.47000000,70771588.89330000,138358
2022-02-19,21.03000000,21.27000000,20.07000000,20.81000000,2119259.88000000,43877706.46090000,84699
2022-02-20,20.81000000,20.86000000,19.34000000,19.79000000,2401819.34000000,47796239.49730000,92373
2022-02-21,19.80000000,20.48000000,18.51000000,18.63000000,3334156.89000000,65427976.28570000,123163
2022-02-22,18.63000000,19.25000000,18.05000000,19.17000000,3201322.13000000,59891084.98920000,111492
2022-02-23,19.18000000,19.61000000,18.41000000,18.45000000,2192827.20000000,41880265.43530000,84385
2022-02-24,18.45000000,18.87000000,16.73000000,18.43000000,4737448.72000000,83036873.28330000,201103
2022-02-25,18.43000000,19.21000000,18.10000000,18.93000000,2213789.51000000,41182164.71740000,99781
2022-02-26,18.93000000,19.47000000,18.53000000,19.06000000,1707971.22000000,32531896.63780000,72428
2022-02-27,19.06000000,21.35000000,18.40000000,20.36000000,4526069.09000000,91200112.81590000,201152
2022-02-28,20.37000000,21.94000000,19.70000000,21.70000000,4320671.67000000,89282936.30430000,178738
2022-03-01,21.70000000,22.28000000,20.52000000,20.96000000,3582499.02000000,76446367.69300000,148419
2022-03-02,20.97000000,21.68000000,20.20000000,20.74000000,2787048.44000000,58425429.19380000,135922
2022-03-03,20.75000000,20.97000000,19.54000000,20.13000000,1793049.50000000,36227681.31810000,71796
2022-03-04,20.13000000,20.30000000,18.47000000,18.81000000,2447686.82000000,47456432.76340000,98036
2022-03-05,18.82000000,19.23000000,18.25000000,19.09000000,1158437.18000000,21817127.60060000,50057
2022-03-06,19.09000000,19.29000000,18.33000000,18.45000000,1250798.80000000,23479213.81700000,49803
2022-03-07,18.46000000,18.91000000,17.11000000,17.82000000,2504402.05000000,45236413.67410000,98785
2022-03-08,17.83000000,18.33000000,17.67000000,18.03000000,1666749.94000000,30032179.99490000,63279
2022-03-09,18.03000000,19.28000000,17.96000000,18.82000000,1976844.49000000,36929514.70660000,76603
2022-03-10,18.83000000,18.87000000,17.31000000,17.89000000,1863671.05000000,33327336.84810000,87169
2022-03-11,17.90000000,18.06000000,17.16000000,17.37000000,1238992.44000000,21823244.15690000,54855
2022-03-12,17.37000000,19.38000000,17.33000000,17.71000000,1691759.90000000,30574764.77110000,76122
2022-03-13,17.72000000,18.07000000,17.03000000,17.24000000,1002205.46000000,17705076.29270000,43587
2022-03-14,17.25000000,17.70000000,17.06000000,17.46000000,1038261.16000000,18027382.46040000,43129
2022-03-15,17.46000000,17.51000000,16.50000000,16.80000000,1609681.89000000,27162021.27460000,63844
2022-03-16,16.81000000,17.50000000,16.73000000,17.42000000,1913267.23000000,32700661.09100000,72786
2022-03-17,17.43000000,17.80000000,17.23000000,17.43000000,1211744.76000000,21209450.74760000,43770
2022-03-18,17.44000000,17.84000000,17.08000000,17.61000000,1319665.72000000,22956526.92800000,47922
2022-03-19,17.61000000,18.40000000,17.56000000,18.21000000,1890958.07000000,34076001.12000000,76681
2022-03-20,18.22000000,18.29000000,17.21000000,17.64000000,1600180.37000000,28479496.75980000,61752
2022-03-21,17.65000000,17.99000000,17.34000000,17.83000000,1424116.17000000,25257495.00360000,53527
2022-03-22,17.83000000,18.70000000,17.75000000,18.30000000,2249679.19000000,41187566.98000000,89352
2022-03-23,18.30000000,19.64000000,18.28000000,19.33000000,3646378.01000000,69518697.48670000,137193
2022-03-24,19.33000000,19.83000000,18.90000000,19.61000000,3115234.95000000,60399816.49100000,116598
2022-03-25,19.60000000,19.69000000,18.36000000,18.84000000,2369371.20000000,45458368.05570000,92760
2022-03-26,18.84000000,19.45000000,18.63000000,19.43000000,1333797.04000000,25290348.80030000,54524
2022-03-27,19.43000000,24.10000000,18.92000000,23.70000000,7884627.76000000,169033071.84440000,337753
2022-03-28,23.69000000,27.85000000,23.45000000,25.31000000,16392389.06000000,413944676.51600000,770426
2022-03-29,25.31000000,28.15000000,24.88000000,26.36000000,10608415.13000000,280847646.09660000,503808
2022-03-30,26.36000000,26.60000000,24.70000000,25.90000000,5743426.76000000,148219286.38850000,265427
2022-03-31,25.90000000,27.55000000,24.05000000,24.45000000,6640586.86000000,169309617.33760000,293187
2022-04-01,24.46000000,26.16000000,22.89000000,25.53000000,6112821.89000000,147611402.26070000,261972
2022-04-02,25.52000000,26.76000000,23.75000000,23.94000000,4579299.81000000,115989755.89690000,217890
2022-04-03,23.94000000,25.89000000,23.60000000,25.43000000,3885301.71000000,96392083.02080000,163774
2022-04-04,25.43000000,25.77000000,23.65000000,25.25000000,4759506.64000000,118712358.06340000,202782
2022-04-05,25.26000000,26.57000000,24.51000000,24.88000000,6633568.72000000,170086807.59470000,286803
2022-04-06,24.89000000,24.90000000,21.54000000,21.75000000,5895792.15000000,139002676.17730000,251844
2022-04-07,21.75000000,22.70000000,21.42000000,22.47000000,3415609.24000000,75686389.72770000,129435
2022-04-08,22.47000000,22.94000000,21.00000000,21.31000000,3529234.59000000,78073913.07830000,133718
2022-04-09,21.30000000,21.75000000,21.15000000,21.72000000,1550621.07000000,33330713.95640000,61469
2022-04-10,21.71000000,21.85000000,20.81000000,21.02000000,1593516.59000000,34139886.52580000,63228
2022-04-11,21.02000000,21.07000000,18.00000000,18.31000000,3817296.03000000,73966299.09930000,152681
2022-04-12,18.31000000,19.71000000,18.27000000,19.45000000,2974722.99000000,56532197.37530000,121940
2022-04-13,19.45000000,19.58000000,18.73000000,19.40000000,1806692.16000000,34802916.62970000,78731
2022-04-14,19.41000000,19.79000000,18.45000000,18.68000000,1927347.81000000,36881312.90620000,81064
2022-04-15,18.69000000,19.21000000,18.66000000,19.05000000,1268736.26000000,24057042.12610000,60221
2022-04-16,19.05000000,22.15000000,18.86000000,21.66000000,3587451.86000000,73355848.68600000,158540
2022-04-17,21.67000000,21.80000000,19.56000000,19.70000000,4512968.88000000,94162460.68670000,184486
2022-04-18,19.70000000,19.94000000,18.43000000,19.63000000,3998429.03000000,76696274.01030000,173187
2022-04-19,19.63000000,21.17000000,19.38000000,20.42000000,3645269.28000000,73372954.20210000,138117
2022-04-20,20.42000000,20.72000000,19.38000000,19.61000000,3597326.57000000,72064771.72590000,123915
2022-04-21,19.61000000,20.26000000,18.50000000,18.85000000,3825308.00000000,75066390.64760000,141517
2022-04-22,18.85000000,19.52000000,18.70000000,19.29000000,2858403.97000000,54489852.38410000,102008
2022-04-23,19.30000000,19.57000000,18.78000000,18.93000000,2218729.45000000,42567980.00640000,75360
2022-04-24,18.93000000,19.39000000,18.64000000,18.91000000,1815747.38000000,34533265.34100000,69996
2022-04-25,18.92000000,18.95000000,17.44000000,18.63000000,3841968.33000000,69688218.97560000,130477
2022-04-26,18.64000000,18.77000000,17.00000000,17.29000000,2774561.76000000,50011198.01140000,97349
2022-04-27,17.30000000,18.02000000,17.22000000,17.70000000,1893732.32000000,33447580.96710000,72349
2022-04-28,17.71000000,18.51000000,17.49000000,18.09000000,2689342.43000000,48215655.10700000,95870
2022-04-29,18.09000000,18.20000000,17.00000000,17.31000000,2764164.60000000,48335744.05690000,90301
2022-04-30,17.32000000,18.04000000,11.85000000,14.23000000,8392214.10000000,127488690.82590000,235606
2022-05-01,14.24000000,15.68000000,13.87000000,15.12000000,8518793.72000000,125735217.75050000,208949
2022-05-02,15.12000000,15.29000000,14.11000000,14.62000000,3993551.58000000,59254069.61920000,108957
2022-05-03,14.62000000,14.98000000,14.23000000,14.62000000,2628147.41000000,38578087.48830000,67536
2022-05-04,14.63000000,15.96000000,14.55000000,15.72000000,3867380.04000000,58186062.53600000,103663
2022-05-05,15.73000000,15.87000000,13.31000000,13.99000000,6707379.77000000,96878286.18000000,201872
2022-05-06,13.98000000,14.18000000,13.35000000,13.87000000,3793650.69000000,52186350.42560000,114584
2022-05-07,13.87000000,13.94000000,12.80000000,13.25000000,2971261.38000000,40285663.33170000,85800
2022-05-08,13.25000000,13.45000000,12.85000000,13.10000000,4180899.03000000,54943003.24210000,99252
2022-05-09,13.11000000,13.30000000,10.80000000,11.02000000,7985764.11000000,96271323.93510000,207417
2022-05-10,11.01000000,13.01000000,10.53000000,11.36000000,8908463.45000000,103636010.11940000,241186
2022-05-11,11.37000000,12.00000000,8.18000000,8.62000000,13342419.80000000,132094341.90205800,363175
2022-05-12,8.60000000,9.06000000,6.71000000,8.11000000,14215691.57000000,111143320.74960000,368620
2022-05-13,8.11000000,9.48000000,7.88000000,8.75000000,8475641.13000000,74428031.35920000,193299
2022-05-14,8.74000000,9.12000000,8.03000000,8.81000000,4254444.55000000,36545241.21150000,106378
2022-05-15,8.82000000,9.27000000,8.47000000,9.16000000,3149996.92000000,27740331.65150000,79640
2022-05-16,9.17000000,9.17000000,8.20000000,8.30000000,3268099.78000000,27815906.94830000,82837
2022-05-17,8.31000000,8.90000000,8.19000000,8.58000000,3046085.88000000,26037790.13130000,73865
2022-05-18,8.57000000,8.72000000,7.48000000,7.61000000,3188987.76000000,25735799.64560000,80073
2022-05-19,7.61000000,8.31000000,7.38000000,8.21000000,3622523.24000000,28526242.28000000,87769
2022-05-20,8.21000000,8.34000000,7.68000000,7.93000000,2228052.49000000,17978517.66940000,58902
2022-05-21,7.93000000,8.34000000,7.75000000,8.17000000,1865572.25000000,15010236.46220000,44115
2022-05-22,8.17000000,8.51000000,8.02000000,8.45000000,1814799.70000000,15064132.75250000,43541
2022-05-23,8.45000000,9.50000000,8.02000000,8.17000000,5622194.83000000,49134219.55840000,130839
2022-05-24,8.17000000,8.54000000,8.03000000,8.42000000,3915025.88000000,32612769.91110000,81327
2022-05-25,8.42000000,8.60000000,8.07000000,8.17000000,3461938.99000000,28714293.04790000,67296
2022-05-26,8.18000000,8.29000000,7.32000000,7.63000000,4330184.59000000,33729344.39460000,86885
2022-05-27,7.63000000,7.74000000,7.14000000,7.23000000,3953282.63000000,29461509.65910000,72829
2022-05-28,7.23000000,7.60000000,7.16000000,7.53000000,2022609.43000000,14943619.69370000,35722
2022-05-29,7.54000000,7.98000000,7.33000000,7.62000000,2006221.05000000,15159225.20930000,36789
2022-05-30,7.62000000,8.31000000,7.55000000,8.21000000,3508844.95000000,27978252.28270000,63431
2022-05-31,8.22000000,8.36000000,7.82000000,8.09000000,3792658.43000000,30707699.83120000,63875
2022-06-01,8.09000000,8.18000000,7.31000000,7.44000000,3823620.28000000,29868823.65560000,68052
2022-06-02,7.44000000,7.82000000,7.31000000,7.73000000,2481959.54000000,18659905.54470000,45988
2022-06-03,7.74000000,7.76000000,7.25000000,7.39000000,1948193.92000000,14541555.80020000,39526
2022-06-04,7.39000000,7.52000000,7.21000000,7.46000000,1090720.95000000,8038184.31790000,25666
2022-06-05,7.47000000,7.56000000,7.26000000,7.36000000,1308336.44000000,9693545.13870000,26821
2022-06-06,7.37000000,7.88000000,7.36000000,7.57000000,2421738.05000000,18503268.98730000,50036
2022-06-07,7.57000000,7.66000000,7.00000000,7.33000000,3626181.83000000,26464878.14330000,62265
2022-06-08,7.33000000,7.46000000,7.14000000,7.18000000,2478373.56000000,18044847.08000000,45926
2022-06-09,7.18000000,7.34000000,7.07000000,7.23000000,1750157.70000000,12631706.22970000,32326
2022-06-10,7.23000000,7.25000000,6.73000000,6.82000000,2494125.48000000,17455196.44530000,44802
2022-06-11,6.83000000,6.91000000,6.06000000,6.10000000,3314902.56000000,21283276.24390000,54095
2022-06-12,6.11000000,6.18000000,5.59000000,5.68000000,3637216.55000000,21398449.00500000,62592
2022-06-13,5.68000000,5.83000000,5.13000000,5.33000000,5581839.67000000,29986223.36620000,91949
2022-06-14,5.34000000,5.72000000,5.00000000,5.48000000,5068371.80000000,27508826.73930000,84064
2022-06-15,5.47000000,5.88000000,5.07000000,5.87000000,5341711.49000000,28649537.63720000,86745
2022-06-16,5.88000000,5.94000000,5.21000000,5.31000000,3476778.70000000,19207527.32600000,63129
2022-06-17,5.31000000,5.48000000,5.29000000,5.34000000,2055490.08000000,11067586.32340000,35113
2022-06-18,5.35000000,5.43000000,4.80000000,5.11000000,4388092.61000000,22365635.75800000,70328
2022-06-19,5.12000000,5.55000000,4.98000000,5.49000000,3494280.74000000,18340500.34430000,58669
2022-06-20,5.49000000,5.69000000,5.29000000,5.45000000,2880741.22000000,15773928.85560000,53688
2022-06-21,5.46000000,6.40000000,5.40000000,5.96000000,6135130.70000000,36455635.66830000,98448
2022-06-22,5.96000000,5.98000000,5.44000000,5.52000000,4202505.22000000,23756511.62260000,65850
2022-06-23,5.52000000,5.92000000,5.51000000,5.79000000,2887753.32000000,16585928.49190000,48317
2022-06-24,5.80000000,6.30000000,5.75000000,6.12000000,3575388.56000000,21413823.74740000,53840
2022-06-25,6.12000000,6.30000000,5.85000000,6.08000000,2674292.51000000,16232820.30470000,43350
2022-06-26,6.08000000,6.35000000,5.80000000,5.82000000,3018711.73000000,18371097.42180000,48032
2022-06-27,5.82000000,6.11000000,5.65000000,5.78000000,3092687.50000000,18173480.91820000,48220
2022-06-28,5.78000000,5.97000000,5.43000000,5.51000000,3263512.76000000,18668194.56640000,47450
2022-06-29,5.51000000,5.60000000,5.36000000,5.46000000,3006934.64000000,16479778.45900000,46076
2022-06-30,5.46000000,5.51000000,5.08000000,5.40000000,3818364.89000000,20037966.15450000,55205
2022-07-01,5.40000000,5.56000000,5.23000000,5.35000000,4020007.23000000,21562871.77790000,55446
2022-07-02,5.34000000,5.40000000,5.21000000,5.34000000,1557650.01000000,8266461.50330000,25537
2022-07-03,5.33000000,5.40000000,5.19000000,5.30000000,1943201.24000000,10257556.89900000,31505
2022-07-04,5.30000000,5.61000000,5.21000000,5.55000000,3007206.69000000,16233512.68360000,41454
2022-07-05,5.56000000,5.64000000,5.31000000,5.49000000,3825419.06000000,20990456.55560000,47865
2022-07-06,5.49000000,5.67000000,5.42000000,5.56000000,3062328.05000000,16922595.75460000,40686
2022-07-07,5.56000000,5.87000000,5.53000000,5.80000000,3082124.48000000,17546032.82980000,38873
2022-07-08,5.80000000,5.93000000,5.57000000,5.74000000,3344501.44000000,19172401.84680000,41977
2022-07-09,5.73000000,5.90000000,5.68000000,5.79000000,2294724.30000000,13303208.16180000,32892
2022-07-10,5.79000000,5.80000000,5.43000000,5.49000000,2373369.88000000,13230924.47190000,34060
2022-07-11,5.50000000,5.50000000,5.14000000,5.19000000,2958980.23000000,15772967.29200000,40726
2022-07-12,5.20000000,5.29000000,5.05000000,5.08000000,2305642.57000000,11962150.20440000,34476
2022-07-13,5.08000000,5.32000000,5.00000000,5.29000000,4970121.70000000,25679548.53340000,58392
2022-07-14,5.29000000,5.42000000,5.16000000,5.36000000,3282763.85000000,17335646.13620000,37057
2022-07-15,5.36000000,5.46000000,5.20000000,5.23000000,3462156.29000000,18570017.92790000,40736
2022-07-16,5.23000000,5.45000000,5.16000000,5.39000000,2645929.39000000,14036594.82730000,31207
2022-07-17,5.40000000,5.98000000,5.36000000,5.68000000,6026073.74000000,34025053.05990000,78439
2022-07-18,5.69000000,6.15000000,5.62000000,5.94000000,7912736.66000000,46467825.69440000,93116
2022-07-19,5.94000000,6.27000000,5.65000000,6.04000000,8471456.61000000,50280204.14400000,91957
2022-07-20,6.05000000,6.18000000,5.47000000,5.59000000,7447067.36000000,43909747.25240000,79311
2022-07-21,5.59000000,5.75000000,5.38000000,5.63000000,5491290.18000000,30474362.73480000,54957
2022-07-22,5.62000000,5.81000000,5.42000000,5.48000000,4312641.19000000,24409213.03210000,47009
2022-07-23,5.48000000,5.66000000,5.40000000,5.57000000,2616704.70000000,14459886.70570000,38100
2022-07-24,5.58000000,5.92000000,5.54000000,5.64000000,4008816.61000000,22935200.67300000,46751
2022-07-25,5.64000000,5.69000000,5.21000000,5.24000000,3935799.98000000,21485341.87190000,45260
2022-07-26,5.24000000,5.44000000,5.10000000,5.32000000,4120442.13000000,21442634.92020000,44399
2022-07-27,5.32000000,5.66000000,5.22000000,5.66000000,3399743.27000000,18351627.07810000,38339
2022-07-28,5.66000000,6.06000000,5.55000000,5.93000000,5788516.84000000,33392017.77700000,64407
2022-07-29,5.92000000,6.23000000,5.77000000,5.97000000,7104576.78000000,42476548.81590000,76173
2022-07-30,5.97000000,8.89000000,5.95000000,8.03000000,37431139.81000000,287573141.11360000,496470
2022-07-31,8.04000000,10.72000000,7.92000000,9.77000000,39101511.11000000,365063533.62080000,557031
2022-08-01,9.77000000,11.39000000,8.34000000,8.79000000,32433806.27000000,315114204.24690000,494002
2022-08-02,8.79000000,8.88000000,7.67000000,8.19000000,22505326.17000000,184949198.19520000,316027
2022-08-03,8.20000000,8.76000000,7.91000000,8.08000000,12410810.92000000,103219862.72190000,167783
2022-08-04,8.08000000,8.63000000,7.86000000,8.09000000,8578210.41000000,70582932.01950000,121427
2022-08-05,8.08000000,8.42000000,8.04000000,8.34000000,6655229.23000000,54839044.40160000,89695
2022-08-06,8.33000000,9.53000000,8.16000000,9.45000000,16113129.81000000,146961672.09660000,252432
2022-08-07,9.45000000,9.45000000,8.65000000,8.80000000,8914688.02000000,79241439.63670000,149003
2022-08-08,8.79000000,9.40000000,8.50000000,8.72000000,8614025.43000000,77978067.89680000,124691
2022-08-09,8.72000000,8.84000000,7.82000000,8.04000000,10275836.71000000,85518344.10020000,134958
2022-08-10,8.05000000,8.53000000,7.71000000,8.30000000,8915368.38000000,73111837.67430000,108495
2022-08-11,8.29000000,9.02000000,8.22000000,8.34000000,9214548.47000000,79764641.33060000,109128
2022-08-12,8.34000000,8.81000000,8.16000000,8.76000000,5754911.71000000,49258707.92980000,107552
2022-08-13,8.76000000,8.88000000,8.24000000,8.37000000,4897021.50000000,42108613.97350000,104853
2022-08-14,8.37000000,8.79000000,7.96000000,8.23000000,5738273.53000000,48159451.12900000,84601
2022-08-15,8.23000000,8.59000000,8.00000000,8.42000000,4993394.44000000,41195920.64070000,77056
2022-08-16,8.41000000,8.84000000,8.14000000,8.42000000,7414987.93000000,62854377.05140000,130990
2022-08-17,8.42000000,8.90000000,7.96000000,8.19000000,7441533.75000000,62729529.33170000,116564
2022-08-18,8.19000000,8.30000000,6.60000000,7.48000000,6299631.96000000,48920376.39100000,111776
2022-08-19,7.48000000,7.57000000,6.35000000,6.46000000,12849385.57000000,88217616.62150000,176186
2022-08-20,6.47000000,6.72000000,6.05000000,6.24000000,5969010.40000000,38346659.06510000,80054
2022-08-21,6.25000000,6.58000000,6.21000000,6.41000000,3816782.28000000,24379985.48590000,47437
2022-08-22,6.41000000,6.43000000,6.03000000,6.33000000,3913817.59000000,24254220.21560000,43417
2022-08-23,6.33000000,6.45000000,6.12000000,6.38000000,3612176.08000000,22841426.92880000,40098
2022-08-24,6.38000000,6.60000000,6.17000000,6.28000000,4816804.66000000,30568608.71050000,50915
2022-08-25,6.27000000,6.49000000,6.26000000,6.36000000,3464454.20000000,22117832.56630000,38116
2022-08-26,6.35000000,6.36000000,5.56000000,5.66000000,7018802.97000000,42429520.70050000,76786
2022-08-27,5.67000000,5.87000000,5.58000000,5.83000000,3482726.91000000,19937089.38940000,42720
2022-08-28,5.83000000,5.89000000,5.59000000,5.63000000,2566948.14000000,14830446.62620000,32614
2022-08-29,5.64000000,6.06000000,5.52000000,6.01000000,3490929.79000000,20215631.84520000,40230
2022-08-30,6.01000000,6.11000000,5.57000000,5.72000000,3915660.29000000,22891348.84720000,45736
2022-08-31,5.72000000,5.89000000,5.67000000,5.75000000,2431904.93000000,14103441.47510000,32445
2022-09-01,5.75000000,5.81000000,5.59000000,5.78000000,2467712.13000000,14111694.73670000,35610
2022-09-02,5.78000000,5.99000000,5.69000000,5.83000000,3294057.34000000,19191343.57290000,62652
2022-09-03,5.83000000,6.80000000,5.79000000,6.51000000,9936669.76000000,63523965.41920000,147368
2022-09-04,6.51000000,6.65000000,6.13000000,6.27000000,3734283.90000000,23520872.51860000,48000
2022-09-05,6.27000000,6.34000000,5.92000000,6.14000000,3891589.32000000,23638253.87970000,44162
2022-09-06,6.15000000,6.30000000,5.52000000,5.60000000,5990697.38000000,35563922.86060000,73405
2022-09-07,5.59000000,5.95000000,5.52000000,5.85000000,3636111.03000000,20864762.85570000,42458
2022-09-08,5.85000000,5.96000000,5.70000000,5.87000000,3610799.21000000,21010558.32380000,40720
2022-09-09,5.87000000,6.49000000,5.86000000,6.38000000,7716456.81000000,48135862.12890000,81618
2022-09-10,6.38000000,6.56000000,6.21000000,6.36000000,4654919.21000000,29513592.39650000,60550
2022-09-11,6.36000000,6.99000000,6.16000000,6.41000000,6429397.96000000,42216936.00690000,79302
2022-09-12,6.41000000,6.79000000,6.32000000,6.55000000,6465526.02000000,42222172.66390000,81240
2022-09-13,6.55000000,6.56000000,5.80000000,5.86000000,7415419.60000000,45810587.41430000,84207
2022-09-14,5.87000000,6.02000000,5.74000000,5.96000000,3567571.67000000,21020184.76320000,40477
2022-09-15,5.96000000,5.98000000,5.63000000,5.72000000,4066814.16000000,23660032.12870000,44716
2022-09-16,5.73000000,5.86000000,5.64000000,5.82000000,2798783.10000000,16062975.82070000,32435
2022-09-17,5.83000000,5.96000000,5.79000000,5.91000000,1916908.72000000,11250241.44190000,22693
2022-09-18,5.91000000,5.92000000,5.12000000,5.26000000,4522074.36000000,25025457.56780000,56151
2022-09-19,5.26000000,5.53000000,5.14000000,5.48000000,5012314.20000000,26691770.76420000,47417
2022-09-20,5.48000000,5.52000000,5.26000000,5.32000000,3140581.73000000,16909588.56870000,29810
2022-09-21,5.32000000,5.63000000,5.10000000,5.24000000,5692990.31000000,30313140.46050000,53784
2022-09-22,5.24000000,5.57000000,5.23000000,5.52000000,4058894.63000000,22013079.30150000,40575
2022-09-23,5.52000000,5.83000000,5.32000000,5.69000000,4666443.33000000,25953158.15130000,46479
2022-09-24,5.69000000,5.80000000,5.50000000,5.57000000,3465959.85000000,19755934.29850000,34426
2022-09-25,5.57000000,5.91000000,5.51000000,5.71000000,3905534.87000000,22254741.62840000,42044
2022-09-26,5.71000000,5.81000000,5.51000000,5.70000000,3720096.49000000,21043799.37790000,39066
2022-09-27,5.70000000,6.16000000,5.59000000,5.73000000,6748398.56000000,39728841.21580000,69055
2022-09-28,5.73000000,6.06000000,5.55000000,5.85000000,4104281.78000000,23660288.91240000,45858
2022-09-29,5.85000000,5.95000000,5.66000000,5.79000000,2780534.73000000,16070740.77370000,33660
2022-09-30,5.78000000,5.84000000,5.60000000,5.69000000,3018804.46000000,17279805.22780000,34657
2022-10-01,5.68000000,5.70000000,5.46000000,5.52000000,1792042.21000000,10023021.32200000,21929
2022-10-02,5.52000000,5.57000000,5.33000000,5.37000000,2622589.01000000,14336768.16560000,29973
2022-10-03,5.38000000,5.55000000,5.28000000,5.52000000,1858159.82000000,10144040.99210000,22348
2022-10-04,5.52000000,5.66000000,5.48000000,5.60000000,2459941.06000000,13678373.52980000,26270
2022-10-05,5.60000000,5.66000000,5.43000000,5.58000000,2049096.75000000,11382549.15220000,22472
2022-10-06,5.59000000,5.65000000,5.46000000,5.48000000,2294253.11000000,12795008.91400000,21899
2022-10-07,5.49000000,5.53000000,5.39000000,5.48000000,1348183.87000000,7366583.02440000,16390
2022-10-08,5.47000000,5.51000000,5.35000000,5.39000000,930359.56000000,5072386.29320000,11884
2022-10-09,5.40000000,5.48000000,5.38000000,5.43000000,840201.75000000,4553797.58370000,11075
2022-10-10,5.43000000,5.49000000,5.10000000,5.16000000,1910332.81000000,10112493.56710000,22588
2022-10-11,5.15000000,5.23000000,4.98000000,5.14000000,1995827.77000000,10226908.62840000,25897
2022-10-12,5.14000000,5.23000000,5.10000000,5.14000000,1485619.99000000,7673892.21740000,14907
2022-10-13,5.15000000,5.18000000,4.72000000,5.14000000,4283437.66000000,21150813.96390000,46583
2022-10-14,5.14000000,5.32000000,5.00000000,5.07000000,3223054.61000000,16681383.70190000,31907
2022-10-15,5.06000000,5.29000000,4.97000000,5.20000000,2563130.10000000,13213960.26270000,29785
2022-10-16,5.19000000,5.29000000,5.09000000,5.15000000,1991408.21000000,10329159.83280000,21040
2022-10-17,5.16000000,5.28000000,5.09000000,5.25000000,2984384.74000000,15477936.55190000,21465
2022-10-18,5.26000000,5.28000000,5.05000000,5.13000000,2181067.60000000,11260149.11110000,21192
2022-10-19,5.13000000,5.15000000,4.91000000,4.98000000,1877753.03000000,9503963.85160000,17632
2022-10-20,4.98000000,5.09000000,4.90000000,4.94000000,1717628.17000000,8590561.54770000,15914
2022-10-21,4.94000000,5.00000000,4.80000000,4.95000000,2150448.10000000,10554222.38410000,21627
2022-10-22,4.96000000,5.00000000,4.90000000,4.96000000,1128173.45000000,5577559.66170000,12344
2022-10-23,4.96000000,5.17000000,4.94000000,5.11000000,2675794.42000000,13509676.77140000,25264
2022-10-24,5.12000000,5.15000000,4.91000000,4.94000000,1963409.31000000,9831181.52800000,18752
2022-10-25,4.95000000,5.32000000,4.91000000,5.17000000,3056032.15000000,15599502.29170000,31829
2022-10-26,5.18000000,5.37000000,5.17000000,5.25000000,3507573.86000000,18523402.13040000,34389
2022-10-27,5.26000000,5.50000000,5.21000000,5.23000000,4446700.56000000,23692154.63100000,40209
2022-10-28,5.23000000,5.48000000,5.12000000,5.36000000,4424731.32000000,23309281.19860000,35477
2022-10-29,5.37000000,5.90000000,5.34000000,5.72000000,7323071.11000000,40780809.30980000,72251
2022-10-30,5.72000000,5.76000000,5.28000000,5.38000000,5218019.97000000,29151646.36550000,48582
2022-10-31,5.38000000,5.52000000,5.29000000,5.42000000,3375342.94000000,18250854.10390000,32661
2022-11-01,5.42000000,5.51000000,5.32000000,5.37000000,3221613.95000000,17469690.10410000,29138
2022-11-02,5.36000000,5.44000000,5.09000000,5.22000000,3480250.71000000,18394364.51030000,38695
2022-11-03,5.23000000,6.25000000,5.21000000,5.78000000,14961938.64000000,88060195.02460000,159779
2022-11-04,5.79000000,6.30000000,5.74000000,6.15000000,8468565.80000000,50753390.17740000,98151
2022-11-05,6.15000000,6.56000000,6.01000000,6.16000000,6868297.38000000,42739756.30260000,77138
2022-11-06,6.16000000,6.40000000,5.77000000,5.83000000,6034571.07000000,37032745.37380000,68420
2022-11-07,5.83000000,5.95000000,5.60000000,5.73000000,5210565.64000000,30100780.72310000,55670
2022-11-08,5.73000000,5.86000000,4.23000000,4.79000000,12120955.51000000,61994138.69880000,144600
2022-11-09,4.78000000,4.88000000,4.00000000,4.14000000,11801644.22000000,53000124.82680000,132373
2022-11-10,4.14000000,4.79000000,4.08000000,4.63000000,10748733.61000000,48199579.78770000,107643
2022-11-11,4.63000000,4.68000000,4.20000000,4.47000000,5810216.11000000,25986760.17090000,54999
2022-11-12,4.48000000,4.50000000,4.22000000,4.27000000,2836955.93000000,12302078.16250000,33570
2022-11-13,4.27000000,4.45000000,4.21000000,4.29000000,4164826.85000000,17978685.40850000,43176
2022-11-14,4.28000000,4.41000000,4.08000000,4.33000000,5128034.97000000,21812351.66210000,52609
2022-11-15,4.33000000,4.51000000,4.27000000,4.40000000,3003100.37000000,13186992.09830000,29585
2022-11-16,4.39000000,4.55000000,4.26000000,4.33000000,3901111.51000000,17169206.71180000,35542
2022-11-17,4.33000000,4.40000000,4.22000000,4.31000000,2367004.21000000,10200714.53150000,21409
2022-11-18,4.31000000,4.42000000,4.28000000,4.34000000,2023215.76000000,8810015.85420000,17500
2022-11-19,4.34000000,4.43000000,4.25000000,4.38000000,2137590.20000000,9283280.00730000,17343
2022-11-20,4.39000000,4.47000000,4.10000000,4.16000000,3363463.43000000,14512753.59800000,32868
2022-11-21,4.17000000,4.23000000,4.04000000,4.17000000,3876261.13000000,16043755.79260000,31211
2022-11-22,4.17000000,4.36000000,4.09000000,4.32000000,3896773.77000000,16420323.25010000,29861
2022-11-23,4.32000000,4.49000000,4.29000000,4.45000000,3964459.60000000,17439372.17530000,28517
2022-11-24,4.44000000,4.46000000,4.34000000,4.39000000,2743277.88000000,12075301.68020000,20401
2022-11-25,4.40000000,4.40000000,4.25000000,4.29000000,2750452.38000000,11825194.23660000,20751
2022-11-26,4.30000000,4.41000000,4.27000000,4.30000000,2374212.49000000,10292202.43760000,19157
2022-11-27,4.30000000,4.52000000,4.29000000,4.35000000,5384090.44000000,23844893.43650000,34752
2022-11-28,4.35000000,4.39000000,4.13000000,4.25000000,3927160.78000000,16606168.49740000,31778
2022-11-29,4.25000000,4.41000000,4.21000000,4.35000000,3665157.93000000,15895373.79640000,25232
2022-11-30,4.35000000,4.51000000,4.23000000,4.42000000,4057278.66000000,17810117.14980000,31404
2022-12-01,4.42000000,4.48000000,4.35000000,4.39000000,2771045.71000000,12166168.96280000,23331
2022-12-02,4.39000000,4.71000000,4.34000000,4.64000000,5311164.77000000,24197819.26700000,43078
2022-12-03,4.65000000,4.69000000,4.38000000,4.42000000,2564050.56000000,11630794.08070000,22904
2022-12-04,4.42000000,4.60000000,4.42000000,4.58000000,1621764.64000000,7312104.25390000,14577
2022-12-05,4.58000000,4.62000000,4.46000000,4.52000000,2931216.23000000,13370933.09100000,21879
2022-12-06,4.52000000,4.63000000,4.49000000,4.59000000,2612142.31000000,11878446.42910000,19626
2022-12-07,4.60000000,4.60000000,4.19000000,4.35000000,2978626.78000000,13077340.28980000,25774
2022-12-08,4.34000000,4.44000000,4.30000000,4.40000000,1911133.52000000,8363459.23600000,15397
2022-12-09,4.40000000,4.47000000,4.38000000,4.44000000,1966711.29000000,8714064.05550000,14074
2022-12-10,4.44000000,4.45000000,4.36000000,4.38000000,889329.58000000,3912619.34590000,8623
2022-12-11,4.38000000,4.42000000,4.24000000,4.28000000,1063927.73000000,4637521.04650000,9936
2022-12-12,4.28000000,4.29000000,4.17000000,4.25000000,2181598.24000000,9238933.76770000,17954
2022-12-13,4.26000000,4.37000000,4.11000000,4.32000000,2902547.33000000,12364974.07610000,25890
2022-12-14,4.32000000,4.37400000,4.18000000,4.22700000,4824328.20000000,20771554.63911000,50767
2022-12-15,4.22700000,4.24300000,4.09700000,4.15200000,5453907.07000000,22717975.91235000,47007
2022-12-16,4.15200000,4.18400000,2.41900000,3.01800000,27769530.55000000,91103600.13326000,217947
2022-12-17,3.01800000,3.38600000,2.85700000,3.19600000,20407478.18000000,62487229.50281000,187373
2022-12-18,3.19600000,3.20600000,3.02300000,3.04600000,5799881.19000000,18057257.65700000,54987
2022-12-19,3.04700000,3.10900000,2.68000000,2.81500000,8303874.89000000,24521283.31856000,79163
2022-12-20,2.81300000,3.11800000,2.80200000,2.97500000,8289928.58000000,24700027.06153000,75170
2022-12-21,2.97400000,3.00700000,2.88000000,2.97900000,4951572.25000000,14519110.49357000,42699
2022-12-22,2.97700000,3.00800000,2.88800000,2.99500000,3905948.16000000,11535332.00376000,39998
2022-12-23,2.99500000,3.04100000,2.94600000,2.96700000,2768590.29000000,8272307.60289000,26576
2022-12-24,2.96700000,2.99100000,2.91900000,2.93300000,1451673.23000000,4296149.89798000,14572
2022-12-25,2.93300000,2.97000000,2.89700000,2.96400000,1977682.06000000,5804518.67021000,19925
2022-12-26,2.96300000,3.00700000,2.94300000,3.00200000,2270089.60000000,6751650.92055000,20973
2022-12-27,3.00300000,3.32000000,2.95600000,3.07100000,9791010.90000000,30621423.48077000,86410
2022-12-28,3.07100000,3.10000000,2.90700000,2.99200000,5368082.05000000,16066697.04892000,50615
2022-12-29,2.99400000,3.04300000,2.91800000,2.97700000,3365159.11000000,10069095.24008000,36166
2022-12-30,2.97700000,2.99600000,2.91700000,2.98000000,2100979.04000000,6228079.76995000,28404
2022-12-31,2.98000000,3.11900000,2.96100000,3.01000000,2809047.86000000,8505793.80188000,26727
2023-01-01,3.00900000,3.15000000,2.99200000,3.10800000,2700516.95000000,8311252.80644000,27913
2023-01-02,3.10900000,3.22100000,3.03300000,3.15100000,4409729.66000000,13837036.27214000,37569
2023-01-03,3.15200000,3.19600000,3.02700000,3.09100000,4271044.93000000,13337959.66289000,39596
2023-01-04,3.09200000,3.52800000,3.08700000,3.35700000,10030313.69000000,33188792.96077000,83324
2023-01-05,3.35600000,3.36200000,3.22500000,3.28700000,3988585.31000000,13139202.66433000,37510
2023-01-06,3.28700000,3.35600000,3.20300000,3.33900000,4335969.32000000,14258095.31225000,39399
2023-01-07,3.34000000,3.40000000,3.27700000,3.29900000,3420635.05000000,11423113.76240000,27572
2023-01-08,3.30000000,3.46400000,3.27200000,3.44700000,5269297.26000000,17798292.40656000,48583
2023-01-09,3.44600000,3.95000000,3.43200000,3.77400000,12472653.86000000,46260570.20448000,145536
2023-01-10,3.77400000,3.86200000,3.65200000,3.75700000,6856622.59000000,25663638.58225000,77643
2023-01-11,3.75800000,3.78200000,3.53400000,3.73200000,7933696.74000000,29043330.91355000,77577
2023-01-12,3.73300000,3.87600000,3.60000000,3.85200000,9736116.56000000,36685205.73283000,99867
2023-01-13,3.85200000,4.11100000,3.73700000,4.01800000,9448750.45000000,36439413.31267000,99902
2023-01-14,4.01800000,4.87000000,3.95300000,4.80400000,18312585.31000000,79030686.72857000,273450
2023-01-15,4.80500000,4.99000000,4.45200000,4.69900000,16216645.18000000,76082438.65270000,232805
2023-01-16,4.70000000,4.86000000,4.41500000,4.57000000,9266421.05000000,43015729.41690000,134631
2023-01-17,4.57100000,4.89000000,4.43000000,4.62600000,7241242.20000000,33949048.15682000,120746
2023-01-18,4.62700000,4.74000000,4.21100000,4.25200000,7195617.58000000,32574476.81914000,117584
2023-01-19,4.25300000,4.43600000,4.24600000,4.40400000,3714514.39000000,16183357.90036000,66278
2023-01-20,4.40400000,4.78300000,4.33600000,4.74100000,4978970.30000000,22455785.62608000,77321
2023-01-21,4.74200000,5.19900000,4.68500000,4.95000000,11658933.38000000,57721804.56159000,155606
2023-01-22,4.95100000,5.78800000,4.90000000,5.42700000,13549475.74000000,72295226.10093000,223690
2023-01-23,5.42400000,5.77600000,5.15300000,5.42200000,13346272.08000000,72846219.61167000,197311
2023-01-24,5.42200000,5.55600000,4.84600000,4.99400000,7465263.53000000,39527031.19220000,119284
2023-01-25,4.99500000,5.70000000,4.80800000,5.45000000,10232718.98000000,54140536.76054000,183261
2023-01-26,5.45100000,5.66400000,5.17100000,5.43300000,7983357.84000000,43159909.71397000,135519
2023-01-27,5.43300000,5.48500000,5.17700000,5.39100000,4758740.04000000,25392797.47953000,85305
2023-01-28,5.39000000,5.61400000,5.15600000,5.27400000,5877074.07000000,31628096.09463000,94202
2023-01-29,5.27200000,5.56800000,5.25400000,5.47700000,5184878.51000000,28058164.97650000,85469
2023-01-30,5.47800000,5.53100000,4.85000000,5.09800000,6244352.46000000,32433939.38804000,107501
2023-01-31,5.09700000,5.44000000,5.00400000,5.22900000,5402256.35000000,28032321.65223000,89147
2023-02-01,5.22900000,5.79700000,5.04200000,5.68700000,9650872.34000000,51920590.11296000,174405
2023-02-02,5.68600000,5.87000000,5.44300000,5.47300000,12874190.74000000,73062352.93238000,183332
2023-02-03,5.47600000,5.79100000,5.41100000,5.67500000,7387094.44000000,41182701.73146000,127347
2023-02-04,5.67500000,5.72500000,5.48000000,5.52100000,4167757.78000000,23375900.85807000,70972
2023-02-05,5.52100000,5.55000000,5.16000000,5.29900000,6156378.87000000,32879580.05176000,100792
2023-02-06,5.30000000,5.42700000,5.07200000,5.12500000,5494492.53000000,28946616.13008000,89912
2023-02-07,5.12600000,5.56500000,5.11800000,5.53700000,6702156.38000000,35961137.00354000,109043
2023-02-08,5.53700000,5.71800000,5.25800000,5.44200000,9590936.38000000,53019821.13947000,140125
2023-02-09,5.44500000,5.51900000,4.61000000,4.78900000,8119066.38000000,41417489.23240000,140303
2023-02-10,4.79000000,5.00900000,4.71800000,4.84800000,7554898.11000000,36806441.81785000,123051
2023-02-11,4.84700000,5.12100000,4.83600000,5.10200000,5809550.82000000,29200165.83168000,94172
2023-02-12,5.10300000,5.15700000,4.85000000,4.91900000,3705643.63000000,18645520.34059000,63200
2023-02-13,4.91900000,4.96700000,4.68400000,4.86700000,4878274.92000000,23521754.47376000,80907
2023-02-14,4.86800000,5.10400000,4.75000000,5.09100000,4732835.51000000,23347099.99627000,88811
2023-02-15,5.09100000,5.49600000,5.00500000,5.48300000,6367931.42000000,33373704.07725000,111045
2023-02-16,5.48200000,6.00000000,5.35100000,5.40300000,12388250.64000000,69953345.09903000,209323
2023-02-17,5.40400000,7.90000000,5.39700000,7.60900000,48200213.76000000,335214074.39844000,808691
2023-02-18,7.59900000,7.97900000,7.18600000,7.52000000,25407230.11000000,191467803.84955000,463610
2023-02-19,7.52000000,9.50000000,7.52000000,8.46600000,48692958.43000000,420337013.50073000,858987
2023-02-20,8.46700000,8.71900000,8.06600000,8.52600000,25086242.33000000,212038233.42789000,425859
2023-02-21,8.52900000,8.68600000,7.67000000,8.18200000,20341748.10000000,165741180.02468000,351313
2023-02-22,8.18400000,9.18300000,7.51300000,8.03100000,38632546.13000000,323158430.30417000,655922
2023-02-23,8.02900000,8.27600000,7.62500000,7.84600000,15135969.55000000,120573218.63417000,297890
2023-02-24,7.84700000,8.05200000,6.60500000,6.85300000,20489714.28000000,151483296.93245000,425829
2023-02-25,6.85200000,6.99700000,6.35000000,6.70600000,13216949.99000000,89245479.48195000,271832
2023-02-26,6.70900000,7.00000000,6.63700000,6.90600000,8533404.12000000,57944843.67597000,183213
2023-02-27,6.90500000,7.27400000,6.66800000,6.85100000,8732600.21000000,60089171.58344000,184203
2023-02-28,6.85300000,6.88100000,6.30900000,6.48400000,7950118.57000000,52705822.02322000,153524
2023-03-01,6.48400000,7.29600000,6.40800000,7.25100000,13169882.19000000,91457642.21202000,268414
2023-03-02,7.25100000,7.36500000,6.64200000,6.90500000,8599511.62000000,59406390.28990000,179045
2023-03-03,6.90500000,6.97500000,5.92500000,6.25900000,14201717.09000000,89113288.45739000,231105
2023-03-04,6.26000000,6.32500000,5.68400000,5.91500000,6310103.10000000,38154637.31875000,132526
2023-03-05,5.91600000,6.28100000,5.87600000,6.13900000,7033919.63000000,43247141.82894000,149461
2023-03-06,6.13800000,6.24500000,6.00500000,6.09800000,5514872.80000000,33782372.67397000,114629
2023-03-07,6.09800000,6.19700000,5.76400000,5.96900000,8253372.68000000,49297359.62753000,149070
2023-03-08,5.97300000,6.10600000,5.59700000,5.78200000,8685413.12000000,50627514.71511000,157904
2023-03-09,5.78100000,6.20000000,5.28400000,5.50900000,16702539.55000000,97157614.89191000,298299
2023-03-10,5.51000000,5.52800000,5.10300000,5.31300000,14831813.59000000,78699812.77498000,251446
2023-03-11,5.31400000,5.51200000,4.65400000,4.95000000,18588316.41000000,92083116.16539000,280196
2023-03-12,4.95100000,5.77000000,4.80400000,5.71400000,13776947.63000000,70836103.19762000,223822
2023-03-13,5.71300000,6.58400000,5.59600000,6.37600000,33496210.15000000,202322355.05926000,583207
2023-03-14,6.37700000,7.58300000,6.12600000,6.75100000,26282981.43000000,177946982.78888000,478474
2023-03-15,6.75200000,7.04300000,5.32800000,5.59500000,31566715.18000000,191626489.54343000,598409
2023-03-16,5.59600000,5.93000000,5.50300000,5.80400000,17795138.33000000,101773851.56553000,328244
2023-03-17,5.80400000,6.48500000,5.70000000,6.39000000,18362358.25000000,111095507.01299000,299355
2023-03-18,6.38900000,6.55500000,5.82400000,5.87400000,14729227.96000000,92111696.89047000,252630
2023-03-19,5.87500000,6.52000000,5.85000000,6.28100000,10726790.57000000,65427549.51030000,204489
2023-03-20,6.28100000,6.45400000,5.65600000,5.72000000,14317737.14000000,86645420.69020000,274710
2023-03-21,5.71900000,6.09300000,5.61100000,5.92300000,11385930.48000000,66611777.49021000,207727
2023-03-22,5.92400000,5.97900000,5.30800000,5.65100000,13939358.47000000,79769372.53308000,269605
2023-03-23,5.64900000,5.97200000,5.60800000,5.92500000,7736964.07000000,44751912.63699000,156116
2023-03-24,5.92400000,6.06000000,5.44300000,5.55400000,10831132.88000000,62413581.40460000,199642
2023-03-25,5.55400000,5.62800000,5.25500000,5.37800000,5732394.01000000,31424196.76960000,106561
2023-03-26,5.37800000,5.74500000,5.35100000,5.68100000,4560386.24000000,25360720.46478000,87843
2023-03-27,5.68100000,5.70000000,5.19900000,5.34400000,7010858.59000000,37932745.70871000,126704
2023-03-28,5.34500000,5.63300000,5.26500000,5.55500000,5840062.52000000,31625735.40169000,109964
2023-03-29,5.55600000,5.82800000,5.54000000,5.73200000,6540897.82000000,37433175.37024000,116643
2023-03-30,5.73300000,5.88600000,5.42900000,5.56300000,7124398.29000000,40117633.40229000,134061
2023-03-31,5.56300000,5.73700000,5.43900000,5.68600000,5725034.22000000,32021008.66728000,97268
2023-04-01,5.68600000,5.80100000,5.55100000,5.76100000,5068427.36000000,28905073.24888000,88617
2023-04-02,5.76100000,5.79500000,5.43500000,5.54600000,4361119.13000000,24513841.25562000,81118
2023-04-03,5.54600000,5.68400000,5.33600000,5.57200000,6483211.18000000,35816721.96111000,125593
2023-04-04,5.57100000,5.66700000,5.51300000,5.61600000,4360174.61000000,24423075.89465000,83460
2023-04-05,5.61400000,5.79100000,5.54200000,5.67100000,6590253.03000000,37434834.27273000,95719
2023-04-06,5.67100000,5.68500000,5.52000000,5.60100000,3436968.63000000,19200620.22536000,59205
2023-04-07,5.60100000,6.01600000,5.50400000,5.78900000,8843174.54000000,51243155.87700000,148066
2023-04-08,5.78800000,5.95000000,5.73600000,5.76600000,6675649.34000000,38883952.59383000,109344
2023-04-09,5.76600000,5.89100000,5.61800000,5.74900000,4939436.35000000,28333529.71721000,72565
2023-04-10,5.74700000,6.24000000,5.66200000,6.17200000,7390030.86000000,44106060.10185000,121325
2023-04-11,6.17100000,6.18000000,5.95000000,6.10900000,8519495.29000000,51652022.72520000,124263
2023-04-12,6.11000000,6.12700000,5.80100000,5.96300000,7947580.22000000,47220782.17460000,129833
2023-04-13,5.96400000,6.14200000,5.90600000,6.07700000,4627985.34000000,27910289.78525000,72860
2023-04-14,6.07700000,6.33000000,5.93000000,6.22300000,8631369.62000000,53325679.30429000,131496
2023-04-15,6.22300000,6.43600000,6.06600000,6.29600000,7303099.95000000,45536110.69927000,108541
2023-04-16,6.29600000,6.38800000,6.19200000,6.33900000,5070569.58000000,31947166.27828000,88174
2023-04-17,6.33800000,6.36900000,6.02400000,6.11900000,5996865.50000000,37017461.47286000,84720
2023-04-18,6.11900000,6.31300000,6.02500000,6.26100000,4663640.90000000,28935673.12465000,66727
2023-04-19,6.26200000,6.30500000,5.55500000,5.69600000,9752936.34000000,57328417.25398000,149718
2023-04-20,5.69500000,5.82200000,5.45800000,5.56400000,6411652.37000000,36380771.41552000,104306
2023-04-21,5.56200000,5.63400000,5.12200000,5.25800000,7016807.46000000,38019022.91785000,104996
2023-04-22,5.25900000,5.50000000,5.20900000,5.32900000,4494479.93000000,23714221.36180000,65041
2023-04-23,5.32900000,5.40100000,5.13500000,5.26900000,5218200.15000000,27526118.52787000,69739
2023-04-24,5.26900000,5.35100000,5.15700000,5.25500000,4361045.26000000,22904461.21556000,66079
2023-04-25,5.25600000,5.38100000,5.14300000,5.34700000,3903302.15000000,20434641.92319000,55827
2023-04-26,5.34800000,5.55000000,5.01800000,5.25000000,8571048.58000000,45663535.38066000,127729
2023-04-27,5.25100000,5.48700000,5.20900000,5.39000000,5862398.31000000,31260227.80800000,83098
2023-04-28,5.38900000,5.53300000,5.26400000,5.50900000,4600379.50000000,24786111.67278000,65817
2023-04-29,5.51000000,5.67100000,5.42300000,5.57100000,6201135.86000000,34262893.36928000,87466
2023-04-30,5.57100000,5.61500000,5.38100000,5.41600000,3495022.41000000,19280806.63477000,55271
2023-05-01,5.41700000,5.46100000,5.19000000,5.30100000,4329205.28000000,23055873.70352000,64898
2023-05-02,5.30100000,5.32500000,5.21400000,5.28200000,2720023.91000000,14357181.48063000,45157
2023-05-03,5.28200000,5.38400000,5.20000000,5.34500000,4281571.45000000,22540069.29270000,62048
2023-05-04,5.34500000,5.36600000,5.23000000,5.26500000,2711048.58000000,14384679.83570000,36435
2023-05-05,5.26500000,5.32700000,5.10000000,5.26300000,4142202.99000000,21690561.80390000,58438
2023-05-06,5.26400000,5.29500000,4.99300000,5.04600000,4371529.48000000,22373242.60579000,59074
2023-05-07,5.04700000,5.13100000,5.00300000,5.03100000,2843315.82000000,14426129.24610000,37308
2023-05-08,5.03100000,5.07500000,4.33200000,4.53500000,9792865.43000000,45977822.01084000,141551
2023-05-09,4.53600000,4.60400000,4.48800000,4.54500000,4480843.91000000,20405934.13883000,55932
2023-05-10,4.54600000,4.73700000,4.36500000,4.59800000,8805547.77000000,40299118.46128000,113488
2023-05-11,4.59800000,4.60500000,4.20500000,4.35200000,7397145.57000000,32685750.65144000,97807
2023-05-12,4.35300000,4.44600000,4.19600000,4.43700000,5854780.26000000,25242610.27335000,78403
2023-05-13,4.43800000,4.44200000,4.33400000,4.38400000,2704107.92000000,11857474.98592000,36976
2023-05-14,4.38400000,4.49300000,4.32500000,4.45000000,2291422.59000000,10127158.70057000,34969
2023-05-15,4.45000000,4.54000000,4.36500000,4.45300000,4047087.22000000,18111953.88206000,53171
2023-05-16,4.45300000,4.49200000,4.37200000,4.42700000,4034632.44000000,17849271.17977000,57750
2023-05-17,4.42700000,4.61000000,4.38100000,4.54600000,6646494.79000000,29820545.64084000,99361
2023-05-18,4.54600000,4.67200000,4.38900000,4.45900000,5807741.42000000,26340500.69727000,70265
2023-05-19,4.45900000,4.51300000,4.42400000,4.49500000,2476900.81000000,11065940.63649000,33916
2023-05-20,4.49300000,4.53400000,4.45300000,4.51100000,1493131.29000000,6702202.57918000,35826
2023-05-21,4.51100000,4.52900000,4.33200000,4.37600000,2004464.49000000,8887632.71340000,32020
2023-05-22,4.37600000,4.43800000,4.30000000,4.41000000,2255817.62000000,9899054.30226000,33184
2023-05-23,4.41100000,4.52800000,4.39500000,4.52100000,2757249.44000000,12367267.47750000,36483
2023-05-24,4.52100000,4.52800000,4.33500000,4.46000000,4248893.31000000,18829885.47035000,56040
2023-05-25,4.46000000,4.47600000,4.33300000,4.41600000,2317113.04000000,10224421.30229000,34180
2023-05-26,4.41600000,4.46000000,4.37200000,4.44000000,1635703.55000000,7223567.82844000,25981
2023-05-27,4.44100000,4.51000000,4.40900000,4.47900000,1858493.78000000,8281813.43492000,23245
2023-05-28,4.47900000,4.70700000,4.46900000,4.66000000,3493538.41000000,15996486.55724000,44478
2023-05-29,4.66000000,4.72100000,4.58600000,4.63300000,3080686.57000000,14323411.15964000,42113
2023-05-30,4.63400000,4.90900000,4.59700000,4.82500000,5517647.48000000,26473166.17799000,81167
2023-05-31,4.82400000,4.88700000,4.60600000,4.69200000,4124831.02000000,19413675.32803000,57509
2023-06-01,4.69300000,4.75700000,4.61300000,4.69700000,2337558.70000000,10941833.50413000,38372
2023-06-02,4.69800000,5.02700000,4.67700000,4.96300000,6396047.89000000,31540544.91661000,103385
2023-06-03,4.96300000,4.98800000,4.80200000,4.85400000,2648817.68000000,12994867.70095000,40216
2023-06-04,4.85500000,4.89500000,4.61300000,4.66100000,5828437.70000000,27648416.53930000,84685
2023-06-05,4.66100000,4.66300000,4.00200000,4.21600000,8788471.16000000,38504755.73425000,134315
2023-06-06,4.21600000,4.44200000,4.14300000,4.39900000,4885043.91000000,20863337.71590000,70368
2023-06-07,4.40000000,4.40000000,4.05000000,4.13800000,4135018.02000000,17474929.22843000,64732
2023-06-08,4.13700000,4.17900000,4.07700000,4.09300000,2492885.92000000,10286710.20051000,40021
2023-06-09,4.09300000,4.14600000,3.95600000,4.03200000,3080898.33000000,12502009.18342000,50775
2023-06-10,4.03300000,4.04100000,2.70000000,3.48500000,25714218.04000000,85147717.17549000,359478
2023-06-11,3.48500000,3.50200000,3.34700000,3.42900000,3932186.98000000,13439753.87656000,58219
2023-06-12,3.42800000,3.61200000,3.29400000,3.52600000,4642423.59000000,15973995.35824000,67626
2023-06-13,3.52700000,3.74500000,3.49500000,3.65800000,6182171.39000000,22470341.76430000,85188
2023-06-14,3.65800000,3.76000000,3.45800000,3.56500000,3843224.06000000,13918583.33974000,57703
2023-06-15,3.56400000,3.72000000,3.47000000,3.66100000,4200251.94000000,15017739.92991000,60230
2023-06-16,3.66100000,3.74900000,3.53400000,3.69400000,2839177.04000000,10339791.44190000,43016
2023-06-17,3.69400000,3.82000000,3.65800000,3.70800000,2839038.29000000,10604822.61711000,41739
2023-06-18,3.70800000,3.75600000,3.62800000,3.68100000,2079207.19000000,7672678.55601000,31118
2023-06-19,3.68100000,3.70300000,3.58000000,3.68800000,2598296.11000000,9493582.74889000,36033
2023-06-20,3.68800000,3.81500000,3.58800000,3.78500000,3519623.14000000,13025438.46298000,49927
2023-06-21,3.78500000,3.97500000,3.74600000,3.92100000,7439188.09000000,28642776.59546000,101373
2023-06-22,3.92300000,4.09100000,3.84000000,3.92100000,4588286.46000000,18207867.07048000,69491
2023-06-23,3.92100000,4.14800000,3.91900000,4.04200000,4515261.30000000,18135819.60328000,68886
2023-06-24,4.04200000,4.07100000,3.81500000,3.92700000,3826684.68000000,15173699.33092000,55507
2023-06-25,3.92800000,4.27400000,3.91300000,4.12100000,5814155.45000000,23746077.34422000,85476
2023-06-26,4.12100000,4.15500000,3.88800000,3.95600000,4040557.12000000,16244341.12626000,63126
2023-06-27,3.95800000,4.08200000,3.94200000,4.02800000,2518689.16000000,10127599.34333000,37213
2023-06-28,4.02700000,4.05000000,3.64200000,3.77100000,4179031.75000000,16215932.29479000,62563
2023-06-29,3.77100000,3.89600000,3.76400000,3.83200000,2519689.76000000,9650527.23143000,36197
2023-06-30,3.83300000,4.04000000,3.56100000,3.94800000,7697657.75000000,29987346.01229000,114453
2023-07-01,3.94800000,4.25900000,3.90600000,4.10700000,6623940.12000000,26837330.35713000,83606
2023-07-02,4.10600000,4.13000000,3.93500000,4.10900000,4937993.31000000,20037950.81649000,65809
2023-07-03,4.11000000,5.00000000,4.07400000,4.73400000,28961489.98000000,135886030.63387000,454529
2023-07-04,4.73700000,4.76600000,4.41700000,4.54600000,7988349.41000000,36782592.68153000,114197
2023-07-05,4.54700000,4.87000000,4.32100000,4.60000000,14798522.19000000,68318751.13541000,231720
2023-07-06,4.59900000,4.68700000,4.31000000,4.31800000,7601823.69000000,34270527.71700000,110740
2023-07-07,4.31700000,4.45800000,4.26000000,4.40300000,3671119.91000000,16128134.94042000,57140
2023-07-08,4.40400000,4.43600000,4.22000000,4.33800000,2769692.72000000,12052544.03037000,37073
2023-07-09,4.33700000,4.43000000,4.31400000,4.33500000,2997736.67000000,13072081.42223000,38926
2023-07-10,4.33500000,4.42000000,4.14200000,4.32100000,5262818.34000000,22405165.56311000,73136
2023-07-11,4.32000000,4.34900000,4.21400000,4.29600000,2555384.83000000,10972783.82809000,44746
2023-07-12,4.29600000,4.36400000,4.18000000,4.23600000,3555160.29000000,15216412.11653000,51121
2023-07-13,4.23600000,4.73000000,4.18100000,4.67200000,7879172.23000000,35065608.78676000,118954
2023-07-14,4.67200000,4.74200000,4.30000000,4.43800000,8649539.59000000,39537897.71789000,123686
2023-07-15,4.43700000,4.50600000,4.37600000,4.43600000,3392994.87000000,15023421.24083000,37639
2023-07-16,4.43600000,4.46500000,4.30800000,4.35500000,3494580.06000000,15377365.38493000,44536
2023-07-17,4.35400000,4.48400000,4.21100000,4.34500000,4461747.80000000,19345923.39106000,65840
2023-07-18,4.34600000,4.38900000,4.17200000,4.28000000,2477611.29000000,10612387.23975000,38530
2023-07-19,4.28000000,4.39500000,4.21600000,4.25900000,1980780.98000000,8541970.12229000,32662
2023-07-20,4.25800000,4.58800000,4.23800000,4.44000000,8885866.85000000,39305918.19942000,100603
2023-07-21,4.44100000,4.55000000,4.39600000,4.47700000,4790232.58000000,21488198.59847000,60082
2023-07-22,4.47700000,4.57200000,4.38600000,4.45700000,4172125.43000000,18774869.82320000,55282
2023-07-23,4.45600000,4.67500000,4.43600000,4.56200000,4863178.48000000,22331933.88973000,70213
2023-07-24,4.56100000,4.60000000,4.30100000,4.52300000,5815145.13000000,26009655.54490000,86750
2023-07-25,4.52100000,4.55400000,4.37200000,4.40200000,3279457.50000000,14670513.82513000,56590
2023-07-26,4.40100000,4.40400000,4.23900000,4.33100000,4641346.11000000,20069011.39129000,68246
2023-07-27,4.32900000,4.43400000,4.30600000,4.43100000,3544900.28000000,15518559.43190000,46342
2023-07-28,4.43100000,4.48700000,4.37100000,4.39400000,2993368.29000000,13243508.50530000,38257
2023-07-29,4.39300000,4.44500000,4.37600000,4.41900000,2284607.35000000,10075358.29391000,30845
2023-07-30,4.41900000,4.44300000,4.18100000,4.31400000,2714189.97000000,11784117.33788000,41114
2023-07-31,4.31400000,4.36500000,4.19700000,4.25800000,2723657.74000000,11692619.37455000,37603
2023-08-01,4.25800000,4.29100000,4.10000000,4.28200000,3099834.89000000,13045278.18113000,40444
2023-08-02,4.28100000,4.32800000,4.19600000,4.26100000,4430584.65000000,18830337.61467000,43010
2023-08-03,4.26100000,4.29700000,4.06000000,4.10600000,2928422.01000000,12320067.34001000,34598
2023-08-04,4.10800000,4.15800000,4.04500000,4.09500000,2521161.08000000,10372459.04052000,31459
2023-08-05,4.09400000,4.13200000,4.02300000,4.10200000,2071426.28000000,8420379.72325000,25131
2023-08-06,4.10300000,4.17900000,4.09600000,4.16400000,1541092.74000000,6378865.94183000,20010
2023-08-07,4.16500000,4.21900000,4.00000000,4.10700000,2480779.46000000,10211634.07945000,34924
2023-08-08,4.10500000,4.21300000,4.06900000,4.14300000,2270207.29000000,9364234.22330000,32089
2023-08-09,4.14300000,4.20000000,4.10500000,4.15000000,1821817.93000000,7562735.26041000,24987
2023-08-10,4.15300000,4.16200000,4.09100000,4.14100000,1650156.94000000,6815959.16587000,20603
2023-08-11,4.14200000,4.16000000,4.09200000,4.11000000,1087770.84000000,4488548.53732000,14943
2023-08-12,4.11000000,4.14100000,4.09500000,4.12900000,947823.61000000,3900648.98430000,12344
2023-08-13,4.12900000,4.17700000,4.05900000,4.09600000,1499594.82000000,6179241.84419000,20473
2023-08-14,4.09600000,4.12500000,4.04200000,4.07700000,1543494.41000000,6314570.86308000,19656
2023-08-15,4.07600000,4.08400000,3.62200000,3.85700000,5013440.39000000,19435621.80608000,63042
2023-08-16,3.85500000,3.87100000,3.61000000,3.72900000,3582218.81000000,13469213.53300000,52157
2023-08-17,3.72900000,3.79200000,3.03300000,3.43800000,6667133.26000000,23561801.61724000,98034
2023-08-18,3.43700000,3.52700000,3.41800000,3.50100000,3339157.47000000,11606195.65343000,45229
2023-08-19,3.50000000,3.61800000,3.49100000,3.57100000,1563844.76000000,5531823.88474000,22309
2023-08-20,3.57000000,3.59000000,3.51800000,3.56400000,1088357.40000000,3872631.24949000,16652
2023-08-21,3.56500000,3.57800000,3.34500000,3.41500000,4605672.27000000,15926557.76869000,48477
2023-08-22,3.41400000,3.42600000,3.20200000,3.39300000,2659753.76000000,8918146.18977000,38471
2023-08-23,3.39200000,3.48900000,3.36400000,3.45200000,2825497.60000000,9653498.18583000,34610
2023-08-24,3.45200000,3.46800000,3.24900000,3.30000000,4688285.96000000,15795028.50959000,46458
2023-08-25,3.30000000,3.30000000,3.18300000,3.23700000,3722169.81000000,12065463.57438000,43320
2023-08-26,3.23700000,3.28300000,3.22100000,3.26000000,1364398.08000000,4440536.40550000,16240
2023-08-27,3.26100000,3.31900000,3.21800000,3.31800000,2586144.75000000,8441232.85145000,24783
2023-08-28,3.31700000,3.39600000,3.27400000,3.39500000,5824819.18000000,19450626.40345000,49489
2023-08-29,3.39500000,3.57800000,3.29400000,3.49800000,6966706.81000000,23898001.90569000,77005
2023-08-30,3.49900000,3.50300000,3.36400000,3.41600000,2682243.39000000,9206781.73201000,28988
2023-08-31,3.41600000,3.44300000,3.10000000,3.21400000,7379956.92000000,24380790.90517000,74318
2023-09-01,3.21600000,3.23500000,3.10700000,3.17300000,3105447.03000000,9904890.58565000,34308
2023-09-02,3.17300000,3.24000000,3.13300000,3.18800000,2042379.92000000,6500255.37750000,24658
2023-09-03,3.18900000,3.19600000,3.10700000,3.16600000,1461182.69000000,4626661.49738000,20073
2023-09-04,3.16700000,3.32000000,3.11800000,3.17800000,3169803.77000000,10140748.16618000,35587
2023-09-05,3.17700000,3.26400000,3.14300000,3.23600000,2442816.97000000,7825299.60844000,25716
2023-09-06,3.23900000,3.31000000,3.17400000,3.24600000,3621624.27000000,11738892.91185000,34510
2023-09-07,3.24500000,3.28400000,3.20300000,3.26500000,2506504.39000000,8118078.85092000,24204
2023-09-08,3.26600000,3.28700000,3.17400000,3.22700000,2503326.26000000,8089925.87977000,25476
2023-09-09,3.22700000,3.27100000,3.21300000,3.24000000,1163049.83000000,3769297.70163000,15755
2023-09-10,3.24100000,3.24500000,3.00000000,3.11300000,4325831.04000000,13490467.84964000,55617
2023-09-11,3.11300000,3.12700000,2.95000000,3.02600000,4242416.56000000,12896771.03108000,50216
2023-09-12,3.02600000,3.19900000,3.01800000,3.08900000,3190831.20000000,9953805.96535000,37569
2023-09-13,3.08700000,3.22800000,3.07700000,3.17400000,3377543.85000000,10614884.99148000,40723
2023-09-14,3.17400000,3.25100000,3.15200000,3.23300000,2545017.72000000,8163445.92254000,45843
2023-09-15,3.23300000,3.38800000,3.21600000,3.36700000,3445278.34000000,11392181.97694000,53861
2023-09-16,3.36700000,3.46000000,3.30400000,3.32200000,3645110.50000000,12352187.73109000,45913
2023-09-17,3.32200000,3.41500000,3.23600000,3.32900000,2901761.51000000,9617774.07531000,45298
2023-09-18,3.32900000,3.43300000,3.28800000,3.33100000,3657123.39000000,12296870.77624000,46203
2023-09-19,3.33000000,3.41100000,3.30700000,3.36800000,2213474.69000000,7437330.00668000,33370
2023-09-20,3.36800000,3.41800000,3.30700000,3.36600000,2880129.65000000,9699387.22638000,35608
2023-09-21,3.36500000,3.38900000,3.18700000,3.21400000,2931081.33000000,9603075.40891000,39244
2023-09-22,3.21400000,3.24300000,3.18600000,3.22300000,1723161.23000000,5548119.70050000,25616
2023-09-23,3.22400000,3.24900000,3.19300000,3.24100000,1362182.40000000,4392116.83724000,24646
2023-09-24,3.24200000,3.26800000,3.17400000,3.21000000,1724733.46000000,5591333.32041000,22602
2023-09-25,3.21000000,3.24600000,3.16500000,3.21100000,1700628.05000000,5459512.62416000,22548
2023-09-26,3.21200000,3.22800000,3.10300000,3.17100000,1771294.15000000,5638891.10201000,20679
2023-09-27,3.17200000,3.28300000,3.16900000,3.21100000,2198978.87000000,7068214.56682000,28878
2023-09-28,3.21100000,3.31500000,3.20800000,3.31300000,1827613.39000000,5958812.58472000,27035
2023-09-29,3.31200000,3.37100000,3.27700000,3.33600000,1891233.22000000,6288755.74509000,29253
2023-09-30,3.33600000,3.38000000,3.30600000,3.35400000,1407996.05000000,4702004.32768000,21460
2023-10-01,3.35400000,3.47900000,3.33900000,3.46500000,2181991.62000000,7409013.91063000,35822
2023-10-02,3.46600000,3.46800000,3.29000000,3.33100000,2204369.69000000,7489058.70405000,37603
2023-10-03,3.33200000,3.36200000,3.28200000,3.30900000,1183108.02000000,3927395.34919000,22051
2023-10-04,3.30900000,3.33000000,3.21300000,3.31100000,1882007.15000000,6179999.98569000,30630
2023-10-05,3.31000000,3.32800000,3.24600000,3.25800000,1656105.23000000,5448239.84039000,24418
2023-10-06,3.25900000,3.37400000,3.24400000,3.33500000,1318344.12000000,4353016.01774000,20672
2023-10-07,3.33500000,3.45000000,3.32000000,3.44700000,1873625.40000000,6329927.73323000,28253
2023-10-08,3.44800000,3.45000000,3.37400000,3.39400000,2298946.45000000,7844946.55048000,30728
2023-10-09,3.39400000,3.42800000,3.15500000,3.22600000,4046641.68000000,13307111.42328000,58998
2023-10-10,3.22600000,3.23800000,3.16600000,3.19500000,1736391.41000000,5574249.87304000,28422
2023-10-11,3.19500000,3.20800000,3.11200000,3.17600000,1779802.82000000,5615347.32369000,28571
2023-10-12,3.17600000,3.24200000,3.12600000,3.21000000,1827343.04000000,5812504.33588000,27103
2023-10-13,3.21000000,3.24500000,3.17400000,3.20800000,1417844.65000000,4552065.12238000,20273
2023-10-14,3.20800000,3.23700000,3.20200000,3.21200000,668374.20000000,2151993.48805000,11793
2023-10-15,3.21300000,3.23800000,3.19700000,3.22500000,964889.54000000,3101873.44129000,15814
2023-10-16,3.22500000,3.36800000,3.20400000,3.24900000,3440570.43000000,11243813.38344000,50148
2023-10-17,3.25000000,3.25900000,3.12100000,3.20600000,2648532.05000000,8500187.51301000,33433
2023-10-18,3.20500000,3.24300000,3.15500000,3.17400000,1516487.69000000,4840491.66466000,28614
2023-10-19,3.17400000,3.19800000,3.13100000,3.19100000,2162022.21000000,6842684.45902000,35131
2023-10-20,3.19200000,3.29000000,3.17400000,3.21400000,2884799.80000000,9335174.05495000,37050
2023-10-21,3.21400000,3.38500000,3.20200000,3.34100000,3676556.33000000,12133257.84053000,38218
2023-10-22,3.34100000,3.45600000,3.31200000,3.42300000,4502262.37000000,15235536.58518000,56269
2023-10-23,3.42300000,3.95000000,3.39600000,3.86100000,10285258.63000000,37703113.76126000,160513
2023-10-24,3.85900000,3.98800000,3.69900000,3.83300000,12342502.94000000,47540340.72273000,196794
2023-10-25,3.83300000,3.97700000,3.68100000,3.77100000,6005816.29000000,22880002.55378000,99806
2023-10-26,3.77100000,3.87700000,3.60000000,3.73200000,5091963.03000000,19120499.37423000,83960
2023-10-27,3.73200000,3.73700000,3.51800000,3.59100000,3708781.77000000,13480855.16383000,62186
2023-10-28,3.59100000,3.75300000,3.58700000,3.73500000,2251485.68000000,8274547.86271000,37949
2023-10-29,3.73500000,3.94000000,3.64100000,3.79500000,3764365.23000000,14192029.73274000,57793
2023-10-30,3.79400000,3.87800000,3.73000000,3.85700000,3600650.41000000,13757547.56200000,60719
2023-10-31,3.85700000,3.94000000,3.69600000,3.82800000,5889311.52000000,22551795.25270000,85148
2023-11-01,3.82800000,4.00000000,3.70600000,3.93800000,5816055.31000000,22368082.65770000,95158
2023-11-02,3.93700000,4.18700000,3.77600000,4.09100000,8449904.45000000,33533687.61568000,134994
2023-11-03,4.09200000,4.09700000,3.83400000,3.92500000,6582792.65000000,26067409.85829000,114327
2023-11-04,3.92400000,4.02700000,3.89100000,4.00200000,2767073.21000000,10932639.89240000,50684
2023-11-05,4.00100000,4.15400000,3.97800000,4.11000000,5014212.70000000,20416830.96965000,87792
2023-11-06,4.11000000,4.46000000,4.05000000,4.34000000,8091769.39000000,34391519.13599000,118041
2023-11-07,4.33800000,4.34900000,4.07600000,4.23600000,6178144.19000000,26238942.70349000,109904
2023-11-08,4.23600000,4.47200000,4.21300000,4.43000000,4091609.58000000,17702477.19140000,74737
2023-11-09,4.43000000,4.69600000,4.17200000,4.49900000,10754292.15000000,48367992.20951000,220584
2023-11-10,4.50100000,4.65300000,4.36900000,4.58400000,6645708.47000000,29967380.15079000,136188
2023-11-11,4.58400000,4.90000000,4.45000000,4.73900000,9682155.32000000,45547564.13741000,194805
2023-11-12,4.73900000,5.25700000,4.54100000,5.14400000,9994734.16000000,48942138.15133000,204540
2023-11-13,5.14300000,5.66600000,5.00000000,5.01200000,24888248.97000000,134042120.73109000,560153
2023-11-14,5.01100000,5.15800000,4.57100000,4.78900000,13554795.27000000,66878950.07907000,277988
2023-11-15,4.78900000,5.28500000,4.77300000,5.21900000,9915926.26000000,50177423.28943000,192246
2023-11-16,5.21700000,5.42200000,4.74800000,4.85000000,11328113.54000000,57587702.77178000,233368
2023-11-17,4.84900000,4.97200000,4.52000000,4.73700000,7627768.60000000,36167319.63891000,156101
2023-11-18,4.73600000,4.73900000,4.38300000,4.71600000,5987989.10000000,27520879.53383000,113383
2023-11-19,4.71500000,4.92000000,4.60400000,4.88100000,4856132.72000000,23181268.52622000,90644
2023-11-20,4.88300000,4.90200000,4.61200000,4.68700000,5820722.21000000,27857015.47984000,118726
2023-11-21,4.68600000,4.74200000,4.15000000,4.19200000,12242806.25000000,54740355.48303000,222106
2023-11-22,4.19200000,4.53800000,4.18100000,4.47400000,6045144.38000000,26493726.92842000,92560
2023-11-23,4.47500000,4.56400000,4.41300000,4.48700000,3647500.15000000,16367105.67901000,57101
2023-11-24,4.48700000,4.71400000,4.48100000,4.64300000,4512581.87000000,20806115.86072000,79938
2023-11-25,4.64300000,4.78300000,4.60900000,4.77900000,3199948.99000000,15045452.01839000,59690
2023-11-26,4.77900000,4.81500000,4.44600000,4.59500000,5617890.98000000,25981876.96263000,97251
2023-11-27,4.59700000,4.64700000,4.41800000,4.54100000,5674285.02000000,25623653.32408000,99779
2023-11-28,4.54200000,4.58700000,4.37100000,4.53300000,4941008.17000000,22175733.58226000,84556
2023-11-29,4.53300000,4.59800000,4.41100000,4.43300000,5077466.42000000,22902047.32121000,82090
2023-11-30,4.43400000,4.45100000,4.33100000,4.38400000,3385920.79000000,14868825.58646000,56380
2023-12-01,4.38400000,4.55600000,4.35000000,4.50500000,4159445.01000000,18612835.76358000,68056
2023-12-02,4.50600000,4.72900000,4.49300000,4.66200000,4427271.94000000,20314707.03016000,72130
2023-12-03,4.66200000,4.72200000,4.42400000,4.57400000,7059679.55000000,32251132.44280000,114860
2023-12-04,4.57500000,4.85200000,4.48000000,4.73200000,11780465.27000000,55216941.53915000,204359
2023-12-05,4.73200000,4.86700000,4.55000000,4.78400000,9557157.01000000,45054590.51589000,178635
2023-12-06,4.78500000,4.85000000,4.61800000,4.73900000,8898476.79000000,42298878.49158000,173552
2023-12-07,4.73900000,5.10000000,4.73000000,5.03100000,11733660.16000000,58072455.73648000,210913
2023-12-08,5.03000000,5.25900000,4.93700000,5.21900000,7578381.70000000,38654918.15124000,132926
2023-12-09,5.22100000,5.47700000,5.06000000,5.12700000,13026472.84000000,69476192.63210000,240821
2023-12-10,5.12700000,5.22900000,4.97200000,5.15100000,6211295.00000000,31721976.28520000,119245
2023-12-11,5.15100000,5.19800000,4.44000000,4.61500000,12952001.03000000,61244453.23775000,235135
2023-12-12,4.61400000,4.77000000,4.50200000,4.64900000,10023468.86000000,46904778.35872000,157349
2023-12-13,4.65000000,4.77200000,4.41000000,4.72200000,6386206.72000000,29196834.69883000,111332
2023-12-14,4.72300000,4.89200000,4.56000000,4.86000000,7557201.58000000,35994706.99914000,125307
2023-12-15,4.86000000,4.98600000,4.67000000,4.80600000,10234595.04000000,49397103.24611000,170574
2023-12-16,4.80600000,6.19000000,4.69300000,5.69600000,38862296.48000000,214185803.08484000,760677
2023-12-17,5.69600000,5.79200000,5.24200000,5.28000000,25744005.62000000,143911036.98739000,534161
2023-12-18,5.27900000,5.40600000,4.86300000,5.30500000,16879492.59000000,87058822.94564000,292926
2023-12-19,5.30500000,5.45100000,5.03700000,5.10800000,9390603.74000000,49405835.42123000,180041
2023-12-20,5.10800000,5.39300000,5.06800000,5.33000000,8148450.00000000,42798294.18691000,147561
2023-12-21,5.32800000,5.54300000,5.26500000,5.49900000,8519588.03000000,46008819.19281000,161723
2023-12-22,5.49900000,5.79500000,5.42000000,5.53000000,12595963.18000000,70220093.28043000,237230
2023-12-23,5.53000000,5.64400000,5.27500000,5.64000000,6823121.67000000,37083071.97529000,128135
2023-12-24,5.64100000,5.76800000,5.41300000,5.63700000,11388470.92000000,64086028.21605000,233221
2023-12-25,5.63700000,5.89200000,5.57200000,5.79000000,12262777.26000000,70271496.34298000,239190
2023-12-26,5.79000000,5.81900000,5.26000000,5.75700000,13321213.31000000,74860834.54564000,257787
2023-12-27,5.75800000,6.09000000,5.50000000,5.92900000,14290884.72000000,83170150.03101000,268921
2023-12-28,5.92800000,6.29900000,5.80500000,6.25100000,17355258.70000000,104515246.55233000,384267
2023-12-29,6.25100000,6.30800000,5.66400000,5.81000000,16192033.11000000,97198176.24777000,310721
2023-12-30,5.81100000,6.09900000,5.72600000,6.00500000,7778926.69000000,45853618.75780000,150244
2023-12-31,6.00600000,7.45400000,5.92700000,6.92000000,35965684.19000000,241216918.35509000,828236
2024-01-01,6.92100000,8.12000000,6.72900000,7.56900000,39540183.47000000,292839056.61143000,906039
2024-01-02,7.57000000,7.88400000,7.07900000,7.17400000,25450385.47000000,191112756.85922000,538639
2024-01-03,7.17400000,7.74000000,5.66600000,6.28800000,33656144.32000000,227545570.38182000,699766
2024-01-04,6.28800000,6.64900000,6.15500000,6.49500000,13938335.06000000,89517296.66295000,253543
2024-01-05,6.49400000,6.55000000,5.76000000,6.15300000,12942395.83000000,78982391.14398000,245844
2024-01-06,6.15200000,6.29800000,5.72200000,5.89400000,10591101.57000000,63262223.86904000,197510
2024-01-07,5.89200000,6.14700000,5.50100000,5.62300000,8813249.85000000,51723399.28948000,151951
2024-01-08,5.62000000,5.89700000,5.05700000,5.85600000,17487671.51000000,95604295.83763000,262142
2024-01-09,5.85700000,5.89900000,5.21600000,5.49100000,12187825.70000000,67361481.66787000,208984
2024-01-10,5.49100000,6.08900000,5.25800000,5.94200000,12197476.38000000,68561429.27069000,219522
2024-01-11,5.94400000,6.50600000,5.88100000,6.45900000,19328146.74000000,120023018.08944000,318334
2024-01-12,6.46000000,6.48600000,5.77500000,5.97300000,14196554.55000000,87065353.82638000,262842
2024-01-13,5.97400000,6.15800000,5.71200000,6.02900000,6736145.47000000,40277266.54832000,132302
2024-01-14,6.02700000,6.26600000,5.79200000,5.81400000,10285383.29000000,62366527.70884000,166444
2024-01-15,5.81300000,6.14000000,5.80500000,5.92500000,6556963.12000000,39053135.46374000,118821
2024-01-16,5.92600000,5.99400000,5.73000000,5.85700000,6644940.19000000,39103783.82416000,110995
2024-01-17,5.85700000,5.90800000,5.61200000,5.79000000,6909429.99000000,39660162.72800000,90952
2024-01-18,5.79200000,5.97800000,5.48800000,5.61600000,10267925.47000000,59097169.61577000,151407
2024-01-19,5.61700000,5.63500000,5.13000000,5.48000000,9145354.96000000,49398929.30915000,120999
2024-01-20,5.47900000,5.55200000,5.38600000,5.51300000,4062210.41000000,22192218.01056000,61441
2024-01-21,5.51200000,5.56500000,5.35700000,5.36200000,4025052.54000000,22077028.57889000,68321
2024-01-22,5.36200000,5.40600000,5.01300000,5.04600000,9827646.72000000,51153028.69159000,123882
2024-01-23,5.04700000,5.13900000,4.61400000,4.89300000,11002966.09000000,53220789.86024000,136529
2024-01-24,4.89400000,5.02900000,4.79500000,5.01000000,6548329.63000000,32026308.27257000,82497
2024-01-25,5.01100000,5.03600000,4.82500000,4.96700000,4180826.98000000,20624822.11538000,49717
2024-01-26,4.96700000,5.23300000,4.90700000,5.17500000,5612454.74000000,28594981.91165000,63035
2024-01-27,5.17500000,5.39900000,5.11000000,5.33100000,4444582.33000000,23334846.30843000,48055
2024-01-28,5.33000000,5.41400000,5.12700000,5.19900000,4104880.07000000,21657280.23849000,51388
2024-01-29,5.20000000,5.36900000,5.11100000,5.33700000,4330513.46000000,22797997.06745000,52848
2024-01-30,5.33900000,5.38200000,5.13000000,5.15800000,5063012.85000000,26694352.91320000,58706
2024-01-31,5.15700000,5.18000000,4.89200000,4.95900000,6189580.82000000,31224447.75963000,74492
2024-02-01,4.95900000,5.00300000,4.85300000,4.97400000,4483003.77000000,22091935.82128000,52085
2024-02-02,4.97400000,5.08200000,4.93600000,5.04600000,4381318.47000000,21992201.96296000,50602
2024-02-03,5.04700000,5.31700000,5.02900000,5.06500000,7175803.40000000,37201135.10346000,79328
2024-02-04,5.06500000,5.06800000,4.89700000,4.92800000,3838009.54000000,19194071.70226000,43526
2024-02-05,4.92600000,5.04500000,4.85600000,4.99800000,3425094.63000000,17010345.66187000,40285
2024-02-06,4.99700000,5.14900000,4.93800000,5.07000000,4024474.66000000,20233826.06128000,43405
2024-02-07,5.07000000,5.19700000,4.97600000,5.18600000,4713040.47000000,23908294.15924000,47168
2024-02-08,5.18600000,5.27500000,5.14200000,5.22500000,4531232.33000000,23574082.72367000,50146
2024-02-09,5.22600000,5.55000000,5.21700000,5.47300000,8242691.90000000,44099836.53825000,85164
2024-02-10,5.47400000,5.50100000,5.28100000,5.35400000,4609527.39000000,24775316.35849000,53319
2024-02-11,5.35400000,5.44500000,5.26200000,5.30800000,3555056.95000000,19092804.94474000,42613
2024-02-12,5.30900000,5.49600000,5.20900000,5.45000000,5171527.99000000,27653468.84058000,69302
2024-02-13,5.45000000,5.54200000,5.35000000,5.48800000,8727104.89000000,47587673.95165000,95416
2024-02-14,5.48900000,5.66900000,5.44400000,5.59000000,7265567.64000000,40444979.09204000,82536
2024-02-15,5.59200000,5.93600000,5.59100000,5.86900000,9939884.89000000,57371553.89152000,119007
2024-02-16,5.86900000,5.99600000,5.64500000,5.78800000,8697232.07000000,50878224.12185000,106292
2024-02-17,5.78800000,6.39600000,5.70300000,6.20900000,21171155.47000000,129541785.53135000,318084
2024-02-18,6.20900000,6.43600000,6.06400000,6.28000000,13131295.86000000,81742193.88319000,185640
2024-02-19,6.28000000,7.79800000,6.21800000,7.39700000,31254262.25000000,217165169.76802000,495399
2024-02-20,7.39800000,7.99900000,7.05100000,7.70800000,47080029.57000000,356581188.97205000,762744
2024-02-21,7.71000000,7.74600000,6.80800000,7.24100000,21614301.12000000,156104408.48468000,348825
2024-02-22,7.24100000,8.48200000,7.07600000,8.06800000,30725130.79000000,240210186.06116000,533951
2024-02-23,8.06700000,8.57200000,7.78000000,8.01000000,26928009.61000000,220169949.34615000,495426
2024-02-24,8.00900000,8.23400000,7.70000000,8.09100000,11858466.74000000,94069807.26763000,214083
2024-02-25,8.09200000,8.61800000,7.96500000,8.11700000,17710912.24000000,146877870.02070000,306314
2024-02-26,8.11600000,8.32700000,7.81000000,8.14200000,13422984.28000000,107622422.34838000,226864
2024-02-27,8.14200000,8.31700000,7.47800000,7.66700000,15731068.97000000,124840240.02358000,271715
2024-02-28,7.66500000,8.17400000,6.95000000,7.71500000,28164871.45000000,218024163.52684000,466929
2024-02-29,7.71300000,8.88100000,7.55800000,8.14500000,29527126.50000000,243187210.10877000,547046
2024-03-01,8.14700000,8.49600000,7.94600000,8.20000000,13089534.73000000,107468739.83729000,246887
2024-03-02,8.20000000,9.50000000,8.08200000,9.30300000,32786316.79000000,287844650.33758000,628319
2024-03-03,9.30300000,10.87700000,8.52200000,10.50800000,40130439.56000000,397345989.92358000,878865
2024-03-04,10.50700000,10.81900000,9.73200000,10.01700000,29470799.87000000,298334671.77092000,675933
2024-03-05,10.01700000,10.50000000,7.66700000,8.88000000,36482358.80000000,349976814.66473000,910089
2024-03-06,8.88000000,10.23700000,8.48900000,10.05300000,22772044.72000000,214569135.39363000,570078
2024-03-07,10.05300000,10.30000000,9.49000000,9.92200000,16150908.49000000,159369231.59184000,402851
2024-03-08,9.92300000,11.80000000,9.60000000,11.45200000,29953436.45000000,321578495.38650000,740611
2024-03-09,11.45300000,11.85000000,10.90000000,11.06000000,16943245.89000000,192565932.21462000,422659
2024-03-10,11.06000000,11.28800000,10.30200000,10.68500000,12065644.82000000,130841530.93271000,293794
2024-03-11,10.68500000,11.37900000,10.00000000,11.18000000,17885705.64000000,195100708.00069000,405866
2024-03-12,11.18100000,11.20200000,10.00200000,10.90600000,15408132.24000000,164983639.65888000,390809
2024-03-13,10.90900000,11.17600000,10.27100000,10.62500000,12138175.41000000,130077038.39161000,269205
2024-03-14,10.62500000,10.76800000,9.80300000,10.50400000,16151177.73000000,167695523.67651000,384277
2024-03-15,10.50300000,10.62900000,8.90400000,9.77500000,20709758.63000000,198198164.21099000,455326
2024-03-16,9.77600000,9.89200000,8.61800000,8.83600000,15742322.26000000,146662616.59015000,296048
2024-03-17,8.83600000,9.35700000,8.29400000,9.17500000,12590606.15000000,112208545.79175000,217284
2024-03-18,9.17500000,9.76900000,8.61600000,8.87100000,13898383.01000000,127024378.67886000,276704
2024-03-19,8.86700000,8.96800000,7.85600000,7.99800000,18291016.34000000,152415249.63285000,283169
2024-03-20,7.99800000,8.75100000,7.67600000,8.63700000,16440553.38000000,134645494.45076000,279018
2024-03-21,8.63600000,9.30000000,8.56000000,9.02200000,15499809.42000000,138912655.81056000,263404
2024-03-22,9.02000000,9.27700000,8.39900000,8.72400000,12488557.30000000,109978450.23200000,250248
2024-03-23,8.72500000,8.96100000,8.49500000,8.62900000,7665620.99000000,66979312.36682000,144032
2024-03-24,8.62900000,8.98500000,8.51900000,8.91300000,5908815.59000000,51512550.96941000,110559
2024-03-25,8.91300000,9.54300000,8.82500000,9.37400000,10542804.36000000,97127955.81233000,191444
2024-03-26,9.37400000,9.75800000,9.18000000,9.44100000,11712522.04000000,110809398.75772000,212797
2024-03-27,9.44000000,9.62700000,8.90000000,9.12400000,10795873.27000000,100076343.30307000,216615
2024-03-28,9.12300000,9.37300000,8.96800000,9.30100000,6477656.41000000,59290499.39933000,109160
2024-03-29,9.30100000,10.24700000,9.19900000,9.64400000,17822374.72000000,173155165.93395000,324524
2024-03-30,9.64500000,9.95600000,9.39700000,9.43700000,8977923.59000000,87039088.99859000,177529
2024-03-31,9.43700000,9.98600000,9.40000000,9.96000000,5315842.84000000,51455289.24311000,97358
2024-04-01,9.96100000,10.40900000,9.03000000,9.37800000,15400401.39000000,148403399.54063000,306603
2024-04-02,9.37700000,9.37800000,8.46400000,8.57500000,13495505.46000000,118275824.09119000,257375
2024-04-03,8.57600000,8.79100000,8.25300000,8.42200000,10808654.62000000,92634172.28347000,163282
2024-04-04,8.42100000,9.00000000,8.20600000,8.63300000,8297088.89000000,70749450.20878000,131286
2024-04-05,8.63300000,8.65600000,8.09100000,8.39300000,7325407.31000000,61169043.88588000,115727
2024-04-06,8.39000000,8.68000000,8.34000000,8.57800000,3567323.49000000,30477637.88089000,58119
2024-04-07,8.58000000,8.89300000,8.56000000,8.83300000,4415951.69000000,38660124.70105000,73058
2024-04-08,8.83200000,9.34800000,8.66300000,9.31000000,7482225.57000000,67693239.05263000,133043
2024-04-09,9.30900000,9.33800000,8.60000000,8.65700000,10034074.06000000,89964691.43360000,162027
2024-04-10,8.65700000,8.71700000,8.18200000,8.49200000,10819977.88000000,91423913.06210000,162008
2024-04-11,8.49100000,8.60400000,7.96200000,8.05200000,9267905.01000000,76352906.43264000,157880
2024-04-12,8.05200000,8.22000000,5.55000000,6.60800000,26402006.06000000,182586586.52937000,415610
2024-04-13,6.60800000,6.73900000,5.00000000,5.72300000,38116651.55000000,228915475.31172000,553412
2024-04-14,5.72100000,6.24200000,5.46600000,6.15300000,25255181.68000000,148473860.05893000,342537
2024-04-15,6.15300000,6.53900000,5.68000000,6.00300000,19001480.90000000,116180027.33114000,221690
2024-04-16,6.00400000,6.12900000,5.69600000,6.07600000,12832412.20000000,75975681.22951000,158183
2024-04-17,6.07500000,6.11300000,5.60000000,5.84500000,10070057.50000000,59015455.78641000,135645
2024-04-18,5.84400000,6.05300000,5.70900000,5.99500000,8268801.89000000,48800155.52769000,122459
2024-04-19,5.99600000,6.28700000,5.52600000,6.14500000,12051201.45000000,72171561.91484000,156239
2024-04-20,6.14500000,6.69800000,6.05700000,6.64900000,6570586.93000000,41834220.78447000,90872
2024-04-21,6.64900000,6.76400000,6.33200000,6.48000000,7449598.30000000,48855670.37196000,96934
2024-04-22,6.47900000,6.72700000,6.41000000,6.57100000,7022218.30000000,46062716.04514000,92899
2024-04-23,6.57000000,6.66100000,6.33300000,6.38800000,5344016.05000000,34771503.21328000,67122
2024-04-24,6.38700000,6.53900000,5.97600000,6.05000000,8919138.51000000,55846969.94901000,111863
2024-04-25,6.05000000,6.11700000,5.82800000,5.99300000,6268686.22000000,37367882.48880000,76052
2024-04-26,5.99300000,6.11600000,5.82700000,6.00600000,6248659.01000000,37365938.99231000,60730
2024-04-27,6.00700000,6.02500000,5.66700000,5.92300000,6870742.37000000,39972626.50091000,75262
2024-04-28,5.92300000,6.12800000,5.86100000,5.89900000,4779905.25000000,28723220.70759000,70911
2024-04-29,5.89900000,5.99000000,5.72200000,5.91800000,6095538.71000000,35612507.21369000,72181
2024-04-30,5.91900000,5.99700000,5.43200000,5.62600000,8856794.96000000,50075964.62392000,106669
2024-05-01,5.62400000,5.77900000,5.20400000,5.71700000,11042997.49000000,60239723.33448000,124401
2024-05-02,5.71700000,6.02800000,5.54800000,5.92800000,5589898.92000000,32244850.41056000,75305
2024-05-03,5.92700000,6.14000000,5.83000000,6.04700000,5333370.65000000,31973476.77876000,75561
2024-05-04,6.04600000,6.21300000,6.00000000,6.05700000,4829979.85000000,29444885.53021000,58781
2024-05-05,6.05600000,6.30200000,5.94600000,6.15300000,5647081.23000000,34431465.58772000,69639
2024-05-06,6.15400000,6.42200000,6.01500000,6.02700000,8252155.07000000,51219213.49032000,89911
2024-05-07,6.02700000,6.13500000,5.76500000,5.77200000,6402246.59000000,38267726.88261000,79517
2024-05-08,5.77100000,5.81900000,5.60700000,5.70400000,5458454.74000000,31290503.77633000,63490
2024-05-09,5.70200000,5.93700000,5.68400000,5.92000000,4521730.95000000,26178811.07541000,51536
2024-05-10,5.91900000,5.97500000,5.56400000,5.62200000,6371172.95000000,36706256.56723000,73722
2024-05-11,5.62400000,5.68900000,5.54400000,5.60800000,3067354.61000000,17266104.99996000,38141
2024-05-12,5.60700000,5.69800000,5.55800000,5.60500000,2090376.74000000,11778931.85538000,25764
2024-05-13,5.60500000,5.71300000,5.36600000,5.60400000,6328847.14000000,35170325.90209000,69553
2024-05-14,5.60400000,5.62200000,5.32000000,5.35100000,4690856.05000000,25653450.75374000,59331
2024-05-15,5.35100000,5.84100000,5.28000000,5.78400000,5871199.74000000,32863946.38571000,77745
2024-05-16,5.78400000,5.92000000,5.61900000,5.75200000,6004076.71000000,34589181.31048000,82457
2024-05-17,5.75200000,5.98900000,5.68500000,5.88400000,4957475.03000000,29028807.44604000,62954
2024-05-18,5.88400000,5.98600000,5.80500000,5.85000000,3164768.34000000,18639625.16113000,39152
2024-05-19,5.85100000,5.96300000,5.48000000,5.55200000,5318561.75000000,30364133.96635000,56519
2024-05-20,5.55200000,6.20400000,5.48400000,6.17000000,10848569.93000000,63064955.33694000,130693
2024-05-21,6.16800000,6.35800000,6.05300000,6.23500000,9495593.06000000,58698677.46496000,99882
2024-05-22,6.23400000,6.31000000,5.96000000,6.11800000,7136409.71000000,43803169.33732000,97551
2024-05-23,6.11800000,6.23600000,5.50000000,5.79500000,12909952.42000000,76168763.06481000,174630
2024-05-24,5.79400000,5.89300000,5.65300000,5.82000000,6059753.88000000,35063456.70011000,76068
2024-05-25,5.81900000,6.04600000,5.80900000,6.00600000,3971770.54000000,23417723.71041000,50960
2024-05-26,6.00600000,6.04000000,5.81000000,5.85500000,3703042.69000000,21914851.76701000,51797
2024-05-27,5.85400000,6.24500000,5.84000000,6.11600000,5532546.43000000,33384455.68489000,88556
2024-05-28,6.11600000,6.13100000,5.82900000,5.94000000,5801119.79000000,34413247.84681000,87749
2024-05-29,5.94000000,6.04900000,5.75500000,5.78700000,5081259.69000000,30088710.13494000,81150
2024-05-30,5.78600000,5.92900000,5.63000000,5.80800000,4641191.16000000,26885846.50861000,74653
2024-05-31,5.80800000,5.85300000,5.63600000,5.73400000,3723881.05000000,21428539.68320000,52518
2024-06-01,5.73300000,5.81700000,5.70600000,5.79500000,1722900.00000000,9943276.79607000,26079
2024-06-02,5.79600000,5.92200000,5.69200000,5.80700000,3757665.02000000,21727980.45006000,52139
2024-06-03,5.80800000,5.95900000,5.74600000,5.78600000,5565154.03000000,32624159.91248000,70323
2024-06-04,5.78600000,6.05000000,5.71100000,5.95900000,5663688.14000000,33264322.36871000,78514
2024-06-05,5.96000000,6.10400000,5.94000000,6.07500000,5226184.29000000,31452842.02686000,80148
2024-06-06,6.07600000,6.09400000,5.84100000,5.95700000,4441854.16000000,26676768.42391000,66022
2024-06-07,5.95700000,6.75300000,5.70000000,6.11600000,25835664.82000000,162707967.74277000,407513
2024-06-08,6.11600000,6.47000000,5.98000000,6.05500000,14512600.72000000,90394783.33229000,215701
2024-06-09,6.05400000,6.36800000,6.01100000,6.12800000,8379236.20000000,52077863.84502000,113939
2024-06-10,6.12500000,6.15200000,5.69200000,5.79300000,9043115.43000000,53315123.37785000,122579
2024-06-11,5.79300000,5.81600000,5.28600000,5.38400000,10751767.73000000,59678333.36880000,138866
2024-06-12,5.38500000,5.75000000,5.21400000,5.65400000,10120178.99000000,56198483.53381000,131859
2024-06-13,5.65400000,5.69600000,5.29200000,5.38400000,7048278.78000000,38475497.88218000,88806
2024-06-14,5.38500000,5.47100000,4.94600000,5.09300000,7655137.40000000,39847260.17665000,101115
2024-06-15,5.09300000,5.36600000,5.08600000,5.22800000,4495330.61000000,23518720.41762000,60595
2024-06-16,5.23200000,5.29500000,5.12700000,5.24000000,2120887.97000000,11063481.49582000,32030
2024-06-17,5.24000000,5.27800000,4.71400000,4.92800000,8795405.95000000,43978950.14360000,117991
2024-06-18,4.92800000,4.94300000,4.10000000,4.35300000,18506384.08000000,81199408.51697000,206494
2024-06-19,4.35200000,4.49800000,4.29500000,4.44100000,5593807.38000000,24768824.75983000,57244
2024-06-20,4.44100000,4.62100000,4.31700000,4.40900000,4811405.96000000,21532720.98239000,57928
2024-06-21,4.40900000,4.45000000,4.27100000,4.39900000,3933528.09000000,17227574.70729000,54484
2024-06-22,4.40100000,4.44500000,4.34400000,4.37800000,1834991.60000000,8075910.21889000,25592
2024-06-23,4.37900000,4.47800000,4.22200000,4.28900000,3378282.98000000,14705776.26869000,38972
2024-06-24,4.28800000,4.41500000,4.00900000,4.39700000,10204185.87000000,43584967.59074000,115933
2024-06-25,4.39800000,4.52500000,4.36000000,4.44300000,4575795.20000000,20323386.72043000,55530
2024-06-26,4.44300000,4.49900000,4.32100000,4.39500000,3412631.44000000,15047403.98159000,39161
2024-06-27,4.39500000,4.53000000,4.28300000,4.50600000,3327652.26000000,14696734.92558000,46615
2024-06-28,4.50500000,4.58200000,4.38000000,4.38300000,3854857.43000000,17318619.48395000,56285
2024-06-29,4.38300000,4.45200000,4.32200000,4.34800000,2091753.66000000,9203008.20158000,40038
2024-06-30,4.34900000,4.50200000,4.30000000,4.48000000,2730208.14000000,12031070.20108000,47078
2024-07-01,4.48000000,4.56000000,4.32600000,4.33000000,3960089.13000000,17676635.75819000,59529
2024-07-02,4.33000000,4.46200000,4.30600000,4.41800000,2975194.63000000,13016617.83294000,60099
2024-07-03,4.41800000,4.43800000,4.01900000,4.10400000,5409980.19000000,22812912.32231000,82698
2024-07-04,4.10400000,4.13500000,3.76500000,3.78100000,6961212.56000000,27361902.63840000,102543
2024-07-05,3.78100000,3.79000000,3.25000000,3.54100000,17363916.52000000,60150970.34509000,222168
2024-07-06,3.54400000,4.01900000,3.50000000,3.97700000,6349062.14000000,23603609.31040000,77565
2024-07-07,3.97700000,3.97700000,3.60900000,3.63600000,4202789.60000000,16023622.94135000,68085
2024-07-08,3.63600000,3.94300000,3.45100000,3.81800000,8699336.78000000,32607671.53110000,122540
2024-07-09,3.81700000,3.96200000,3.75100000,3.91000000,3585416.48000000,13851358.45276000,58398
2024-07-10,3.91000000,3.99500000,3.83400000,3.97200000,3325446.04000000,13021338.12439000,52109
2024-07-11,3.97200000,4.23400000,3.93900000,4.08200000,6903910.20000000,28366558.81669000,118379
2024-07-12,4.08100000,4.14700000,3.95500000,4.12500000,4569453.85000000,18397915.23930000,74622
2024-07-13,4.12500000,4.31600000,4.08800000,4.28400000,4239835.34000000,17893913.85604000,69386
2024-07-14,4.28400000,4.35000000,4.18500000,4.27400000,3718983.80000000,15846898.57367000,51365
2024-07-15,4.27200000,4.46100000,4.20600000,4.44300000,5965198.63000000,25706442.55211000,91935
2024-07-16,4.44400000,4.62400000,4.23600000,4.53500000,6784867.39000000,30026996.21491000,108574
2024-07-17,4.53400000,4.84100000,4.48300000,4.55600000,7783454.01000000,35916077.82652000,122511
2024-07-18,4.55700000,4.65700000,4.30700000,4.38700000,4705662.60000000,21097345.61545000,85815
2024-07-19,4.38700000,4.71000000,4.29300000,4.65300000,5361715.89000000,24043306.65187000,91562
2024-07-20,4.65300000,4.78400000,4.57200000,4.71100000,4308875.56000000,20200593.42441000,73566
2024-07-21,4.71100000,4.80100000,4.49300000,4.77700000,3905922.11000000,18232108.75075000,64283
2024-07-22,4.77700000,4.82200000,4.48100000,4.50900000,4330053.77000000,20136909.51390000,70633
2024-07-23,4.50900000,4.60300000,4.33400000,4.45500000,4056304.67000000,18148434.56741000,71159
2024-07-24,4.45500000,4.55000000,4.21100000,4.26900000,3164956.38000000,13944520.36972000,57444
2024-07-25,4.26800000,4.28900000,4.03700000,4.19900000,4789833.42000000,19917633.09718000,74857
2024-07-26,4.19900000,4.71200000,4.18600000,4.64200000,8957206.26000000,40432934.69427000,98878
2024-07-27,4.64300000,4.67000000,4.51600000,4.57500000,7078140.96000000,32635419.53917000,82404
2024-07-28,4.57400000,4.64500000,4.39600000,4.44600000,3606257.32000000,16284022.12387000,46152
2024-07-29,4.44600000,4.64700000,4.40400000,4.44000000,3996201.97000000,18134987.63250000,68851
2024-07-30,4.44000000,4.53500000,4.23500000,4.33300000,2849127.33000000,12522579.09744000,60674
2024-07-31,4.33300000,4.37800000,4.16900000,4.20800000,2967106.53000000,12733771.74409000,60089
2024-08-01,4.20700000,4.29900000,3.87600000,4.16400000,6603780.90000000,27068399.53937000,100510
2024-08-02,4.16400000,4.19700000,3.82200000,3.87200000,5631083.84000000,22540103.81771000,80423
2024-08-03,3.87100000,3.95500000,3.59300000,3.68800000,4883304.58000000,18378687.40483000,68225
2024-08-04,3.68800000,3.77400000,3.37300000,3.53100000,5950982.72000000,21205095.53206000,73668
2024-08-05,3.53000000,3.56700000,2.86600000,3.23700000,28212562.71000000,88307581.16785000,299125
2024-08-06,3.23600000,3.58900000,3.23100000,3.49700000,6882848.17000000,23762321.45531000,77463
2024-08-07,3.49700000,3.56500000,3.31700000,3.35300000,5106106.24000000,17572658.34177000,65927
2024-08-08,3.35400000,3.83400000,3.30000000,3.83200000,6528345.90000000,23591612.51258000,96432
2024-08-09,3.83100000,3.86000000,3.69300000,3.76600000,3235673.77000000,12202578.21531000,59600
2024-08-10,3.76500000,3.82200000,3.72800000,3.77800000,1663608.50000000,6279216.38240000,34726
2024-08-11,3.77900000,3.85000000,3.44900000,3.49000000,3468317.03000000,12706373.20604000,46189
2024-08-12,3.49000000,3.79400000,3.47100000,3.73600000,4387789.83000000,16028467.88382000,46084
2024-08-13,3.73400000,3.77300000,3.59200000,3.70600000,3777476.20000000,13945485.19843000,45144
2024-08-14,3.70600000,3.73100000,3.53500000,3.58200000,3574410.59000000,13015079.10103000,35924
2024-08-15,3.58300000,3.67800000,3.43000000,3.50300000,4228015.15000000,15037536.51283000,48476
2024-08-16,3.50300000,3.58200000,3.40800000,3.50000000,3354683.73000000,11752882.22306000,37681
2024-08-17,3.50000000,3.58500000,3.48500000,3.56900000,1605235.75000000,5665245.72646000,20969
2024-08-18,3.56900000,3.62900000,3.51000000,3.54800000,1892386.48000000,6768812.16795000,21884
2024-08-19,3.54700000,3.63600000,3.52900000,3.62400000,2785552.14000000,9973736.51773000,42648
2024-08-20,3.62400000,3.70500000,3.55100000,3.65200000,2987999.44000000,10888481.13753000,32891
2024-08-21,3.65100000,3.83800000,3.60700000,3.79600000,4160107.25000000,15440397.53354000,49372
2024-08-22,3.79600000,3.95400000,3.75900000,3.94800000,4428205.68000000,17168303.53306000,50135
2024-08-23,3.94800000,4.29200000,3.94300000,4.22500000,5822929.48000000,24003359.10934000,81313
2024-08-24,4.22600000,4.33700000,4.16900000,4.24300000,4814060.93000000,20463539.76521000,58257
2024-08-25,4.24300000,4.26300000,4.05600000,4.15900000,4126753.89000000,17183263.58853000,55230
2024-08-26,4.15900000,4.19200000,3.88400000,3.92800000,5240282.36000000,21181243.62793000,65364
2024-08-27,3.92800000,4.04900000,3.65000000,3.72000000,5912778.71000000,22889314.23018000,73936
2024-08-28,3.71900000,3.82800000,3.55300000,3.64500000,6127636.07000000,22588786.36715000,63248
2024-08-29,3.64500000,3.80000000,3.59100000,3.64400000,2912399.67000000,10761429.32195000,32542
2024-08-30,3.64300000,3.71200000,3.45600000,3.64000000,4042623.86000000,14523616.95309000,39884
2024-08-31,3.64000000,3.67100000,3.53300000,3.57000000,1588285.18000000,5725851.58557000,15883
2024-09-01,3.56900000,3.58200000,3.30700000,3.36000000,5782168.14000000,19973207.03865000,47230
2024-09-02,3.36000000,3.52400000,3.31400000,3.49100000,5448557.67000000,18710385.70922000,44486
2024-09-03,3.49000000,3.55700000,3.34300000,3.35400000,3325381.58000000,11441522.94629000,34474
2024-09-04,3.35500000,3.46900000,3.16600000,3.39300000,6323011.97000000,21093870.51872000,53080
2024-09-05,3.39300000,3.42800000,3.31300000,3.35900000,3030032.38000000,10200665.63705000,35181
2024-09-06,3.35800000,3.41700000,3.14400000,3.27400000,7317276.93000000,24194281.27695000,55036
2024-09-07,3.27300000,3.37400000,3.27000000,3.35000000,2324807.00000000,7747772.20407000,19981
2024-09-08,3.34900000,3.44300000,3.31900000,3.40800000,2477317.34000000,8373715.79448000,24317
2024-09-09,3.40700000,3.67600000,3.36900000,3.60100000,7303023.53000000,25636558.48347000,58653
2024-09-10,3.60100000,3.69300000,3.54000000,3.65800000,3217967.07000000,11603778.25869000,36816
2024-09-11,3.65900000,3.66600000,3.48500000,3.60100000,4767634.07000000,17041170.59284000,48008
2024-09-12,3.60000000,3.68300000,3.57700000,3.65700000,3329963.52000000,12087828.07311000,36836
2024-09-13,3.65700000,3.77000000,3.62200000,3.72500000,5025812.46000000,18543494.99578000,42325
2024-09-14,3.72600000,3.74500000,3.63700000,3.66000000,2355993.52000000,8659395.36964000,28314
2024-09-15,3.66100000,3.68500000,3.41100000,3.44700000,3535130.73000000,12595036.08490000,44926
2024-09-16,3.44900000,3.47900000,3.36000000,3.41400000,3592284.89000000,12282657.09579000,41286
2024-09-17,3.41400000,3.53200000,3.38500000,3.46400000,2881725.30000000,9980872.66035000,34199
2024-09-18,3.46400000,3.61900000,3.36400000,3.61500000,4181543.54000000,14496569.96564000,45264
2024-09-19,3.61500000,3.75600000,3.61500000,3.68500000,5471090.64000000,20168149.87678000,54027
2024-09-20,3.68600000,3.84000000,3.65300000,3.77800000,4843947.27000000,18217413.91888000,49594
2024-09-21,3.77800000,3.88400000,3.69600000,3.86500000,2417197.94000000,9169749.28671000,34473
2024-09-22,3.86500000,3.87500000,3.60600000,3.72200000,3781725.13000000,14076654.83816000,46719
2024-09-23,3.72300000,3.81100000,3.65700000,3.76000000,4572929.31000000,17153003.14741000,41553
2024-09-24,3.75900000,3.88200000,3.69600000,3.85600000,5163781.82000000,19500970.78806000,40921
2024-09-25,3.85700000,4.04700000,3.85300000,3.94200000,6827073.09000000,26900278.10368000,63996
2024-09-26,3.94200000,4.14700000,3.88100000,4.10300000,6786950.97000000,27625164.81475000,69853
2024-09-27,4.10300000,4.29200000,4.09500000,4.19600000,5519025.15000000,23089119.64553000,57811
2024-09-28,4.19600000,4.22300000,4.01800000,4.12600000,4401168.94000000,18129354.10272000,49501
2024-09-29,4.12600000,4.15700000,4.01300000,4.08300000,3311346.36000000,13520524.61323000,48654
2024-09-30,4.08400000,4.09900000,3.77900000,3.81100000,6234497.98000000,24542003.01584000,66212
2024-10-01,3.81100000,3.94200000,3.44100000,3.55600000,9283653.63000000,34292366.26544000,85347
2024-10-02,3.55600000,3.68600000,3.44500000,3.53800000,6266656.46000000,22469598.32256000,69290
2024-10-03,3.53700000,3.65600000,3.42300000,3.57300000,6242994.99000000,22076152.80326000,57327
2024-10-04,3.57200000,3.65600000,3.54700000,3.64700000,3179078.38000000,11481612.15758000,30810
2024-10-05,3.64700000,3.67900000,3.55500000,3.61500000,3359382.59000000,12208337.71716000,30547
2024-10-06,3.61500000,3.71300000,3.60500000,3.69900000,3184633.52000000,11668403.36281000,30690
2024-10-07,3.69800000,3.81300000,3.68200000,3.71000000,6237038.84000000,23468898.90545000,48975
2024-10-08,3.71100000,3.77700000,3.39200000,3.62900000,5070462.79000000,18638591.10209000,39022
2024-10-09,3.62900000,3.67700000,3.45500000,3.50000000,3265763.78000000,11700112.76754000,29797
2024-10-10,3.50000000,3.54100000,3.43400000,3.53900000,3389386.63000000,11858244.75844000,29134
2024-10-11,3.53800000,3.61700000,3.50400000,3.58600000,3864400.40000000,13742713.64544000,30438
2024-10-12,3.58700000,3.65700000,3.57400000,3.61200000,3965780.77000000,14347253.41405000,28666
2024-10-13,3.61200000,3.62700000,3.47700000,3.56800000,3581376.61000000,12719575.22574000,30489
2024-10-14,3.56900000,3.90000000,3.53100000,3.85700000,7267230.50000000,27089765.37653000,55537
2024-10-15,3.85700000,3.93600000,3.68800000,3.80500000,8975547.78000000,34207600.52148000,69973
2024-10-16,3.80400000,3.82800000,3.69700000,3.75000000,3883001.75000000,14564056.24833000,35609
2024-10-17,3.75000000,3.77200000,3.60300000,3.64200000,3573886.62000000,13132567.80049000,37086
2024-10-18,3.64100000,3.78100000,3.62500000,3.77500000,3793905.96000000,14053420.39724000,31936
2024-10-19,3.77600000,3.82200000,3.70300000,3.76600000,2270968.73000000,8537184.38923000,23366
2024-10-20,3.76700000,4.01700000,3.71000000,3.98600000,6272459.60000000,24415794.36274000,57640
2024-10-21,3.98500000,4.02000000,3.78100000,3.84900000,5481948.90000000,21346826.30092000,56166
2024-10-22,3.84900000,3.91000000,3.72700000,3.80500000,4702936.03000000,17960786.38886000,42796
2024-10-23,3.80600000,3.81300000,3.60500000,3.69300000,3746707.56000000,13870537.00014000,39005
2024-10-24,3.69400000,3.77000000,3.65000000,3.73900000,2772350.80000000,10298399.36563000,29178
2024-10-25,3.74000000,3.75200000,3.28000000,3.44200000,7026497.77000000,24879262.43448000,67987
2024-10-26,3.44100000,3.49000000,3.37400000,3.47100000,4410221.59000000,15149491.05508000,41605
2024-10-27,3.47100000,3.60600000,3.45500000,3.56500000,2680690.65000000,9444188.71517000,30200
2024-10-28,3.56500000,3.70000000,3.48500000,3.62600000,5630955.40000000,20139811.37797000,55702
2024-10-29,3.62500000,3.74200000,3.59400000,3.70900000,5136299.35000000,18844778.64191000,56310
2024-10-30,3.70900000,3.78900000,3.66100000,3.72100000,4922028.30000000,18367452.78002000,52714
2024-10-31,3.72000000,3.73900000,3.48700000,3.53400000,3851984.92000000,13893835.33485000,46441
2024-11-01,3.53500000,3.58700000,3.42400000,3.47000000,3797052.86000000,13307290.17485000,46150
2024-11-02,3.47000000,3.50900000,3.39000000,3.43100000,2256135.06000000,7781983.75481000,27884
2024-11-03,3.43100000,3.43900000,3.23900000,3.34100000,5116598.75000000,17039629.05776000,63832
2024-11-04,3.34000000,3.40700000,3.20000000,3.27300000,4697816.91000000,15611178.63634000,48528
2024-11-05,3.27300000,3.43300000,3.26900000,3.39000000,3648145.79000000,12267217.97875000,46381
2024-11-06,3.39100000,3.75300000,3.39000000,3.70900000,10391295.20000000,37358261.47324000,95061
2024-11-07,3.71000000,3.82700000,3.67000000,3.76700000,5644049.47000000,21175964.12008000,62690
2024-11-08,3.76900000,3.96700000,3.67900000,3.91400000,9514410.27000000,36350327.53371000,89942
2024-11-09,3.91400000,4.07600000,3.78600000,4.05200000,6789007.27000000,26504220.93864000,70667
2024-11-10,4.05200000,4.42200000,3.99600000,4.26700000,17812632.57000000,74729877.35613000,183186
2024-11-11,4.26700000,4.41300000,4.11300000,4.41000000,17670521.09000000,74999199.30202000,159859
2024-11-12,4.41100000,4.64900000,4.09600000,4.22200000,21728293.76000000,94985775.08029000,220286
2024-11-13,4.22100000,4.29400000,3.85300000,4.07500000,18771495.14000000,76312814.65120000,188476
2024-11-14,4.07600000,4.21200000,3.80200000,3.85700000,9969577.11000000,39910092.41806000,106447
2024-11-15,3.85600000,4.25700000,3.78200000,4.20000000,12606548.64000000,51140903.98087000,111979
2024-11-16,4.20000000,4.82400000,4.14800000,4.74500000,17559631.80000000,78757554.67415000,177152
2024-11-17,4.74600000,4.87800000,4.25000000,4.34500000,17317898.58000000,78343786.67405000,184852
2024-11-18,4.34500000,4.64900000,4.31700000,4.53500000,15496756.80000000,69534161.49936000,155065
2024-11-19,4.53400000,4.58500000,4.28400000,4.43300000,6625362.33000000,29428549.64163000,90534
2024-11-20,4.43100000,4.53100000,4.11700000,4.24500000,9442904.94000000,40929757.35778000,108268
2024-11-21,4.24600000,4.66600000,4.07700000,4.52900000,14685427.62000000,65358352.21241000,165270
2024-11-22,4.53000000,4.96800000,4.45400000,4.93500000,15225428.48000000,71364680.62082000,166768
2024-11-23,4.93500000,5.66800000,4.83300000,5.36600000,33802734.15000000,177684718.77240000,376527
2024-11-24,5.36700000,6.13500000,5.19000000,5.72400000,39393949.59000000,222332057.36733000,468230
2024-11-25,5.72400000,5.85800000,5.35100000,5.45400000,20924647.34000000,117388555.95695000,244177
2024-11-26,5.45300000,5.76800000,5.15600000,5.43300000,17907818.75000000,96679993.11340000,238037
2024-11-27,5.43400000,5.84500000,5.29100000,5.80800000,14711715.25000000,81587460.18867000,172751
2024-11-28,5.80800000,5.89600000,5.51100000,5.81000000,11964132.59000000,68113524.60886000,162420
2024-11-29,5.81100000,6.17300000,5.62400000,6.14100000,12645668.54000000,74837723.53735000,179180
2024-11-30,6.14100000,7.32200000,6.06400000,7.07400000,26215303.84000000,174806751.48813000,377582
2024-12-01,7.07300000,7.09300000,6.64700000,6.86100000,16927436.11000000,115643474.41006000,265539
2024-12-02,6.86000000,7.48800000,6.62000000,7.28000000,33476534.48000000,237814096.57842000,611730
2024-12-03,7.28100000,7.64100000,6.68800000,7.30500000,31356198.34000000,225256912.57417000,469924
2024-12-04,7.30700000,8.42400000,7.29600000,8.08300000,36297005.96000000,288562139.46696000,583767
2024-12-05,8.08600000,8.27700000,7.51000000,7.69300000,24445407.98000000,193753385.36766000,424753
2024-12-06,7.69200000,8.29700000,7.58400000,8.07500000,16699668.54000000,132507298.70867000,280657
2024-12-07,8.07400000,8.08500000,7.69900000,7.82200000,9758905.22000000,77330086.43444000,160558
2024-12-08,7.82200000,7.95200000,7.57500000,7.87100000,9263348.26000000,71839073.06814000,144884
2024-12-09,7.87300000,7.87300000,5.54000000,6.26800000,34117464.09000000,230487263.33680000,479405
2024-12-10,6.26800000,6.47800000,5.68100000,6.20400000,24239573.75000000,149086589.89055000,321162
2024-12-11,6.20300000,6.79000000,5.94400000,6.68200000,14095244.29000000,90281156.72242000,175874
2024-12-12,6.68200000,7.15400000,6.61400000,6.73400000,13595155.15000000,93446373.28564000,185051
2024-12-13,6.73500000,6.85500000,6.51500000,6.75300000,8378230.10000000,56086140.64374000,126421
2024-12-14,6.75200000,6.85400000,6.26400000,6.43300000,6738205.36000000,44182409.05732000,98221
2024-12-15,6.43600000,6.78900000,6.31700000,6.73700000,6669189.88000000,43815609.83785000,97283
2024-12-16,6.73800000,6.94400000,6.44800000,6.53100000,10508886.27000000,70110712.13514000,133374
2024-12-17,6.53100000,6.65900000,6.21600000,6.28900000,9613215.32000000,62066174.62781000,125100
2024-12-18,6.29100000,6.34300000,5.55500000,5.65400000,15905542.68000000,95101443.46523000,196193
2024-12-19,5.64800000,5.73800000,4.92600000,5.08400000,22943406.83000000,122619669.69117000,258440
2024-12-20,5.08500000,5.32300000,4.38000000,5.20800000,27139579.05000000,130775220.91312000,281223
2024-12-21,5.21000000,5.48400000,4.84700000,4.92000000,12064026.11000000,61893749.76002000,137199
2024-12-22,4.92200000,5.06000000,4.69100000,4.83200000,10187259.64000000,49778398.01331000,95982
2024-12-23,4.83300000,5.25900000,4.72100000,5.19600000,11985059.95000000,59469868.23800000,117520
2024-12-24,5.19600000,5.57100000,5.03900000,5.46200000,10795429.65000000,57312004.19925000,104708
2024-12-25,5.46100000,5.50000000,5.22900000,5.29700000,6228431.97000000,33384616.12408000,70162
2024-12-26,5.29600000,5.36300000,4.90600000,4.97700000,6867456.09000000,34907865.05701000,70296
2024-12-27,4.97800000,5.20200000,4.89200000,4.95000000,6621338.53000000,33347891.34088000,69432
2024-12-28,4.95100000,5.28400000,4.90500000,5.21100000,5866071.63000000,29802775.62519000,66141
2024-12-29,5.21100000,5.24000000,4.91600000,4.95700000,4388431.60000000,22340739.70953000,54687
2024-12-30,4.95700000,5.18500000,4.75200000,4.92800000,7106910.71000000,35191781.00770000,72580
2024-12-31,4.92900000,5.14100000,4.80700000,4.95300000,5873342.28000000,29157752.70891000,56959
2025-01-01,4.95300000,5.19600000,4.84900000,5.12100000,6048514.10000000,30414327.02285000,64792
2025-01-02,5.12200000,5.36800000,5.12200000,5.30600000,7036884.91000000,36888311.66972000,71125
2025-01-03,5.30700000,5.75300000,5.24000000,5.66400000,8659289.50000000,47566395.02387000,76018
2025-01-04,5.66400000,5.73300000,5.56300000,5.63900000,5302094.12000000,29860068.73794000,49523
2025-01-05,5.64100000,5.97600000,5.50000000,5.91200000,7355659.76000000,41855863.84486000,78021
2025-01-06,5.91300000,6.30400000,5.78600000,5.98600000,15209023.44000000,92704373.90182000,177805
2025-01-07,5.98600000,6.10400000,5.33300000,5.35200000,13346303.96000000,76378436.59655000,218963
2025-01-08,5.35300000,5.48800000,4.90000000,5.11200000,12079287.68000000,62568094.88767000,286866
2025-01-09,5.11100000,5.19100000,4.91100000,5.05100000,10130058.32000000,51241734.79662000,250229
2025-01-10,5.05100000,5.26200000,5.01200000,5.20900000,7593561.21000000,38955802.95372000,187060
2025-01-11,5.20900000,5.31500000,5.10300000,5.20300000,3357328.87000000,17398518.14627000,82078
2025-01-12,5.20300000,5.23600000,5.01700000,5.08700000,2915020.79000000,14981772.30001000,72972
2025-01-13,5.08800000,5.23000000,4.60700000,4.92100000,13330240.72000000,64715610.78438000,284656
2025-01-14,4.92100000,5.25000000,4.90500000,5.21200000,5788076.94000000,29530828.27199000,127797
2025-01-15,5.21200000,5.67800000,5.11200000,5.65300000,10755969.33000000,57722066.63024000,227654
2025-01-16,5.65400000,5.79000000,5.38700000,5.61700000,11823522.92000000,65933683.39401000,288756
2025-01-17,5.61800000,5.95700000,5.61800000,5.83100000,8659081.82000000,50347149.82658000,208214
2025-01-18,5.83200000,5.87000000,5.32200000,5.44600000,12756363.52000000,70114851.11640000,272272
2025-01-19,5.44600000,5.61500000,4.84400000,4.98000000,20312455.16000000,105709820.24732000,443985
2025-01-20,4.98000000,5.48000000,4.82700000,5.10600000,22249882.47000000,113922019.98615000,549740
2025-01-21,5.10700000,5.34900000,4.88600000,5.25500000,8774021.68000000,44742200.89550000,265738
2025-01-22,5.25600000,5.30500000,4.96300000,5.00100000,6192472.00000000,31853237.04575000,152307
2025-01-23,5.00200000,5.14800000,4.86100000,5.06200000,7631704.08000000,38117908.02342000,208809
2025-01-24,5.06300000,5.20100000,4.89700000,5.01400000,5270016.28000000,26767564.88268000,133287
2025-01-25,5.01500000,5.07900000,4.92600000,4.98300000,3446613.11000000,17272222.68349000,84075
2025-01-26,4.98200000,5.18800000,4.85300000,4.86200000,3864458.86000000,19370188.04682000,86241
2025-01-27,4.86100000,4.86500000,4.34700000,4.66100000,15453604.09000000,70608242.34740000,327314
2025-01-28,4.66100000,4.72600000,4.32500000,4.38500000,5252848.50000000,23958106.65786000,53713
2025-01-29,4.38500000,4.64800000,4.36600000,4.51400000,5739958.29000000,25831438.53461000,63327
2025-01-30,4.51400000,4.89900000,4.47500000,4.80800000,5476685.52000000,25898042.73672000,52748
2025-01-31,4.80800000,4.96300000,4.68000000,4.81200000,6113597.46000000,29465543.81652000,59140
2025-02-01,4.81100000,4.87600000,4.32800000,4.37200000,4558228.36000000,21066697.87030000,55166
2025-02-02,4.37200000,4.46500000,3.30000000,3.60100000,22122363.00000000,85075144.60116000,220223
2025-02-03,3.60400000,3.60500000,2.59400000,3.50700000,50873421.55000000,159776124.13342000,454371
2025-02-04,3.50600000,3.52200000,3.11800000,3.33400000,17316104.82000000,56971377.36351000,143658
2025-02-05,3.33500000,3.38500000,3.19100000,3.24200000,8096026.23000000,26799359.32933000,86857
2025-02-06,3.24100000,3.35600000,3.08400000,3.12100000,9132598.18000000,29362437.32876000,88691
2025-02-07,3.12100000,3.38200000,3.07400000,3.18800000,8734086.21000000,28220000.65871000,90704
2025-02-08,3.18700000,3.32700000,3.14800000,3.30600000,4382412.59000000,14117081.60663000,45946
2025-02-09,3.30600000,3.38700000,3.15800000,3.31100000,4864828.39000000,16097785.38753000,54186
2025-02-10,3.31000000,3.47000000,3.19000000,3.42900000,7637172.27000000,25683605.37508000,76475
2025-02-11,3.42900000,3.53700000,3.26700000,3.33900000,5793973.85000000,19849503.36705000,60190
2025-02-12,3.33900000,3.53100000,3.17500000,3.47800000,11480820.00000000,37925734.68104000,94771
2025-02-13,3.47900000,3.51000000,3.34500000,3.40300000,4910942.42000000,16743308.95834000,51836
2025-02-14,3.40300000,3.62800000,3.38700000,3.52700000,5226042.04000000,18290006.55610000,55671
2025-02-15,3.52700000,3.56900000,3.38100000,3.41700000,2691259.97000000,9376547.71575000,35109
2025-02-16,3.41600000,3.48900000,3.36000000,3.39800000,3332457.35000000,11357934.17086000,35675
2025-02-17,3.39900000,3.51400000,3.31300000,3.43600000,5209127.58000000,17784523.18189000,57589
2025-02-18,3.43500000,3.43800000,3.13300000,3.23000000,8524213.78000000,27723518.33175000,84929
2025-02-19,3.23000000,3.34500000,3.19200000,3.32600000,4112678.93000000,13476634.98221000,53670
2025-02-20,3.32700000,3.52700000,3.31500000,3.49500000,5426848.63000000,18712463.41514000,63209
2025-02-21,3.49400000,3.60700000,3.25300000,3.32100000,8689769.95000000,29844111.20866000,90691
2025-02-22,3.32100000,3.45600000,3.30300000,3.43400000,3366903.67000000,11341280.00242000,45040
2025-02-23,3.43500000,3.50700000,3.37400000,3.41300000,3564973.41000000,12255773.91375000,42659
2025-02-24,3.41400000,3.43700000,2.94000000,3.01500000,11385368.23000000,36476989.44397000,114743
2025-02-25,3.01600000,3.18000000,2.80000000,3.14200000,14508667.79000000,43026020.94096000,150800
2025-02-26,3.14200000,3.22200000,3.00700000,3.14900000,8704888.58000000,27272408.93510000,94154
2025-02-27,3.15100000,3.34500000,3.12700000,3.26200000,6630140.74000000,21504821.34299000,73553
2025-02-28,3.26100000,3.32800000,2.99300000,3.24900000,12108506.91000000,38005681.23462000,136480
2025-03-01,3.24900000,3.29900000,3.13600000,3.24300000,3700048.53000000,11939005.35943000,50283
2025-03-02,3.24300000,3.59700000,3.18300000,3.56600000,11622154.12000000,39815665.93189000,145922
2025-03-03,3.56400000,3.58500000,2.99800000,3.07100000,12889520.31000000,42291654.95375000,140446
2025-03-04,3.07100000,3.08600000,2.76700000,3.01600000,16714969.23000000,49284440.90117000,167187
2025-03-05,3.01500000,3.18100000,2.97400000,3.13500000,7654913.97000000,23386985.89867000,66496
2025-03-06,3.13500000,3.20200000,3.04400000,3.08700000,6678078.69000000,20861056.56029000,59490
2025-03-07,3.08600000,3.22600000,2.90800000,3.11700000,11271947.10000000,35002774.48786000,107214
2025-03-08,3.11600000,3.16400000,3.03400000,3.10200000,4125591.24000000,12758419.02493000,50358
2025-03-09,3.10300000,3.12300000,2.73900000,2.78700000,8323817.91000000,24006733.32796000,86994
2025-03-10,2.78800000,2.97400000,2.59200000,2.64300000,10827499.22000000,30047759.02407000,104800
2025-03-11,2.64500000,2.80700000,2.43900000,2.74200000,13947541.48000000,36730477.04237000,127476
2025-03-12,2.74200000,2.87000000,2.67300000,2.78900000,7155147.13000000,19836780.27540000,75255
2025-03-13,2.78800000,2.84000000,2.66400000,2.74800000,5176732.13000000,14247362.08734000,48935
2025-03-14,2.74900000,2.91800000,2.74000000,2.88500000,4890945.02000000,13912292.80120000,41398
2025-03-15,2.88700000,2.98000000,2.85900000,2.94800000,2780437.89000000,8109934.65079000,30510
2025-03-16,2.94900000,2.95500000,2.81400000,2.83400000,3599310.82000000,10322746.76850000,39690
2025-03-17,2.83500000,3.08200000,2.83200000,3.02200000,6652011.93000000,19705590.96920000,64251
2025-03-18,3.02300000,3.03000000,2.82000000,2.92400000,6539567.17000000,18991817.14800000,68634
2025-03-19,2.92400000,3.09600000,2.91900000,3.08700000,5874615.07000000,17555689.38990000,61603
2025-03-20,3.08700000,3.10400000,2.97400000,3.04900000,4501710.54000000,13672672.02556000,45734
2025-03-21,3.04900000,3.07500000,2.87000000,2.91800000,3973327.66000000,11744070.45081000,42549
2025-03-22,2.91800000,3.05700000,2.91300000,2.99000000,3371910.17000000,10101498.74091000,36576
2025-03-23,2.99000000,3.03100000,2.96400000,3.02800000,1981790.16000000,5952396.99295000,29524
2025-03-24,3.02600000,3.20000000,2.99600000,3.12900000,6688993.12000000,20910471.61645000,54088
2025-03-25,3.12900000,3.15800000,3.08900000,3.13100000,3077416.45000000,9621840.19118000,26220
2025-03-26,3.13300000,3.21000000,3.00300000,3.02600000,4660234.64000000,14541032.22329000,38069
2025-03-27,3.02700000,3.11100000,2.95900000,3.02100000,3587142.35000000,10878214.54911000,31884
2025-03-28,3.02100000,3.04700000,2.77900000,2.82800000,5129227.17000000,14804847.21651000,41593
2025-03-29,2.82800000,2.85300000,2.69900000,2.74500000,4316150.43000000,11976019.08423000,34802
2025-03-30,2.74400000,2.79600000,2.70600000,2.75500000,2948397.20000000,8127173.56795000,31519
2025-03-31,2.75600000,2.81300000,2.69900000,2.77800000,4245171.01000000,11714551.55325000,35210
2025-04-01,2.77800000,2.94500000,2.77600000,2.83700000,5539470.83000000,15931526.00684000,44494
2025-04-02,2.83600000,2.90600000,2.64800000,2.70200000,7166989.13000000,20051227.29662000,55181
2025-04-03,2.70100000,2.78300000,2.60500000,2.73000000,4888798.13000000,13163592.28143000,46860
2025-04-04,2.73200000,3.45900000,2.68400000,2.76500000,31660356.88000000,91998479.68291000,250968
2025-04-05,2.76500000,2.77700000,2.65400000,2.69700000,4443286.82000000,12094237.13619000,45364
2025-04-06,2.69800000,2.70900000,2.32500000,2.37600000,8403939.85000000,20950585.65228000,82100
2025-04-07,2.37600000,2.47000000,2.11200000,2.36900000,19424088.79000000,44688063.80927000,152165
2025-04-08,2.36900000,2.42100000,2.24300000,2.26600000,6669528.77000000,15545078.61308000,51099
2025-04-09,2.26500000,2.53600000,2.17500000,2.47400000,8855226.47000000,20911969.88598000,69671
2025-04-10,2.47300000,2.48100000,2.30300000,2.34800000,4840904.19000000,11558268.08961000,37241
2025-04-11,2.34700000,2.47200000,2.33100000,2.45500000,5121727.53000000,12399663.12882000,33555
2025-04-12,2.45500000,2.58800000,2.41800000,2.56100000,5551445.98000000,13940094.74294000,34442
2025-04-13,2.56200000,2.57500000,2.44100000,2.49400000,4548415.97000000,11410002.21854000,36598
2025-04-14,2.49400000,2.60000000,2.48600000,2.53100000,5480317.41000000,13937375.99469000,49925
2025-04-15,2.53200000,2.54000000,2.40200000,2.41600000,3761557.05000000,9319165.77598000,31563
2025-04-16,2.41600000,2.44400000,2.34800000,2.38700000,4571770.07000000,10999753.35669000,36274
2025-04-17,2.38800000,2.42300000,2.32400000,2.38300000,3398168.54000000,8113425.76519000,26892
2025-04-18,2.38300000,2.49200000,2.36600000,2.45400000,2884881.55000000,7062103.88313000,22837
2025-04-19,2.45400000,2.66000000,2.45200000,2.63800000,4407698.28000000,11272530.58796000,34791
2025-04-20,2.63800000,2.68700000,2.56900000,2.64800000,5006302.12000000,13171403.63310000,39972
2025-04-21,2.64800000,2.71700000,2.58300000,2.61100000,4744880.58000000,12630816.96729000,40683
2025-04-22,2.61200000,2.72500000,2.48300000,2.71400000,10405925.17000000,26815245.14660000,83707
2025-04-23,2.71400000,2.81700000,2.67300000,2.78900000,9323017.06000000,25561328.93856000,80122
2025-04-24,2.78900000,2.86100000,2.66000000,2.85800000,6482813.71000000,17962700.79607000,62101
2025-04-25,2.85700000,2.90900000,2.79900000,2.85900000,5336623.17000000,15247836.87583000,58765
2025-04-26,2.85900000,2.92800000,2.80800000,2.86100000,4942726.43000000,14212217.94667000,46991
2025-04-27,2.86200000,2.88800000,2.67000000,2.70600000,6267481.13000000,17199146.25158000,53612
2025-04-28,2.70500000,2.80800000,2.64600000,2.76500000,5324788.31000000,14603242.01586000,55867
2025-04-29,2.76500000,2.83800000,2.70500000,2.74100000,3757986.38000000,10433196.76048000,38541
2025-04-30,2.74100000,2.80900000,2.66900000,2.76800000,3515836.77000000,9664437.60646000,39614
2025-05-01,2.76800000,2.86300000,2.74800000,2.84000000,3872127.10000000,10856327.19662000,42613
2025-05-02,2.83900000,2.90100000,2.75800000,2.80300000,3818073.62000000,10835979.61718000,46413
2025-05-03,2.80200000,2.80600000,2.61000000,2.65000000,4897944.71000000,13202493.81082000,45979
2025-05-04,2.64800000,2.68300000,2.60500000,2.63100000,2220603.30000000,5857616.15760000,24495
2025-05-05,2.63000000,2.68800000,2.56800000,2.61300000,2954570.46000000,7768727.19170000,32220
2025-05-06,2.61300000,2.62900000,2.48300000,2.58700000,4349296.79000000,11166074.97060000,39489
2025-05-07,2.58700000,2.61600000,2.51900000,2.58600000,4470211.10000000,11509290.11547000,34124
2025-05-08,2.58600000,2.95500000,2.58100000,2.93100000,7640211.30000000,21258631.06783000,65733
2025-05-09,2.93000000,3.10500000,2.92300000,3.02200000,9898185.93000000,29702617.98413000,88319
2025-05-10,3.02200000,3.26000000,2.99400000,3.24500000,8376619.18000000,25855742.50527000,78340
2025-05-11,3.24500000,3.31500000,3.07900000,3.14100000,7320539.00000000,23350539.25131000,79385
2025-05-12,3.14200000,3.30000000,2.99100000,3.13900000,9443523.24000000,29950527.31109000,105003
2025-05-13,3.14000000,3.26200000,2.93900000,3.21900000,8780848.06000000,27138266.25899000,82449
2025-05-14,3.21900000,3.29000000,3.02400000,3.05100000,7890424.70000000,24857454.48017000,73484
2025-05-15,3.05100000,3.08200000,2.87800000,2.93600000,7176575.32000000,21253078.51702000,73574
2025-05-16,2.93700000,3.02300000,2.84900000,2.87800000,4942044.08000000,14608777.67253000,49076
2025-05-17,2.87800000,2.89000000,2.73800000,2.78500000,5914655.10000000,16566602.41141000,55051
2025-05-18,2.78500000,2.98600000,2.72400000,2.91100000,6326210.46000000,18115813.01443000,61351
2025-05-19,2.91200000,2.93200000,2.73000000,2.85900000,6449486.93000000,18128307.70311000,59631
2025-05-20,2.86000000,2.92500000,2.76200000,2.86400000,4077957.15000000,11589332.62986000,41848
2025-05-21,2.86400000,3.00200000,2.81400000,2.94400000,6521844.27000000,18872228.48301000,70884
2025-05-22,2.94400000,3.09600000,2.94300000,3.08500000,6308831.19000000,19137099.57106000,56858
2025-05-23,3.08600000,3.15800000,2.82700000,2.84500000,9105060.70000000,27256997.90521000,88734
2025-05-24,2.84500000,2.88800000,2.80300000,2.82300000,3249223.67000000,9283114.09736000,33508
2025-05-25,2.82400000,2.83400000,2.71900000,2.81500000,4577527.73000000,12706489.90129000,43007
2025-05-26,2.81600000,2.86200000,2.75300000,2.79100000,4891716.01000000,13770515.98421000,36385
2025-05-27,2.79100000,2.92200000,2.73400000,2.88300000,4352621.94000000,12454343.46620000,43496
2025-05-28,2.88400000,2.90900000,2.75700000,2.86200000,5550690.82000000,15818030.99235000,53684
2025-05-29,2.86200000,2.94900000,2.74800000,2.76500000,4184631.45000000,11912614.56532000,43921
2025-05-30,2.76400000,2.78200000,2.49000000,2.51200000,13402750.82000000,35151046.35343000,102991
2025-05-31,2.51200000,2.62300000,2.43700000,2.59600000,7827563.81000000,19750058.92602000,66921
2025-06-01,2.59700000,2.59800000,2.50700000,2.57000000,2659743.42000000,6793239.26154000,30746
2025-06-02,2.57000000,2.64900000,2.50900000,2.64300000,3307769.14000000,8495661.40332000,33022
2025-06-03,2.64300000,2.68700000,2.40000000,2.62700000,4088445.62000000,10744377.96423000,34880
2025-06-04,2.62700000,2.67300000,2.54200000,2.56200000,2597918.32000000,6774591.63422000,27429
2025-06-05,2.56200000,2.60200000,2.31900000,2.36700000,8055883.94000000,19711550.52541000,68182
2025-06-06,2.36700000,2.46600000,2.36100000,2.40900000,4744168.92000000,11462323.70099000,42504
2025-06-07,2.41000000,2.52600000,2.39900000,2.50700000,2647937.36000000,6590408.44802000,22843
2025-06-08,2.50800000,2.54400000,2.47000000,2.48700000,4337835.66000000,10862167.44285000,28525
2025-06-09,2.48800000,2.61400000,2.45400000,2.60200000,3979122.47000000,10003628.96172000,32565
2025-06-10,2.60200000,2.74900000,2.56700000,2.73200000,5903510.36000000,15720056.59476000,43835
2025-06-11,2.73100000,2.77000000,2.66400000,2.69200000,4025014.38000000,10927243.46117000,33653
2025-06-12,2.69100000,2.70300000,2.48200000,2.50500000,3814938.72000000,9890053.54830000,35598
2025-06-13,2.50500000,2.50600000,2.33600000,2.46000000,10437876.37000000,24963189.07713000,76961
2025-06-14,2.46100000,2.46100000,2.38200000,2.41900000,2204425.19000000,5346730.24290000,20555
2025-06-15,2.42000000,2.44700000,2.36600000,2.42100000,1876563.20000000,4526064.39118000,16327
2025-06-16,2.42100000,2.57000000,2.39800000,2.46300000,4738248.38000000,11870292.37827000,34220
2025-06-17,2.46300000,2.49700000,2.34100000,2.39300000,4344664.23000000,10501120.19653000,38158
2025-06-18,2.39400000,2.41600000,2.31400000,2.39200000,5202463.28000000,12292073.78434000,43157
2025-06-19,2.39200000,2.41800000,2.31700000,2.34600000,2174935.21000000,5138637.54902000,19343
2025-06-20,2.34600000,2.38600000,2.18300000,2.26100000,5177424.77000000,11798397.65945000,38020
2025-06-21,2.26000000,2.30300000,2.13400000,2.19000000,5306245.38000000,11823022.48011000,41258
2025-06-22,2.18900000,2.22200000,1.96400000,2.06900000,10805208.07000000,22604154.59537000,85373
2025-06-23,2.06900000,2.27100000,2.04900000,2.25500000,7003129.91000000,14987779.95427000,54889
2025-06-24,2.25500000,2.35800000,2.22700000,2.29700000,5893962.34000000,13475792.00069000,53468
2025-06-25,2.29800000,2.31500000,2.23100000,2.25300000,4001940.98000000,9103516.78868000,35986
2025-06-26,2.25300000,2.30300000,2.17600000,2.19700000,3419654.18000000,7644788.53606000,34222
2025-06-27,2.19700000,2.22400000,2.14000000,2.21200000,4508418.50000000,9845098.18931000,34125
2025-06-28,2.21200000,2.28300000,2.18200000,2.26900000,2701918.26000000,6000426.16421000,20038
2025-06-29,2.26900000,2.42000000,2.24700000,2.38700000,3960108.63000000,9133309.28665000,29975
2025-06-30,2.38800000,2.39800000,2.27400000,2.30200000,4394009.53000000,10196425.69537000,34773
2025-07-01,2.30200000,2.31900000,2.18000000,2.20200000,4279636.33000000,9595497.96046000,28986
2025-07-02,2.20200000,2.43600000,2.18100000,2.37000000,7578213.22000000,17680895.78731000,50676
2025-07-03,2.37000000,2.44500000,2.35800000,2.39700000,5879163.15000000,14105387.22068000,39648
2025-07-04,2.39700000,2.40800000,2.22900000,2.26200000,4485103.73000000,10322644.01976000,30615
2025-07-05,2.26200000,2.28000000,2.21100000,2.25300000,3020093.26000000,6792247.46186000,18849
2025-07-06,2.25300000,2.32900000,2.23100000,2.29100000,2545697.65000000,5784552.27532000,20748
2025-07-07,2.29200000,2.32000000,2.24800000,2.28000000,3614540.00000000,8255847.60382000,27713
2025-07-08,2.28000000,2.33200000,2.23900000,2.31200000,3436022.27000000,7834734.95557000,25172
2025-07-09,2.31300000,2.47100000,2.28400000,2.43900000,5595385.36000000,13294013.15636000,39448
2025-07-10,2.43900000,2.60700000,2.42100000,2.58900000,7739678.96000000,19272089.62607000,51393
2025-07-11,2.58900000,2.67900000,2.51100000,2.56200000,10737196.22000000,28060285.53260000,70770
2025-07-12,2.56300000,2.60300000,2.46100000,2.53500000,6143876.85000000,15613786.33709000,49920
2025-07-13,2.53500000,2.62800000,2.51800000,2.55900000,4501541.55000000,11578385.93001000,41400
2025-07-14,2.56000000,2.69000000,2.52300000,2.57500000,8175147.83000000,21431873.01137000,70505
2025-07-15,2.57400000,2.65100000,2.46100000,2.64600000,7977413.69000000,20232253.89917000,76728
2025-07-16,2.64600000,2.73900000,2.59000000,2.65100000,9663657.14000000,25637205.06513000,68802
2025-07-17,2.65200000,2.74600000,2.59200000,2.70800000,8476103.53000000,22638957.34550000,70953
2025-07-18,2.70900000,2.91100000,2.68700000,2.75300000,17245765.72000000,48741493.05974000,112052
2025-07-19,2.75300000,2.83700000,2.66600000,2.80200000,5892135.21000000,16214441.22257000,50685
2025-07-20,2.80200000,3.02500000,2.77200000,2.88700000,14767463.51000000,42893649.51370000,84210
2025-07-21,2.88800000,2.98600000,2.82300000,2.91800000,9777524.18000000,28445900.75752000,68970
2025-07-22,2.91900000,2.94300000,2.75600000,2.93200000,13630838.01000000,38733145.59650000,94676
2025-07-23,2.93300000,2.94100000,2.55300000,2.64100000,11951899.40000000,32583262.09422000,94559
2025-07-24,2.64200000,2.68500000,2.47400000,2.58300000,9705750.66000000,25155306.20945000,66331
2025-07-25,2.58400000,2.65100000,2.50100000,2.65000000,8251768.29000000,21203219.29127000,53820
2025-07-26,2.65000000,2.70200000,2.62300000,2.66400000,3606776.92000000,9589712.05332000,22430
2025-07-27,2.66400000,2.76400000,2.65600000,2.75800000,4134289.22000000,11187678.99498000,26416
2025-07-28,2.75900000,2.81000000,2.57800000,2.60700000,6384184.57000000,17360286.57505000,47197
2025-07-29,2.60800000,2.67200000,2.51500000,2.57000000,5852635.94000000,15165482.04483000,40779
2025-07-30,2.57100000,2.58700000,2.36100000,2.49200000,9305473.78000000,23056847.55214000,58869
2025-07-31,2.49200000,2.54900000,2.38400000,2.39200000,6711364.99000000,16595073.36352000,38899
2025-08-01,2.39100000,2.39800000,2.21800000,2.29600000,12907211.86000000,30029121.61669000,91256
2025-08-02,2.29600000,2.33500000,2.22400000,2.27200000,6038623.09000000,13791903.19344000,41381
2025-08-03,2.27300000,2.35500000,2.23600000,2.34400000,2829914.81000000,6546870.98450000,19281
2025-08-04,2.34300000,2.43900000,2.34000000,2.42500000,3362479.59000000,8018196.73529000,23590
2025-08-05,2.42700000,2.43200000,2.28200000,2.33300000,3886994.71000000,9178739.36291000,36377
2025-08-06,2.33300000,2.39500000,2.28000000,2.37800000,3516879.40000000,8232539.67496000,28091
2025-08-07,2.37800000,2.49000000,2.36900000,2.48900000,6481705.51000000,15671697.45342000,42867
2025-08-08,2.48900000,2.55700000,2.43800000,2.54500000,7565625.37000000,18869159.62577000,60568
2025-08-09,2.54600000,2.66400000,2.53800000,2.63100000,6203423.74000000,16218002.74716000,40980
2025-08-10,2.63100000,2.66100000,2.53800000,2.62200000,6076432.41000000,15821216.61462000,44460
2025-08-11,2.62300000,2.68300000,2.44900000,2.47000000,8818332.58000000,22626155.93083000,58108
2025-08-12,2.46900000,2.66200000,2.44600000,2.63100000,7340805.84000000,18650044.27449000,48523
2025-08-13,2.63000000,2.76100000,2.60100000,2.73300000,9842984.09000000,26416460.42409000,61188
2025-08-14,2.73300000,2.75800000,2.45200000,2.50500000,12066415.52000000,31299670.36175000,85513
2025-08-15,2.50500000,2.55500000,2.40300000,2.46600000,6648161.14000000,16444373.93818000,46874
2025-08-16,2.46400000,2.53900000,2.46100000,2.53200000,3299738.22000000,8241574.12136000,22338
2025-08-17,2.53200000,2.63000000,2.51300000,2.55900000,4144822.10000000,10644643.95069000,27392
2025-08-18,2.55700000,2.56200000,2.41900000,2.46800000,5656148.65000000,13994242.58824000,39531
2025-08-19,2.46900000,2.49900000,2.35000000,2.35900000,5905980.22000000,14224749.77445000,44647
2025-08-20,2.35900000,2.45100000,2.31500000,2.43500000,5593001.44000000,13366019.33210000,37002
2025-08-21,2.43500000,2.46300000,2.37300000,2.39200000,3153096.47000000,7599915.78440000,24791
2025-08-22,2.39300000,2.61300000,2.30400000,2.57700000,13158698.28000000,32390604.38612000,83531
2025-08-23,2.57800000,2.58400000,2.48500000,2.52500000,6574181.26000000,16632032.46290000,43275
2025-08-24,2.52600000,2.54800000,2.38700000,2.42500000,14858048.34000000,36354359.17509000,86562
2025-08-25,2.42500000,2.44600000,2.13600000,2.18500000,18200205.74000000,41375713.80785000,94074
2025-08-26,2.18500000,2.35800000,2.17200000,2.32400000,7372294.56000000,16811602.06774000,46495
2025-08-27,2.32400000,2.35200000,2.28800000,2.30800000,5943786.67000000,13790722.58945000,42382
2025-08-28,2.30800000,2.40200000,2.28700000,2.38300000,5997612.47000000,14098765.81268000,32675
2025-08-29,2.38300000,2.39900000,2.22800000,2.27000000,8201923.00000000,18835147.11425000,46599
2025-08-30,2.27000000,2.30600000,2.23100000,2.29100000,3574730.03000000,8139233.10890000,19650
2025-08-31,2.29000000,2.34200000,2.26600000,2.27000000,3432447.58000000,7920694.53445000,18465
2025-09-01,2.27000000,2.51700000,2.21800000,2.28700000,26695278.83000000,63351355.69011000,126220
2025-09-02,2.28700000,2.30400000,2.21700000,2.27000000,8063698.66000000,18262648.38422000,47936
2025-09-03,2.27100000,2.35900000,2.25500000,2.32900000,5309605.51000000,12204203.15152000,28557
2025-09-04,2.33000000,2.33500000,2.23200000,2.26400000,5320253.07000000,12080592.78368000,28960
2025-09-05,2.26300000,2.38200000,2.26300000,2.34500000,8096925.83000000,18838969.94525000,52709
2025-09-06,2.34500000,2.35500000,2.30100000,2.32700000,3144176.03000000,7303941.31559000,20010
2025-09-07,2.32600000,2.43300000,2.32400000,2.39400000,6611016.74000000,15762494.38565000,35579
2025-09-08,2.39400000,2.46700000,2.38000000,2.43900000,7396636.84000000,17952662.08235000,40999
2025-09-09,2.43900000,2.50400000,2.40900000,2.45100000,7270694.01000000,17882333.80796000,47302
2025-09-10,2.45200000,2.51000000,2.43300000,2.49200000,6087287.66000000,15060810.54685000,36473
2025-09-11,2.49100000,2.54200000,2.46400000,2.53600000,5429239.81000000,13603800.03133000,38213
2025-09-12,2.53600000,2.57400000,2.47100000,2.56100000,4996923.50000000,12638489.36000000,33086
2025-09-13,2.56100000,2.65000000,2.54400000,2.62000000,7000404.82000000,18198279.97699000,50520
2025-09-14,2.62000000,2.62400000,2.47400000,2.51500000,6097523.67000000,15499897.87324000,43030
2025-09-15,2.51500000,2.55500000,2.37000000,2.41200000,7928258.78000000,19402115.45631000,66939
2025-09-16,2.41200000,2.66000000,2.37300000,2.55600000,9770703.59000000,24791631.31277000,93353
2025-09-17,2.55600000,2.58800000,2.45700000,2.56900000,8587139.83000000,21663803.36448000,88737
2025-09-18,2.57000000,2.58900000,2.52900000,2.57700000,5926238.88000000,15182363.09154000,63946
2025-09-19,2.57800000,2.61300000,2.42600000,2.44700000,6744952.28000000,17079112.17148000,65117
2025-09-20,2.44700000,2.47900000,2.42800000,2.44400000,3512902.34000000,8620904.74015000,33820
2025-09-21,2.44400000,2.47500000,2.39200000,2.39600000,3434514.17000000,8356848.71764000,33646
2025-09-22,2.39600000,2.41000000,2.16800000,2.26000000,11934364.71000000,27152939.86008000,104747
2025-09-23,2.25900000,2.28700000,2.21300000,2.23800000,4306239.82000000,9719501.73761000,42636
2025-09-24,2.23700000,2.29600000,2.19400000,2.22700000,5642578.18000000,12685178.36902000,49182
2025-09-25,2.22700000,2.23900000,2.08500000,2.12000000,9186386.76000000,19921451.21420000,79837
2025-09-26,2.12000000,2.20200000,2.09600000,2.19600000,5215648.99000000,11171034.39756000,44851
2025-09-27,2.19600000,2.21100000,2.16500000,2.19000000,2383910.16000000,5214041.25330000,21678
2025-09-28,2.19000000,2.22100000,2.12400000,2.21500000,4067291.56000000,8796210.92153000,30881
2025-09-29,2.21500000,2.23300000,2.14600000,2.21000000,3350003.97000000,7342899.92436000,27641
2025-09-30,2.21000000,2.21200000,2.13000000,2.18800000,4128659.67000000,8973043.88990000,37287
2025-10-01,2.18800000,2.30200000,2.16400000,2.29600000,6347497.13000000,14249233.32000000,50209
2025-10-02,2.29700000,2.39900000,2.29000000,2.38500000,6236741.27000000,14626465.50704000,44885
2025-10-03,2.38500000,2.43200000,2.31400000,2.39100000,7828573.99000000,18521759.24829000,58631
2025-10-04,2.39000000,2.40500000,2.26900000,2.31500000,4617234.51000000,10746196.38016000,38801
2025-10-05,2.31500000,2.41700000,2.29600000,2.33100000,6344094.74000000,14946337.81855000,44913
2025-10-06,2.33100000,2.43100000,2.31000000,2.40700000,6030189.00000000,14386990.22675000,47855
2025-10-07,2.40600000,2.41500000,2.27100000,2.28000000,9316952.78000000,21775899.43004000,58427
2025-10-08,2.28000000,2.41800000,2.24800000,2.36500000,7294668.69000000,16947306.84929000,50381
2025-10-09,2.36500000,2.36800000,2.22000000,2.29800000,7013235.22000000,15971085.24664000,53437
2025-10-10,2.29700000,2.59600000,0.32000000,1.68500000,72607156.78000000,123306318.65214000,478215
2025-10-11,1.68500000,1.75400000,1.49400000,1.56300000,59380619.43000000,98730150.20883000,267930
2025-10-12,1.56400000,1.69600000,1.49400000,1.65900000,20116113.14000000,32208914.08811000,116055
2025-10-13,1.65900000,1.74000000,1.59500000,1.73000000,25334615.66000000,42119629.06754000,121033
2025-10-14,1.73100000,1.73900000,1.55600000,1.67500000,19811559.09000000,32473125.51019000,99364
2025-10-15,1.67400000,1.71300000,1.57700000,1.60400000,12404169.91000000,20477138.68030000,72803
2025-10-16,1.60300000,1.61700000,1.46200000,1.49300000,14382516.98000000,22334626.71192000,85685
2025-10-17,1.49300000,1.51600000,1.37600000,1.46500000,14855859.68000000,21488420.71996000,96987
2025-10-18,1.46500000,1.51100000,1.46200000,1.49500000,5637777.22000000,8412513.39497000,42120
2025-10-19,1.49500000,1.55600000,1.47000000,1.53200000,6971579.82000000,10573649.42167000,55670
2025-10-20,1.53300000,1.62900000,1.50100000,1.58000000,8560087.59000000,13540597.74461000,68709
2025-10-21,1.58000000,1.65300000,1.51700000,1.56100000,13478631.49000000,21291178.13188000,97959
2025-10-22,1.56100000,1.57600000,1.46000000,1.51900000,9340536.25000000,14298594.61320000,72335
2025-10-23,1.51900000,1.57900000,1.51700000,1.55600000,6683945.20000000,10345280.19525000,44064
2025-10-24,1.55700000,1.59700000,1.53200000,1.56900000,6749595.18000000,10534441.51170000,49002
2025-10-25,1.56900000,1.57900000,1.54100000,1.56000000,4054360.29000000,6323893.83672000,29594
2025-10-26,1.56100000,1.67400000,1.54400000,1.65300000,6568545.16000000,10651372.55419000,48638
2025-10-27,1.65200000,1.68600000,1.60200000,1.64000000,10991196.50000000,18091981.86968000,79606
2025-10-28,1.64000000,1.65200000,1.53200000,1.55800000,11395504.46000000,18306279.19431000,79135
2025-10-29,1.55700000,1.64400000,1.54000000,1.58400000,13070562.77000000,20842078.89286000,103893
2025-10-30,1.58400000,1.61000000,1.39700000,1.46300000,14680297.95000000,21931527.78323000,129794
2025-10-31,1.46400000,1.52900000,1.45600000,1.51500000,9420085.64000000,14108757.58894000,65624
2025-11-01,1.51600000,1.71600000,1.50700000,1.67200000,23850192.05000000,39210907.44077000,135486
2025-11-02,1.67200000,1.79600000,1.61100000,1.66600000,22392721.57000000,37972946.15133000,131435
2025-11-03,1.66700000,1.66800000,1.40400000,1.44300000,22831820.81000000,34694125.82648000,156361
2025-11-04,1.44300000,1.55800000,1.27000000,1.36700000,33629108.70000000,47865351.97219000,209371
2025-11-05,1.36800000,1.41700000,1.29700000,1.39700000,15809437.02000000,21735187.16936000,86080
2025-11-06,1.39600000,1.95000000,1.32400000,1.89300000,67978526.71000000,112119256.62298000,653222
2025-11-07,1.89400000,3.97300000,1.86600000,3.39200000,172174416.28000000,466481618.95175000,2301337
2025-11-08,3.39200000,3.66500000,2.72800000,2.95800000,124528659.93000000,393105740.94171000,1757938
2025-11-09,2.95700000,2.99800000,2.49400000,2.78200000,67508910.99000000,181995093.16689000,989204
2025-11-10,2.78200000,2.92600000,2.46400000,2.55500000,39124655.94000000,102989939.70757000,487453
2025-11-11,2.55500000,2.68000000,2.19700000,2.22800000,41927444.57000000,100895450.27362000,388453
2025-11-12,2.22900000,2.36200000,2.08200000,2.19700000,27639468.61000000,61719556.24705000,195157
2025-11-13,2.19700000,2.23600000,1.99400000,2.06800000,18338612.61000000,38848997.45686000,140763
2025-11-14,2.06800000,2.17200000,1.93100000,1.99700000,27973429.87000000,57769235.91315000,267420
2025-11-15,1.99800000,2.20000000,1.97500000,2.03500000,26105461.58000000,54529850.92808000,240034
2025-11-16,2.03500000,2.13700000,1.84600000,1.96000000,22318159.44000000,44429444.57365000,192746
2025-11-17,1.95900000,2.17200000,1.91900000,2.02000000,35917642.03000000,73423129.69738000,350120
2025-11-18,2.02100000,2.21000000,1.89700000,1.98600000,43123884.42000000,87514378.38169000,401625
2025-11-19,1.98700000,2.02500000,1.76000000,1.88000000,23980282.84000000,44819898.08920000,183817
2025-11-20,1.88000000,1.90400000,1.75400000,1.82000000,15740982.21000000,28945515.88209000,129450
2025-11-21,1.82000000,1.86700000,1.54100000,1.66000000,27099040.89000000,45429167.15380000,163899
2025-11-22,1.66000000,1.66900000,1.56900000,1.61500000,9260175.40000000,14975040.85271000,52784
2025-11-23,1.61500000,1.68500000,1.60200000,1.61100000,7839433.95000000,12907572.20399000,48900
2025-11-24,1.61100000,1.68100000,1.58800000,1.64200000,11572577.65000000,18942006.96331000,68757
2025-11-25,1.64200000,1.74000000,1.56700000,1.67200000,14582601.74000000,24036157.20412000,85136
2025-11-26,1.67200000,1.70200000,1.59900000,1.67600000,8900774.98000000,14724631.59560000,64661
2025-11-27,1.67500000,1.70100000,1.61200000,1.61800000,7146057.57000000,11849608.71766000,48131
2025-11-28,1.61800000,1.67600000,1.58500000,1.61800000,7944094.16000000,12899824.55253000,60016
2025-11-29,1.61800000,1.63900000,1.57400000,1.60500000,4965984.90000000,7981269.57497000,39697
2025-11-30,1.60400000,1.64200000,1.55800000,1.57100000,6177321.90000000,9950452.52485000,52675
2025-12-01,1.57100000,1.57500000,1.42900000,1.48100000,14566539.79000000,21501317.23425000,101651
2025-12-02,1.48100000,1.57800000,1.45400000,1.53100000,9330204.57000000,14134905.84679000,66748
2025-12-03,1.53100000,1.62200000,1.52400000,1.59600000,9779324.55000000,15373896.71186000,76177
2025-12-04,1.59700000,1.61500000,1.51400000,1.54500000,6439724.34000000,10161994.56034000,48033
2025-12-05,1.54500000,1.57700000,1.44000000,1.48700000,7900931.13000000,11900991.35007000,61673
2025-12-06,1.48600000,1.50000000,1.46800000,1.49200000,3245792.20000000,4810338.85162000,26399
2025-12-07,1.49200000,1.50800000,1.41800000,1.45500000,6714179.19000000,9826876.48168000,49638
2025-12-08,1.45500000,1.52900000,1.44800000,1.50400000,5695703.55000000,8545100.60870000,47285
2025-12-09,1.50300000,1.59500000,1.46500000,1.54500000,8805478.29000000,13416581.06081000,66651
2025-12-10,1.54400000,1.55400000,1.45900000,1.46800000,9368422.33000000,14071718.44351000,78425
2025-12-11,1.46700000,1.47000000,1.35100000,1.37900000,15342717.49000000,21256999.95192000,105431
2025-12-12,1.37900000,1.41400000,1.30100000,1.34500000,11148578.29000000,15129725.80939000,63289
2025-12-13,1.34600000,1.35300000,1.32900000,1.35000000,4431285.57000000,5957264.83537000,25093
2025-12-14,1.35000000,1.35900000,1.29600000,1.31500000,6468336.85000000,8531938.46650000,37604
2025-12-15,1.31600000,1.34900000,1.22400000,1.26400000,11706207.61000000,15067195.61401000,71460
2025-12-16,1.26500000,1.29300000,1.23800000,1.28900000,9303542.00000000,11802812.83140000,58757
2025-12-17,1.28900000,1.32200000,1.20700000,1.22500000,14516654.09000000,18406566.59807000,91412
2025-12-18,1.22500000,1.26700000,1.16100000,1.18800000,13998950.16000000,16992184.91559000,90372
2025-12-19,1.18800000,1.35900000,1.17900000,1.30800000,10578155.63000000,13493152.56527000,66965
2025-12-20,1.30800000,1.38900000,1.29400000,1.37400000,6830489.34000000,9041788.21124000,33646
2025-12-21,1.37400000,1.38000000,1.25800000,1.27800000,7198390.78000000,9412253.13203000,46558
2025-12-22,1.27900000,1.33200000,1.27100000,1.29900000,9769037.78000000,12740800.88417000,57756
2025-12-23,1.29800000,1.35300000,1.27000000,1.31000000,7983720.39000000,10446230.14371000,54159
2025-12-24,1.31000000,1.31800000,1.26400000,1.27100000,7126064.54000000,9116075.58933000,58885
2025-12-25,1.27100000,1.29800000,1.20000000,1.21500000,8442166.35000000,10661960.67766000,69432
2025-12-26,1.21400000,1.26000000,1.20700000,1.22700000,11115365.67000000,13755403.03588000,74021
2025-12-27,1.22700000,1.33200000,1.22300000,1.31600000,13933452.86000000,17642287.18656000,66448
2025-12-28,1.31700000,1.37900000,1.29900000,1.33500000,14163303.82000000,18979493.07080000,105878
2025-12-29,1.33500000,1.37700000,1.31200000,1.31800000,14087624.67000000,19002532.19625000,100184
2025-12-30,1.31800000,1.34200000,1.28700000,1.32200000,7708187.95000000,10159178.06163000,59790
2025-12-31,1.32300000,1.35300000,1.25900000,1.29800000,7907167.08000000,10363569.97539000,67552
2026-01-01,1.29800000,1.55400000,1.27800000,1.48300000,24371122.89000000,35709887.73506000,195362
2026-01-02,1.48400000,1.50600000,1.41800000,1.50400000,14786622.61000000,21578727.88406000,105439
2026-01-03,1.50400000,1.57700000,1.45500000,1.49400000,12248123.89000000,18438437.41196000,97601
2026-01-04,1.49400000,1.52500000,1.46600000,1.49400000,10504276.12000000,15725631.85897000,75044
2026-01-05,1.49400000,1.68900000,1.46100000,1.56900000,25397935.35000000,39790248.60143000,170016
2026-01-06,1.57000000,1.61200000,1.52000000,1.59300000,15344350.83000000,24129620.58600000,115187
2026-01-07,1.59200000,1.60600000,1.49600000,1.51900000,14036055.27000000,21756682.41717000,106903
2026-01-08,1.51900000,1.52900000,1.45200000,1.49700000,9169912.36000000,13650707.05662000,75164
2026-01-09,1.49700000,1.53400000,1.47500000,1.48800000,9499423.20000000,14248678.97859000,73792
2026-01-10,1.48800000,1.51000000,1.46100000,1.48200000,5833118.97000000,8677967.85984000,40813
2026-01-11,1.48100000,1.51500000,1.43000000,1.45700000,6484878.66000000,9605773.99912000,53363
2026-01-12,1.45800000,1.50900000,1.43500000,1.46100000,8314212.39000000,12254590.75648000,78133
2026-01-13,1.46100000,1.59800000,1.45700000,1.57600000,15903885.40000000,24411911.53372000,124228
2026-01-14,1.57600000,1.64800000,1.55400000,1.59200000,20266800.62000000,32238184.92256000,124283
2026-01-15,1.59100000,1.68500000,1.46100000,1.50400000,22002850.75000000,34570553.19588000,157768
2026-01-16,1.50400000,1.56900000,1.47600000,1.52000000,10728755.73000000,16304304.70318000,80566
2026-01-17,1.52100000,1.59600000,1.50000000,1.55100000,9451036.04000000,14652830.33564000,74451
2026-01-18,1.55100000,1.57300000,1.44700000,1.45000000,10204932.26000000,15573063.38614000,84793
2026-01-19,1.45000000,1.45000000,1.25600000,1.38400000,22072064.19000000,30168041.36932000,134159
2026-01-20,1.38400000,1.38800000,1.28900000,1.31200000,13895006.69000000,18630269.08719000,91528
2026-01-21,1.31100000,1.37700000,1.29900000,1.34800000,10767145.22000000,14437694.40286000,80363
2026-01-22,1.34900000,1.36100000,1.30500000,1.31900000,5967908.37000000,7962345.01082000,49157
2026-01-23,1.31800000,1.36900000,1.29500000,1.31300000,11841256.30000000,15688817.03556000,74485
2026-01-24,1.31300000,1.32400000,1.29700000,1.31500000,4456277.01000000,5848758.05672000,31103
2026-01-25,1.31500000,1.33000000,1.21200000,1.25100000,12597195.16000000,15988957.89643000,79346
2026-01-26,1.25100000,1.29100000,1.24600000,1.26900000,7744192.39000000,9818334.88622000,57025
2026-01-27,1.26900000,1.29400000,1.24500000,1.27200000,8573763.10000000,10880381.29658000,56163
2026-01-28,1.27200000,1.29100000,1.25500000,1.28000000,7262760.83000000,9239729.15391000,50065
2026-01-29,1.28000000,1.28400000,1.15800000,1.19400000,16788094.91000000,20227998.30756000,90264
2026-01-30,1.19400000,1.20000000,1.13100000,1.17600000,16935652.31000000,19766277.20462000,92329
2026-01-31,1.17600000,1.17800000,0.94500000,1.05200000,34721575.27000000,36569617.78278000,174155
2026-02-01,1.05100000,1.07700000,1.01200000,1.03500000,15762579.43000000,16561276.29871000,94457
2026-02-02,1.03600000,1.09400000,1.00400000,1.08300000,17110549.82000000,17970177.98701000,117176
2026-02-03,1.08300000,1.11300000,1.01700000,1.06800000,14538434.33000000,15626328.07802000,99610
2026-02-04,1.06700000,1.10100000,1.02800000,1.05000000,14062448.15000000,14954624.32294000,90971
2026-02-05,1.05000000,1.06300000,0.87300000,0.88300000,41122536.72000000,39347337.20234000,197940
2026-02-06,0.88300000,0.98900000,0.77500000,0.97700000,44805098.65000000,39721072.19528000,199643
2026-02-07,0.97700000,1.00000000,0.94400000,0.97600000,21856451.86000000,21408886.29568000,91671
2026-02-08,0.97600000,0.98200000,0.92000000,0.93400000,9565135.68000000,9131738.86179000,52548
2026-02-09,0.93400000,0.94800000,0.89300000,0.93800000,12061474.40000000,11142983.26871000,65607
2026-02-10,0.93900000,0.94400000,0.87900000,0.90200000,9808091.37000000,8948879.46576000,49620
2026-02-11,0.90100000,0.90500000,0.85300000,0.87900000,14519570.98000000,12782092.95371000,74046
2026-02-12,0.87900000,0.93300000,0.87900000,0.91400000,10275522.54000000,9301390.72837000,62019
2026-02-13,0.91300000,0.96900000,0.88600000,0.95800000,11674844.09000000,10804835.75942000,59836
2026-02-14,0.95900000,1.03200000,0.94800000,1.01500000,12290354.25000000,12198964.80016000,59082
2026-02-15,1.01600000,1.02900000,0.94500000,0.96300000,13930732.52000000,13726175.59285000,70670
2026-02-16,0.96300000,0.99200000,0.94800000,0.97800000,7487921.83000000,7240879.74003000,52554
2026-02-17,0.97900000,0.98200000,0.93900000,0.96000000,5598863.76000000,5401773.39364000,45805
2026-02-18,0.96000000,0.97200000,0.91700000,0.92700000,6151252.96000000,5824987.63329000,41453
2026-02-19,0.92800000,0.94100000,0.89400000,0.91500000,6928627.03000000,6345895.80093000,43059
2026-02-20,0.91600000,0.96400000,0.89900000,0.95800000,9900284.14000000,9224411.46990000,63660
2026-02-21,0.95700000,1.02100000,0.94800000,0.97000000,8665989.04000000,8558341.60146000,55594
2026-02-22,0.97000000,0.97000000,0.91800000,0.93000000,6151617.21000000,5798085.40843000,35971
2026-02-23,0.93000000,0.93100000,0.87400000,0.89100000,12166782.11000000,10868942.91113000,63872
2026-02-24,0.89100000,0.90200000,0.86300000,0.88000000,9610894.08000000,8459114.80975000,45119
2026-02-25,0.88000000,1.10800000,0.87800000,1.06200000,37485114.33000000,38630532.53040000,158037
2026-02-26,1.06300000,1.06500000,0.97800000,1.02600000,18976824.86000000,19317878.22291000,85060
2026-02-27,1.02600000,1.04500000,0.97000000,0.99400000,10892960.53000000,10998733.97742000,58317
2026-02-28,0.99400000,1.01300000,0.92200000,1.00500000,14326845.38000000,13699812.67116000,68716
2026-03-01,1.00500000,1.03300000,0.94200000,0.96400000,12821592.93000000,12617034.83203000,63908
2026-03-02,0.96500000,1.02900000,0.96300000,0.98700000,13175544.12000000,13135135.13081000,69051
2026-03-03,0.98800000,1.01300000,0.97100000,1.00000000,9311137.17000000,9224634.09126000,56029
2026-03-04,1.00100000,1.03700000,0.99200000,1.02500000,12223345.93000000,12453683.61655000,62372
2026-03-05,1.02500000,1.04300000,0.99400000,1.01100000,8744172.47000000,8928606.47702000,51244
2026-03-06,1.01100000,1.02300000,0.96400000,0.97800000,7957177.63000000,7950723.63563000,51953
2026-03-07,0.97800000,0.98400000,0.94500000,0.95200000,3713297.91000000,3577974.66888000,20230
2026-03-08,0.95200000,0.95700000,0.92000000,0.93400000,6134005.47000000,5755600.97952000,35400
2026-03-09,0.93400000,0.98000000,0.93100000,0.93900000,10206684.05000000,9673187.24866000,71577
2026-03-10,0.93900000,0.95600000,0.85300000,0.86600000,22034219.94000000,19770879.64483000,98257
2026-03-11,0.86600000,0.91400000,0.84700000,0.87800000,20260219.78000000,17812140.00081000,70540
2026-03-12,0.87800000,0.88100000,0.85000000,0.87700000,12897177.26000000,11178262.44550000,43947
2026-03-13,0.87800000,0.90600000,0.86100000,0.86900000,14133515.79000000,12544751.17936000,50128
2026-03-14,0.86800000,0.91400000,0.86100000,0.88300000,9406079.43000000,8308904.48777000,34463
2026-03-15,0.88200000,0.90300000,0.86800000,0.89500000,6672251.55000000,5917169.17040000,28957
2026-03-16,0.89500000,1.01500000,0.88800000,0.99000000,23636257.01000000,22482253.62755000,90474
2026-03-17,0.99000000,0.99300000,0.95300000,0.96900000,10741632.39000000,10434676.94077000,46671
2026-03-18,0.96900000,0.98700000,0.90300000,0.92500000,9961710.96000000,9366503.09944000,49606
2026-03-19,0.92500000,0.93800000,0.87700000,0.89500000,7294144.35000000,6581896.56705000,33642
2026-03-20,0.89500000,0.91600000,0.89100000,0.90200000,6287839.56000000,5667900.90311000,29382
2026-03-21,0.90100000,0.97600000,0.87000000,0.88200000,15466472.19000000,14363666.20111000,55216
2026-03-22,0.88100000,0.89200000,0.83900000,0.84800000,11236568.43000000,9800569.18869000,43499
2026-03-23,0.84900000,0.94300000,0.83800000,0.92300000,19139571.41000000,17042775.22932000,76428
2026-03-24,0.92300000,0.94900000,0.90200000,0.92300000,13438011.03000000,12405058.14651000,58278
2026-03-25,0.92400000,0.93900000,0.91100000,0.92800000,7022448.52000000,6507687.37060000,38080
2026-03-26,0.92800000,0.93200000,0.86200000,0.86900000,9408166.65000000,8369972.51555000,37317
2026-03-27,0.86900000,0.88000000,0.83100000,0.83900000,10127815.70000000,8603261.17231000,43985
2026-03-28,0.83900000,0.84200000,0.79300000,0.80100000,9155947.94000000,7493811.71593000,33799
2026-03-29,0.80000000,0.81800000,0.77500000,0.80200000,7153604.25000000,5734012.52979000,24205
2026-03-30,0.80100000,0.86300000,0.80000000,0.81600000,8571077.45000000,7142482.47291000,39730
2026-03-31,0.81600000,0.84400000,0.81200000,0.83200000,6325645.62000000,5241442.79160000,29931
2026-04-01,0.83200000,0.85800000,0.82200000,0.83700000,5515004.54000000,4646657.81842000,23505
2026-04-02,0.83800000,0.84500000,0.79900000,0.81700000,7115042.40000000,5799903.09102000,31890
2026-04-03,0.81700000,0.85500000,0.81700000,0.83500000,6461293.20000000,5412039.19257000,22104
2026-04-04,0.83500000,0.85500000,0.83300000,0.83900000,3367919.92000000,2832222.75571000,13047
2026-04-05,0.83900000,0.85500000,0.81200000,0.84500000,5477063.88000000,4555951.42532000,22407
2026-04-06,0.84500000,0.90800000,0.84100000,0.85800000,11728696.77000000,10286137.25015000,44860
2026-04-07,0.85800000,0.92900000,0.84200000,0.91600000,8795395.36000000,7706329.59181000,40215
2026-04-08,0.91600000,0.92300000,0.88100000,0.88400000,7256205.88000000,6560306.98767000,32049
2026-04-09,0.88400000,0.92600000,0.87200000,0.90500000,5388345.43000000,4814435.01582000,29075
2026-04-10,0.90400000,0.91800000,0.89400000,0.91500000,5570794.94000000,5055362.22137000,24937
2026-04-11,0.91500000,0.92400000,0.88700000,0.90000000,5640774.81000000,5098741.85611000,24446
2026-04-12,0.90000000,0.90000000,0.85300000,0.85800000,6341864.46000000,5511643.72179000,25567
2026-04-13,0.85800000,0.92800000,0.85600000,0.91900000,7680726.01000000,6823912.17583000,32387
2026-04-14,0.91900000,0.92000000,0.87700000,0.88400000,7798940.89000000,7014819.08901000,28977
2026-04-15,0.88400000,0.92300000,0.88400000,0.91700000,6523236.58000000,5903869.69986000,25839
2026-04-16,0.91800000,1.02100000,0.90900000,0.99800000,18882426.06000000,18518020.88437000,78897
2026-04-17,0.99800000,1.01400000,0.97100000,0.98300000,13967941.01000000,13902022.80023000,50900
2026-04-18,0.98200000,0.99500000,0.93900000,0.94200000,8128705.96000000,7839552.45562000,34131
2026-04-19,0.94200000,0.94400000,0.89900000,0.90700000,8152822.04000000,7534730.12074000,38061
2026-04-20,0.90800000,0.93600000,0.90600000,0.92300000,5387114.37000000,4970395.00680000,27698
2026-04-21,0.92300000,0.93800000,0.90700000,0.92700000,4763246.12000000,4400614.41703000,22898
2026-04-22,0.92700000,0.96300000,0.92400000,0.92700000,5411654.69000000,5119982.79511000,25591
2026-04-23,0.92800000,0.93600000,0.90400000,0.93000000,4816056.14000000,4439818.60495000,25088
2026-04-24,0.93000000,0.95400000,0.92100000,0.94100000,4200721.05000000,3941886.71085000,21653
2026-04-25,0.94100000,0.95700000,0.92900000,0.93800000,4202697.24000000,3974786.26965000,18502
2026-04-26,0.93700000,0.95700000,0.93200000,0.94300000,3579619.93000000,3385479.39124000,17848
2026-04-27,0.94300000,0.95800000,0.89900000,0.92300000,5444028.14000000,5035879.83221000,26591
2026-04-28,0.92200000,0.93200000,0.90700000,0.91900000,3613619.48000000,3320706.12636000,17628
2026-04-29,0.91800000,0.99100000,0.87200000,0.91600000,12634945.31000000,11770841.85124000,61330
2026-04-30,0.91600000,0.93800000,0.90900000,0.92200000,4714979.67000000,4352898.94625000,25224
2026-05-01,0.92200000,0.93900000,0.91300000,0.91900000,3804362.42000000,3524016.84663000,18610
2026-05-02,0.91900000,0.94100000,0.91300000,0.93200000,3335257.25000000,3081696.88925000,15723
2026-05-03,0.93300000,0.93700000,0.91500000,0.92400000,2874600.06000000,2657393.24689000,16032
2026-05-04,0.92300000,0.97500000,0.91400000,0.93500000,9058988.07000000,8564095.92730000,51962
2026-05-05,0.93500000,0.99900000,0.93200000,0.97400000,6995807.28000000,6729473.67829000,40774
2026-05-06,0.97400000,1.16100000,0.97200000,1.11500000,77712447.87000000,84354008.13581000,318964
2026-05-07,1.11500000,1.12600000,1.04700000,1.09800000,27766602.05000000,30185290.55037000,145407
2026-05-08,1.09900000,1.32400000,1.07200000,1.28700000,46941982.81000000,55276223.29264000,238227
2026-05-09,1.28600000,1.32000000,1.19200000,1.20000000,21030615.62000000,26369842.71076000,123485
2026-05-10,1.20000000,1.20800000,1.10600000,1.14700000,14258622.63000000,16594620.34840000,79333
2026-05-11,1.14800000,1.16000000,1.12000000,1.12800000,9050709.59000000,10268223.84241000,52029
2026-05-12,1.12700000,1.13200000,1.06900000,1.09200000,9088919.30000000,9982428.02150000,48334
2026-05-13,1.09200000,1.11500000,1.03000000,1.04700000,8057234.81000000,8653141.06376000,40404
2026-05-14,1.04700000,1.06800000,1.02600000,1.05400000,7718952.38000000,8103220.71345000,33994
2026-05-15,1.05400000,1.06700000,0.97900000,1.01100000,9724026.97000000,9911997.13433000,45870
2026-05-16,1.01000000,1.02300000,0.94800000,0.97200000,7371308.90000000,7226318.49131000,32459
2026-05-17,0.97200000,0.98200000,0.90800000,0.94200000,5207686.61000000,4953041.27928000,23154
2026-05-18,0.94200000,0.96300000,0.92600000,0.96000000,7654630.55000000,7224719.40732000,36435
2026-05-19,0.96100000,0.96900000,0.93200000,0.93800000,4934313.30000000,4696260.45432000,23931
2026-05-20,0.93800000,0.97500000,0.93400000,0.97100000,5402289.16000000,5186121.52395000,26394
2026-05-21,0.97100000,1.02200000,0.96700000,1.00800000,8900815.11000000,8821949.97682000,40466
2026-05-22,1.00800000,1.03900000,0.95300000,0.96200000,10352374.29000000,10374391.28143000,55392
2026-05-23,0.96200000,1.01300000,0.91100000,0.98300000,11421096.93000000,10898435.21827000,50072
2026-05-24,0.98200000,0.98400000,0.93200000,0.95600000,4504797.25000000,4336299.70177000,21129
2026-05-25,0.95700000,1.00700000,0.95100000,0.98300000,6189447.18000000,6066670.92932000,25642
2026-05-26,0.98300000,1.05200000,0.96700000,1.00900000,13119489.34000000,13235566.36385000,64213
2026-05-27,1.00900000,1.10000000,0.97500000,1.03100000,32945287.78000000,34384454.41385000,147439
2026-05-28,1.03000000,1.06000000,0.92900000,0.96000000,21267104.05000000,20783806.37386000,100521
2026-05-29,0.95900000,0.99200000,0.92500000,0.95700000,13521379.55000000,12996269.41689000,60633
2026-05-30,0.95700000,1.01800000,0.95600000,0.97300000,12166714.85000000,11971575.37172000,47405
2026-05-31,0.97400000,0.98500000,0.90900000,0.93700000,10001357.12000000,9469244.10646000,34725
2026-06-01,0.93700000,0.97400000,0.89400000,0.95600000,11515109.44000000,10728966.86944000,60295
2026-06-02,0.95600000,0.95900000,0.84200000,0.86200000,17759814.62000000,16074220.67044000,86853
2026-06-03,0.86300000,1.00000000,0.85000000,0.92700000,26342850.00000000,24752808.15742000,117283
2026-06-04,0.92600000,0.93800000,0.82800000,0.86600000,22743707.30000000,19718290.16303000,119502
2026-06-05,0.86600000,0.87600000,0.70000000,0.73500000,35130371.71000000,27091450.85835000,127702
2026-06-06,0.73500000,0.74900000,0.67000000,0.73100000,12771107.19000000,9151031.93370000,40176
2026-06-07,0.73100000,0.80100000,0.72700000,0.77300000,9596810.73000000,7284461.30517000,38580
2026-06-08,0.77400000,0.79300000,0.75400000,0.77500000,7732699.29000000,6002245.59931000,28837
2026-06-09,0.77600000,0.78300000,0.74000000,0.76300000,9363139.55000000,7163771.36851000,31746
2026-06-10,0.76300000,0.77000000,0.72100000,0.73400000,10563515.61000000,7892665.57994000,33100
2026-06-11,0.73500000,0.77500000,0.73500000,0.75800000,9291141.29000000,7020249.46239000,29822
2026-06-12,0.75800000,0.76500000,0.74000000,0.74900000,9343884.52000000,7039312.64490000,24956
2026-06-13,0.75000000,0.79900000,0.74800000,0.78400000,9406469.37000000,7330284.28835000,26020
2026-06-14,0.78500000,0.79800000,0.75300000,0.79400000,9826583.17000000,7624961.68215000,22278
2026-06-15,0.79400000,0.82500000,0.78400000,0.79600000,10902466.73000000,8793572.43280000,36266
2026-06-16,0.79600000,0.82100000,0.77400000,0.80800000,7523120.46000000,5992335.38255000,27821
2026-06-17,0.80900000,0.83300000,0.77700000,0.79800000,12712811.76000000,10307776.74175000,48142
2026-06-18,0.79900000,0.80900000,0.75500000,0.79900000,7804633.66000000,6110095.03754000,34312
2026-06-19,0.80000000,0.80800000,0.76200000,0.79200000,5867490.84000000,4609700.05300000,26852
2026-06-20,0.79200000,0.79800000,0.77400000,0.78700000,3413994.34000000,2687765.57852000,14051
2026-06-21,0.78800000,0.82600000,0.78000000,0.78200000,6620676.47000000,5309120.54687000,22253
2026-06-22,0.78200000,0.82000000,0.78000000,0.78900000,5103544.07000000,4093361.10695000,24582
2026-06-23,0.78800000,0.80600000,0.73800000,0.78900000,8556363.90000000,6624091.63884000,36030
2026-06-24,0.78800000,0.79500000,0.69800000,0.74900000,10171058.96000000,7566772.79350000,44775
2026-06-25,0.75000000,0.77400000,0.68700000,0.73700000,10123366.21000000,7407102.22528000,41661
2026-06-26,0.73700000,0.75800000,0.70100000,0.74400000,10320837.37000000,7553668.98077000,38699
2026-06-27,0.74400000,0.75500000,0.72500000,0.72800000,5317156.41000000,3959962.73551000,15818
2026-06-28,0.72800000,0.74000000,0.70200000,0.71700000,5377593.77000000,3890738.42788000,17693
2026-06-29,0.71600000,0.74800000,0.70600000,0.73300000,9287226.40000000,6717128.59697000,30254
2026-06-30,0.73200000,0.74300000,0.70500000,0.71700000,6392652.80000000,4615708.09832000,22843
2026-07-01,0.71800000,0.75600000,0.70200000,0.73600000,6685812.81000000,4886860.33479000,27122
2026-07-02,0.73700000,0.78900000,0.73200000,0.77300000,7849138.53000000,6021814.82651000,27399
2026-07-03,0.77400000,0.81500000,0.77200000,0.80600000,6154270.31000000,4896305.79242000,24652
2026-07-04,0.80700000,0.81800000,0.79000000,0.79700000,3786929.25000000,3033384.55372000,17482
2026-07-05,0.79700000,0.80800000,0.77500000,0.80000000,4648856.63000000,3680272.24669000,17842
2026-07-06,0.80100000,0.81400000,0.75900000,0.79400000,6121612.14000000,4827940.00709000,25272
2026-07-07,0.79500000,0.80200000,0.77000000,0.77300000,3962549.04000000,3106578.90541000,21489
2026-07-08,0.77400000,0.78300000,0.74400000,0.76500000,7296409.38000000,5535284.29825000,30159
2026-07-09,0.76500000,0.80000000,0.76100000,0.78100000,4920240.08000000,3822570.58592000,27650
2026-07-10,0.78100000,0.81900000,0.77500000,0.78800000,6757830.63000000,5381791.51497000,22715
2026-07-11,0.78700000,0.79900000,0.76900000,0.77100000,2648887.02000000,2089507.07477000,12195
2026-07-12,0.77100000,0.79100000,0.76600000,0.77200000,5710971.06000000,4441884.75039000,21429
2026-07-13,0.77200000,0.78600000,0.73400000,0.74900000,5994705.13000000,4551935.93977000,27909
2026-07-14,0.75000000,0.78800000,0.74900000,0.78500000,5306409.24000000,4075756.79477000,26512
2026-07-15,0.78500000,0.80700000,0.77800000,0.78900000,6119928.10000000,4847989.61160000,29074
2026-07-16,0.78900000,0.79100000,0.76400000,0.77000000,3762861.50000000,2932732.95257000,15700
2026-07-17,0.77000000,0.77900000,0.75200000,0.76500000,8458736.26000000,6478266.38470000,26097
2026-07-18,0.76500000,0.76800000,0.73800000,0.74900000,3340533.13000000,2506832.01908000,9345
2026-07-19,0.75000000,0.75500000,0.71000000,0.72000000,5702851.87000000,4139741.75185000,15729
2026-07-20,0.72000000,0.74300000,0.70100000,0.73500000,8492432.74000000,6124104.57903000,26768
2026-07-21,0.73500000,0.78400000,0.73100000,0.76900000,8433868.46000000,6370509.66002000,29937
2026-07-22,0.76900000,0.78100000,0.75730000,0.76240000,5520273.65000000,4259811.16973500,40633
2026-07-23,0.76230000,0.76530000,0.72270000,0.72820000,6622550.25000000,4886472.17763100,40590
2026-07-24,0.72820000,0.73900000,0.71070000,0.71960000,5237534.73000000,3784039.30815600,35183
2026-07-25,0.71970000,0.74160000,0.71480000,0.73630000,3301652.54000000,2395187.22580500,26415
2026-07-26,0.73630000,0.75370000,0.73230000,0.74510000,6164815.88000000,4585513.22298400,48496
2026-07-27,0.74510000,0.75640000,0.68820000,0.69460000,12261003.43000000,8882464.61907200,95161
2026-07-28,0.69470000,0.70810000,0.68460000,0.70660000,6231521.08000000,4343943.82675100,52230
2026-07-29,0.70660000,0.71190000,0.65380000,0.67870000,14133158.94000000,9639988.40471700,82265
2026-07-30,0.67880000,0.72980000,0.67540000,0.71330000,9528271.00000000,6725380.18242700,81218
2026-07-31,0.71340000,0.72740000,0.70640000,0.71540000,7454171.04000000,5349607.88616700,73886
2026-08-01,0.71550000,0.72890000,0.69040000,0.70090000,7193948.18000000,5126469.84890100,45577
2026-08-02,0.70100000,0.72590000,0.70030000,0.71900000,6034367.78000000,4333223.94208900,35791
2026-08-03,0.71880000,0.73450000,0.70520000,0.72420000,8390137.72000000,6034245.12261800,49044
2026-08-04,0.72410000,0.72880000,0.70680000,0.71900000,3812410.73000000,2734108.01049800,30507
2026-08-05,0.71890000,0.73120000,0.70450000,0.72030000,6089776.14000000,4367802.42646800,38751
2026-08-06,0.72030000,0.73890000,0.67910000,0.70410000,13965230.54000000,9827905.61653000,96795
2026-08-07,0.70400000,0.70620000,0.66940000,0.68390000,6220714.96000000,4281229.41457500,54547
2026-08-08,0.68380000,0.72690000,0.68210000,0.71030000,5324484.28000000,3778804.68541100,66985
2026-08-09,0.71040000,0.71700000,0.69790000,0.70070000,2922820.91000000,2074548.12058800,27495
2026-08-10,0.70060000,0.70920000,0.69090000,0.70290000,4667195.05000000,3274632.56879900,43388
2026-08-11,0.70280000,0.71790000,0.68760000,0.71140000,4863643.27000000,3421435.71499600,44863
2026-08-12,0.71140000,0.71320000,0.65800000,0.66990000,7977276.83000000,5463306.67762400,74040
2026-08-13,0.66980000,0.68250000,0.66430000,0.67740000,4820332.21000000,3246234.23775100,38477
2026-08-14,0.67750000,0.68180000,0.66200000,0.68090000,3865122.60000000,2597076.20207600,33441
2026-08-15,0.68100000,0.70050000,0.67350000,0.67620000,5347322.20000000,3689642.22506000,46001
2026-08-16,0.67610000,0.68540000,0.65830000,0.66700000,3311247.36000000,2232589.97540200,29821
2026-08-17,0.66700000,0.67720000,0.65950000,0.67250000,7098669.32000000,4735666.54430900,52358
2026-08-18,0.67250000,0.67310000,0.60950000,0.63200000,13483926.05000000,8486673.12838800,102333
2026-08-19,0.63220000,0.69980000,0.62510000,0.67410000,9906840.16000000,6544828.19691200,98115
2026-08-20,0.67400000,0.77180000,0.66330000,0.73550000,21763087.39000000,15414646.77511900,170511
2026-08-21,0.73570000,0.82000000,0.73450000,0.80960000,14136465.76000000,10959395.12735600,183412
2026-08-22,0.80970000,0.85950000,0.71790000,0.76170000,21683253.65000000,17394158.02949800,275806
2026-08-23,0.76160000,0.78410000,0.73100000,0.77390000,8024420.48000000,6081484.93023800,113929
2026-08-24,0.77390000,0.77390000,0.74240000,0.75390000,6858252.14000000,5201771.24088900,132809
2026-08-25,0.75390000,0.77170000,0.69760000,0.71200000,11084070.50000000,8174655.15087600,125135
2026-08-26,0.71210000,0.72490000,0.68680000,0.71610000,6739695.39000000,4782230.17470700,73694
2026-08-27,0.71610000,0.72910000,0.70250000,0.70430000,10142507.63000000,7234320.65045000,83206
2026-08-28,0.70440000,0.72060000,0.66680000,0.68630000,11779101.34000000,8184369.34605600,111251
2026-08-29,0.68620000,0.68840000,0.67690000,0.68250000,2200563.90000000,1501899.87392700,27535
2026-08-30,0.68250000,0.69480000,0.64820000,0.66000000,6054677.25000000,4097540.29797500,58992
2026-08-31,0.66000000,0.68380000,0.65610000,0.68250000,5592978.71000000,3761376.14602900,57056
2026-09-01,0.68230000,0.79850000,0.68070000,0.77940000,27112616.04000000,20200578.91774300,312632
2026-09-02,0.77940000,0.81510000,0.75900000,0.79900000,24762382.74000000,19514992.52424400,362308
2026-09-03,0.79900000,0.83490000,0.77950000,0.79250000,13271984.57000000,10632167.04946700,170243
2026-09-04,0.79250000,0.79250000,0.73780000,0.75980000,9321760.88000000,7085039.15516900,109563
2026-09-05,0.75970000,0.79920000,0.75470000,0.78710000,7900894.78000000,6152593.81807500,90759
2026-09-06,0.78720000,0.84090000,0.77470000,0.80750000,11437194.97000000,9230013.93245900,121618
2026-09-07,0.80740000,0.88210000,0.79610000,0.83690000,19434278.61000000,16330391.86816600,262286
2026-09-08,0.83680000,0.87700000,0.83390000,0.84470000,10943054.13000000,9310643.84450100,170302
2026-09-09,0.84500000,0.85550000,0.80630000,0.82020000,8550837.87000000,7155678.63227400,143146
2026-09-10,0.82010000,0.82390000,0.77700000,0.78020000,8418860.25000000,6748800.45163800,132399
2026-09-11,0.78030000,0.82800000,0.77250000,0.78590000,9787910.20000000,7779393.98717700,161727
2026-09-12,0.78600000,0.81630000,0.78550000,0.80130000,3682762.00000000,2963554.25291300,52681
2026-09-13,0.80120000,1.03360000,0.79970000,0.95210000,41309318.90000000,38759643.55291900,658250
2026-09-14,0.95220000,1.03970000,0.93260000,0.93560000,40813463.94000000,40358893.92542900,662903
2026-09-15,0.93550000,0.93570000,0.80300000,0.81580000,21679673.49000000,18786620.02891900,280273
2026-09-16,0.81570000,0.82620000,0.75570000,0.80660000,22257869.42000000,17657839.50660300,245580
2026-09-17,0.80670000,0.84880000,0.78700000,0.84100000,13937812.49000000,11294092.93173300,146814
2026-09-18,0.84080000,0.94560000,0.83220000,0.94360000,19959434.45000000,17593298.11050100,264637
2026-09-19,0.94360000,1.13420000,0.93660000,0.96190000,42246692.06000000,42599567.87420000,685505
2026-09-20,0.96200000,0.97750000,0.91000000,0.94300000,17867601.20000000,16919635.37444400,245685
2026-09-21,0.94300000,1.01740000,0.93480000,0.98580000,22665810.58000000,22069766.23877200,331847
2026-09-22,0.98580000,1.05560000,0.97290000,1.04400000,28248514.47000000,28330855.86713800,354352
2026-09-23,1.04390000,1.06500000,0.91200000,0.93610000,26804544.10000000,26646111.40113400,369395
2026-09-24,0.93630000,1.02020000,0.92660000,0.99080000,16747329.91000000,16441816.35815800,277970
2026-09-25,0.99060000,1.05960000,0.97220000,1.05000000,14028892.84000000,14256010.62685100,234771
2026-09-26,1.04990000,1.22960000,1.03080000,1.13350000,28723979.14000000,32737197.18661100,479178
2026-09-27,1.13360000,1.15990000,1.11400000,1.14090000,11376520.09000000,12959961.23986300,238255
2026-09-28,1.14090000,1.15280000,1.01680000,1.06330000,17997245.90000000,19193415.49516300,344630
2026-09-29,1.06350000,1.11660000,1.00880000,1.05860000,16019098.47000000,17034841.27971900,275572
2026-09-30,1.05850000,1.09150000,1.02340000,1.04330000,14354565.98000000,15188427.26709700,260894
2026-10-01,1.04320000,1.06470000,0.99010000,1.02040000,13464727.62000000,13754584.06980400,180374
2026-10-02,1.02030000,1.05990000,0.98000000,1.03350000,11524574.15000000,11834175.28000900,152314
2026-10-03,1.03350000,1.08390000,1.03230000,1.06680000,7652786.32000000,8103619.53230500,103649
2026-10-04,1.06690000,1.07010000,1.04260000,1.05970000,3909047.76000000,4125022.16405400,46222
2026-10-05,1.05960000,1.20460000,1.04400000,1.18460000,19233338.42000000,21611153.51317800,236270
