date,open,high,low,close,volume,quote_volume,trades
2021-04-17,0.34913000,0.37165000,0.33941000,0.34218000,154758862.50000000,54759815.60204700,134006
2021-04-18,0.34189000,0.34537000,0.24236000,0.30956000,233229698.10000000,71025271.36103500,230302
2021-04-19,0.30931000,0.32281000,0.26832000,0.28810000,217986705.20000000,64905477.14568600,177522
2021-04-20,0.28804000,0.34669000,0.26352000,0.32387000,310923102.80000000,96405696.77195100,238222
2021-04-21,0.32431000,0.32500000,0.28663000,0.29119000,181637274.40000000,55385127.93837400,144321
2021-04-22,0.29121000,0.30500000,0.25060000,0.25780000,169536483.50000000,48212758.33174900,125450
2021-04-23,0.25780000,0.26982000,0.19100000,0.26860000,280064078.80000000,67414852.88636400,168660
2021-04-24,0.26842000,0.26900000,0.23783000,0.24355000,108653747.30000000,27434537.51684700,74541
2021-04-25,0.24384000,0.26600000,0.23223000,0.24600000,105641561.40000000,26385716.32180100,72751
2021-04-26,0.24632000,0.29139000,0.24241000,0.28480000,152210382.20000000,42158529.81700700,106778
2021-04-27,0.28503000,0.31481000,0.27840000,0.30405000,138676234.20000000,41398618.19213100,114573
2021-04-28,0.30364000,0.31000000,0.27500000,0.28720000,104194532.80000000,30210063.97512200,88309
2021-04-29,0.28720000,0.31361000,0.27150000,0.28646000,153207377.20000000,44286382.95241600,118599
2021-04-30,0.28623000,0.30465000,0.27854000,0.29998000,99712009.30000000,29086914.06807700,84371
2021-05-01,0.29997000,0.33676000,0.28248000,0.32681000,166941648.70000000,51975756.23523700,154253
2021-05-02,0.32681000,0.34535000,0.29561000,0.32893000,160506025.20000000,51308766.72893200,143611
2021-05-03,0.32891000,0.34000000,0.31564000,0.32239000,123550886.40000000,40636264.69703800,110939
2021-05-04,0.32221000,0.32269000,0.27500000,0.27819000,177220451.80000000,52390197.20392700,143961
2021-05-05,0.27820000,0.31595000,0.27400000,0.31512000,133756560.60000000,39910462.42028900,110858
2021-05-06,0.31472000,0.31824000,0.28665000,0.29817000,148789278.50000000,45424465.53361200,132039
2021-05-07,0.29817000,0.32194000,0.28600000,0.30576000,135824588.30000000,41558568.84098200,123696
2021-05-08,0.30595000,0.30622000,0.29040000,0.29762000,96564701.40000000,28948048.94721700,78314
2021-05-09,0.29801000,0.29908000,0.27511000,0.29185000,103687674.70000000,29820828.05138800,82548
2021-05-10,0.29200000,0.29999000,0.24900000,0.26414000,155614905.90000000,43452468.25599000,116330
2021-05-11,0.26414000,0.28498000,0.26158000,0.28286000,104272734.20000000,28575011.70243100,78718
2021-05-12,0.28327000,0.28588000,0.23440000,0.23982000,119534358.30000000,31990765.95174100,89864
2021-05-13,0.23981000,0.40949000,0.22600000,0.33435000,964316963.70000000,314519171.22158900,550234
2021-05-14,0.33435000,0.39128000,0.31506000,0.33511000,788985900.40000000,276693258.45444200,625006
2021-05-15,0.33512000,0.33541000,0.29099000,0.31385000,333214789.30000000,104193455.16577600,272647
2021-05-16,0.31302000,0.36250000,0.30000000,0.32843000,445509807.20000000,148662477.84370200,320481
2021-05-17,0.32887000,0.35212000,0.28511000,0.29200000,313823914.50000000,95804049.31466700,216215
2021-05-18,0.29200000,0.35000000,0.28341000,0.33637000,292580501.10000000,91314522.81860500,211229
2021-05-19,0.33686000,0.34474000,0.16000000,0.21470000,599104613.50000000,156203118.59268000,405967
2021-05-20,0.21510000,0.29008000,0.19000000,0.27436000,364033597.90000000,91792842.33805200,248991
2021-05-21,0.27501000,0.29450000,0.19353000,0.23718000,321887440.60000000,79684061.83616000,201688
2021-05-22,0.23664000,0.29641000,0.20410000,0.26870000,497734493.10000000,129656926.24437000,332892
2021-05-23,0.26860000,0.26889000,0.18889000,0.23188000,369987853.00000000,83301800.80900600,219498
2021-05-24,0.23199000,0.27045000,0.21594000,0.25474000,256855937.20000000,62275505.70008500,187929
2021-05-25,0.25490000,0.26562000,0.22775000,0.25289000,198099324.30000000,48430840.07091200,144491
2021-05-26,0.25278000,0.27616000,0.24603000,0.27321000,203806872.00000000,53536814.35448300,153557
2021-05-27,0.27321000,0.27400000,0.24809000,0.25450000,144847246.80000000,37434697.24458300,111251
2021-05-28,0.25453000,0.25953000,0.20815000,0.21785000,226865571.70000000,51665010.62413500,146906
2021-05-29,0.21787000,0.22440000,0.19907000,0.20901000,133262175.50000000,28084191.41653500,89796
2021-05-30,0.20849000,0.22800000,0.19880000,0.21821000,98195947.70000000,21420559.78690900,70209
2021-05-31,0.21810000,0.23515000,0.20503000,0.23348000,124636559.50000000,27343821.27754200,81469
2021-06-01,0.23327000,0.23782000,0.21637000,0.22672000,85357274.10000000,19225487.02417100,62500
2021-06-02,0.22705000,0.24500000,0.21700000,0.23186000,99258256.00000000,22979814.22160200,68711
2021-06-03,0.23159000,0.26760000,0.22912000,0.25779000,148792187.90000000,37089734.90710000,111330
2021-06-04,0.25780000,0.25904000,0.22012000,0.23253000,146917046.80000000,34565231.25416100,99929
2021-06-05,0.23211000,0.24088000,0.21211000,0.22173000,92621828.80000000,21206862.18236100,61933
2021-06-06,0.22157000,0.23137000,0.21959000,0.22900000,49086139.30000000,11070438.74811400,31123
2021-06-07,0.22875000,0.23430000,0.20520000,0.20732000,79068841.50000000,17620150.94355300,50337
2021-06-08,0.20717000,0.22367000,0.19000000,0.21577000,142496324.20000000,29624812.25497500,101673
2021-06-09,0.21571000,0.22022000,0.20010000,0.21776000,110181982.80000000,23176776.32884200,77802
2021-06-10,0.21779000,0.21896000,0.20120000,0.20562000,93067717.60000000,19386793.30372700,53767
2021-06-11,0.20586000,0.21144000,0.19500000,0.20049000,73882001.60000000,15118585.48817200,50095
2021-06-12,0.20043000,0.20062000,0.17739000,0.18935000,111298724.80000000,20765075.67587500,67182
2021-06-13,0.18931000,0.19977000,0.17969000,0.19670000,68801771.80000000,12952908.30167300,42288
2021-06-14,0.19680000,0.21822000,0.19092000,0.20481000,120811409.60000000,24251099.15880600,70548
2021-06-15,0.20479000,0.21866000,0.20217000,0.21209000,98443468.60000000,20768803.97415300,63743
2021-06-16,0.21211000,0.21365000,0.19500000,0.20572000,96254762.00000000,19625746.17649500,64802
2021-06-17,0.20551000,0.21674000,0.19915000,0.20822000,91619740.30000000,18945314.83408100,56776
2021-06-18,0.20821000,0.22960000,0.19760000,0.20716000,167085203.70000000,35597764.24135900,115764
2021-06-19,0.20733000,0.21164000,0.19491000,0.19551000,65785270.50000000,13260149.60411600,42638
2021-06-20,0.19540000,0.19999000,0.17939000,0.19307000,72874211.50000000,13781409.45641000,44319
2021-06-21,0.19327000,0.19703000,0.16134000,0.17393000,209187614.40000000,37310371.44454500,132878
2021-06-22,0.17442000,0.17897000,0.13821000,0.16639000,252853860.20000000,40662547.83159400,159793
2021-06-23,0.16672000,0.18990000,0.16161000,0.18223000,125826791.90000000,22616676.39429100,89291
2021-06-24,0.18208000,0.19520000,0.17605000,0.19238000,75185767.50000000,14041584.23873600,54666
2021-06-25,0.19238000,0.19500000,0.16300000,0.16484000,133408158.30000000,23265949.26341200,83009
2021-06-26,0.16493000,0.19303000,0.16253000,0.17902000,190856874.30000000,34198164.67101700,138646
2021-06-27,0.17904000,0.18287000,0.17153000,0.18251000,65251131.80000000,11522530.94394700,42407
2021-06-28,0.18244000,0.18477000,0.17525000,0.18288000,77482482.60000000,13954280.78194900,50191
2021-06-29,0.18288000,0.19577000,0.18150000,0.19088000,90705439.90000000,17198493.40852300,59936
2021-06-30,0.19088000,0.19560000,0.17532000,0.19560000,86657609.80000000,16000040.61050700,55679
2021-07-01,0.19560000,0.21360000,0.18122000,0.21162000,203369456.10000000,40397848.41953700,137690
2021-07-02,0.21142000,0.21225000,0.18711000,0.19292000,89739557.30000000,17452508.24241100,60562
2021-07-03,0.19297000,0.19545000,0.18800000,0.19363000,66018830.80000000,12664566.89169000,41585
2021-07-04,0.19369000,0.19731000,0.18835000,0.19458000,52056361.60000000,10079151.85409700,33022
2021-07-05,0.19457000,0.19457000,0.17902000,0.18437000,53777874.60000000,10014078.30961200,33756
2021-07-06,0.18421000,0.19041000,0.18043000,0.18526000,64370080.80000000,11866105.31483600,36769
2021-07-07,0.18515000,0.19185000,0.18220000,0.18568000,49652337.80000000,9298588.87606200,30260
2021-07-08,0.18557000,0.18738000,0.16946000,0.17090000,50934109.00000000,9035392.20006500,36307
2021-07-09,0.17112000,0.17787000,0.16410000,0.17516000,54629841.00000000,9399754.61257500,49021
2021-07-10,0.17507000,0.17696000,0.16600000,0.16908000,36052025.40000000,6138000.84427000,34048
2021-07-11,0.16915000,0.17360000,0.16773000,0.17122000,20575562.50000000,3518868.08708700,21121
2021-07-12,0.17152000,0.17384000,0.16403000,0.16792000,37149521.00000000,6269906.78977000,28550
2021-07-13,0.16760000,0.18441000,0.16532000,0.17603000,123443509.00000000,21976001.85882200,100608
2021-07-14,0.17587000,0.17656000,0.16300000,0.17028000,52940798.80000000,8938526.91974900,55759
2021-07-15,0.17028000,0.18400000,0.16512000,0.17450000,102801602.90000000,17906187.93232500,87799
2021-07-16,0.17472000,0.19982000,0.17020000,0.18249000,217344392.70000000,40632190.19581100,165516
2021-07-17,0.18246000,0.19425000,0.17800000,0.18735000,97882308.10000000,18173971.69141200,82539
2021-07-18,0.18735000,0.19443000,0.17800000,0.18060000,46995723.60000000,8693157.24139900,31294
2021-07-19,0.18064000,0.18189000,0.17002000,0.17297000,39082505.30000000,6823947.11169600,25261
2021-07-20,0.17295000,0.17486000,0.15552000,0.15795000,70358892.70000000,11345172.25822000,38543
2021-07-21,0.15782000,0.17199000,0.15500000,0.16949000,73469566.00000000,12199840.35169800,39879
2021-07-22,0.16945000,0.17680000,0.16266000,0.17329000,65585750.00000000,11061244.01256500,35065
2021-07-23,0.17355000,0.17506000,0.16536000,0.17436000,41628654.20000000,7082741.24143900,25230
2021-07-24,0.17462000,0.18190000,0.17260000,0.17985000,47671813.70000000,8484180.90379800,39626
2021-07-25,0.17989000,0.18033000,0.17031000,0.17688000,42167771.40000000,7376290.16989800,29662
2021-07-26,0.17700000,0.20996000,0.17560000,0.18353000,201460541.90000000,39273406.67362800,150382
2021-07-27,0.18339000,0.20500000,0.17975000,0.19777000,108553774.90000000,21088722.31543800,78619
2021-07-28,0.19774000,0.20750000,0.19300000,0.19710000,70289071.00000000,14043017.21811300,53307
2021-07-29,0.19701000,0.20523000,0.19416000,0.20398000,43653940.00000000,8709268.46900400,36773
2021-07-30,0.20406000,0.21793000,0.19900000,0.21454000,84393172.00000000,17621076.93915100,74137
2021-07-31,0.21447000,0.21858000,0.20725000,0.21443000,46002881.50000000,9766378.76583300,38368
2021-08-01,0.21409000,0.21900000,0.20200000,0.20440000,45782201.70000000,9737423.55969900,41236
2021-08-02,0.20453000,0.21292000,0.20136000,0.20908000,42655280.20000000,8898767.86007700,33058
2021-08-03,0.20886000,0.22800000,0.20454000,0.21506000,102725591.70000000,22203534.14341500,77756
2021-08-04,0.21489000,0.21897000,0.20660000,0.21798000,51936534.30000000,11057434.03603100,37144
2021-08-05,0.21779000,0.22200000,0.20800000,0.21924000,56979379.30000000,12311239.95152400,45312
2021-08-06,0.21916000,0.21980000,0.21248000,0.21832000,53914561.00000000,11637443.28515300,35464
2021-08-07,0.21832000,0.22679000,0.21611000,0.22519000,82317247.50000000,18269796.05616100,64784
2021-08-08,0.22518000,0.22541000,0.20918000,0.21330000,52750969.90000000,11535947.31702800,40291
2021-08-09,0.21337000,0.22297000,0.20640000,0.22123000,48833753.50000000,10572389.94315700,39244
2021-08-10,0.22120000,0.23097000,0.21680000,0.22500000,74149631.30000000,16641528.87084100,68984
2021-08-11,0.22503000,0.24128000,0.22316000,0.22756000,121624916.50000000,28334968.92777500,106131
2021-08-12,0.22757000,0.23641000,0.21200000,0.21827000,71099746.10000000,15851600.27836900,52600
2021-08-13,0.21855000,0.23159000,0.21552000,0.23123000,65248359.60000000,14839601.89407900,50357
2021-08-14,0.23123000,0.27775000,0.22501000,0.26285000,319287572.00000000,80150304.16642800,240895
2021-08-15,0.26310000,0.26487000,0.24010000,0.25186000,143650737.40000000,35963089.88142500,105512
2021-08-16,0.25186000,0.26625000,0.24060000,0.24242000,112507348.50000000,28581173.49326500,102197
2021-08-17,0.24227000,0.25272000,0.22224000,0.22717000,123819857.70000000,29718133.99186200,90564
2021-08-18,0.22723000,0.23379000,0.21200000,0.22323000,77844785.60000000,17495400.59395100,60429
2021-08-19,0.22348000,0.23752000,0.21100000,0.23733000,79087299.40000000,18080510.24349900,59783
2021-08-20,0.23718000,0.25200000,0.23417000,0.24710000,91295184.90000000,22226028.90624500,79052
2021-08-21,0.24699000,0.25060000,0.23900000,0.24229000,69521502.60000000,17004238.91074300,61590
2021-08-22,0.24223000,0.24922000,0.23230000,0.24139000,69362060.60000000,16714408.04823200,52147
2021-08-23,0.24139000,0.26600000,0.24052000,0.26095000,126050979.90000000,32179413.77109700,114899
2021-08-24,0.26097000,0.29117000,0.25122000,0.25286000,241383970.40000000,65505099.17368900,234341
2021-08-25,0.25261000,0.26106000,0.24000000,0.25820000,106398722.60000000,26984304.66980500,81714
2021-08-26,0.25823000,0.26353000,0.23090000,0.23790000,89427781.50000000,21778248.86412100,64900
2021-08-27,0.23800000,0.25490000,0.22840000,0.25420000,71228887.80000000,17255653.17588500,55160
2021-08-28,0.25430000,0.26950000,0.24870000,0.26080000,77207561.70000000,20089966.98221300,64610
2021-08-29,0.26120000,0.26400000,0.24930000,0.25210000,65463452.00000000,16781940.59950000,48748
2021-08-30,0.25200000,0.25730000,0.24130000,0.24460000,62562271.00000000,15611634.38060000,48917
2021-08-31,0.24470000,0.27653000,0.24010000,0.25170000,154514103.20000000,39330358.79869400,111288
2021-09-01,0.25180000,0.26660000,0.24330000,0.26410000,100834216.00000000,25948377.03660000,67364
2021-09-02,0.26410000,0.27840000,0.24950000,0.27450000,145396618.20000000,38893999.72981100,115805
2021-09-03,0.27450000,0.28610000,0.26500000,0.28590000,118853395.70000000,32874971.58598900,103682
2021-09-04,0.28590000,0.31980000,0.27720000,0.31800000,176005021.70000000,51829552.74664300,191755
2021-09-05,0.31800000,0.31800000,0.29600000,0.30750000,118009594.00000000,36151956.13450000,98641
2021-09-06,0.30750000,0.31940000,0.29530000,0.31200000,102705258.00000000,31907376.45530000,112739
2021-09-07,0.31200000,0.34477000,0.23100000,0.27200000,339110257.40000000,101366831.39374100,325021
2021-09-08,0.27160000,0.32660000,0.24350000,0.31880000,243410350.00000000,69257237.61580000,214113
2021-09-09,0.31870000,0.36210000,0.30410000,0.33100000,353485394.60000000,118541886.62158700,396083
2021-09-10,0.33080000,0.33880000,0.29280000,0.31630000,151986170.00000000,47849742.41410000,131456
2021-09-11,0.31630000,0.39000000,0.31340000,0.36300000,320592718.80000000,116285737.33950800,439366
2021-09-12,0.36320000,0.42750000,0.34690000,0.42420000,275601596.40000000,107057833.41229200,358605
2021-09-13,0.42500000,0.44750000,0.36700000,0.43170000,485861970.90000000,201365292.32246300,576132
2021-09-14,0.43180000,0.48770000,0.40130000,0.45630000,377588122.40000000,171128614.89555900,472180
2021-09-15,0.45610000,0.56950000,0.45390000,0.50500000,467415443.70000000,245225067.04839300,638992
2021-09-16,0.50490000,0.57600000,0.46020000,0.47670000,486075609.00000000,247110940.52203700,625746
2021-09-17,0.47670000,0.47700000,0.41500000,0.42600000,273369374.00000000,120723152.39930000,241767
2021-09-18,0.42610000,0.45340000,0.40880000,0.42940000,197378012.00000000,84967778.38850000,178076
2021-09-19,0.42980000,0.42990000,0.38820000,0.39680000,126772194.00000000,51700012.73020000,117379
2021-09-20,0.39690000,0.39710000,0.31340000,0.33950000,349120796.00000000,122439331.86210000,257588
2021-09-21,0.33950000,0.35530000,0.28800000,0.30550000,347570961.00000000,112817970.54610000,243315
2021-09-22,0.30560000,0.38090000,0.29900000,0.36660000,278554928.00000000,95579009.91460000,239717
2021-09-23,0.36640000,0.39360000,0.35770000,0.38290000,211097706.00000000,79693070.25160000,209437
2021-09-24,0.38280000,0.38480000,0.31000000,0.34980000,293864544.00000000,102436537.21200000,245959
2021-09-25,0.34990000,0.35780000,0.32460000,0.34170000,132630865.00000000,45142501.08580000,119097
2021-09-26,0.34170000,0.34600000,0.30600000,0.33460000,141394809.00000000,46620310.87560000,126130
2021-09-27,0.33450000,0.37650000,0.31130000,0.31930000,116267929.00000000,39387188.26590000,115114
2021-09-28,0.31920000,0.32610000,0.30170000,0.30350000,105676306.00000000,33275357.83100000,94043
2021-09-29,0.30330000,0.32680000,0.30010000,0.31080000,113361389.00000000,35545704.52360000,93200
2021-09-30,0.31080000,0.34350000,0.30870000,0.33800000,118598022.00000000,38885219.13330000,108298
2021-10-01,0.33800000,0.37000000,0.32740000,0.36500000,127871203.00000000,44922118.58380000,125427
2021-10-02,0.36520000,0.41770000,0.35690000,0.38550000,160431019.00000000,62906417.50870000,205285
2021-10-03,0.38550000,0.41960000,0.37350000,0.39880000,149374262.00000000,59753299.77040000,171681
2021-10-04,0.39890000,0.42800000,0.37740000,0.40480000,202132968.00000000,81012921.13210000,239998
2021-10-05,0.40470000,0.42250000,0.38580000,0.40350000,126497121.00000000,51015495.14050000,140403
2021-10-06,0.40340000,0.40840000,0.36190000,0.38150000,134074685.00000000,51215310.39540000,140360
2021-10-07,0.38130000,0.39460000,0.36510000,0.37800000,135668223.00000000,51161876.19840000,135526
2021-10-08,0.37810000,0.39120000,0.36920000,0.37380000,91472675.00000000,34634125.72040000,97232
2021-10-09,0.37390000,0.37810000,0.36240000,0.37090000,72990707.00000000,27061729.19040000,68579
2021-10-10,0.37090000,0.37110000,0.33610000,0.33900000,72408216.00000000,25906608.07050000,73587
2021-10-11,0.33920000,0.36270000,0.33420000,0.34360000,77754428.00000000,27042809.55240000,81164
2021-10-12,0.34340000,0.35890000,0.32000000,0.34880000,104368818.00000000,35354164.76050000,110655
2021-10-13,0.34880000,0.36090000,0.33900000,0.35690000,75952367.00000000,26617948.77200000,88943
2021-10-14,0.35710000,0.40000000,0.35220000,0.38900000,131719949.00000000,49762009.92350000,175989
2021-10-15,0.38900000,0.38930000,0.35680000,0.36410000,102996332.00000000,37828629.81050000,110401
2021-10-16,0.36410000,0.37890000,0.36340000,0.37250000,64376905.00000000,23878339.90240000,68995
2021-10-17,0.37250000,0.37550000,0.34110000,0.35510000,75205174.00000000,27135022.31190000,75963
2021-10-18,0.35510000,0.36970000,0.34500000,0.35590000,90083357.00000000,32037640.37880000,103251
2021-10-19,0.35590000,0.37960000,0.35050000,0.37490000,97914559.00000000,35983797.93400000,111241
2021-10-20,0.37490000,0.41000000,0.36860000,0.40270000,160522544.00000000,62917969.25700000,195656
2021-10-21,0.40260000,0.40840000,0.37150000,0.37900000,100999075.00000000,39370869.64580000,115055
2021-10-22,0.37870000,0.39120000,0.37170000,0.37860000,59861565.00000000,22859685.79720000,68556
2021-10-23,0.37850000,0.38140000,0.36760000,0.37920000,55507895.00000000,20836007.43020000,56571
2021-10-24,0.37920000,0.37930000,0.35650000,0.36690000,59254333.00000000,21823740.06660000,69035
2021-10-25,0.36700000,0.39000000,0.36430000,0.38700000,83014045.00000000,31691117.60520000,89621
2021-10-26,0.38700000,0.41460000,0.38130000,0.39140000,129690875.00000000,51764583.46170000,187103
2021-10-27,0.39130000,0.39940000,0.32350000,0.35010000,172367276.00000000,62657754.59240000,215902
2021-10-28,0.35010000,0.38320000,0.34930000,0.37040000,96845503.00000000,35528756.16360000,121275
2021-10-29,0.37040000,0.39800000,0.36870000,0.39050000,77283331.00000000,29946431.61210000,110834
2021-10-30,0.39060000,0.43940000,0.38500000,0.41870000,230492994.00000000,95958356.48010000,347103
2021-10-31,0.41870000,0.46600000,0.39000000,0.40760000,209400825.00000000,89067098.33200000,336218
2021-11-01,0.40760000,0.43350000,0.39100000,0.39970000,100590848.00000000,40961449.70500000,154165
2021-11-02,0.39980000,0.40130000,0.39000000,0.39700000,78943124.00000000,31195785.04010000,96288
2021-11-03,0.39700000,0.39700000,0.37600000,0.39040000,71968289.00000000,27928063.22020000,102337
2021-11-04,0.39050000,0.39610000,0.37720000,0.39410000,69812749.00000000,26971715.46470000,106781
2021-11-05,0.39410000,0.40430000,0.38510000,0.39030000,70505019.00000000,27893350.28150000,124559
2021-11-06,0.39000000,0.39820000,0.37120000,0.38510000,44881546.00000000,17230069.67870000,71363
2021-11-07,0.38550000,0.39450000,0.38300000,0.39320000,38949873.00000000,15173738.01940000,57132
2021-11-08,0.39320000,0.43000000,0.38950000,0.42250000,181932259.00000000,75848071.29940000,351268
2021-11-09,0.42250000,0.44080000,0.40740000,0.42550000,121277932.00000000,51547651.36650000,249923
2021-11-10,0.42560000,0.45250000,0.38200000,0.40680000,178265665.00000000,76460799.18000000,337239
2021-11-11,0.40670000,0.45210000,0.40330000,0.43150000,144985544.00000000,63112461.12760000,302661
2021-11-12,0.43130000,0.47800000,0.43080000,0.45180000,195595680.00000000,89432728.70500000,479756
2021-11-13,0.45180000,0.47160000,0.43590000,0.43680000,77944363.00000000,35198588.26360000,140332
2021-11-14,0.43670000,0.44570000,0.42000000,0.43890000,50253716.00000000,21632839.91870000,81144
2021-11-15,0.43890000,0.44110000,0.41740000,0.42580000,53207264.00000000,22951960.05090000,75597
2021-11-16,0.42580000,0.42580000,0.37150000,0.39500000,115071661.00000000,46037493.16850000,147851
2021-11-17,0.39480000,0.42060000,0.38860000,0.40660000,82593424.00000000,33686395.72520000,130969
2021-11-18,0.40670000,0.41450000,0.34620000,0.35820000,112551772.00000000,42179193.74810000,135015
2021-11-19,0.35840000,0.38370000,0.35000000,0.37950000,60877491.00000000,22535862.66640000,77747
2021-11-20,0.37970000,0.40400000,0.37170000,0.38790000,51649930.00000000,19857021.66250000,71277
2021-11-21,0.38820000,0.41880000,0.35170000,0.38460000,58096515.00000000,22596993.08620000,83292
2021-11-22,0.38450000,0.39000000,0.35510000,0.36270000,73142937.00000000,26890705.59170000,83300
2021-11-23,0.36270000,0.37120000,0.35140000,0.37060000,64659036.00000000,23429006.88370000,68041
2021-11-24,0.37030000,0.37490000,0.34320000,0.35220000,74975844.00000000,26658378.23800000,81440
2021-11-25,0.35200000,0.36440000,0.34480000,0.35610000,66226748.00000000,23443897.94400000,74776
2021-11-26,0.35630000,0.37250000,0.31120000,0.32410000,113894581.00000000,38190211.68400000,151135
2021-11-27,0.32390000,0.34000000,0.32170000,0.33110000,34667952.00000000,11557210.63000000,44932
2021-11-28,0.33100000,0.33320000,0.30010000,0.33230000,61806940.00000000,19469950.61480000,74641
2021-11-29,0.33230000,0.36370000,0.32300000,0.35910000,69812805.00000000,23662975.46070000,99033
2021-11-30,0.35930000,0.36960000,0.34120000,0.34780000,96981743.00000000,34410163.73270000,136125
2021-12-01,0.34780000,0.36300000,0.34110000,0.35050000,45406785.00000000,16028578.77090000,73179
2021-12-02,0.35050000,0.35060000,0.33320000,0.33930000,33633387.00000000,11473284.36630000,61048
2021-12-03,0.33930000,0.35020000,0.30960000,0.31530000,70129546.00000000,23002732.64570000,84829
2021-12-04,0.31510000,0.31590000,0.21110000,0.28560000,161841636.80000000,43538924.65858000,194687
2021-12-05,0.28580000,0.29090000,0.26260000,0.27510000,71477213.00000000,19689238.07020000,76253
2021-12-06,0.27510000,0.28320000,0.23890000,0.27890000,78569073.00000000,20292470.41590000,83750
2021-12-07,0.27890000,0.29150000,0.26740000,0.27280000,61031512.00000000,17050317.18300000,65878
2021-12-08,0.27270000,0.28130000,0.25900000,0.28070000,66852900.00000000,18151130.07110000,66771
2021-12-09,0.28100000,0.29150000,0.24870000,0.25150000,74175259.00000000,19802316.99260000,77272
2021-12-10,0.25140000,0.26250000,0.23540000,0.23660000,66362489.00000000,16613166.47460000,59088
2021-12-11,0.23640000,0.25590000,0.23260000,0.25350000,32937907.00000000,8110717.31500000,32295
2021-12-12,0.25360000,0.25860000,0.24370000,0.25570000,31022979.00000000,7806691.85460000,29246
2021-12-13,0.25550000,0.25850000,0.22120000,0.22560000,54332816.00000000,12800953.96260000,45479
2021-12-14,0.22570000,0.23580000,0.21720000,0.23320000,55583661.00000000,12598260.53680000,49721
2021-12-15,0.23310000,0.25760000,0.22590000,0.25620000,81029686.00000000,19497211.05180000,82566
2021-12-16,0.25640000,0.29020000,0.25460000,0.26080000,97575479.00000000,26115073.31020000,107868
2021-12-17,0.26080000,0.26810000,0.24060000,0.25080000,65019717.00000000,16488714.98690000,65919
2021-12-18,0.25110000,0.31230000,0.24430000,0.30830000,234745006.00000000,68123241.63890000,264188
2021-12-19,0.30840000,0.33460000,0.28980000,0.32400000,159729955.00000000,49796390.34130000,199202
2021-12-20,0.32430000,0.33000000,0.29470000,0.30490000,112016260.00000000,34680433.27000000,133992
2021-12-21,0.30460000,0.31600000,0.29940000,0.30840000,52710007.00000000,16234728.34580000,63611
2021-12-22,0.30830000,0.34330000,0.30820000,0.31840000,101538364.00000000,33578837.57110000,143844
2021-12-23,0.31840000,0.33380000,0.31390000,0.32910000,55291597.00000000,17904231.84120000,77965
2021-12-24,0.32920000,0.32960000,0.30570000,0.31040000,62085145.00000000,19800746.66590000,78611
2021-12-25,0.31040000,0.32020000,0.30770000,0.31480000,33502728.00000000,10511937.90920000,44858
2021-12-26,0.31490000,0.32270000,0.30250000,0.31840000,49386274.00000000,15542205.11280000,69191
2021-12-27,0.31870000,0.32550000,0.31210000,0.31390000,44511138.00000000,14252405.08930000,56183
2021-12-28,0.31370000,0.31400000,0.27890000,0.29070000,74055174.00000000,21883375.76090000,86315
2021-12-29,0.29070000,0.29620000,0.27520000,0.28260000,39969791.00000000,11436345.47690000,56578
2021-12-30,0.28260000,0.30890000,0.27740000,0.29760000,69415158.00000000,20597735.32100000,85664
2021-12-31,0.29730000,0.30890000,0.28310000,0.29040000,48786315.00000000,14502154.86150000,58223
2022-01-01,0.29010000,0.30150000,0.28900000,0.30030000,29120845.00000000,8614192.72490000,33457
2022-01-02,0.30030000,0.31940000,0.29690000,0.31210000,59984577.00000000,18619831.16890000,80627
2022-01-03,0.31180000,0.32010000,0.29740000,0.30660000,46620739.00000000,14378198.28150000,66062
2022-01-04,0.30670000,0.33750000,0.30250000,0.32500000,117334443.00000000,38389894.99140000,169826
2022-01-05,0.32500000,0.34120000,0.26970000,0.28760000,118521565.00000000,36905913.38780000,174425
2022-01-06,0.28710000,0.29900000,0.27070000,0.29410000,92679320.00000000,26394850.40260000,99908
2022-01-07,0.29420000,0.30030000,0.26610000,0.27290000,122351520.00000000,34574222.16010000,127204
2022-01-08,0.27290000,0.27770000,0.25210000,0.26470000,72681348.00000000,19409042.39240000,72234
2022-01-09,0.26450000,0.27620000,0.26200000,0.27140000,43622974.00000000,11734165.34570000,43318
2022-01-10,0.27150000,0.27560000,0.24910000,0.25940000,54510436.00000000,14311803.04170000,59681
2022-01-11,0.25930000,0.27580000,0.25670000,0.27540000,53345397.00000000,14220596.82900000,58356
2022-01-12,0.27530000,0.29840000,0.27270000,0.29650000,61378014.00000000,17707773.69770000,74935
2022-01-13,0.29640000,0.29690000,0.27630000,0.27810000,54011600.00000000,15380102.04170000,65361
2022-01-14,0.27810000,0.28570000,0.27300000,0.28130000,36315530.00000000,10179767.32600000,43529
2022-01-15,0.28130000,0.28460000,0.27760000,0.27960000,26994096.00000000,7603632.20600000,26750
2022-01-16,0.27950000,0.28270000,0.27370000,0.27890000,26391640.00000000,7350283.46630000,32377
2022-01-17,0.27890000,0.28400000,0.26540000,0.26990000,39853497.00000000,10924580.57260000,46724
2022-01-18,0.26980000,0.27210000,0.24850000,0.26570000,38649383.00000000,10119960.45380000,41494
2022-01-19,0.26570000,0.27340000,0.25220000,0.26720000,45593996.00000000,11969484.12900000,43447
2022-01-20,0.26720000,0.28200000,0.25840000,0.25980000,78238429.00000000,21383482.16660000,78208
2022-01-21,0.25970000,0.26820000,0.22800000,0.23430000,101604611.00000000,25183349.83400000,92628
2022-01-22,0.23430000,0.23920000,0.20200000,0.22200000,97445890.60000000,21376222.79542500,94310
2022-01-23,0.22190000,0.23360000,0.21300000,0.22250000,65812737.00000000,14628521.19090000,56250
2022-01-24,0.22220000,0.22220000,0.18600000,0.20640000,112714001.40000000,22542515.23446800,90479
2022-01-25,0.20630000,0.21690000,0.19720000,0.21140000,55187632.00000000,11371853.82570000,43065
2022-01-26,0.21150000,0.22450000,0.20410000,0.21190000,63148243.00000000,13597556.68620000,51218
2022-01-27,0.21170000,0.22400000,0.19960000,0.20840000,48276465.00000000,10013238.08230000,34433
2022-01-28,0.20840000,0.21790000,0.20440000,0.21600000,33698584.00000000,7102133.60930000,26456
2022-01-29,0.21590000,0.22480000,0.21450000,0.22220000,32085845.00000000,7059699.91690000,25182
2022-01-30,0.22210000,0.22760000,0.21420000,0.21890000,24687480.00000000,5455226.96980000,23346
2022-01-31,0.21890000,0.22340000,0.20800000,0.22170000,36899967.00000000,7918526.90040000,28054
2022-02-01,0.22170000,0.23420000,0.22080000,0.22910000,38636305.00000000,8805070.50300000,42490
2022-02-02,0.22910000,0.23400000,0.21870000,0.22020000,34104979.00000000,7720884.79020000,39530
2022-02-03,0.22020000,0.24710000,0.21380000,0.23730000,131504439.00000000,30805937.12640000,124306
2022-02-04,0.23730000,0.24950000,0.23470000,0.24860000,68720693.00000000,16716008.41090000,61712
2022-02-05,0.24860000,0.26310000,0.24740000,0.25760000,45961626.00000000,11754590.46020000,60047
2022-02-06,0.25740000,0.26120000,0.24960000,0.25820000,32393673.00000000,8262092.62210000,30936
2022-02-07,0.25820000,0.26950000,0.24930000,0.26110000,65062790.00000000,17020070.20030000,69392
2022-02-08,0.26110000,0.26410000,0.24180000,0.25370000,66638724.00000000,16804343.72400000,71083
2022-02-09,0.25400000,0.26620000,0.24690000,0.25670000,43071882.00000000,10983250.14380000,46765
2022-02-10,0.25670000,0.26130000,0.24160000,0.24600000,59083167.00000000,14972613.65360000,64877
2022-02-11,0.24620000,0.25390000,0.23050000,0.23360000,50439249.00000000,12261587.65080000,39443
2022-02-12,0.23340000,0.24070000,0.22420000,0.23130000,44002774.00000000,10207208.48030000,33552
2022-02-13,0.23120000,0.23420000,0.22200000,0.22660000,33211863.00000000,7596952.03880000,25567
2022-02-14,0.22660000,0.24400000,0.22130000,0.24160000,64232112.00000000,15014555.37290000,58751
2022-02-15,0.24200000,0.26590000,0.24100000,0.25890000,100029514.00000000,25718760.33850000,98936
2022-02-16,0.25890000,0.26700000,0.24810000,0.26090000,60604501.00000000,15566324.78200000,67687
2022-02-17,0.26090000,0.26850000,0.23290000,0.23450000,71348746.00000000,17709005.39770000,68128
2022-02-18,0.23450000,0.24230000,0.22530000,0.22870000,45505350.00000000,10653252.45790000,41553
2022-02-19,0.22870000,0.23470000,0.22220000,0.23230000,29839131.00000000,6835019.09010000,26476
2022-02-20,0.23220000,0.23580000,0.21370000,0.21500000,55215463.00000000,12137071.02780000,45834
2022-02-21,0.21490000,0.22550000,0.19610000,0.20080000,77106899.00000000,16306614.41990000,61495
2022-02-22,0.20100000,0.25950000,0.19480000,0.23540000,189171670.00000000,41388640.39660000,163397
2022-02-23,0.23540000,0.23950000,0.21750000,0.21810000,96131205.00000000,22035336.78850000,87317
2022-02-24,0.21820000,0.22400000,0.18710000,0.21600000,138995600.00000000,28037004.80830000,123767
2022-02-25,0.21590000,0.24300000,0.20820000,0.22480000,69312201.00000000,15225820.88250000,64724
2022-02-26,0.22480000,0.23280000,0.21920000,0.22350000,37579054.00000000,8447750.94210000,39602
2022-02-27,0.22360000,0.22530000,0.20630000,0.20980000,46651015.00000000,10058490.01060000,46189
2022-02-28,0.20980000,0.23070000,0.20690000,0.23030000,56942068.00000000,12514588.67190000,59173
2022-03-01,0.23030000,0.23520000,0.22200000,0.22730000,76454339.00000000,17428490.85970000,79815
2022-03-02,0.22730000,0.22830000,0.21760000,0.22280000,52674235.00000000,11790953.52640000,58136
2022-03-03,0.22280000,0.22980000,0.21430000,0.22110000,45922506.00000000,10168275.47900000,45175
2022-03-04,0.22110000,0.22140000,0.20330000,0.20550000,41606862.00000000,8800638.30020000,33007
2022-03-05,0.20560000,0.21200000,0.20160000,0.21020000,21957894.00000000,4563334.61740000,20546
2022-03-06,0.21030000,0.21190000,0.20100000,0.20270000,23991402.00000000,4962148.38100000,22211
2022-03-07,0.20270000,0.21360000,0.19800000,0.20600000,46609976.00000000,9595427.30130000,39210
2022-03-08,0.20580000,0.21390000,0.19890000,0.20500000,47308434.00000000,9794935.13430000,39315
2022-03-09,0.20490000,0.21550000,0.20000000,0.21290000,46887862.00000000,9869810.85450000,42135
2022-03-10,0.21270000,0.22140000,0.20150000,0.21660000,80015559.00000000,16838228.86060000,74488
2022-03-11,0.21650000,0.21660000,0.20470000,0.20560000,41070274.00000000,8614556.24750000,37368
2022-03-12,0.20560000,0.21220000,0.20510000,0.20540000,21949694.00000000,4578462.66250000,19449
2022-03-13,0.20540000,0.20940000,0.19810000,0.19940000,24870920.00000000,5069839.93410000,21519
2022-03-14,0.19940000,0.20570000,0.19820000,0.20340000,32531231.00000000,6564338.10630000,24275
2022-03-15,0.20340000,0.21300000,0.19530000,0.20020000,43999815.00000000,8789527.81580000,34694
2022-03-16,0.20020000,0.20550000,0.19210000,0.20470000,76028694.00000000,15125521.35910000,52325
2022-03-17,0.20470000,0.20910000,0.20320000,0.20540000,38607926.00000000,7952856.17330000,31663
2022-03-18,0.20530000,0.20830000,0.19920000,0.20810000,36766045.00000000,7490632.01810000,28789
2022-03-19,0.20800000,0.21370000,0.20660000,0.21020000,37296637.00000000,7846253.21150000,36189
2022-03-20,0.21020000,0.21260000,0.20570000,0.20910000,40453887.00000000,8442406.53870000,33561
2022-03-21,0.20900000,0.21610000,0.20500000,0.21130000,53765580.00000000,11341836.98860000,44865
2022-03-22,0.21110000,0.22000000,0.20990000,0.21500000,59340807.00000000,12791480.81060000,50050
2022-03-23,0.21490000,0.21950000,0.21050000,0.21790000,53483142.00000000,11515727.78740000,38760
2022-03-24,0.21800000,0.22840000,0.21750000,0.22040000,68854101.00000000,15285742.26300000,61129
2022-03-25,0.22040000,0.23040000,0.21680000,0.22330000,57327936.00000000,12847159.68820000,52591
2022-03-26,0.22330000,0.22750000,0.22150000,0.22730000,29259133.00000000,6576082.63450000,26410
2022-03-27,0.22720000,0.24760000,0.22650000,0.24220000,77573663.00000000,18417813.43620000,88136
2022-03-28,0.24220000,0.25700000,0.23400000,0.23590000,98926148.00000000,24269077.67690000,111200
2022-03-29,0.23600000,0.26950000,0.23500000,0.25430000,156040189.00000000,39902560.05560000,202909
2022-03-30,0.25410000,0.26000000,0.24310000,0.25440000,88238781.00000000,22306091.25040000,98029
2022-03-31,0.25450000,0.26160000,0.23230000,0.23610000,104500670.00000000,25930115.24930000,128650
2022-04-01,0.23610000,0.24900000,0.23010000,0.24660000,66771309.00000000,16047449.37160000,77991
2022-04-02,0.24670000,0.25280000,0.24250000,0.24530000,54206684.00000000,13441131.32430000,72803
2022-04-03,0.24530000,0.25030000,0.24050000,0.24800000,35490087.00000000,8740213.35740000,50435
2022-04-04,0.24820000,0.24830000,0.22800000,0.23870000,51309823.00000000,12249899.20530000,67605
2022-04-05,0.23870000,0.24050000,0.22560000,0.22720000,33870062.00000000,7960075.46230000,42265
2022-04-06,0.22730000,0.22740000,0.20820000,0.21050000,63671337.00000000,13815171.24530000,79057
2022-04-07,0.21020000,0.23040000,0.20610000,0.22260000,103216939.00000000,22775729.99730000,114185
2022-04-08,0.22250000,0.22430000,0.20620000,0.20840000,49601176.00000000,10698487.69490000,50723
2022-04-09,0.20820000,0.21620000,0.20710000,0.21360000,32694595.00000000,6891375.80810000,34518
2022-04-10,0.21380000,0.21890000,0.20800000,0.20840000,30662694.00000000,6552989.90200000,30832
2022-04-11,0.20850000,0.20910000,0.19200000,0.19490000,61771058.00000000,12353734.92830000,55483
2022-04-12,0.19490000,0.20360000,0.19210000,0.19850000,43705419.00000000,8674045.31320000,42720
2022-04-13,0.19850000,0.20410000,0.19490000,0.20340000,39700378.00000000,7928179.53590000,34727
2022-04-14,0.20340000,0.20570000,0.19240000,0.19630000,33727044.00000000,6730153.91820000,30062
2022-04-15,0.19620000,0.20160000,0.19410000,0.19990000,29288718.00000000,5803334.23660000,27325
2022-04-16,0.20000000,0.20410000,0.19650000,0.19810000,36134938.00000000,7226666.82200000,31629
2022-04-17,0.19810000,0.20000000,0.19010000,0.19230000,25314148.00000000,4970712.96570000,24708
2022-04-18,0.19230000,0.19520000,0.18120000,0.19490000,52623107.10000000,9887886.91613300,46159
2022-04-19,0.19490000,0.20040000,0.19220000,0.19920000,36242597.00000000,7136654.76280000,33567
2022-04-20,0.19920000,0.20380000,0.19260000,0.19620000,48852672.00000000,9692679.06840000,43604
2022-04-21,0.19610000,0.20250000,0.18530000,0.19090000,49985394.00000000,9849693.22380000,48059
2022-04-22,0.19080000,0.19470000,0.18680000,0.18970000,31701462.00000000,6042836.63480000,29515
2022-04-23,0.18980000,0.19090000,0.18620000,0.18690000,18768278.00000000,3548707.65360000,17619
2022-04-24,0.18700000,0.18950000,0.18380000,0.18580000,23810763.00000000,4449175.61880000,18208
2022-04-25,0.18580000,0.18630000,0.17140000,0.18160000,62472039.10000000,11109410.66999100,47819
2022-04-26,0.18160000,0.18330000,0.16380000,0.16760000,45436698.80000000,7945442.60187600,36531
2022-04-27,0.16750000,0.17420000,0.16450000,0.16940000,39169961.00000000,6635619.53790000,29548
2022-04-28,0.16940000,0.17360000,0.16630000,0.16990000,37325667.00000000,6335640.52340000,26450
2022-04-29,0.16990000,0.17170000,0.15580000,0.15890000,48079507.90000000,7867511.81638800,35040
2022-04-30,0.15900000,0.16290000,0.13030000,0.14140000,110725853.40000000,16680047.61987100,69583
2022-05-01,0.14130000,0.15150000,0.13690000,0.14590000,69468553.00000000,9984041.62290000,45358
2022-05-02,0.14570000,0.14820000,0.13290000,0.13990000,81557893.00000000,11432993.70530000,50546
2022-05-03,0.13990000,0.14690000,0.13690000,0.13850000,53110536.00000000,7514387.71070000,30073
2022-05-04,0.13840000,0.15150000,0.13720000,0.15120000,70060220.00000000,10062497.69700000,42880
2022-05-05,0.15130000,0.15530000,0.13250000,0.13550000,97121102.00000000,13855867.59620000,58470
2022-05-06,0.13550000,0.13690000,0.12790000,0.13390000,59825974.00000000,7940603.20893800,35458
2022-05-07,0.13380000,0.13590000,0.12580000,0.13030000,44445848.00000000,5867438.51587200,26599
2022-05-08,0.13020000,0.13120000,0.12450000,0.12780000,51373455.60000000,6557388.12948400,30221
2022-05-09,0.12780000,0.13500000,0.10480000,0.10620000,136706138.00000000,15981835.52226600,77183
2022-05-10,0.10610000,0.12190000,0.10300000,0.11480000,167075312.90000000,18918482.31988300,83440
2022-05-11,0.11450000,0.12020000,0.08370000,0.09140000,202224467.10000000,20850988.37612500,120160
2022-05-12,0.09100000,0.09710000,0.07360000,0.08690000,211242346.50000000,17695518.28517000,106917
2022-05-13,0.08690000,0.10730000,0.08510000,0.09630000,125079878.00000000,12430801.93060000,54775
2022-05-14,0.09630000,0.10500000,0.09160000,0.10160000,68160171.00000000,6654119.08150000,35571
2022-05-15,0.10170000,0.10810000,0.09710000,0.10810000,46131619.00000000,4722613.58780000,24577
2022-05-16,0.10780000,0.10960000,0.09780000,0.10220000,51913205.00000000,5308970.45800000,28449
2022-05-17,0.10220000,0.11100000,0.09980000,0.10970000,52337869.00000000,5528425.81270000,37764
2022-05-18,0.10960000,0.11030000,0.09810000,0.09920000,58526829.00000000,6022993.99890000,26935
2022-05-19,0.09930000,0.10680000,0.09610000,0.10370000,56936964.00000000,5762655.21430000,27528
2022-05-20,0.10370000,0.10580000,0.09770000,0.09960000,45490644.00000000,4629613.88210000,19675
2022-05-21,0.09960000,0.10320000,0.09820000,0.10120000,24923125.00000000,2512893.78260000,13544
2022-05-22,0.10130000,0.10520000,0.09900000,0.10420000,36819897.00000000,3789380.02510000,16832
2022-05-23,0.10430000,0.10830000,0.09720000,0.09860000,60678184.00000000,6289177.79250000,24768
2022-05-24,0.09850000,0.10200000,0.09300000,0.09940000,62940317.00000000,6167614.47570000,27037
2022-05-25,0.09940000,0.10110000,0.09560000,0.09780000,34929747.00000000,3412869.94810000,16569
2022-05-26,0.09780000,0.09940000,0.08720000,0.09070000,56202788.00000000,5205403.35350000,22520
2022-05-27,0.09070000,0.09310000,0.08570000,0.08720000,50957094.00000000,4549494.64960000,21823
2022-05-28,0.08720000,0.09030000,0.08610000,0.08900000,30106347.00000000,2661755.20290000,13609
2022-05-29,0.08900000,0.09080000,0.08640000,0.09070000,26507771.00000000,2352140.47180000,12559
2022-05-30,0.09070000,0.09900000,0.08960000,0.09780000,40125225.00000000,3805883.90750000,19321
2022-05-31,0.09780000,0.09920000,0.09270000,0.09430000,45163970.00000000,4318398.64230000,20974
2022-06-01,0.09440000,0.09820000,0.08830000,0.08950000,54398570.00000000,5107635.73990000,24743
2022-06-02,0.08950000,0.09300000,0.08770000,0.09220000,44361917.00000000,3999942.95480000,20002
2022-06-03,0.09240000,0.09300000,0.08760000,0.08870000,25254837.00000000,2265941.60910000,11686
2022-06-04,0.08870000,0.09070000,0.08740000,0.09030000,21091062.00000000,1878846.02590000,11060
2022-06-05,0.09030000,0.09610000,0.09020000,0.09360000,56903363.00000000,5306627.24530000,27933
2022-06-06,0.09360000,0.09830000,0.09330000,0.09680000,48013155.00000000,4619980.19500000,22387
2022-06-07,0.09680000,0.09690000,0.08870000,0.09070000,56051850.00000000,5104130.85760000,23828
2022-06-08,0.09060000,0.09200000,0.08670000,0.08790000,59862151.00000000,5345973.05690000,22492
2022-06-09,0.08800000,0.08950000,0.08600000,0.08660000,37602265.00000000,3304346.45220000,15377
2022-06-10,0.08660000,0.08730000,0.08000000,0.08110000,42793335.00000000,3560576.48880000,20780
2022-06-11,0.08120000,0.08320000,0.07480000,0.07810000,35056117.00000000,2756174.93330000,17998
2022-06-12,0.07820000,0.07880000,0.06940000,0.06950000,61134529.00000000,4438712.95350000,25087
2022-06-13,0.06950000,0.07100000,0.06070000,0.06610000,108192750.00000000,6995805.65772000,37946
2022-06-14,0.06590000,0.06840000,0.06080000,0.06730000,80607349.00000000,5272304.92540000,30621
2022-06-15,0.06720000,0.07210000,0.06000000,0.07210000,100118004.00000000,6486051.52020000,39273
2022-06-16,0.07200000,0.07280000,0.06430000,0.06530000,52741763.00000000,3564661.27450000,23509
2022-06-17,0.06540000,0.07010000,0.06480000,0.06810000,55185860.00000000,3747556.27770000,22526
2022-06-18,0.06800000,0.06930000,0.05810000,0.06220000,90318679.00000000,5733164.43180000,34402
2022-06-19,0.06230000,0.06810000,0.06010000,0.06650000,68673947.00000000,4384157.91100000,24818
2022-06-20,0.06650000,0.07430000,0.06530000,0.07060000,95714164.00000000,6697039.00510000,38724
2022-06-21,0.07060000,0.07980000,0.06950000,0.07370000,116698696.00000000,8784303.81980000,49233
2022-06-22,0.07380000,0.07700000,0.06980000,0.06980000,151620892.00000000,11228585.57220000,53616
2022-06-23,0.06980000,0.07380000,0.06960000,0.07330000,68437269.00000000,4932393.43460000,28850
2022-06-24,0.07340000,0.07620000,0.07250000,0.07380000,77822357.00000000,5794675.63860000,28977
2022-06-25,0.07380000,0.07550000,0.07060000,0.07410000,65327614.00000000,4784651.97430000,24520
2022-06-26,0.07410000,0.07590000,0.06840000,0.06870000,67402129.00000000,4874217.71060000,28478
2022-06-27,0.06880000,0.07230000,0.06830000,0.07000000,73113120.00000000,5132943.97160000,28302
2022-06-28,0.07000000,0.07080000,0.06500000,0.06590000,62502607.00000000,4264968.71620000,22679
2022-06-29,0.06600000,0.06680000,0.06400000,0.06470000,55658007.00000000,3641794.24510000,21836
2022-06-30,0.06470000,0.06490000,0.05970000,0.06350000,71547255.00000000,4413309.90210000,25274
2022-07-01,0.06340000,0.06510000,0.06070000,0.06170000,62267166.00000000,3890926.14680000,22796
2022-07-02,0.06170000,0.06390000,0.06080000,0.06330000,38279496.00000000,2385468.53900000,14917
2022-07-03,0.06340000,0.06380000,0.06090000,0.06240000,32852793.00000000,2043329.21940000,14095
2022-07-04,0.06250000,0.06400000,0.06030000,0.06360000,43896139.00000000,2726388.45560000,19005
2022-07-05,0.06360000,0.06490000,0.05500000,0.06170000,82974310.00000000,5136492.84350000,29377
2022-07-06,0.06170000,0.06290000,0.06070000,0.06250000,56944030.00000000,3513261.41190000,19539
2022-07-07,0.06250000,0.06550000,0.06180000,0.06480000,46112730.00000000,2937815.45460000,17869
2022-07-08,0.06480000,0.06670000,0.06290000,0.06400000,45374083.00000000,2925451.95890000,18862
2022-07-09,0.06410000,0.06990000,0.06390000,0.06860000,62310066.00000000,4182272.34220000,21653
2022-07-10,0.06860000,0.06920000,0.06330000,0.06490000,63030058.00000000,4130900.45020000,20266
2022-07-11,0.06480000,0.06570000,0.06000000,0.06080000,54858100.00000000,3428683.97490000,19571
2022-07-12,0.06070000,0.06200000,0.05920000,0.05940000,41938067.00000000,2551392.72000000,15793
2022-07-13,0.05940000,0.06340000,0.05790000,0.06320000,53160327.00000000,3212373.16940000,20686
2022-07-14,0.06320000,0.06440000,0.06080000,0.06410000,41074407.00000000,2573161.29970000,16023
2022-07-15,0.06410000,0.06660000,0.06300000,0.06520000,47367731.00000000,3078574.33600000,19948
2022-07-16,0.06510000,0.06750000,0.06360000,0.06660000,33901628.00000000,2222488.20380000,14515
2022-07-17,0.06660000,0.06720000,0.06410000,0.06470000,35605974.00000000,2336917.75300000,14966
2022-07-18,0.06480000,0.07200000,0.06460000,0.07050000,88608964.00000000,6134473.22080000,33310
2022-07-19,0.07040000,0.07480000,0.06920000,0.07340000,96868723.00000000,6980247.21990000,38365
2022-07-20,0.07340000,0.07730000,0.06970000,0.07040000,90288673.00000000,6703560.52110000,38615
2022-07-21,0.07030000,0.07190000,0.06780000,0.07120000,54977952.00000000,3842895.61930000,22640
2022-07-22,0.07120000,0.07540000,0.06890000,0.06940000,57406251.00000000,4151726.57580000,23887
2022-07-23,0.06940000,0.07180000,0.06670000,0.06860000,48921610.00000000,3380174.74650000,20473
2022-07-24,0.06860000,0.07420000,0.06780000,0.07240000,91489843.00000000,6577822.60230000,37083
2022-07-25,0.07240000,0.07240000,0.06500000,0.06510000,93004533.00000000,6369671.70210000,30584
2022-07-26,0.06520000,0.06590000,0.06320000,0.06580000,53785823.00000000,3455122.29690000,19603
2022-07-27,0.06580000,0.07070000,0.06420000,0.07060000,70349094.00000000,4695000.63040000,26645
2022-07-28,0.07060000,0.07300000,0.06770000,0.07230000,83489435.00000000,5874880.56620000,31753
2022-07-29,0.07240000,0.07410000,0.06920000,0.07150000,76645332.00000000,5510143.52470000,32398
2022-07-30,0.07160000,0.07860000,0.07060000,0.07280000,89702139.00000000,6652144.67480000,34152
2022-07-31,0.07290000,0.08170000,0.07230000,0.07570000,145496814.00000000,11271359.59480000,50894
2022-08-01,0.07560000,0.07830000,0.07440000,0.07680000,84852873.00000000,6478665.93990000,29210
2022-08-02,0.07690000,0.07800000,0.07230000,0.07260000,100682634.00000000,7511131.32490000,39613
2022-08-03,0.07260000,0.07400000,0.07020000,0.07070000,90519474.00000000,6534385.46720000,32940
2022-08-04,0.07080000,0.07340000,0.07050000,0.07200000,86402729.00000000,6181741.15600000,29425
2022-08-05,0.07210000,0.07610000,0.07160000,0.07580000,67702465.00000000,5009732.32830000,23147
2022-08-06,0.07580000,0.07900000,0.07540000,0.07680000,72597657.00000000,5594135.49940000,23673
2022-08-07,0.07680000,0.07860000,0.07560000,0.07700000,57248324.00000000,4427004.02130000,18744
2022-08-08,0.07700000,0.08030000,0.07680000,0.07990000,68563794.00000000,5416186.92800000,23562
2022-08-09,0.07990000,0.08160000,0.07190000,0.07480000,129057407.00000000,9870447.81940000,41042
2022-08-10,0.07470000,0.07890000,0.07240000,0.07880000,68933154.00000000,5263113.00330000,27432
2022-08-11,0.07890000,0.08450000,0.07860000,0.08090000,117349564.00000000,9496795.13490000,45137
2022-08-12,0.08100000,0.08320000,0.07900000,0.08290000,77234394.00000000,6272155.20920000,30878
2022-08-13,0.08280000,0.08400000,0.08100000,0.08120000,58357673.00000000,4810857.51890000,23172
2022-08-14,0.08130000,0.08250000,0.07780000,0.07890000,58252388.00000000,4693204.68170000,22745
2022-08-15,0.07900000,0.08090000,0.07660000,0.07780000,59185275.00000000,4653330.03530000,23906
2022-08-16,0.07780000,0.07840000,0.07580000,0.07680000,55562152.00000000,4277682.58700000,21705
2022-08-17,0.07690000,0.07910000,0.07280000,0.07350000,55999374.00000000,4251835.18120000,22024
2022-08-18,0.07350000,0.07470000,0.06790000,0.07080000,64680394.00000000,4710604.37400000,23534
2022-08-19,0.07070000,0.07070000,0.06380000,0.06530000,95380790.00000000,6309455.56240000,34173
2022-08-20,0.06530000,0.06830000,0.06510000,0.06760000,59232209.00000000,3967744.96590000,20215
2022-08-21,0.06770000,0.07030000,0.06660000,0.06960000,45580299.00000000,3125182.45350000,17892
2022-08-22,0.06960000,0.07100000,0.06360000,0.06650000,74724223.00000000,4980869.65630000,25437
2022-08-23,0.06640000,0.06760000,0.06410000,0.06710000,35995279.00000000,2387780.51700000,14404
2022-08-24,0.06710000,0.07050000,0.06510000,0.06740000,75310634.00000000,5101220.90740000,24916
2022-08-25,0.06740000,0.07000000,0.06720000,0.06970000,71577062.00000000,4897849.08660000,20936
2022-08-26,0.06960000,0.06970000,0.06170000,0.06270000,121978806.00000000,8134532.38340000,29710
2022-08-27,0.06270000,0.06370000,0.06160000,0.06290000,46223265.00000000,2898634.73130000,14383
2022-08-28,0.06280000,0.06520000,0.06220000,0.06260000,42180960.00000000,2693726.55490000,14322
2022-08-29,0.06260000,0.06610000,0.06180000,0.06580000,49245796.00000000,3165349.30300000,17389
2022-08-30,0.06590000,0.06640000,0.06230000,0.06340000,48050731.00000000,3100730.49650000,15689
2022-08-31,0.06350000,0.06740000,0.06270000,0.06310000,63036715.00000000,4090760.55420000,19695
2022-09-01,0.06310000,0.06360000,0.06110000,0.06340000,55292879.00000000,3444663.56470000,15874
2022-09-02,0.06350000,0.06370000,0.06070000,0.06170000,58719040.00000000,3666336.30510000,17872
2022-09-03,0.06170000,0.06220000,0.06050000,0.06080000,36899688.00000000,2264659.57350000,12612
2022-09-04,0.06090000,0.06160000,0.06030000,0.06150000,44445812.00000000,2710776.82770000,13641
2022-09-05,0.06140000,0.06310000,0.06010000,0.06220000,82452947.00000000,5079385.05980000,21136
2022-09-06,0.06220000,0.06360000,0.05760000,0.05840000,116391410.00000000,7105803.35150000,29610
2022-09-07,0.05840000,0.06120000,0.05760000,0.06070000,62575454.00000000,3714759.46050000,16925
2022-09-08,0.06070000,0.06160000,0.05920000,0.06110000,55490986.00000000,3359781.48350000,15550
2022-09-09,0.06120000,0.06440000,0.06100000,0.06370000,68682682.00000000,4330894.82370000,19059
2022-09-10,0.06370000,0.06500000,0.06280000,0.06380000,53507998.00000000,3410002.97810000,15178
2022-09-11,0.06390000,0.06500000,0.06240000,0.06400000,48922958.00000000,3120676.48200000,13840
2022-09-12,0.06390000,0.07430000,0.06290000,0.07380000,353425106.00000000,24022060.54060000,71341
2022-09-13,0.07380000,0.07400000,0.06410000,0.06480000,253416332.00000000,17299812.23940000,57752
2022-09-14,0.06480000,0.06550000,0.06240000,0.06420000,96585807.00000000,6166084.74170000,24528
2022-09-15,0.06410000,0.06420000,0.06020000,0.06100000,85937912.00000000,5327003.09910000,23269
2022-09-16,0.06100000,0.06150000,0.05970000,0.06060000,77548291.00000000,4705393.64120000,22139
2022-09-17,0.06070000,0.06240000,0.06070000,0.06170000,46131567.00000000,2836281.79550000,13646
2022-09-18,0.06170000,0.06180000,0.05610000,0.05750000,66169053.00000000,3928295.23050000,20257
2022-09-19,0.05750000,0.05940000,0.05610000,0.05890000,69764929.00000000,4022335.62870000,18409
2022-09-20,0.05890000,0.05940000,0.05650000,0.05750000,60894200.00000000,3517718.90770000,16038
2022-09-21,0.05750000,0.06050000,0.05560000,0.05650000,89256728.00000000,5157104.26560000,21480
2022-09-22,0.05650000,0.06030000,0.05640000,0.06000000,73685483.00000000,4330215.55840000,16910
2022-09-23,0.06010000,0.06240000,0.05890000,0.06110000,100596900.00000000,6094223.80050000,23850
2022-09-24,0.06120000,0.06390000,0.06090000,0.06100000,86979600.00000000,5435774.58760000,21839
2022-09-25,0.06100000,0.06220000,0.05840000,0.05890000,50841051.00000000,3068322.42080000,14378
2022-09-26,0.05890000,0.06060000,0.05790000,0.06010000,93762604.00000000,5547664.18220000,21887
2022-09-27,0.06010000,0.06160000,0.05760000,0.05820000,90944204.00000000,5456781.45120000,22601
2022-09-28,0.05830000,0.05870000,0.05610000,0.05790000,65727950.00000000,3788609.12840000,21239
2022-09-29,0.05800000,0.05840000,0.05650000,0.05780000,58534021.00000000,3366010.15220000,19572
2022-09-30,0.05790000,0.05840000,0.05700000,0.05730000,62379123.00000000,3595861.10790000,20141
2022-10-01,0.05730000,0.05790000,0.05680000,0.05760000,31885210.00000000,1829406.70810000,12430
2022-10-02,0.05760000,0.05810000,0.05610000,0.05630000,33716617.00000000,1921360.91980000,10756
2022-10-03,0.05630000,0.05820000,0.05570000,0.05780000,72963897.00000000,4167294.74650000,14794
2022-10-04,0.05780000,0.05870000,0.05730000,0.05840000,59544139.00000000,3463481.11030000,12554
2022-10-05,0.05840000,0.05850000,0.05650000,0.05800000,64731041.00000000,3723587.25150000,13133
2022-10-06,0.05810000,0.05900000,0.05760000,0.05810000,62762922.00000000,3649056.59400000,11991
2022-10-07,0.05810000,0.06110000,0.05770000,0.06040000,104808144.00000000,6212716.03860000,21701
2022-10-08,0.06040000,0.06080000,0.05920000,0.06030000,44737791.00000000,2687813.11980000,12867
2022-10-09,0.06020000,0.06140000,0.05940000,0.06020000,58352900.00000000,3519620.08250000,16388
2022-10-10,0.06010000,0.06080000,0.05820000,0.05820000,73845848.00000000,4400959.36750000,20044
2022-10-11,0.05820000,0.06250000,0.05700000,0.06090000,180361494.00000000,10962527.69440000,36358
2022-10-12,0.06090000,0.06750000,0.06060000,0.06560000,368261381.00000000,23842959.27910000,67937
2022-10-13,0.06560000,0.06720000,0.05820000,0.06500000,335634660.00000000,21079173.35500000,66732
2022-10-14,0.06500000,0.06570000,0.06060000,0.06160000,133997668.00000000,8438792.46500000,31975
2022-10-15,0.06150000,0.06310000,0.06020000,0.06030000,66207946.00000000,4072909.38340000,19695
2022-10-16,0.06030000,0.06170000,0.05960000,0.06130000,60011314.00000000,3639658.00430000,18497
2022-10-17,0.06140000,0.06280000,0.06020000,0.06250000,75782557.00000000,4680103.51240000,19677
2022-10-18,0.06260000,0.06450000,0.06080000,0.06220000,113677890.00000000,7141313.24610000,26957
2022-10-19,0.06230000,0.06280000,0.05860000,0.05940000,91561980.00000000,5532721.96590000,21368
2022-10-20,0.05930000,0.06000000,0.05720000,0.05840000,60647559.00000000,3571606.66040000,16945
2022-10-21,0.05830000,0.05990000,0.05650000,0.05970000,59590958.00000000,3469112.65990000,17514
2022-10-22,0.05970000,0.06010000,0.05860000,0.05980000,28952224.00000000,1721687.36910000,11175
2022-10-23,0.05980000,0.06090000,0.05840000,0.06060000,38481541.00000000,2289313.95380000,12534
2022-10-24,0.06070000,0.06070000,0.05790000,0.05870000,71520163.00000000,4211178.72710000,16911
2022-10-25,0.05870000,0.06110000,0.05830000,0.05970000,65387582.00000000,3903060.82470000,16554
2022-10-26,0.05960000,0.06130000,0.05950000,0.06050000,84216849.00000000,5087983.91680000,18749
2022-10-27,0.06050000,0.06190000,0.05810000,0.05870000,96312340.00000000,5785131.86230000,20481
2022-10-28,0.05860000,0.06040000,0.05820000,0.06010000,76389949.00000000,4531907.99300000,16600
2022-10-29,0.06000000,0.06210000,0.05980000,0.06130000,119102799.00000000,7234993.75540000,22463
2022-10-30,0.06130000,0.06280000,0.05980000,0.06060000,95190270.00000000,5848516.17770000,18635
2022-10-31,0.06060000,0.06150000,0.05900000,0.05950000,91845810.00000000,5532279.12880000,18510
2022-11-01,0.05950000,0.06020000,0.05820000,0.05830000,55321882.00000000,3281197.71650000,13912
2022-11-02,0.05820000,0.06010000,0.05720000,0.05870000,121048485.00000000,7117811.06850000,25192
2022-11-03,0.05870000,0.06150000,0.05860000,0.05980000,140421212.00000000,8428001.49390000,26396
2022-11-04,0.05970000,0.06380000,0.05910000,0.06340000,194965347.00000000,12054280.88790000,38811
2022-11-05,0.06340000,0.06410000,0.06110000,0.06220000,125206075.00000000,7890019.51430000,27672
2022-11-06,0.06220000,0.06280000,0.05870000,0.05910000,100261850.00000000,6146305.97420000,23329
2022-11-07,0.05910000,0.06040000,0.05810000,0.05910000,116826763.00000000,6935374.53080000,26356
2022-11-08,0.05910000,0.05960000,0.04390000,0.05210000,385293429.60000000,20660656.80780000,88188
2022-11-09,0.05210000,0.05240000,0.04240000,0.04420000,353419322.00000000,17039267.37120000,65746
2022-11-10,0.04420000,0.05290000,0.04350000,0.05000000,293401114.00000000,14461912.58160000,46749
2022-11-11,0.05000000,0.05060000,0.04560000,0.04830000,123091712.00000000,5920825.66420000,26168
2022-11-12,0.04830000,0.04890000,0.04560000,0.04710000,71979738.00000000,3370475.83210000,14922
2022-11-13,0.04710000,0.04920000,0.04460000,0.04530000,100190416.00000000,4679492.50940000,20961
2022-11-14,0.04520000,0.04750000,0.04310000,0.04730000,145331336.00000000,6600621.46710000,29152
2022-11-15,0.04730000,0.05040000,0.04660000,0.04920000,97604432.00000000,4765588.42320000,19909
2022-11-16,0.04910000,0.04950000,0.04680000,0.04810000,59045312.00000000,2838866.19510000,12644
2022-11-17,0.04810000,0.05120000,0.04810000,0.04850000,103554264.00000000,5155653.96280000,22342
2022-11-18,0.04850000,0.04930000,0.04770000,0.04830000,37327074.00000000,1813194.65800000,10964
2022-11-19,0.04830000,0.04930000,0.04670000,0.04870000,33627244.00000000,1619816.08990000,10365
2022-11-20,0.04880000,0.05000000,0.04570000,0.04610000,40588157.00000000,1938620.68510000,11729
2022-11-21,0.04610000,0.04690000,0.04480000,0.04510000,64177351.00000000,2939941.80440000,14148
2022-11-22,0.04510000,0.04680000,0.04430000,0.04660000,64965557.00000000,2973796.11510000,12604
2022-11-23,0.04650000,0.04860000,0.04640000,0.04850000,48427759.00000000,2299624.99010000,10635
2022-11-24,0.04840000,0.04990000,0.04790000,0.04950000,45052204.00000000,2202067.68200000,11326
2022-11-25,0.04960000,0.04970000,0.04800000,0.04910000,38318918.00000000,1874886.73110000,9717
2022-11-26,0.04910000,0.05070000,0.04900000,0.04940000,34987999.00000000,1743355.13110000,10247
2022-11-27,0.04940000,0.05100000,0.04900000,0.04920000,30538377.00000000,1527458.71120000,9711
2022-11-28,0.04910000,0.04950000,0.04730000,0.04840000,52923391.00000000,2559120.87360000,11614
2022-11-29,0.04840000,0.04970000,0.04790000,0.04930000,33640073.00000000,1644434.03720000,8073
2022-11-30,0.04940000,0.05080000,0.04890000,0.05060000,34843344.00000000,1744433.01710000,9143
2022-12-01,0.05070000,0.05070000,0.04860000,0.04920000,51823557.00000000,2571526.38720000,9952
2022-12-02,0.04910000,0.04950000,0.04810000,0.04890000,61442873.00000000,2993593.57220000,10514
2022-12-03,0.04890000,0.04910000,0.04730000,0.04760000,44832242.00000000,2156033.80350000,9997
2022-12-04,0.04750000,0.04840000,0.04730000,0.04810000,63438104.00000000,3026814.93350000,11785
2022-12-05,0.04800000,0.04920000,0.04790000,0.04860000,41225147.00000000,2005879.70760000,9307
2022-12-06,0.04860000,0.04880000,0.04770000,0.04820000,32816298.00000000,1585558.54800000,7388
2022-12-07,0.04820000,0.04830000,0.04610000,0.04710000,42860912.00000000,2013814.83400000,9797
2022-12-08,0.04710000,0.04810000,0.04670000,0.04780000,43347857.00000000,2050081.24350000,9236
2022-12-09,0.04790000,0.04840000,0.04750000,0.04810000,31497791.00000000,1510803.92510000,6799
2022-12-10,0.04810000,0.04890000,0.04800000,0.04830000,25745311.00000000,1245038.23940000,6688
2022-12-11,0.04830000,0.04890000,0.04780000,0.04780000,28543115.00000000,1380932.79330000,6437
2022-12-12,0.04790000,0.04800000,0.04650000,0.04730000,46692542.00000000,2195346.10060000,8608
2022-12-13,0.04740000,0.04830000,0.04590000,0.04780000,82545722.00000000,3877798.44470000,11992
2022-12-14,0.04780000,0.04790000,0.04640000,0.04670000,58521684.00000000,2766578.46410000,10040
2022-12-15,0.04660000,0.04680000,0.04500000,0.04580000,50853114.00000000,2330035.26580000,9347
2022-12-16,0.04580000,0.04610000,0.04130000,0.04210000,69792441.00000000,3053469.49030000,12747
2022-12-17,0.04210000,0.04320000,0.04090000,0.04300000,34478637.00000000,1457328.80750000,8119
2022-12-18,0.04300000,0.04440000,0.04290000,0.04380000,33873034.00000000,1483277.87880000,5993
2022-12-19,0.04390000,0.04440000,0.04000000,0.04090000,43181250.00000000,1840942.49970000,8402
2022-12-20,0.04090000,0.04300000,0.04070000,0.04280000,39286082.00000000,1658841.76530000,6690
2022-12-21,0.04290000,0.04340000,0.04200000,0.04270000,36411920.00000000,1553129.62690000,7638
2022-12-22,0.04280000,0.04360000,0.04240000,0.04350000,26632367.00000000,1144993.81780000,6026
2022-12-23,0.04340000,0.04390000,0.04320000,0.04360000,21137544.00000000,920496.02860000,5026
2022-12-24,0.04350000,0.04410000,0.04350000,0.04380000,17540054.00000000,768114.00150000,4326
2022-12-25,0.04380000,0.04410000,0.04280000,0.04350000,18486414.00000000,803587.21210000,4774
2022-12-26,0.04360000,0.04400000,0.04330000,0.04390000,17897777.00000000,781635.91380000,4557
2022-12-27,0.04400000,0.04440000,0.04190000,0.04230000,49737577.00000000,2143725.43750000,8577
2022-12-28,0.04230000,0.04240000,0.04020000,0.04070000,64706645.00000000,2674893.41200000,9268
2022-12-29,0.04070000,0.04090000,0.03850000,0.03930000,77141579.00000000,3067297.22390000,10981
2022-12-30,0.03930000,0.03940000,0.03730000,0.03750000,103671286.00000000,3974182.08660000,12096
2022-12-31,0.03760000,0.03760000,0.03560000,0.03650000,103879177.00000000,3809658.15590000,12260
2023-01-01,0.03650000,0.03900000,0.03620000,0.03810000,64013940.00000000,2417323.92420000,8792
2023-01-02,0.03810000,0.03950000,0.03740000,0.03890000,71072327.00000000,2740375.84260000,8527
2023-01-03,0.03890000,0.03940000,0.03790000,0.03820000,51095658.00000000,1980955.34340000,6539
2023-01-04,0.03810000,0.03910000,0.03770000,0.03850000,107384223.00000000,4128974.49150000,11159
2023-01-05,0.03850000,0.03890000,0.03770000,0.03840000,81321580.00000000,3115816.59440000,8000
2023-01-06,0.03840000,0.03920000,0.03670000,0.03920000,65692407.00000000,2477318.30790000,8620
2023-01-07,0.03910000,0.04000000,0.03860000,0.03960000,36501544.00000000,1431784.35900000,6065
2023-01-08,0.03970000,0.04230000,0.03900000,0.04180000,73797962.00000000,2990456.96210000,10646
2023-01-09,0.04180000,0.04600000,0.04170000,0.04440000,167513134.00000000,7387256.78190000,23427
2023-01-10,0.04440000,0.04550000,0.04320000,0.04450000,130402097.00000000,5772829.64720000,19637
2023-01-11,0.04460000,0.04580000,0.04330000,0.04580000,97770490.00000000,4337994.39390000,15777
2023-01-12,0.04580000,0.04830000,0.04500000,0.04760000,162618898.00000000,7576976.39860000,28424
2023-01-13,0.04760000,0.05070000,0.04630000,0.05050000,109521940.00000000,5253250.94000000,20756
2023-01-14,0.05050000,0.05380000,0.04970000,0.05320000,172529199.00000000,8904736.57750000,30267
2023-01-15,0.05310000,0.05330000,0.05010000,0.05230000,99001585.00000000,5132757.49850000,17122
2023-01-16,0.05230000,0.05470000,0.05070000,0.05380000,122411345.00000000,6479606.95380000,21115
2023-01-17,0.05370000,0.05490000,0.05250000,0.05440000,108046802.00000000,5814175.93200000,17519
2023-01-18,0.05440000,0.06040000,0.05380000,0.05400000,207799895.00000000,11758080.31610000,43586
2023-01-19,0.05390000,0.06240000,0.05310000,0.06120000,205256740.00000000,11901896.94200000,41559
2023-01-20,0.06120000,0.08090000,0.05930000,0.07250000,422381575.00000000,29599977.67230000,109369
2023-01-21,0.07250000,0.07460000,0.06890000,0.07170000,289463493.00000000,20936832.33170000,62031
2023-01-22,0.07180000,0.07350000,0.06740000,0.06900000,147298204.00000000,10366911.90480000,36244
2023-01-23,0.06900000,0.07040000,0.06710000,0.06840000,111913651.00000000,7735985.89290000,26687
2023-01-24,0.06830000,0.07070000,0.06170000,0.06270000,127414563.00000000,8530812.18680000,33483
2023-01-25,0.06260000,0.07070000,0.06240000,0.06700000,178136233.00000000,11640916.95610000,43584
2023-01-26,0.06700000,0.07070000,0.06530000,0.06690000,116337963.00000000,7846482.64580000,27188
2023-01-27,0.06700000,0.07110000,0.06490000,0.06940000,112073267.00000000,7641423.99130000,27892
2023-01-28,0.06940000,0.07010000,0.06630000,0.06680000,60255320.00000000,4104033.42870000,16068
2023-01-29,0.06680000,0.07070000,0.06650000,0.06940000,84283390.00000000,5788705.51540000,20523
2023-01-30,0.06950000,0.07000000,0.06270000,0.06400000,115869640.00000000,7625093.05270000,29044
2023-01-31,0.06400000,0.06670000,0.06380000,0.06450000,96044431.00000000,6246623.80450000,23516
2023-02-01,0.06460000,0.07050000,0.06220000,0.06960000,167928627.00000000,11068832.61420000,42948
2023-02-02,0.06960000,0.07090000,0.06640000,0.06700000,135443620.00000000,9338734.01780000,32885
2023-02-03,0.06700000,0.07370000,0.06670000,0.07220000,173718633.00000000,12235515.55290000,38750
2023-02-04,0.07230000,0.07790000,0.07020000,0.07330000,155723082.00000000,11472272.75650000,36113
2023-02-05,0.07340000,0.07470000,0.06800000,0.06990000,142522424.00000000,10133519.51070000,34804
2023-02-06,0.06990000,0.07150000,0.06670000,0.06750000,91150333.00000000,6318170.19410000,22260
2023-02-07,0.06740000,0.07890000,0.06740000,0.07480000,402943710.00000000,29932046.12950000,84902
2023-02-08,0.07490000,0.07940000,0.07240000,0.07520000,251735416.00000000,19117508.66810000,56701
2023-02-09,0.07510000,0.07630000,0.06760000,0.07160000,199116933.00000000,14258185.44620000,46636
2023-02-10,0.07150000,0.07840000,0.07130000,0.07610000,307259566.00000000,23231156.14240000,80735
2023-02-11,0.07600000,0.09070000,0.07570000,0.08810000,522125929.00000000,44749867.28600000,157176
2023-02-12,0.08800000,0.09870000,0.08590000,0.08680000,415099006.00000000,38144630.69460000,135335
2023-02-13,0.08680000,0.08890000,0.07890000,0.08600000,373182193.00000000,31301729.93880000,102126
2023-02-14,0.08600000,0.09100000,0.08330000,0.08760000,304738447.00000000,26609362.47960000,92604
2023-02-15,0.08760000,0.09260000,0.08410000,0.09150000,199949064.00000000,17598364.80980000,55548
2023-02-16,0.09150000,0.09280000,0.08330000,0.08390000,259642250.00000000,23203678.70360000,65238
2023-02-17,0.08390000,0.08790000,0.08360000,0.08530000,153131227.00000000,13158083.64480000,39228
2023-02-18,0.08530000,0.08700000,0.08430000,0.08640000,90360219.00000000,7742895.77220000,25032
2023-02-19,0.08640000,0.09220000,0.08610000,0.08740000,177164333.00000000,15769699.74870000,51008
2023-02-20,0.08750000,0.08970000,0.08420000,0.08680000,132038958.00000000,11559578.03420000,35447
2023-02-21,0.08680000,0.08700000,0.08030000,0.08250000,149495178.00000000,12530646.16650000,39519
2023-02-22,0.08260000,0.08280000,0.07830000,0.08230000,142226582.00000000,11460799.37480000,36719
2023-02-23,0.08230000,0.08330000,0.07930000,0.08070000,79169504.00000000,6453705.29260000,22814
2023-02-24,0.08080000,0.08230000,0.07500000,0.07710000,127937135.00000000,10076809.09420000,30645
2023-02-25,0.07720000,0.07800000,0.07210000,0.07500000,76268766.00000000,5719664.79910000,19737
2023-02-26,0.07500000,0.07620000,0.07360000,0.07480000,62846860.00000000,4702493.13280000,16921
2023-02-27,0.07480000,0.07490000,0.07050000,0.07220000,107436548.00000000,7809234.72670000,25856
2023-02-28,0.07230000,0.07300000,0.06830000,0.06910000,98555991.00000000,6975214.02450000,21260
2023-03-01,0.06910000,0.07350000,0.06860000,0.07070000,130117767.00000000,9207591.49470000,28441
2023-03-02,0.07080000,0.07090000,0.06610000,0.06890000,78565456.00000000,5351070.63170000,18312
2023-03-03,0.06890000,0.06900000,0.06190000,0.06400000,110667829.00000000,7148151.44810000,26648
2023-03-04,0.06400000,0.06620000,0.06190000,0.06440000,80235934.00000000,5183962.46430000,15958
2023-03-05,0.06440000,0.06600000,0.06370000,0.06390000,60394083.00000000,3933253.50770000,12674
2023-03-06,0.06390000,0.06500000,0.06280000,0.06390000,57449108.00000000,3672563.01470000,12179
2023-03-07,0.06390000,0.06470000,0.06120000,0.06260000,67535361.00000000,4258458.53960000,13077
2023-03-08,0.06270000,0.06310000,0.05870000,0.06060000,81553626.00000000,4990032.64400000,18125
2023-03-09,0.06060000,0.06150000,0.05420000,0.05740000,152671452.00000000,8874717.26100000,29203
2023-03-10,0.05740000,0.06000000,0.05430000,0.05890000,150468500.00000000,8625994.68970000,26868
2023-03-11,0.05890000,0.06140000,0.05570000,0.05830000,103375996.00000000,6070877.16360000,25131
2023-03-12,0.05830000,0.06190000,0.05580000,0.06180000,115390455.00000000,6705157.03520000,20586
2023-03-13,0.06180000,0.06510000,0.05870000,0.06450000,172251780.00000000,10652937.90520000,30099
2023-03-14,0.06450000,0.06850000,0.06300000,0.06580000,189949596.00000000,12481617.27600000,39769
2023-03-15,0.06590000,0.06720000,0.05880000,0.05990000,165692447.00000000,10389834.48210000,33762
2023-03-16,0.05990000,0.06260000,0.05890000,0.06090000,132244070.00000000,7993031.09910000,25226
2023-03-17,0.06090000,0.06550000,0.06000000,0.06530000,160220354.00000000,10016548.15720000,28420
2023-03-18,0.06530000,0.06640000,0.06170000,0.06240000,157503204.00000000,10149228.51500000,31267
2023-03-19,0.06250000,0.06640000,0.06200000,0.06490000,122678202.00000000,7916715.54060000,24923
2023-03-20,0.06490000,0.06500000,0.05970000,0.06150000,145533662.00000000,9138373.23210000,28340
2023-03-21,0.06150000,0.06430000,0.05920000,0.06390000,143104831.00000000,8907631.70660000,28768
2023-03-22,0.06390000,0.06590000,0.05850000,0.06030000,164763252.00000000,10277087.61460000,32410
2023-03-23,0.06030000,0.06350000,0.05970000,0.06230000,90382345.00000000,5557950.02970000,19470
2023-03-24,0.06230000,0.06250000,0.05890000,0.05990000,86592347.00000000,5248834.02980000,16934
2023-03-25,0.05990000,0.06100000,0.05870000,0.06010000,67709116.00000000,4054988.61760000,14894
2023-03-26,0.06010000,0.06250000,0.05970000,0.06190000,84919381.00000000,5203088.00870000,17495
2023-03-27,0.06190000,0.06200000,0.05690000,0.05920000,99869496.00000000,5936024.88440000,20618
2023-03-28,0.05930000,0.06040000,0.05790000,0.05950000,91061102.00000000,5383557.34580000,18249
2023-03-29,0.05950000,0.06890000,0.05930000,0.06870000,208603153.00000000,13279194.14810000,47143
2023-03-30,0.06860000,0.06870000,0.06270000,0.06490000,229810525.00000000,15016941.22950000,45528
2023-03-31,0.06500000,0.07680000,0.06500000,0.07310000,612576430.00000000,43921790.53100000,131635
2023-04-01,0.07310000,0.07610000,0.06970000,0.07050000,177430696.00000000,12732503.91740000,43918
2023-04-02,0.07060000,0.07790000,0.07050000,0.07300000,288098084.00000000,21355140.82260000,70821
2023-04-03,0.07310000,0.07310000,0.06640000,0.06820000,199318203.00000000,13931355.51970000,43863
2023-04-04,0.06820000,0.06880000,0.06600000,0.06750000,158836937.00000000,10700183.25600000,33439
2023-04-05,0.06750000,0.06840000,0.06540000,0.06700000,176107216.00000000,11825311.18970000,30476
2023-04-06,0.06700000,0.06710000,0.06470000,0.06550000,108544924.00000000,7126256.57110000,23219
2023-04-07,0.06550000,0.06620000,0.06440000,0.06500000,86281730.00000000,5612422.84160000,17303
2023-04-08,0.06490000,0.06570000,0.06440000,0.06470000,55871946.00000000,3637987.44510000,13549
2023-04-09,0.06480000,0.06510000,0.06330000,0.06440000,64607449.00000000,4140674.83650000,15072
2023-04-10,0.06440000,0.06650000,0.06420000,0.06620000,84685376.00000000,5543160.72640000,19816
2023-04-11,0.06610000,0.06650000,0.06500000,0.06530000,97999254.00000000,6451303.20690000,20626
2023-04-12,0.06520000,0.06550000,0.06270000,0.06400000,131283351.00000000,8377622.13400000,25697
2023-04-13,0.06410000,0.06690000,0.06340000,0.06660000,92130248.00000000,6024498.19950000,18102
2023-04-14,0.06670000,0.06840000,0.06490000,0.06740000,157619686.00000000,10550040.76780000,31555
2023-04-15,0.06730000,0.06980000,0.06690000,0.06800000,120655853.00000000,8231691.82240000,23372
2023-04-16,0.06810000,0.06990000,0.06670000,0.06910000,98117679.00000000,6702943.57170000,18740
2023-04-17,0.06910000,0.06920000,0.06580000,0.06640000,115246688.00000000,7745358.25010000,22069
2023-04-18,0.06640000,0.06890000,0.06560000,0.06800000,120512050.00000000,8164480.56670000,23079
2023-04-19,0.06800000,0.06830000,0.06020000,0.06240000,166360124.00000000,10634318.15350000,36604
2023-04-20,0.06230000,0.06420000,0.06070000,0.06180000,103428165.00000000,6457935.52190000,21901
2023-04-21,0.06180000,0.06240000,0.05880000,0.05960000,132118712.00000000,8057897.84900000,22156
2023-04-22,0.05960000,0.06140000,0.05930000,0.06110000,54235215.00000000,3276209.11600000,10145
2023-04-23,0.06110000,0.06130000,0.05920000,0.06020000,76332152.00000000,4619593.47070000,12507
2023-04-24,0.06030000,0.06100000,0.05850000,0.05980000,80504179.00000000,4818695.54250000,14022
2023-04-25,0.05990000,0.06130000,0.05850000,0.06080000,77703218.00000000,4614400.53150000,14769
2023-04-26,0.06090000,0.06400000,0.05810000,0.06040000,100437562.00000000,6160551.66540000,21266
2023-04-27,0.06050000,0.06190000,0.05980000,0.06120000,69911631.00000000,4254318.06140000,19741
2023-04-28,0.06120000,0.06130000,0.06000000,0.06060000,38774761.00000000,2351576.40450000,12379
2023-04-29,0.06060000,0.06130000,0.06020000,0.06070000,33625801.00000000,2040971.03270000,9087
2023-04-30,0.06080000,0.06560000,0.06060000,0.06350000,270310997.00000000,17174074.06950000,63028
2023-05-01,0.06350000,0.06430000,0.05890000,0.05930000,108379197.00000000,6597664.50450000,28905
2023-05-02,0.05930000,0.05940000,0.05750000,0.05880000,68947284.00000000,4029017.08680000,18195
2023-05-03,0.05880000,0.05890000,0.05600000,0.05850000,75590686.00000000,4334994.72650000,22519
2023-05-04,0.05860000,0.05900000,0.05700000,0.05740000,42371599.00000000,2453836.96230000,12978
2023-05-05,0.05750000,0.05870000,0.05710000,0.05830000,51909785.00000000,3007324.36610000,17186
2023-05-06,0.05830000,0.05870000,0.05550000,0.05690000,43750227.00000000,2496928.71260000,14884
2023-05-07,0.05690000,0.05740000,0.05620000,0.05640000,35305961.00000000,2005195.85290000,11544
2023-05-08,0.05640000,0.05690000,0.05160000,0.05450000,103149113.00000000,5593940.74550000,25271
2023-05-09,0.05450000,0.05450000,0.05310000,0.05400000,50772437.00000000,2730157.80520000,12305
2023-05-10,0.05400000,0.05530000,0.05170000,0.05420000,74565117.00000000,4028105.15880000,21192
2023-05-11,0.05430000,0.05430000,0.05020000,0.05130000,111738545.00000000,5809176.57390000,27198
2023-05-12,0.05130000,0.05230000,0.04990000,0.05220000,73083716.00000000,3740170.48320000,21830
2023-05-13,0.05220000,0.05240000,0.05100000,0.05130000,47871913.00000000,2471903.19780000,14661
2023-05-14,0.05130000,0.05240000,0.05100000,0.05170000,37760872.00000000,1950699.91050000,10845
2023-05-15,0.05180000,0.05330000,0.05100000,0.05230000,55886159.00000000,2935348.95220000,14264
2023-05-16,0.05240000,0.05290000,0.05150000,0.05230000,57693796.00000000,3014965.94080000,13248
2023-05-17,0.05230000,0.05370000,0.05120000,0.05330000,73605211.00000000,3849688.65220000,17601
2023-05-18,0.05330000,0.05340000,0.05130000,0.05230000,54120657.00000000,2837890.39990000,14716
2023-05-19,0.05230000,0.05310000,0.05210000,0.05290000,38538962.00000000,2024843.05540000,11393
2023-05-20,0.05290000,0.05320000,0.05250000,0.05290000,22992321.00000000,1215312.00860000,7530
2023-05-21,0.05300000,0.05310000,0.05170000,0.05230000,31621677.00000000,1657875.81430000,10118
2023-05-22,0.05220000,0.05250000,0.05140000,0.05200000,44150657.00000000,2296603.83560000,10439
2023-05-23,0.05200000,0.05310000,0.05190000,0.05220000,53863082.00000000,2821570.40690000,11659
2023-05-24,0.05230000,0.05230000,0.05000000,0.05080000,67547355.00000000,3438218.57120000,16070
2023-05-25,0.05080000,0.05120000,0.04960000,0.05060000,45698292.00000000,2314859.05210000,10916
2023-05-26,0.05060000,0.05220000,0.05020000,0.05210000,48399444.00000000,2474687.51200000,11352
2023-05-27,0.05210000,0.05250000,0.05150000,0.05210000,38854776.00000000,2020288.66970000,9514
2023-05-28,0.05200000,0.05400000,0.05180000,0.05330000,67488679.00000000,3570721.78800000,13619
2023-05-29,0.05330000,0.05380000,0.05210000,0.05270000,58253200.00000000,3076113.09560000,12139
2023-05-30,0.05270000,0.05310000,0.05210000,0.05270000,56708017.00000000,2989966.14920000,14151
2023-05-31,0.05270000,0.05310000,0.05080000,0.05120000,60049689.00000000,3093754.70020000,13116
2023-06-01,0.05120000,0.05160000,0.05000000,0.05020000,72473972.00000000,3690374.68900000,15601
2023-06-02,0.05020000,0.05100000,0.04990000,0.05090000,61443098.00000000,3103429.04480000,11373
2023-06-03,0.05080000,0.05090000,0.05010000,0.05020000,44300416.00000000,2235327.80940000,10356
2023-06-04,0.05020000,0.05090000,0.05000000,0.05010000,50021924.00000000,2526795.67900000,11783
2023-06-05,0.05010000,0.05060000,0.04640000,0.04880000,145803395.00000000,7108170.42340000,24090
2023-06-06,0.04870000,0.04990000,0.04740000,0.04950000,99931256.00000000,4873582.22130000,14891
2023-06-07,0.04950000,0.04980000,0.04780000,0.04840000,87724180.00000000,4283153.79160000,15928
2023-06-08,0.04830000,0.04880000,0.04740000,0.04860000,52438115.00000000,2526394.61700000,12120
2023-06-09,0.04860000,0.04910000,0.04760000,0.04840000,62218275.00000000,3014808.27840000,13005
2023-06-10,0.04840000,0.04850000,0.03990000,0.04550000,237397924.00000000,10380345.78330000,41841
2023-06-11,0.04550000,0.04570000,0.04340000,0.04440000,78981764.00000000,3499630.08580000,15191
2023-06-12,0.04440000,0.04540000,0.04340000,0.04520000,86504725.00000000,3847658.36740000,15481
2023-06-13,0.04530000,0.04690000,0.04470000,0.04680000,76501937.00000000,3512738.57060000,15317
2023-06-14,0.04690000,0.04780000,0.04530000,0.04530000,90156575.00000000,4198941.42050000,16851
2023-06-15,0.04530000,0.04630000,0.04200000,0.04280000,168456938.00000000,7322712.24380000,27518
2023-06-16,0.04290000,0.04490000,0.04200000,0.04440000,137588513.00000000,5921763.75170000,20472
2023-06-17,0.04440000,0.04650000,0.04410000,0.04570000,78446317.00000000,3577217.07150000,12794
2023-06-18,0.04580000,0.04640000,0.04480000,0.04520000,67211331.00000000,3058255.62080000,12532
2023-06-19,0.04530000,0.04570000,0.04420000,0.04500000,57475982.00000000,2584722.25910000,10432
2023-06-20,0.04500000,0.04940000,0.04470000,0.04900000,298958281.00000000,13929724.88500000,38362
2023-06-21,0.04900000,0.05120000,0.04890000,0.05040000,184026738.00000000,9204464.48020000,28286
2023-06-22,0.05050000,0.05220000,0.04960000,0.05010000,155944847.00000000,7929556.57660000,30325
2023-06-23,0.05010000,0.05370000,0.04990000,0.05200000,105754852.00000000,5480356.28500000,29730
2023-06-24,0.05210000,0.05300000,0.05080000,0.05120000,68403871.00000000,3553122.75830000,20205
2023-06-25,0.05120000,0.05900000,0.05090000,0.05190000,188663269.00000000,10167983.18870000,47151
2023-06-26,0.05190000,0.05290000,0.04910000,0.04960000,102115739.00000000,5180217.44910000,24145
2023-06-27,0.04960000,0.05130000,0.04940000,0.05050000,68171198.00000000,3440660.00610000,15878
2023-06-28,0.05060000,0.05060000,0.04720000,0.04760000,86634821.00000000,4229191.45380000,21274
2023-06-29,0.04760000,0.04990000,0.04750000,0.04820000,60756098.00000000,2956443.28600000,14330
2023-06-30,0.04820000,0.05150000,0.04700000,0.05070000,168932435.00000000,8404459.27620000,37383
2023-07-01,0.05060000,0.05200000,0.05000000,0.05070000,94994427.00000000,4811599.10910000,20606
2023-07-02,0.05070000,0.05080000,0.04930000,0.05010000,74072244.00000000,3705716.78640000,15380
2023-07-03,0.05010000,0.05150000,0.04970000,0.05020000,110312735.00000000,5590266.54490000,22503
2023-07-04,0.05020000,0.05040000,0.04810000,0.04850000,103048746.00000000,5075419.40340000,19225
2023-07-05,0.04850000,0.04920000,0.04660000,0.04720000,98585630.00000000,4713494.90420000,19487
2023-07-06,0.04720000,0.04920000,0.04600000,0.04610000,104375692.00000000,4951566.94240000,20449
2023-07-07,0.04610000,0.04740000,0.04560000,0.04710000,63514851.00000000,2960967.67460000,14128
2023-07-08,0.04710000,0.04760000,0.04640000,0.04700000,57061155.00000000,2687335.16140000,10592
2023-07-09,0.04700000,0.04780000,0.04670000,0.04710000,47927750.00000000,2261677.48010000,9203
2023-07-10,0.04700000,0.04810000,0.04590000,0.04750000,82053419.00000000,3861055.20080000,14908
2023-07-11,0.04750000,0.04840000,0.04690000,0.04840000,69699770.00000000,3337476.53660000,14517
2023-07-12,0.04830000,0.04930000,0.04780000,0.04830000,72427223.00000000,3523323.82530000,14714
2023-07-13,0.04830000,0.05270000,0.04760000,0.05240000,139767288.00000000,7023953.93670000,29216
2023-07-14,0.05250000,0.05450000,0.04970000,0.05110000,182306541.00000000,9489311.62500000,31966
2023-07-15,0.05120000,0.05350000,0.05030000,0.05210000,99732291.00000000,5178812.25490000,18552
2023-07-16,0.05210000,0.05270000,0.05060000,0.05060000,79714478.00000000,4116128.89690000,17068
2023-07-17,0.05060000,0.05310000,0.04990000,0.05190000,118647400.00000000,6122490.97530000,21786
2023-07-18,0.05190000,0.05540000,0.05120000,0.05290000,307487547.00000000,16398018.94590000,54321
2023-07-19,0.05280000,0.05830000,0.05240000,0.05610000,397791296.00000000,22207848.19060000,74719
2023-07-20,0.05610000,0.06170000,0.05560000,0.05730000,453851970.00000000,26409864.39470000,79065
2023-07-21,0.05720000,0.05720000,0.05460000,0.05540000,125733627.00000000,7002343.26890000,21667
2023-07-22,0.05540000,0.05560000,0.05290000,0.05360000,82078430.00000000,4463292.54300000,16832
2023-07-23,0.05360000,0.05460000,0.05260000,0.05340000,84661907.00000000,4520184.85190000,17309
2023-07-24,0.05350000,0.05490000,0.05120000,0.05190000,189015876.00000000,9981857.64240000,30222
2023-07-25,0.05190000,0.05250000,0.05140000,0.05230000,78905335.00000000,4103566.42510000,15753
2023-07-26,0.05230000,0.05290000,0.05130000,0.05230000,85261595.00000000,4435007.57680000,16707
2023-07-27,0.05240000,0.05330000,0.05150000,0.05180000,118037231.00000000,6176793.31010000,17228
2023-07-28,0.05180000,0.05270000,0.05090000,0.05260000,62697535.00000000,3248909.71870000,13774
2023-07-29,0.05260000,0.05390000,0.05260000,0.05380000,67700932.00000000,3614246.50230000,14024
2023-07-30,0.05390000,0.05430000,0.05160000,0.05290000,65097024.00000000,3463233.03750000,15633
2023-07-31,0.05290000,0.05340000,0.05160000,0.05220000,52750274.00000000,2770926.84330000,13574
2023-08-01,0.05220000,0.05230000,0.05040000,0.05180000,90118766.00000000,4611486.85530000,19667
2023-08-02,0.05190000,0.05400000,0.05080000,0.05270000,205426249.00000000,10714735.77600000,32855
2023-08-03,0.05260000,0.05460000,0.05250000,0.05350000,177093515.00000000,9484005.96240000,29065
2023-08-04,0.05350000,0.05400000,0.05250000,0.05320000,83302785.00000000,4433901.32190000,15532
2023-08-05,0.05330000,0.05340000,0.05170000,0.05250000,63674046.00000000,3330241.53190000,14156
2023-08-06,0.05250000,0.05990000,0.05240000,0.05780000,400639881.00000000,22926021.32830000,80484
2023-08-07,0.05770000,0.05780000,0.05450000,0.05660000,168015382.00000000,9375327.06720000,31732
2023-08-08,0.05650000,0.06280000,0.05630000,0.06210000,475928696.00000000,28563049.75820000,80851
2023-08-09,0.06200000,0.06380000,0.05960000,0.05980000,259428435.00000000,16026951.36290000,44137
2023-08-10,0.05970000,0.05980000,0.05760000,0.05770000,121149278.00000000,7108751.42530000,18995
2023-08-11,0.05760000,0.05770000,0.05610000,0.05660000,80220674.00000000,4548699.92810000,15351
2023-08-12,0.05660000,0.05770000,0.05560000,0.05630000,75266264.00000000,4255366.01100000,16528
2023-08-13,0.05630000,0.05720000,0.05580000,0.05690000,43627739.00000000,2464789.68560000,12825
2023-08-14,0.05700000,0.06780000,0.05690000,0.06540000,779801169.00000000,50155809.33160000,125533
2023-08-15,0.06530000,0.07590000,0.06460000,0.06770000,951181196.00000000,67090862.67320000,157262
2023-08-16,0.06760000,0.06950000,0.06120000,0.06260000,799079153.00000000,51858780.38080000,114760
2023-08-17,0.06250000,0.06370000,0.05250000,0.05760000,456454864.00000000,27318754.98770000,72871
2023-08-18,0.05750000,0.05960000,0.05450000,0.05910000,284796105.00000000,16255440.32280000,41867
2023-08-19,0.05920000,0.06870000,0.05910000,0.06530000,638137878.00000000,41294975.30730000,100203
2023-08-20,0.06530000,0.06630000,0.06110000,0.06130000,223418322.00000000,14100533.93490000,35328
2023-08-21,0.06130000,0.06490000,0.06010000,0.06130000,405259873.00000000,25365538.56830000,55807
2023-08-22,0.06120000,0.06380000,0.05700000,0.05900000,268794455.00000000,16213333.66600000,37768
2023-08-23,0.05900000,0.06220000,0.05780000,0.06180000,284532849.00000000,17041450.71670000,38953
2023-08-24,0.06190000,0.06330000,0.05850000,0.05930000,185917137.00000000,11268029.71820000,25031
2023-08-25,0.05930000,0.06150000,0.05820000,0.05900000,181595290.00000000,10783611.05380000,26605
2023-08-26,0.05890000,0.05910000,0.05630000,0.05790000,92748713.00000000,5362568.42370000,13914
2023-08-27,0.05790000,0.05950000,0.05730000,0.05820000,198987936.00000000,11576032.06950000,22404
2023-08-28,0.05820000,0.05860000,0.05530000,0.05620000,149962906.00000000,8429578.87450000,18458
2023-08-29,0.05620000,0.05730000,0.05270000,0.05640000,278542595.00000000,15417922.54460000,37009
2023-08-30,0.05620000,0.05640000,0.05300000,0.05360000,141905048.00000000,7736985.18480000,17953
2023-08-31,0.05360000,0.05380000,0.05100000,0.05240000,163196317.00000000,8569253.53210000,19551
2023-09-01,0.05240000,0.05300000,0.04870000,0.05000000,212722314.00000000,10724516.71910000,26742
2023-09-02,0.04990000,0.05070000,0.04770000,0.04970000,204520776.00000000,10032662.50150000,20936
2023-09-03,0.04970000,0.05050000,0.04810000,0.04850000,163635906.00000000,8054471.76980000,15958
2023-09-04,0.04850000,0.04930000,0.04790000,0.04840000,148716277.00000000,7203348.51280000,14021
2023-09-05,0.04840000,0.05000000,0.04790000,0.04930000,140852713.00000000,6879298.33310000,14036
2023-09-06,0.04930000,0.05020000,0.04760000,0.04920000,144499932.00000000,7087968.72160000,15605
2023-09-07,0.04920000,0.05010000,0.04850000,0.05000000,83467765.00000000,4112644.85700000,11609
2023-09-08,0.05000000,0.05100000,0.04920000,0.05000000,106358843.00000000,5315117.28940000,15606
2023-09-09,0.04990000,0.05030000,0.04890000,0.04900000,43083226.00000000,2136856.94490000,7930
2023-09-10,0.04900000,0.04910000,0.04660000,0.04780000,126988071.00000000,6078478.35920000,17180
2023-09-11,0.04780000,0.04810000,0.04530000,0.04640000,189965310.00000000,8775305.80100000,21749
2023-09-12,0.04640000,0.04800000,0.04610000,0.04700000,103995705.00000000,4889026.47020000,13241
2023-09-13,0.04700000,0.05000000,0.04680000,0.04960000,149482299.00000000,7253830.70020000,17839
2023-09-14,0.04960000,0.05500000,0.04950000,0.05170000,595247872.00000000,30848222.74000000,73750
2023-09-15,0.05180000,0.05210000,0.04960000,0.05200000,148889708.00000000,7551739.68730000,18470
2023-09-16,0.05200000,0.05240000,0.05060000,0.05170000,119462024.00000000,6146394.81550000,17065
2023-09-17,0.05170000,0.05180000,0.04900000,0.04950000,91357859.00000000,4609625.60340000,12942
2023-09-18,0.04960000,0.05160000,0.04900000,0.05010000,97531228.00000000,4932352.07660000,13271
2023-09-19,0.05020000,0.05130000,0.04980000,0.05110000,86844351.00000000,4387248.44520000,11458
2023-09-20,0.05100000,0.05140000,0.04980000,0.05050000,77425303.00000000,3905748.73790000,11569
2023-09-21,0.05060000,0.05170000,0.04950000,0.05040000,82673432.00000000,4176896.40180000,12503
2023-09-22,0.05040000,0.05060000,0.04990000,0.05040000,53174433.00000000,2670827.30170000,8522
2023-09-23,0.05040000,0.05210000,0.05020000,0.05200000,78337971.00000000,4015047.33470000,12164
2023-09-24,0.05210000,0.05220000,0.04960000,0.04980000,59760997.00000000,3026483.92280000,9521
2023-09-25,0.04980000,0.05080000,0.04940000,0.05040000,49125075.00000000,2468523.90960000,8414
2023-09-26,0.05040000,0.05050000,0.04880000,0.04940000,48316687.00000000,2403548.41110000,8173
2023-09-27,0.04940000,0.05010000,0.04880000,0.04940000,54131417.00000000,2671695.62780000,8061
2023-09-28,0.04940000,0.05000000,0.04920000,0.04990000,79327982.00000000,3936216.71640000,10516
2023-09-29,0.04990000,0.05010000,0.04930000,0.04950000,72520140.00000000,3601826.99170000,8369
2023-09-30,0.04950000,0.05010000,0.04950000,0.04980000,46220179.00000000,2300493.86110000,6422
2023-10-01,0.04970000,0.05100000,0.04960000,0.05070000,121683987.00000000,6115120.38250000,14238
2023-10-02,0.05070000,0.05190000,0.04950000,0.05000000,134240182.00000000,6816157.22960000,15042
2023-10-03,0.05000000,0.05200000,0.04930000,0.04940000,130055014.00000000,6568035.62930000,15138
2023-10-04,0.04950000,0.04960000,0.04800000,0.04880000,95259513.00000000,4629020.30440000,11493
2023-10-05,0.04880000,0.04910000,0.04790000,0.04800000,58609134.00000000,2835322.14220000,8815
2023-10-06,0.04800000,0.04860000,0.04760000,0.04850000,63960449.00000000,3084510.89030000,10714
2023-10-07,0.04850000,0.04870000,0.04790000,0.04820000,50351763.00000000,2431612.32950000,7032
2023-10-08,0.04830000,0.04830000,0.04780000,0.04800000,35060565.00000000,1684407.58140000,6085
2023-10-09,0.04800000,0.04820000,0.04560000,0.04640000,97384789.00000000,4543776.84290000,13245
2023-10-10,0.04640000,0.04760000,0.04630000,0.04690000,53869360.00000000,2527731.08490000,7536
2023-10-11,0.04690000,0.04720000,0.04550000,0.04660000,59685295.00000000,2756392.79930000,8595
2023-10-12,0.04660000,0.04670000,0.04500000,0.04560000,62666482.00000000,2870668.97820000,9278
2023-10-13,0.04560000,0.04730000,0.04540000,0.04660000,47166203.00000000,2178073.80590000,7900
2023-10-14,0.04670000,0.04710000,0.04640000,0.04680000,33018990.00000000,1543826.85310000,6714
2023-10-15,0.04680000,0.04740000,0.04660000,0.04680000,44817252.00000000,2105741.68210000,7150
2023-10-16,0.04680000,0.04880000,0.04660000,0.04740000,91138009.00000000,4339793.09980000,12340
2023-10-17,0.04740000,0.04770000,0.04570000,0.04670000,53859115.00000000,2513802.50520000,8423
2023-10-18,0.04670000,0.04930000,0.04650000,0.04740000,180674736.00000000,8677641.33180000,24075
2023-10-19,0.04750000,0.04750000,0.04560000,0.04580000,88511298.00000000,4097566.24510000,10879
2023-10-20,0.04580000,0.04780000,0.04570000,0.04740000,86627974.00000000,4069154.43630000,13362
2023-10-21,0.04750000,0.04950000,0.04730000,0.04900000,77586482.00000000,3761517.63110000,13041
2023-10-22,0.04910000,0.05010000,0.04830000,0.05010000,88159276.00000000,4325120.49670000,14813
2023-10-23,0.05000000,0.05260000,0.04890000,0.05180000,172769245.00000000,8691277.85360000,24904
2023-10-24,0.05180000,0.05380000,0.05010000,0.05140000,286237963.00000000,14829026.19050000,40471
2023-10-25,0.05140000,0.05270000,0.05060000,0.05220000,124150285.00000000,6407398.20600000,17702
2023-10-26,0.05230000,0.05440000,0.05120000,0.05300000,276233127.00000000,14638605.77500000,37227
2023-10-27,0.05300000,0.05320000,0.05000000,0.05090000,131464029.00000000,6748161.22590000,19988
2023-10-28,0.05100000,0.05240000,0.05090000,0.05190000,87281216.00000000,4518771.08400000,14199
2023-10-29,0.05190000,0.05300000,0.05110000,0.05240000,80854624.00000000,4207598.19110000,14288
2023-10-30,0.05240000,0.05380000,0.05180000,0.05370000,113140868.00000000,5968807.68270000,16010
2023-10-31,0.05370000,0.05400000,0.05000000,0.05260000,165790701.00000000,8635986.46460000,22954
2023-11-01,0.05250000,0.05400000,0.05050000,0.05370000,175351849.00000000,9135955.43730000,25065
2023-11-02,0.05370000,0.05680000,0.05300000,0.05550000,287935461.00000000,15817840.32390000,41022
2023-11-03,0.05540000,0.05570000,0.05310000,0.05480000,159555488.00000000,8639601.84650000,24431
2023-11-04,0.05470000,0.05600000,0.05420000,0.05570000,112492337.00000000,6188655.34250000,18683
2023-11-05,0.05560000,0.05660000,0.05480000,0.05600000,145205778.00000000,8100821.75720000,23735
2023-11-06,0.05600000,0.05900000,0.05500000,0.05850000,151908766.00000000,8664066.37330000,27897
2023-11-07,0.05860000,0.06340000,0.05590000,0.05740000,349443017.00000000,20628393.49250000,57146
2023-11-08,0.05740000,0.06110000,0.05690000,0.06050000,141166464.00000000,8386851.13810000,27518
2023-11-09,0.06060000,0.06280000,0.05440000,0.05970000,335967054.00000000,20049657.83190000,63722
2023-11-10,0.05970000,0.06310000,0.05910000,0.06280000,199079667.00000000,12133789.62580000,39426
2023-11-11,0.06280000,0.06440000,0.06060000,0.06190000,296337714.00000000,18581109.95170000,56108
2023-11-12,0.06190000,0.06360000,0.05970000,0.06210000,218761978.00000000,13530510.49630000,41667
2023-11-13,0.06210000,0.06340000,0.05830000,0.05900000,227680126.00000000,13867098.41440000,42642
2023-11-14,0.05900000,0.06030000,0.05630000,0.05870000,200976397.00000000,11787366.51730000,34808
2023-11-15,0.05860000,0.06190000,0.05810000,0.06180000,167100553.00000000,10068601.35520000,26482
2023-11-16,0.06180000,0.06380000,0.06000000,0.06090000,253224649.00000000,15699694.64370000,43562
2023-11-17,0.06090000,0.06840000,0.05960000,0.06380000,444324876.00000000,28506783.97930000,79075
2023-11-18,0.06380000,0.06570000,0.05960000,0.06160000,213544708.00000000,13305859.71960000,37956
2023-11-19,0.06160000,0.06280000,0.06000000,0.06240000,109396148.00000000,6712435.96020000,25549
2023-11-20,0.06240000,0.06790000,0.06240000,0.06610000,398876147.00000000,26161332.99380000,71622
2023-11-21,0.06610000,0.06630000,0.05780000,0.05830000,335138079.00000000,20728902.82110000,58957
2023-11-22,0.05830000,0.06370000,0.05820000,0.06250000,170342616.00000000,10324964.09300000,33128
2023-11-23,0.06250000,0.06320000,0.06040000,0.06150000,115121750.00000000,7120581.61740000,19098
2023-11-24,0.06150000,0.06330000,0.06130000,0.06230000,110201190.00000000,6845313.70150000,19375
2023-11-25,0.06230000,0.06380000,0.06200000,0.06360000,94150846.00000000,5941701.84430000,19448
2023-11-26,0.06350000,0.06390000,0.06110000,0.06290000,131918564.00000000,8291435.90680000,24067
2023-11-27,0.06290000,0.06320000,0.06010000,0.06150000,131900554.00000000,8068574.15250000,27476
2023-11-28,0.06150000,0.06180000,0.05920000,0.06110000,108412036.00000000,6579680.83950000,26909
2023-11-29,0.06110000,0.06150000,0.05970000,0.06010000,91265860.00000000,5517588.89330000,24857
2023-11-30,0.06010000,0.06120000,0.05980000,0.06020000,85435651.00000000,5156297.33580000,22962
2023-12-01,0.06020000,0.06150000,0.05990000,0.06080000,84004545.00000000,5103813.57330000,16819
2023-12-02,0.06080000,0.06270000,0.06070000,0.06250000,109553529.00000000,6767934.81800000,21079
2023-12-03,0.06260000,0.06270000,0.06120000,0.06230000,84919387.00000000,5259260.39570000,18174
2023-12-04,0.06230000,0.06440000,0.06090000,0.06380000,209554141.00000000,13152195.82430000,41312
2023-12-05,0.06390000,0.06620000,0.06350000,0.06600000,212116429.00000000,13787856.41420000,47199
2023-12-06,0.06610000,0.07140000,0.06550000,0.06860000,377258682.00000000,25864510.05320000,78056
2023-12-07,0.06870000,0.06950000,0.06560000,0.06920000,153101945.00000000,10395584.69620000,37916
2023-12-08,0.06910000,0.07480000,0.06830000,0.07420000,207642829.00000000,14794018.31980000,47691
2023-12-09,0.07420000,0.07760000,0.07370000,0.07440000,230084716.00000000,17385838.93380000,54545
2023-12-10,0.07440000,0.07670000,0.07170000,0.07510000,159963952.00000000,11921041.48770000,35664
2023-12-11,0.07520000,0.07620000,0.06680000,0.07090000,266813701.00000000,18986889.98350000,57372
2023-12-12,0.07100000,0.07590000,0.07070000,0.07550000,218314715.00000000,16004898.23570000,43647
2023-12-13,0.07550000,0.08020000,0.07210000,0.07700000,346569484.00000000,26540154.32330000,69427
2023-12-14,0.07700000,0.08500000,0.07670000,0.08350000,296151721.00000000,23827508.65480000,61323
2023-12-15,0.08350000,0.08850000,0.07950000,0.08020000,317523371.00000000,26772083.07700000,63653
2023-12-16,0.08010000,0.08350000,0.07930000,0.08000000,155234958.00000000,12660499.12320000,34307
2023-12-17,0.08010000,0.08070000,0.07790000,0.07860000,115708447.00000000,9173697.73350000,31038
2023-12-18,0.07870000,0.07970000,0.07230000,0.07960000,220364829.00000000,16782237.40730000,49791
2023-12-19,0.07970000,0.08180000,0.07810000,0.08150000,175176204.00000000,13956949.13800000,36332
2023-12-20,0.08140000,0.09030000,0.08060000,0.08700000,383386395.00000000,33089425.32410000,80951
2023-12-21,0.08690000,0.09290000,0.08510000,0.09130000,258701894.00000000,23232414.66510000,62855
2023-12-22,0.09130000,0.09420000,0.08710000,0.09070000,266783523.00000000,24108818.94890000,62214
2023-12-23,0.09070000,0.09180000,0.08680000,0.09110000,130897184.00000000,11670029.94780000,38141
2023-12-24,0.09110000,0.09500000,0.08810000,0.09020000,247203382.00000000,22777970.48040000,63086
2023-12-25,0.09030000,0.09340000,0.08900000,0.09240000,157809228.00000000,14328531.46340000,40290
2023-12-26,0.09240000,0.09280000,0.08300000,0.09010000,239716949.00000000,21348168.76310000,59453
2023-12-27,0.09000000,0.09350000,0.08600000,0.09230000,169753136.00000000,15294880.18930000,46619
2023-12-28,0.09240000,0.09440000,0.08880000,0.08940000,218614994.00000000,20024827.05810000,62230
2023-12-29,0.08940000,0.09140000,0.08680000,0.08900000,158911858.00000000,14133375.54660000,44523
2023-12-30,0.08910000,0.08980000,0.08600000,0.08700000,85201124.00000000,7454110.00620000,26885
2023-12-31,0.08690000,0.08930000,0.08470000,0.08590000,119801586.00000000,10470952.32380000,32356
2024-01-01,0.08600000,0.09260000,0.08390000,0.09150000,148342287.00000000,12918990.08410000,42991
2024-01-02,0.09140000,0.10140000,0.09090000,0.09700000,479704719.00000000,46237626.65660000,117461
2024-01-03,0.09690000,0.09930000,0.07800000,0.08830000,461087701.00000000,41497803.25450000,119065
2024-01-04,0.08830000,0.08960000,0.08510000,0.08790000,176766408.00000000,15457832.97380000,53655
2024-01-05,0.08800000,0.08850000,0.08080000,0.08470000,171300063.00000000,14420566.90810000,47064
2024-01-06,0.08480000,0.08480000,0.07830000,0.07950000,118551221.00000000,9517060.05970000,38450
2024-01-07,0.07950000,0.08100000,0.07460000,0.07520000,141088184.00000000,11086959.53950000,38224
2024-01-08,0.07530000,0.08250000,0.06950000,0.08140000,271712497.00000000,20752735.63320000,58047
2024-01-09,0.08140000,0.08180000,0.07530000,0.07750000,205449375.00000000,16026238.98860000,42833
2024-01-10,0.07750000,0.08530000,0.07390000,0.08340000,243077260.00000000,19064372.21820000,53358
2024-01-11,0.08340000,0.08750000,0.08150000,0.08420000,213585335.00000000,18026497.72980000,51762
2024-01-12,0.08410000,0.08530000,0.07720000,0.08010000,231431053.00000000,19017837.48560000,58720
2024-01-13,0.08000000,0.08170000,0.07760000,0.08110000,128048984.00000000,10209771.31830000,34711
2024-01-14,0.08110000,0.08130000,0.07680000,0.07710000,98553896.00000000,7846617.02080000,30743
2024-01-15,0.07710000,0.08020000,0.07700000,0.07770000,114772161.00000000,9020134.75210000,31421
2024-01-16,0.07780000,0.08170000,0.07740000,0.08060000,160005081.00000000,12747449.32770000,35444
2024-01-17,0.08060000,0.08120000,0.07830000,0.07890000,143627244.00000000,11487441.26460000,28373
2024-01-18,0.07890000,0.07960000,0.07380000,0.07530000,157644894.00000000,12117613.69140000,34344
2024-01-19,0.07530000,0.07630000,0.07220000,0.07550000,211911928.00000000,15796691.45990000,40829
2024-01-20,0.07550000,0.07700000,0.07460000,0.07640000,80591979.00000000,6110410.57990000,19918
2024-01-21,0.07630000,0.07760000,0.07540000,0.07550000,87502380.00000000,6697440.11420000,20275
2024-01-22,0.07550000,0.07600000,0.07070000,0.07130000,206112756.00000000,15070315.52760000,43229
2024-01-23,0.07140000,0.07250000,0.06710000,0.07060000,216091697.00000000,15013334.92480000,49223
2024-01-24,0.07060000,0.07280000,0.06990000,0.07220000,125116535.00000000,8945938.84010000,30961
2024-01-25,0.07230000,0.07250000,0.06980000,0.07130000,84702380.00000000,6044753.69000000,21997
2024-01-26,0.07130000,0.07480000,0.07030000,0.07440000,99692547.00000000,7269165.61620000,21394
2024-01-27,0.07450000,0.07550000,0.07360000,0.07440000,57529235.00000000,4286418.03000000,14128
2024-01-28,0.07440000,0.07610000,0.07260000,0.07330000,91629895.00000000,6822075.21230000,22576
2024-01-29,0.07330000,0.07460000,0.07130000,0.07440000,110397436.00000000,8090746.49120000,23512
2024-01-30,0.07450000,0.07520000,0.07250000,0.07290000,157733979.00000000,11674409.35940000,27227
2024-01-31,0.07290000,0.07310000,0.06880000,0.06960000,240532831.00000000,17034750.82800000,41686
2024-02-01,0.06950000,0.07030000,0.06830000,0.07030000,178548770.00000000,12356935.22730000,30213
2024-02-02,0.07030000,0.07150000,0.06820000,0.06920000,177827835.00000000,12370387.36290000,29000
2024-02-03,0.06930000,0.07010000,0.06840000,0.06930000,76182979.00000000,5290202.99780000,12488
2024-02-04,0.06930000,0.06970000,0.06820000,0.06840000,72715162.00000000,5009224.61760000,13036
2024-02-05,0.06840000,0.07090000,0.06740000,0.06950000,97360062.00000000,6740797.93120000,18129
2024-02-06,0.06960000,0.07760000,0.06910000,0.07520000,555863845.00000000,41256507.84120000,110882
2024-02-07,0.07530000,0.07790000,0.07080000,0.07580000,350693385.00000000,25883495.00310000,74608
2024-02-08,0.07590000,0.07850000,0.07540000,0.07610000,217329725.00000000,16701599.75160000,44538
2024-02-09,0.07600000,0.07980000,0.07540000,0.07940000,190237900.00000000,14797533.95000000,41254
2024-02-10,0.07930000,0.08020000,0.07730000,0.07880000,96639941.00000000,7604471.24460000,27504
2024-02-11,0.07880000,0.07990000,0.07760000,0.07830000,87317575.00000000,6869981.23870000,23562
2024-02-12,0.07840000,0.08030000,0.07620000,0.07960000,116093363.00000000,9091061.79200000,28668
2024-02-13,0.07960000,0.08210000,0.07820000,0.08140000,201025944.00000000,16160344.44400000,48971
2024-02-14,0.08150000,0.08450000,0.08030000,0.08240000,180173863.00000000,14828712.05300000,38057
2024-02-15,0.08250000,0.08440000,0.08130000,0.08290000,205505429.00000000,17007589.39600000,44783
2024-02-16,0.08280000,0.08600000,0.08230000,0.08550000,216552544.00000000,18268951.92760000,48816
2024-02-17,0.08540000,0.08590000,0.08150000,0.08350000,129361113.00000000,10806280.33840000,30094
2024-02-18,0.08340000,0.09220000,0.08330000,0.08980000,297098074.00000000,26223767.72610000,64975
2024-02-19,0.08980000,0.11780000,0.08950000,0.11200000,1421299325.00000000,147346705.62740000,275584
2024-02-20,0.11200000,0.11360000,0.10100000,0.10730000,964420213.00000000,103253026.35280000,190868
2024-02-21,0.10730000,0.11210000,0.09960000,0.10460000,622485948.00000000,66112218.30390000,147626
2024-02-22,0.10470000,0.11990000,0.10020000,0.11620000,683631591.00000000,76416657.70910000,175016
2024-02-23,0.11610000,0.11690000,0.10720000,0.10930000,450476298.00000000,50435322.05250000,132996
2024-02-24,0.10930000,0.11140000,0.10620000,0.11010000,222574990.00000000,24215068.66280000,63378
2024-02-25,0.11000000,0.11190000,0.10650000,0.10930000,179371257.00000000,19470291.11460000,52306
2024-02-26,0.10920000,0.11380000,0.10330000,0.11150000,309751597.00000000,33597623.16160000,86318
2024-02-27,0.11160000,0.11310000,0.10700000,0.10810000,261468868.00000000,28748903.50290000,73487
2024-02-28,0.10800000,0.11930000,0.10380000,0.11330000,639720066.00000000,72053647.99050000,179423
2024-02-29,0.11330000,0.12410000,0.11000000,0.11450000,466213744.00000000,54606757.15190000,140587
2024-03-01,0.11450000,0.11770000,0.11330000,0.11670000,221641509.00000000,25565448.10350000,66980
2024-03-02,0.11660000,0.12060000,0.11220000,0.11540000,331041838.00000000,38337853.76320000,91332
2024-03-03,0.11530000,0.11540000,0.10800000,0.11290000,245105028.00000000,27451777.15230000,83480
2024-03-04,0.11290000,0.11980000,0.11150000,0.11720000,407365306.00000000,47193764.50400000,113900
2024-03-05,0.11720000,0.12810000,0.09460000,0.11140000,977852428.00000000,114642332.75870000,300195
2024-03-06,0.11140000,0.12640000,0.10830000,0.12580000,420436228.00000000,50235688.94610000,144863
2024-03-07,0.12580000,0.13950000,0.12450000,0.13370000,469499510.00000000,62367902.63980000,164576
2024-03-08,0.13370000,0.13480000,0.12370000,0.13050000,339238260.00000000,43837917.73650000,109821
2024-03-09,0.13040000,0.13180000,0.12840000,0.13060000,134450535.00000000,17511476.89970000,56041
2024-03-10,0.13050000,0.13280000,0.12300000,0.12590000,178558611.00000000,22808175.82530000,75018
2024-03-11,0.12580000,0.13290000,0.12020000,0.13270000,270059098.00000000,34598125.10740000,102762
2024-03-12,0.13260000,0.13350000,0.12210000,0.13310000,302183280.00000000,39123715.83090000,120882
2024-03-13,0.13320000,0.14090000,0.12890000,0.13250000,343714101.00000000,46330412.44320000,123783
2024-03-14,0.13250000,0.13300000,0.11970000,0.12710000,229639938.00000000,29147695.90210000,90264
2024-03-15,0.12710000,0.12750000,0.11040000,0.12060000,327668687.00000000,38591857.19790000,142460
2024-03-16,0.12060000,0.12470000,0.10830000,0.11080000,230671861.00000000,26984376.30020000,96943
2024-03-17,0.11090000,0.11990000,0.10670000,0.11630000,162320839.00000000,18493597.37950000,65853
2024-03-18,0.11630000,0.11650000,0.10850000,0.11190000,216316145.00000000,24217458.00270000,72097
2024-03-19,0.11190000,0.11320000,0.09880000,0.10140000,442461649.00000000,46197055.40540000,140946
2024-03-20,0.10140000,0.11240000,0.09830000,0.11140000,253457520.00000000,26644043.24950000,97133
2024-03-21,0.11140000,0.11310000,0.10770000,0.11000000,180344030.00000000,20019081.40530000,62014
2024-03-22,0.11010000,0.11200000,0.10350000,0.10670000,133516069.00000000,14339703.19750000,54363
2024-03-23,0.10660000,0.11000000,0.10490000,0.10650000,81141889.00000000,8743971.99110000,33347
2024-03-24,0.10650000,0.11040000,0.10560000,0.10990000,92317571.00000000,9952717.31110000,34448
2024-03-25,0.11000000,0.11890000,0.10950000,0.11710000,168140132.00000000,19206972.90260000,59360
2024-03-26,0.11720000,0.13190000,0.11670000,0.12030000,328314534.00000000,40261263.89050000,126625
2024-03-27,0.12030000,0.12150000,0.11200000,0.11380000,259645098.00000000,29987603.61260000,87934
2024-03-28,0.11370000,0.11760000,0.11120000,0.11620000,144597314.00000000,16586462.94410000,55592
2024-03-29,0.11620000,0.11800000,0.11250000,0.11600000,124459810.00000000,14339486.26200000,59297
2024-03-30,0.11610000,0.11650000,0.11280000,0.11350000,89425482.00000000,10290484.49970000,43783
2024-03-31,0.11350000,0.11990000,0.11300000,0.11570000,121894314.00000000,14192095.81860000,50070
2024-04-01,0.11580000,0.11670000,0.10680000,0.10990000,185994711.00000000,20621462.53200000,72725
2024-04-02,0.10990000,0.11000000,0.10240000,0.10360000,174195521.00000000,18307705.59420000,74326
2024-04-03,0.10360000,0.10700000,0.10040000,0.10250000,131173169.00000000,13645957.09290000,51619
2024-04-04,0.10250000,0.10740000,0.10120000,0.10520000,122821187.00000000,12876978.35740000,46827
2024-04-05,0.10520000,0.10540000,0.10000000,0.10460000,104738868.00000000,10783703.15520000,40830
2024-04-06,0.10460000,0.10690000,0.10410000,0.10590000,52528297.00000000,5534555.48610000,22202
2024-04-07,0.10600000,0.10760000,0.10440000,0.10580000,59345312.00000000,6298343.85670000,28427
2024-04-08,0.10580000,0.11070000,0.10240000,0.10950000,163955022.00000000,17624602.53330000,53150
2024-04-09,0.10940000,0.10970000,0.10310000,0.10350000,154909455.00000000,16486233.86250000,50811
2024-04-10,0.10340000,0.10450000,0.09780000,0.10230000,159905924.00000000,16200663.14110000,51400
2024-04-11,0.10240000,0.10300000,0.09810000,0.09980000,115798413.00000000,11627877.60740000,38514
2024-04-12,0.09990000,0.10110000,0.07870000,0.08770000,406889043.00000000,36150753.67920000,107094
2024-04-13,0.08760000,0.08760000,0.06700000,0.07850000,543707849.00000000,42750562.86970000,127028
2024-04-14,0.07850000,0.08370000,0.07420000,0.08360000,257458223.00000000,20200450.15240000,78445
2024-04-15,0.08350000,0.08800000,0.07730000,0.07960000,188331066.00000000,15577545.63460000,56797
2024-04-16,0.07960000,0.08120000,0.07630000,0.07980000,162458899.00000000,12820924.64900000,48425
2024-04-17,0.07990000,0.08080000,0.07560000,0.07810000,137617513.00000000,10799778.74440000,40226
2024-04-18,0.07810000,0.08280000,0.07650000,0.08220000,122399918.00000000,9817835.39980000,41801
2024-04-19,0.08220000,0.08410000,0.07620000,0.08030000,170761675.00000000,13863764.30010000,50521
2024-04-20,0.08040000,0.08710000,0.07940000,0.08680000,97869013.00000000,8116448.59000000,30236
2024-04-21,0.08690000,0.09150000,0.08570000,0.08890000,126731881.00000000,11312770.13170000,43325
2024-04-22,0.08880000,0.09340000,0.08850000,0.09040000,115563556.00000000,10445743.56180000,38966
2024-04-23,0.09040000,0.15980000,0.08740000,0.15630000,2564171082.00000000,322703856.42990000,785195
2024-04-24,0.15620000,0.18170000,0.11770000,0.12480000,5462780477.00000000,792584851.62480000,1690969
2024-04-25,0.12480000,0.12740000,0.10940000,0.11960000,1273910465.00000000,149438361.85960000,310521
2024-04-26,0.11960000,0.12400000,0.10960000,0.11100000,612588861.00000000,70751959.09970000,183541
2024-04-27,0.11110000,0.11220000,0.10430000,0.10650000,418562827.00000000,44986993.83670000,117178
2024-04-28,0.10650000,0.10900000,0.10300000,0.10350000,232939136.00000000,24722782.47160000,66561
2024-04-29,0.10350000,0.10580000,0.10040000,0.10320000,266212645.00000000,27379047.22750000,85681
2024-04-30,0.10320000,0.10400000,0.09070000,0.09380000,371683131.00000000,35640995.84880000,101735
2024-05-01,0.09370000,0.10950000,0.09000000,0.09960000,665583126.00000000,65705040.95890000,172835
2024-05-02,0.09950000,0.10200000,0.09510000,0.10040000,341768746.00000000,33640560.09950000,84237
2024-05-03,0.10030000,0.11580000,0.09890000,0.11120000,606169288.00000000,65756623.62540000,144148
2024-05-04,0.11130000,0.11270000,0.10780000,0.10900000,240167564.00000000,26392854.18020000,61734
2024-05-05,0.10900000,0.11130000,0.10580000,0.11040000,207309903.00000000,22661598.37260000,59742
2024-05-06,0.11040000,0.12350000,0.11010000,0.11380000,524539677.00000000,61413926.29350000,154148
2024-05-07,0.11380000,0.11650000,0.10770000,0.10780000,177724770.00000000,19921766.50520000,64133
2024-05-08,0.10780000,0.11040000,0.10510000,0.10600000,147181887.00000000,15811262.23950000,54112
2024-05-09,0.10590000,0.11170000,0.10580000,0.11070000,145724441.00000000,15915739.47510000,49714
2024-05-10,0.11060000,0.11260000,0.10490000,0.10570000,155571100.00000000,16834607.91370000,51356
2024-05-11,0.10570000,0.10880000,0.10520000,0.10680000,84981618.00000000,9089576.72210000,31059
2024-05-12,0.10670000,0.11200000,0.10640000,0.10870000,112106010.00000000,12285345.60700000,43348
2024-05-13,0.10860000,0.11100000,0.10240000,0.10760000,166531749.00000000,17854281.25780000,59487
2024-05-14,0.10760000,0.11040000,0.10480000,0.10540000,176840888.00000000,19026993.16240000,68394
2024-05-15,0.10530000,0.11280000,0.10450000,0.11080000,164063887.00000000,17811225.89980000,57307
2024-05-16,0.11090000,0.11260000,0.10770000,0.11230000,131532295.00000000,14510865.98070000,46651
2024-05-17,0.11220000,0.12030000,0.11170000,0.11480000,242362315.00000000,28184194.78400000,87127
2024-05-18,0.11480000,0.11670000,0.11270000,0.11450000,114361361.00000000,13127074.13190000,39964
2024-05-19,0.11460000,0.11540000,0.10980000,0.11100000,89756851.00000000,10091498.83260000,31675
2024-05-20,0.11110000,0.11860000,0.10910000,0.11750000,202996175.00000000,23054959.04140000,69985
2024-05-21,0.11750000,0.11880000,0.11360000,0.11510000,170248675.00000000,19727552.02200000,60301
2024-05-22,0.11510000,0.11650000,0.11180000,0.11330000,121188980.00000000,13831850.86660000,50610
2024-05-23,0.11330000,0.11550000,0.10470000,0.10890000,194523787.00000000,21435300.24730000,88788
2024-05-24,0.10900000,0.11030000,0.10480000,0.10810000,99260293.00000000,10707480.15990000,42345
2024-05-25,0.10800000,0.10940000,0.10770000,0.10850000,55688491.00000000,6040352.04890000,22059
2024-05-26,0.10850000,0.10900000,0.10570000,0.10670000,54314659.00000000,5824017.08920000,24817
2024-05-27,0.10670000,0.10970000,0.10590000,0.10680000,92277031.00000000,9915981.57950000,36889
2024-05-28,0.10690000,0.10700000,0.10270000,0.10440000,126053332.00000000,13213049.29520000,56007
2024-05-29,0.10440000,0.10750000,0.10300000,0.10330000,159990661.00000000,16828753.53370000,56743
2024-05-30,0.10320000,0.10510000,0.09990000,0.10060000,126862291.00000000,12950031.91600000,42990
2024-05-31,0.10060000,0.10190000,0.09800000,0.10010000,144436617.00000000,14443852.14930000,47353
2024-06-01,0.10010000,0.10050000,0.09960000,0.10000000,73140749.00000000,7315896.19740000,20674
2024-06-02,0.09990000,0.10060000,0.09750000,0.09920000,154938925.00000000,15375997.50390000,33669
2024-06-03,0.09910000,0.10380000,0.09830000,0.10130000,151785747.00000000,15406177.46390000,42632
2024-06-04,0.10130000,0.10260000,0.09980000,0.10240000,120302427.00000000,12167559.83110000,34614
2024-06-05,0.10250000,0.10550000,0.10190000,0.10450000,133400778.00000000,13799241.14920000,37370
2024-06-06,0.10440000,0.10510000,0.10000000,0.10140000,114796877.00000000,11820110.98240000,34147
2024-06-07,0.10150000,0.10200000,0.08380000,0.09400000,321206991.00000000,30283940.43570000,97239
2024-06-08,0.09400000,0.09430000,0.08900000,0.09020000,118944629.00000000,10820315.96410000,35088
2024-06-09,0.09020000,0.09160000,0.08910000,0.09150000,66316677.00000000,5998363.57780000,25701
2024-06-10,0.09140000,0.09170000,0.08830000,0.08920000,120305372.00000000,10805617.68460000,38998
2024-06-11,0.08910000,0.09000000,0.08400000,0.08730000,171976469.00000000,14989849.66470000,58730
2024-06-12,0.08730000,0.09420000,0.08580000,0.09180000,169012142.00000000,15348810.01140000,48630
2024-06-13,0.09180000,0.09240000,0.08730000,0.08830000,129656579.00000000,11607080.53020000,38929
2024-06-14,0.08840000,0.09050000,0.08460000,0.08630000,128166916.00000000,11216022.82750000,38599
2024-06-15,0.08640000,0.08660000,0.08460000,0.08500000,53784536.00000000,4611457.02410000,15774
2024-06-16,0.08500000,0.08700000,0.08390000,0.08640000,62742580.00000000,5355145.46060000,17437
2024-06-17,0.08640000,0.08680000,0.07850000,0.08020000,176520635.00000000,14510565.81140000,46927
2024-06-18,0.08020000,0.08050000,0.07210000,0.07770000,271104320.00000000,20575785.63970000,71494
2024-06-19,0.07760000,0.08210000,0.07720000,0.08060000,100513968.00000000,8068586.99740000,32663
2024-06-20,0.08050000,0.08500000,0.08010000,0.08050000,100313421.00000000,8245796.75180000,34135
2024-06-21,0.08040000,0.08190000,0.07820000,0.07880000,92919893.00000000,7431736.08200000,31105
2024-06-22,0.07870000,0.07880000,0.07740000,0.07790000,34192690.00000000,2671109.52760000,12279
2024-06-23,0.07790000,0.07950000,0.07580000,0.07630000,54546924.00000000,4249942.48010000,15984
2024-06-24,0.07640000,0.07790000,0.07230000,0.07750000,129623311.00000000,9735234.74670000,38957
2024-06-25,0.07750000,0.08090000,0.07710000,0.07880000,72368277.00000000,5726695.76560000,21613
2024-06-26,0.07880000,0.08000000,0.07490000,0.07630000,59549313.00000000,4598166.28680000,23036
2024-06-27,0.07620000,0.08030000,0.07510000,0.07870000,77568266.00000000,6025242.13310000,20818
2024-06-28,0.07870000,0.08000000,0.07660000,0.07700000,62608297.00000000,4907061.59100000,20958
2024-06-29,0.07690000,0.07830000,0.07600000,0.07620000,34862588.00000000,2688188.29880000,11656
2024-06-30,0.07620000,0.07760000,0.07500000,0.07670000,69902683.00000000,5321369.38950000,22305
2024-07-01,0.07680000,0.07860000,0.07480000,0.07670000,86040064.00000000,6609053.99790000,29441
2024-07-02,0.07660000,0.07920000,0.07610000,0.07820000,89698199.00000000,6992637.03450000,28739
2024-07-03,0.07810000,0.07840000,0.07150000,0.07220000,163611221.00000000,12137804.87120000,47440
2024-07-04,0.07220000,0.07260000,0.06590000,0.06630000,195715033.00000000,13553482.15300000,52315
2024-07-05,0.06630000,0.06900000,0.05860000,0.06710000,352418338.00000000,22175187.57770000,83509
2024-07-06,0.06710000,0.07100000,0.06620000,0.07000000,99226647.00000000,6791944.87320000,35686
2024-07-07,0.07000000,0.07010000,0.06420000,0.06470000,92838961.00000000,6238804.05130000,31728
2024-07-08,0.06470000,0.06850000,0.06240000,0.06630000,154974141.00000000,10147490.22870000,52935
2024-07-09,0.06630000,0.06910000,0.06610000,0.06780000,98003189.00000000,6611405.68630000,32525
2024-07-10,0.06780000,0.06930000,0.06550000,0.06650000,117132847.00000000,7865447.18590000,33678
2024-07-11,0.06640000,0.06880000,0.06530000,0.06560000,126796821.00000000,8482935.59940000,34152
2024-07-12,0.06560000,0.06770000,0.06470000,0.06730000,80927529.00000000,5365201.11110000,25496
2024-07-13,0.06740000,0.07220000,0.06680000,0.07130000,97841792.00000000,6763025.69160000,29085
2024-07-14,0.07130000,0.07330000,0.06940000,0.07210000,102854458.00000000,7326051.00540000,30043
2024-07-15,0.07210000,0.07930000,0.07180000,0.07830000,128734379.00000000,9685443.17910000,40350
2024-07-16,0.07830000,0.07930000,0.07490000,0.07660000,128727183.00000000,9876397.76520000,45012
2024-07-17,0.07650000,0.07900000,0.07520000,0.07530000,122426869.00000000,9445629.71250000,40317
2024-07-18,0.07530000,0.07630000,0.07090000,0.07270000,116842493.00000000,8645946.63560000,35028
2024-07-19,0.07280000,0.07570000,0.07130000,0.07470000,109782293.00000000,8057616.32190000,33623
2024-07-20,0.07470000,0.07610000,0.07320000,0.07460000,76774211.00000000,5724714.55320000,22435
2024-07-21,0.07460000,0.07580000,0.07020000,0.07470000,93040916.00000000,6827063.41430000,25785
2024-07-22,0.07480000,0.07540000,0.07050000,0.07070000,81969537.00000000,5936330.36750000,24898
2024-07-23,0.07080000,0.07160000,0.06690000,0.06820000,121785143.00000000,8449626.95290000,32220
2024-07-24,0.06830000,0.07030000,0.06590000,0.06650000,84836351.00000000,5781749.74560000,23568
2024-07-25,0.06650000,0.06700000,0.06380000,0.06610000,144557178.00000000,9414337.36430000,37362
2024-07-26,0.06600000,0.06860000,0.06590000,0.06840000,79604838.00000000,5377403.50930000,22747
2024-07-27,0.06840000,0.07030000,0.06750000,0.06870000,78153534.00000000,5382146.92450000,23750
2024-07-28,0.06870000,0.06920000,0.06680000,0.06750000,43924535.00000000,2990889.83750000,13362
2024-07-29,0.06750000,0.06940000,0.06650000,0.06710000,87727933.00000000,5980860.32280000,22894
2024-07-30,0.06710000,0.06820000,0.06470000,0.06590000,79230546.00000000,5267806.14960000,24738
2024-07-31,0.06590000,0.06700000,0.06230000,0.06300000,150578554.00000000,9718324.54280000,42527
2024-08-01,0.06300000,0.06390000,0.05890000,0.06340000,208102072.00000000,12816849.12190000,52953
2024-08-02,0.06330000,0.06410000,0.05880000,0.05960000,172090605.00000000,10449046.26250000,52670
2024-08-03,0.05950000,0.05980000,0.05610000,0.05820000,137049700.00000000,7953104.02030000,42074
2024-08-04,0.05820000,0.05890000,0.05340000,0.05530000,147322318.00000000,8286171.46850000,38325
2024-08-05,0.05530000,0.05590000,0.04530000,0.05210000,728143630.00000000,36480620.80680000,205942
2024-08-06,0.05210000,0.05650000,0.05200000,0.05500000,235677807.00000000,12964198.78700000,67576
2024-08-07,0.05500000,0.05720000,0.05080000,0.05140000,198546089.00000000,10751843.53830000,64547
2024-08-08,0.05150000,0.05930000,0.05070000,0.05900000,175893904.00000000,9596750.68920000,57811
2024-08-09,0.05900000,0.05910000,0.05520000,0.05630000,164050235.00000000,9367320.03410000,47219
2024-08-10,0.05630000,0.05700000,0.05490000,0.05590000,81027077.00000000,4516341.77330000,25347
2024-08-11,0.05590000,0.05740000,0.05250000,0.05260000,88097131.00000000,4844569.39980000,24938
2024-08-12,0.05270000,0.05550000,0.05260000,0.05390000,110644596.00000000,5960789.91950000,32594
2024-08-13,0.05390000,0.05470000,0.05170000,0.05420000,119638141.00000000,6361028.28310000,29877
2024-08-14,0.05420000,0.05520000,0.05280000,0.05360000,108320995.00000000,5847876.23130000,29155
2024-08-15,0.05360000,0.05450000,0.05110000,0.05190000,159301456.00000000,8429553.98560000,46175
2024-08-16,0.05190000,0.05270000,0.05060000,0.05190000,130101712.00000000,6748832.89560000,39129
2024-08-17,0.05190000,0.05270000,0.05110000,0.05260000,51962769.00000000,2695733.65500000,17897
2024-08-18,0.05270000,0.05520000,0.05210000,0.05310000,78090967.00000000,4181845.29620000,26581
2024-08-19,0.05310000,0.05440000,0.05230000,0.05430000,123233994.00000000,6548448.65410000,44602
2024-08-20,0.05430000,0.05550000,0.05300000,0.05370000,118496002.00000000,6410141.98580000,38952
2024-08-21,0.05360000,0.05570000,0.05220000,0.05470000,162799529.00000000,8756495.49690000,47399
2024-08-22,0.05480000,0.05580000,0.05400000,0.05520000,163110914.00000000,8957843.37650000,49012
2024-08-23,0.05520000,0.06000000,0.05510000,0.05950000,211188568.00000000,12168171.89360000,81708
2024-08-24,0.05950000,0.06210000,0.05850000,0.06040000,131685146.00000000,7922338.07980000,59563
2024-08-25,0.06040000,0.06060000,0.05750000,0.05890000,109808416.00000000,6485450.68230000,75340
2024-08-26,0.05900000,0.05940000,0.05560000,0.05590000,104288461.00000000,5985948.99370000,80363
2024-08-27,0.05590000,0.05690000,0.05100000,0.05250000,161141603.00000000,8717734.66720000,87422
2024-08-28,0.05250000,0.05400000,0.05030000,0.05130000,199017225.00000000,10359447.77890000,105305
2024-08-29,0.05130000,0.05310000,0.05040000,0.05120000,113095863.00000000,5836987.55710000,58050
2024-08-30,0.05110000,0.05190000,0.04960000,0.05140000,91388363.00000000,4645494.15980000,55447
2024-08-31,0.05140000,0.05170000,0.04950000,0.04990000,41265112.00000000,2080821.23550000,18617
2024-09-01,0.05000000,0.05010000,0.04760000,0.04800000,84311747.00000000,4119384.47730000,44770
2024-09-02,0.04790000,0.05110000,0.04790000,0.05090000,82521273.00000000,4099387.92470000,46500
2024-09-03,0.05090000,0.05170000,0.04870000,0.04900000,98608938.00000000,4943370.29590000,51629
2024-09-04,0.04890000,0.05070000,0.04710000,0.04940000,122029531.00000000,5957108.25570000,62737
2024-09-05,0.04940000,0.04980000,0.04760000,0.04810000,95410470.00000000,4623486.72810000,44022
2024-09-06,0.04810000,0.04890000,0.04570000,0.04710000,145208933.00000000,6875412.27710000,83690
2024-09-07,0.04720000,0.04910000,0.04690000,0.04860000,56298564.00000000,2707763.47720000,28044
2024-09-08,0.04850000,0.05000000,0.04810000,0.04950000,59089454.00000000,2908176.03380000,31770
2024-09-09,0.04950000,0.05170000,0.04940000,0.05110000,84534516.00000000,4280844.61400000,42717
2024-09-10,0.05110000,0.05120000,0.05000000,0.05100000,89065636.00000000,4508332.92220000,43961
2024-09-11,0.05090000,0.05100000,0.04860000,0.05000000,108914442.00000000,5416887.62330000,45955
2024-09-12,0.05000000,0.05100000,0.04980000,0.05060000,101959232.00000000,5138127.06490000,43830
2024-09-13,0.05060000,0.05290000,0.05030000,0.05230000,105920649.00000000,5481633.12710000,40521
2024-09-14,0.05240000,0.05290000,0.05120000,0.05160000,54947743.00000000,2853919.10010000,24637
2024-09-15,0.05160000,0.05200000,0.04960000,0.05000000,69198791.00000000,3530957.11570000,30814
2024-09-16,0.05000000,0.05070000,0.04910000,0.04940000,83047489.00000000,4130379.39090000,35973
2024-09-17,0.04940000,0.05080000,0.04880000,0.04980000,103838312.00000000,5164355.58900000,45767
2024-09-18,0.04980000,0.05080000,0.04840000,0.05080000,106540074.00000000,5262268.33070000,42341
2024-09-19,0.05080000,0.05340000,0.05080000,0.05170000,186189809.00000000,9684595.76710000,60533
2024-09-20,0.05170000,0.05380000,0.05090000,0.05280000,186082412.00000000,9756009.23480000,60270
2024-09-21,0.05280000,0.05620000,0.05240000,0.05600000,165310878.00000000,8982287.12380000,54081
2024-09-22,0.05610000,0.05610000,0.05240000,0.05370000,106654099.00000000,5746200.67480000,42399
2024-09-23,0.05380000,0.05810000,0.05270000,0.05790000,227259267.00000000,12688297.50680000,108323
2024-09-24,0.05780000,0.05810000,0.05570000,0.05780000,142258661.00000000,8107863.90230000,77748
2024-09-25,0.05780000,0.06050000,0.05720000,0.05850000,186575426.00000000,11002590.74200000,96243
2024-09-26,0.05850000,0.06220000,0.05690000,0.06170000,155431988.00000000,9279525.02230000,96193
2024-09-27,0.06170000,0.06290000,0.06050000,0.06190000,136882916.00000000,8436809.38890000,81182
2024-09-28,0.06180000,0.06390000,0.06010000,0.06110000,112517227.00000000,6943098.49720000,68744
2024-09-29,0.06120000,0.06260000,0.05970000,0.06150000,108944349.00000000,6655774.54450000,75036
2024-09-30,0.06150000,0.06170000,0.05710000,0.05750000,152962601.00000000,9100455.09300000,81204
2024-10-01,0.05750000,0.05940000,0.05190000,0.05280000,310494818.00000000,17222747.65450000,132493
2024-10-02,0.05280000,0.05480000,0.05070000,0.05160000,231974503.00000000,12240039.48730000,94938
2024-10-03,0.05160000,0.05250000,0.05000000,0.05180000,292384444.00000000,14951042.45180000,103531
2024-10-04,0.05170000,0.05490000,0.05140000,0.05470000,183131014.00000000,9730294.35620000,83071
2024-10-05,0.05470000,0.05520000,0.05230000,0.05310000,100409783.00000000,5384805.01220000,41719
2024-10-06,0.05310000,0.05430000,0.05230000,0.05430000,91669419.00000000,4889276.26910000,39032
2024-10-07,0.05430000,0.05570000,0.05240000,0.05240000,190452579.00000000,10317298.16110000,81360
2024-10-08,0.05240000,0.05330000,0.05130000,0.05240000,159126330.00000000,8330993.47640000,76088
2024-10-09,0.05240000,0.05310000,0.05000000,0.05020000,161274112.00000000,8299593.83680000,70426
2024-10-10,0.05020000,0.05080000,0.04900000,0.05030000,154394663.00000000,7707412.10430000,57834
2024-10-11,0.05030000,0.05190000,0.05000000,0.05130000,111409951.00000000,5692656.37150000,41447
2024-10-12,0.05130000,0.05200000,0.05100000,0.05150000,71536712.00000000,3687417.33050000,26893
2024-10-13,0.05160000,0.05160000,0.04970000,0.05120000,82783396.00000000,4198389.20490000,33350
2024-10-14,0.05130000,0.05380000,0.05040000,0.05340000,125610654.00000000,6567888.89640000,53689
2024-10-15,0.05350000,0.05860000,0.05300000,0.05620000,420074423.00000000,23399188.04750000,164444
2024-10-16,0.05620000,0.05810000,0.05340000,0.05350000,231894145.00000000,12845361.31830000,96513
2024-10-17,0.05350000,0.05400000,0.05030000,0.05110000,200056041.00000000,10336894.10070000,70787
2024-10-18,0.05110000,0.05280000,0.05060000,0.05180000,146129048.00000000,7522955.05820000,46970
2024-10-19,0.05180000,0.05410000,0.05170000,0.05340000,115496069.00000000,6109883.32630000,37736
2024-10-20,0.05350000,0.05640000,0.05190000,0.05600000,166714964.00000000,8993382.18490000,56406
2024-10-21,0.05600000,0.05660000,0.05280000,0.05280000,192883225.00000000,10557839.69190000,72065
2024-10-22,0.05290000,0.05370000,0.05130000,0.05250000,141323758.00000000,7389330.45100000,63277
2024-10-23,0.05250000,0.05270000,0.04990000,0.05130000,124576065.00000000,6388006.71230000,56682
2024-10-24,0.05130000,0.05210000,0.05020000,0.05110000,83519700.00000000,4291898.82410000,39126
2024-10-25,0.05110000,0.05220000,0.04540000,0.04780000,228816919.00000000,11289839.39690000,77123
2024-10-26,0.04770000,0.04850000,0.04700000,0.04820000,128520378.00000000,6140294.80090000,43306
2024-10-27,0.04820000,0.04970000,0.04800000,0.04890000,68216809.00000000,3328912.83900000,22910
2024-10-28,0.04900000,0.04960000,0.04710000,0.04880000,163467160.00000000,7911655.28490000,54692
2024-10-29,0.04880000,0.05060000,0.04860000,0.04970000,181385809.00000000,8980010.03780000,66154
2024-10-30,0.04970000,0.04970000,0.04800000,0.04860000,149498871.00000000,7310977.56200000,52176
2024-10-31,0.04860000,0.04880000,0.04560000,0.04640000,215533688.00000000,10116275.30920000,60649
2024-11-01,0.04630000,0.04710000,0.04510000,0.04570000,189830563.00000000,8739596.37050000,62340
2024-11-02,0.04560000,0.04610000,0.04460000,0.04490000,91940138.00000000,4158157.47500000,30004
2024-11-03,0.04500000,0.04520000,0.04160000,0.04280000,229385064.00000000,9858673.84920000,72891
2024-11-04,0.04290000,0.04360000,0.04174000,0.04254000,500917265.00000000,21469679.52453000,109727
2024-11-05,0.04253000,0.04629000,0.04247000,0.04611000,294295167.00000000,12959543.64401000,91711
2024-11-06,0.04610000,0.05010000,0.04609000,0.04897000,297333612.00000000,14537635.41904000,62563
2024-11-07,0.04897000,0.04981000,0.04780000,0.04926000,220624704.00000000,10775571.60050000,92000
2024-11-08,0.04927000,0.05296000,0.04824000,0.05216000,454875595.00000000,23026713.85938000,274894
2024-11-09,0.05216000,0.05306000,0.05010000,0.05275000,205203660.00000000,10516615.17793000,84391
2024-11-10,0.05276000,0.05760000,0.05215000,0.05486000,411312845.00000000,22723452.33199000,108296
2024-11-11,0.05489000,0.05860000,0.05356000,0.05833000,411314202.00000000,22927461.27639000,111887
2024-11-12,0.05832000,0.07700000,0.05309000,0.06464000,1890442152.00000000,121334492.29003000,581520
2024-11-13,0.06464000,0.06484000,0.05640000,0.05948000,992277076.00000000,59069908.93244000,426109
2024-11-14,0.05949000,0.06799000,0.05852000,0.06388000,1123915234.00000000,70851173.21877000,376351
2024-11-15,0.06385000,0.07438000,0.06273000,0.07240000,1317893398.00000000,90870512.53184000,388238
2024-11-16,0.07241000,0.09635000,0.07140000,0.09015000,2228016571.00000000,191020448.46375000,736362
2024-11-17,0.09017000,0.09422000,0.08292000,0.09022000,869275707.00000000,76040047.54871000,284826
2024-11-18,0.09023000,0.14950000,0.08723000,0.14430000,3879288731.00000000,473508634.41505000,1544451
2024-11-19,0.14430000,0.15762000,0.12765000,0.13303000,2482683737.00000000,354839540.48176000,1102559
2024-11-20,0.13300000,0.13471000,0.11713000,0.12175000,1272422679.00000000,157989897.64201000,522383
2024-11-21,0.12174000,0.13825000,0.11800000,0.12682000,1271181196.00000000,160030688.49299000,487981
2024-11-22,0.12679000,0.15573000,0.12174000,0.14681000,1936605760.00000000,264754723.70108000,786893
2024-11-23,0.14681000,0.17100000,0.14428000,0.15434000,2070977933.00000000,318786172.64789000,875944
2024-11-24,0.15436000,0.16834000,0.13591000,0.14693000,1130634565.00000000,169039970.43975000,523648
2024-11-25,0.14699000,0.14793000,0.13132000,0.13479000,707641944.00000000,99397225.28231000,344326
2024-11-26,0.13476000,0.14047000,0.12567000,0.13930000,693665325.00000000,93535599.40071000,370077
2024-11-27,0.13928000,0.14727000,0.13245000,0.14174000,580964840.00000000,81615809.87193000,275387
2024-11-28,0.14177000,0.15016000,0.13659000,0.14475000,463170628.00000000,65305229.42991000,231098
2024-11-29,0.14476000,0.18679000,0.14330000,0.17779000,1490838506.00000000,241061914.94698000,731415
2024-11-30,0.17779000,0.18609000,0.16367000,0.17016000,903019616.00000000,153643653.92610000,471880
2024-12-01,0.17017000,0.22097000,0.16419000,0.20863000,2095604396.00000000,409356088.64082000,1081761
2024-12-02,0.20870000,0.32419000,0.20732000,0.31148000,3715987804.00000000,973129065.43326000,2540193
2024-12-03,0.31148000,0.39220000,0.30200000,0.31435000,3704934772.00000000,1279229091.65556000,2806030
2024-12-04,0.31436000,0.33684000,0.27733000,0.28760000,1761155803.00000000,545133319.52048000,1462536
2024-12-05,0.28762000,0.31105000,0.27801000,0.29214000,1607429534.00000000,478576322.02542000,1328650
2024-12-06,0.29214000,0.37850000,0.27525000,0.36746000,1756797550.00000000,558995682.11909000,1536631
2024-12-07,0.36744000,0.37400000,0.31925000,0.33190000,1424375012.00000000,485324225.16542000,1074704
2024-12-08,0.33195000,0.34182000,0.32414000,0.33284000,619235292.00000000,205377383.85925000,544311
2024-12-09,0.33287000,0.33559000,0.23410000,0.28012000,1088640535.00000000,321211436.19164000,1075909
2024-12-10,0.28015000,0.30391000,0.25251000,0.28990000,1392736725.00000000,393150020.15945000,1231843
2024-12-11,0.28988000,0.31062000,0.27081000,0.29898000,862798386.00000000,251553407.46898000,601561
2024-12-12,0.29900000,0.31453000,0.28562000,0.29156000,775129115.00000000,232537557.27575000,584446
2024-12-13,0.29157000,0.33100000,0.28877000,0.31441000,842139892.00000000,260294966.54359000,661872
2024-12-14,0.31442000,0.31543000,0.28826000,0.29425000,387552430.00000000,116214871.95548000,311758
2024-12-15,0.29425000,0.29782000,0.28271000,0.29604000,315448087.00000000,91839683.30056000,331752
2024-12-16,0.29607000,0.29877000,0.27429000,0.28232000,506186812.00000000,144394414.68107000,362330
2024-12-17,0.28230000,0.29899000,0.27512000,0.28468000,618616205.00000000,177716066.72874000,477049
2024-12-18,0.28472000,0.31174000,0.27012000,0.27244000,1069159005.00000000,313538635.93499000,832337
2024-12-19,0.27245000,0.30144000,0.25368000,0.26766000,1206464334.00000000,334818625.09387000,945248
2024-12-20,0.26767000,0.28650000,0.23371000,0.27069000,1453077384.00000000,380941443.68091000,1430753
2024-12-21,0.27070000,0.28300000,0.24965000,0.25391000,659700791.00000000,174308583.95849000,462440
2024-12-22,0.25392000,0.27304000,0.24379000,0.26554000,593617925.00000000,154799263.92638000,678912
2024-12-23,0.26561000,0.29273000,0.25563000,0.29166000,695803584.00000000,189210336.17397000,512694
2024-12-24,0.29167000,0.33893000,0.28155000,0.32880000,1176123068.00000000,365940398.42197000,926168
2024-12-25,0.32881000,0.33548000,0.30576000,0.31318000,632143694.00000000,199417377.94774000,731167
2024-12-26,0.31320000,0.31776000,0.28327000,0.28464000,513867118.00000000,152003501.41208000,613728
2024-12-27,0.28462000,0.29777000,0.27358000,0.27669000,516231790.00000000,146892953.16735000,617099
2024-12-28,0.27672000,0.30276000,0.27190000,0.29442000,427464978.00000000,121261952.37684000,445229
2024-12-29,0.29443000,0.30460000,0.27518000,0.27886000,382876344.00000000,110469883.26259000,397342
2024-12-30,0.27885000,0.29072000,0.26592000,0.27862000,438628829.00000000,122118923.70991000,484060
2024-12-31,0.27863000,0.28263000,0.26673000,0.26900000,352436519.00000000,96380946.67576000,391449
2025-01-01,0.26901000,0.30062000,0.26426000,0.29480000,628841571.00000000,179014779.01830000,669734
2025-01-02,0.29482000,0.31000000,0.28513000,0.29218000,495536285.00000000,146147399.87412000,517886
2025-01-03,0.29218000,0.32437000,0.29200000,0.31361000,707539822.00000000,218414682.04449000,674873
2025-01-04,0.31363000,0.32036000,0.30049000,0.30571000,358325546.00000000,110682950.66625000,363352
2025-01-05,0.30571000,0.31274000,0.29557000,0.30137000,289915297.00000000,87966339.91053000,304172
2025-01-06,0.30138000,0.31851000,0.29668000,0.30813000,398950200.00000000,123031797.41133000,309058
2025-01-07,0.30816000,0.33010000,0.28808000,0.28909000,706146254.00000000,219148694.23189000,577413
2025-01-08,0.28913000,0.29578000,0.26630000,0.28500000,496062234.00000000,139639414.55994000,392381
2025-01-09,0.28509000,0.28516000,0.26268000,0.26877000,369747365.00000000,100611171.67012000,256461
2025-01-10,0.26876000,0.28542000,0.26674000,0.28164000,362080487.00000000,100067160.39674000,441751
2025-01-11,0.28164000,0.29649000,0.27521000,0.29217000,282084333.00000000,80052994.18039000,239093
2025-01-12,0.29218000,0.29232000,0.27300000,0.27813000,247384496.00000000,70003025.56961000,233255
2025-01-13,0.27812000,0.28892000,0.25000000,0.27510000,452665986.00000000,122018555.28880000,594350
2025-01-14,0.27509000,0.29331000,0.27266000,0.28715000,315800694.00000000,90020354.70243000,420912
2025-01-15,0.28716000,0.32801000,0.28580000,0.32243000,782450538.00000000,241092745.29883000,641584
2025-01-16,0.32238000,0.38683000,0.30793000,0.36278000,1450062423.00000000,511130728.49459000,1354211
2025-01-17,0.36279000,0.40139000,0.36154000,0.37453000,911533078.00000000,346076153.00205000,1235627
2025-01-18,0.37454000,0.38483000,0.34059000,0.35470000,652501109.00000000,233372818.12457000,969918
2025-01-19,0.35472000,0.37106000,0.31701000,0.32623000,871091533.00000000,299831291.19296000,1368968
2025-01-20,0.32623000,0.37430000,0.31935000,0.34215000,910379051.00000000,316715278.45023000,1750799
2025-01-21,0.34215000,0.34860000,0.32554000,0.33775000,440167096.00000000,148272058.37784000,476486
2025-01-22,0.33776000,0.33812000,0.32065000,0.32602000,311971280.00000000,102025460.39266000,442002
2025-01-23,0.32602000,0.33531000,0.31225000,0.32809000,423202080.00000000,136142103.41396000,673344
2025-01-24,0.32809000,0.35098000,0.31448000,0.32687000,391412528.00000000,131158403.35400000,515023
2025-01-25,0.32686000,0.33884000,0.32556000,0.33224000,199518019.00000000,66353969.71506000,283832
2025-01-26,0.33224000,0.35447000,0.32276000,0.32317000,295005284.00000000,100081486.07320000,357923
2025-01-27,0.32316000,0.32661000,0.29129000,0.31469000,525981587.00000000,161339615.49377000,848849
2025-01-28,0.31470000,0.32299000,0.29512000,0.29899000,302180949.00000000,94530775.81536000,444422
2025-01-29,0.29901000,0.31803000,0.29375000,0.30876000,309106841.00000000,94397837.03225000,472035
2025-01-30,0.30876000,0.32270000,0.30628000,0.31588000,210725119.00000000,66684293.73851000,288813
2025-01-31,0.31589000,0.32000000,0.30192000,0.30672000,221522541.00000000,68977039.46511000,313958
2025-02-01,0.30667000,0.31237000,0.28134000,0.28502000,188690507.00000000,55998531.26777000,269990
2025-02-02,0.28502000,0.29400000,0.23700000,0.25326000,586839633.00000000,153953670.15049000,878669
2025-02-03,0.25329000,0.28240000,0.17721000,0.27487000,1564541894.00000000,366843560.38538000,1504134
2025-02-04,0.27487000,0.27833000,0.24261000,0.25015000,670757971.00000000,172499551.41439000,971691
2025-02-05,0.25015000,0.25847000,0.23577000,0.23852000,341887534.00000000,85106243.16398000,572797
2025-02-06,0.23851000,0.24985000,0.22639000,0.22861000,352042847.00000000,83553382.23005000,649182
2025-02-07,0.22861000,0.24789000,0.22635000,0.23269000,347058280.00000000,82141197.51068000,674243
2025-02-08,0.23263000,0.23629000,0.22573000,0.23416000,176061440.00000000,40634819.92381000,322104
2025-02-09,0.23415000,0.24307000,0.21947000,0.22905000,192473164.00000000,44782934.98201000,351262
2025-02-10,0.22905000,0.24404000,0.22380000,0.23190000,253526334.00000000,59507313.30915000,514772
2025-02-11,0.23190000,0.24880000,0.22631000,0.22874000,314644642.00000000,74719457.01697000,552769
2025-02-12,0.22873000,0.23822000,0.21353000,0.23517000,364791193.00000000,81708503.06270000,610736
2025-02-13,0.23517000,0.23682000,0.21824000,0.22554000,229652183.00000000,51912840.54752000,392634
2025-02-14,0.22554000,0.24002000,0.22356000,0.23077000,298822038.00000000,69491244.70699000,515754
2025-02-15,0.23078000,0.23876000,0.22592000,0.22920000,180452377.00000000,41911635.15840000,333789
2025-02-16,0.22921000,0.23044000,0.21913000,0.22008000,149281965.00000000,33418515.65959000,236941
2025-02-17,0.22008000,0.22500000,0.20919000,0.21232000,186500551.00000000,40514999.27724000,333654
2025-02-18,0.21232000,0.21453000,0.19476000,0.20699000,228109698.00000000,46430594.41295000,380914
2025-02-19,0.20697000,0.21800000,0.20365000,0.21579000,252793948.00000000,53624189.42009000,541257
2025-02-20,0.21579000,0.22629000,0.21498000,0.22204000,253764225.00000000,55890117.30652000,340008
2025-02-21,0.22204000,0.23009000,0.20510000,0.21439000,333806637.00000000,72940398.03734000,477727
2025-02-22,0.21440000,0.22271000,0.21188000,0.21643000,178748896.00000000,38827144.39082000,244185
2025-02-23,0.21645000,0.21764000,0.20778000,0.21123000,145806031.00000000,30936452.48151000,159614
2025-02-24,0.21124000,0.22701000,0.19554000,0.19654000,688809937.00000000,147209077.33609000,516681
2025-02-25,0.19652000,0.20133000,0.17564000,0.19841000,818737368.00000000,154275282.30434000,567775
2025-02-26,0.19843000,0.20176000,0.18753000,0.19611000,497895120.00000000,97307437.37224000,374207
2025-02-27,0.19615000,0.20605000,0.19382000,0.19978000,314571437.00000000,62881588.23916000,231700
2025-02-28,0.19979000,0.21665000,0.17995000,0.21352000,553126584.00000000,109441687.62902000,458080
2025-03-01,0.21353000,0.26510000,0.21139000,0.25265000,869267536.00000000,205962220.95360000,805681
2025-03-02,0.25275000,0.28554000,0.24232000,0.26416000,922236336.00000000,237215281.16235000,827466
2025-03-03,0.26404000,0.28781000,0.21985000,0.22324000,698444765.00000000,176258947.59667000,680708
2025-03-04,0.22330000,0.24765000,0.22030000,0.24138000,773183549.00000000,180526138.52113000,704067
2025-03-05,0.24137000,0.26499000,0.23947000,0.24908000,422117611.00000000,106107965.63281000,396820
2025-03-06,0.24907000,0.25578000,0.23440000,0.23771000,288832715.00000000,70780083.68077000,289272
2025-03-07,0.23774000,0.25800000,0.22428000,0.23255000,524193288.00000000,127257594.75183000,783550
2025-03-08,0.23253000,0.23581000,0.22269000,0.22703000,195652106.00000000,44807691.86011000,247356
2025-03-09,0.22703000,0.23143000,0.19826000,0.19941000,294086605.00000000,62427806.84204000,385506
2025-03-10,0.19942000,0.21855000,0.18820000,0.18945000,441986062.00000000,89323604.78619000,632570
2025-03-11,0.18948000,0.20439000,0.17897000,0.19718000,553340777.00000000,107888091.35995000,872776
2025-03-12,0.19717000,0.21539000,0.19275000,0.20089000,495787788.00000000,99797776.94269000,601127
2025-03-13,0.20086000,0.20332000,0.18410000,0.18936000,374966778.00000000,72384326.84148000,484461
2025-03-14,0.18937000,0.19888000,0.18781000,0.19110000,262463203.00000000,50574650.17580000,303371
2025-03-15,0.19111000,0.19725000,0.19016000,0.19277000,191839383.00000000,37127923.72228000,231012
2025-03-16,0.19277000,0.19509000,0.18186000,0.18475000,227562481.00000000,42834015.11571000,258422
2025-03-17,0.18475000,0.19591000,0.18428000,0.19148000,242196660.00000000,46445384.26331000,271069
2025-03-18,0.19148000,0.19175000,0.18223000,0.18849000,150921153.00000000,28113387.91011000,197779
2025-03-19,0.18851000,0.19841000,0.18611000,0.19753000,273643942.00000000,52585984.78906000,349013
2025-03-20,0.19754000,0.19912000,0.18739000,0.18998000,182261875.00000000,35070001.16793000,222157
2025-03-21,0.18997000,0.19156000,0.18207000,0.18459000,137658560.00000000,25550741.63451000,204634
2025-03-22,0.18458000,0.18628000,0.18140000,0.18264000,131924668.00000000,24251002.24691000,150996
2025-03-23,0.18265000,0.18600000,0.17967000,0.18591000,144238743.00000000,26421684.41091000,141516
2025-03-24,0.18592000,0.19566000,0.18383000,0.19311000,169537113.00000000,32422435.24555000,203403
2025-03-25,0.19311000,0.20151000,0.19117000,0.19469000,153681379.00000000,30179398.80089000,204358
2025-03-26,0.19469000,0.20099000,0.18950000,0.19179000,161374172.00000000,31546340.88025000,167141
2025-03-27,0.19182000,0.19712000,0.18771000,0.19357000,103417275.00000000,19911369.60567000,98339
2025-03-28,0.19359000,0.19476000,0.17973000,0.18228000,154021748.00000000,28379665.86165000,136341
2025-03-29,0.18232000,0.18346000,0.16664000,0.17206000,174866104.00000000,30108026.36094000,163249
2025-03-30,0.17208000,0.17542000,0.16669000,0.16775000,93178864.00000000,15963354.55741000,93392
2025-03-31,0.16780000,0.16826000,0.15627000,0.16315000,206934333.00000000,33604976.16286000,162905
2025-04-01,0.16314000,0.17609000,0.16179000,0.17021000,193543102.00000000,32811008.13521000,173474
2025-04-02,0.17021000,0.18072000,0.15788000,0.16138000,278168081.00000000,47101014.76133000,231352
2025-04-03,0.16137000,0.16689000,0.15326000,0.16265000,224726923.00000000,35992696.31519000,193849
2025-04-04,0.16270000,0.16807000,0.15709000,0.16426000,219161844.00000000,35806391.50918000,176915
2025-04-05,0.16425000,0.16514000,0.15877000,0.16205000,71771249.00000000,11605083.06543000,81803
2025-04-06,0.16206000,0.16291000,0.13555000,0.14005000,215530495.00000000,31867461.87924000,196921
2025-04-07,0.14006000,0.15459000,0.12488000,0.15253000,564043503.00000000,79357930.27602000,420980
2025-04-08,0.15255000,0.16704000,0.14538000,0.14611000,462226539.00000000,72018414.07090000,460222
2025-04-09,0.14611000,0.17747000,0.14250000,0.16879000,667480342.00000000,104977771.05490000,694077
2025-04-10,0.16879000,0.17880000,0.16349000,0.16790000,316093819.00000000,53816982.67213000,363799
2025-04-11,0.16789000,0.17680000,0.16475000,0.16752000,365879077.00000000,62153851.49111000,367464
2025-04-12,0.16752000,0.17850000,0.16550000,0.17706000,232372286.00000000,39929611.46962000,252528
2025-04-13,0.17707000,0.17739000,0.16345000,0.16529000,198961525.00000000,33804058.83227000,257563
2025-04-14,0.16530000,0.17281000,0.16243000,0.16522000,254087240.00000000,42620379.64579000,292607
2025-04-15,0.16522000,0.16829000,0.15662000,0.15699000,161446261.00000000,26412110.25887000,191976
2025-04-16,0.15699000,0.16093000,0.15396000,0.15748000,154950213.00000000,24424941.55579000,181914
2025-04-17,0.15747000,0.16600000,0.15629000,0.16302000,105307843.00000000,16935189.13107000,133409
2025-04-18,0.16302000,0.16666000,0.16195000,0.16517000,89511627.00000000,14777338.37141000,107281
2025-04-19,0.16518000,0.16785000,0.16432000,0.16691000,53309482.00000000,8864364.53801000,65771
2025-04-20,0.16692000,0.16888000,0.16089000,0.16601000,66297527.00000000,10933256.75711000,79357
2025-04-21,0.16603000,0.17405000,0.16603000,0.16921000,136985757.00000000,23376692.53020000,172526
2025-04-22,0.16921000,0.18237000,0.16763000,0.18130000,156268230.00000000,27415553.12606000,185185
2025-04-23,0.18131000,0.18983000,0.17742000,0.18037000,198539383.00000000,36454330.66861000,263196
2025-04-24,0.18036000,0.18913000,0.17543000,0.18836000,177066163.00000000,32397351.97542000,228330
2025-04-25,0.18836000,0.20239000,0.18402000,0.19258000,237525547.00000000,46223644.11563000,281113
2025-04-26,0.19258000,0.19805000,0.18993000,0.19155000,100455979.00000000,19439430.44852000,150067
2025-04-27,0.19156000,0.19411000,0.18491000,0.19029000,117371201.00000000,22269578.42296000,170172
2025-04-28,0.19030000,0.19923000,0.18535000,0.19081000,196107036.00000000,37812317.75786000,256560
2025-04-29,0.19082000,0.19195000,0.18315000,0.18603000,141211001.00000000,26616770.14748000,168734
2025-04-30,0.18602000,0.18858000,0.17588000,0.18210000,229235483.00000000,41839113.98408000,260769
2025-05-01,0.18210000,0.19190000,0.18133000,0.18591000,155991377.00000000,29196937.01688000,187108
2025-05-02,0.18592000,0.19060000,0.18375000,0.18700000,148085559.00000000,27655770.30105000,184447
2025-05-03,0.18700000,0.18746000,0.17914000,0.18024000,96941346.00000000,17701521.07652000,99316
2025-05-04,0.18024000,0.18484000,0.17560000,0.17619000,110138616.00000000,19690600.28137000,145096
2025-05-05,0.17618000,0.17858000,0.17169000,0.17349000,122367972.00000000,21401650.31197000,144990
2025-05-06,0.17350000,0.17757000,0.16941000,0.17710000,159775719.00000000,27634716.53990000,175358
2025-05-07,0.17711000,0.17828000,0.17268000,0.17573000,118696398.00000000,20854751.53614000,151834
2025-05-08,0.17573000,0.19710000,0.17492000,0.19530000,237339310.00000000,44696331.15458000,272505
2025-05-09,0.19529000,0.20648000,0.19272000,0.20247000,289419921.00000000,57825526.49078000,386901
2025-05-10,0.20247000,0.21979000,0.20031000,0.21917000,251069340.00000000,52634790.07743000,326745
2025-05-11,0.21916000,0.22079000,0.20104000,0.20685000,216413654.00000000,45061641.78680000,348963
2025-05-12,0.20686000,0.22885000,0.20469000,0.21509000,472383158.00000000,102362168.11073000,717436
2025-05-13,0.21509000,0.21857000,0.20069000,0.21612000,253058153.00000000,53294444.80112000,423971
2025-05-14,0.21612000,0.21684000,0.20383000,0.20610000,207358981.00000000,43598092.35887000,317428
2025-05-15,0.20612000,0.20779000,0.19333000,0.19804000,217253362.00000000,43317277.45363000,410973
2025-05-16,0.19804000,0.20185000,0.19375000,0.19556000,134070400.00000000,26688476.85878000,245314
2025-05-17,0.19558000,0.19593000,0.18700000,0.19101000,107113886.00000000,20485524.01790000,195849
2025-05-18,0.19102000,0.20076000,0.18678000,0.19681000,145132206.00000000,28114795.40787000,252673
2025-05-19,0.19682000,0.19788000,0.18442000,0.19380000,129920839.00000000,24712091.21077000,270843
2025-05-20,0.19381000,0.19842000,0.19030000,0.19487000,119310813.00000000,23200589.35908000,201892
2025-05-21,0.19488000,0.20237000,0.19232000,0.19801000,178637232.00000000,35131848.78541000,301799
2025-05-22,0.19803000,0.20678000,0.19724000,0.20466000,150532534.00000000,30493674.44101000,211193
2025-05-23,0.20468000,0.20925000,0.18891000,0.19049000,198882195.00000000,39802054.87215000,344041
2025-05-24,0.19048000,0.19365000,0.18698000,0.18842000,77154960.00000000,14712420.94747000,165180
2025-05-25,0.18842000,0.19029000,0.18044000,0.18806000,111381767.00000000,20651179.29149000,195073
2025-05-26,0.18807000,0.19329000,0.18423000,0.18591000,85980911.00000000,16231864.84142000,147457
2025-05-27,0.18591000,0.19200000,0.18215000,0.18722000,109879023.00000000,20640928.02814000,171056
2025-05-28,0.18723000,0.18849000,0.18119000,0.18601000,81511281.00000000,15084851.23630000,150231
2025-05-29,0.18603000,0.19068000,0.17872000,0.17964000,119134773.00000000,21932323.40996000,187128
2025-05-30,0.17962000,0.18060000,0.16512000,0.16725000,168149058.00000000,29103937.83165000,274785
2025-05-31,0.16727000,0.17025000,0.16095000,0.16742000,132297822.00000000,21831333.09710000,236021
2025-06-01,0.16743000,0.16979000,0.16399000,0.16871000,74327172.00000000,12437420.96548000,115758
2025-06-02,0.16871000,0.17263000,0.16649000,0.17140000,85877919.00000000,14546405.00142000,136675
2025-06-03,0.17139000,0.17547000,0.17091000,0.17186000,72070182.00000000,12482884.39295000,111461
2025-06-04,0.17185000,0.17393000,0.16628000,0.16708000,63154066.00000000,10759994.91986000,98774
2025-06-05,0.16709000,0.16970000,0.15597000,0.15944000,109479743.00000000,17892253.48796000,187722
2025-06-06,0.15944000,0.16900000,0.15852000,0.16440000,96061271.00000000,15837773.10763000,140749
2025-06-07,0.16441000,0.17050000,0.16377000,0.16874000,52165780.00000000,8792905.98480000,76783
2025-06-08,0.16874000,0.17225000,0.16647000,0.16930000,56339768.00000000,9547372.55588000,90739
2025-06-09,0.16929000,0.17898000,0.16761000,0.17792000,95949539.00000000,16558862.41481000,137075
2025-06-10,0.17791000,0.18390000,0.17596000,0.18013000,105419161.00000000,18934304.50339000,172218
2025-06-11,0.18014000,0.18199000,0.17101000,0.17290000,148464632.00000000,26436493.65041000,237368
2025-06-12,0.17289000,0.17314000,0.16192000,0.16288000,121130483.00000000,20305620.14272000,192346
2025-06-13,0.16287000,0.16295000,0.15010000,0.15899000,223053552.00000000,34570697.83184000,361603
2025-06-14,0.15898000,0.15982000,0.15120000,0.15497000,72795044.00000000,11377023.56486000,133730
2025-06-15,0.15498000,0.15560000,0.15066000,0.15443000,95717785.00000000,14700018.62747000,137710
2025-06-16,0.15442000,0.16335000,0.15305000,0.15347000,145751387.00000000,23172898.40814000,171149
2025-06-17,0.15345000,0.15719000,0.14677000,0.14860000,158972103.00000000,24094199.93298000,208237
2025-06-18,0.14861000,0.15280000,0.14380000,0.14789000,151847440.00000000,22414739.06331000,201676
2025-06-19,0.14791000,0.14966000,0.14465000,0.14774000,76031761.00000000,11183886.56457000,99245
2025-06-20,0.14774000,0.15152000,0.14084000,0.14459000,106835420.00000000,15607312.67389000,127197
2025-06-21,0.14459000,0.14636000,0.13370000,0.13800000,124477090.00000000,17470052.34233000,125309
2025-06-22,0.13799000,0.13988000,0.12604000,0.13364000,280733377.00000000,37087634.00494000,315843
2025-06-23,0.13363000,0.15225000,0.13311000,0.15156000,223428823.00000000,31389932.54589000,246106
2025-06-24,0.15156000,0.15533000,0.15059000,0.15399000,136410016.00000000,20805015.43398000,156856
2025-06-25,0.15398000,0.15617000,0.14891000,0.14982000,104727180.00000000,15964302.14595000,140823
2025-06-26,0.14983000,0.15258000,0.14193000,0.14277000,158715881.00000000,23227050.50709000,179088
2025-06-27,0.14278000,0.14786000,0.14143000,0.14599000,105932859.00000000,15315527.40324000,149002
2025-06-28,0.14600000,0.14875000,0.14510000,0.14779000,74680180.00000000,10992017.69888000,79239
2025-06-29,0.14779000,0.15410000,0.14659000,0.15270000,77719395.00000000,11608261.67347000,86421
2025-06-30,0.15270000,0.15333000,0.14755000,0.15004000,115192647.00000000,17305018.67474000,130826
2025-07-01,0.15005000,0.15165000,0.14289000,0.14471000,108674111.00000000,15995027.91831000,131165
2025-07-02,0.14471000,0.15918000,0.14314000,0.15536000,153093359.00000000,23286814.46145000,169134
2025-07-03,0.15536000,0.16276000,0.15483000,0.15901000,148360158.00000000,23640023.47110000,168571
2025-07-04,0.15902000,0.16271000,0.15182000,0.15305000,109066133.00000000,17007479.54798000,123846
2025-07-05,0.15304000,0.15669000,0.15252000,0.15420000,75827508.00000000,11736265.01610000,88817
2025-07-06,0.15422000,0.16159000,0.15211000,0.15931000,89352868.00000000,13994697.51345000,96466
2025-07-07,0.15932000,0.16124000,0.15616000,0.15843000,103558883.00000000,16477503.41271000,119346
2025-07-08,0.15844000,0.16236000,0.15514000,0.16079000,117101359.00000000,18658987.83172000,131954
2025-07-09,0.16078000,0.17355000,0.15981000,0.17093000,185221072.00000000,31229625.24635000,189934
2025-07-10,0.17094000,0.19027000,0.17022000,0.18990000,223044043.00000000,40072621.07659000,243320
2025-07-11,0.18988000,0.20939000,0.18808000,0.19369000,547414315.00000000,109974356.87101000,652890
2025-07-12,0.19371000,0.20672000,0.19006000,0.19735000,397420780.00000000,78904603.07180000,464566
2025-07-13,0.19736000,0.25194000,0.19632000,0.24134000,1114235424.00000000,257172488.84349000,1498138
2025-07-14,0.24135000,0.25769000,0.23353000,0.23689000,766460706.00000000,188739444.66551000,1159197
2025-07-15,0.23689000,0.24167000,0.22306000,0.23308000,506166715.00000000,117514824.14675000,672992
2025-07-16,0.23307000,0.24480000,0.22871000,0.23615000,438882072.00000000,104185619.24861000,500712
2025-07-17,0.23616000,0.28500000,0.22876000,0.27656000,916698879.00000000,231897292.13573000,959873
2025-07-18,0.27656000,0.29900000,0.25330000,0.25940000,677767290.00000000,187177305.44935000,917685
2025-07-19,0.25942000,0.27248000,0.25651000,0.26649000,309534177.00000000,82348938.35074000,448615
2025-07-20,0.26654000,0.28292000,0.26398000,0.27087000,308368343.00000000,84159739.33463000,501886
2025-07-21,0.27088000,0.28843000,0.26342000,0.27116000,454348548.00000000,126059394.86401000,714057
2025-07-22,0.27118000,0.27543000,0.25913000,0.27528000,390351307.00000000,104471545.02459000,550134
2025-07-23,0.27528000,0.27532000,0.23851000,0.24516000,454339455.00000000,114911808.55902000,579595
2025-07-24,0.24518000,0.25012000,0.23100000,0.23911000,424730590.00000000,102717423.36300000,493666
2025-07-25,0.23911000,0.26457000,0.23322000,0.25867000,616524866.00000000,152902029.29040000,824025
2025-07-26,0.25865000,0.29115000,0.25584000,0.27974000,524168170.00000000,144780501.36603000,784139
2025-07-27,0.27977000,0.30500000,0.27645000,0.29170000,497573673.00000000,144011674.89107000,696527
2025-07-28,0.29172000,0.29247000,0.26672000,0.27153000,283202548.00000000,79054722.22877000,448142
2025-07-29,0.27154000,0.27944000,0.25712000,0.26374000,253895306.00000000,67856527.90528000,385438
2025-07-30,0.26375000,0.26506000,0.24578000,0.25576000,288489478.00000000,74031300.81500000,411308
2025-07-31,0.25577000,0.27900000,0.24970000,0.25098000,366738927.00000000,97474275.91967000,519597
2025-08-01,0.25099000,0.25620000,0.23677000,0.24113000,450304869.00000000,111356087.41279000,679944
2025-08-02,0.24114000,0.24491000,0.22550000,0.23010000,256246831.00000000,60188367.69755000,379521
2025-08-03,0.23011000,0.25112000,0.22685000,0.24861000,226986958.00000000,54832808.73501000,320520
2025-08-04,0.24862000,0.25616000,0.24552000,0.25085000,250471593.00000000,62776308.95648000,354001
2025-08-05,0.25085000,0.25271000,0.23551000,0.23931000,201984026.00000000,49227030.20185000,288522
2025-08-06,0.23934000,0.24988000,0.23331000,0.24458000,199657452.00000000,48363729.37996000,298233
2025-08-07,0.24458000,0.26090000,0.24159000,0.25987000,201064366.00000000,50582846.27279000,276059
2025-08-08,0.25989000,0.26836000,0.25480000,0.26177000,245604047.00000000,64269598.78632000,421771
2025-08-09,0.26179000,0.26986000,0.26063000,0.26606000,154082471.00000000,40929261.18741000,272600
2025-08-10,0.26606000,0.27189000,0.25460000,0.25930000,139310091.00000000,36434192.38477000,255804
2025-08-11,0.25931000,0.26999000,0.24338000,0.24657000,225972236.00000000,57636637.60780000,417797
2025-08-12,0.24657000,0.26412000,0.24471000,0.26099000,202352036.00000000,51278727.50729000,312743
2025-08-13,0.26097000,0.26770000,0.25594000,0.26603000,244815238.00000000,64459689.89653000,355990
2025-08-14,0.26604000,0.27625000,0.24400000,0.24866000,398224838.00000000,103154976.47332000,574487
2025-08-15,0.24864000,0.25850000,0.24025000,0.24754000,249678676.00000000,61953097.21464000,350710
2025-08-16,0.24753000,0.25504000,0.24713000,0.25230000,125525571.00000000,31424514.12342000,155929
2025-08-17,0.25232000,0.26039000,0.25041000,0.25210000,128537557.00000000,32761094.50331000,149036
2025-08-18,0.25211000,0.25291000,0.23838000,0.24498000,214467783.00000000,52372004.27257000,252008
2025-08-19,0.24499000,0.24748000,0.23052000,0.23156000,193469618.00000000,46069560.50892000,231179
2025-08-20,0.23158000,0.24288000,0.22921000,0.24177000,173215061.00000000,40802018.18141000,201950
2025-08-21,0.24169000,0.24322000,0.23237000,0.23554000,118035636.00000000,27975186.07182000,152050
2025-08-22,0.23555000,0.25897000,0.22814000,0.25692000,300397487.00000000,73428401.38794000,372141
2025-08-23,0.25694000,0.25717000,0.24686000,0.25338000,105674456.00000000,26564224.13920000,141631
2025-08-24,0.25338000,0.26080000,0.24304000,0.24817000,187840081.00000000,47048507.19032000,272451
2025-08-25,0.24818000,0.25092000,0.22677000,0.23079000,227780898.00000000,54041956.35214000,336246
2025-08-26,0.23079000,0.24507000,0.22972000,0.24177000,166118736.00000000,39318611.94717000,235891
2025-08-27,0.24176000,0.24358000,0.23715000,0.23761000,146073241.00000000,35175837.77739000,168809
2025-08-28,0.23762000,0.24201000,0.23540000,0.23922000,134719322.00000000,32180213.49272000,162485
2025-08-29,0.23922000,0.24037000,0.22349000,0.22796000,249640545.00000000,57508526.97194000,286159
2025-08-30,0.22797000,0.22951000,0.22028000,0.22574000,107200716.00000000,24150635.70102000,124132
2025-08-31,0.22575000,0.22871000,0.21784000,0.21896000,79075844.00000000,17683707.69731000,102917
2025-09-01,0.21895000,0.22368000,0.21059000,0.21468000,185584455.00000000,40182786.88284000,245648
2025-09-02,0.21470000,0.22079000,0.21143000,0.22058000,188946891.00000000,40768192.77777000,203029
2025-09-03,0.22059000,0.22354000,0.21762000,0.21929000,92244822.00000000,20346651.28049000,141816
2025-09-04,0.21929000,0.22012000,0.21093000,0.21351000,170168693.00000000,36476525.00149000,220426
2025-09-05,0.21350000,0.22414000,0.21239000,0.21830000,131011621.00000000,28675462.67951000,157207
2025-09-06,0.21828000,0.21973000,0.21371000,0.21461000,41606797.00000000,8988251.03536000,57637
2025-09-07,0.21463000,0.22190000,0.21443000,0.21949000,76382051.00000000,16734188.99569000,76715
2025-09-08,0.21951000,0.22787000,0.21801000,0.22633000,115568786.00000000,25861032.02481000,130925
2025-09-09,0.22633000,0.23495000,0.22381000,0.22811000,132120789.00000000,30249378.79101000,181214
2025-09-10,0.22811000,0.23677000,0.22671000,0.23424000,122079619.00000000,28413929.52697000,145166
2025-09-11,0.23424000,0.24147000,0.23340000,0.23978000,147434514.00000000,34845161.67339000,230630
2025-09-12,0.23979000,0.24573000,0.23783000,0.24550000,174063086.00000000,42174961.99068000,179338
2025-09-13,0.24551000,0.25481000,0.24387000,0.24817000,142857897.00000000,35517646.24000000,201392
2025-09-14,0.24820000,0.24847000,0.23689000,0.24076000,124770280.00000000,30160694.29046000,172952
2025-09-15,0.24075000,0.24332000,0.23003000,0.23701000,157419116.00000000,37043977.38442000,202154
2025-09-16,0.23700000,0.23995000,0.23161000,0.23804000,89764805.00000000,21243206.70331000,128204
2025-09-17,0.23803000,0.24553000,0.23268000,0.24302000,260779411.00000000,61938949.07497000,228892
2025-09-18,0.24303000,0.25224000,0.24166000,0.24623000,201371055.00000000,49699185.15218000,177438
2025-09-19,0.24623000,0.25026000,0.23598000,0.23884000,131736219.00000000,31977759.23651000,184098
2025-09-20,0.23883000,0.24696000,0.23790000,0.24196000,70230527.00000000,17047075.81764000,115484
2025-09-21,0.24195000,0.24301000,0.23344000,0.23403000,56944752.00000000,13559013.94099000,93523
2025-09-22,0.23403000,0.23483000,0.21028000,0.22220000,256563771.00000000,56496834.56216000,373329
2025-09-23,0.22220000,0.22523000,0.21830000,0.21903000,149318278.00000000,33080178.79434000,138229
2025-09-24,0.21902000,0.22624000,0.21637000,0.22124000,138685474.00000000,30832494.94724000,123462
2025-09-25,0.22123000,0.22195000,0.20533000,0.20754000,275301364.00000000,58804516.46798000,258745
2025-09-26,0.20754000,0.21639000,0.20501000,0.21438000,167175474.00000000,35052445.74943000,204802
2025-09-27,0.21437000,0.21525000,0.21133000,0.21270000,51779862.00000000,11034110.00098000,81223
2025-09-28,0.21270000,0.21698000,0.20746000,0.21607000,66875334.00000000,14182699.22235000,110651
2025-09-29,0.21607000,0.22007000,0.21202000,0.21676000,106633623.00000000,23035454.29141000,143138
2025-09-30,0.21676000,0.21784000,0.20899000,0.21500000,157082445.00000000,33561421.51571000,162640
2025-10-01,0.21501000,0.22448000,0.21024000,0.22428000,144251452.00000000,31621977.51337000,200050
2025-10-02,0.22430000,0.23034000,0.22149000,0.22746000,117831840.00000000,26718171.51757000,170086
2025-10-03,0.22747000,0.22986000,0.22016000,0.22543000,137910186.00000000,30942122.38676000,197339
2025-10-04,0.22545000,0.22623000,0.21484000,0.21705000,100405925.00000000,22052932.01672000,131356
2025-10-05,0.21705000,0.22670000,0.21428000,0.21636000,134617180.00000000,29619663.14036000,203992
2025-10-06,0.21636000,0.23364000,0.21515000,0.23011000,194337103.00000000,44166978.05219000,259928
2025-10-07,0.23012000,0.23106000,0.21619000,0.21816000,159505022.00000000,35578589.56086000,255590
2025-10-08,0.21816000,0.22235000,0.21527000,0.21968000,122886644.00000000,26881818.49978000,205145
2025-10-09,0.21970000,0.22003000,0.20877000,0.21297000,208448373.00000000,44383724.86074000,274699
2025-10-10,0.21296000,0.21688000,0.07250000,0.16436000,700267261.00000000,121689447.50253000,949925
2025-10-11,0.16441000,0.17705000,0.16005000,0.16805000,297820250.00000000,50386652.46639000,615489
2025-10-12,0.16805000,0.18841000,0.16465000,0.18525000,203902777.00000000,36222149.57557000,539663
2025-10-13,0.18526000,0.19555000,0.18243000,0.19431000,312908349.00000000,58813758.07168000,574504
2025-10-14,0.19431000,0.19507000,0.17576000,0.19020000,353127135.00000000,64913419.36588000,624218
2025-10-15,0.19019000,0.19178000,0.17735000,0.17895000,190452442.00000000,35195421.39976000,360243
2025-10-16,0.17896000,0.18517000,0.16869000,0.17085000,210373531.00000000,37228371.56710000,529402
2025-10-17,0.17085000,0.17389000,0.15552000,0.16256000,284553402.00000000,46131269.52433000,617543
2025-10-18,0.16257000,0.16773000,0.16228000,0.16590000,89328708.00000000,14733775.65802000,149025
2025-10-19,0.16589000,0.17359000,0.16243000,0.17050000,121693809.00000000,20461941.87906000,213987
2025-10-20,0.17049000,0.18098000,0.16684000,0.17554000,135907220.00000000,23944473.80906000,270257
2025-10-21,0.17554000,0.18194000,0.16861000,0.17043000,157813109.00000000,27594832.70388000,311866
2025-10-22,0.17042000,0.17234000,0.16140000,0.16609000,162679901.00000000,27344416.85718000,301388
2025-10-23,0.16608000,0.17017000,0.16281000,0.16506000,136709551.00000000,22727374.83755000,206916
2025-10-24,0.16507000,0.17278000,0.16421000,0.17079000,118464387.00000000,20025786.10897000,192796
2025-10-25,0.17079000,0.17395000,0.16854000,0.17252000,61944234.00000000,10593229.31379000,94898
2025-10-26,0.17253000,0.18142000,0.17086000,0.17995000,94494642.00000000,16754823.23805000,136717
2025-10-27,0.17995000,0.18490000,0.17638000,0.18479000,157192313.00000000,28495416.80828000,265887
2025-10-28,0.18478000,0.21975000,0.18387000,0.19450000,912206078.00000000,185534568.93843000,966152
2025-10-29,0.19451000,0.20675000,0.19244000,0.20109000,471744285.00000000,94206162.00500000,355133
2025-10-30,0.20108000,0.21091000,0.18932000,0.19657000,647256827.00000000,129379703.28791000,724709
2025-10-31,0.19658000,0.20410000,0.19027000,0.20100000,347858513.00000000,68133826.18984000,434503
2025-11-01,0.20101000,0.20485000,0.19577000,0.19636000,187367771.00000000,37518851.54674000,235635
2025-11-02,0.19637000,0.19807000,0.19046000,0.19452000,162148162.00000000,31543788.51838000,221652
2025-11-03,0.19451000,0.19546000,0.16624000,0.17528000,322877023.00000000,58299248.46724000,505840
2025-11-04,0.17528000,0.17919000,0.15880000,0.16859000,486518600.00000000,82778986.59592000,748533
2025-11-05,0.16859000,0.17683000,0.16034000,0.17518000,247106959.00000000,42173293.15073000,311298
2025-11-06,0.17518000,0.17543000,0.16091000,0.16320000,183355901.00000000,30687138.64955000,162250
2025-11-07,0.16319000,0.18127000,0.15948000,0.17707000,306252724.00000000,52174217.04903000,578190
2025-11-08,0.17707000,0.18037000,0.17157000,0.17566000,190287442.00000000,33451241.28066000,299659
2025-11-09,0.17566000,0.17863000,0.16843000,0.17662000,165110920.00000000,28551640.92283000,268525
2025-11-10,0.17662000,0.19874000,0.17544000,0.19396000,385457633.00000000,73224639.04483000,588774
2025-11-11,0.19397000,0.19691000,0.17721000,0.17776000,240303608.00000000,45065927.71341000,489063
2025-11-12,0.17777000,0.18641000,0.17284000,0.17402000,274800288.00000000,49307587.23513000,331278
2025-11-13,0.17399000,0.18100000,0.16150000,0.16481000,332208303.00000000,57189569.20282000,230350
2025-11-14,0.16481000,0.16538000,0.15071000,0.15297000,423325235.00000000,67230643.57752000,609754
2025-11-15,0.15298000,0.15869000,0.15281000,0.15482000,176271117.00000000,27545885.84362000,222496
2025-11-16,0.15483000,0.15581000,0.14503000,0.14665000,237083839.00000000,35616891.31841000,356761
2025-11-17,0.14665000,0.15427000,0.14195000,0.14583000,311667653.00000000,46131683.44157000,478072
2025-11-18,0.14583000,0.15245000,0.14265000,0.15061000,248434969.00000000,36482403.10806000,325995
2025-11-19,0.15062000,0.15196000,0.13812000,0.14489000,236847438.00000000,34302041.74569000,271408
2025-11-20,0.14488000,0.14801000,0.13439000,0.13653000,244465627.00000000,34643178.14034000,324532
2025-11-21,0.13652000,0.13844000,0.12251000,0.13080000,415556967.00000000,54268247.48188000,584160
2025-11-22,0.13080000,0.13347000,0.12642000,0.13174000,142236056.00000000,18391492.43904000,239449
2025-11-23,0.13173000,0.15564000,0.13122000,0.14795000,386905802.00000000,56098509.01758000,488610
2025-11-24,0.14796000,0.15216000,0.14078000,0.14851000,342861461.00000000,50357705.44209000,396680
2025-11-25,0.14851000,0.14923000,0.13991000,0.14497000,184895572.00000000,26629246.15089000,240323
2025-11-26,0.14498000,0.15053000,0.14144000,0.14788000,167762873.00000000,24447558.82021000,212873
2025-11-27,0.14787000,0.14949000,0.14420000,0.14709000,122832490.00000000,18050466.80165000,156130
2025-11-28,0.14708000,0.15085000,0.14392000,0.14537000,140822547.00000000,20718232.94438000,185425
2025-11-29,0.14537000,0.14627000,0.14228000,0.14319000,69810195.00000000,10047694.69254000,87671
2025-11-30,0.14319000,0.14647000,0.14100000,0.14135000,101644202.00000000,14599417.77215000,122528
2025-12-01,0.14136000,0.14172000,0.13001000,0.13324000,216582783.00000000,29037598.41607000,292330
2025-12-02,0.13324000,0.14663000,0.13092000,0.14466000,170395502.00000000,23765123.05731000,240439
2025-12-03,0.14466000,0.15020000,0.14242000,0.14601000,229327682.00000000,33512438.79958000,251597
2025-12-04,0.14602000,0.14659000,0.13755000,0.13937000,158522191.00000000,22462058.03709000,183870
2025-12-05,0.13936000,0.14009000,0.13264000,0.13391000,134422679.00000000,18309830.78365000,176281
2025-12-06,0.13391000,0.13452000,0.13250000,0.13399000,67179718.00000000,8959264.67007000,88425
2025-12-07,0.13400000,0.13600000,0.12761000,0.13104000,170196548.00000000,22533322.52863000,191994
2025-12-08,0.13105000,0.13752000,0.13049000,0.13453000,136347717.00000000,18389267.91339000,174952
2025-12-09,0.13453000,0.14327000,0.13236000,0.13896000,164304635.00000000,22741378.38772000,200694
2025-12-10,0.13896000,0.14200000,0.13462000,0.13474000,157172386.00000000,21622513.92374000,196815
2025-12-11,0.13473000,0.13494000,0.12843000,0.12990000,160122792.00000000,20852755.41292000,216105
2025-12-12,0.12991000,0.13159000,0.12315000,0.12394000,141421358.00000000,17971117.95903000,174314
2025-12-13,0.12395000,0.12635000,0.12121000,0.12299000,89068419.00000000,11004600.90595000,99272
2025-12-14,0.12299000,0.12445000,0.11717000,0.11821000,98845577.00000000,11900439.42762000,129906
2025-12-15,0.11821000,0.12178000,0.11133000,0.11418000,139141867.00000000,16102906.70209000,209665
2025-12-16,0.11418000,0.11697000,0.11176000,0.11460000,106615133.00000000,12208425.37401000,142844
2025-12-17,0.11460000,0.11746000,0.10845000,0.10992000,121145859.00000000,13627748.63069000,169131
2025-12-18,0.10993000,0.11428000,0.10396000,0.10490000,163318226.00000000,17760593.19800000,207954
2025-12-19,0.10491000,0.11371000,0.10295000,0.11197000,153401942.00000000,16755632.63941000,194738
2025-12-20,0.11196000,0.11470000,0.11072000,0.11379000,65458409.00000000,7369440.75028000,76357
2025-12-21,0.11377000,0.11399000,0.10930000,0.11197000,65473536.00000000,7312734.18622000,86476
2025-12-22,0.11198000,0.11688000,0.11060000,0.11412000,111988041.00000000,12747540.74946000,148360
2025-12-23,0.11413000,0.11480000,0.10906000,0.11045000,89088734.00000000,9895050.53612000,118481
2025-12-24,0.11046000,0.11122000,0.10809000,0.10932000,61770648.00000000,6761762.90718000,88583
2025-12-25,0.10932000,0.11306000,0.10843000,0.10890000,63520112.00000000,7056138.76100000,86633
2025-12-26,0.10889000,0.11728000,0.10840000,0.11165000,101095089.00000000,11419267.88466000,150866
2025-12-27,0.11166000,0.11591000,0.11116000,0.11527000,49903884.00000000,5647930.03821000,72166
2025-12-28,0.11526000,0.11673000,0.11354000,0.11548000,51138787.00000000,5900150.80688000,66829
2025-12-29,0.11548000,0.11906000,0.11261000,0.11286000,106536893.00000000,12300665.86136000,153213
2025-12-30,0.11285000,0.11346000,0.11029000,0.11170000,89883794.00000000,10065699.99361000,107366
2025-12-31,0.11169000,0.11200000,0.10578000,0.10633000,145038353.00000000,15806783.64652000,120200
2026-01-01,0.10633000,0.11448000,0.10633000,0.11434000,100319709.00000000,11053940.57320000,111969
2026-01-02,0.11435000,0.12235000,0.11309000,0.12161000,229497782.00000000,27315396.34958000,244215
2026-01-03,0.12162000,0.12230000,0.11719000,0.12082000,121980787.00000000,14650685.99056000,108740
2026-01-04,0.12081000,0.12892000,0.12006000,0.12542000,205197670.00000000,25446408.50528000,194338
2026-01-05,0.12542000,0.13260000,0.12364000,0.13169000,249049199.00000000,31763324.75759000,286740
2026-01-06,0.13169000,0.13496000,0.12420000,0.12896000,279315277.00000000,36317112.48124000,295853
2026-01-07,0.12896000,0.12962000,0.12229000,0.12369000,169659579.00000000,21228872.36447000,197180
2026-01-08,0.12370000,0.12432000,0.11785000,0.12056000,164600558.00000000,19919545.69456000,215295
2026-01-09,0.12054000,0.12355000,0.11812000,0.12035000,164971501.00000000,19814921.11721000,199762
2026-01-10,0.12035000,0.12101000,0.11726000,0.11786000,51271068.00000000,6114595.93552000,64879
2026-01-11,0.11786000,0.11923000,0.11574000,0.11732000,107175750.00000000,12604915.45745000,133213
2026-01-12,0.11731000,0.12036000,0.11354000,0.11506000,179107559.00000000,20923936.01625000,210523
2026-01-13,0.11505000,0.12411000,0.11461000,0.12230000,201269768.00000000,23959178.75296000,213603
2026-01-14,0.12231000,0.12898000,0.12186000,0.12341000,260577950.00000000,32570129.68751000,256234
2026-01-15,0.12341000,0.12352000,0.11615000,0.11783000,171846384.00000000,20599817.93063000,200820
2026-01-16,0.11783000,0.11982000,0.11445000,0.11862000,130825795.00000000,15345135.21283000,130928
2026-01-17,0.11862000,0.12083000,0.11774000,0.11887000,80389897.00000000,9567054.39925000,80244
2026-01-18,0.11888000,0.11936000,0.11162000,0.11176000,112868598.00000000,13130149.82092000,108012
2026-01-19,0.11176000,0.11256000,0.10280000,0.11088000,221198751.00000000,23993760.83033000,212693
2026-01-20,0.11089000,0.11133000,0.10388000,0.10567000,188733931.00000000,20290822.83291000,168436
2026-01-21,0.10568000,0.11157000,0.10542000,0.10930000,259532490.00000000,28250939.89962000,249952
2026-01-22,0.10931000,0.11130000,0.10686000,0.10822000,107037595.00000000,11680721.59027000,117503
2026-01-23,0.10823000,0.11264000,0.10763000,0.10948000,121762082.00000000,13393202.80964000,126756
2026-01-24,0.10947000,0.10995000,0.10750000,0.10847000,64282113.00000000,6981819.00063000,57545
2026-01-25,0.10846000,0.10873000,0.10099000,0.10326000,137631869.00000000,14396617.25892000,142697
2026-01-26,0.10327000,0.10798000,0.10310000,0.10659000,125044305.00000000,13288116.17459000,125949
2026-01-27,0.10659000,0.10863000,0.10464000,0.10819000,100069489.00000000,10676954.26571000,107297
2026-01-28,0.10819000,0.10910000,0.10614000,0.10712000,136772158.00000000,14704637.28954000,121251
2026-01-29,0.10713000,0.10739000,0.09869000,0.10115000,198485466.00000000,20241479.19651000,180178
2026-01-30,0.10116000,0.10163000,0.09670000,0.09876000,254777950.00000000,25277317.14890000,229799
2026-01-31,0.09876000,0.09878000,0.08388000,0.09294000,328710613.00000000,29840533.80427000,300211
2026-02-01,0.09296000,0.09352000,0.08696000,0.08855000,204239782.00000000,18417036.92087000,198007
2026-02-02,0.08855000,0.09589000,0.08614000,0.09324000,302325071.00000000,27444099.56666000,283633
2026-02-03,0.09324000,0.09450000,0.08742000,0.09071000,221452901.00000000,20148355.41640000,195171
2026-02-04,0.09071000,0.09362000,0.08830000,0.08946000,228262529.00000000,20778212.80679000,233545
2026-02-05,0.08947000,0.09021000,0.07588000,0.07813000,538543378.00000000,44285335.38185000,547468
2026-02-06,0.07814000,0.09825000,0.07215000,0.09129000,608858476.00000000,51964424.44949000,596369
2026-02-07,0.09129000,0.09173000,0.08671000,0.09001000,193264871.00000000,17292401.21081000,203838
2026-02-08,0.09002000,0.09608000,0.08883000,0.09126000,180102055.00000000,16661669.71747000,176436
2026-02-09,0.09126000,0.09390000,0.08781000,0.09210000,145790992.00000000,13298219.03731000,130034
2026-02-10,0.09211000,0.09330000,0.08945000,0.09075000,120205952.00000000,10926719.20840000,89201
2026-02-11,0.09076000,0.09128000,0.08716000,0.08911000,140166533.00000000,12476513.29391000,173980
2026-02-12,0.08912000,0.09669000,0.08912000,0.09320000,169879866.00000000,15776942.09300000,176728
2026-02-13,0.09320000,0.09897000,0.09152000,0.09883000,133935551.00000000,12715742.34578000,143640
2026-02-14,0.09884000,0.10760000,0.09874000,0.10389000,275503885.00000000,28462724.08773000,278569
2026-02-15,0.10389000,0.10656000,0.09802000,0.10033000,189702996.00000000,19399154.76975000,201874
2026-02-16,0.10033000,0.10274000,0.09863000,0.10168000,95781385.00000000,9645579.10412000,93126
2026-02-17,0.10168000,0.10353000,0.09925000,0.10209000,83831392.00000000,8464955.82321000,112327
2026-02-18,0.10210000,0.10267000,0.09843000,0.09911000,86484558.00000000,8693179.02124000,104947
2026-02-19,0.09911000,0.09968000,0.09595000,0.09765000,73590408.00000000,7193197.65772000,93217
2026-02-20,0.09764000,0.10149000,0.09696000,0.09975000,102561165.00000000,10183492.62053000,122366
2026-02-21,0.09975000,0.10157000,0.09878000,0.09976000,44885225.00000000,4499065.79495000,53071
2026-02-22,0.09976000,0.09981000,0.09655000,0.09826000,46789652.00000000,4580030.29945000,55091
2026-02-23,0.09826000,0.09845000,0.09329000,0.09494000,125287329.00000000,11960342.58815000,151551
2026-02-24,0.09495000,0.09645000,0.09271000,0.09503000,88888552.00000000,8395056.93523000,114404
2026-02-25,0.09504000,0.10697000,0.09488000,0.10184000,150738336.00000000,15254027.34652000,187288
2026-02-26,0.10185000,0.10398000,0.09921000,0.10261000,100508530.00000000,10230275.38024000,154797
2026-02-27,0.10262000,0.10519000,0.09832000,0.10040000,93247673.00000000,9474390.22473000,122827
2026-02-28,0.10041000,0.10149000,0.09435000,0.10021000,153062125.00000000,14971204.56033000,173541
2026-03-01,0.10020000,0.10347000,0.09568000,0.09699000,102531546.00000000,10210215.23661000,158149
2026-03-02,0.09700000,0.10297000,0.09641000,0.09801000,125346877.00000000,12467018.12197000,191661
2026-03-03,0.09802000,0.09830000,0.09424000,0.09695000,126901438.00000000,12210555.86028000,155389
2026-03-04,0.09694000,0.10419000,0.09674000,0.10114000,129028626.00000000,13013171.63052000,187085
2026-03-05,0.10114000,0.10169000,0.09814000,0.09960000,80773677.00000000,8092884.75537000,111229
2026-03-06,0.09962000,0.10090000,0.09621000,0.09756000,80230783.00000000,7888977.14361000,86501
2026-03-07,0.09757000,0.09806000,0.09516000,0.09578000,33313142.00000000,3211280.22494000,41228
2026-03-08,0.09579000,0.09673000,0.09295000,0.09393000,63686308.00000000,6035488.10083000,75979
2026-03-09,0.09392000,0.09666000,0.09378000,0.09433000,95229344.00000000,9054218.50622000,113728
2026-03-10,0.09434000,0.09897000,0.09421000,0.09518000,106317005.00000000,10251303.50771000,122514
2026-03-11,0.09518000,0.09619000,0.09330000,0.09423000,88941107.00000000,8405805.37446000,97288
2026-03-12,0.09424000,0.09549000,0.09309000,0.09484000,60934947.00000000,5747026.27386000,70556
2026-03-13,0.09484000,0.09994000,0.09453000,0.09513000,126428709.00000000,12288935.16559000,136939
2026-03-14,0.09512000,0.09533000,0.09130000,0.09357000,97211937.00000000,9023658.01361000,91964
2026-03-15,0.09357000,0.09717000,0.09295000,0.09631000,116961718.00000000,11188337.30548000,101916
2026-03-16,0.09631000,0.10104000,0.09548000,0.10029000,183532106.00000000,18084672.90046000,239280
2026-03-17,0.10029000,0.10164000,0.09779000,0.09875000,105913927.00000000,10521519.06293000,142760
2026-03-18,0.09872000,0.10082000,0.09449000,0.09580000,101101496.00000000,9844964.93527000,123963
2026-03-19,0.09579000,0.09651000,0.09144000,0.09289000,85765020.00000000,8006967.49057000,86676
2026-03-20,0.09288000,0.09479000,0.09226000,0.09318000,45955140.00000000,4294822.88224000,57143
2026-03-21,0.09319000,0.09372000,0.09120000,0.09157000,44851596.00000000,4167996.90655000,35480
2026-03-22,0.09155000,0.09231000,0.08805000,0.08920000,79854534.00000000,7188672.89941000,77823
2026-03-23,0.08921000,0.09526000,0.08875000,0.09324000,153891178.00000000,14226261.62029000,137120
2026-03-24,0.09323000,0.09454000,0.09168000,0.09418000,86833246.00000000,8086553.08273000,85573
2026-03-25,0.09419000,0.09590000,0.09389000,0.09473000,75857603.00000000,7201060.29750000,82176
2026-03-26,0.09471000,0.09478000,0.09048000,0.09115000,67370818.00000000,6182836.38027000,69612
2026-03-27,0.09116000,0.09174000,0.08855000,0.08912000,66409843.00000000,5959077.27954000,62443
2026-03-28,0.08913000,0.09193000,0.08840000,0.08983000,47221375.00000000,4262515.46380000,48435
2026-03-29,0.08984000,0.09037000,0.08603000,0.08805000,49344527.00000000,4369030.40112000,54888
2026-03-30,0.08807000,0.09100000,0.08694000,0.08729000,67281658.00000000,5992460.56230000,69738
2026-03-31,0.08729000,0.08843000,0.08360000,0.08764000,127981901.00000000,10992184.87892000,131367
2026-04-01,0.08763000,0.09125000,0.08749000,0.08846000,102156890.00000000,9147258.16286000,100150
2026-04-02,0.08846000,0.08957000,0.08489000,0.08799000,70563386.00000000,6138208.52834000,81345
2026-04-03,0.08800000,0.09039000,0.08727000,0.08770000,64682265.00000000,5722979.39411000,64716
2026-04-04,0.08770000,0.08788000,0.08665000,0.08750000,31456746.00000000,2745546.79786000,34880
2026-04-05,0.08751000,0.08815000,0.08603000,0.08806000,48149639.00000000,4188431.67466000,46489
2026-04-06,0.08807000,0.09016000,0.08698000,0.08740000,87930910.00000000,7811808.79460000,75779
2026-04-07,0.08739000,0.09295000,0.08583000,0.09186000,93519131.00000000,8300500.75687000,87195
2026-04-08,0.09186000,0.09486000,0.08847000,0.08902000,179572647.00000000,16478533.47562000,151953
2026-04-09,0.08901000,0.09168000,0.08766000,0.08939000,105057088.00000000,9411217.51447000,88194
2026-04-10,0.08937000,0.09049000,0.08775000,0.08951000,99982010.00000000,8915707.65025000,82330
2026-04-11,0.08951000,0.08984000,0.08789000,0.08832000,67470534.00000000,5972070.26325000,75767
2026-04-12,0.08831000,0.08860000,0.08503000,0.08516000,79878617.00000000,6894299.70404000,131337
2026-04-13,0.08516000,0.08813000,0.08439000,0.08778000,116995163.00000000,10028751.25110000,171660
2026-04-14,0.08778000,0.08786000,0.08444000,0.08505000,90268506.00000000,7790272.55591000,142570
2026-04-15,0.08505000,0.08744000,0.08485000,0.08711000,82795421.00000000,7116297.29544000,134697
2026-04-16,0.08712000,0.09165000,0.08636000,0.09071000,142269864.00000000,12636042.76013000,107870
2026-04-17,0.09070000,0.09353000,0.08859000,0.09074000,152432765.00000000,13931688.17444000,127956
2026-04-18,0.09073000,0.09109000,0.08796000,0.08878000,77248526.00000000,6897483.42588000,65390
2026-04-19,0.08878000,0.08963000,0.08699000,0.08724000,74669737.00000000,6590435.84812000,67587
2026-04-20,0.08725000,0.09055000,0.08718000,0.08973000,106686293.00000000,9508851.59429000,85544
2026-04-21,0.08974000,0.09138000,0.08877000,0.09034000,79207974.00000000,7132018.62153000,70221
2026-04-22,0.09036000,0.09345000,0.08986000,0.09080000,117326702.00000000,10736161.40618000,87170
2026-04-23,0.09081000,0.09144000,0.08971000,0.09081000,68604257.00000000,6215405.13693000,65114
2026-04-24,0.09081000,0.09221000,0.09010000,0.09093000,56696479.00000000,5164511.75369000,55217
2026-04-25,0.09094000,0.09219000,0.09019000,0.09122000,45600400.00000000,4158109.75670000,46115
2026-04-26,0.09123000,0.09327000,0.09056000,0.09231000,68720048.00000000,6344387.48742000,61359
2026-04-27,0.09231000,0.09314000,0.08901000,0.08975000,87008627.00000000,7896717.02405000,72164
2026-04-28,0.08974000,0.08976000,0.08818000,0.08892000,46183941.00000000,4111701.05471000,46696
2026-04-29,0.08892000,0.09105000,0.08702000,0.08866000,78811731.00000000,7025794.46269000,81018
2026-04-30,0.08866000,0.08929000,0.08728000,0.08735000,46496591.00000000,4101469.12809000,46777
2026-05-01,0.08736000,0.08863000,0.08736000,0.08815000,60164256.00000000,5295548.08405000,43579
2026-05-02,0.08815000,0.08914000,0.08760000,0.08858000,30167049.00000000,2660593.90662000,31823
2026-05-03,0.08859000,0.08870000,0.08744000,0.08772000,31964663.00000000,2813431.45029000,31634
2026-05-04,0.08771000,0.08959000,0.08724000,0.08773000,77890312.00000000,6876626.64427000,73981
2026-05-05,0.08774000,0.09113000,0.08770000,0.09030000,95771941.00000000,8598384.73593000,86185
2026-05-06,0.09029000,0.09318000,0.09019000,0.09141000,111272940.00000000,10194071.26551000,95191
2026-05-07,0.09141000,0.09172000,0.08933000,0.09010000,88222031.00000000,7976340.71256000,97240
2026-05-08,0.09011000,0.09345000,0.08946000,0.09269000,88780961.00000000,8112117.32281000,101628
2026-05-09,0.09270000,0.09517000,0.09155000,0.09289000,71987831.00000000,6718474.29420000,80557
2026-05-10,0.09290000,0.09965000,0.09223000,0.09752000,160814651.00000000,15478929.58945000,167258
2026-05-11,0.09751000,0.09773000,0.09496000,0.09690000,145367421.00000000,13993140.19599000,160374
2026-05-12,0.09691000,0.09731000,0.09262000,0.09385000,125504881.00000000,11863494.30121000,139046
2026-05-13,0.09386000,0.09561000,0.09149000,0.09340000,127527131.00000000,11912953.61427000,140031
2026-05-14,0.09340000,0.09852000,0.09249000,0.09499000,152998896.00000000,14579868.09699000,165941
2026-05-15,0.09499000,0.09577000,0.09127000,0.09286000,99544083.00000000,9301303.02568000,112131
2026-05-16,0.09285000,0.09311000,0.09000000,0.09125000,73879571.00000000,6761984.71024000,59320
2026-05-17,0.09124000,0.09207000,0.08832000,0.09011000,61525359.00000000,5570940.48976000,49933
2026-05-18,0.09010000,0.09032000,0.08812000,0.09019000,83941681.00000000,7484386.17959000,71883
2026-05-19,0.09020000,0.09103000,0.08791000,0.08856000,67552011.00000000,6042735.41247000,59836
2026-05-20,0.08856000,0.08967000,0.08803000,0.08882000,59752081.00000000,5317604.37841000,47699
2026-05-21,0.08881000,0.09080000,0.08784000,0.08996000,84075197.00000000,7504263.66965000,67581
2026-05-22,0.08997000,0.09101000,0.08761000,0.08790000,144009560.00000000,12884606.77322000,90285
2026-05-23,0.08791000,0.09108000,0.08540000,0.08972000,127137194.00000000,11194212.53312000,85081
2026-05-24,0.08973000,0.09004000,0.08722000,0.08842000,60848601.00000000,5408942.74397000,43947
2026-05-25,0.08843000,0.08989000,0.08792000,0.08812000,72065442.00000000,6413781.98474000,44395
2026-05-26,0.08813000,0.08929000,0.08637000,0.08657000,87762010.00000000,7687036.42823000,59346
2026-05-27,0.08657000,0.08698000,0.08513000,0.08570000,77776828.00000000,6687677.77291000,60729
2026-05-28,0.08569000,0.09259000,0.08187000,0.09101000,514558581.00000000,45261983.05891000,389608
2026-05-29,0.09102000,0.09981000,0.08850000,0.09921000,557374416.00000000,51576059.02047000,387538
2026-05-30,0.09922000,0.10990000,0.09454000,0.09514000,793091810.00000000,80404685.44919000,629587
2026-05-31,0.09515000,0.09936000,0.09362000,0.09660000,255402581.00000000,24647349.10802000,215672
2026-06-01,0.09660000,0.09797000,0.09153000,0.09236000,222919864.00000000,21053207.28780000,182649
2026-06-02,0.09237000,0.09287000,0.08588000,0.08691000,161569075.00000000,14480014.49286000,143374
2026-06-03,0.08692000,0.08915000,0.08465000,0.08526000,141732626.00000000,12303256.68361000,130865
2026-06-04,0.08525000,0.08771000,0.08160000,0.08381000,231252222.00000000,19622904.76325000,200477
2026-06-05,0.08379000,0.08396000,0.07742000,0.08035000,269112763.00000000,21742848.58823000,259256
2026-06-06,0.08034000,0.08130000,0.07659000,0.07970000,151171608.00000000,11935708.05012000,142442
2026-06-07,0.07970000,0.08286000,0.07941000,0.08195000,101916721.00000000,8285532.42544000,94058
2026-06-08,0.08194000,0.08331000,0.08079000,0.08133000,83212295.00000000,6816330.66837000,75153
2026-06-09,0.08132000,0.08165000,0.07868000,0.07950000,85181576.00000000,6826031.69337000,74637
2026-06-10,0.07951000,0.07974000,0.07695000,0.07769000,90256356.00000000,7084832.69320000,84270
2026-06-11,0.07769000,0.08023000,0.07694000,0.07925000,116425970.00000000,9168566.71849000,106026
2026-06-12,0.07925000,0.08052000,0.07753000,0.07787000,116334558.00000000,9189703.00650000,85464
2026-06-13,0.07788000,0.07896000,0.07680000,0.07833000,74754684.00000000,5839619.21261000,80439
2026-06-14,0.07834000,0.08119000,0.07685000,0.08118000,107540886.00000000,8458496.45215000,93323
2026-06-15,0.08119000,0.08459000,0.08063000,0.08258000,198142745.00000000,16350888.72492000,136436
2026-06-16,0.08259000,0.08483000,0.08037000,0.08068000,139901706.00000000,11531272.53396000,97605
2026-06-17,0.08069000,0.08240000,0.07943000,0.08130000,130586577.00000000,10548497.27468000,101348
2026-06-18,0.08131000,0.08218000,0.07870000,0.08026000,118815411.00000000,9542526.36191000,88045
2026-06-19,0.08027000,0.08141000,0.07873000,0.08051000,79975882.00000000,6396685.66024000,64316
2026-06-20,0.08050000,0.08087000,0.07934000,0.08070000,58889230.00000000,4723569.83405000,44514
2026-06-21,0.08071000,0.08082000,0.07801000,0.07808000,45975003.00000000,3664006.12467000,36037
2026-06-22,0.07809000,0.08063000,0.07801000,0.07875000,59714795.00000000,4744732.13201000,54086
2026-06-23,0.07874000,0.07913000,0.07663000,0.07757000,62222331.00000000,4842255.94403000,60083
2026-06-24,0.07756000,0.07826000,0.07300000,0.07565000,133397191.00000000,10129773.94101000,145459
2026-06-25,0.07566000,0.07592000,0.07066000,0.07346000,106833169.00000000,7841736.34807000,107395
2026-06-26,0.07347000,0.07423000,0.07066000,0.07094000,85616619.00000000,6199539.40822000,92129
2026-06-27,0.07096000,0.07349000,0.07096000,0.07193000,61197494.00000000,4431690.63833000,54186
2026-06-28,0.07193000,0.07199000,0.07018000,0.07103000,46746365.00000000,3327413.99412000,41940
2026-06-29,0.07103000,0.07243000,0.07061000,0.07169000,61240972.00000000,4379381.18846000,65041
2026-06-30,0.07168000,0.07181000,0.06850000,0.06953000,85867376.00000000,6014352.47663000,70118
2026-07-01,0.06954000,0.07302000,0.06850000,0.07192000,78079316.00000000,5523705.32991000,82154
2026-07-02,0.07192000,0.07494000,0.07054000,0.07088000,95447057.00000000,6959985.96742000,88443
2026-07-03,0.07090000,0.07443000,0.07050000,0.07338000,161563581.00000000,11619298.28032000,127141
2026-07-04,0.07338000,0.07734000,0.07200000,0.07729000,112920801.00000000,8402422.32074000,100767
2026-07-05,0.07729000,0.07764000,0.07433000,0.07632000,67272660.00000000,5079659.27169000,68842
2026-07-06,0.07631000,0.07637000,0.07254000,0.07336000,75941264.00000000,5629280.59893000,72803
2026-07-07,0.07337000,0.07369000,0.07034000,0.07091000,86730891.00000000,6225101.19523000,88087
2026-07-08,0.07092000,0.07117000,0.06884000,0.06936000,66884310.00000000,4661923.72138000,64982
2026-07-09,0.06936000,0.07153000,0.06916000,0.06994000,65472893.00000000,4604903.21107000,64255
2026-07-10,0.06993000,0.07147000,0.06950000,0.07035000,56210641.00000000,3960109.83561000,51231
2026-07-11,0.07034000,0.07121000,0.06666000,0.06850000,159484530.00000000,11066892.91622000,121863
2026-07-12,0.06849000,0.06893000,0.06709000,0.06762000,63309843.00000000,4302918.07429000,49500
2026-07-13,0.06762000,0.06869000,0.06559000,0.06661000,70764137.00000000,4740039.16333000,67174
2026-07-14,0.06662000,0.06771000,0.06565000,0.06737000,104185987.00000000,6946587.42684000,85430
2026-07-15,0.06737000,0.06840000,0.06710000,0.06796000,73161671.00000000,4954658.90983000,52908
2026-07-16,0.06797000,0.06830000,0.06632000,0.06658000,82560730.00000000,5561330.07793000,69140
2026-07-17,0.06658000,0.06694000,0.06534000,0.06590000,81693138.00000000,5400726.33690000,43251
2026-07-18,0.06591000,0.06711000,0.06568000,0.06711000,46853848.00000000,3112922.49478000,25220
2026-07-19,0.06712000,0.06754000,0.06628000,0.06655000,65722204.00000000,4399974.80202000,43728
2026-07-20,0.06656000,0.06711000,0.06543000,0.06672000,73902945.00000000,4898954.19324000,55940
2026-07-21,0.06672000,0.07101000,0.06665000,0.06959000,127607321.00000000,8744910.52726000,73760
2026-07-22,0.06959000,0.07419000,0.06945000,0.07288000,134316623.00000000,9636186.42211000,99108
2026-07-23,0.07289000,0.07450000,0.07100000,0.07112000,113666659.00000000,8270088.45606000,78412
2026-07-24,0.07112000,0.07282000,0.07032000,0.07080000,69141880.00000000,4920444.80896000,48322
2026-07-25,0.07081000,0.07142000,0.06977000,0.07099000,47383619.00000000,3340820.92723000,32414
2026-07-26,0.07098000,0.07102000,0.06912000,0.07026000,37630189.00000000,2635680.30915000,30403
2026-07-27,0.07026000,0.07026000,0.06787000,0.06814000,52512188.00000000,3625472.22779000,45452
2026-07-28,0.06814000,0.06905000,0.06709000,0.06845000,70476566.00000000,4794609.43393000,50885
2026-07-29,0.06845000,0.06924000,0.06695000,0.06789000,44737667.00000000,3047138.25184000,36181
2026-07-30,0.06792000,0.06902000,0.06768000,0.06840000,32557222.00000000,2222695.21540000,28920
2026-07-31,0.06840000,0.06891000,0.06745000,0.06884000,38407058.00000000,2621186.11494000,31728
2026-08-01,0.06884000,0.07060000,0.06872000,0.06904000,42022178.00000000,2929536.63423000,40112
2026-08-02,0.06904000,0.07073000,0.06899000,0.07007000,48112996.00000000,3366276.64972000,34718
2026-08-03,0.07006000,0.07131000,0.06848000,0.07052000,53198340.00000000,3710436.46730000,41434
2026-08-04,0.07051000,0.07156000,0.06919000,0.06942000,73879506.00000000,5198962.87581000,55705
2026-08-05,0.06941000,0.07005000,0.06870000,0.06907000,37459201.00000000,2599248.47759000,28123
2026-08-06,0.06909000,0.06971000,0.06807000,0.06823000,45084458.00000000,3097101.82057000,30646
2026-08-07,0.06823000,0.06885000,0.06716000,0.06807000,37723651.00000000,2570726.51972000,28184
2026-08-08,0.06806000,0.06998000,0.06796000,0.06899000,29060585.00000000,2000389.16604000,22970
2026-08-09,0.06898000,0.07006000,0.06858000,0.06862000,25033734.00000000,1733133.16518000,21986
2026-08-10,0.06861000,0.06923000,0.06746000,0.06766000,32303249.00000000,2208337.71219000,26968
2026-08-11,0.06766000,0.06799000,0.06588000,0.06643000,59011258.00000000,3946476.73527000,35759
2026-08-12,0.06643000,0.06700000,0.06558000,0.06606000,29554623.00000000,1957730.33765000,25946
2026-08-13,0.06606000,0.06696000,0.06547000,0.06553000,43871898.00000000,2898650.04270000,29108
2026-08-14,0.06553000,0.06622000,0.06482000,0.06590000,42463789.00000000,2778382.50465000,34585
2026-08-15,0.06591000,0.06640000,0.06538000,0.06549000,17726324.00000000,1167182.97160000,15134
2026-08-16,0.06548000,0.06549000,0.06444000,0.06465000,19414210.00000000,1263661.91478000,16057
2026-08-17,0.06466000,0.06638000,0.06429000,0.06600000,51995060.00000000,3416492.83050000,29410
2026-08-18,0.06601000,0.06740000,0.06521000,0.06737000,42976574.00000000,2847653.63618000,26075
2026-08-19,0.06738000,0.07181000,0.06708000,0.07065000,119298674.00000000,8259089.29039000,88968
2026-08-20,0.07064000,0.07449000,0.07020000,0.07344000,173002379.00000000,12572256.73728000,181263
2026-08-21,0.07345000,0.08083000,0.07345000,0.07981000,293990987.00000000,22606381.84791000,186456
2026-08-22,0.07980000,0.08687000,0.07460000,0.07742000,367877171.00000000,29176119.58482000,281829
2026-08-23,0.07743000,0.08103000,0.07575000,0.07981000,162953245.00000000,12799733.18914000,139849
2026-08-24,0.07981000,0.08151000,0.07734000,0.07928000,203734529.00000000,16199864.09710000,218931
2026-08-25,0.07928000,0.08426000,0.07721000,0.07775000,224939578.00000000,18129814.98958000,219785
2026-08-26,0.07774000,0.07874000,0.07629000,0.07859000,108533080.00000000,8425420.34953000,116661
2026-08-27,0.07859000,0.07975000,0.07694000,0.07874000,77431007.00000000,6075700.56799000,57724
2026-08-28,0.07876000,0.07980000,0.07375000,0.07609000,172891382.00000000,13127921.33746000,119259
2026-08-29,0.07610000,0.07627000,0.07459000,0.07551000,35705859.00000000,2690654.65557000,28881
2026-08-30,0.07551000,0.07614000,0.07295000,0.07345000,72627191.00000000,5434124.59203000,49213
2026-08-31,0.07345000,0.07463000,0.07308000,0.07363000,75164673.00000000,5545310.55318000,51795
2026-09-01,0.07363000,0.07559000,0.07339000,0.07407000,82256229.00000000,6124437.35633000,54058
2026-09-02,0.07408000,0.07461000,0.07277000,0.07458000,58413528.00000000,4306431.27112000,40903
2026-09-03,0.07458000,0.08098000,0.07432000,0.07928000,127430006.00000000,9908248.46341000,78872
2026-09-04,0.07927000,0.07963000,0.07644000,0.07840000,89372301.00000000,6972170.12412000,77926
2026-09-05,0.07840000,0.08153000,0.07835000,0.08022000,77041209.00000000,6174424.04313000,54566
2026-09-06,0.08022000,0.08231000,0.08013000,0.08162000,67755732.00000000,5495867.68099000,49314
2026-09-07,0.08160000,0.08320000,0.07997000,0.08187000,134391014.00000000,11005840.45466000,110955
2026-09-08,0.08186000,0.08300000,0.07872000,0.07906000,100807394.00000000,8100831.41313000,75057
2026-09-09,0.07907000,0.07998000,0.07567000,0.07656000,116553896.00000000,9121510.69182000,90060
2026-09-10,0.07655000,0.07725000,0.07461000,0.07477000,67733107.00000000,5136757.44051000,47159
2026-09-11,0.07478000,0.07712000,0.07332000,0.07443000,96284354.00000000,7217470.19587000,72467
2026-09-12,0.07442000,0.07508000,0.07400000,0.07469000,29290880.00000000,2183561.38733000,19475
2026-09-13,0.07469000,0.07752000,0.07459000,0.07511000,56999839.00000000,4313975.22061000,42081
2026-09-14,0.07512000,0.07934000,0.07498000,0.07771000,84073717.00000000,6493921.20929000,55493
2026-09-15,0.07774000,0.07991000,0.07408000,0.07431000,176850436.00000000,13588625.94908000,147213
2026-09-16,0.07430000,0.07486000,0.07196000,0.07390000,111882846.00000000,8221912.72444000,85387
2026-09-17,0.07391000,0.07664000,0.07337000,0.07460000,106839093.00000000,7972356.30791000,73128
2026-09-18,0.07461000,0.07998000,0.07434000,0.07923000,155741671.00000000,12108860.31942000,82710
2026-09-19,0.07923000,0.08240000,0.07816000,0.08145000,185643228.00000000,14961041.29828000,101698
2026-09-20,0.08145000,0.08999000,0.07951000,0.08653000,377707614.00000000,32061953.81796000,416666
2026-09-21,0.08653000,0.09358000,0.08490000,0.09336000,293734305.00000000,26353145.37971000,298743
2026-09-22,0.09339000,0.10072000,0.09110000,0.09910000,343105890.00000000,32928567.84822000,356225
2026-09-23,0.09910000,0.10133000,0.08827000,0.09050000,254825327.00000000,24203118.76372000,250000
2026-09-24,0.09050000,0.09493000,0.08822000,0.09309000,162466527.00000000,14905687.12617000,164070
2026-09-25,0.09310000,0.09673000,0.09145000,0.09569000,182457391.00000000,17135320.24943000,194061
2026-09-26,0.09569000,0.09571000,0.09178000,0.09350000,85889070.00000000,8082551.50232000,94095
2026-09-27,0.09350000,0.09607000,0.09237000,0.09586000,117238465.00000000,11052489.19023000,121940
2026-09-28,0.09586000,0.13096000,0.09415000,0.12205000,1717090636.00000000,200128977.21502000,1929520
2026-09-29,0.12205000,0.12289000,0.10206000,0.10241000,777881153.00000000,87862955.48141000,880603
2026-09-30,0.10242000,0.11006000,0.10112000,0.10476000,443818242.00000000,47139510.31394000,465008
2026-10-01,0.10477000,0.10720000,0.10165000,0.10265000,290487082.00000000,30306452.45712000,216568
2026-10-02,0.10263000,0.10715000,0.09630000,0.10240000,223001886.00000000,23028997.51965000,173051
2026-10-03,0.10241000,0.10299000,0.10015000,0.10197000,80673095.00000000,8202843.54671000,53644
2026-10-04,0.10197000,0.10441000,0.10069000,0.10401000,80539667.00000000,8247355.51962000,55437
2026-10-05,0.10400000,0.10489000,0.10019000,0.10170000,143596142.00000000,14749127.29143000,80461
2026-10-06,0.10170000,0.10206000,0.09944000,0.09967000,124538404.00000000,12531982.38865000,91759
2026-10-07,0.09966000,0.09991000,0.09182000,0.09285000,179279238.00000000,17002542.11691000,150966
2026-10-08,0.09286000,0.09676000,0.08763000,0.09034000,263416633.00000000,24315455.52226000,175054
2026-10-09,0.09034000,0.09286000,0.08936000,0.09226000,142495915.00000000,13018399.99416000,81007
