date,open,high,low,close,volume,quote_volume,trades
2021-04-16,14.29810000,14.49000000,13.01710000,13.79140000,702018.97000000,9633632.58733000,35515
2021-04-17,13.75620000,14.24770000,13.16020000,13.62420000,420662.50000000,5785662.44423300,24495
2021-04-18,13.61840000,13.70980000,11.53920000,12.13000000,797209.64000000,9824415.73368700,33661
2021-04-19,12.14810000,13.51000000,11.84280000,12.20450000,503568.25000000,6374606.74401900,27747
2021-04-20,12.16330000,15.18890000,10.91110000,14.33000000,1375621.20000000,18390604.56087700,65295
2021-04-21,14.34520000,17.90000000,13.35030000,15.49450000,3053723.30000000,48013102.12390700,171260
2021-04-22,15.54390000,21.55820000,14.61190000,15.39240000,7457766.49000000,139199758.37140400,329143
2021-04-23,15.42890000,18.50000000,12.80480000,17.16020000,3255777.33000000,50968464.39790600,127490
2021-04-24,17.16030000,17.24470000,14.30560000,15.08150000,1528637.35000000,23872301.71068900,64192
2021-04-25,15.08100000,17.90000000,14.62180000,16.01600000,1415421.51800000,22750636.44605200,69333
2021-04-26,15.97100000,20.00000000,15.76500000,19.17900000,2712832.07700000,49726669.56369600,132052
2021-04-27,19.16100000,20.59480000,17.97400000,18.74000000,1674584.25000000,32172589.39714740,81231
2021-04-28,18.74400000,20.00000000,16.81100000,19.66600000,1539800.95100000,28448188.25885100,95834
2021-04-29,19.66700000,23.99900000,19.56400000,22.19000000,2876634.07100000,62600236.69550860,166728
2021-04-30,22.22800000,25.06700000,21.42900000,21.60000000,1842042.13900000,42903481.10140600,110336
2021-05-01,21.62600000,22.51600000,20.49900000,20.63900000,1287888.03700000,27525227.41249200,76570
2021-05-02,20.64100000,20.70000000,19.16600000,19.83200000,1328064.32600000,26323515.22497100,83043
2021-05-03,19.83100000,21.45000000,19.26000000,19.30100000,796838.09500000,16118638.86190500,49265
2021-05-04,19.30100000,20.50000000,17.55600000,17.69300000,812896.32900000,15199122.37824600,48011
2021-05-05,17.66500000,19.85000000,17.51000000,19.19300000,576162.20500000,10882229.61851100,33640
2021-05-06,19.17600000,19.25000000,17.66300000,17.88900000,599282.55500000,10955761.42112700,31049
2021-05-07,17.89000000,18.27300000,16.96200000,17.71000000,609612.47000000,10774272.98554300,31137
2021-05-08,17.70100000,18.97500000,17.54600000,17.96000000,568149.33800000,10378146.13921100,30258
2021-05-09,17.95600000,19.96800000,16.71400000,19.15200000,819503.67600000,15051873.08552600,41989
2021-05-10,19.15300000,19.38000000,15.58500000,17.11900000,888245.19700000,15707739.96456300,47225
2021-05-11,17.11700000,17.78300000,16.21100000,17.07600000,531135.63700000,9037844.15324700,29570
2021-05-12,17.08500000,25.30600000,16.76800000,17.52400000,4506636.61500000,94436933.19639800,204859
2021-05-13,17.42700000,22.21900000,16.36600000,17.05800000,2879980.59900000,55486599.79923100,156434
2021-05-14,17.05500000,18.91000000,16.81200000,18.05700000,1199742.90300000,21431771.78893900,66573
2021-05-15,18.06000000,18.81900000,16.07200000,16.18400000,986524.68800000,17405032.22763100,49758
2021-05-16,16.24400000,18.40000000,15.09500000,15.83300000,1126197.51700000,18635516.86004200,55200
2021-05-17,15.82200000,15.84900000,13.69800000,14.46500000,1231531.80300000,18058424.72046200,56193
2021-05-18,14.44400000,18.83100000,14.31300000,18.00400000,1942669.00800000,33507844.94441300,100906
2021-05-19,17.99900000,18.07100000,8.00000000,11.78400000,2646950.72100000,35324898.22470800,98468
2021-05-20,11.71500000,14.09700000,10.36300000,12.93500000,1085516.52200000,13361936.05440000,43129
2021-05-21,12.93500000,13.75000000,8.70000000,10.24900000,1597923.46900000,17846022.65830800,47368
2021-05-22,10.23600000,10.97000000,9.13000000,9.49400000,866877.92300000,8606616.47991200,27525
2021-05-23,9.50100000,9.92800000,5.80000000,7.71200000,1799269.31400000,13024185.57284000,43209
2021-05-24,7.70300000,10.80000000,7.49800000,10.06700000,1559487.70600000,14955076.76102800,46566
2021-05-25,10.06700000,10.42200000,8.71400000,9.53000000,890836.40400000,8343493.41419500,31400
2021-05-26,9.53000000,11.24900000,9.48400000,10.86600000,740454.41700000,7766884.05189200,28701
2021-05-27,10.86600000,11.58400000,9.69900000,10.70700000,702099.65800000,7558959.35966300,26150
2021-05-28,10.72200000,11.03800000,8.45500000,8.84400000,865087.06900000,8094499.61088900,28151
2021-05-29,8.86600000,9.45100000,7.83200000,8.05400000,518719.54000000,4391698.17176200,15537
2021-05-30,8.05400000,9.04400000,7.57700000,8.48700000,507451.92800000,4287442.12611200,15471
2021-05-31,8.47100000,9.47700000,8.10000000,9.37400000,465610.14200000,4130877.42208200,16719
2021-06-01,9.37500000,9.57000000,8.88800000,9.34500000,377874.38900000,3470601.27546100,15049
2021-06-02,9.34300000,11.37900000,9.10000000,10.35300000,1227032.33000000,12847776.96636600,46083
2021-06-03,10.34300000,11.03400000,10.07500000,10.64900000,923396.32400000,9660659.62940100,34437
2021-06-04,10.64600000,10.65700000,8.88100000,9.40100000,737216.89600000,7088692.12808700,27206
2021-06-05,9.40300000,10.16900000,8.84000000,9.18700000,598065.16900000,5679662.72763300,21156
2021-06-06,9.18700000,9.52500000,9.00000000,9.27600000,293968.97500000,2724147.35381000,12116
2021-06-07,9.27500000,9.97300000,8.18000000,8.26600000,823249.93100000,7665164.85691500,30222
2021-06-08,8.25900000,8.66700000,7.07000000,8.24000000,1198307.85400000,9515059.61503600,34515
2021-06-09,8.24900000,9.96900000,7.67300000,9.32600000,1657065.45200000,14753308.86429300,46724
2021-06-10,9.31700000,9.38600000,8.25600000,8.45300000,803825.96500000,7059976.19147900,24702
2021-06-11,8.47800000,8.66400000,7.61000000,7.70500000,575481.01300000,4745008.64684000,21113
2021-06-12,7.71500000,8.23500000,7.17800000,7.67000000,541972.78500000,4137964.55669400,18101
2021-06-13,7.67400000,8.37900000,7.23300000,8.23400000,593751.62200000,4573473.11798500,18203
2021-06-14,8.24700000,9.24400000,7.92100000,8.69900000,875176.08300000,7504922.11234500,28153
2021-06-15,8.68600000,8.85000000,8.24000000,8.52600000,697800.69800000,5941624.17376200,22147
2021-06-16,8.51400000,8.55900000,7.75000000,7.86900000,698058.67900000,5619787.43374000,20579
2021-06-17,7.85500000,9.09700000,7.80800000,8.35600000,971598.13800000,8180881.89258200,28943
2021-06-18,8.35900000,8.40900000,7.32100000,7.60800000,493945.73500000,3869635.72057100,15869
2021-06-19,7.57900000,8.19100000,7.43500000,7.77600000,513295.25100000,3998763.04130500,15959
2021-06-20,7.77600000,7.86900000,6.98900000,7.65000000,567616.54800000,4242596.51474900,15556
2021-06-21,7.63700000,7.84100000,6.23000000,6.32500000,1506602.34100000,10883489.26767200,37170
2021-06-22,6.31600000,6.74700000,4.88000000,5.60100000,1443954.19900000,8275677.27443900,30279
2021-06-23,5.60100000,6.50000000,5.38400000,5.86700000,718135.01900000,4353063.65448300,19366
2021-06-24,5.89000000,6.17000000,5.53900000,6.11900000,722335.23500000,4240974.31120900,14060
2021-06-25,6.12000000,6.23900000,5.41300000,5.51200000,420530.28700000,2428049.91887800,10117
2021-06-26,5.49900000,5.67400000,5.10000000,5.38100000,469529.98800000,2496335.00268400,9895
2021-06-27,5.38200000,5.81000000,5.30400000,5.81000000,442897.60100000,2435023.83144200,10245
2021-06-28,5.81700000,6.84000000,5.67200000,6.70800000,747842.82800000,4629096.38145600,19665
2021-06-29,6.70900000,7.45800000,6.63500000,6.95200000,887393.45300000,6248456.62259000,24934
2021-06-30,6.95800000,7.10600000,6.34900000,6.92400000,709915.61300000,4775816.22061900,18157
2021-07-01,6.94000000,7.05700000,6.35300000,6.56700000,549467.23200000,3621142.25583200,13860
2021-07-02,6.56600000,6.82900000,6.41000000,6.65300000,403915.25000000,2666070.29952700,10916
2021-07-03,6.66500000,7.00600000,6.57100000,6.72200000,600677.89300000,4065375.44573100,15187
2021-07-04,6.71400000,7.40000000,6.69600000,7.10200000,378481.58800000,2686686.01395200,11956
2021-07-05,7.10000000,7.46700000,6.73100000,7.31600000,627222.90300000,4417135.20577900,16583
2021-07-06,7.31900000,8.11600000,7.30800000,7.66700000,834517.05700000,6491010.02422100,24051
2021-07-07,7.66400000,8.32300000,7.48100000,7.52000000,1018649.04400000,8097381.87472500,25343
2021-07-08,7.51900000,7.59000000,6.83200000,6.94300000,1235043.45400000,8848272.03246200,31201
2021-07-09,6.93100000,7.12100000,6.62000000,6.96200000,603090.38000000,4163655.81296600,15514
2021-07-10,6.96200000,7.05500000,6.60000000,6.80100000,423066.64300000,2886614.56089000,10109
2021-07-11,6.81400000,7.19900000,6.54300000,6.91700000,391145.09900000,2654648.25985600,8842
2021-07-12,6.90500000,8.36300000,6.88100000,7.56300000,2298633.80500000,17743107.39809200,65722
2021-07-13,7.55700000,7.58700000,6.79600000,6.89300000,847115.46100000,6044843.74317000,25689
2021-07-14,6.90500000,6.98700000,6.49500000,6.81700000,907851.60200000,6125342.42825100,25476
2021-07-15,6.81600000,7.88000000,6.75000000,7.27200000,961223.15400000,6938415.54388800,31710
2021-07-16,7.29100000,7.40600000,6.55500000,6.56300000,590387.38700000,4108984.65565800,18391
2021-07-17,6.55600000,6.62200000,6.15600000,6.17300000,483984.73600000,3076052.83230500,13480
2021-07-18,6.15700000,6.40400000,6.13100000,6.23800000,348983.76100000,2191926.89439800,10416
2021-07-19,6.23800000,6.27400000,5.54800000,5.56200000,501480.41500000,2930888.95154000,13002
2021-07-20,5.56500000,5.61600000,4.96200000,5.20000000,633716.36100000,3295932.75483100,16116
2021-07-21,5.21300000,6.20200000,5.05100000,5.75400000,753312.05800000,4325077.36513700,20770
2021-07-22,5.75900000,5.82000000,5.48200000,5.62100000,666147.55600000,3763171.25320000,17035
2021-07-23,5.62400000,5.87700000,5.52500000,5.86600000,623612.28200000,3553798.19296900,15904
2021-07-24,5.87100000,5.99100000,5.52400000,5.88800000,685759.50600000,3984039.17571600,17413
2021-07-25,5.90100000,6.37600000,5.78200000,6.13500000,859938.74400000,5224615.68784800,21906
2021-07-26,6.14300000,7.32900000,6.07400000,6.10500000,1816811.71000000,12139632.23843900,46316
2021-07-27,6.10000000,6.52200000,5.77900000,6.44400000,887110.23600000,5412836.23495500,24970
2021-07-28,6.43100000,6.58100000,6.03500000,6.19900000,784069.84600000,4939591.38214100,23915
2021-07-29,6.20100000,6.40600000,6.10000000,6.27800000,581316.53000000,3640480.65293600,15939
2021-07-30,6.27800000,6.68700000,5.96400000,6.65900000,947735.67900000,5953437.10909800,22727
2021-07-31,6.65900000,7.15000000,6.47000000,7.08600000,675411.29900000,4568380.24319600,20186
2021-08-01,7.07300000,7.15600000,6.54200000,6.55600000,746009.37800000,5119791.33329100,20169
2021-08-02,6.55600000,6.89500000,6.39800000,6.48100000,625248.84400000,4129550.84753100,16219
2021-08-03,6.47700000,6.62400000,6.26800000,6.55000000,444523.52000000,2871431.98211200,10608
2021-08-04,6.55500000,6.83900000,6.28900000,6.72600000,647261.14800000,4274960.40232500,13733
2021-08-05,6.73400000,8.50000000,6.62700000,8.00000000,4637116.64500000,36591541.30127100,104345
2021-08-06,8.00000000,8.24300000,7.52200000,7.84000000,1486208.48500000,11700576.86255400,35477
2021-08-07,7.84000000,8.36000000,7.73500000,8.23600000,1234557.11400000,9927935.31927800,30578
2021-08-08,8.22600000,9.48800000,7.87500000,8.48400000,2643520.79400000,23041793.32064200,67304
2021-08-09,8.48900000,9.15600000,7.90000000,8.50700000,2052637.72400000,17809393.65271600,50545
2021-08-10,8.50300000,8.97900000,8.33300000,8.64900000,936232.64800000,8093875.04352800,27856
2021-08-11,8.64800000,9.37500000,8.60400000,8.78500000,1107085.83500000,9979399.84688300,32521
2021-08-12,8.78900000,9.54100000,8.38000000,9.42800000,1140758.43300000,10232409.19865000,38887
2021-08-13,9.43800000,9.86400000,9.23500000,9.53800000,792928.41100000,7502527.29369400,26468
2021-08-14,9.54000000,9.59600000,9.04300000,9.44100000,506953.32400000,4731982.29385200,18846
2021-08-15,9.44900000,9.48300000,8.60100000,9.38300000,420706.90500000,3860852.71957700,19167
2021-08-16,9.38300000,9.85300000,9.29300000,9.48400000,774499.62500000,7406180.53658800,27033
2021-08-17,9.49200000,10.56400000,9.27500000,9.38600000,1490867.70400000,14930965.63987500,57680
2021-08-18,9.38800000,9.54200000,8.92000000,9.06700000,715037.23900000,6588666.87990700,30629
2021-08-19,9.07400000,10.53000000,8.91600000,10.21100000,1071484.07600000,10412540.86089700,42231
2021-08-20,10.22200000,11.16600000,10.14100000,10.73000000,893782.24100000,9547201.67734600,38561
2021-08-21,10.74800000,14.38700000,10.50000000,12.95800000,2401504.38000000,30388533.73867700,102750
2021-08-22,12.94500000,15.00000000,12.06500000,12.58400000,2375059.77400000,32016859.05330500,111114
2021-08-23,12.59000000,13.32300000,12.20400000,12.27200000,813676.33400000,10370249.55598500,40554
2021-08-24,12.26900000,12.45000000,11.21000000,11.63000000,783050.68500000,9318232.25880700,34988
2021-08-25,11.61700000,12.69800000,11.28000000,12.34500000,843889.89200000,10171337.35414600,43433
2021-08-26,12.35700000,12.54900000,10.79900000,10.90000000,791745.50900000,8981856.13828000,32609
2021-08-27,10.91300000,11.90100000,10.60300000,11.67400000,625151.54500000,6983405.06802600,27604
2021-08-28,11.66000000,11.74000000,11.03400000,11.30900000,397296.70000000,4512031.22830000,16067
2021-08-29,11.31900000,11.55800000,10.93100000,11.08700000,479020.50000000,5351243.75310000,18750
2021-08-30,11.08700000,12.85000000,10.80000000,11.78700000,1657126.79800000,19825713.86769200,67536
2021-08-31,11.78700000,11.87400000,11.05400000,11.23400000,883376.60000000,10078081.28060000,32945
2021-09-01,11.22500000,13.70000000,11.03700000,13.52100000,1709051.90000000,21353032.70734400,67876
2021-09-02,13.51100000,14.21000000,12.84000000,12.93400000,1089422.27100000,14470281.49411300,45775
2021-09-03,12.92500000,13.27300000,12.39600000,13.12600000,515398.00000000,6635835.36480000,20575
2021-09-04,13.14500000,14.36100000,13.06600000,13.92400000,847964.39700000,11733096.86953000,34167
2021-09-05,13.94600000,14.91500000,13.03800000,13.38200000,1369746.43000000,19237027.17183800,46930
2021-09-06,13.38200000,16.64400000,13.27000000,15.47600000,1852659.31000000,27460413.29251800,61476
2021-09-07,15.46700000,15.49700000,11.00000000,12.73800000,1143809.80000000,15432670.89220000,47421
2021-09-08,12.78300000,13.39200000,11.50000000,12.08900000,1034849.10000000,12697744.07600000,35524
2021-09-09,12.09400000,12.82800000,11.36800000,11.90000000,1498867.20000000,18032625.97610000,40902
2021-09-10,11.88600000,12.59300000,10.81100000,10.97900000,872682.80000000,10116527.61200000,29152
2021-09-11,10.98600000,11.95200000,10.72700000,11.68400000,755251.00000000,8551144.96200000,22526
2021-09-12,11.67500000,13.83900000,11.40600000,12.21300000,1576641.10000000,20121725.84640000,53568
2021-09-13,12.22100000,12.29000000,10.49300000,10.74800000,1099912.58800000,12228934.77441900,34390
2021-09-14,10.74100000,12.00000000,10.61200000,11.29100000,939794.60000000,10377562.54780000,26874
2021-09-15,11.27500000,11.59000000,11.03900000,11.36800000,677727.10000000,7625351.02670000,20542
2021-09-16,11.36200000,12.00700000,11.00900000,11.31000000,914170.90000000,10554009.39740000,32571
2021-09-17,11.31000000,11.48000000,10.58300000,10.69300000,556428.60000000,6142690.73820000,19208
2021-09-18,10.70800000,11.28200000,10.61500000,10.86600000,406393.80000000,4474234.57960000,14506
2021-09-19,10.85700000,11.46100000,10.57400000,10.91800000,569457.90000000,6224826.96460000,18416
2021-09-20,10.93200000,10.97000000,8.40900000,8.76300000,1485619.46400000,13817110.71039200,37790
2021-09-21,8.77800000,9.71000000,7.89700000,7.98200000,1052140.56500000,9230873.00082800,31841
2021-09-22,7.98200000,9.34500000,7.85200000,9.15700000,866721.43700000,7579766.25187800,24989
2021-09-23,9.16600000,9.82100000,9.00400000,9.75100000,915358.40000000,8582020.76240000,26175
2021-09-24,9.74900000,9.78800000,8.36300000,9.26900000,1076494.90000000,9854845.05390000,30875
2021-09-25,9.27000000,9.40800000,8.72200000,8.90500000,582190.60000000,5269182.83930000,18557
2021-09-26,8.90600000,11.19400000,8.07800000,10.68200000,2686941.20000000,26987024.83820000,67545
2021-09-27,10.67400000,12.07900000,9.88600000,9.89700000,1696735.70000000,18381506.07510000,44241
2021-09-28,9.89700000,10.47400000,9.24100000,9.27800000,950264.40000000,9445210.71440000,21746
2021-09-29,9.27200000,10.02400000,9.11200000,9.43700000,826413.50000000,7916773.60540000,17868
2021-09-30,9.43000000,9.83100000,9.36300000,9.71500000,433238.20000000,4144183.80470000,9984
2021-10-01,9.72800000,10.87300000,9.52900000,10.68100000,613786.60000000,6375705.76500000,16320
2021-10-02,10.68600000,11.16500000,10.36700000,10.77800000,499299.90000000,5388945.85940000,14619
2021-10-03,10.79600000,11.29300000,10.40600000,10.83000000,688330.60000000,7458296.17750000,18775
2021-10-04,10.81900000,10.83800000,10.16000000,10.33700000,502996.80000000,5269851.17140000,14366
2021-10-05,10.34500000,10.93700000,9.99900000,10.33800000,563063.60000000,5833733.75280000,14148
2021-10-06,10.34400000,10.80000000,9.59700000,10.64300000,495113.80000000,5068275.98510000,16021
2021-10-07,10.65300000,12.59100000,10.47400000,12.08900000,1853511.70000000,21753770.96710000,60904
2021-10-08,12.10100000,13.07100000,11.53300000,11.64900000,796458.40000000,9776665.36450000,26825
2021-10-09,11.66000000,11.90900000,11.13400000,11.27000000,396689.50000000,4564032.16440000,13037
2021-10-10,11.27400000,11.67000000,10.87400000,10.92900000,449299.70000000,5062161.39670000,12980
2021-10-11,10.92800000,11.22000000,10.51100000,10.63100000,347194.70000000,3781112.08170000,9061
2021-10-12,10.63100000,11.00000000,9.94000000,10.93500000,536145.80000000,5568196.61430000,12937
2021-10-13,10.93300000,12.63300000,10.90000000,11.65300000,1382907.20000000,16401318.56340000,45032
2021-10-14,11.65300000,12.29200000,11.48900000,12.14900000,601389.40000000,7126016.64080000,19346
2021-10-15,12.12800000,12.14800000,11.34300000,11.47000000,517528.30000000,5988718.48580000,13355
2021-10-16,11.46600000,12.10000000,11.31500000,11.85000000,553345.90000000,6460152.31850000,16484
2021-10-17,11.84700000,12.26300000,11.48900000,11.99500000,610363.20000000,7215429.30640000,15710
2021-10-18,11.98800000,12.71800000,11.63700000,12.70800000,989717.40000000,12116408.21490000,30542
2021-10-19,12.70800000,14.13900000,12.40000000,13.41800000,1710357.00000000,22546946.90130000,56255
2021-10-20,13.41600000,14.40000000,13.39100000,13.60600000,858962.90000000,11839648.98190000,31686
2021-10-21,13.59400000,13.63900000,12.57200000,12.72000000,641597.30000000,8425752.62790000,19802
2021-10-22,12.72100000,13.34800000,12.41500000,12.65200000,449259.20000000,5765146.81520000,15141
2021-10-23,12.63800000,13.17300000,12.45500000,12.65800000,216164.90000000,2764444.48780000,8519
2021-10-24,12.64300000,12.71100000,11.98000000,12.01100000,374117.80000000,4611436.85240000,12768
2021-10-25,12.01200000,12.19600000,11.83000000,12.11900000,641222.70000000,7713240.43730000,22243
2021-10-26,12.10500000,12.60000000,11.99400000,12.15600000,442253.40000000,5432869.49580000,18165
2021-10-27,12.14900000,13.24800000,10.52800000,10.54600000,1051668.60000000,12048840.86420000,30167
2021-10-28,10.53000000,11.13000000,10.44800000,11.09900000,451762.30000000,4887824.13570000,12394
2021-10-29,11.08800000,11.72500000,10.70000000,11.34300000,419715.40000000,4732248.76970000,15587
2021-10-30,11.34300000,11.39500000,10.60000000,10.92200000,379596.90000000,4148825.68690000,12449
2021-10-31,10.91100000,11.11100000,10.62800000,10.85000000,294496.70000000,3195255.13330000,10754
2021-11-01,10.85000000,11.35000000,10.49600000,10.60700000,429267.20000000,4632245.54090000,14273
2021-11-02,10.60700000,11.57000000,10.49900000,10.91600000,672297.60000000,7389864.34130000,22987
2021-11-03,10.91700000,11.49700000,10.75200000,11.19100000,885992.00000000,9832556.98860000,29361
2021-11-04,11.19800000,11.76200000,10.77800000,11.38100000,653713.10000000,7319754.80000000,20660
2021-11-05,11.39400000,11.90000000,11.07200000,11.55100000,592074.70000000,6821161.90990000,19200
2021-11-06,11.56000000,12.29600000,11.15900000,12.16700000,533170.80000000,6274327.62110000,18749
2021-11-07,12.17000000,14.47100000,12.06700000,13.23400000,2781763.20000000,37544126.91250000,98600
2021-11-08,13.23500000,13.37100000,12.37400000,13.33100000,914904.80000000,11703876.13270000,30819
2021-11-09,13.33000000,13.90000000,12.66400000,12.88500000,749975.60000000,10009603.18990000,29219
2021-11-10,12.88500000,12.95500000,11.27000000,11.86300000,979536.30000000,12170059.80510000,29168
2021-11-11,11.85800000,13.79000000,11.67900000,13.30600000,918896.00000000,11720822.62670000,29591
2021-11-12,13.30200000,14.87800000,12.13500000,12.74100000,1209229.00000000,16348980.95900000,39495
2021-11-13,12.73500000,12.80800000,11.86700000,12.10700000,678512.00000000,8215871.05240000,20396
2021-11-14,12.10000000,12.40800000,11.64500000,11.90600000,391830.90000000,4685032.17860000,14103
2021-11-15,11.92100000,14.55000000,11.62600000,13.15100000,3605142.60000000,47610838.14420000,96374
2021-11-16,13.15900000,13.24900000,11.14200000,11.43100000,1099722.50000000,13088975.21220000,33666
2021-11-17,11.43100000,12.73100000,10.96500000,12.13900000,1498427.10000000,17828390.76820000,41241
2021-11-18,12.15200000,12.44100000,10.43000000,10.68300000,947469.80000000,10615547.27960000,25182
2021-11-19,10.70100000,11.55300000,10.45100000,11.29900000,563452.80000000,6171313.63620000,16620
2021-11-20,11.30900000,11.75500000,10.72600000,11.17800000,644159.40000000,7188825.69710000,17758
2021-11-21,11.18400000,12.60000000,10.98000000,12.37700000,875918.30000000,10306837.96370000,32332
2021-11-22,12.38900000,13.24400000,11.61000000,12.30700000,1356061.30000000,16778313.01700000,43076
2021-11-23,12.29300000,13.48400000,12.00100000,13.40000000,1107413.60000000,14086795.12300000,39424
2021-11-24,13.39700000,13.73500000,12.47200000,13.07500000,993073.80000000,13058241.88280000,33956
2021-11-25,13.06000000,14.28200000,12.68200000,14.23800000,893157.10000000,12088312.28950000,34288
2021-11-26,14.24100000,14.55000000,12.27200000,12.70000000,1340005.50000000,17905128.82530000,45856
2021-11-27,12.70400000,12.98900000,11.98300000,12.35700000,578810.90000000,7283320.42550000,17363
2021-11-28,12.37100000,12.50000000,11.36200000,12.13600000,513330.50000000,6148923.19540000,18677
2021-11-29,12.12100000,12.61300000,12.05600000,12.35800000,298762.10000000,3683559.72360000,11417
2021-11-30,12.36000000,14.30900000,11.95100000,13.51500000,946626.40000000,12505178.57140000,35416
2021-12-01,13.51900000,14.15600000,12.56600000,12.74300000,731818.50000000,9737339.47570000,27483
2021-12-02,12.76000000,12.80000000,12.21600000,12.45500000,314290.30000000,3924876.76000000,13434
2021-12-03,12.44500000,13.24000000,11.66100000,11.81300000,447015.20000000,5527053.78990000,18808
2021-12-04,11.81500000,11.89000000,9.49700000,10.61400000,848428.10000000,9072784.79910000,28911
2021-12-05,10.61300000,11.44000000,9.75600000,9.83200000,559086.80000000,5797730.72970000,22562
2021-12-06,9.85100000,10.07900000,8.83300000,9.68100000,1089915.60000000,10222697.65300000,29719
2021-12-07,9.67000000,10.04000000,9.12600000,9.25700000,780690.40000000,7496269.09250000,21249
2021-12-08,9.25700000,9.63600000,8.99100000,9.57000000,409691.50000000,3809620.50640000,13089
2021-12-09,9.57000000,9.62900000,8.41500000,8.43400000,558440.20000000,5040352.70240000,16519
2021-12-10,8.44100000,12.97500000,8.42500000,9.28800000,4881576.10000000,53726216.79120000,155245
2021-12-11,9.28700000,9.77000000,8.95100000,9.24300000,1067274.00000000,9844115.23410000,27950
2021-12-12,9.24800000,9.55000000,8.90000000,9.39200000,902809.70000000,8301214.35410000,24514
2021-12-13,9.39200000,9.45000000,8.13700000,8.20200000,842988.20000000,7450432.39730000,23690
2021-12-14,8.20100000,8.52600000,7.90700000,8.30000000,1337021.80000000,10976238.54020000,25129
2021-12-15,8.30100000,9.15000000,8.01000000,8.60800000,882415.40000000,7420224.14630000,22837
2021-12-16,8.61100000,8.88300000,8.39500000,8.43400000,399424.90000000,3444427.40510000,13249
2021-12-17,8.41800000,8.68500000,7.75900000,8.07100000,323394.27600000,2632562.85906000,11565
2021-12-18,8.06900000,8.35400000,7.89000000,8.12900000,181936.40000000,1478096.26830000,7154
2021-12-19,8.12000000,8.50100000,7.96200000,8.22500000,248560.80000000,2040058.99110000,8698
2021-12-20,8.21100000,8.22200000,7.44700000,7.78800000,336293.49300000,2614792.86597100,10719
2021-12-21,7.79200000,8.12000000,7.64200000,8.04400000,318213.30000000,2522599.95260000,9414
2021-12-22,8.04100000,8.47700000,7.93500000,8.31600000,435244.80000000,3562716.81520000,13979
2021-12-23,8.29900000,9.06000000,8.13000000,8.71700000,423093.60000000,3637403.03730000,15935
2021-12-24,8.72600000,9.06800000,8.65300000,8.77900000,222447.70000000,1964904.59180000,9102
2021-12-25,8.78300000,8.96900000,8.69100000,8.78100000,131796.80000000,1162364.33130000,5981
2021-12-26,8.76900000,9.50000000,8.49700000,9.30000000,278006.80000000,2472613.73120000,11381
2021-12-27,9.29100000,10.33700000,9.24200000,9.85900000,722497.30000000,7019598.33330000,28319
2021-12-28,9.87000000,9.99900000,8.65000000,8.84700000,528803.20000000,4944397.26650000,18352
2021-12-29,8.86400000,9.23500000,8.36900000,8.47200000,269708.70000000,2372135.30330000,10736
2021-12-30,8.48500000,8.77000000,8.33300000,8.57500000,210010.40000000,1799084.71360000,8106
2021-12-31,8.56700000,8.62000000,8.21700000,8.24600000,220321.00000000,1856837.47690000,6744
2022-01-01,8.23800000,8.55100000,8.23600000,8.53000000,154417.00000000,1295172.08200000,4704
2022-01-02,8.53000000,8.66000000,8.31300000,8.55100000,167724.50000000,1419181.99820000,5901
2022-01-03,8.56900000,8.60000000,8.15400000,8.27600000,154911.00000000,1300064.09840000,5808
2022-01-04,8.27500000,8.41600000,8.11200000,8.13300000,245648.80000000,2035146.81250000,8453
2022-01-05,8.13000000,8.33600000,7.40000000,7.57800000,476879.80000000,3830518.68640000,13601
2022-01-06,7.57700000,7.61800000,7.07800000,7.43000000,371109.03200000,2713335.61471600,11876
2022-01-07,7.41500000,7.44700000,6.74200000,6.94600000,361880.90000000,2567858.29106000,11427
2022-01-08,6.95400000,7.35000000,6.50000000,6.85400000,298692.90000000,2043530.79320800,9583
2022-01-09,6.85400000,7.05700000,6.70000000,6.74000000,213628.20000000,1468937.70120000,5440
2022-01-10,6.73900000,7.59000000,6.32700000,6.81600000,498622.50000000,3398798.97060000,15412
2022-01-11,6.80000000,7.60000000,6.76300000,7.14700000,506387.90000000,3604688.87460000,16535
2022-01-12,7.12300000,7.43500000,7.01600000,7.24700000,407477.10000000,2941534.86810000,12012
2022-01-13,7.22600000,7.32000000,6.79300000,6.79900000,316012.30000000,2240320.59170000,10405
2022-01-14,6.79400000,7.03000000,6.71300000,6.98600000,219257.60000000,1510355.49600000,7126
2022-01-15,6.99600000,7.19800000,6.85900000,7.07500000,182784.60000000,1284318.98070000,6371
2022-01-16,7.07100000,7.28200000,6.94500000,7.23400000,218215.70000000,1555068.82240000,6329
2022-01-17,7.22200000,7.23000000,6.73500000,6.89100000,188428.10000000,1301409.82210000,5219
2022-01-18,6.89100000,6.90400000,6.47300000,6.65100000,220454.10000000,1465828.04260000,6658
2022-01-19,6.65100000,6.67000000,6.16800000,6.21500000,292224.60000000,1854235.48750000,7196
2022-01-20,6.22200000,6.63300000,6.09400000,6.11400000,211620.70000000,1344988.16120000,6651
2022-01-21,6.10200000,6.18000000,5.12300000,5.23500000,615577.30000000,3454949.53361600,14789
2022-01-22,5.21900000,5.34900000,4.15000000,4.30100000,902870.78200000,4177605.99448100,17929
2022-01-23,4.30400000,4.75500000,4.23800000,4.40800000,639792.00000000,2832550.03830000,13670
2022-01-24,4.40700000,4.40700000,3.75000000,4.18100000,807385.71500000,3246536.88930000,16680
2022-01-25,4.18000000,4.41900000,4.04800000,4.39900000,230320.40000000,971627.59590000,5031
2022-01-26,4.40900000,4.97400000,4.27500000,4.33800000,852224.70000000,3926397.30080000,15596
2022-01-27,4.33700000,4.54600000,4.09100000,4.22200000,398319.00000000,1712342.04530000,6243
2022-01-28,4.22500000,4.53900000,4.15200000,4.49500000,331909.10000000,1427799.94270000,5159
2022-01-29,4.49900000,4.57800000,4.35600000,4.41600000,218670.40000000,976458.04280000,4964
2022-01-30,4.41200000,4.49600000,4.25000000,4.29100000,154522.20000000,676719.66740000,3601
2022-01-31,4.29800000,4.31200000,4.00300000,4.21400000,284888.80000000,1178043.31130000,4865
2022-02-01,4.21000000,4.39600000,4.19700000,4.32100000,251773.10000000,1081972.06350000,4599
2022-02-02,4.33000000,4.34900000,4.04700000,4.06800000,342458.60000000,1443475.82240000,7747
2022-02-03,4.06300000,4.31200000,3.91500000,4.13400000,437988.30000000,1783447.81800000,10525
2022-02-04,4.13300000,4.49600000,4.11100000,4.48000000,262200.40000000,1123608.44960000,6996
2022-02-05,4.48200000,4.74100000,4.41700000,4.44100000,363542.40000000,1657745.37650000,8682
2022-02-06,4.44200000,4.79100000,4.40200000,4.74200000,420537.60000000,1906597.09380000,8020
2022-02-07,4.72700000,5.79500000,4.65700000,5.12100000,1151965.70000000,5959689.14090000,24678
2022-02-08,5.13000000,5.13400000,4.64100000,4.80700000,537845.90000000,2618194.87320000,14331
2022-02-09,4.80900000,5.15000000,4.76900000,4.91600000,322636.80000000,1576255.92650000,10588
2022-02-10,4.91600000,5.39800000,4.67600000,4.99900000,662793.60000000,3315369.49720000,15749
2022-02-11,4.99400000,10.05900000,4.73200000,7.36800000,20884673.50000000,159089262.38510000,438217
2022-02-12,7.35600000,9.95000000,7.05000000,7.21000000,26419124.60000000,220384040.64270000,636252
2022-02-13,7.21000000,7.23000000,6.04700000,6.07000000,6239732.10000000,41688783.24460000,132112
2022-02-14,6.05900000,6.43700000,5.85000000,6.03600000,2706726.10000000,16467286.93290000,57844
2022-02-15,6.03800000,6.57900000,5.91100000,6.22100000,2164916.90000000,13478413.12960000,46073
2022-02-16,6.22300000,6.59200000,5.86100000,6.04900000,1376379.30000000,8461644.81540000,30327
2022-02-17,6.05900000,6.14000000,5.32000000,5.44200000,925270.00000000,5361773.91430000,23311
2022-02-18,5.43800000,6.01800000,5.18300000,5.29000000,1204166.00000000,6717911.44090000,29724
2022-02-19,5.28500000,7.67600000,5.06200000,6.69700000,7316898.00000000,48825535.20470000,178848
2022-02-20,6.68900000,7.09900000,5.55600000,5.64000000,10216746.60000000,65171752.11090000,220834
2022-02-21,5.65000000,5.89900000,4.88100000,4.88700000,2416507.90000000,13299090.79390000,51988
2022-02-22,4.89000000,6.85000000,4.67500000,5.51900000,6707584.00000000,38641472.43850000,140110
2022-02-23,5.51600000,6.18800000,5.36100000,5.39500000,4356640.20000000,24928654.81940000,92917
2022-02-24,5.39600000,5.52800000,4.55800000,5.22800000,2915109.90000000,14650327.17420000,60919
2022-02-25,5.21800000,6.07000000,5.12500000,5.58900000,3285621.90000000,18333470.37180000,71775
2022-02-26,5.59000000,5.82300000,5.45700000,5.55000000,1431481.80000000,8087748.55600000,31819
2022-02-27,5.54500000,5.64100000,5.11300000,5.20600000,1386214.40000000,7494489.16560000,28493
2022-02-28,5.20700000,5.75000000,5.14300000,5.63500000,1222911.20000000,6606510.47080000,26909
2022-03-01,5.63500000,6.00500000,5.48800000,5.66900000,1638902.10000000,9334357.95890000,33513
2022-03-02,5.66700000,6.24800000,5.36000000,5.64400000,1692554.40000000,9702713.37590000,38305
2022-03-03,5.64200000,6.66000000,5.54000000,5.99000000,5560175.20000000,33488774.99780000,138997
2022-03-04,5.99000000,6.40000000,5.44000000,5.48700000,3296224.90000000,19697618.73490000,79486
2022-03-05,5.49100000,5.79900000,5.34900000,5.66700000,1146892.90000000,6402010.73440000,26679
2022-03-06,5.66900000,5.85000000,5.35100000,5.37700000,1085468.10000000,6127601.55450000,24210
2022-03-07,5.37100000,5.54200000,5.15900000,5.26200000,740868.20000000,3968597.07570000,21938
2022-03-08,5.24700000,5.40000000,5.17000000,5.22200000,462685.60000000,2446807.56650000,14232
2022-03-09,5.23100000,5.50000000,5.20200000,5.34200000,765163.50000000,4111712.85370000,18176
2022-03-10,5.33500000,5.35300000,5.00700000,5.08600000,699834.90000000,3596303.63830000,19672
2022-03-11,5.09200000,5.16500000,4.90200000,4.92600000,506012.60000000,2540626.33750000,13590
2022-03-12,4.92600000,5.40200000,4.92200000,5.01400000,835149.00000000,4286358.63870000,23870
2022-03-13,5.01200000,5.98800000,4.97400000,4.99500000,3258486.70000000,17747453.48530000,85347
2022-03-14,4.99400000,5.76000000,4.98000000,5.28200000,2323509.10000000,12376065.10430000,58542
2022-03-15,5.28600000,5.36600000,5.07200000,5.13300000,728129.20000000,3775098.23770000,18977
2022-03-16,5.13800000,5.39000000,5.09200000,5.32700000,715640.90000000,3736082.76460000,18820
2022-03-17,5.32700000,5.56700000,5.21400000,5.33500000,926504.30000000,4976472.03150000,23980
2022-03-18,5.33000000,5.40300000,5.23000000,5.35300000,412045.20000000,2192661.83860000,11227
2022-03-19,5.35100000,5.64000000,5.33500000,5.55300000,697058.80000000,3829376.92510000,17250
2022-03-20,5.54800000,5.57500000,5.27100000,5.31700000,413461.10000000,2236150.85380000,9557
2022-03-21,5.32400000,5.64000000,5.22000000,5.39300000,945177.90000000,5181503.29470000,20696
2022-03-22,5.38900000,5.68700000,5.37100000,5.45600000,737861.60000000,4070783.79370000,18418
2022-03-23,5.45600000,5.68100000,5.42600000,5.60800000,775958.20000000,4325192.44380000,17141
2022-03-24,5.61500000,6.42500000,5.52800000,5.96000000,1251408.80000000,7447406.42720000,35113
2022-03-25,5.95700000,6.11400000,5.68100000,5.73400000,790198.70000000,4632099.02590000,22697
2022-03-26,5.73600000,5.84500000,5.70000000,5.82400000,333983.10000000,1924942.56880000,8782
2022-03-27,5.82400000,6.37000000,5.78300000,6.10800000,1063316.90000000,6414822.29790000,29714
2022-03-28,6.11300000,6.30000000,5.95000000,5.96300000,720035.70000000,4430246.52970000,19112
2022-03-29,5.95900000,6.19900000,5.86300000,5.97200000,417961.00000000,2520113.92980000,13042
2022-03-30,5.97200000,6.39800000,5.82500000,6.19900000,648446.50000000,3994101.82540000,19600
2022-03-31,6.19900000,6.33500000,5.84000000,5.92000000,589097.20000000,3592172.33940000,17006
2022-04-01,5.91400000,6.50000000,5.84000000,6.25100000,1634411.90000000,10152575.27870000,38150
2022-04-02,6.25200000,6.49800000,6.12000000,6.12000000,918614.60000000,5808110.13880000,23290
2022-04-03,6.12300000,6.48000000,6.12000000,6.32400000,523999.70000000,3279882.95950000,15319
2022-04-04,6.32400000,6.41000000,6.10000000,6.26600000,475731.20000000,2963453.76040000,13206
2022-04-05,6.26300000,7.58700000,6.26300000,6.34000000,3129851.80000000,21725132.23810000,85383
2022-04-06,6.33400000,6.97600000,5.90400000,5.96900000,1347649.20000000,8417272.54780000,41514
2022-04-07,5.96500000,6.46900000,5.85000000,6.10500000,737222.10000000,4504418.61240000,24428
2022-04-08,6.10500000,6.63000000,6.08100000,6.17500000,1190489.30000000,7510673.57840000,39096
2022-04-09,6.18100000,6.70000000,6.11300000,6.34800000,1573888.00000000,10062767.97000000,43956
2022-04-10,6.34800000,6.42500000,6.03000000,6.06700000,503472.60000000,3154115.64920000,16086
2022-04-11,6.07100000,6.12000000,5.21700000,5.28300000,657267.00000000,3738993.39790000,20264
2022-04-12,5.28500000,5.76700000,5.25400000,5.50100000,536867.90000000,2938874.66620000,21356
2022-04-13,5.50700000,5.59500000,5.38300000,5.55400000,347672.70000000,1910504.08250000,11675
2022-04-14,5.55500000,5.60500000,5.21500000,5.29500000,322033.70000000,1745427.48270000,10618
2022-04-15,5.29300000,5.39600000,5.24800000,5.31400000,159718.80000000,848901.33750000,7552
2022-04-16,5.31600000,5.46600000,5.23200000,5.40000000,211715.80000000,1128988.13520000,10019
2022-04-17,5.40000000,5.42000000,5.08300000,5.11600000,226067.70000000,1193914.55370000,8311
2022-04-18,5.11800000,5.18100000,4.89500000,5.09400000,484958.40000000,2439463.45380000,13556
2022-04-19,5.09500000,5.31000000,5.06600000,5.22000000,549779.10000000,2846491.73160000,15748
2022-04-20,5.21700000,5.40600000,5.07700000,5.15900000,682338.70000000,3563335.60450000,21588
2022-04-21,5.16600000,5.44000000,4.90000000,4.95400000,610511.60000000,3179466.73850000,18986
2022-04-22,4.95300000,5.06600000,4.82100000,4.88100000,492542.90000000,2427964.81880000,14890
2022-04-23,4.88200000,4.91400000,4.71400000,4.72500000,358383.00000000,1718943.56890000,10855
2022-04-24,4.72400000,4.76900000,4.55300000,4.57200000,402104.10000000,1880370.59870000,11924
2022-04-25,4.57100000,4.94500000,4.20100000,4.52200000,1355823.70000000,6118160.59300000,32552
2022-04-26,4.52100000,4.75900000,4.10600000,4.14700000,968627.30000000,4305871.34980000,23158
2022-04-27,4.14900000,4.33900000,4.08200000,4.26000000,516568.10000000,2174536.53690000,12320
2022-04-28,4.26000000,4.29500000,4.08200000,4.12500000,635704.80000000,2663158.71690000,15870
2022-04-29,4.12400000,4.31900000,3.87300000,3.95400000,564657.40000000,2312260.48830000,14696
2022-04-30,3.95000000,4.05400000,3.62100000,3.64800000,604792.20000000,2345019.13400000,14124
2022-05-01,3.64600000,3.68400000,3.41800000,3.61400000,609810.50000000,2181708.55020000,13199
2022-05-02,3.61500000,3.77900000,3.46600000,3.56400000,408838.60000000,1475921.10130000,8971
2022-05-03,3.56400000,5.30000000,3.53400000,4.34700000,7977185.90000000,35875779.66790000,151074
2022-05-04,4.34700000,4.79400000,3.89400000,4.22300000,8886056.20000000,38331523.11390000,167511
2022-05-05,4.22300000,4.48900000,3.68100000,3.77700000,1841332.80000000,7484855.08990000,30957
2022-05-06,3.77700000,4.16000000,3.72900000,3.86900000,2462441.40000000,9678876.31190000,38520
2022-05-07,3.86900000,4.03600000,3.61800000,3.66100000,938045.60000000,3558383.00780000,17107
2022-05-08,3.66400000,3.70200000,3.47800000,3.53500000,869076.00000000,3118822.17360000,13049
2022-05-09,3.53500000,3.57700000,2.91200000,2.97800000,1126181.60000000,3677677.82340000,14471
2022-05-10,2.98500000,3.65200000,2.78300000,3.06900000,1972736.10000000,6364850.64300000,26802
2022-05-11,3.06900000,3.14900000,1.89800000,2.12200000,2345056.50000000,5852381.79403200,26624
2022-05-12,2.12300000,2.27600000,1.52800000,1.80300000,2199389.20000000,4039988.13120000,26455
2022-05-13,1.80800000,2.38100000,1.79100000,2.07800000,2179955.80000000,4617153.14960000,22975
2022-05-14,2.07300000,2.28800000,1.90400000,2.10200000,1711098.30000000,3523232.48000000,20809
2022-05-15,2.09800000,2.23500000,1.99500000,2.21300000,685570.10000000,1455677.18860000,9333
2022-05-16,2.21200000,2.21200000,1.95300000,1.99800000,940153.00000000,1921141.39290000,12837
2022-05-17,2.00100000,2.48900000,2.00100000,2.28300000,2073898.30000000,4757081.93720000,27901
2022-05-18,2.28600000,2.75900000,2.20000000,2.40900000,3035764.20000000,7440595.01850000,41066
2022-05-19,2.41100000,2.73500000,2.21400000,2.34000000,2058145.10000000,4939729.00650000,26414
2022-05-20,2.34000000,2.45900000,2.18100000,2.19500000,945915.80000000,2186548.47890000,13234
2022-05-21,2.19000000,2.35400000,2.12600000,2.26900000,870072.10000000,1978398.24690000,9456
2022-05-22,2.26800000,2.34700000,2.21200000,2.25000000,452010.60000000,1028020.50320000,6960
2022-05-23,2.24900000,2.34100000,2.19500000,2.25200000,723640.50000000,1649283.66520000,10752
2022-05-24,2.25600000,2.55000000,2.13400000,2.25800000,1682255.60000000,3874679.37050000,22608
2022-05-25,2.26000000,2.32500000,2.20800000,2.23100000,709517.90000000,1604713.28250000,12101
2022-05-26,2.23000000,2.26200000,1.92900000,2.01800000,708119.70000000,1462860.71290000,11803
2022-05-27,2.01800000,2.04200000,1.86100000,1.92700000,742668.80000000,1451513.83700000,10924
2022-05-28,1.93000000,2.02900000,1.89800000,1.99500000,393212.10000000,777689.84890000,6904
2022-05-29,1.99600000,2.32600000,1.94300000,2.10400000,1984063.80000000,4192308.82020000,23762
2022-05-30,2.10200000,2.23000000,2.07500000,2.20600000,810733.30000000,1760045.74070000,13301
2022-05-31,2.20500000,2.34300000,2.12100000,2.24400000,991748.20000000,2203650.01600000,14941
2022-06-01,2.24400000,2.26800000,2.04000000,2.07200000,593500.00000000,1288500.46640000,8830
2022-06-02,2.07300000,2.15400000,2.04000000,2.14400000,339528.20000000,705642.01800000,6007
2022-06-03,2.14300000,2.14300000,1.99700000,2.02900000,314085.20000000,643655.26320000,6086
2022-06-04,2.03000000,2.07300000,1.99100000,2.04100000,205117.80000000,415843.89960000,3391
2022-06-05,2.04200000,2.07600000,1.98700000,2.01700000,211379.70000000,427951.00340000,3353
2022-06-06,2.02400000,2.11900000,2.00100000,2.04000000,435883.70000000,898758.48910000,6398
2022-06-07,2.03900000,2.06800000,1.89000000,1.98100000,1200170.50000000,2354406.40920000,12749
2022-06-08,1.98400000,2.04000000,1.92200000,1.93000000,600255.30000000,1195262.65120000,7006
2022-06-09,1.92500000,2.33300000,1.91000000,2.00300000,3510982.00000000,7454969.81460000,32046
2022-06-10,2.00300000,2.40000000,1.95800000,1.96400000,4909156.80000000,10540464.99630000,44435
2022-06-11,1.96400000,2.17900000,1.74700000,1.82300000,3428688.70000000,6597416.40230000,25342
2022-06-12,1.82300000,1.82300000,1.54500000,1.54700000,1179765.20000000,1955793.10920000,10346
2022-06-13,1.54300000,1.57000000,1.26200000,1.33800000,2112333.30000000,2900273.96810000,19334
2022-06-14,1.34100000,1.80700000,1.22300000,1.44000000,7224898.10000000,11125182.14450000,56486
2022-06-15,1.43500000,1.55200000,1.28600000,1.49600000,5151065.70000000,7323863.99900000,34226
2022-06-16,1.50200000,1.52200000,1.32000000,1.34700000,1149041.20000000,1625184.85130000,8721
2022-06-17,1.35000000,1.41000000,1.32000000,1.36000000,626259.00000000,854003.95870000,5508
2022-06-18,1.35500000,1.45500000,1.13000000,1.22700000,1945608.07100000,2494136.20150900,12961
2022-06-19,1.22500000,1.31200000,1.16700000,1.30100000,939894.50000000,1178283.44250000,5909
2022-06-20,1.30100000,1.41900000,1.24400000,1.35100000,1304217.60000000,1727801.06570000,11105
2022-06-21,1.35300000,1.44400000,1.33500000,1.34300000,1150522.40000000,1594042.05470000,8681
2022-06-22,1.34400000,1.43500000,1.29500000,1.30200000,1429782.80000000,1945717.76430000,8599
2022-06-23,1.30200000,1.39100000,1.29600000,1.38100000,1038104.70000000,1406051.80020000,7859
2022-06-24,1.38000000,1.49000000,1.35200000,1.44100000,1581098.20000000,2235503.06470000,12562
2022-06-25,1.44100000,1.48100000,1.38600000,1.45100000,1203973.00000000,1728262.73440000,9545
2022-06-26,1.45200000,1.56300000,1.34800000,1.35500000,1594647.50000000,2329601.63840000,11894
2022-06-27,1.35600000,1.43000000,1.33800000,1.34800000,849767.70000000,1172012.02230000,7278
2022-06-28,1.34700000,1.42800000,1.27200000,1.29000000,1569766.70000000,2103136.24320000,13638
2022-06-29,1.29200000,1.33600000,1.25400000,1.26600000,836842.30000000,1081367.42860000,7960
2022-06-30,1.26600000,1.26900000,1.16400000,1.24000000,867750.10000000,1046060.70340000,8199
2022-07-01,1.24300000,1.28800000,1.17800000,1.18600000,1119039.20000000,1357875.70510000,7930
2022-07-02,1.18600000,1.35700000,1.17100000,1.19300000,1610381.40000000,1971448.00550000,12821
2022-07-03,1.19300000,1.27000000,1.16200000,1.21200000,1766955.10000000,2140654.39990000,13535
2022-07-04,1.21100000,1.25600000,1.18000000,1.24600000,1049539.60000000,1271464.31150000,8386
2022-07-05,1.24500000,1.39300000,1.20200000,1.25000000,3635204.20000000,4698356.78440000,23619
2022-07-06,1.25000000,1.38200000,1.24500000,1.27800000,2745919.30000000,3566461.77900000,18789
2022-07-07,1.27800000,1.34400000,1.25500000,1.31400000,1162786.80000000,1510976.61530000,10461
2022-07-08,1.31300000,1.34700000,1.25500000,1.26700000,1073571.60000000,1385879.10450000,9713
2022-07-09,1.26600000,1.52600000,1.26600000,1.42200000,5268135.00000000,7457147.43840000,40495
2022-07-10,1.42100000,1.54800000,1.33000000,1.37700000,4627844.60000000,6598463.52410000,34296
2022-07-11,1.37700000,1.37900000,1.22500000,1.23000000,1573687.80000000,2061479.43820000,11740
2022-07-12,1.22900000,1.23700000,1.16300000,1.16600000,1560028.90000000,1870138.05550000,10348
2022-07-13,1.16600000,1.23400000,1.12300000,1.21900000,1668765.50000000,1980730.48880000,13863
2022-07-14,1.22100000,1.27300000,1.19400000,1.26300000,1676812.50000000,2069316.69830000,10428
2022-07-15,1.26300000,1.31300000,1.24100000,1.28200000,1527487.70000000,1948164.22750000,8723
2022-07-16,1.28100000,1.35700000,1.23700000,1.31200000,2261071.70000000,2940197.23360000,14256
2022-07-17,1.31300000,1.35800000,1.26400000,1.26500000,1496052.60000000,1967554.61070000,10196
2022-07-18,1.26800000,1.41800000,1.26000000,1.35500000,2961440.50000000,3995770.10440000,16655
2022-07-19,1.35300000,1.45000000,1.32000000,1.40600000,2827096.20000000,3932121.11850000,17319
2022-07-20,1.40600000,1.44400000,1.29100000,1.29800000,2237936.80000000,3084228.14890000,14430
2022-07-21,1.29900000,1.34700000,1.23700000,1.32800000,1187631.10000000,1537179.28920000,7752
2022-07-22,1.32800000,1.38600000,1.30000000,1.32100000,1198857.70000000,1607377.99740000,9365
2022-07-23,1.32200000,1.44300000,1.31700000,1.36500000,2932721.00000000,4072255.44230000,19209
2022-07-24,1.36700000,1.39000000,1.33000000,1.35600000,1082829.40000000,1472409.04290000,8600
2022-07-25,1.35500000,1.35900000,1.24000000,1.25100000,1167250.70000000,1518960.26240000,9216
2022-07-26,1.25200000,1.26900000,1.20700000,1.24500000,756900.10000000,936495.92250000,5870
2022-07-27,1.24300000,1.31800000,1.22400000,1.31400000,1014934.90000000,1289181.16620000,8724
2022-07-28,1.31200000,1.52500000,1.28900000,1.41400000,4755316.50000000,6738160.06870000,30030
2022-07-29,1.41300000,1.48500000,1.37800000,1.43600000,3503183.30000000,5026541.80010000,22736
2022-07-30,1.43700000,1.53500000,1.39400000,1.42500000,2970852.90000000,4335888.05590000,21025
2022-07-31,1.42600000,1.53100000,1.41000000,1.42000000,2612776.30000000,3862671.87790000,18043
2022-08-01,1.41900000,1.47400000,1.36000000,1.43700000,1905063.10000000,2720103.69920000,12645
2022-08-02,1.43600000,1.46000000,1.36200000,1.41900000,1391199.40000000,1956593.21230000,10176
2022-08-03,1.42100000,1.49700000,1.38600000,1.45500000,1474154.20000000,2135595.14450000,10445
2022-08-04,1.45500000,1.72000000,1.45100000,1.54500000,10047170.50000000,15857599.32390000,64435
2022-08-05,1.54400000,1.70000000,1.51700000,1.59300000,3922418.30000000,6272755.67260000,26819
2022-08-06,1.59200000,1.60400000,1.54200000,1.54600000,1373033.10000000,2150060.59900000,9983
2022-08-07,1.54600000,1.61800000,1.51900000,1.59500000,1224393.50000000,1923710.52260000,10220
2022-08-08,1.59500000,1.66000000,1.57600000,1.59500000,1489661.20000000,2398699.49210000,10506
2022-08-09,1.59300000,1.59600000,1.47300000,1.50000000,1858644.40000000,2829351.14330000,11632
2022-08-10,1.49900000,2.03000000,1.46000000,1.84000000,12631404.10000000,23214999.79220000,84678
2022-08-11,1.84200000,2.51000000,1.78500000,2.09100000,20405893.30000000,44152831.05100000,160585
2022-08-12,2.09100000,2.17500000,1.83100000,1.96700000,7990773.00000000,15846766.55970000,59043
2022-08-13,1.96700000,2.08600000,1.89300000,1.90200000,2186389.60000000,4297431.40420000,18476
2022-08-14,1.90100000,1.95200000,1.80100000,1.82700000,1600628.40000000,3010884.43460000,13025
2022-08-15,1.82400000,1.91900000,1.73000000,1.77800000,2439595.10000000,4383352.12260000,16247
2022-08-16,1.78100000,2.15000000,1.75900000,1.92300000,10591868.80000000,21311122.36350000,77670
2022-08-17,1.92300000,2.19300000,1.86600000,1.91200000,11098159.60000000,22741011.53680000,106211
2022-08-18,1.91200000,1.96200000,1.75000000,1.77800000,3727984.90000000,7019716.56910000,30882
2022-08-19,1.78100000,1.78200000,1.56000000,1.67400000,6327242.80000000,10457500.46000000,43146
2022-08-20,1.67100000,1.74900000,1.54400000,1.60200000,4446767.20000000,7387429.98480000,31691
2022-08-21,1.60200000,1.92400000,1.59600000,1.83900000,5596881.70000000,9871838.08400000,45789
2022-08-22,1.84000000,1.85300000,1.65900000,1.76800000,5228140.40000000,9171692.95950000,31294
2022-08-23,1.76700000,1.89000000,1.75000000,1.81900000,3746115.60000000,6788899.23690000,25534
2022-08-24,1.81900000,1.88600000,1.75500000,1.76400000,2628435.60000000,4753346.64500000,19008
2022-08-25,1.76500000,1.85000000,1.76300000,1.77300000,1850786.00000000,3333171.76910000,14205
2022-08-26,1.77300000,1.82500000,1.58000000,1.59300000,2306946.80000000,3927421.22470000,16359
2022-08-27,1.59100000,1.62700000,1.54600000,1.56700000,1248815.40000000,1980362.51510000,8926
2022-08-28,1.56700000,1.62000000,1.48800000,1.50100000,908155.70000000,1424316.97800000,7698
2022-08-29,1.50000000,1.61400000,1.47800000,1.61200000,1624960.60000000,2506499.97120000,11962
2022-08-30,1.61200000,1.63800000,1.49200000,1.52300000,2085027.00000000,3256227.09150000,15263
2022-08-31,1.52400000,1.59800000,1.52300000,1.55700000,1319551.80000000,2066530.60660000,10596
2022-09-01,1.55600000,1.57500000,1.46300000,1.52500000,1582980.50000000,2395877.10230000,10710
2022-09-02,1.52500000,1.57900000,1.50200000,1.53400000,1478377.50000000,2270899.55020000,11861
2022-09-03,1.53300000,1.56000000,1.51200000,1.52800000,742923.80000000,1136025.69660000,5629
2022-09-04,1.52800000,1.63000000,1.51600000,1.60100000,1687275.00000000,2669620.93860000,14044
2022-09-05,1.60200000,1.63000000,1.53200000,1.60700000,2781774.30000000,4421854.23180000,19161
2022-09-06,1.60700000,1.65500000,1.45100000,1.45400000,3752195.00000000,5840674.73450000,24524
2022-09-07,1.45300000,1.58300000,1.43300000,1.55500000,2984882.00000000,4511036.39730000,21409
2022-09-08,1.55400000,1.60300000,1.48700000,1.53300000,3929496.70000000,6002945.29680000,22339
2022-09-09,1.53300000,1.73300000,1.52500000,1.68100000,4265287.80000000,6898886.30080000,26023
2022-09-10,1.68000000,1.74000000,1.60400000,1.63600000,3208051.20000000,5329840.94870000,21117
2022-09-11,1.63300000,2.07000000,1.61400000,1.87000000,12698948.90000000,23467927.43720000,88159
2022-09-12,1.87000000,1.93700000,1.74900000,1.81000000,7378029.40000000,13561836.03620000,45378
2022-09-13,1.80900000,2.05900000,1.63700000,1.65300000,13184278.00000000,24811797.20620000,77817
2022-09-14,1.65100000,1.75300000,1.61000000,1.65100000,4365750.60000000,7328157.20400000,22970
2022-09-15,1.65000000,1.66500000,1.54600000,1.62800000,3866550.50000000,6212108.93410000,22285
2022-09-16,1.62900000,1.68600000,1.58400000,1.67900000,3810585.40000000,6219165.94320000,20142
2022-09-17,1.67800000,1.71600000,1.64200000,1.69400000,1904619.70000000,3176330.91500000,11387
2022-09-18,1.69400000,1.69400000,1.39000000,1.44700000,3716593.30000000,5796780.40610000,19829
2022-09-19,1.44800000,1.65000000,1.42500000,1.57200000,5803071.10000000,8896230.28880000,29946
2022-09-20,1.57300000,1.64600000,1.50700000,1.52600000,3856763.90000000,6088684.47160000,24722
2022-09-21,1.52700000,1.59500000,1.44100000,1.46300000,3482908.90000000,5284694.82550000,20159
2022-09-22,1.46300000,1.54800000,1.46000000,1.53000000,1572674.60000000,2378945.65650000,10564
2022-09-23,1.53100000,1.65600000,1.46600000,1.57500000,3532655.80000000,5471336.77650000,19745
2022-09-24,1.57700000,1.69100000,1.53800000,1.64500000,4639406.00000000,7510925.31510000,25919
2022-09-25,1.64600000,1.99900000,1.60900000,1.79800000,9190191.60000000,16564709.32090000,63485
2022-09-26,1.79700000,1.95000000,1.68300000,1.78000000,10488776.00000000,18845698.09180000,70865
2022-09-27,1.78100000,1.85200000,1.70700000,1.73900000,5025200.80000000,8979538.01130000,29199
2022-09-28,1.73900000,1.75200000,1.62300000,1.70700000,4287892.60000000,7202979.25140000,24250
2022-09-29,1.70700000,1.72000000,1.63500000,1.68400000,2306589.80000000,3859418.47040000,15170
2022-09-30,1.68400000,1.79000000,1.62700000,1.70200000,3376839.20000000,5732040.82230000,19708
2022-10-01,1.70000000,1.72800000,1.64000000,1.65200000,1668210.00000000,2810717.40310000,8945
2022-10-02,1.65300000,1.68100000,1.55100000,1.56500000,1473748.00000000,2392303.78100000,9823
2022-10-03,1.56600000,1.74800000,1.55100000,1.70500000,3269576.30000000,5417550.94490000,19893
2022-10-04,1.70600000,1.89800000,1.68900000,1.79700000,5701196.70000000,10151710.28650000,34278
2022-10-05,1.79700000,1.99800000,1.75400000,1.91600000,5781342.00000000,10805821.55510000,39415
2022-10-06,1.91600000,1.93400000,1.82300000,1.83600000,3149660.00000000,5939070.51350000,22143
2022-10-07,1.83600000,2.06000000,1.82400000,1.99000000,5433016.70000000,10449676.58150000,37978
2022-10-08,1.99000000,2.05900000,1.95400000,1.99000000,3019363.70000000,6029677.93880000,28984
2022-10-09,1.99000000,2.01100000,1.88500000,1.91500000,2537342.80000000,4919186.34060000,15290
2022-10-10,1.91500000,1.95400000,1.75500000,1.75500000,2618489.90000000,4847708.23020000,16753
2022-10-11,1.75500000,1.91100000,1.70000000,1.82800000,3260415.80000000,6025321.32400000,23716
2022-10-12,1.82900000,1.84300000,1.75800000,1.78600000,1573153.80000000,2814271.69100000,11817
2022-10-13,1.78600000,1.79000000,1.56400000,1.74500000,4006122.00000000,6685860.62940000,26436
2022-10-14,1.74400000,1.89500000,1.71900000,1.76300000,3314312.70000000,6049043.08460000,22118
2022-10-15,1.76500000,1.79300000,1.71500000,1.75600000,1936240.60000000,3400231.52930000,11899
2022-10-16,1.75600000,1.95700000,1.75500000,1.90400000,2563710.40000000,4779611.75170000,21581
2022-10-17,1.90500000,2.26000000,1.88500000,2.10700000,8023650.10000000,16758766.06190000,78414
2022-10-18,2.10800000,2.18000000,2.03400000,2.08700000,3368398.00000000,7003959.99930000,26408
2022-10-19,2.08800000,2.08800000,1.95900000,1.97600000,2671947.20000000,5403694.70610000,20404
2022-10-20,1.97500000,2.03800000,1.81700000,1.85200000,3218982.10000000,6168741.79230000,23937
2022-10-21,1.85200000,1.89500000,1.76100000,1.85600000,3088500.00000000,5669598.57840000,23094
2022-10-22,1.85600000,1.96800000,1.82300000,1.91400000,2756006.30000000,5224234.30030000,20270
2022-10-23,1.91400000,1.98200000,1.89600000,1.93600000,2867433.40000000,5558437.92110000,17772
2022-10-24,1.93600000,1.93800000,1.85000000,1.89500000,2498815.10000000,4713782.35360000,15421
2022-10-25,1.89600000,2.03900000,1.88800000,1.95700000,3341165.30000000,6547087.50320000,21630
2022-10-26,1.95800000,2.17500000,1.92200000,2.06100000,4577557.20000000,9492986.56730000,30070
2022-10-27,2.05900000,2.21000000,1.98900000,2.02300000,6178504.50000000,12870480.18600000,40955
2022-10-28,2.02300000,2.08000000,1.90100000,2.05000000,4227262.70000000,8439525.86680000,27047
2022-10-29,2.05200000,2.38700000,2.03800000,2.29100000,10832158.50000000,24033085.42040000,76350
2022-10-30,2.29000000,2.43900000,2.13600000,2.19400000,7045053.00000000,16012937.10940000,56746
2022-10-31,2.19100000,2.70200000,2.14500000,2.43300000,14057075.40000000,34767427.68260000,112017
2022-11-01,2.43300000,2.57400000,2.27400000,2.50500000,9788218.10000000,23786422.38550000,75512
2022-11-02,2.50300000,2.69000000,2.30800000,2.52000000,12440331.10000000,31039131.85640000,105519
2022-11-03,2.52000000,3.04400000,2.47400000,2.63100000,11873240.60000000,33039823.33230000,115706
2022-11-04,2.63100000,2.92500000,2.61200000,2.71100000,6554439.80000000,18198754.97200000,55715
2022-11-05,2.71400000,2.99900000,2.64600000,2.68600000,7098761.40000000,19952581.04210000,59606
2022-11-06,2.68700000,2.88300000,2.56700000,2.59400000,6028458.50000000,16362537.26170000,52409
2022-11-07,2.59300000,2.80600000,2.41700000,2.68100000,7421798.30000000,19191929.27530000,55741
2022-11-08,2.68100000,2.76000000,1.60000000,1.98800000,13255442.70000000,29556510.98570000,110364
2022-11-09,1.98600000,2.02100000,1.37300000,1.46100000,13617195.80000000,22284146.54440000,132661
2022-11-10,1.46300000,1.88200000,1.44100000,1.79800000,9781199.70000000,16963526.82690000,119027
2022-11-11,1.79800000,1.88000000,1.61100000,1.75500000,4634979.20000000,8020639.87860000,40118
2022-11-12,1.75400000,1.86700000,1.64900000,1.72000000,3946300.50000000,6898401.39480000,36980
2022-11-13,1.72000000,1.95900000,1.69900000,1.81200000,5678524.60000000,10356504.03140000,45584
2022-11-14,1.81000000,1.83100000,1.62000000,1.75900000,4496787.60000000,7729054.82680000,36408
2022-11-15,1.75800000,1.93700000,1.71400000,1.79500000,2898359.50000000,5205103.70400000,23346
2022-11-16,1.79600000,1.88600000,1.70700000,1.74800000,2845302.00000000,5049853.18760000,23224
2022-11-17,1.74500000,1.76200000,1.68300000,1.71400000,1516092.30000000,2608374.06100000,11845
2022-11-18,1.71500000,1.75900000,1.69200000,1.73700000,2410553.70000000,4176582.43170000,18094
2022-11-19,1.74000000,1.74200000,1.66300000,1.70800000,1077002.20000000,1827314.31770000,8585
2022-11-20,1.70800000,1.74500000,1.56700000,1.57200000,1294720.60000000,2173725.48900000,12484
2022-11-21,1.57200000,1.61900000,1.49300000,1.56800000,1997169.30000000,3136330.41280000,16282
2022-11-22,1.56700000,1.60100000,1.46000000,1.60100000,2521767.70000000,3855210.98030000,15621
2022-11-23,1.60000000,1.86000000,1.59300000,1.70000000,5509199.60000000,9514391.05290000,43457
2022-11-24,1.70000000,1.73500000,1.61700000,1.66500000,2188291.10000000,3653410.62540000,14630
2022-11-25,1.66700000,1.66800000,1.54500000,1.60900000,1459966.00000000,2330520.11500000,11124
2022-11-26,1.61100000,1.65500000,1.58900000,1.60500000,1031692.90000000,1677829.41490000,8831
2022-11-27,1.60500000,1.63800000,1.55900000,1.57900000,2360572.90000000,3764496.82120000,13564
2022-11-28,1.57900000,1.58900000,1.48400000,1.53500000,1442959.40000000,2201784.72670000,11886
2022-11-29,1.53500000,1.70700000,1.50900000,1.60100000,4785848.30000000,7833502.26020000,34623
2022-11-30,1.60200000,1.82000000,1.60100000,1.76100000,8278251.90000000,14347410.25690000,56335
2022-12-01,1.75900000,1.78600000,1.65300000,1.68900000,3659621.60000000,6248771.99030000,22598
2022-12-02,1.69000000,1.70400000,1.60000000,1.68500000,2275263.00000000,3771214.05630000,14836
2022-12-03,1.68500000,1.68800000,1.58300000,1.60200000,1289421.20000000,2114613.75210000,8720
2022-12-04,1.60300000,1.72000000,1.60000000,1.63100000,2258534.20000000,3690349.16190000,14379
2022-12-05,1.63100000,1.68700000,1.60200000,1.64300000,2236333.40000000,3693925.39130000,12460
2022-12-06,1.64300000,1.67600000,1.61500000,1.65300000,1287713.50000000,2117866.04290000,9313
2022-12-07,1.65400000,1.66200000,1.56600000,1.58800000,1407510.10000000,2261238.11050000,8790
2022-12-08,1.58900000,1.64400000,1.55600000,1.62900000,1071155.60000000,1717071.96820000,7682
2022-12-09,1.63000000,1.66200000,1.62100000,1.64200000,1290662.00000000,2117507.85240000,8207
2022-12-10,1.64300000,1.68100000,1.63400000,1.66500000,1049407.60000000,1743930.75110000,6328
2022-12-11,1.66600000,1.69100000,1.61900000,1.62000000,835363.40000000,1390829.90780000,5561
2022-12-12,1.62000000,1.69100000,1.56900000,1.66100000,1936311.00000000,3156357.95730000,12667
2022-12-13,1.66200000,1.70300000,1.58500000,1.64100000,2691543.40000000,4407466.69820000,16684
2022-12-14,1.64100000,1.68500000,1.59100000,1.61500000,1309201.90000000,2141988.79220000,9568
2022-12-15,1.61500000,1.63600000,1.56700000,1.57300000,1160575.40000000,1865704.43930000,7472
2022-12-16,1.57500000,1.60500000,1.38200000,1.40800000,1712317.40000000,2580518.91250000,13975
2022-12-17,1.40800000,1.45600000,1.38000000,1.43900000,2336393.90000000,3314248.33220000,12789
2022-12-18,1.43900000,1.44600000,1.39100000,1.40900000,921787.20000000,1306225.81020000,6957
2022-12-19,1.41000000,1.43400000,1.28900000,1.30400000,1450261.10000000,1984043.30290000,7956
2022-12-20,1.30500000,1.39900000,1.30400000,1.37000000,915283.90000000,1252777.71970000,7508
2022-12-21,1.37000000,1.38400000,1.31100000,1.32700000,847760.40000000,1133483.97590000,6185
2022-12-22,1.32800000,1.34600000,1.28900000,1.33100000,719307.00000000,949707.04690000,4944
2022-12-23,1.33100000,1.34800000,1.31100000,1.31800000,483807.90000000,640914.99750000,3460
2022-12-24,1.31800000,1.33800000,1.31500000,1.31600000,314987.00000000,417548.86410000,2052
2022-12-25,1.31700000,1.32200000,1.29200000,1.31100000,311200.10000000,406286.53800000,1952
2022-12-26,1.31100000,1.32800000,1.29400000,1.31500000,419160.20000000,547455.04210000,2631
2022-12-27,1.31600000,1.32500000,1.25600000,1.27200000,1027639.70000000,1317804.55500000,5116
2022-12-28,1.27200000,1.27800000,1.22300000,1.25400000,1161395.60000000,1457134.94420000,5974
2022-12-29,1.25500000,1.29900000,1.24000000,1.28800000,974325.70000000,1243714.83910000,6156
2022-12-30,1.28800000,1.29200000,1.25000000,1.27700000,682455.40000000,867497.24510000,4554
2022-12-31,1.27800000,1.28800000,1.26700000,1.27500000,336818.30000000,430130.04300000,2162
2023-01-01,1.27500000,1.27500000,1.25300000,1.27400000,389543.00000000,491903.68250000,2055
2023-01-02,1.27500000,1.30800000,1.25000000,1.29900000,814287.90000000,1046500.85200000,4262
2023-01-03,1.30000000,1.32000000,1.28200000,1.30500000,814003.50000000,1058053.36830000,4290
2023-01-04,1.30500000,1.37000000,1.30500000,1.35600000,1145413.20000000,1541866.25260000,7757
2023-01-05,1.35700000,1.38200000,1.34200000,1.35700000,955090.50000000,1300989.89040000,6458
2023-01-06,1.35600000,1.37300000,1.31100000,1.37200000,829013.90000000,1111350.91930000,5477
2023-01-07,1.37200000,1.39600000,1.36200000,1.37200000,452787.30000000,621495.35070000,3592
2023-01-08,1.37300000,1.42200000,1.36100000,1.41500000,935989.60000000,1296693.86290000,6120
2023-01-09,1.41500000,1.48000000,1.41100000,1.42100000,2347142.70000000,3404137.60140000,13133
2023-01-10,1.42000000,1.45800000,1.40000000,1.44200000,1375399.50000000,1964653.90700000,9998
2023-01-11,1.44200000,1.45400000,1.37800000,1.45100000,1451864.00000000,2057568.60830000,9779
2023-01-12,1.45200000,1.57900000,1.40700000,1.52700000,3507109.20000000,5219469.56940000,26458
2023-01-13,1.52700000,1.57100000,1.49700000,1.55800000,3188442.90000000,4876844.16000000,22011
2023-01-14,1.55800000,1.74700000,1.52000000,1.61000000,5693464.30000000,9240480.00440000,36776
2023-01-15,1.61100000,1.68000000,1.56400000,1.65300000,3369558.90000000,5456693.11330000,21186
2023-01-16,1.65300000,1.72900000,1.58000000,1.64100000,3976236.80000000,6567552.59240000,24375
2023-01-17,1.64000000,1.67400000,1.59100000,1.59700000,2010278.20000000,3292829.57400000,15565
2023-01-18,1.59800000,1.68300000,1.46700000,1.48000000,5138602.90000000,8148990.58450000,35960
2023-01-19,1.47900000,1.58000000,1.45900000,1.53500000,3392043.00000000,5136528.68060000,20116
2023-01-20,1.53700000,1.64800000,1.51300000,1.64100000,2782909.40000000,4358843.97640000,18060
2023-01-21,1.64100000,1.85900000,1.62600000,1.73300000,6509094.60000000,11283187.33920000,41184
2023-01-22,1.73300000,2.10300000,1.71700000,1.94000000,13980963.00000000,27544596.95400000,108189
2023-01-23,1.94000000,2.06500000,1.90400000,1.99600000,5836040.30000000,11602415.00690000,44981
2023-01-24,1.99600000,2.01800000,1.78200000,1.83600000,4384089.40000000,8464095.82180000,32132
2023-01-25,1.83600000,2.47000000,1.78100000,2.24100000,20302784.20000000,45591239.42860000,171174
2023-01-26,2.24300000,2.75000000,2.20000000,2.58000000,14814495.70000000,36691292.30890000,143593
2023-01-27,2.58100000,2.80200000,2.50300000,2.55800000,10848238.00000000,28511464.33100000,104210
2023-01-28,2.55700000,2.74000000,2.45300000,2.50200000,8011269.80000000,20875357.20080000,73111
2023-01-29,2.50100000,2.58300000,2.47200000,2.52400000,4100845.30000000,10375797.86750000,38075
2023-01-30,2.52500000,2.98500000,2.47600000,2.81600000,16133799.20000000,44651502.05580000,162456
2023-01-31,2.81500000,3.25000000,2.69000000,3.14300000,10630596.10000000,31257528.39780000,123622
2023-02-01,3.14300000,4.04700000,3.03800000,3.85500000,16088437.10000000,55801557.74300000,211650
2023-02-02,3.85700000,3.97000000,3.51100000,3.62700000,8437026.50000000,31650714.46360000,129543
2023-02-03,3.63000000,3.99000000,3.54600000,3.74900000,8364654.40000000,31258253.43980000,113291
2023-02-04,3.74900000,4.23800000,3.60500000,3.87600000,9870780.30000000,39333813.88440000,124638
2023-02-05,3.87500000,4.03800000,3.34000000,3.60300000,7899925.90000000,29861043.05380000,97161
2023-02-06,3.60200000,3.72700000,3.42300000,3.47400000,4827140.90000000,17346077.81380000,61561
2023-02-07,3.47400000,4.37900000,3.41900000,4.14400000,10696153.60000000,42536634.22530000,156902
2023-02-08,4.14400000,4.27200000,3.65100000,3.73400000,6012743.80000000,23768183.16710000,83833
2023-02-09,3.73600000,3.80000000,3.18200000,3.28400000,6930749.60000000,24114034.65750000,94564
2023-02-10,3.28500000,3.41800000,3.00300000,3.12800000,5317807.30000000,16900899.64380000,77660
2023-02-11,3.12900000,3.42000000,3.07600000,3.39900000,4807142.50000000,15435934.51030000,65129
2023-02-12,3.39900000,3.63300000,3.22800000,3.34700000,6288083.30000000,21284130.39870000,83412
2023-02-13,3.34600000,3.47300000,3.01700000,3.25800000,5518901.10000000,17755937.93190000,69417
2023-02-14,3.26000000,3.58600000,3.20000000,3.48700000,5669854.70000000,19148982.99410000,67583
2023-02-15,3.49000000,4.13100000,3.41000000,3.94500000,7662481.00000000,28539989.39060000,100610
2023-02-16,3.94500000,4.04600000,3.59900000,3.64500000,8497929.00000000,32687163.12470000,91743
2023-02-17,3.64300000,4.21700000,3.64300000,4.00600000,10312821.90000000,40102395.19540000,128676
2023-02-18,4.00400000,4.58200000,3.95100000,4.42100000,7727340.50000000,33255579.59860000,110611
2023-02-19,4.41700000,4.55000000,4.05300000,4.16200000,4907452.40000000,21022739.72820000,74429
2023-02-20,4.16000000,4.32100000,3.96800000,4.18900000,5561145.20000000,23094415.21160000,75721
2023-02-21,4.19100000,4.41800000,3.85300000,3.94200000,6498865.10000000,27206072.98620000,97086
2023-02-22,3.94300000,3.95100000,3.64700000,3.81300000,5029771.00000000,18930551.19830000,66523
2023-02-23,3.81300000,4.10000000,3.76300000,3.91300000,4550984.60000000,17839483.01490000,62258
2023-02-24,3.91300000,3.95200000,3.53600000,3.64400000,2784913.10000000,10435068.48640000,40849
2023-02-25,3.64400000,3.67200000,3.28200000,3.42500000,2844558.60000000,9850526.07220000,37791
2023-02-26,3.42500000,3.87100000,3.40500000,3.77900000,3992687.50000000,14684043.02110000,55285
2023-02-27,3.77800000,3.88400000,3.55000000,3.64100000,4106005.80000000,15266223.53680000,50062
2023-02-28,3.64200000,3.70100000,3.45000000,3.50900000,2507992.50000000,9034791.12150000,33548
2023-03-01,3.50900000,3.85100000,3.50800000,3.79700000,2228428.20000000,8241002.18310000,28744
2023-03-02,3.79700000,3.81700000,3.53900000,3.75000000,1829653.10000000,6698042.69300000,23424
2023-03-03,3.75100000,3.80500000,3.33400000,3.60700000,3815790.40000000,13554533.58270000,58597
2023-03-04,3.60800000,3.69000000,3.10700000,3.25800000,3448257.10000000,11597363.11240000,44992
2023-03-05,3.25900000,3.51300000,3.22000000,3.34400000,2566836.60000000,8719393.24620000,35295
2023-03-06,3.34300000,3.44700000,3.26000000,3.32300000,2478028.60000000,8243274.74900000,35163
2023-03-07,3.32600000,3.39000000,3.09200000,3.17600000,2936729.40000000,9450218.79860000,42411
2023-03-08,3.17400000,3.21900000,2.85500000,2.86200000,5105686.40000000,15374067.37310000,63664
2023-03-09,2.86300000,3.03300000,2.59200000,2.64800000,4369040.00000000,12292950.98110000,51130
2023-03-10,2.64900000,3.08500000,2.45000000,3.03100000,9053313.30000000,24819874.41530000,105577
2023-03-11,3.03000000,3.26600000,2.80000000,3.11500000,8697659.10000000,26178054.68730000,118150
2023-03-12,3.11300000,3.78000000,2.96400000,3.69600000,9106775.20000000,29376919.89050000,118704
2023-03-13,3.69600000,4.38100000,3.56100000,4.13500000,11058263.00000000,43046410.63220000,159989
2023-03-14,4.13400000,4.51500000,4.04400000,4.26500000,8392593.50000000,35680829.88870000,126027
2023-03-15,4.26500000,4.30000000,3.83900000,4.02800000,5848335.80000000,23847794.98850000,96777
2023-03-16,4.02900000,4.31800000,3.97100000,4.06600000,4979034.40000000,20584364.05310000,85565
2023-03-17,4.06800000,4.84900000,3.99400000,4.83300000,6437252.50000000,28434253.00750000,111381
2023-03-18,4.83400000,4.99800000,4.40000000,4.44100000,4957616.00000000,23323409.45740000,89195
2023-03-19,4.44400000,4.62700000,4.25800000,4.28000000,4171947.50000000,18459558.97220000,73405
2023-03-20,4.28200000,4.31000000,3.94400000,3.98300000,4337162.10000000,17984568.78530000,72226
2023-03-21,3.98400000,4.46300000,3.86300000,4.23000000,4394443.10000000,18254771.72900000,68229
2023-03-22,4.23100000,4.39500000,3.92000000,4.10700000,5117372.90000000,21239688.59860000,80632
2023-03-23,4.10900000,4.32100000,4.07700000,4.23200000,3586753.90000000,15085319.94980000,56426
2023-03-24,4.23300000,4.50000000,4.03800000,4.17000000,4518560.20000000,19399255.82690000,65618
2023-03-25,4.17000000,4.24900000,3.78000000,3.82500000,3943057.80000000,15796487.20640000,52098
2023-03-26,3.82500000,4.09100000,3.78700000,4.06300000,2554717.80000000,10115126.60560000,37540
2023-03-27,4.06100000,4.07000000,3.69800000,3.79000000,3826922.60000000,14902258.99950000,54722
2023-03-28,3.79400000,4.37300000,3.63100000,4.18400000,5018395.40000000,19731974.36580000,73511
2023-03-29,4.18300000,4.48600000,4.17700000,4.34200000,4483047.30000000,19359862.17250000,59360
2023-03-30,4.34000000,4.96300000,4.18800000,4.70300000,7495839.90000000,33777496.18040000,121329
2023-03-31,4.70400000,4.83900000,4.56500000,4.72400000,4410052.70000000,20700141.08640000,83230
2023-04-01,4.72400000,5.39700000,4.68500000,5.18500000,6608863.60000000,33846822.40470000,130814
2023-04-02,5.18300000,5.30000000,4.85100000,5.15700000,4656444.90000000,23645196.70770000,91752
2023-04-03,5.15700000,5.99900000,4.86700000,5.87500000,9324243.20000000,50786421.05350000,191145
2023-04-04,5.87200000,5.98000000,5.38000000,5.47100000,6751488.10000000,37561917.41320000,139080
2023-04-05,5.47300000,5.87000000,5.25100000,5.52500000,4071643.00000000,22327188.79730000,75311
2023-04-06,5.52100000,5.84400000,5.13800000,5.62500000,5139385.10000000,28578317.89860000,96346
2023-04-07,5.62200000,6.00000000,5.55900000,5.57100000,4831998.40000000,27934452.52940000,100498
2023-04-08,5.57000000,5.66700000,5.36500000,5.41100000,2001315.30000000,10986613.33110000,41813
2023-04-09,5.41200000,5.74700000,5.39300000,5.70100000,2657804.00000000,14892364.64920000,53033
2023-04-10,5.70200000,6.40600000,5.58400000,6.30800000,4787895.30000000,28844218.06970000,100680
2023-04-11,6.30700000,6.96000000,6.18400000,6.63100000,5554766.90000000,36147610.82560000,113407
2023-04-12,6.62900000,7.01700000,6.35600000,6.58000000,6517050.40000000,43558760.93820000,135437
2023-04-13,6.57700000,6.91900000,6.53600000,6.72700000,4127728.20000000,27740232.61500000,77952
2023-04-14,6.73000000,8.97000000,6.70700000,8.08900000,14881097.80000000,119948607.49220000,372031
2023-04-15,8.08300000,8.32500000,7.62600000,8.19900000,7955245.50000000,63524133.83480000,174070
2023-04-16,8.19500000,9.70000000,8.16700000,9.30900000,8593044.10000000,75558979.94980000,223872
2023-04-17,9.30400000,9.97000000,8.82500000,9.05800000,11134887.10000000,103899652.37540000,283828
2023-04-18,9.06200000,9.41000000,8.55300000,8.62400000,5714437.90000000,51304477.51300000,118705
2023-04-19,8.62300000,9.26100000,7.88700000,8.33400000,9253475.00000000,80017212.93620000,194408
2023-04-20,8.33700000,8.50000000,7.65400000,7.90600000,5789623.40000000,46443849.51120000,116972
2023-04-21,7.90400000,8.05300000,7.23600000,7.27900000,5945514.60000000,45153269.06390000,134490
2023-04-22,7.27400000,7.64100000,7.09200000,7.60900000,4101530.80000000,30085451.42070000,96342
2023-04-23,7.61100000,7.61200000,6.80000000,6.88200000,4004794.00000000,28761898.91080000,84595
2023-04-24,6.88400000,7.06300000,6.43000000,6.99100000,6892405.00000000,46089576.08980000,142491
2023-04-25,6.99000000,8.48300000,6.88800000,8.27400000,9684989.60000000,72349262.77840000,226629
2023-04-26,8.27200000,9.09700000,7.81600000,8.35200000,13991191.90000000,118040599.41980000,298345
2023-04-27,8.35300000,9.30000000,8.31100000,8.91200000,10007227.20000000,89270985.26790000,242690
2023-04-28,8.91100000,9.13800000,8.26600000,8.41000000,5762712.40000000,49659757.49990000,129158
2023-04-29,8.40800000,8.65600000,7.95700000,8.08200000,4563704.70000000,37854371.91640000,95003
2023-04-30,8.08200000,8.40800000,7.73400000,7.76200000,5930231.70000000,47536604.41560000,135033
2023-05-01,7.76500000,8.14800000,7.50100000,7.85200000,5305890.90000000,41423873.71540000,117926
2023-05-02,7.85200000,8.09100000,7.45900000,7.85400000,4645767.20000000,36153817.51000000,106721
2023-05-03,7.85500000,8.00000000,7.30000000,7.93700000,4208209.00000000,32038339.00570000,86378
2023-05-04,7.93900000,7.95300000,7.32300000,7.38600000,2820078.10000000,21416621.18080000,62557
2023-05-05,7.38400000,7.97300000,7.31600000,7.81100000,3638040.30000000,28042490.85590000,81939
2023-05-06,7.81200000,7.92300000,7.07000000,7.22800000,2554352.80000000,18878187.39060000,61317
2023-05-07,7.22800000,7.60300000,7.16800000,7.29400000,1842718.10000000,13564486.10230000,42911
2023-05-08,7.29900000,7.37100000,6.47600000,6.66300000,3530093.70000000,24062222.01120000,81123
2023-05-09,6.66100000,6.72800000,6.15100000,6.28200000,3002117.40000000,19145699.47680000,65527
2023-05-10,6.28200000,6.93400000,6.05600000,6.65000000,5606102.60000000,36396671.66450000,112607
2023-05-11,6.64600000,6.65000000,5.62800000,5.78500000,4355476.10000000,26101730.34630000,81863
2023-05-12,5.78400000,6.19000000,5.58400000,6.13700000,4977427.10000000,29330023.20800000,86646
2023-05-13,6.13600000,6.29700000,5.91500000,6.02000000,2248408.30000000,13659452.08300000,51365
2023-05-14,6.02100000,6.36800000,5.88300000,6.08400000,1796373.10000000,10964043.65930000,39333
2023-05-15,6.08400000,6.49900000,5.96100000,6.39100000,3087824.30000000,19532560.33040000,59584
2023-05-16,6.39000000,6.45800000,6.00900000,6.15100000,2348507.10000000,14532005.32120000,43648
2023-05-17,6.15200000,6.77100000,5.96300000,6.60800000,3706032.10000000,23632428.84000000,79167
2023-05-18,6.60800000,6.78400000,6.24100000,6.63600000,2858133.40000000,18617303.13030000,64410
2023-05-19,6.63800000,7.21000000,6.46400000,7.01200000,5203844.80000000,35934959.49530000,114693
2023-05-20,7.01500000,7.54500000,6.92300000,7.21700000,3594865.00000000,26004418.80380000,83782
2023-05-21,7.21700000,7.29700000,6.68600000,6.73700000,2553392.80000000,17785456.08020000,53329
2023-05-22,6.73800000,6.96400000,6.55900000,6.67600000,2134601.40000000,14404398.42180000,47397
2023-05-23,6.67600000,7.09000000,6.59200000,6.80700000,2422853.40000000,16639748.64720000,56804
2023-05-24,6.80700000,6.81300000,6.31600000,6.37000000,2789424.70000000,18254562.57130000,61747
2023-05-25,6.37400000,6.47000000,6.06300000,6.29800000,2229946.80000000,14071594.81920000,48368
2023-05-26,6.29700000,6.68200000,6.15300000,6.40500000,2034789.10000000,12991021.34070000,41369
2023-05-27,6.40600000,6.51100000,6.31900000,6.38500000,1072250.10000000,6857874.19390000,26160
2023-05-28,6.38500000,7.42800000,6.34000000,7.08600000,4287573.40000000,29455599.29610000,96346
2023-05-29,7.08500000,7.73600000,6.92300000,7.41100000,5938035.30000000,43846159.69580000,140547
2023-05-30,7.40900000,7.80800000,7.32900000,7.59100000,3392688.90000000,25650373.98720000,83169
2023-05-31,7.59000000,7.74700000,7.05200000,7.25900000,3206612.40000000,23397383.95300000,75765
2023-06-01,7.25800000,7.50900000,6.94400000,7.27800000,2909777.60000000,21119472.46380000,80120
2023-06-02,7.27500000,8.21300000,7.21600000,7.87900000,4871963.40000000,38498469.86690000,123445
2023-06-03,7.87700000,8.17200000,7.77000000,7.92400000,2089979.30000000,16558473.30370000,55842
2023-06-04,7.92500000,8.14900000,7.73200000,7.80900000,1691870.00000000,13396494.00250000,52428
2023-06-05,7.80600000,7.85500000,6.75300000,7.08200000,4362377.00000000,31826420.27800000,99027
2023-06-06,7.08100000,7.50000000,6.88800000,7.37900000,3119182.60000000,22544819.53550000,61408
2023-06-07,7.38500000,7.38600000,6.81100000,6.90000000,2181970.80000000,15424879.78960000,51485
2023-06-08,6.89700000,7.17200000,6.62200000,6.94100000,2340964.60000000,16183246.82160000,53302
2023-06-09,6.94500000,7.17600000,6.82300000,6.90700000,1390772.50000000,9737199.20000000,34245
2023-06-10,6.90800000,6.90900000,5.40000000,5.68700000,5724062.60000000,33759933.22990000,137060
2023-06-11,5.69100000,5.94800000,5.38900000,5.72000000,3120200.20000000,17683601.44360000,72274
2023-06-12,5.72300000,5.99000000,5.52700000,5.65700000,2067268.40000000,11842433.08100000,55926
2023-06-13,5.65800000,6.22400000,5.57200000,6.02700000,2508642.50000000,14849100.25080000,60286
2023-06-14,6.02800000,6.30100000,5.75000000,5.91000000,3242993.60000000,19793362.75990000,75709
2023-06-15,5.90700000,6.14000000,5.44800000,5.87100000,2990044.00000000,17114458.94100000,75890
2023-06-16,5.87100000,6.19700000,5.74700000,6.07000000,2476147.20000000,14764768.28280000,56196
2023-06-17,6.07000000,6.61100000,5.96800000,6.30800000,1834079.00000000,11679581.16850000,44775
2023-06-18,6.30800000,6.35100000,5.94300000,5.97700000,1569306.50000000,9688932.16280000,42467
2023-06-19,5.97700000,6.30000000,5.87300000,6.17100000,1718949.70000000,10434906.77540000,46461
2023-06-20,6.17000000,6.78900000,6.02400000,6.74400000,2602464.90000000,16697334.86300000,65911
2023-06-21,6.74600000,7.47500000,6.68000000,7.15200000,3995977.60000000,28425742.41580000,111741
2023-06-22,7.14600000,7.45000000,6.81000000,6.96100000,2397302.60000000,17162723.50140000,60753
2023-06-23,6.96200000,7.46500000,6.95700000,7.15200000,1960112.40000000,14085108.31290000,56916
2023-06-24,7.15300000,7.21100000,6.71000000,6.90200000,1641395.40000000,11412846.16030000,43239
2023-06-25,6.90400000,7.24100000,6.88100000,6.96000000,1530890.00000000,10806031.54510000,40086
2023-06-26,6.96100000,7.73900000,6.80000000,7.37400000,4411189.70000000,32456665.91620000,128152
2023-06-27,7.37300000,7.85000000,7.34500000,7.59100000,2293549.80000000,17538528.52640000,61789
2023-06-28,7.59400000,7.74700000,7.12000000,7.40200000,2498897.60000000,18792136.79820000,66950
2023-06-29,7.39900000,7.97900000,7.39800000,7.85900000,2371558.70000000,18444163.98020000,71683
2023-06-30,7.86100000,8.20000000,7.41300000,8.02200000,2998882.20000000,23943179.47880000,92492
2023-07-01,8.02400000,9.00000000,8.01600000,8.86300000,2777955.80000000,23780347.45590000,94528
2023-07-02,8.86800000,8.88900000,8.23600000,8.72300000,2224247.70000000,19033269.85140000,75863
2023-07-03,8.72500000,8.99000000,8.56200000,8.62300000,1944614.20000000,17083424.93960000,61721
2023-07-04,8.61900000,8.89900000,8.43600000,8.56000000,1707264.60000000,14833018.59630000,57041
2023-07-05,8.56000000,8.86500000,8.08900000,8.28300000,2384896.40000000,20021403.01050000,84436
2023-07-06,8.28400000,8.66500000,7.82100000,7.85300000,2539929.40000000,20804324.23270000,82980
2023-07-07,7.85200000,8.29900000,7.77200000,7.95700000,1552223.10000000,12326523.03550000,61937
2023-07-08,7.96000000,8.11100000,7.81900000,8.07200000,1006582.30000000,8015774.24900000,37010
2023-07-09,8.07300000,8.49900000,8.03600000,8.20800000,1824456.10000000,15134848.63990000,61450
2023-07-10,8.21000000,8.29400000,7.77500000,8.12600000,1777047.80000000,14271530.55010000,61172
2023-07-11,8.12500000,8.40300000,7.98100000,8.00800000,947053.90000000,7739348.68050000,35163
2023-07-12,8.00200000,8.35000000,7.93900000,7.96800000,1503973.30000000,12232441.54600000,51620
2023-07-13,7.96600000,8.78400000,7.83000000,8.76900000,3159010.00000000,26234042.17710000,109936
2023-07-14,8.77000000,9.92800000,8.64400000,9.44600000,5918954.50000000,55052456.58470000,170506
2023-07-15,9.44200000,9.44200000,8.95200000,9.32000000,1794314.70000000,16490011.09290000,54297
2023-07-16,9.31800000,9.58900000,8.81100000,8.87200000,1909877.60000000,17555141.34410000,59057
2023-07-17,8.86800000,9.38600000,8.69200000,9.17200000,2304092.00000000,20910977.33700000,67290
2023-07-18,9.17300000,9.40500000,8.75200000,8.91700000,1640324.80000000,14827665.30090000,46764
2023-07-19,8.91400000,9.22000000,8.85200000,8.95700000,1191036.20000000,10778154.56300000,36140
2023-07-20,8.95600000,9.73100000,8.91200000,9.30100000,2028805.70000000,18984420.34880000,60700
2023-07-21,9.29500000,9.50000000,8.96300000,8.99800000,969163.30000000,8973980.53070000,33374
2023-07-22,8.99800000,9.05500000,8.54300000,8.61600000,1005761.60000000,8895049.46190000,35170
2023-07-23,8.61600000,8.83400000,8.57400000,8.70500000,1044815.70000000,9079587.06720000,32386
2023-07-24,8.70500000,8.75800000,8.01000000,8.15600000,1753259.50000000,14501804.60030000,49122
2023-07-25,8.15400000,8.26000000,7.91300000,7.99300000,1352538.30000000,10868509.74620000,31196
2023-07-26,7.99300000,8.20000000,7.81300000,8.02900000,1486027.00000000,11851592.90160000,35762
2023-07-27,8.02800000,8.33400000,7.92700000,7.98200000,1033771.50000000,8398406.74300000,28669
2023-07-28,7.98700000,8.25100000,7.93700000,8.03100000,686509.10000000,5551386.63770000,16039
2023-07-29,8.03200000,8.13500000,7.95800000,8.01000000,539379.70000000,4327821.45180000,12660
2023-07-30,8.01000000,8.03500000,7.62000000,7.89300000,825927.20000000,6508175.51670000,21781
2023-07-31,7.89300000,8.06000000,7.77200000,7.86700000,890871.50000000,7087031.99230000,21587
2023-08-01,7.86700000,8.04800000,7.52500000,8.01700000,1320300.90000000,10221389.89990000,30939
2023-08-02,8.01600000,8.19500000,7.90900000,7.94600000,1615971.10000000,13046549.00970000,40529
2023-08-03,7.94300000,8.23700000,7.86000000,8.12300000,895651.20000000,7202204.12860000,24358
2023-08-04,8.12700000,8.26800000,7.91600000,8.00400000,898355.30000000,7303121.58280000,24771
2023-08-05,8.00200000,8.13400000,7.88800000,7.94600000,589477.90000000,4693787.96570000,15781
2023-08-06,7.94600000,8.06000000,7.86200000,7.89400000,502770.40000000,4000095.62700000,14521
2023-08-07,7.89700000,8.09500000,7.68700000,7.92500000,892539.20000000,7057604.31530000,26213
2023-08-08,7.92700000,8.24500000,7.88700000,8.11200000,1155021.60000000,9342366.69570000,25455
2023-08-09,8.11200000,8.15600000,7.80100000,7.88300000,1006936.60000000,8033152.09220000,23425
2023-08-10,7.88200000,7.88500000,7.55300000,7.70200000,1291050.60000000,9903432.43700000,35989
2023-08-11,7.70100000,7.76600000,7.61000000,7.63800000,561078.80000000,4314406.12700000,16237
2023-08-12,7.63900000,7.69800000,7.61600000,7.66300000,359016.00000000,2750009.92570000,10277
2023-08-13,7.66400000,7.75100000,7.57700000,7.69400000,471160.80000000,3615447.32890000,14763
2023-08-14,7.68900000,7.76900000,7.50900000,7.56800000,925038.00000000,7077303.19830000,22891
2023-08-15,7.57100000,7.57400000,7.00000000,7.18700000,1619977.50000000,11845423.65800000,47579
2023-08-16,7.18600000,7.36400000,6.86500000,7.05400000,2326266.90000000,16618696.19460000,62979
2023-08-17,7.05400000,7.35000000,6.60200000,7.13900000,3482263.10000000,24646895.88110000,101523
2023-08-18,7.14700000,8.12400000,7.00700000,7.89300000,4543978.70000000,34507679.03680000,137061
2023-08-19,7.89100000,8.08300000,7.69900000,7.75300000,2010740.60000000,15834535.37810000,54143
2023-08-20,7.74600000,7.96600000,7.66000000,7.72700000,920151.20000000,7193942.93270000,25203
2023-08-21,7.72500000,7.90000000,7.33000000,7.46700000,1186907.40000000,8967817.14870000,35458
2023-08-22,7.46700000,7.52200000,7.06900000,7.35600000,1321225.30000000,9601266.40610000,37925
2023-08-23,7.35900000,7.87500000,7.30900000,7.72400000,1114314.00000000,8437069.57880000,38123
2023-08-24,7.73100000,7.79700000,7.35600000,7.46000000,765202.00000000,5786346.76490000,23842
2023-08-25,7.45900000,7.46000000,7.07900000,7.26600000,1036099.40000000,7508840.22560000,30154
2023-08-26,7.26200000,7.28000000,7.16000000,7.21000000,448704.30000000,3234381.11670000,12977
2023-08-27,7.20800000,7.29600000,6.86800000,6.94900000,1231702.70000000,8697388.23030000,44250
2023-08-28,6.94800000,7.08700000,6.77400000,6.89600000,1038764.90000000,7192264.27710000,41504
2023-08-29,6.89200000,7.70000000,6.63200000,7.25400000,2580572.90000000,18432800.53590000,85753
2023-08-30,7.25600000,7.28600000,6.97400000,7.11300000,938875.80000000,6675885.98370000,28975
2023-08-31,7.11100000,7.32000000,6.86100000,6.99200000,1175505.10000000,8348960.54510000,34309
2023-09-01,6.99000000,7.09300000,6.74800000,6.79600000,996552.60000000,6935139.32780000,27776
2023-09-02,6.79500000,6.87500000,6.70000000,6.77200000,479660.40000000,3262630.97170000,16150
2023-09-03,6.77000000,6.88800000,6.73100000,6.81400000,436951.80000000,2968733.79450000,15116
2023-09-04,6.81700000,6.97300000,6.74800000,6.83700000,722170.60000000,4940743.96710000,20632
2023-09-05,6.83900000,6.91600000,6.72800000,6.85700000,641415.40000000,4377607.19070000,16923
2023-09-06,6.85800000,6.94100000,6.73700000,6.89600000,569711.30000000,3893776.00700000,16066
2023-09-07,6.89600000,7.06400000,6.79600000,6.96400000,599871.30000000,4141657.72620000,16536
2023-09-08,6.96400000,7.01300000,6.70700000,6.71700000,508527.90000000,3478829.14180000,15053
2023-09-09,6.71900000,6.75000000,6.60500000,6.68200000,486825.10000000,3250974.15240000,15267
2023-09-10,6.68300000,6.76500000,6.38400000,6.64300000,926979.50000000,6139142.55960000,24224
2023-09-11,6.64300000,6.69600000,6.36400000,6.65400000,970105.40000000,6326460.50480000,28237
2023-09-12,6.65200000,7.18200000,6.61900000,6.79200000,1722879.10000000,11825243.29030000,39772
2023-09-13,6.79200000,7.05600000,6.78100000,6.91100000,1058579.00000000,7360406.02990000,28315
2023-09-14,6.90900000,7.05300000,6.83900000,7.03800000,805625.30000000,5573088.88230000,17106
2023-09-15,7.03600000,7.29300000,7.01100000,7.25100000,992464.10000000,7133199.05250000,22396
2023-09-16,7.25200000,7.46500000,7.16300000,7.19400000,795022.60000000,5796295.37910000,22779
2023-09-17,7.19200000,7.19400000,6.90000000,7.02800000,680709.80000000,4805035.17130000,20382
2023-09-18,7.02900000,7.53300000,6.97200000,7.34300000,1334871.40000000,9736062.70070000,32896
2023-09-19,7.34100000,7.57400000,7.28400000,7.53200000,1100144.80000000,8189593.28800000,25558
2023-09-20,7.53300000,7.58500000,7.31100000,7.43900000,695810.10000000,5177059.63730000,22276
2023-09-21,7.43800000,7.49700000,7.04200000,7.08700000,955762.50000000,6881161.06360000,22423
2023-09-22,7.08400000,7.20600000,7.00300000,7.18700000,409483.40000000,2923390.13060000,10659
2023-09-23,7.19600000,7.25200000,6.98700000,7.00900000,361349.10000000,2564064.73430000,8744
2023-09-24,7.00800000,7.02100000,6.86200000,6.91200000,476997.20000000,3319798.45770000,12868
2023-09-25,6.90300000,7.18000000,6.82100000,7.10300000,737183.80000000,5171114.69980000,21872
2023-09-26,7.10300000,7.17000000,6.97200000,7.13300000,452667.40000000,3200974.87980000,15584
2023-09-27,7.13300000,7.32900000,7.05000000,7.13000000,778087.00000000,5607171.53090000,22395
2023-09-28,7.13100000,7.31500000,7.04300000,7.27000000,833722.60000000,6001489.58660000,19408
2023-09-29,7.27000000,7.60000000,7.23100000,7.55400000,760687.20000000,5680316.06370000,24427
2023-09-30,7.55400000,7.90000000,7.48100000,7.66100000,907410.30000000,6969179.61820000,27265
2023-10-01,7.66000000,8.05000000,7.64300000,7.94700000,794283.50000000,6240777.04660000,25142
2023-10-02,7.95200000,8.05100000,7.46900000,7.55900000,1375935.40000000,10684921.56520000,40253
2023-10-03,7.56000000,7.73200000,7.34500000,7.37700000,722051.80000000,5448280.03930000,19823
2023-10-04,7.37600000,7.67300000,7.19000000,7.59400000,691955.70000000,5169665.19320000,20461
2023-10-05,7.59300000,7.74000000,7.40700000,7.41200000,520286.20000000,3935597.07760000,14576
2023-10-06,7.41300000,7.92800000,7.39900000,7.83300000,737113.40000000,5667407.07950000,19016
2023-10-07,7.83400000,7.91500000,7.71600000,7.78300000,733150.70000000,5735045.46200000,16270
2023-10-08,7.77500000,7.84100000,7.66800000,7.73400000,427782.90000000,3316808.76330000,11664
2023-10-09,7.73300000,7.74800000,7.27000000,7.48900000,812915.70000000,6113392.23570000,21689
2023-10-10,7.49700000,7.52700000,7.21200000,7.33500000,556739.20000000,4107491.78530000,14436
2023-10-11,7.33900000,7.42600000,7.20000000,7.37900000,629522.20000000,4596097.85140000,15319
2023-10-12,7.37500000,7.45000000,7.16200000,7.32000000,555814.80000000,4069713.17910000,14457
2023-10-13,7.32300000,7.62000000,7.30800000,7.56400000,477724.10000000,3575244.84650000,13925
2023-10-14,7.56200000,7.71500000,7.54600000,7.60800000,299994.00000000,2290399.77930000,10642
2023-10-15,7.61000000,7.81600000,7.55900000,7.80700000,430054.20000000,3308103.51930000,13561
2023-10-16,7.80900000,8.08300000,7.65300000,7.80100000,1087503.20000000,8527362.63430000,29327
2023-10-17,7.80100000,7.98600000,7.58100000,7.89700000,784865.10000000,6129459.67060000,22445
2023-10-18,7.89600000,8.26100000,7.83600000,8.11900000,1083520.80000000,8722840.99790000,38703
2023-10-19,8.12200000,8.61100000,7.97000000,8.45400000,1983170.60000000,16471892.08570000,68932
2023-10-20,8.45600000,8.84600000,8.41900000,8.43300000,1558037.50000000,13496104.42790000,50985
2023-10-21,8.43200000,9.20000000,8.41600000,8.81100000,1439595.20000000,12826695.53080000,43832
2023-10-22,8.80800000,9.29000000,8.71000000,9.22800000,1156438.30000000,10433153.88150000,40130
2023-10-23,9.22600000,11.35900000,9.15000000,10.99000000,5543220.40000000,56410977.71500000,185622
2023-10-24,10.99000000,12.88400000,10.90000000,11.79600000,5628906.80000000,66856685.91590000,232270
2023-10-25,11.79700000,12.81100000,11.54900000,12.10900000,2881357.20000000,34749937.01780000,119250
2023-10-26,12.10900000,12.70000000,11.46400000,12.13000000,2106034.40000000,25292262.35700000,91416
2023-10-27,12.13700000,13.75100000,11.69300000,13.55800000,3703876.20000000,48042155.10510000,168879
2023-10-28,13.56100000,13.93300000,13.11200000,13.38100000,1819493.40000000,24514575.02320000,77645
2023-10-29,13.38000000,14.27500000,13.20800000,13.91800000,2059348.50000000,28397761.00280000,102318
2023-10-30,13.92000000,14.50000000,13.20200000,13.20600000,1747639.30000000,24119057.29270000,100321
2023-10-31,13.20800000,14.29000000,12.82000000,14.14800000,2052726.10000000,27658191.90790000,106600
2023-11-01,14.14700000,15.60800000,13.43400000,14.85000000,3282787.10000000,48104210.36320000,191301
2023-11-02,14.85000000,15.85800000,14.23000000,14.34100000,2363629.60000000,35386610.31020000,133364
2023-11-03,14.34200000,14.95500000,13.84400000,14.72400000,1632540.40000000,23345990.26640000,94919
2023-11-04,14.71900000,15.26600000,14.35600000,15.18000000,1015792.80000000,15001784.11860000,62419
2023-11-05,15.18200000,16.48800000,14.97200000,16.11900000,1938433.50000000,30574305.04950000,113085
2023-11-06,16.11400000,17.99000000,15.65600000,16.93900000,2469736.89600000,42138150.72299900,138578
2023-11-07,16.93700000,17.67900000,16.48400000,16.93500000,2707472.90000000,46293507.58150000,151588
2023-11-08,16.94000000,17.83000000,16.80200000,16.94200000,1371966.40000000,23624783.30780000,114052
2023-11-09,16.92800000,18.13900000,14.50000000,16.42700000,3477264.06100000,58369805.52517400,249005
2023-11-10,16.44200000,18.74400000,15.71300000,18.03700000,3206611.71800000,55486136.46875400,221850
2023-11-11,18.01800000,19.14000000,17.42000000,17.71000000,2861043.06100000,51887385.62769200,197438
2023-11-12,17.69400000,18.41300000,16.83700000,17.28900000,1639967.40000000,28662932.39430000,125481
2023-11-13,17.27700000,17.66600000,15.15000000,15.41000000,2063149.50000000,33657902.99200000,138457
2023-11-14,15.41800000,16.31200000,14.50000000,15.55200000,2161269.80000000,33696549.04980000,124802
2023-11-15,15.55100000,17.32900000,15.48600000,16.98000000,2016869.10000000,33511512.71230000,113625
2023-11-16,16.98700000,18.50000000,15.61600000,15.89900000,2763821.60000000,47107947.06480000,174800
2023-11-17,15.89000000,16.57300000,15.08700000,16.19500000,1578242.80000000,25126961.79070000,89419
2023-11-18,16.18600000,16.27800000,15.11200000,15.96000000,1404540.20000000,22239750.17560000,63448
2023-11-19,15.95700000,16.93100000,15.45900000,16.73200000,1585891.30000000,25545230.88670000,83061
2023-11-20,16.75300000,17.34900000,15.81400000,15.88200000,1475731.10000000,24522076.59400000,77664
2023-11-21,15.88700000,16.11900000,14.13000000,14.20200000,2054814.80000000,31372437.78710000,119895
2023-11-22,14.20200000,16.65100000,14.15500000,16.05800000,1411970.90000000,21844148.50620000,93105
2023-11-23,16.05000000,16.07800000,14.84900000,15.09000000,1256797.20000000,19306154.74750000,76510
2023-11-24,15.09100000,16.30800000,14.97800000,15.59900000,1533096.50000000,23850032.95120000,108530
2023-11-25,15.60300000,17.54600000,15.46000000,17.10700000,1919502.80000000,31918932.74790000,148903
2023-11-26,17.09700000,17.30000000,16.16600000,17.07600000,1270159.50000000,21318530.45870000,98528
2023-11-27,17.07900000,17.57600000,16.00300000,16.68200000,1880687.10000000,31644803.04320000,145330
2023-11-28,16.68300000,17.11600000,15.60500000,16.57800000,1533569.50000000,25134939.15700000,111105
2023-11-29,16.57700000,17.49500000,16.30000000,16.73500000,1263285.50000000,21296192.12690000,95743
2023-11-30,16.73500000,18.46300000,16.59400000,18.42200000,2795537.40000000,50096057.46860000,186435
2023-12-01,18.42400000,18.88000000,17.71500000,17.95900000,2474702.10000000,45194281.77900000,131242
2023-12-02,17.96300000,18.42000000,17.67000000,17.76400000,1379777.10000000,24931457.75330000,96399
2023-12-03,17.76200000,18.17700000,17.31000000,17.43500000,1789840.40000000,31729066.30520000,115872
2023-12-04,17.42800000,18.35000000,14.99000000,16.86000000,3138302.60000000,53418609.34050000,228813
2023-12-05,16.87000000,17.25100000,15.80700000,17.19100000,2145913.80000000,35394939.20380000,142832
2023-12-06,17.18500000,17.86700000,16.54500000,16.98300000,2047877.40000000,35636374.70980000,139397
2023-12-07,16.97500000,18.69600000,16.63600000,18.26300000,1767653.60000000,31332528.43110000,160442
2023-12-08,18.26200000,20.53600000,18.18500000,19.26400000,3213659.15800000,61887514.31794400,262055
2023-12-09,19.25700000,19.84600000,18.34000000,18.61600000,2077511.80000000,39810786.17600000,227698
2023-12-10,18.62800000,21.40000000,18.49400000,21.27700000,2257705.30600000,44793167.71524400,202618
2023-12-11,21.27800000,24.46400000,18.97900000,23.98400000,7961363.07200000,179007274.12288800,673648
2023-12-12,23.99700000,28.46000000,23.94400000,25.64100000,6518669.01700000,170787198.65229800,673708
2023-12-13,25.62700000,29.69000000,23.84200000,29.25000000,4343245.72300000,115156019.13444000,470324
2023-12-14,29.25800000,33.62100000,29.21100000,30.39000000,4666044.42800000,145897870.84311300,607633
2023-12-15,30.39100000,34.64200000,29.46200000,29.74400000,3684694.26900000,117854867.08544000,491497
2023-12-16,29.73800000,32.89900000,28.80000000,29.57400000,3529067.50000000,107548448.00270000,447587
2023-12-17,29.57500000,30.96200000,28.32600000,30.64300000,2039768.80000000,60840492.60340000,299659
2023-12-18,30.64000000,37.50000000,29.05000000,36.88100000,5599436.83900000,181702948.73749500,738143
2023-12-19,36.88100000,39.97000000,35.90000000,36.37900000,5399633.36900000,205113052.17075100,753376
2023-12-20,36.39000000,43.40000000,36.37800000,42.47100000,4979951.80000000,203686913.63837900,723477
2023-12-21,42.45300000,43.00300000,37.82000000,40.30500000,4113365.90000000,164586029.63530000,634847
2023-12-22,40.30500000,42.45000000,37.56500000,38.58500000,2519648.80000000,98955529.44950000,356813
2023-12-23,38.56400000,42.81700000,37.00100000,42.12900000,3264524.70000000,129620283.78770000,482858
2023-12-24,42.12800000,44.86000000,39.70100000,40.58400000,3254066.78100000,138193172.35608000,569768
2023-12-25,40.58500000,43.70000000,39.65200000,43.35000000,2721405.30000000,113468359.19920000,433033
2023-12-26,43.35200000,43.42100000,34.95300000,38.79400000,2946561.70000000,116746174.63890000,422299
2023-12-27,38.79200000,39.74400000,36.18000000,39.22200000,2173511.80000000,83048607.97890000,325030
2023-12-28,39.24300000,39.98000000,34.38700000,35.51700000,2204800.20000000,80548888.71930000,301611
2023-12-29,35.51900000,37.98400000,34.51000000,35.76000000,2007147.00000000,72720856.44210000,296372
2023-12-30,35.75800000,37.85500000,34.01300000,37.23000000,1982616.90000000,71503735.43000000,302234
2023-12-31,37.23400000,38.79600000,35.14000000,35.75500000,1677165.90000000,63033844.77890000,250977
2024-01-01,35.75500000,40.28900000,35.11100000,39.73300000,1696564.30000000,64131983.82880000,235014
2024-01-02,39.72900000,41.09900000,36.77200000,37.06200000,2054038.40000000,79915145.99620000,305431
2024-01-03,37.06400000,37.83400000,29.21000000,34.16900000,3155627.40000000,108075359.79240000,505281
2024-01-04,34.17900000,40.66600000,33.62500000,38.38900000,2684546.30000000,101384731.13210000,410975
2024-01-05,38.38300000,39.60900000,35.13600000,38.50800000,2241255.80000000,84169181.41620000,409519
2024-01-06,38.49500000,40.40400000,35.00000000,40.00000000,2561108.00000000,97004239.84940000,409661
2024-01-07,39.99100000,40.76600000,35.78000000,36.46600000,1703617.40000000,64472191.93770000,259428
2024-01-08,36.45800000,43.15000000,33.00000000,42.25100000,4305553.50000000,170913644.21820000,676372
2024-01-09,42.25200000,45.29600000,39.55200000,39.80300000,3223914.67500000,136908261.55007200,544965
2024-01-10,39.80900000,42.67900000,36.83200000,41.02000000,3467505.10000000,136115308.59880000,529521
2024-01-11,41.01700000,42.21000000,38.00000000,38.55000000,3448837.70000000,137649818.68690000,494905
2024-01-12,38.55000000,39.71200000,35.12000000,36.75600000,1870232.30000000,71031139.21140000,256524
2024-01-13,36.75700000,39.58000000,34.56800000,38.85400000,1520805.80000000,56428665.19990000,246846
2024-01-14,38.85600000,39.62500000,36.68800000,36.91000000,1775573.80000000,68265622.11200000,222788
2024-01-15,36.90700000,41.35000000,36.70000000,41.02900000,2101559.30000000,82517087.39250000,296383
2024-01-16,41.03500000,41.92300000,39.46500000,40.75600000,2191188.80000000,89482472.69770000,337908
2024-01-17,40.76000000,41.30400000,38.51800000,39.16600000,1581132.80000000,63326508.26240000,219014
2024-01-18,39.15900000,39.23800000,35.47400000,35.98600000,1659485.40000000,61900708.16640000,200779
2024-01-19,35.98700000,37.42000000,33.61000000,36.15000000,1521932.90000000,54621072.12900000,179047
2024-01-20,36.16000000,36.44000000,34.73000000,35.43000000,650103.10000000,23120708.67700000,72716
2024-01-21,35.42000000,37.34000000,34.81000000,35.95000000,898348.10000000,32684472.50200000,99016
2024-01-22,35.95000000,36.38000000,33.23000000,33.88000000,1617662.40000000,55712956.90410000,186981
2024-01-23,33.88000000,35.15000000,30.30000000,32.97000000,2378748.30000000,76923560.02810000,227743
2024-01-24,32.96000000,34.41000000,32.02000000,33.05000000,1308706.30000000,43513682.55200000,113317
2024-01-25,33.04000000,33.14000000,30.78000000,31.82000000,932826.60000000,29638764.10800000,93391
2024-01-26,31.80000000,34.56000000,31.10000000,33.72000000,1120130.90000000,37159194.78100000,98647
2024-01-27,33.74000000,35.70000000,33.59000000,35.06000000,957848.80000000,33269613.37500000,81704
2024-01-28,35.07000000,38.65500000,34.98000000,36.40000000,1906724.00000000,70337332.53360000,156659
2024-01-29,36.41000000,39.45000000,36.14000000,37.41000000,2303961.30000000,87393706.51060000,229128
2024-01-30,37.40000000,38.29000000,35.18000000,35.42000000,2455611.10000000,90263134.35600000,197132
2024-01-31,35.42000000,36.07000000,33.25000000,33.87000000,1867739.30000000,64837799.46300000,162064
2024-02-01,33.87000000,34.71000000,33.11000000,33.84000000,1210358.30000000,40964000.34200000,116769
2024-02-02,33.85000000,35.55000000,33.51000000,34.61000000,1215684.10000000,41877306.99000000,110186
2024-02-03,34.61000000,35.04000000,32.48000000,33.06000000,1039961.30000000,34764284.28200000,86368
2024-02-04,33.05000000,33.50000000,32.14000000,32.35000000,694878.60000000,22899462.78900000,65238
2024-02-05,32.35000000,33.59000000,31.40000000,31.98000000,1046258.80000000,34031194.55500000,93340
2024-02-06,31.98000000,32.64000000,30.97000000,31.20000000,1248598.00000000,39600169.44400000,96939
2024-02-07,31.20000000,33.52000000,31.12000000,32.94000000,1290360.80000000,41713539.30600000,103703
2024-02-08,32.94000000,34.18000000,32.43000000,32.73000000,1431448.80000000,47695979.29100000,113587
2024-02-09,32.73000000,35.59000000,32.73000000,34.85000000,2222728.00000000,77405203.02200000,162601
2024-02-10,34.86000000,36.10000000,33.96000000,34.95000000,1321199.40000000,46266661.92100000,106216
2024-02-11,34.95000000,36.64000000,34.66000000,35.16000000,1419443.10000000,50517490.00000000,126647
2024-02-12,35.17000000,37.19000000,34.06000000,36.75000000,2088514.60000000,74080487.35800000,180388
2024-02-13,36.75000000,37.19000000,33.85000000,34.64000000,2293837.60000000,81597428.75100000,206211
2024-02-14,34.64000000,36.14000000,34.20000000,35.42000000,1936117.80000000,68224172.76400000,148794
2024-02-15,35.42000000,36.16000000,33.19000000,34.13000000,2587657.10000000,89170872.21600000,197756
2024-02-16,34.13000000,36.02000000,33.33000000,34.49000000,3078533.50000000,106589280.97300000,255623
2024-02-17,34.50000000,37.94000000,33.48000000,37.76000000,3122002.30000000,110810081.67100000,268069
2024-02-18,37.77000000,39.71000000,36.40000000,38.88000000,3075479.30000000,117980726.40950000,274577
2024-02-19,38.88000000,39.99000000,36.65000000,37.59000000,2452802.80000000,92909697.02620000,235098
2024-02-20,37.59000000,39.36000000,33.99000000,36.43000000,2977270.30000000,109840454.21900000,289976
2024-02-21,36.46000000,36.61000000,33.55000000,35.08000000,1737894.40000000,60728199.04000000,163296
2024-02-22,35.09000000,35.53000000,33.66000000,34.15000000,1714241.40000000,59644336.82200000,141523
2024-02-23,34.14000000,34.80000000,32.00000000,32.93000000,1450030.90000000,48548328.35400000,141738
2024-02-24,32.93000000,34.96000000,32.54000000,34.65000000,850715.50000000,29072355.77400000,77481
2024-02-25,34.65000000,35.96000000,33.60000000,35.82000000,950703.60000000,33032793.51800000,88897
2024-02-26,35.83000000,37.55000000,34.80000000,36.66000000,1869626.10000000,67800962.77700000,172535
2024-02-27,36.65000000,40.60000000,35.88000000,39.96000000,2989989.80000000,113832294.71180000,275267
2024-02-28,39.96000000,43.99000000,34.89000000,43.23000000,5816174.90000000,234489756.68730000,627681
2024-02-29,43.22000000,45.88800000,39.82000000,40.90000000,4257429.10000000,184182334.17370000,528814
2024-03-01,40.91000000,45.70000000,40.57000000,45.11000000,2475518.90000000,106625589.78600000,293534
2024-03-02,45.12000000,46.49000000,42.08000000,42.74000000,1806242.00000000,78549239.99066000,219706
2024-03-03,42.74000000,42.98000000,38.00000000,40.69000000,1975388.90000000,81012245.20700000,223948
2024-03-04,40.69000000,42.00000000,38.52000000,40.60000000,2823457.00000000,113139605.92500000,285844
2024-03-05,40.59000000,42.75000000,32.00000000,37.72000000,4259063.80000000,167141332.42700000,577593
2024-03-06,37.72000000,39.65000000,35.83000000,38.86000000,2097197.60000000,80132753.26800000,252961
2024-03-07,38.87000000,44.93000000,38.83000000,42.85000000,3365968.40000000,143265431.59800000,364471
2024-03-08,42.85000000,44.51000000,40.00000000,41.43000000,1780166.10000000,75223115.26100000,225021
2024-03-09,41.44000000,42.81000000,40.44000000,40.87000000,1225196.30000000,50815049.29500000,130338
2024-03-10,40.87000000,41.33000000,38.80000000,40.11000000,1267872.00000000,51062343.11500000,129378
2024-03-11,40.12000000,44.00000000,37.81000000,42.59000000,2250726.30000000,92860848.06500000,253229
2024-03-12,42.59000000,52.17000000,41.30000000,51.85000000,6046225.95100000,286860430.51041200,742795
2024-03-13,51.86000000,52.92000000,47.57000000,48.35000000,2848882.50000000,141059259.75890000,368422
2024-03-14,48.34000000,53.00000000,45.64000000,47.90000000,4529329.40000000,222715133.66600000,652861
2024-03-15,47.91000000,48.53000000,40.15000000,44.48000000,3708895.50000000,162676407.61500000,466237
2024-03-16,44.49000000,49.00000000,39.88000000,40.72000000,2973886.20000000,131445385.26500000,362566
2024-03-17,40.72000000,43.53000000,39.17000000,42.85000000,2153970.70000000,90257907.37700000,232762
2024-03-18,42.84000000,42.84000000,37.84000000,38.43000000,2355817.20000000,94611206.22700000,238655
2024-03-19,38.40000000,39.08000000,34.10000000,35.90000000,2990574.80000000,108390933.04000000,319876
2024-03-20,35.89000000,39.46000000,34.03000000,39.14000000,2251414.10000000,82829558.28900000,241069
2024-03-21,39.13000000,39.62000000,36.79000000,37.13000000,1420996.50000000,54357695.52000000,150842
2024-03-22,37.13000000,37.77000000,34.32000000,35.28000000,1682982.40000000,60747119.98900000,157633
2024-03-23,35.28000000,36.33000000,34.74000000,35.02000000,771309.30000000,27538516.58000000,75807
2024-03-24,35.02000000,36.72000000,34.89000000,36.52000000,745484.80000000,26734839.19800000,74197
2024-03-25,36.53000000,38.41000000,35.92000000,37.86000000,1450334.30000000,54245852.12700000,134622
2024-03-26,37.86000000,41.48000000,37.75000000,39.03000000,2227697.80000000,88548138.98800000,215001
2024-03-27,39.03000000,39.64000000,37.01000000,37.92000000,1746286.70000000,67119839.86300000,173658
2024-03-28,37.91000000,38.84000000,37.12000000,38.46000000,1169851.90000000,44443454.16800000,108916
2024-03-29,38.45000000,38.61000000,36.20000000,36.67000000,929250.40000000,34617012.15800000,92022
2024-03-30,36.67000000,37.12000000,35.64000000,35.80000000,618779.40000000,22627906.11000000,54362
2024-03-31,35.81000000,37.69000000,35.68000000,36.78000000,749769.10000000,27675052.19000000,72928
2024-04-01,36.79000000,37.25000000,33.00000000,34.21000000,1685530.10000000,58584796.45100000,162148
2024-04-02,34.21000000,34.22000000,31.19000000,32.55000000,1890576.10000000,61209498.33800000,170303
2024-04-03,32.56000000,34.77000000,31.53000000,32.90000000,1581669.10000000,53294047.98900000,155192
2024-04-04,32.90000000,34.17000000,31.92000000,32.78000000,1067930.40000000,35361763.73300000,95139
2024-04-05,32.79000000,34.85000000,30.51000000,34.24000000,1380934.10000000,45032363.58100000,123449
2024-04-06,34.22000000,35.79000000,33.62000000,34.81000000,1133265.40000000,39490389.12800000,102124
2024-04-07,34.80000000,36.25000000,34.72000000,35.23000000,951638.00000000,33734023.78700000,82754
2024-04-08,35.24000000,36.46000000,34.49000000,35.63000000,1068776.00000000,38034569.19600000,97691
2024-04-09,35.64000000,35.88000000,32.89000000,33.12000000,1185654.90000000,40641912.32000000,106271
2024-04-10,33.13000000,33.83000000,31.52000000,33.26000000,1173419.70000000,38346268.56600000,105500
2024-04-11,33.26000000,33.46000000,31.55000000,31.95000000,764700.90000000,24842887.72400000,69226
2024-04-12,31.96000000,32.46000000,22.77000000,26.73000000,3818708.10000000,104330899.03820000,327303
2024-04-13,26.73000000,27.24000000,18.12000000,23.27000000,4767513.80000000,112262357.01980000,394023
2024-04-14,23.27000000,26.45000000,22.55000000,26.03000000,2969683.60000000,73122957.51700000,261616
2024-04-15,26.02000000,27.48000000,23.34000000,24.45000000,2710099.00000000,68927418.59400000,191829
2024-04-16,24.46000000,25.57000000,23.19000000,25.02000000,1697954.60000000,41424729.18200000,129715
2024-04-17,25.02000000,28.23000000,24.22000000,26.02000000,2622671.40000000,68388077.37600000,198420
2024-04-18,26.02000000,28.95000000,24.75000000,27.63000000,2145890.20000000,57596128.59900000,162416
2024-04-19,27.63000000,28.82000000,24.98000000,28.17000000,1900589.80000000,52043080.21000000,149797
2024-04-20,28.17000000,29.85000000,27.37000000,29.71000000,1319090.90000000,37478390.62600000,98705
2024-04-21,29.70000000,29.84000000,27.76000000,28.27000000,1038513.90000000,29867945.76600000,77053
2024-04-22,28.27000000,29.46000000,27.90000000,28.63000000,1048035.70000000,30015854.91700000,80217
2024-04-23,28.63000000,29.16000000,27.56000000,28.02000000,921037.20000000,26027187.28800000,74452
2024-04-24,28.02000000,29.37000000,26.14000000,26.46000000,1237676.60000000,34480089.46200000,94344
2024-04-25,26.46000000,27.10000000,25.56000000,26.51000000,698204.40000000,18371368.46900000,60637
2024-04-26,26.51000000,26.76000000,25.37000000,25.56000000,598838.70000000,15598545.20200000,50703
2024-04-27,25.56000000,26.31000000,24.68000000,25.94000000,554399.00000000,14147796.51700000,53318
2024-04-28,25.94000000,26.79000000,25.64000000,25.78000000,400081.90000000,10529154.15600000,37566
2024-04-29,25.77000000,26.21000000,24.91000000,25.84000000,675380.60000000,17204210.62040000,64240
2024-04-30,25.85000000,26.21000000,22.81000000,23.75000000,1213489.09000000,28913243.51980000,89395
2024-05-01,23.76000000,24.25000000,22.02000000,23.67000000,1480997.37000000,33968732.93260000,106346
2024-05-02,23.66000000,23.72000000,22.64000000,23.43000000,881351.20000000,20483248.38400000,63361
2024-05-03,23.43000000,25.08000000,22.95000000,24.97000000,1156902.55000000,27773067.51530000,79264
2024-05-04,24.97000000,25.26000000,24.42000000,24.65000000,578243.84000000,14325549.87680000,48709
2024-05-05,24.65000000,24.74000000,23.82000000,24.23000000,768292.83000000,18647237.40090000,58832
2024-05-06,24.23000000,26.21000000,23.84000000,25.58000000,1508408.49000000,38226463.25350000,115815
2024-05-07,25.57000000,26.30000000,24.62000000,24.72000000,1148705.36000000,29141630.74840000,93952
2024-05-08,24.71000000,25.11000000,22.89000000,23.29000000,1060592.23000000,25235210.71700000,79310
2024-05-09,23.29000000,24.30000000,22.79000000,23.99000000,771161.32000000,18115758.73400000,53980
2024-05-10,23.99000000,27.02000000,23.84000000,24.83000000,2150499.77000000,54997314.98350000,150856
2024-05-11,24.82000000,25.17000000,23.63000000,23.71000000,999561.07000000,24327991.05220000,75267
2024-05-12,23.72000000,24.14000000,23.26000000,23.50000000,400030.65000000,9503942.83870000,37219
2024-05-13,23.50000000,23.65000000,22.04000000,22.63000000,1050062.91000000,24052383.98060000,83420
2024-05-14,22.63000000,22.85000000,21.22000000,21.36000000,993530.01000000,21768660.74430000,72007
2024-05-15,21.36000000,23.93000000,21.07000000,23.61000000,1230427.12000000,27659362.94740000,86475
2024-05-16,23.60000000,24.14000000,22.73000000,23.44000000,810090.15000000,19042776.49610000,57213
2024-05-17,23.44000000,25.34000000,23.28000000,24.72000000,826123.73000000,20284896.92170000,61111
2024-05-18,24.72000000,25.30000000,24.53000000,24.98000000,556069.42000000,13854869.99890000,45579
2024-05-19,24.98000000,25.21000000,24.06000000,24.15000000,569598.40000000,14026199.75170000,42267
2024-05-20,24.15000000,28.45000000,23.74000000,28.24000000,2021174.01000000,53841474.85460000,164132
2024-05-21,28.24000000,28.96000000,27.45000000,27.64000000,1087579.89000000,30626566.09480000,86251
2024-05-22,27.64000000,27.85000000,26.81000000,27.28000000,803540.74000000,21941202.07900000,59040
2024-05-23,27.29000000,27.73000000,24.70000000,26.13000000,1359739.56000000,36028000.92430000,109271
2024-05-24,26.14000000,26.33000000,24.58000000,25.71000000,763803.58000000,19230321.43670000,55071
2024-05-25,25.71000000,26.61000000,25.25000000,25.34000000,432171.96000000,11128517.19540000,34224
2024-05-26,25.34000000,25.62000000,24.45000000,24.83000000,438535.62000000,10972022.68560000,32892
2024-05-27,24.82000000,26.50000000,24.76000000,25.75000000,786196.51000000,20192762.60810000,54996
2024-05-28,25.75000000,26.34000000,24.66000000,26.24000000,847648.28000000,21541653.43040000,75712
2024-05-29,26.25000000,27.07000000,25.96000000,26.42000000,1163206.50000000,30780327.61920000,81882
2024-05-30,26.43000000,27.20000000,24.91000000,24.91000000,1011107.14000000,26155168.36560000,74373
2024-05-31,24.92000000,25.53000000,24.25000000,24.42000000,766739.93000000,19030562.20750000,59124
2024-06-01,24.42000000,24.71000000,24.11000000,24.51000000,336704.22000000,8210926.37680000,29139
2024-06-02,24.50000000,24.89000000,23.85000000,24.23000000,465262.81000000,11380094.17330000,36555
2024-06-03,24.23000000,25.97000000,23.89000000,24.97000000,700810.01000000,17706342.30810000,56942
2024-06-04,24.98000000,25.98000000,24.16000000,25.26000000,798228.23000000,19979034.41440000,68932
2024-06-05,25.25000000,27.13000000,25.19000000,26.79000000,973237.18000000,25649559.22360000,74900
2024-06-06,26.80000000,28.65000000,26.02000000,28.06000000,1391765.16000000,38553856.88450000,115727
2024-06-07,28.07000000,30.99000000,25.78000000,27.90000000,4031644.64000000,116077528.80590000,319326
2024-06-08,27.91000000,30.84000000,26.68000000,26.79000000,3499003.97000000,101515641.48550000,281216
2024-06-09,26.79000000,29.31000000,26.62000000,27.81000000,1471576.60000000,41375470.20490000,129731
2024-06-10,27.81000000,29.71000000,26.55000000,29.33000000,2179390.44000000,61795139.66540000,158487
2024-06-11,29.33000000,29.83000000,25.51000000,27.19000000,3135279.44000000,87660147.66850000,248943
2024-06-12,27.19000000,32.99000000,26.84000000,31.24000000,4092696.24000000,124234542.64620000,354546
2024-06-13,31.24000000,31.76000000,28.40000000,28.84000000,2727154.00000000,82097559.16100000,262912
2024-06-14,28.84000000,29.36000000,25.63000000,26.20000000,2531073.97000000,69651239.79470000,222432
2024-06-15,26.18000000,26.64000000,25.21000000,25.42000000,1217350.50000000,31619816.70780000,101208
2024-06-16,25.41000000,25.49000000,24.42000000,25.06000000,913041.23000000,22830778.91500000,72044
2024-06-17,25.06000000,25.34000000,21.00000000,21.63000000,2958556.49000000,66888993.78400000,201983
2024-06-18,21.63000000,21.76000000,18.60000000,20.47000000,3245269.52000000,65299222.84540000,218506
2024-06-19,20.46000000,21.57000000,20.04000000,21.22000000,1803471.52000000,37692363.13910000,114765
2024-06-20,21.22000000,23.25000000,20.62000000,20.77000000,2316203.63000000,50310185.57360000,147692
2024-06-21,20.77000000,21.87000000,20.11000000,21.33000000,1492872.18000000,31425808.47920000,116776
2024-06-22,21.32000000,21.37000000,20.82000000,20.99000000,736744.63000000,15527805.43280000,51640
2024-06-23,21.00000000,21.51000000,20.00000000,20.26000000,730550.43000000,15178810.81380000,52781
2024-06-24,20.26000000,22.80000000,19.46000000,22.71000000,2419712.23000000,50985012.55940000,157078
2024-06-25,22.73000000,23.50000000,22.39000000,23.43000000,1143189.05000000,26330682.81990000,82338
2024-06-26,23.43000000,23.81000000,22.48000000,23.04000000,1034761.21000000,23835895.08150000,67476
2024-06-27,23.05000000,24.27000000,22.70000000,23.24000000,1116109.13000000,26196950.68010000,83245
2024-06-28,23.24000000,23.47000000,22.63000000,23.07000000,797499.04000000,18418233.52970000,57527
2024-06-29,23.07000000,23.76000000,22.69000000,22.83000000,450556.97000000,10421015.91320000,35446
2024-06-30,22.81000000,23.80000000,22.01000000,23.53000000,740222.18000000,16896301.34480000,59161
2024-07-01,23.53000000,24.10000000,22.52000000,22.55000000,689890.38000000,16121622.90650000,59763
2024-07-02,22.55000000,23.63000000,22.28000000,23.35000000,584258.34000000,13280108.44310000,48026
2024-07-03,23.35000000,23.56000000,20.94000000,21.49000000,1041515.48000000,22780689.29410000,80954
2024-07-04,21.49000000,21.69000000,19.37000000,19.84000000,1275758.97000000,26007407.38790000,101557
2024-07-05,19.82000000,19.90000000,16.83000000,18.94000000,2833318.73000000,51749098.48440000,175237
2024-07-06,18.94000000,20.43000000,18.57000000,20.17000000,763289.42000000,14897915.40960000,54767
2024-07-07,20.16000000,20.18000000,18.53000000,18.62000000,736895.12000000,14228309.05100000,69344
2024-07-08,18.63000000,20.50000000,17.72000000,19.75000000,1318673.35000000,25565197.32450000,107217
2024-07-09,19.74000000,21.67000000,19.38000000,20.89000000,1017865.19000000,20729440.10900000,80917
2024-07-10,20.88000000,21.44000000,20.36000000,20.56000000,791023.23000000,16450799.05330000,67631
2024-07-11,20.56000000,21.26000000,19.54000000,19.60000000,785690.21000000,16073865.02490000,77899
2024-07-12,19.60000000,20.09000000,19.08000000,19.77000000,581193.32000000,11402780.92390000,59496
2024-07-13,19.78000000,20.75000000,19.68000000,20.26000000,513738.10000000,10368042.29320000,46917
2024-07-14,20.26000000,21.72000000,20.22000000,21.64000000,522558.57000000,10875248.80300000,40766
2024-07-15,21.62000000,23.14000000,21.52000000,22.99000000,917769.04000000,20381693.26700000,72925
2024-07-16,22.99000000,24.94000000,22.60000000,24.90000000,1708788.71000000,40385262.00640000,136030
2024-07-17,24.91000000,26.77000000,24.85000000,25.64000000,1924703.36000000,49702927.51120000,166902
2024-07-18,25.65000000,27.10000000,25.03000000,26.92000000,991994.09000000,25719407.72560000,130929
2024-07-19,26.91000000,27.42000000,25.61000000,26.40000000,1199731.81000000,31701630.10700000,152419
2024-07-20,26.40000000,28.11000000,26.21000000,27.61000000,947057.80000000,25806148.83060000,108376
2024-07-21,27.61000000,28.02000000,26.19000000,27.47000000,839157.35000000,22893405.57230000,94647
2024-07-22,27.46000000,27.55000000,25.68000000,25.79000000,856614.42000000,22698243.40610000,85921
2024-07-23,25.80000000,26.15000000,23.58000000,24.07000000,1356308.37000000,33523557.52790000,111923
2024-07-24,24.07000000,25.85000000,23.71000000,23.91000000,889904.86000000,22046486.67010000,77004
2024-07-25,23.91000000,24.65000000,22.85000000,23.83000000,1223358.18000000,29003834.56180000,94880
2024-07-26,23.83000000,26.18000000,23.77000000,25.77000000,1001324.02000000,25356357.50210000,88574
2024-07-27,25.77000000,26.12000000,24.16000000,25.31000000,1079036.90000000,27243177.66420000,85862
2024-07-28,25.31000000,25.45000000,23.97000000,24.22000000,473844.57000000,11678706.28660000,45258
2024-07-29,24.22000000,26.09000000,24.14000000,24.16000000,919968.07000000,23110192.80730000,73559
2024-07-30,24.16000000,24.82000000,22.86000000,23.18000000,690741.57000000,16551653.46050000,56488
2024-07-31,23.18000000,23.62000000,21.92000000,21.96000000,766684.90000000,17505992.51210000,66743
2024-08-01,21.97000000,22.35000000,20.11000000,21.67000000,1345738.36000000,28569711.49500000,114535
2024-08-02,21.66000000,21.80000000,19.45000000,19.76000000,1315000.04000000,27068484.23250000,108439
2024-08-03,19.76000000,20.05000000,17.87000000,18.50000000,1011703.89000000,19202944.36890000,82217
2024-08-04,18.50000000,18.73000000,16.74000000,17.65000000,1437366.48000000,25575039.89390000,98008
2024-08-05,17.65000000,17.94000000,13.51000000,15.32000000,4567013.33000000,69092260.65610000,292682
2024-08-06,15.33000000,16.98000000,15.31000000,16.05000000,1573453.46000000,25640421.12230000,111251
2024-08-07,16.05000000,16.67000000,14.62000000,14.93000000,1444040.41000000,22762630.20770000,100698
2024-08-08,14.93000000,18.50000000,14.64000000,18.37000000,1489727.39000000,24456493.47760000,105430
2024-08-09,18.36000000,18.46000000,17.08000000,18.16000000,1322066.81000000,23439148.02220000,106593
2024-08-10,18.16000000,19.41000000,17.55000000,19.25000000,1159076.98000000,21652387.33590000,100234
2024-08-11,19.24000000,19.41000000,17.61000000,17.66000000,877673.13000000,16346063.52760000,83610
2024-08-12,17.66000000,19.30000000,17.59000000,18.52000000,1130567.09000000,20820876.27220000,102357
2024-08-13,18.53000000,19.58000000,18.04000000,19.45000000,1038658.09000000,19583233.42730000,114138
2024-08-14,19.45000000,19.93000000,18.58000000,18.67000000,829641.65000000,15915577.46180000,67849
2024-08-15,18.68000000,19.26000000,17.77000000,18.13000000,1124216.41000000,20784869.25350000,104289
2024-08-16,18.13000000,19.25000000,17.28000000,17.88000000,1206816.05000000,21919736.39150000,84187
2024-08-17,17.88000000,18.65000000,17.77000000,18.62000000,369889.14000000,6741264.08640000,34656
2024-08-18,18.62000000,18.79000000,17.83000000,17.85000000,478480.52000000,8816906.01440000,45666
2024-08-19,17.85000000,18.20000000,17.51000000,18.16000000,577739.26000000,10313059.52450000,49521
2024-08-20,18.16000000,19.15000000,17.98000000,18.42000000,850040.42000000,15818318.33330000,94747
2024-08-21,18.42000000,19.86000000,18.21000000,19.67000000,754409.74000000,14377514.22490000,85022
2024-08-22,19.67000000,20.66000000,19.39000000,20.06000000,842668.47000000,16903144.27310000,101230
2024-08-23,20.06000000,22.37000000,20.04000000,22.17000000,1129426.99000000,23852654.26570000,193010
2024-08-24,22.16000000,22.98000000,21.67000000,22.19000000,797806.72000000,17723559.84510000,121527
2024-08-25,22.20000000,22.89000000,20.95000000,22.37000000,890221.85000000,19347245.23430000,152097
2024-08-26,22.38000000,22.76000000,20.57000000,20.65000000,826492.87000000,17716358.48400000,152581
2024-08-27,20.64000000,21.30000000,18.77000000,19.00000000,1446275.08000000,29155650.74320000,241096
2024-08-28,19.00000000,19.31000000,17.57000000,17.95000000,1608114.55000000,29771843.83780000,256319
2024-08-29,17.95000000,18.67000000,17.21000000,17.46000000,787418.14000000,14218917.66320000,107149
2024-08-30,17.45000000,18.06000000,16.60000000,17.40000000,845263.13000000,14680222.12660000,126811
2024-08-31,17.40000000,17.63000000,17.01000000,17.26000000,264229.61000000,4584927.85920000,42593
2024-09-01,17.26000000,17.34000000,16.24000000,16.43000000,598047.97000000,10070872.02510000,88596
2024-09-02,16.42000000,17.48000000,16.34000000,17.18000000,765600.96000000,12914195.11810000,73607
2024-09-03,17.17000000,17.53000000,15.80000000,15.87000000,992838.10000000,16606482.84990000,103038
2024-09-04,15.87000000,17.64000000,15.01000000,17.32000000,1643947.17000000,27196296.12360000,191906
2024-09-05,17.31000000,17.47000000,16.73000000,17.01000000,756538.22000000,12927291.46240000,87080
2024-09-06,17.01000000,17.37000000,15.58000000,16.19000000,1306775.06000000,21682334.24900000,128743
2024-09-07,16.19000000,16.65000000,15.82000000,16.02000000,508190.31000000,8260571.13110000,56997
2024-09-08,16.02000000,16.63000000,15.91000000,16.25000000,520570.90000000,8470907.68560000,63419
2024-09-09,16.25000000,17.63000000,16.03000000,17.29000000,1045137.07000000,17499614.51180000,114149
2024-09-10,17.30000000,18.48000000,16.96000000,18.18000000,978562.02000000,17455291.64010000,99789
2024-09-11,18.18000000,19.03000000,17.61000000,18.74000000,1465612.98000000,26810786.24340000,150381
2024-09-12,18.73000000,19.48000000,18.70000000,19.35000000,957385.02000000,18310716.94860000,103809
2024-09-13,19.35000000,20.11000000,18.44000000,19.82000000,1346078.52000000,25744362.58250000,98749
2024-09-14,19.81000000,20.13000000,19.20000000,19.61000000,626426.24000000,12250148.35740000,47908
2024-09-15,19.62000000,20.20000000,18.49000000,18.66000000,1120603.93000000,21950831.32650000,79595
2024-09-16,18.66000000,18.95000000,17.78000000,18.00000000,924496.36000000,16896619.28460000,68596
2024-09-17,18.01000000,20.16000000,17.72000000,19.50000000,1158900.77000000,21943710.60130000,78221
2024-09-18,19.50000000,19.84000000,18.17000000,19.81000000,1023982.72000000,19415524.75120000,81600
2024-09-19,19.83000000,21.06000000,19.76000000,20.44000000,1423282.57000000,29234577.81790000,83828
2024-09-20,20.45000000,21.44000000,20.09000000,21.07000000,1074279.22000000,22396482.42770000,70970
2024-09-21,21.06000000,21.69000000,20.48000000,21.17000000,559534.64000000,11764720.10920000,41612
2024-09-22,21.17000000,21.92000000,20.54000000,21.69000000,1120910.24000000,23745589.51520000,75690
2024-09-23,21.70000000,22.57000000,21.09000000,22.44000000,1253954.80000000,27605479.72890000,102626
2024-09-24,22.44000000,23.10000000,21.41000000,21.85000000,1194029.88000000,26439979.33820000,96886
2024-09-25,21.86000000,23.24000000,21.21000000,22.48000000,2158314.66000000,47535825.18710000,156085
2024-09-26,22.48000000,23.78000000,22.07000000,23.05000000,1908028.47000000,44082534.49330000,167692
2024-09-27,23.04000000,23.88000000,22.72000000,23.60000000,1106314.19000000,25766126.35800000,108557
2024-09-28,23.61000000,23.99000000,22.48000000,22.85000000,620686.51000000,14384243.44110000,75082
2024-09-29,22.85000000,23.75000000,22.22000000,23.24000000,618264.29000000,14154796.84300000,82631
2024-09-30,23.25000000,23.90000000,22.37000000,22.89000000,1107480.31000000,25690937.62030000,128913
2024-10-01,22.87000000,24.91000000,20.13000000,20.70000000,2270951.02000000,51108406.49370000,203281
2024-10-02,20.69000000,22.38000000,19.79000000,20.19000000,1634885.92000000,34504459.71100000,136606
2024-10-03,20.18000000,20.54000000,18.52000000,19.04000000,1590747.13000000,30796458.96480000,90060
2024-10-04,19.03000000,20.59000000,18.88000000,20.37000000,1005206.82000000,19996641.62060000,60035
2024-10-05,20.38000000,20.53000000,19.56000000,19.89000000,412795.17000000,8300351.89320000,34717
2024-10-06,19.90000000,20.86000000,19.64000000,20.76000000,421533.30000000,8569456.64890000,33793
2024-10-07,20.77000000,21.75000000,20.37000000,20.55000000,1006940.27000000,21244466.28310000,75236
2024-10-08,20.55000000,20.86000000,19.21000000,19.51000000,1201323.93000000,23819075.51560000,79908
2024-10-09,19.51000000,20.09000000,19.04000000,19.31000000,716382.66000000,14084287.30710000,54726
2024-10-10,19.30000000,19.79000000,18.54000000,19.24000000,875290.87000000,16754322.64010000,52571
2024-10-11,19.24000000,20.63000000,19.09000000,20.43000000,680001.63000000,13571558.62290000,43717
2024-10-12,20.44000000,21.05000000,20.33000000,20.39000000,641007.23000000,13247104.40640000,43659
2024-10-13,20.40000000,20.69000000,19.64000000,20.33000000,693865.85000000,14005729.14370000,50278
2024-10-14,20.32000000,22.00000000,20.04000000,21.74000000,1189369.22000000,25442678.56170000,80809
2024-10-15,21.74000000,22.35000000,20.73000000,21.39000000,1529535.74000000,32943600.02860000,105769
2024-10-16,21.40000000,21.50000000,20.57000000,20.89000000,862240.77000000,18070904.12080000,51549
2024-10-17,20.90000000,23.95000000,20.30000000,21.35000000,3726108.98000000,82968204.64700000,243239
2024-10-18,21.34000000,22.34000000,20.95000000,22.06000000,1034844.79000000,22535949.43520000,54667
2024-10-19,22.07000000,22.32000000,21.65000000,22.24000000,514803.73000000,11309048.01260000,35552
2024-10-20,22.24000000,22.52000000,21.65000000,22.17000000,830671.54000000,18335417.84580000,45757
2024-10-21,22.17000000,22.39000000,21.05000000,21.27000000,833321.50000000,18046055.17050000,44204
2024-10-22,21.26000000,21.61000000,20.66000000,20.95000000,660895.52000000,13902305.14840000,36762
2024-10-23,20.96000000,21.01000000,19.53000000,20.16000000,661260.21000000,13359806.93640000,40194
2024-10-24,20.16000000,20.58000000,19.80000000,20.41000000,478536.33000000,9700572.30140000,29466
2024-10-25,20.41000000,20.50000000,17.14000000,18.20000000,1266045.09000000,24068511.48320000,68780
2024-10-26,18.20000000,18.81000000,17.92000000,18.38000000,714111.07000000,13153013.11210000,33685
2024-10-27,18.39000000,19.13000000,18.26000000,18.99000000,371206.63000000,6912830.66640000,18251
2024-10-28,18.99000000,19.39000000,18.22000000,19.22000000,572436.64000000,10775285.09270000,51302
2024-10-29,19.23000000,20.51000000,19.19000000,20.30000000,838878.42000000,16810930.09240000,46365
2024-10-30,20.30000000,20.33000000,19.40000000,19.86000000,645166.91000000,12815614.14700000,38650
2024-10-31,19.86000000,19.92000000,18.77000000,19.04000000,611962.62000000,11800003.50260000,31837
2024-11-01,19.04000000,19.81000000,18.38000000,18.73000000,696113.44000000,13227363.62350000,37255
2024-11-02,18.73000000,18.88000000,17.75000000,17.97000000,568937.96000000,10377197.79080000,37610
2024-11-03,17.96000000,18.03000000,16.12000000,16.88000000,1226694.96000000,20669871.99260000,69892
2024-11-04,16.87000000,17.20000000,16.00000000,16.37000000,743135.57000000,12353198.05290000,47055
2024-11-05,16.36000000,17.62000000,16.33000000,17.32000000,952041.62000000,16331998.83170000,49271
2024-11-06,17.32000000,21.47000000,17.32000000,21.22000000,3503729.91000000,70488665.66300000,203513
2024-11-07,21.22000000,21.92000000,20.55000000,21.62000000,1055954.46000000,22479086.62450000,85968
2024-11-08,21.62000000,22.99000000,21.60000000,22.42000000,1415513.96000000,31641915.92530000,103025
2024-11-09,22.42000000,23.85000000,21.83000000,23.80000000,1017005.27000000,22952376.57080000,79525
2024-11-10,23.81000000,26.48000000,23.21000000,25.75000000,2926226.98000000,73482377.47640000,234789
2024-11-11,25.75000000,27.07000000,24.83000000,26.87000000,2340505.28000000,61276383.03200000,193587
2024-11-12,26.86000000,26.89000000,23.25000000,24.50000000,3056440.56000000,76319111.03430000,247433
2024-11-13,24.48000000,27.06000000,22.30000000,24.14000000,3514498.96000000,85721470.51320000,245046
2024-11-14,24.16000000,25.85000000,22.88000000,23.27000000,1562295.82000000,37934219.17990000,128035
2024-11-15,23.27000000,24.98000000,22.45000000,24.64000000,1184625.41000000,27965434.32800000,99717
2024-11-16,24.65000000,26.00000000,24.25000000,25.87000000,1354892.10000000,34188411.71720000,126024
2024-11-17,25.87000000,27.20000000,24.24000000,24.55000000,1757454.58000000,45332980.84030000,168607
2024-11-18,24.56000000,25.97000000,24.16000000,25.68000000,1654455.54000000,41775836.55760000,132795
2024-11-19,25.67000000,26.21000000,23.99000000,24.40000000,1346885.92000000,33568802.20750000,112665
2024-11-20,24.40000000,25.24000000,22.91000000,23.22000000,1478008.37000000,35422176.43640000,142784
2024-11-21,23.22000000,25.28000000,22.45000000,25.04000000,1761304.17000000,42300692.63810000,145905
2024-11-22,25.05000000,26.62000000,23.93000000,26.58000000,1808813.38000000,45217075.47000000,161865
2024-11-23,26.59000000,29.36000000,26.22000000,27.82000000,3493235.45000000,98557318.21600000,336990
2024-11-24,27.82000000,28.90000000,25.49000000,28.43000000,2293463.74000000,62465796.00020000,205272
2024-11-25,28.44000000,29.71000000,26.14000000,26.92000000,2434138.63000000,68612100.20590000,253252
2024-11-26,26.91000000,31.10000000,26.43000000,30.81000000,4378362.83000000,125737400.24650000,386035
2024-11-27,30.80000000,31.50000000,28.64000000,29.78000000,2147043.72000000,64036283.74830000,176848
2024-11-28,29.77000000,30.14000000,28.00000000,29.39000000,1374070.77000000,39960553.94460000,129386
2024-11-29,29.39000000,30.52000000,29.13000000,30.32000000,1196334.09000000,35717083.43490000,120924
2024-11-30,30.32000000,31.45000000,29.46000000,31.17000000,1274810.41000000,38712706.17480000,143398
2024-12-01,31.17000000,31.84000000,29.38000000,29.99000000,1078014.01000000,32719973.09340000,142454
2024-12-02,29.99000000,31.86000000,28.10000000,31.82000000,2638492.64000000,79199037.02690000,290235
2024-12-03,31.82000000,33.90000000,29.80000000,33.34000000,3051140.74000000,97755149.75030000,366763
2024-12-04,33.35000000,33.84000000,31.35000000,31.83000000,1993842.32000000,65459385.95020000,191437
2024-12-05,31.83000000,35.00000000,30.23000000,32.25000000,3097833.68000000,101803702.03440000,258026
2024-12-06,32.25000000,35.26000000,31.90000000,34.02000000,2385235.41000000,81347516.30280000,239070
2024-12-07,34.03000000,34.68000000,32.60000000,32.97000000,1493533.60000000,50194023.28520000,141830
2024-12-08,32.98000000,33.41000000,32.12000000,33.27000000,925127.69000000,30339915.21340000,97208
2024-12-09,33.28000000,33.34000000,24.00000000,28.00000000,3438163.35000000,99962091.71680000,320381
2024-12-10,28.00000000,28.59000000,25.00000000,27.06000000,2755117.77000000,73763227.97760000,409500
2024-12-11,27.06000000,29.05000000,26.09000000,28.82000000,1019068.94000000,28487690.95820000,97467
2024-12-12,28.83000000,30.80000000,28.48000000,29.09000000,1234984.72000000,36728441.97590000,134891
2024-12-13,29.09000000,29.42000000,28.24000000,29.24000000,747827.86000000,21600387.66580000,86687
2024-12-14,29.25000000,29.62000000,26.85000000,27.43000000,710231.50000000,19854917.88110000,72438
2024-12-15,27.43000000,28.73000000,26.58000000,28.59000000,563349.61000000,15582697.38120000,68534
2024-12-16,28.60000000,29.45000000,27.48000000,28.47000000,1050900.69000000,30053740.78720000,115254
2024-12-17,28.47000000,29.34000000,26.58000000,26.88000000,1312996.64000000,36934798.97770000,129304
2024-12-18,26.89000000,27.67000000,24.18000000,24.48000000,1818237.22000000,47301165.41610000,178187
2024-12-19,24.47000000,24.80000000,21.00000000,21.84000000,2706083.61000000,61713964.28520000,233068
2024-12-20,21.85000000,23.48000000,18.49000000,22.13000000,3563338.07000000,72338388.07510000,269248
2024-12-21,22.13000000,23.55000000,20.07000000,20.50000000,1719699.66000000,37054673.19030000,124832
2024-12-22,20.51000000,21.17000000,19.77000000,20.42000000,947292.15000000,19432778.20870000,68628
2024-12-23,20.43000000,23.79000000,19.98000000,23.10000000,1488156.05000000,31964701.38800000,115447
2024-12-24,23.10000000,23.82000000,22.25000000,23.30000000,1062901.81000000,24417172.63180000,82174
2024-12-25,23.31000000,23.73000000,22.27000000,22.57000000,737226.67000000,16909678.31860000,59020
2024-12-26,22.56000000,22.94000000,20.93000000,21.21000000,777038.45000000,16746397.65730000,70770
2024-12-27,21.21000000,22.11000000,20.62000000,20.77000000,982477.32000000,20875175.25810000,70434
2024-12-28,20.78000000,21.52000000,20.34000000,21.31000000,669600.41000000,13925026.78980000,44009
2024-12-29,21.31000000,21.37000000,20.05000000,20.31000000,588642.12000000,12125490.73020000,42784
2024-12-30,20.31000000,21.00000000,19.55000000,20.07000000,864740.44000000,17553440.50480000,55593
2024-12-31,20.07000000,20.52000000,19.51000000,19.62000000,691513.64000000,13803109.57360000,42363
2025-01-01,19.62000000,20.86000000,19.04000000,20.55000000,649698.30000000,12879187.71450000,40930
2025-01-02,20.54000000,22.19000000,20.52000000,21.73000000,812072.95000000,17466230.82530000,66558
2025-01-03,21.74000000,23.28000000,21.45000000,23.05000000,883920.78000000,19772711.93770000,66221
2025-01-04,23.05000000,23.92000000,22.67000000,23.59000000,705338.41000000,16333872.22760000,52020
2025-01-05,23.60000000,25.80000000,22.67000000,25.41000000,1087649.10000000,26117055.23000000,80322
2025-01-06,25.42000000,26.70000000,24.87000000,25.96000000,1952039.22000000,50545854.31690000,135579
2025-01-07,25.95000000,26.48000000,23.66000000,23.80000000,1677817.25000000,42017068.82810000,113790
2025-01-08,23.80000000,24.55000000,20.47000000,21.85000000,1813572.42000000,40380993.00240000,191219
2025-01-09,21.84000000,22.20000000,20.79000000,21.07000000,1522305.15000000,32507393.11650000,158984
2025-01-10,21.07000000,21.84000000,20.67000000,21.57000000,1359176.57000000,28961773.59480000,136799
2025-01-11,21.57000000,21.93000000,20.85000000,21.34000000,655414.83000000,13972635.74560000,70293
2025-01-12,21.35000000,21.62000000,20.45000000,20.84000000,639059.57000000,13462479.14270000,58481
2025-01-13,20.85000000,21.46000000,18.51000000,20.09000000,1626361.90000000,31847359.86190000,153501
2025-01-14,20.10000000,21.24000000,20.01000000,21.18000000,945314.83000000,19546390.56140000,87556
2025-01-15,21.19000000,23.44000000,20.85000000,23.10000000,1436446.60000000,31760208.78640000,150546
2025-01-16,23.10000000,23.32000000,22.21000000,22.72000000,1045328.58000000,23799040.16210000,118213
2025-01-17,22.72000000,26.05000000,22.72000000,24.73000000,1867719.06000000,46227680.15940000,193443
2025-01-18,24.74000000,25.10000000,23.25000000,23.91000000,1379106.63000000,33431134.08910000,155136
2025-01-19,23.91000000,24.28000000,20.24000000,20.69000000,2598128.04000000,57519455.03140000,290211
2025-01-20,20.69000000,23.78000000,19.80000000,21.61000000,3629138.49000000,79259827.18170000,431864
2025-01-21,21.60000000,23.19000000,20.11000000,22.80000000,1556556.62000000,33497723.28260000,177683
2025-01-22,22.79000000,23.10000000,21.25000000,21.47000000,879539.11000000,19188270.62700000,95729
2025-01-23,21.47000000,21.88000000,20.33000000,20.83000000,1303393.50000000,27321446.76420000,134096
2025-01-24,20.83000000,21.89000000,20.19000000,20.76000000,1081964.42000000,22999907.87000000,115428
2025-01-25,20.76000000,21.17000000,20.32000000,20.65000000,768368.06000000,15884967.10440000,86472
2025-01-26,20.65000000,21.42000000,20.10000000,20.14000000,881857.44000000,18359540.67060000,90533
2025-01-27,20.13000000,20.28000000,18.07000000,19.17000000,2533533.90000000,47985033.56850000,196287
2025-01-28,19.17000000,19.43000000,17.31000000,17.60000000,1169423.76000000,21699792.72440000,92919
2025-01-29,17.60000000,19.08000000,17.55000000,18.39000000,1224200.85000000,22442664.50940000,108593
2025-01-30,18.40000000,20.35000000,18.17000000,19.92000000,1094909.19000000,21491138.47040000,91930
2025-01-31,19.92000000,21.20000000,19.67000000,20.27000000,1077204.09000000,21992964.09650000,103002
2025-02-01,20.27000000,20.58000000,18.10000000,18.28000000,886417.12000000,17026230.83580000,92373
2025-02-02,18.27000000,18.86000000,14.75000000,15.52000000,2807989.91000000,47043288.17500000,205781
2025-02-03,15.53000000,16.30000000,11.26000000,16.05000000,7019028.05000000,97473057.43610000,421912
2025-02-04,16.04000000,16.16000000,13.75000000,14.35000000,2679430.63000000,38945786.50210000,183355
2025-02-05,14.35000000,14.95000000,13.78000000,13.99000000,1133699.35000000,16327401.35060000,103422
2025-02-06,14.00000000,14.39000000,12.93000000,13.12000000,1621607.37000000,22132821.41080000,115768
2025-02-07,13.11000000,14.76000000,12.90000000,13.49000000,1798831.94000000,24783097.81260000,123502
2025-02-08,13.48000000,13.97000000,12.82000000,13.81000000,1202956.15000000,15998901.24370000,72350
2025-02-09,13.81000000,14.36000000,13.02000000,13.72000000,1313262.16000000,18029207.88110000,80414
2025-02-10,13.71000000,15.15000000,13.39000000,14.56000000,2048918.15000000,29642223.29400000,129074
2025-02-11,14.57000000,15.62000000,14.02000000,14.25000000,1378969.84000000,20496324.45880000,93469
2025-02-12,14.24000000,15.05000000,13.45000000,14.91000000,1511330.91000000,21383677.27450000,108821
2025-02-13,14.92000000,15.39000000,14.60000000,15.12000000,1077648.13000000,16180962.42940000,89901
2025-02-14,15.12000000,15.84000000,14.92000000,15.37000000,1168498.22000000,17929032.87450000,91845
2025-02-15,15.38000000,15.88000000,14.80000000,15.29000000,897859.17000000,13735016.56670000,81194
2025-02-16,15.29000000,15.37000000,14.55000000,14.90000000,665735.61000000,10000548.91170000,57164
2025-02-17,14.90000000,16.24000000,14.70000000,14.96000000,1461674.80000000,22520262.98810000,110061
2025-02-18,14.96000000,14.98000000,13.25000000,13.89000000,1316897.50000000,18460789.94400000,79868
2025-02-19,13.90000000,15.26000000,13.59000000,14.90000000,1166667.95000000,17035977.85190000,79086
2025-02-20,14.91000000,15.87000000,14.77000000,15.70000000,1431061.24000000,22175173.35280000,96606
2025-02-21,15.70000000,16.85000000,15.01000000,15.26000000,1798990.55000000,28804375.81830000,135396
2025-02-22,15.26000000,15.69000000,15.05000000,15.29000000,779091.52000000,11929081.24850000,54333
2025-02-23,15.29000000,16.15000000,15.20000000,16.14000000,882843.61000000,13844536.32580000,73257
2025-02-24,16.14000000,16.29000000,13.61000000,13.85000000,2021156.98000000,30044147.85710000,137070
2025-02-25,13.85000000,14.21000000,12.68000000,13.54000000,2365640.02000000,31487565.42210000,166405
2025-02-26,13.54000000,13.84000000,12.40000000,12.98000000,1503339.85000000,19762586.76600000,99437
2025-02-27,12.98000000,13.83000000,12.85000000,13.57000000,854960.53000000,11529100.56900000,70844
2025-02-28,13.57000000,13.63000000,12.09000000,13.32000000,1922912.17000000,24485464.66160000,127787
2025-03-01,13.32000000,13.52000000,12.56000000,13.03000000,811775.49000000,10530251.61400000,55946
2025-03-02,13.02000000,14.42000000,12.57000000,14.34000000,1680189.13000000,22938637.73260000,130805
2025-03-03,14.35000000,14.38000000,11.79000000,11.98000000,1940181.50000000,25493352.15810000,145394
2025-03-04,11.97000000,12.03000000,10.08000000,11.08000000,3415092.80000000,37519111.01350000,162948
2025-03-05,11.09000000,12.15000000,10.88000000,12.09000000,1366089.66000000,15868944.76670000,63710
2025-03-06,12.08000000,12.75000000,11.54000000,11.88000000,1659192.53000000,20115979.98720000,84388
2025-03-07,11.88000000,12.16000000,11.25000000,11.48000000,1357553.56000000,15972946.45530000,100158
2025-03-08,11.48000000,11.48000000,10.92000000,11.29000000,726517.54000000,8169454.93880000,50726
2025-03-09,11.29000000,11.37000000,9.31000000,9.47000000,2036267.14000000,20584524.89630000,94814
2025-03-10,9.48000000,10.34000000,8.74000000,8.79000000,3009294.40000000,28926486.54660000,144008
2025-03-11,8.80000000,9.56000000,8.14000000,9.11000000,2972277.00000000,26846636.12820000,129716
2025-03-12,9.11000000,10.04000000,8.83000000,9.66000000,2208541.84000000,20856653.19280000,95310
2025-03-13,9.66000000,9.72000000,8.93000000,9.27000000,1549584.76000000,14359302.17020000,75528
2025-03-14,9.27000000,10.31000000,9.24000000,9.96000000,1265360.35000000,12463587.73700000,65052
2025-03-15,9.97000000,10.40000000,9.88000000,10.17000000,722106.94000000,7331303.85290000,42668
2025-03-16,10.18000000,10.27000000,9.47000000,9.59000000,891656.36000000,8745759.65400000,51486
2025-03-17,9.59000000,10.31000000,9.57000000,9.96000000,1138702.83000000,11284151.23300000,63207
2025-03-18,9.97000000,9.98000000,9.29000000,9.66000000,1012750.99000000,9725661.34610000,57303
2025-03-19,9.66000000,10.29000000,9.56000000,10.23000000,1565209.34000000,15620692.00190000,84483
2025-03-20,10.24000000,10.35000000,9.68000000,9.91000000,940349.24000000,9336404.34800000,49693
2025-03-21,9.90000000,10.13000000,9.42000000,9.69000000,670932.65000000,6535970.70240000,35024
2025-03-22,9.69000000,10.06000000,9.60000000,9.90000000,637966.39000000,6301814.62650000,33555
2025-03-23,9.91000000,10.11000000,9.61000000,9.95000000,532997.81000000,5265136.72250000,28713
2025-03-24,9.96000000,10.68000000,9.78000000,10.50000000,1116382.06000000,11626231.63220000,57963
2025-03-25,10.51000000,10.81000000,10.23000000,10.66000000,877499.66000000,9290269.04410000,47462
2025-03-26,10.65000000,11.12000000,10.44000000,10.52000000,1769063.69000000,19122149.71350000,82814
2025-03-27,10.52000000,10.72000000,10.24000000,10.33000000,773775.19000000,8103572.61430000,40946
2025-03-28,10.34000000,10.34000000,9.12000000,9.22000000,1372337.39000000,13146484.67960000,52662
2025-03-29,9.22000000,9.30000000,8.53000000,8.66000000,903489.00000000,8011129.49400000,43889
2025-03-30,8.66000000,9.05000000,8.51000000,8.69000000,892522.30000000,7864285.66730000,35912
2025-03-31,8.70000000,8.88000000,8.36000000,8.72000000,814443.97000000,7070088.02090000,37593
2025-04-01,8.71000000,9.17000000,8.65000000,8.95000000,795318.01000000,7115164.09630000,32416
2025-04-02,8.95000000,9.14000000,8.18000000,8.34000000,1216205.11000000,10653959.13230000,65360
2025-04-03,8.34000000,8.71000000,7.95000000,8.41000000,760685.83000000,6330870.61420000,37199
2025-04-04,8.41000000,8.62000000,8.01000000,8.31000000,622791.61000000,5168982.35600000,37559
2025-04-05,8.31000000,8.40000000,8.07000000,8.27000000,327782.46000000,2696008.01500000,14608
2025-04-06,8.27000000,8.29000000,6.93000000,7.07000000,1366866.25000000,10178928.30860000,49124
2025-04-07,7.07000000,7.63000000,6.34000000,7.25000000,3290419.60000000,22890399.88220000,110012
2025-04-08,7.24000000,7.52000000,6.91000000,6.96000000,1149926.09000000,8270003.89290000,40366
2025-04-09,6.96000000,8.15000000,6.77000000,7.99000000,1853722.18000000,13951363.75940000,71733
2025-04-10,7.99000000,8.09000000,7.57000000,7.83000000,1073661.92000000,8411080.79810000,40462
2025-04-11,7.83000000,8.43000000,7.81000000,8.25000000,922499.44000000,7531637.65400000,38244
2025-04-12,8.25000000,8.57000000,8.11000000,8.39000000,658172.41000000,5495548.41210000,29047
2025-04-13,8.39000000,8.53000000,7.89000000,8.00000000,857435.31000000,7031994.22210000,41616
2025-04-14,8.00000000,8.40000000,7.96000000,8.00000000,968868.20000000,7922406.62160000,56382
2025-04-15,8.00000000,8.15000000,7.68000000,7.72000000,657141.33000000,5202971.41200000,43677
2025-04-16,7.71000000,7.88000000,7.47000000,7.66000000,775397.72000000,5969737.53840000,46101
2025-04-17,7.67000000,7.88000000,7.49000000,7.72000000,683112.14000000,5289548.66820000,35688
2025-04-18,7.73000000,8.08000000,7.65000000,7.90000000,635832.58000000,5032172.00270000,31956
2025-04-19,7.90000000,8.40000000,7.86000000,8.37000000,806475.98000000,6617878.00150000,31623
2025-04-20,8.37000000,8.62000000,8.22000000,8.53000000,977369.53000000,8207284.58420000,40659
2025-04-21,8.53000000,9.09000000,8.50000000,8.61000000,1266065.21000000,11142965.46590000,71721
2025-04-22,8.60000000,9.47000000,8.35000000,9.39000000,1746690.13000000,15613765.95680000,75173
2025-04-23,9.39000000,9.70000000,9.27000000,9.53000000,1437580.53000000,13646476.45010000,99597
2025-04-24,9.53000000,10.25000000,9.08000000,10.10000000,1657505.99000000,16166151.32790000,114792
2025-04-25,10.10000000,10.40000000,9.92000000,10.02000000,1206874.41000000,12256716.89380000,86692
2025-04-26,10.02000000,10.62000000,10.02000000,10.30000000,1054460.85000000,10864137.50320000,72286
2025-04-27,10.30000000,10.40000000,9.67000000,9.68000000,874016.24000000,8682134.42970000,65300
2025-04-28,9.68000000,10.23000000,9.46000000,9.98000000,1054473.94000000,10448881.01020000,75729
2025-04-29,9.99000000,10.12000000,9.43000000,9.57000000,640514.32000000,6292699.32370000,48274
2025-04-30,9.57000000,9.77000000,9.16000000,9.64000000,921523.19000000,8795664.55720000,53669
2025-05-01,9.65000000,10.63000000,9.64000000,10.16000000,1382833.37000000,14246886.19030000,81516
2025-05-02,10.16000000,10.60000000,10.08000000,10.27000000,911931.32000000,9398070.52390000,56787
2025-05-03,10.26000000,10.28000000,9.60000000,9.63000000,711966.43000000,7000907.62830000,33046
2025-05-04,9.64000000,9.71000000,9.23000000,9.28000000,615875.50000000,5803070.46390000,30797
2025-05-05,9.28000000,9.73000000,9.18000000,9.34000000,734055.83000000,6901107.81580000,53395
2025-05-06,9.33000000,9.39000000,8.85000000,9.24000000,669868.86000000,6116267.11580000,45032
2025-05-07,9.24000000,9.68000000,9.19000000,9.55000000,890929.03000000,8429546.34870000,56982
2025-05-08,9.55000000,11.27000000,9.51000000,11.19000000,1792682.27000000,18890519.57640000,121394
2025-05-09,11.19000000,12.16000000,11.08000000,11.81000000,1630301.53000000,19036565.70730000,128176
2025-05-10,11.81000000,13.57000000,11.68000000,13.45000000,1399381.75000000,17604156.19240000,122499
2025-05-11,13.45000000,13.52000000,12.65000000,13.16000000,1246645.20000000,16283232.14400000,125928
2025-05-12,13.17000000,14.34000000,12.89000000,13.76000000,1946774.16000000,26471875.79390000,194522
2025-05-13,13.76000000,14.06000000,12.83000000,13.69000000,1235206.64000000,16599614.90720000,130151
2025-05-14,13.69000000,14.01000000,13.09000000,13.22000000,1006158.85000000,13572503.53250000,99827
2025-05-15,13.22000000,13.36000000,11.96000000,12.25000000,1208310.55000000,15156286.53340000,103813
2025-05-16,12.26000000,12.64000000,11.87000000,11.95000000,597070.53000000,7374040.48740000,62491
2025-05-17,11.95000000,11.99000000,11.36000000,11.60000000,667497.48000000,7747196.51250000,57871
2025-05-18,11.60000000,12.69000000,11.37000000,12.34000000,1245191.15000000,14941953.90500000,92059
2025-05-19,12.35000000,12.49000000,11.18000000,11.81000000,1022948.03000000,11984224.70510000,87517
2025-05-20,11.80000000,12.31000000,11.58000000,12.12000000,773284.77000000,9261220.08120000,73100
2025-05-21,12.12000000,12.84000000,11.85000000,12.40000000,1537197.55000000,18819809.71300000,120967
2025-05-22,12.40000000,14.37000000,12.38000000,14.05000000,1893442.90000000,25708302.41250000,143373
2025-05-23,14.06000000,14.95000000,12.79000000,12.91000000,2498520.51000000,34758215.85290000,224563
2025-05-24,12.91000000,13.87000000,12.85000000,13.31000000,983751.62000000,13263724.17840000,100600
2025-05-25,13.31000000,13.38000000,12.35000000,13.10000000,918314.52000000,11744433.73430000,67643
2025-05-26,13.10000000,14.30000000,13.08000000,13.75000000,1220667.76000000,16759329.81250000,106263
2025-05-27,13.75000000,15.09000000,13.38000000,14.66000000,1517773.50000000,22054115.02550000,134687
2025-05-28,14.65000000,15.48000000,14.41000000,15.03000000,1633115.82000000,24470782.83660000,133267
2025-05-29,15.03000000,15.30000000,13.80000000,13.91000000,1157858.74000000,16807786.34090000,112272
2025-05-30,13.91000000,14.45000000,12.16000000,12.19000000,2930682.69000000,40028935.29190000,226250
2025-05-31,12.19000000,12.48000000,11.58000000,12.11000000,1245546.67000000,14973031.96640000,114895
2025-06-01,12.11000000,12.26000000,11.54000000,12.14000000,812329.63000000,9704018.15280000,59918
2025-06-02,12.14000000,12.57000000,11.55000000,12.42000000,831309.50000000,9967138.03200000,78662
2025-06-03,12.42000000,13.11000000,12.12000000,12.50000000,963665.68000000,12187210.53640000,86168
2025-06-04,12.49000000,13.14000000,12.00000000,12.02000000,1006629.39000000,12820151.10200000,88370
2025-06-05,12.03000000,12.51000000,11.16000000,11.29000000,1508514.12000000,17903277.73460000,114129
2025-06-06,11.30000000,12.29000000,11.18000000,11.89000000,893233.15000000,10605819.92730000,70051
2025-06-07,11.90000000,13.19000000,11.87000000,13.08000000,801409.94000000,10217555.18790000,73674
2025-06-08,13.08000000,13.69000000,12.77000000,13.27000000,810102.86000000,10737449.86760000,73736
2025-06-09,13.27000000,14.03000000,12.89000000,13.76000000,976647.98000000,13113240.62070000,82435
2025-06-10,13.76000000,14.32000000,13.45000000,14.04000000,956644.26000000,13256478.09790000,89520
2025-06-11,14.04000000,14.09000000,13.14000000,13.28000000,1097159.00000000,14957950.39530000,93346
2025-06-12,13.28000000,13.28000000,12.29000000,12.29000000,1016519.86000000,13082375.16290000,85738
2025-06-13,12.28000000,12.28000000,11.22000000,11.76000000,1693820.97000000,19620505.84890000,125144
2025-06-14,11.76000000,11.96000000,11.27000000,11.45000000,706207.05000000,8230081.49680000,52785
2025-06-15,11.44000000,11.64000000,10.95000000,11.44000000,548142.13000000,6213538.73790000,42614
2025-06-16,11.44000000,12.36000000,11.19000000,11.60000000,1173648.14000000,13978614.53430000,81332
2025-06-17,11.60000000,11.86000000,10.82000000,10.96000000,1266229.57000000,14337543.68320000,96899
2025-06-18,10.97000000,11.50000000,10.40000000,11.41000000,1269289.28000000,13860090.79670000,93341
2025-06-19,11.41000000,11.72000000,11.13000000,11.41000000,1187560.62000000,13575379.34660000,72207
2025-06-20,11.41000000,11.68000000,10.64000000,10.92000000,1231302.27000000,13814742.46750000,74514
2025-06-21,10.92000000,11.26000000,9.81000000,10.10000000,816161.10000000,8477133.93530000,62698
2025-06-22,10.10000000,10.28000000,8.95000000,9.71000000,1403049.18000000,13393024.51300000,114475
2025-06-23,9.71000000,11.02000000,9.43000000,10.89000000,1983828.21000000,20106717.97140000,119859
2025-06-24,10.89000000,12.02000000,10.88000000,11.58000000,1883519.63000000,21655251.33780000,133063
2025-06-25,11.59000000,11.60000000,10.95000000,11.09000000,1169581.33000000,13227797.41000000,83646
2025-06-26,11.09000000,11.59000000,10.62000000,10.63000000,1312043.53000000,14463737.98990000,79660
2025-06-27,10.63000000,10.91000000,10.35000000,10.53000000,901798.41000000,9587649.27030000,58794
2025-06-28,10.53000000,11.06000000,10.38000000,10.98000000,776941.60000000,8292863.54770000,37626
2025-06-29,10.98000000,11.67000000,10.69000000,11.44000000,638388.38000000,7098845.04130000,40316
2025-06-30,11.44000000,11.52000000,10.70000000,10.76000000,672347.49000000,7393678.50180000,49973
2025-07-01,10.76000000,10.83000000,10.12000000,10.17000000,643643.66000000,6696242.96430000,41808
2025-07-02,10.17000000,11.52000000,10.07000000,11.34000000,1287154.37000000,14013571.92080000,96075
2025-07-03,11.34000000,12.09000000,11.27000000,11.53000000,1471542.55000000,17196724.07480000,100136
2025-07-04,11.54000000,11.72000000,10.74000000,10.77000000,642637.25000000,7119004.52950000,49133
2025-07-05,10.78000000,11.06000000,10.39000000,10.60000000,615115.48000000,6590700.74760000,42825
2025-07-06,10.59000000,11.02000000,10.47000000,10.64000000,881163.02000000,9477941.16080000,65475
2025-07-07,10.63000000,10.72000000,10.31000000,10.51000000,613306.28000000,6451247.30580000,44752
2025-07-08,10.51000000,10.80000000,10.24000000,10.41000000,1000843.37000000,10476592.63520000,56305
2025-07-09,10.41000000,11.10000000,10.28000000,11.00000000,1470705.11000000,15721620.55470000,97865
2025-07-10,11.01000000,12.19000000,10.83000000,12.11000000,1735567.56000000,19594979.89400000,114998
2025-07-11,12.12000000,13.16000000,11.85000000,12.35000000,2313983.09000000,29270759.98590000,165908
2025-07-12,12.36000000,12.84000000,11.94000000,12.29000000,1494175.77000000,18549972.14700000,120185
2025-07-13,12.28000000,12.77000000,12.24000000,12.41000000,906494.41000000,11321348.64230000,77042
2025-07-14,12.42000000,13.10000000,12.08000000,12.39000000,1406352.33000000,17817619.89750000,138119
2025-07-15,12.39000000,13.44000000,11.94000000,13.43000000,1476286.68000000,18665886.76420000,144941
2025-07-16,13.43000000,14.05000000,13.04000000,13.53000000,1318340.51000000,17740049.96450000,124267
2025-07-17,13.53000000,14.23000000,13.08000000,14.03000000,1579916.85000000,21801892.78200000,152882
2025-07-18,14.03000000,14.76000000,13.04000000,13.67000000,1607342.98000000,22659340.29650000,152777
2025-07-19,13.66000000,14.24000000,13.28000000,14.16000000,756567.21000000,10475376.55900000,72196
2025-07-20,14.17000000,15.31000000,14.03000000,14.99000000,1354685.75000000,20024467.00630000,126724
2025-07-21,14.98000000,15.71000000,14.70000000,15.14000000,1317035.38000000,20008969.29520000,129152
2025-07-22,15.15000000,15.43000000,14.22000000,15.23000000,1579328.49000000,23423425.98850000,148221
2025-07-23,15.23000000,15.24000000,13.36000000,13.81000000,1466234.87000000,20702694.44130000,145411
2025-07-24,13.82000000,14.09000000,12.86000000,13.55000000,1359713.20000000,18462670.83330000,133934
2025-07-25,13.56000000,14.05000000,13.05000000,13.98000000,1182221.08000000,15932270.86680000,114311
2025-07-26,13.98000000,15.15000000,13.95000000,14.99000000,1034731.54000000,15099424.98930000,85326
2025-07-27,14.98000000,15.59000000,14.83000000,15.42000000,721070.26000000,10990268.49310000,75606
2025-07-28,15.43000000,16.35000000,14.48000000,14.58000000,1765962.68000000,27429610.37510000,162071
2025-07-29,14.59000000,15.28000000,13.78000000,14.09000000,1420542.31000000,20529461.37190000,124487
2025-07-30,14.09000000,14.34000000,13.15000000,13.70000000,1027318.60000000,14139914.44220000,114631
2025-07-31,13.70000000,14.64000000,13.14000000,13.20000000,1593411.92000000,22347034.06020000,132816
2025-08-01,13.20000000,13.37000000,12.22000000,12.55000000,1510785.81000000,19423904.84190000,147979
2025-08-02,12.54000000,12.83000000,11.91000000,12.18000000,774913.28000000,9554603.64190000,77673
2025-08-03,12.19000000,13.20000000,11.98000000,12.98000000,794487.93000000,10089639.94660000,66387
2025-08-04,12.98000000,14.02000000,12.95000000,13.64000000,1191201.81000000,16010597.33570000,100191
2025-08-05,13.65000000,13.75000000,12.66000000,12.93000000,1056707.69000000,13970642.04960000,98193
2025-08-06,12.94000000,13.22000000,12.50000000,12.93000000,687080.53000000,8877001.81430000,67094
2025-08-07,12.94000000,14.15000000,12.82000000,14.05000000,1072771.91000000,14497359.88470000,93809
2025-08-08,14.06000000,14.39000000,13.83000000,14.11000000,1031385.85000000,14542083.89480000,108711
2025-08-09,14.12000000,14.84000000,14.05000000,14.53000000,761514.33000000,11095188.22970000,73258
2025-08-10,14.54000000,14.75000000,13.87000000,14.39000000,811762.46000000,11584102.44690000,77752
2025-08-11,14.39000000,15.01000000,13.48000000,13.67000000,1261875.78000000,17998268.06370000,134323
2025-08-12,13.68000000,14.96000000,13.45000000,14.76000000,1038969.81000000,14771050.59440000,116154
2025-08-13,14.76000000,16.50000000,14.54000000,16.21000000,1928461.37000000,30059790.30320000,171401
2025-08-14,16.21000000,16.55000000,14.69000000,15.12000000,2489588.21000000,38594006.51330000,252131
2025-08-15,15.12000000,15.49000000,14.04000000,14.36000000,1460276.20000000,21612349.21670000,135865
2025-08-16,14.35000000,14.81000000,14.10000000,14.58000000,433862.64000000,6263101.29720000,45716
2025-08-17,14.58000000,16.19000000,14.37000000,15.47000000,1424753.76000000,21839212.45400000,127478
2025-08-18,15.48000000,15.75000000,14.14000000,14.21000000,2292450.49000000,33685295.02710000,195797
2025-08-19,14.21000000,14.45000000,13.18000000,13.21000000,1448100.94000000,19993693.33110000,135171
2025-08-20,13.20000000,14.18000000,13.13000000,13.97000000,999516.97000000,13601956.72050000,99479
2025-08-21,13.96000000,14.13000000,13.26000000,13.30000000,616469.83000000,8386553.26500000,62704
2025-08-22,13.29000000,15.04000000,12.92000000,14.90000000,1843222.57000000,25966668.16030000,187069
2025-08-23,14.91000000,14.95000000,14.28000000,14.71000000,618239.46000000,8997373.64040000,61409
2025-08-24,14.72000000,15.18000000,14.04000000,14.34000000,1207868.37000000,17499697.99890000,117812
2025-08-25,14.35000000,14.56000000,12.67000000,12.82000000,1157738.47000000,15573682.94760000,115556
2025-08-26,12.81000000,13.96000000,12.71000000,13.50000000,919889.01000000,12157272.86320000,92308
2025-08-27,13.50000000,13.70000000,13.17000000,13.32000000,784540.04000000,10543001.71840000,85669
2025-08-28,13.32000000,14.18000000,13.24000000,14.02000000,1240761.09000000,17128687.68000000,92357
2025-08-29,14.03000000,14.04000000,12.73000000,12.97000000,1293870.32000000,17093202.99690000,100904
2025-08-30,12.98000000,13.21000000,12.78000000,12.92000000,439304.60000000,5711834.69860000,36898
2025-08-31,12.92000000,13.15000000,12.70000000,12.71000000,538556.86000000,6967244.69650000,37565
2025-09-01,12.71000000,13.18000000,12.15000000,12.47000000,1207572.29000000,15312140.15870000,85206
2025-09-02,12.47000000,13.22000000,12.37000000,12.99000000,941175.27000000,12041841.92700000,75011
2025-09-03,13.00000000,13.42000000,12.90000000,13.23000000,691925.69000000,9134057.79070000,54071
2025-09-04,13.24000000,13.31000000,12.37000000,12.44000000,579756.15000000,7394094.75250000,42701
2025-09-05,12.44000000,13.17000000,12.43000000,13.01000000,937051.35000000,12038033.59530000,74399
2025-09-06,13.01000000,13.19000000,12.80000000,12.92000000,272767.97000000,3542250.73720000,28638
2025-09-07,12.92000000,13.26000000,12.88000000,13.03000000,318786.82000000,4159727.47960000,26529
2025-09-08,13.03000000,13.73000000,12.93000000,13.57000000,647801.13000000,8678111.22880000,58839
2025-09-09,13.58000000,14.60000000,13.48000000,14.02000000,1642975.95000000,23138390.79590000,154587
2025-09-10,14.02000000,14.29000000,13.74000000,13.93000000,1063874.43000000,14894005.42620000,68053
2025-09-11,13.92000000,14.40000000,13.85000000,14.21000000,789735.67000000,11139337.82140000,78823
2025-09-12,14.21000000,14.52000000,14.00000000,14.47000000,639769.98000000,9133279.33450000,61536
2025-09-13,14.46000000,14.88000000,14.27000000,14.53000000,715561.72000000,10435647.12890000,67575
2025-09-14,14.53000000,14.55000000,13.83000000,14.08000000,611453.33000000,8645486.98170000,52163
2025-09-15,14.07000000,14.32000000,13.26000000,13.52000000,767736.13000000,10513669.83590000,68794
2025-09-16,13.52000000,13.91000000,13.28000000,13.79000000,338391.45000000,4605013.60290000,40847
2025-09-17,13.79000000,14.54000000,13.56000000,14.41000000,793935.71000000,11044441.13640000,79072
2025-09-18,14.42000000,14.80000000,14.24000000,14.72000000,946470.89000000,13756844.94510000,81024
2025-09-19,14.72000000,14.87000000,13.72000000,13.85000000,743419.86000000,10654773.00160000,93596
2025-09-20,13.85000000,14.05000000,13.69000000,13.85000000,372223.19000000,5166579.13410000,36945
2025-09-21,13.85000000,14.04000000,13.51000000,13.57000000,297126.22000000,4088595.30650000,28441
2025-09-22,13.56000000,13.61000000,12.06000000,12.38000000,1746219.61000000,21826344.30030000,118849
2025-09-23,12.37000000,12.58000000,12.07000000,12.15000000,626540.37000000,7743752.91020000,66339
2025-09-24,12.15000000,12.78000000,11.88000000,12.40000000,939169.25000000,11626536.44200000,63338
2025-09-25,12.40000000,12.45000000,11.14000000,11.36000000,1158268.65000000,13586810.39180000,105196
2025-09-26,11.35000000,11.96000000,11.30000000,11.83000000,720482.52000000,8357410.30350000,63455
2025-09-27,11.83000000,11.93000000,11.58000000,11.82000000,326427.71000000,3836689.89140000,25796
2025-09-28,11.82000000,12.16000000,11.47000000,12.11000000,326061.43000000,3838958.88200000,25905
2025-09-29,12.10000000,12.24000000,11.70000000,12.07000000,396307.15000000,4762846.74100000,36248
2025-09-30,12.06000000,12.10000000,11.54000000,12.00000000,467540.78000000,5530315.44010000,42798
2025-10-01,12.01000000,12.63000000,11.85000000,12.61000000,537001.35000000,6621799.41280000,45963
2025-10-02,12.62000000,12.99000000,12.35000000,12.95000000,776322.10000000,9846731.70030000,47515
2025-10-03,12.96000000,13.62000000,12.68000000,13.39000000,1190621.29000000,15573149.59390000,81519
2025-10-04,13.40000000,13.50000000,12.10000000,12.54000000,1084101.16000000,13884132.22720000,75975
2025-10-05,12.55000000,13.16000000,12.42000000,12.69000000,697092.96000000,8918521.21830000,58434
2025-10-06,12.68000000,13.58000000,12.57000000,13.06000000,1808836.78000000,23787393.44450000,130788
2025-10-07,13.06000000,13.21000000,12.34000000,12.41000000,1193721.41000000,15183867.08530000,92066
2025-10-08,12.41000000,12.86000000,12.22000000,12.66000000,480414.07000000,6017622.84820000,41991
2025-10-09,12.66000000,12.70000000,11.79000000,12.11000000,604086.39000000,7342769.44250000,42566
2025-10-10,12.11000000,12.44000000,2.74000000,8.57000000,5013319.85000000,43717522.27960000,330088
2025-10-11,8.56000000,9.41000000,8.21000000,8.48000000,2843495.21000000,25001156.91780000,178115
2025-10-12,8.48000000,9.83000000,8.25000000,9.55000000,2614106.42000000,24032084.90450000,141956
2025-10-13,9.56000000,10.09000000,9.24000000,9.93000000,3418447.68000000,33008180.32150000,188110
2025-10-14,9.92000000,9.99000000,8.95000000,9.54000000,1676112.01000000,15784102.48550000,113733
2025-10-15,9.55000000,9.72000000,8.92000000,9.05000000,688805.67000000,6390013.24990000,54118
2025-10-16,9.05000000,9.31000000,8.48000000,8.63000000,993140.53000000,8850365.47330000,77186
2025-10-17,8.62000000,8.75000000,7.77000000,8.35000000,1358568.01000000,11128702.44170000,84372
2025-10-18,8.35000000,8.56000000,8.33000000,8.44000000,523827.20000000,4419852.40710000,27381
2025-10-19,8.44000000,8.75000000,8.28000000,8.55000000,803093.98000000,6862497.36630000,39343
2025-10-20,8.56000000,8.99000000,8.34000000,8.74000000,786345.13000000,6903001.33090000,35688
2025-10-21,8.74000000,9.19000000,8.29000000,8.45000000,1132269.44000000,9863763.71320000,50295
2025-10-22,8.44000000,8.50000000,7.94000000,8.20000000,1166672.72000000,9674445.71870000,57986
2025-10-23,8.20000000,8.65000000,8.14000000,8.41000000,731272.46000000,6134968.10140000,50751
2025-10-24,8.41000000,8.71000000,8.24000000,8.48000000,700131.37000000,5927338.30610000,25298
2025-10-25,8.48000000,8.49000000,8.31000000,8.40000000,372792.79000000,3134854.56050000,12904
2025-10-26,8.41000000,9.09000000,8.29000000,9.02000000,644537.87000000,5646233.91680000,22436
2025-10-27,9.03000000,9.14000000,8.55000000,8.62000000,663454.68000000,5839497.93220000,26238
2025-10-28,8.62000000,8.80000000,8.21000000,8.38000000,684638.01000000,5854385.24250000,29339
2025-10-29,8.38000000,8.82000000,8.24000000,8.50000000,1015287.89000000,8653657.52280000,42649
2025-10-30,8.49000000,8.65000000,7.40000000,7.65000000,1235855.27000000,9842906.66370000,47550
2025-10-31,7.65000000,7.87000000,7.39000000,7.59000000,902160.63000000,6920792.39670000,28991
2025-11-01,7.59000000,8.11000000,7.50000000,7.95000000,1226311.54000000,9612002.81200000,32809
2025-11-02,7.94000000,8.12000000,7.50000000,7.83000000,676560.45000000,5281682.81880000,29073
2025-11-03,7.84000000,7.87000000,6.53000000,6.74000000,1945520.89000000,13707575.73700000,56545
2025-11-04,6.74000000,7.00000000,6.02000000,6.48000000,2671064.56000000,17413746.64210000,101106
2025-11-05,6.47000000,6.81000000,6.09000000,6.58000000,1538259.18000000,10100318.41530000,39851
2025-11-06,6.58000000,6.66000000,6.06000000,6.32000000,1689143.18000000,10732129.21790000,39466
2025-11-07,6.33000000,7.96000000,6.33000000,7.68000000,3261444.75000000,23112999.54390000,86283
2025-11-08,7.69000000,8.92000000,7.28000000,7.44000000,4305548.28000000,34328852.73100000,142029
2025-11-09,7.45000000,7.65000000,7.07000000,7.60000000,1685934.12000000,12363538.69970000,61389
2025-11-10,7.60000000,8.57000000,7.52000000,8.19000000,3123504.49000000,25114007.12470000,124116
2025-11-11,8.20000000,8.32000000,7.49000000,7.55000000,1848438.06000000,14468876.70980000,96427
2025-11-12,7.56000000,7.99000000,7.13000000,7.23000000,1546880.21000000,11689153.04690000,56000
2025-11-13,7.23000000,7.75000000,6.73000000,6.94000000,1400236.04000000,10171433.05210000,72787
2025-11-14,6.95000000,7.34000000,6.53000000,6.68000000,2011513.82000000,14052850.10520000,88550
2025-11-15,6.67000000,6.98000000,6.65000000,6.75000000,646514.61000000,4393379.72360000,25802
2025-11-16,6.75000000,6.95000000,6.29000000,6.48000000,665649.28000000,4391730.46360000,25831
2025-11-17,6.49000000,6.95000000,6.14000000,6.24000000,1306187.05000000,8539917.96530000,42625
2025-11-18,6.24000000,6.81000000,6.14000000,6.61000000,1003720.98000000,6510525.75980000,43225
2025-11-19,6.61000000,7.00000000,6.11000000,6.51000000,1931970.83000000,12689865.65650000,78867
2025-11-20,6.52000000,6.78000000,5.92000000,5.96000000,1631558.31000000,10426933.92090000,70568
2025-11-21,5.95000000,6.14000000,5.20000000,5.44000000,3165095.35000000,17501367.37520000,80202
2025-11-22,5.45000000,5.55000000,5.19000000,5.40000000,1003577.79000000,5376391.33210000,31324
2025-11-23,5.40000000,5.54000000,5.34000000,5.36000000,827262.03000000,4500846.16330000,19908
2025-11-24,5.35000000,5.93000000,5.29000000,5.77000000,1705702.20000000,9549592.67120000,42697
2025-11-25,5.77000000,6.08000000,5.56000000,5.96000000,1090493.27000000,6282099.63130000,27423
2025-11-26,5.96000000,6.08000000,5.73000000,6.02000000,913766.27000000,5410643.44760000,20513
2025-11-27,6.02000000,6.31000000,5.91000000,6.17000000,1235888.36000000,7531026.83750000,30045
2025-11-28,6.18000000,6.34000000,5.94000000,5.98000000,1185823.95000000,7284038.00430000,27209
2025-11-29,5.98000000,6.09000000,5.87000000,5.95000000,482426.77000000,2876113.40360000,17558
2025-11-30,5.95000000,6.00000000,5.72000000,5.73000000,479152.54000000,2822964.48380000,18062
2025-12-01,5.73000000,5.74000000,5.02000000,5.21000000,1494344.59000000,7862425.50230000,41325
2025-12-02,5.22000000,5.90000000,5.16000000,5.83000000,1322956.75000000,7364965.48800000,35698
2025-12-03,5.83000000,6.09000000,5.70000000,6.00000000,968207.50000000,5704672.93820000,27845
2025-12-04,6.00000000,6.10000000,5.74000000,5.78000000,777013.15000000,4617312.11330000,27561
2025-12-05,5.78000000,5.87000000,5.35000000,5.49000000,831368.19000000,4682996.47160000,30386
2025-12-06,5.49000000,5.64000000,5.42000000,5.53000000,533103.90000000,2938288.05180000,15162
2025-12-07,5.54000000,5.67000000,5.27000000,5.43000000,776870.56000000,4262177.52800000,25372
2025-12-08,5.43000000,5.87000000,5.41000000,5.63000000,865801.08000000,4910005.49990000,29429
2025-12-09,5.62000000,6.19000000,5.49000000,5.82000000,1221708.83000000,7134452.10970000,45743
2025-12-10,5.83000000,6.11000000,5.56000000,5.64000000,1319817.33000000,7608111.39090000,41999
2025-12-11,5.65000000,5.69000000,5.30000000,5.55000000,1519769.35000000,8301502.85260000,41085
2025-12-12,5.55000000,5.80000000,5.16000000,5.34000000,1399324.27000000,7673168.49270000,37988
2025-12-13,5.34000000,5.44000000,5.31000000,5.39000000,469282.56000000,2522580.24350000,13161
2025-12-14,5.39000000,5.42000000,5.08000000,5.16000000,551051.68000000,2884645.37720000,19300
2025-12-15,5.16000000,5.38000000,4.80000000,4.96000000,1396483.45000000,7073843.33570000,40771
2025-12-16,4.96000000,5.05000000,4.84000000,4.92000000,961784.99000000,4760563.40130000,26399
2025-12-17,4.91000000,5.10000000,4.58000000,4.63000000,1459273.39000000,7039524.10590000,32768
2025-12-18,4.63000000,4.88300000,4.34700000,4.43500000,2164821.25000000,9964961.77580000,86000
2025-12-19,4.43400000,4.92300000,4.36500000,4.83400000,1123365.58000000,5256637.88238000,66059
2025-12-20,4.83500000,4.87500000,4.74900000,4.76300000,285950.34000000,1372692.53575000,17951
2025-12-21,4.76200000,4.77200000,4.50500000,4.55700000,466016.24000000,2155972.83989000,25457
2025-12-22,4.55700000,4.75700000,4.52900000,4.66300000,750595.29000000,3494588.49242000,42655
2025-12-23,4.66400000,4.70300000,4.47800000,4.60400000,1076629.76000000,4944323.15773000,37742
2025-12-24,4.60500000,4.63000000,4.42100000,4.57800000,1009792.30000000,4554073.67928000,29413
2025-12-25,4.57800000,4.67600000,4.43300000,4.44400000,489232.62000000,2250455.62623000,23781
2025-12-26,4.44400000,4.71200000,4.42000000,4.63300000,772771.34000000,3566721.38912000,38840
2025-12-27,4.63200000,4.88000000,4.57800000,4.85200000,472123.26000000,2217057.88714000,21942
2025-12-28,4.85200000,4.86900000,4.71000000,4.75900000,350681.45000000,1678657.08439000,17897
2025-12-29,4.75900000,4.89500000,4.53900000,4.55700000,837366.22000000,3933129.32541000,45831
2025-12-30,4.55700000,4.64700000,4.47100000,4.48700000,663880.73000000,3021544.70251000,29366
2025-12-31,4.48700000,4.52400000,4.16000000,4.19000000,1379165.04000000,5993695.72475000,39319
2026-01-01,4.19000000,4.59500000,4.16300000,4.53700000,820189.11000000,3567527.11448000,34551
2026-01-02,4.53800000,4.95900000,4.49100000,4.91600000,1476278.29000000,6910943.83757000,78270
2026-01-03,4.91600000,4.99200000,4.78500000,4.91300000,836151.03000000,4082339.46514000,44629
2026-01-04,4.91200000,5.23600000,4.90600000,5.18400000,922951.77000000,4691687.22532000,61049
2026-01-05,5.18300000,5.49300000,5.07900000,5.39100000,1216607.11000000,6383049.94989000,90858
2026-01-06,5.39100000,5.90800000,5.31000000,5.59900000,1960582.50000000,10897075.65840000,116456
2026-01-07,5.59800000,5.59800000,5.20700000,5.26300000,1000834.05000000,5369641.05203000,63925
2026-01-08,5.26400000,5.29200000,5.00500000,5.19200000,990295.45000000,5116759.20654000,68154
2026-01-09,5.19300000,5.40000000,5.10500000,5.19300000,896168.60000000,4673094.19417000,69079
2026-01-10,5.19300000,5.37700000,5.09300000,5.19700000,461602.21000000,2420777.24717000,29144
2026-01-11,5.19800000,5.32100000,5.08300000,5.18500000,571403.14000000,2988658.40367000,35457
2026-01-12,5.18600000,5.35200000,4.98400000,5.02600000,1007404.73000000,5185848.44375000,74804
2026-01-13,5.02500000,5.79700000,5.01600000,5.64300000,1753780.13000000,9556448.68321000,102978
2026-01-14,5.64600000,5.72700000,5.48900000,5.52700000,1614444.58000000,9051093.18110000,76761
2026-01-15,5.52800000,5.53900000,5.09300000,5.16700000,1232515.91000000,6555608.19754000,56857
2026-01-16,5.16600000,5.35700000,5.03000000,5.28900000,704995.67000000,3656116.85636000,34547
2026-01-17,5.29000000,5.51500000,5.28900000,5.31900000,869465.41000000,4698896.02919000,39353
2026-01-18,5.31800000,5.35800000,4.90600000,4.91100000,812376.89000000,4208203.25902000,37770
2026-01-19,4.91200000,4.91200000,4.43600000,4.83900000,1985394.26000000,9333296.68904000,95020
2026-01-20,4.84000000,4.85900000,4.45300000,4.49400000,1136415.68000000,5302975.00033000,62953
2026-01-21,4.49400000,4.79700000,4.48000000,4.64000000,1165844.00000000,5413068.42093000,69349
2026-01-22,4.64100000,4.72800000,4.50200000,4.59500000,535693.01000000,2475921.02658000,30462
2026-01-23,4.59500000,4.70900000,4.47100000,4.58200000,616518.20000000,2838922.99899000,39947
2026-01-24,4.58200000,4.61200000,4.51300000,4.53900000,494244.66000000,2254241.35066000,19856
2026-01-25,4.53900000,4.56700000,4.18300000,4.28700000,792951.02000000,3463826.95973000,52504
2026-01-26,4.28700000,4.51700000,4.27200000,4.43800000,664664.84000000,2937854.06828000,44430
2026-01-27,4.43900000,4.51400000,4.34500000,4.48800000,838930.05000000,3717956.36520000,42082
2026-01-28,4.48900000,4.54400000,4.40000000,4.49800000,706865.36000000,3158045.30184000,42641
2026-01-29,4.49900000,4.51100000,3.99200000,4.07800000,1463954.21000000,6071521.74680000,70616
2026-01-30,4.07800000,4.11000000,3.91000000,3.99800000,1815381.45000000,7268000.74293000,89162
2026-01-31,3.99900000,4.00800000,3.24000000,3.61800000,2768036.17000000,9990138.22064000,121784
2026-02-01,3.61700000,3.70300000,3.44700000,3.52100000,1257126.70000000,4486987.93444000,67118
2026-02-02,3.52200000,3.81300000,3.43300000,3.65800000,1631934.18000000,5901120.58934000,87519
2026-02-03,3.65800000,3.80800000,3.46300000,3.58300000,1668246.23000000,6068936.59396000,80737
2026-02-04,3.58300000,3.69100000,3.43500000,3.50700000,1384285.47000000,4898332.01697000,76046
2026-02-05,3.50700000,3.56300000,2.91600000,2.98100000,4516982.55000000,14384308.38653000,187429
2026-02-06,2.98100000,3.38700000,2.65000000,3.28900000,3816078.32000000,11425812.73256000,153357
2026-02-07,3.28900000,3.36200000,3.13300000,3.28300000,1424120.49000000,4654200.37744000,67626
2026-02-08,3.28400000,3.29300000,3.13900000,3.19200000,820563.65000000,2643921.69657000,32134
2026-02-09,3.19100000,3.24500000,3.05300000,3.15300000,1112448.85000000,3514998.43684000,36755
2026-02-10,3.15300000,3.17500000,2.99800000,3.04400000,728190.34000000,2232656.79705000,29224
2026-02-11,3.04400000,3.13700000,2.93000000,3.00700000,955351.00000000,2882512.07733000,44297
2026-02-12,3.00800000,3.16200000,2.96900000,3.04700000,991527.49000000,3037854.90672000,41024
2026-02-13,3.04600000,3.14700000,2.96200000,3.10500000,717131.43000000,2197729.39881000,30810
2026-02-14,3.10500000,3.32700000,3.10500000,3.27500000,731253.68000000,2345881.72766000,25745
2026-02-15,3.27500000,3.31400000,3.06400000,3.14500000,797077.00000000,2534639.30588000,33074
2026-02-16,3.14400000,3.22700000,3.09300000,3.16700000,559526.81000000,1760813.28540000,21285
2026-02-17,3.16700000,3.17200000,3.07000000,3.10100000,536282.31000000,1673703.46476000,17619
2026-02-18,3.10200000,3.14700000,2.95700000,2.98400000,501958.48000000,1536242.06002000,15839
2026-02-19,2.98500000,3.94200000,2.97000000,3.28500000,8612731.85000000,28623105.54205000,336614
2026-02-20,3.28600000,3.46700000,3.15600000,3.44700000,2049051.89000000,6772436.37906000,61267
2026-02-21,3.44500000,4.02700000,3.39300000,3.77900000,3368347.55000000,12516840.37373000,131135
2026-02-22,3.77700000,3.77900000,3.49900000,3.51100000,1047299.51000000,3790288.46494000,49179
2026-02-23,3.51000000,3.55900000,3.31400000,3.32100000,1251319.41000000,4269931.97837000,51145
2026-02-24,3.32100000,3.39300000,3.11300000,3.12700000,2116961.86000000,6800334.04853000,71365
2026-02-25,3.12800000,3.40800000,3.10700000,3.25500000,1996752.88000000,6498388.28475000,65506
2026-02-26,3.25500000,3.28600000,3.09600000,3.19500000,1121741.72000000,3594330.10545000,41623
2026-02-27,3.19500000,3.29500000,3.00600000,3.08200000,1143715.95000000,3631000.63949000,50635
2026-02-28,3.08100000,3.68000000,2.86800000,3.12200000,1909353.54000000,5695746.39502000,61250
2026-03-01,3.12300000,3.21000000,2.94300000,3.00000000,1233122.64000000,3790197.30730000,41431
2026-03-02,3.00100000,3.15600000,2.97300000,3.08900000,1223367.51000000,3758109.99444000,40458
2026-03-03,3.09000000,3.09600000,2.95700000,3.03100000,776524.46000000,2353716.64339000,26278
2026-03-04,3.03100000,3.17600000,2.98300000,3.12300000,1205388.56000000,3722919.76825000,39537
2026-03-05,3.12200000,3.13500000,2.98800000,3.02300000,1048719.30000000,3210704.22297000,32212
2026-03-06,3.02200000,3.05100000,2.83700000,2.90500000,948722.25000000,2789753.71862000,32602
2026-03-07,2.90600000,2.91800000,2.81300000,2.82900000,545170.71000000,1565044.27056000,14954
2026-03-08,2.82900000,2.87800000,2.76200000,2.79600000,583439.43000000,1641245.00977000,19941
2026-03-09,2.80000000,2.98100000,2.79400000,2.90000000,766436.19000000,2222959.97028000,21535
2026-03-10,2.89900000,3.02900000,2.89800000,2.93700000,1271698.40000000,3775829.25738000,23892
2026-03-11,2.93700000,3.02900000,2.89800000,3.00300000,721868.51000000,2142738.44358000,18875
2026-03-12,3.00400000,3.07700000,2.95800000,3.04800000,539866.40000000,1620925.89092000,13696
2026-03-13,3.05200000,3.17100000,3.04300000,3.08900000,873045.62000000,2719889.76538000,23451
2026-03-14,3.09000000,3.10400000,3.00500000,3.04500000,336429.29000000,1023324.08272000,10762
2026-03-15,3.04500000,3.12700000,3.02000000,3.11100000,447916.22000000,1375799.92059000,15665
2026-03-16,3.11200000,3.34400000,3.08700000,3.32900000,964854.35000000,3116995.51338000,37069
2026-03-17,3.32900000,3.33500000,3.19900000,3.22700000,821746.94000000,2663357.50790000,27175
2026-03-18,3.22700000,3.27600000,3.02300000,3.07800000,729538.39000000,2285143.09908000,24798
2026-03-19,3.07800000,3.08400000,2.95000000,3.06200000,574822.03000000,1731480.79643000,18840
2026-03-20,3.06200000,3.24700000,3.05300000,3.08500000,1054821.14000000,3303223.55036000,42890
2026-03-21,3.08500000,3.15300000,3.01300000,3.03400000,472446.99000000,1464341.78688000,16888
2026-03-22,3.03400000,3.06100000,2.90400000,2.94800000,629166.58000000,1878230.83083000,21728
2026-03-23,2.94800000,3.11000000,2.90000000,3.09000000,1187578.03000000,3598215.62092000,37288
2026-03-24,3.09000000,3.10400000,2.99100000,3.06300000,1046664.01000000,3196791.71302000,31488
2026-03-25,3.06200000,3.12900000,3.05100000,3.08300000,650341.77000000,2003292.22910000,23562
2026-03-26,3.08300000,3.08300000,2.92000000,2.95400000,562187.93000000,1676184.62299000,18315
2026-03-27,2.95300000,2.99100000,2.86500000,2.88100000,1019768.74000000,2955599.37503000,26768
2026-03-28,2.88100000,2.93100000,2.80200000,2.82200000,632070.92000000,1812302.90998000,17321
2026-03-29,2.82100000,2.85100000,2.72400000,2.80300000,522941.79000000,1466979.51227000,16024
2026-03-30,2.80400000,2.95700000,2.80100000,2.85600000,825706.06000000,2389962.19944000,22942
2026-03-31,2.85700000,2.91900000,2.82700000,2.88200000,659898.98000000,1898553.66551000,18949
2026-04-01,2.88200000,2.96500000,2.85600000,2.87100000,639694.25000000,1855990.86707000,18836
2026-04-02,2.87100000,2.90000000,2.72700000,2.74500000,702038.50000000,1949801.94741000,20894
2026-04-03,2.74400000,2.85400000,2.74200000,2.79300000,642166.35000000,1796454.79500000,18676
2026-04-04,2.79200000,2.83800000,2.77700000,2.81300000,278173.29000000,779928.47176000,9960
2026-04-05,2.81300000,2.82800000,2.74400000,2.82500000,387720.21000000,1076908.33740000,10805
2026-04-06,2.82600000,2.97500000,2.82600000,2.84600000,717382.12000000,2082648.19650000,22562
2026-04-07,2.84800000,3.04600000,2.79400000,3.01700000,798924.87000000,2294352.94390000,24255
2026-04-08,3.01600000,3.04600000,2.88600000,2.90400000,553807.16000000,1646361.81917000,21453
2026-04-09,2.90400000,3.03500000,2.87100000,2.96200000,555340.38000000,1634014.41126000,18811
2026-04-10,2.96300000,3.08600000,2.93700000,3.05100000,806899.54000000,2437906.71813000,28797
2026-04-11,3.05100000,3.08600000,2.97900000,3.01400000,494975.77000000,1498889.68753000,17888
2026-04-12,3.01500000,3.02400000,2.88200000,2.89100000,543847.96000000,1589914.71707000,18656
2026-04-13,2.89100000,3.06800000,2.89000000,3.05600000,565354.84000000,1671422.12303000,21782
2026-04-14,3.05700000,3.06600000,2.94800000,2.98400000,577661.52000000,1738169.08109000,21994
2026-04-15,2.98300000,3.43500000,2.98200000,3.24700000,1924954.37000000,6201615.02170000,65696
2026-04-16,3.24900000,3.46700000,3.21700000,3.40300000,2385360.37000000,7991352.19758000,92355
2026-04-17,3.40300000,3.50200000,3.34300000,3.36500000,1103355.74000000,3763627.70642000,46237
2026-04-18,3.36400000,3.38800000,3.20100000,3.20200000,815176.27000000,2686806.24225000,30031
2026-04-19,3.20200000,3.34500000,3.16000000,3.18000000,977384.06000000,3168036.52164000,36026
2026-04-20,3.17900000,3.36400000,3.17000000,3.28100000,901608.52000000,2953567.93236000,31966
2026-04-21,3.28200000,3.33700000,3.19800000,3.26600000,767629.86000000,2512396.82705000,28169
2026-04-22,3.26700000,3.37800000,3.25400000,3.28400000,780486.86000000,2599375.46453000,25914
2026-04-23,3.28500000,3.40700000,3.24400000,3.38300000,664338.83000000,2197028.54898000,26113
2026-04-24,3.38300000,3.50300000,3.33800000,3.43000000,1022204.03000000,3504966.31009000,37116
2026-04-25,3.42900000,3.66200000,3.41700000,3.54500000,1354408.36000000,4819453.73324000,58332
2026-04-26,3.54500000,4.19400000,3.50800000,3.74000000,4813267.34000000,18418412.14118000,231695
2026-04-27,3.74100000,3.91300000,3.51700000,3.58400000,2198328.29000000,8082113.15186000,84311
2026-04-28,3.58300000,3.66300000,3.47500000,3.57000000,987209.11000000,3528577.08389000,38265
2026-04-29,3.56800000,3.63100000,3.38400000,3.47500000,1059343.25000000,3729224.93301000,42084
2026-04-30,3.47500000,3.51800000,3.40400000,3.42200000,671944.96000000,2321558.29098000,31110
2026-05-01,3.42200000,3.70100000,3.42200000,3.64700000,1149205.29000000,4127552.18118000,49517
2026-05-02,3.64700000,3.89700000,3.63600000,3.80000000,1626506.14000000,6151099.68044000,65631
2026-05-03,3.80000000,3.80800000,3.70300000,3.74000000,842754.37000000,3161006.49934000,28690
2026-05-04,3.73900000,3.81300000,3.66800000,3.68300000,884316.37000000,3299417.04763000,34423
2026-05-05,3.68400000,3.87100000,3.66700000,3.76400000,1284901.97000000,4842847.87201000,42867
2026-05-06,3.76400000,3.92400000,3.74900000,3.90200000,1088539.98000000,4207502.63026000,47303
2026-05-07,3.90200000,3.96000000,3.78200000,3.84200000,1185565.79000000,4580930.11957000,44166
2026-05-08,3.84200000,4.29800000,3.80100000,4.22900000,2209166.34000000,9014627.97478000,97353
2026-05-09,4.23000000,4.37000000,4.17600000,4.20900000,1003406.56000000,4285026.70785000,46012
2026-05-10,4.20800000,4.39800000,4.09100000,4.28100000,1111808.67000000,4686873.59539000,58229
2026-05-11,4.28100000,4.78900000,4.17100000,4.61400000,2715495.07000000,12203789.90924000,127664
2026-05-12,4.61500000,4.95800000,4.51800000,4.79000000,4820482.58000000,22889500.54080000,259661
2026-05-13,4.79000000,6.11000000,4.73000000,5.14600000,11665305.52000000,64229749.65143000,754678
2026-05-14,5.14500000,5.36700000,4.90700000,5.16100000,5501723.15000000,28275337.84767000,280189
2026-05-15,5.16000000,5.28700000,4.74300000,4.88800000,2042305.88000000,10187107.76386000,118225
2026-05-16,4.88800000,4.94600000,4.54800000,4.73200000,1483570.10000000,7001237.25245000,94993
2026-05-17,4.73100000,4.98000000,4.43700000,4.55800000,1756098.47000000,8377412.96575000,108386
2026-05-18,4.55800000,5.17200000,4.50700000,5.14600000,2085403.68000000,9913752.81023000,167816
2026-05-19,5.14600000,5.44300000,4.83400000,4.92400000,3613685.59000000,18410545.06475000,239540
2026-05-20,4.92400000,5.26400000,4.74700000,4.81100000,2200752.20000000,10993267.57219000,136962
2026-05-21,4.81000000,5.34500000,4.79600000,5.25200000,2583892.79000000,13104064.44185000,177975
2026-05-22,5.25200000,5.66200000,5.05600000,5.17500000,4355162.49000000,23233765.44341000,294972
2026-05-23,5.17600000,5.52500000,4.73200000,5.34300000,4262730.85000000,21950350.84897000,288114
2026-05-24,5.34200000,5.35500000,5.04700000,5.13500000,1672970.10000000,8694750.80378000,116097
2026-05-25,5.13500000,5.83400000,5.04900000,5.67200000,3349803.71000000,18505863.07892000,201294
2026-05-26,5.67300000,6.10600000,5.45800000,5.67800000,3461023.09000000,19880951.56363000,245141
2026-05-27,5.67900000,6.00200000,5.41000000,5.47700000,2930024.39000000,16651890.68256000,188242
2026-05-28,5.47600000,5.63600000,5.25700000,5.47100000,2727625.73000000,14776562.80571000,165263
2026-05-29,5.47100000,6.71200000,5.47100000,6.43300000,5718931.94000000,35620140.00651000,438220
2026-05-30,6.43300000,7.06900000,6.32100000,6.59800000,4118421.40000000,27612974.11276000,351188
2026-05-31,6.59900000,6.75900000,6.29900000,6.54300000,1970230.39000000,12833698.04358000,163057
2026-06-01,6.54200000,7.34500000,6.40200000,6.99000000,4118787.13000000,28232933.10964000,396547
2026-06-02,6.99100000,7.34300000,6.45900000,6.58700000,3574659.70000000,24845717.24146000,385849
2026-06-03,6.58800000,6.98300000,6.32400000,6.51700000,3220778.47000000,21471711.84624000,332449
2026-06-04,6.51600000,6.58600000,5.27500000,5.40500000,3713308.34000000,22045652.95186000,328153
2026-06-05,5.40300000,5.52700000,4.78000000,5.16000000,3995211.15000000,20433441.68798000,331393
2026-06-06,5.16100000,5.44400000,4.84500000,5.16800000,2302174.59000000,11866738.52926000,178334
2026-06-07,5.16900000,5.58000000,5.09000000,5.43300000,2077555.19000000,11019533.36782000,158520
2026-06-08,5.43200000,5.92700000,5.35700000,5.66000000,2150757.61000000,12101302.99166000,187096
2026-06-09,5.65900000,5.84400000,5.40600000,5.54500000,2061927.22000000,11572010.93103000,179874
2026-06-10,5.54400000,5.58500000,4.89000000,4.94100000,2021784.86000000,10460914.88182000,177527
2026-06-11,4.94200000,5.50000000,4.94000000,5.40300000,2077982.50000000,10897724.12064000,188803
2026-06-12,5.40200000,5.64200000,5.05500000,5.08300000,1718993.10000000,9213465.88895000,150332
2026-06-13,5.08400000,5.45200000,5.03400000,5.27500000,997445.68000000,5210434.60116000,92046
2026-06-14,5.27300000,5.28600000,4.92400000,5.23200000,1072877.42000000,5477643.97313000,78712
2026-06-15,5.23100000,5.74900000,5.08200000,5.57800000,2467911.48000000,13525524.15651000,202210
2026-06-16,5.57900000,6.10800000,5.44500000,5.54500000,3370759.49000000,19441471.36994000,275283
2026-06-17,5.54400000,5.71000000,5.27700000,5.44700000,2459386.15000000,13439795.93179000,178005
2026-06-18,5.44600000,5.53300000,5.05900000,5.40600000,1209681.59000000,6343180.96661000,101135
2026-06-19,5.40500000,5.40600000,4.98100000,5.13200000,1121049.62000000,5719123.78648000,86824
2026-06-20,5.13100000,5.18400000,4.89500000,5.05600000,838625.16000000,4224886.77229000,65278
2026-06-21,5.05700000,5.13300000,4.75500000,4.81900000,919821.69000000,4561121.22326000,61810
2026-06-22,4.82100000,5.02700000,4.76400000,4.82000000,923819.46000000,4520927.68031000,72980
2026-06-23,4.81900000,4.87300000,4.50800000,4.54700000,1030898.19000000,4772279.25157000,76927
2026-06-24,4.54800000,4.59000000,4.12600000,4.26400000,1528294.30000000,6620371.58246000,111291
2026-06-25,4.26500000,4.34100000,4.03600000,4.27800000,2896233.09000000,12205869.64394000,177572
2026-06-26,4.27900000,4.91300000,4.18300000,4.87500000,2738142.41000000,12548990.79310000,187481
2026-06-27,4.87500000,5.07700000,4.62500000,4.63600000,1599088.28000000,7791426.07340000,99862
2026-06-28,4.63500000,4.78300000,4.51400000,4.55500000,691058.96000000,3218841.78564000,52867
2026-06-29,4.55600000,4.85100000,4.53500000,4.73100000,1364949.35000000,6419666.58223000,97866
2026-06-30,4.73000000,4.81600000,4.51800000,4.55200000,848954.44000000,3940675.65053000,70096
2026-07-01,4.55300000,4.87600000,4.45800000,4.49600000,1255217.29000000,5871615.13930000,90454
2026-07-02,4.49600000,4.73300000,4.43100000,4.62500000,1324488.92000000,6061189.68287000,85994
2026-07-03,4.62600000,4.93800000,4.62300000,4.86300000,960891.23000000,4634760.12298000,77161
2026-07-04,4.86200000,4.95000000,4.74700000,4.80900000,679809.93000000,3287420.23753000,50251
2026-07-05,4.80900000,4.83500000,4.59700000,4.81400000,678877.83000000,3200333.32639000,49098
2026-07-06,4.81400000,4.98500000,4.67700000,4.81800000,1178936.67000000,5698875.80262000,90531
2026-07-07,4.81900000,4.88900000,4.63500000,4.72400000,1017583.15000000,4850232.18728000,65244
2026-07-08,4.72500000,4.77900000,4.53300000,4.74000000,891455.39000000,4148314.57783000,71880
2026-07-09,4.74000000,4.96400000,4.70500000,4.83300000,1069921.00000000,5183356.64896000,81905
2026-07-10,4.83400000,5.03000000,4.78800000,5.01700000,630488.12000000,3084823.40270000,47399
2026-07-11,5.01700000,5.15400000,4.93200000,4.93200000,793222.07000000,4000940.21367000,64722
2026-07-12,4.93100000,4.97800000,4.80600000,4.87300000,480389.23000000,2350887.34661000,40559
2026-07-13,4.87400000,4.96200000,4.61700000,4.67700000,659248.99000000,3128903.19651000,54844
2026-07-14,4.67600000,5.13100000,4.66500000,5.05500000,1393758.85000000,6958557.68410000,99317
2026-07-15,5.05600000,5.21700000,4.89500000,5.09600000,921706.93000000,4679131.97577000,66398
2026-07-16,5.09600000,5.23600000,4.85500000,4.85900000,1065386.29000000,5379206.00131000,74287
2026-07-17,4.86000000,5.15000000,4.82000000,5.14800000,985260.09000000,4893551.90341000,68753
2026-07-18,5.14800000,5.22700000,5.02200000,5.16600000,739444.98000000,3798929.02658000,51645
2026-07-19,5.16700000,5.21800000,5.03100000,5.11000000,438468.12000000,2243400.38919000,33755
2026-07-20,5.11100000,5.49000000,5.07600000,5.34800000,1172510.63000000,6210408.10535000,91072
2026-07-21,5.34600000,5.41600000,5.27000000,5.30400000,763683.65000000,4078529.16540000,53714
2026-07-22,5.30400000,5.43300000,5.13600000,5.17200000,715409.54000000,3751953.42348000,48345
2026-07-23,5.17200000,5.21400000,5.08400000,5.17600000,632728.23000000,3255937.34282000,38573
2026-07-24,5.17700000,5.45300000,5.11000000,5.16900000,1371926.11000000,7246313.27404000,81022
2026-07-25,5.17000000,5.35000000,5.01500000,5.08000000,1062422.12000000,5487039.51954000,65615
2026-07-26,5.08000000,5.10800000,4.84700000,5.00900000,1176352.38000000,5820114.27347000,66698
2026-07-27,5.00900000,5.01100000,4.71600000,4.73000000,1257078.24000000,6147501.14789000,68863
2026-07-28,4.72800000,4.76800000,4.53300000,4.63300000,787197.14000000,3660485.34189000,53225
2026-07-29,4.63300000,4.67800000,4.47200000,4.60600000,1121977.31000000,5139086.00335000,64488
2026-07-30,4.60700000,5.02400000,4.58300000,5.01800000,1253723.07000000,6038551.14149000,97115
2026-07-31,5.01700000,5.09800000,4.76000000,4.86900000,850972.87000000,4176286.19692000,73833
2026-08-01,4.87000000,4.95700000,4.81900000,4.87100000,667096.77000000,3261248.55660000,48905
2026-08-02,4.87100000,5.15900000,4.85600000,5.07500000,527422.64000000,2637372.66763000,42146
2026-08-03,5.07400000,5.08500000,4.90500000,4.95500000,659511.17000000,3293404.83506000,39696
2026-08-04,4.95500000,5.04000000,4.88000000,4.88600000,369050.82000000,1828152.39640000,28505
2026-08-05,4.88700000,4.98400000,4.81200000,4.86000000,410945.84000000,2009524.73652000,36981
2026-08-06,4.86000000,4.88900000,4.56100000,4.58200000,657175.30000000,3088078.44851000,49982
2026-08-07,4.58000000,4.58000000,4.41900000,4.51300000,750217.25000000,3378637.44765000,45641
2026-08-08,4.51300000,4.57600000,4.35400000,4.41200000,708819.47000000,3146655.93797000,39945
2026-08-09,4.41300000,4.47900000,4.28300000,4.29900000,482436.84000000,2125801.59697000,30816
2026-08-10,4.29800000,4.53700000,4.28500000,4.38600000,704744.78000000,3115808.40310000,51624
2026-08-11,4.38300000,4.67400000,4.36100000,4.66500000,896900.27000000,4038445.55735000,66816
2026-08-12,4.66400000,4.70000000,4.51200000,4.62500000,753792.22000000,3467918.59777000,46341
2026-08-13,4.62500000,4.69100000,4.53900000,4.61100000,426394.41000000,1966401.97241000,28983
2026-08-14,4.61100000,4.61800000,4.16000000,4.27600000,1552763.56000000,6678293.43410000,100544
2026-08-15,4.27500000,4.29200000,4.10800000,4.17300000,726043.69000000,3033464.61897000,40501
2026-08-16,4.17400000,4.22400000,4.03600000,4.08200000,791345.96000000,3249339.26750000,42794
2026-08-17,4.08300000,4.19100000,4.04400000,4.08200000,743897.96000000,3061549.10983000,37071
2026-08-18,4.08200000,4.10000000,3.95700000,4.08500000,461364.28000000,1865453.06946000,29324
2026-08-19,4.08600000,4.66400000,4.05700000,4.58200000,1226674.35000000,5363522.75518000,95132
2026-08-20,4.58100000,4.89300000,4.54200000,4.77100000,2050267.57000000,9733237.36401000,138612
2026-08-21,4.77100000,5.12600000,4.72400000,5.06100000,2230221.15000000,10922090.68249000,141798
2026-08-22,5.06200000,5.34000000,4.58200000,4.93500000,2619990.02000000,12979590.58992000,204645
2026-08-23,4.93400000,5.46400000,4.73600000,5.35600000,1830577.60000000,9354960.08877000,177537
2026-08-24,5.35500000,6.01000000,5.19500000,5.69400000,3426880.78000000,19263149.71910000,355649
2026-08-25,5.69400000,6.05700000,5.35700000,5.56900000,2613234.69000000,15194656.21516000,255712
2026-08-26,5.56900000,5.68400000,5.25900000,5.55500000,1241974.26000000,6781470.78318000,106917
2026-08-27,5.55600000,5.62900000,5.32700000,5.49600000,1527987.78000000,8404257.36378000,132012
2026-08-28,5.49700000,5.58400000,5.08200000,5.14900000,1218294.26000000,6446730.34559000,85945
2026-08-29,5.15000000,5.20400000,4.99700000,5.16500000,596289.70000000,3031408.32309000,53447
2026-08-30,5.16600000,5.36600000,4.91700000,4.98700000,905059.75000000,4700411.79879000,75221
2026-08-31,4.98400000,5.06000000,4.87600000,4.93100000,1271172.11000000,6301560.19407000,83913
2026-09-01,4.93000000,5.01100000,4.77700000,4.80700000,1532434.07000000,7450853.88915000,97991
2026-09-02,4.80700000,4.93200000,4.71800000,4.76900000,1100205.48000000,5290054.78924000,81794
2026-09-03,4.76900000,5.10000000,4.73400000,4.97400000,1072966.04000000,5298000.28057000,67275
2026-09-04,4.97200000,5.01000000,4.65400000,4.81800000,1302778.37000000,6258936.96926000,87725
2026-09-05,4.81900000,4.98600000,4.72200000,4.94600000,821855.95000000,4019739.95616000,44585
2026-09-06,4.94800000,5.39800000,4.94800000,5.31200000,1653382.29000000,8505628.86128000,81363
2026-09-07,5.31200000,6.35700000,5.31100000,6.18300000,4030234.37000000,23528008.48143000,305829
2026-09-08,6.18300000,6.71400000,6.15300000,6.40300000,3674262.96000000,23571276.85150000,329538
2026-09-09,6.40300000,6.54900000,5.96700000,6.13500000,1777602.04000000,11115992.41658000,185270
2026-09-10,6.13400000,6.15600000,5.74500000,5.94400000,1585392.20000000,9458444.80356000,130148
2026-09-11,5.94400000,6.13300000,5.69400000,5.73900000,1622049.57000000,9623720.41102000,167057
2026-09-12,5.73800000,6.18600000,5.72300000,5.98900000,1095603.83000000,6567293.90778000,92195
2026-09-13,5.98800000,6.22900000,5.76900000,5.90400000,1272292.78000000,7650455.64046000,121809
2026-09-14,5.90400000,6.44000000,5.84200000,6.28500000,1726986.12000000,10698937.03468000,161847
2026-09-15,6.28400000,6.29900000,5.38300000,5.43700000,2007143.98000000,11557546.44401000,187296
2026-09-16,5.43700000,5.49900000,5.15100000,5.41000000,1631335.08000000,8748820.49182000,137535
2026-09-17,5.41100000,5.76900000,5.39400000,5.72100000,1531499.25000000,8557535.13224000,117573
2026-09-18,5.72200000,6.98300000,5.66500000,6.67700000,3993342.18000000,25748474.61662000,421951
2026-09-19,6.67700000,8.34900000,6.66300000,7.93000000,4928394.56000000,37068934.12544000,572767
2026-09-20,7.92900000,8.26400000,7.38900000,7.78500000,2781612.89000000,21803674.51626000,406690
2026-09-21,7.78600000,8.06000000,7.53300000,7.85300000,2751896.63000000,21481433.52515000,379068
2026-09-22,7.85200000,8.23500000,7.45900000,7.90300000,2423644.42000000,18846376.17887000,281242
2026-09-23,7.90200000,8.34000000,7.46800000,7.80300000,3383917.76000000,26842439.41671000,436119
2026-09-24,7.80300000,8.68700000,7.60000000,8.04600000,2934021.59000000,23851049.90338000,411156
2026-09-25,8.04700000,8.41100000,7.75100000,8.18700000,2191592.68000000,17714271.38839000,297339
2026-09-26,8.18700000,8.20200000,7.50000000,7.77600000,1680788.62000000,13087085.27086000,223238
2026-09-27,7.77600000,7.94100000,7.62400000,7.79500000,1253435.93000000,9774427.57151000,145910
2026-09-28,7.79300000,7.84500000,7.16900000,7.41500000,1898591.04000000,14115365.41038000,248103
2026-09-29,7.41500000,7.82900000,7.21300000,7.61500000,1941462.20000000,14754616.20553000,257448
2026-09-30,7.61600000,7.80000000,7.26600000,7.41300000,1691841.63000000,12774018.80300000,204019
2026-10-01,7.41300000,7.75900000,7.30100000,7.36100000,1176766.67000000,8847264.29564000,120637
2026-10-02,7.36400000,7.68800000,7.13100000,7.45100000,1612068.80000000,12019218.02558000,162855
2026-10-03,7.45200000,7.84300000,7.44100000,7.68100000,1204776.82000000,9228838.44770000,110531
2026-10-04,7.68100000,7.75900000,7.36000000,7.64300000,884298.22000000,6665001.36970000,81817
2026-10-05,7.64200000,7.75000000,7.42700000,7.68100000,1053650.26000000,8011305.64509000,91848
