date,open,high,low,close,volume,quote_volume,trades
2021-02-04,0.25000000,18.82640000,0.25000000,3.06050000,54944238.69000000,239099041.80112100,606433
2021-02-05,3.06060000,5.93620000,3.05240000,5.49990000,20689204.04000000,82005174.27223000,231628
2021-02-06,5.50000000,9.50010000,4.11030000,7.36180000,63417275.37000000,445356635.64877500,893743
2021-02-07,7.37880000,9.66860000,6.95000000,7.52000000,33021825.14000000,271127464.33078200,538878
2021-02-08,7.52120000,8.53990000,6.34300000,6.46930000,13199630.35000000,98733390.19755000,227785
2021-02-09,6.46130000,7.80110000,6.04440000,7.17010000,14209485.90000000,98575887.39284600,241743
2021-02-10,7.17020000,7.70000000,6.12310000,6.50060000,8456879.68000000,59213721.09429200,171022
2021-02-11,6.52290000,8.40000000,6.27300000,7.56420000,10147916.02000000,77565221.67522500,205369
2021-02-12,7.58960000,8.76540000,7.18180000,8.56660000,7604653.62000000,61877601.03814300,176586
2021-02-13,8.56650000,10.35000000,7.70000000,9.75210000,7962687.46000000,70215751.07671900,189729
2021-02-14,9.75210000,12.14830000,9.34810000,11.69950000,14802408.24000000,159916505.72885400,357173
2021-02-15,11.69850000,14.50000000,9.70000000,13.40460000,16430777.68000000,201176871.45928200,426366
2021-02-16,13.40000000,14.78000000,11.81320000,12.61110000,9779209.06000000,131286479.58089000,311687
2021-02-17,12.61010000,12.98250000,10.85750000,11.22710000,7572464.80000000,88837384.08670000,233699
2021-02-18,11.22710000,12.79000000,11.20010000,11.26020000,5906220.98000000,70007148.34666800,207920
2021-02-19,11.26010000,11.43630000,10.00000000,10.23950000,6318082.56000000,68164146.40794900,210376
2021-02-20,10.19570000,12.40000000,9.56660000,10.28860000,9847526.75000000,108091293.21598500,304042
2021-02-21,10.29610000,11.49000000,10.02530000,10.59900000,4962359.13000000,54053255.76272100,179686
2021-02-22,10.62350000,11.10770000,7.30630000,9.17700000,6913423.05000000,65600647.45291000,203724
2021-02-23,9.18000000,9.25430000,6.20000000,7.60950000,6465338.06000000,49026224.69940300,140467
2021-02-24,7.61050000,9.08750000,7.05390000,8.48980000,6597505.48000000,54774195.37239100,150987
2021-02-25,8.49630000,9.95570000,8.01000000,8.16320000,6409571.82000000,57661860.77602400,164282
2021-02-26,8.16180000,8.88800000,7.30000000,7.99600000,5075256.86000000,41432686.18906700,123040
2021-02-27,7.99570000,8.65200000,7.48230000,7.75120000,2950811.05000000,24045471.14016900,80218
2021-02-28,7.76060000,7.86470000,6.36560000,6.91020000,3506966.10000000,24333711.92597500,82548
2021-03-01,6.87980000,7.84850000,6.82120000,7.61230000,2946222.00000000,21877250.18381600,74343
2021-03-02,7.60870000,8.50000000,7.20000000,8.29230000,5164424.70000000,40804722.19918200,123079
2021-03-03,8.28100000,8.95000000,8.00000000,8.18530000,4706045.74000000,39856769.68491000,111323
2021-03-04,8.18540000,8.50000000,7.52000000,7.77950000,3248850.04000000,25946913.27518400,79782
2021-03-05,7.78060000,7.95120000,7.10000000,7.70000000,2515430.41000000,18976751.21578700,65849
2021-03-06,7.69950000,8.50000000,7.62520000,8.30300000,2768562.52000000,22667808.28488000,86686
2021-03-07,8.31680000,9.48000000,8.12130000,9.20550000,4843033.66000000,42778330.89777700,121488
2021-03-08,9.20520000,9.77200000,8.87010000,9.21000000,3400875.55000000,31206259.52154900,102456
2021-03-09,9.20960000,10.30000000,8.92250000,9.87140000,4350359.80000000,41405756.98679800,136263
2021-03-10,9.86650000,9.97190000,8.70000000,8.84500000,3381041.97000000,31432440.16410200,109509
2021-03-11,8.84300000,9.20500000,8.50000000,8.68520000,2516726.56000000,22228747.37969000,76086
2021-03-12,8.71330000,9.24000000,7.73090000,8.06500000,3604153.19000000,30668045.04194800,102323
2021-03-13,8.10950000,10.39000000,7.80000000,10.00000000,5339294.07000000,49469240.29078700,151588
2021-03-14,9.99000000,11.93670000,9.29150000,10.89590000,7968773.56000000,85386696.01661000,279242
2021-03-15,10.87680000,11.63140000,9.38360000,10.33160000,6012413.43000000,63157660.47018100,202308
2021-03-16,10.34720000,11.51110000,9.74920000,11.40000000,3794062.69000000,40686714.76980500,139817
2021-03-17,11.41300000,11.90000000,10.42340000,10.79030000,2814056.21000000,31019523.76609200,107457
2021-03-18,10.79020000,11.68000000,10.65040000,11.09370000,2561517.66000000,28626587.59168200,114268
2021-03-19,11.09140000,12.50000000,10.60030000,11.68090000,2850630.34000000,33406201.43385900,127121
2021-03-20,11.67880000,12.10000000,10.49050000,10.53110000,1827152.65000000,21125844.82028000,73589
2021-03-21,10.51140000,10.97220000,10.00000000,10.60000000,2049821.04000000,21662584.89548400,88743
2021-03-22,10.61990000,10.80790000,9.17000000,9.40340000,1989421.88000000,20079247.12919300,79358
2021-03-23,9.41050000,9.84180000,8.80000000,8.90820000,2107032.44000000,19716407.55745900,74452
2021-03-24,8.92970000,9.76000000,7.71480000,8.11770000,2366478.56000000,21119179.32626000,85301
2021-03-25,8.11780000,8.50510000,7.58110000,8.12320000,2215298.30000000,17753925.63132500,70238
2021-03-26,8.13100000,9.22000000,8.11020000,8.92680000,1632471.19000000,14396799.21728400,53951
2021-03-27,8.94490000,9.54490000,8.74990000,9.07320000,1793420.46000000,16476919.05572700,58323
2021-03-28,9.06670000,9.66100000,8.88000000,9.14040000,1782927.71000000,16593655.53939300,57895
2021-03-29,9.15390000,10.15140000,8.76230000,9.83020000,2143347.44000000,20772282.57921400,81529
2021-03-30,9.83060000,10.19000000,9.61010000,9.72340000,1389015.91000000,13747751.62384600,46190
2021-03-31,9.74670000,9.79070000,8.58690000,9.24420000,2129896.12000000,19949215.91729200,77697
2021-04-01,9.27090000,9.43580000,8.93000000,9.11900000,1485460.88000000,13692804.57976400,43962
2021-04-02,9.09320000,9.78110000,9.04290000,9.52580000,1583306.17000000,14986787.34974800,47920
2021-04-03,9.52590000,10.15680000,8.71000000,8.86000000,1941199.64000000,18369275.38192400,57786
2021-04-04,8.85750000,9.80000000,8.70010000,9.60150000,1384153.55000000,12985080.49832900,52481
2021-04-05,9.60910000,10.31000000,9.20000000,9.81680000,2158210.67000000,21200558.60071000,81662
2021-04-06,9.83650000,10.66050000,9.51000000,10.47810000,2691300.40000000,27416597.41695700,106064
2021-04-07,10.47570000,10.88700000,9.01480000,9.33560000,2645235.03000000,26321160.44492600,111358
2021-04-08,9.36970000,10.77720000,9.29040000,10.61330000,2386034.20000000,24182949.88433400,94218
2021-04-09,10.60750000,12.60000000,10.59400000,12.00070000,8726686.67000000,102910739.97087000,380538
2021-04-10,11.99670000,12.43000000,11.03380000,11.43060000,3945985.50000000,45829783.66813900,204114
2021-04-11,11.43330000,12.18630000,11.03000000,11.53940000,3368499.71000000,38888193.28476300,178199
2021-04-12,11.53420000,13.10000000,11.32330000,12.77650000,5155417.06000000,63650554.27840800,262020
2021-04-13,12.77660000,13.29720000,11.19630000,11.48880000,3317848.15000000,39639920.67207200,165771
2021-04-14,11.48800000,11.92000000,10.38610000,11.43620000,3203199.72000000,36175915.44850000,168591
2021-04-15,11.43730000,12.65000000,11.18500000,12.36150000,3263438.87000000,38857782.90897800,173123
2021-04-16,12.38610000,12.48000000,10.87700000,11.26650000,2223936.19000000,25727529.24735200,87403
2021-04-17,11.26350000,13.39000000,11.20000000,12.51030000,3933126.25000000,48235019.32153100,169590
2021-04-18,12.51040000,13.19350000,7.79350000,10.18220000,6104762.05000000,60977954.05382000,214815
2021-04-19,10.18000000,10.95000000,8.70000000,8.93850000,3281144.27000000,32163568.53584000,111444
2021-04-20,8.92520000,9.35890000,7.90000000,9.18140000,2829829.96000000,24751913.14341400,83761
2021-04-21,9.17970000,9.70000000,8.74000000,8.86500000,2204696.50000000,20237893.64176900,72626
2021-04-22,8.86300000,9.53830000,7.65000000,8.05040000,3037070.37000000,27016909.72621600,89448
2021-04-23,8.05490000,8.17630000,6.60470000,7.73880000,3473411.74000000,25378664.12119200,91116
2021-04-24,7.73760000,7.75820000,6.90010000,7.01310000,1541819.20000000,11244561.27532300,41331
2021-04-25,7.03920000,7.77030000,6.70000000,7.21940000,1432849.09000000,10453841.78304200,38482
2021-04-26,7.21970000,8.40000000,7.12820000,8.04390000,2082073.96000000,16492796.30768600,58365
2021-04-27,8.02710000,9.35430000,7.91840000,8.98330000,2874543.73000000,25640327.60089800,84525
2021-04-28,8.98330000,9.14990000,8.17370000,8.61100000,2142523.73000000,18394508.39889700,70455
2021-04-29,8.61140000,9.00000000,8.07700000,8.47930000,1977392.65000000,16929496.44928600,59454
2021-04-30,8.46630000,9.35000000,8.31220000,9.15570000,2057117.20000000,18314320.00088600,63643
2021-05-01,9.13430000,9.49000000,8.70870000,9.25000000,1634312.52000000,14963479.45530100,53988
2021-05-02,9.24200000,9.38330000,8.72240000,9.11200000,1697987.83000000,15400925.24953900,52752
2021-05-03,9.12640000,9.98300000,9.11270000,9.52790000,2810126.90000000,27076952.84467900,83021
2021-05-04,9.52370000,9.53090000,7.81540000,7.93600000,5435526.07000000,46070500.05822100,155075
2021-05-05,7.93540000,8.72310000,7.80000000,8.55140000,2434179.17000000,20392504.13856400,70817
2021-05-06,8.55280000,9.20000000,8.10000000,8.55990000,4494411.97000000,39278523.25185700,131184
2021-05-07,8.57290000,9.08970000,8.11000000,8.67890000,3450443.88000000,30092623.16307900,109831
2021-05-08,8.67920000,8.87680000,8.37000000,8.50110000,1500438.56000000,12925307.55169000,43110
2021-05-09,8.51150000,8.58000000,7.61410000,8.19370000,2043473.44000000,16617317.45971200,60331
2021-05-10,8.20100000,8.47800000,7.00000000,7.43760000,2639048.94000000,20416556.13616100,79961
2021-05-11,7.43420000,7.99990000,7.16380000,7.86150000,1857051.76000000,14115652.78009800,53423
2021-05-12,7.86670000,8.18000000,6.27770000,6.50730000,1949212.32000000,14534464.78461700,59473
2021-05-13,6.50730000,7.28300000,6.03110000,6.73910000,2930047.44000000,19708303.40430300,79627
2021-05-14,6.73900000,7.46200000,6.59000000,7.20900000,1975312.87000000,14131927.36804800,56534
2021-05-15,7.20760000,7.61450000,6.60530000,6.72650000,2077384.15000000,14715752.06405100,53663
2021-05-16,6.73820000,7.71720000,6.66530000,7.21000000,2618928.51000000,18752881.26443400,69233
2021-05-17,7.21000000,7.23990000,6.27080000,6.49430000,2216097.00000000,14788077.82911900,54351
2021-05-18,6.49940000,6.99000000,6.42310000,6.58340000,1446340.80000000,9676103.82068900,41068
2021-05-19,6.58010000,6.70230000,3.05000000,3.76470000,5921289.54000000,28077684.33579200,110548
2021-05-20,3.76470000,4.74620000,3.29000000,4.33200000,3008879.27000000,12459288.62939700,59733
2021-05-21,4.34000000,4.58890000,2.95000000,3.51630000,3276586.06000000,12115248.09732800,51593
2021-05-22,3.51740000,3.58470000,3.00970000,3.10540000,2753010.02000000,9163573.85006400,36352
2021-05-23,3.10390000,3.24740000,2.00000000,2.55540000,4255895.83000000,10860290.00128200,53126
2021-05-24,2.56000000,3.50000000,2.46530000,3.41970000,2751281.59000000,8529342.77067300,43837
2021-05-25,3.41970000,3.61570000,2.91590000,3.28680000,2399459.76000000,7675301.19067300,36978
2021-05-26,3.30000000,3.88810000,3.25120000,3.74600000,2476824.20000000,9026030.65185500,44867
2021-05-27,3.74280000,4.10000000,3.27560000,3.83440000,2497056.02000000,9402376.17864900,42898
2021-05-28,3.84280000,3.99720000,3.05560000,3.24970000,2412359.85000000,8207973.69728700,36729
2021-05-29,3.23660000,3.37190000,2.85000000,3.04910000,1405884.42000000,4327499.97304100,22818
2021-05-30,3.04300000,3.21980000,2.88080000,3.10600000,1098219.98000000,3408514.16322400,17304
2021-05-31,3.09170000,3.59570000,2.94900000,3.58080000,1529188.19000000,5057340.03298900,29278
2021-06-01,3.58040000,4.22010000,3.44960000,3.81880000,4947236.25000000,19179749.37379400,85666
2021-06-02,3.81880000,3.99720000,3.68960000,3.81160000,2406356.21000000,9232250.44761800,45800
2021-06-03,3.81170000,4.27640000,3.74650000,4.07040000,1789960.92000000,7240623.26878600,38264
2021-06-04,4.07100000,4.10000000,3.46400000,3.85760000,2136195.35000000,8049183.67109400,45948
2021-06-05,3.85610000,4.61390000,3.79000000,3.98460000,6090311.54000000,25760390.19877900,109231
2021-06-06,3.98440000,4.11320000,3.84460000,3.96260000,1584910.39000000,6287705.65994300,28827
2021-06-07,3.96260000,4.28550000,3.47630000,3.50120000,1947245.68000000,7745940.70875100,35072
2021-06-08,3.50470000,3.57900000,3.06440000,3.37810000,1813630.53000000,6060857.88912300,27573
2021-06-09,3.37940000,3.51100000,3.17150000,3.50000000,1388244.04000000,4696829.56161700,20649
2021-06-10,3.50000000,3.78940000,3.25320000,3.32010000,2939218.30000000,10379438.57306100,41213
2021-06-11,3.32170000,3.52000000,3.18610000,3.29900000,1607612.80000000,5438000.98693200,25136
2021-06-12,3.29840000,3.34980000,3.03000000,3.13970000,1112655.40000000,3524281.67851500,18680
2021-06-13,3.14340000,3.42220000,3.06460000,3.34530000,1332440.68000000,4331259.71235300,20022
2021-06-14,3.34940000,3.57980000,3.26940000,3.55870000,1691148.97000000,5829661.01431900,27104
2021-06-15,3.56360000,3.59830000,3.38240000,3.52020000,1032916.33000000,3611471.47589800,19131
2021-06-16,3.52110000,3.56380000,3.22930000,3.28770000,1092912.89000000,3678449.23022900,18561
2021-06-17,3.28720000,3.58930000,3.27520000,3.48330000,1361838.66000000,4728621.04366700,22683
2021-06-18,3.47950000,3.48500000,3.01000000,3.13090000,1325766.66000000,4303231.59851500,21084
2021-06-19,3.13450000,3.18600000,2.98360000,2.98360000,543471.87000000,1685191.73292600,8901
2021-06-20,2.98740000,3.16840000,2.79640000,3.05750000,1047790.44000000,3119721.42567600,18181
2021-06-21,3.06470000,3.07770000,2.34210000,2.35480000,1726400.58000000,4634924.09554600,25767
2021-06-22,2.35410000,2.61570000,1.92690000,2.20080000,2580392.78000000,5721018.20272200,30389
2021-06-23,2.20010000,2.55000000,2.10520000,2.49000000,1243007.76000000,2975108.82662300,18184
2021-06-24,2.49270000,2.57080000,2.33520000,2.49330000,772608.13000000,1892036.33353200,12617
2021-06-25,2.50000000,2.62930000,2.20720000,2.24050000,1105531.71000000,2661547.27312200,16963
2021-06-26,2.23840000,2.37760000,2.03440000,2.17390000,1277533.49000000,2761299.88379300,15104
2021-06-27,2.17690000,2.20680000,2.03150000,2.19350000,919659.42000000,1947831.92483200,12648
2021-06-28,2.19880000,2.31590000,2.14920000,2.31020000,831278.40000000,1854094.78611500,11310
2021-06-29,2.31100000,2.49830000,2.30980000,2.42610000,1288059.02000000,3113147.53401400,18179
2021-06-30,2.42610000,2.45290000,2.25600000,2.40360000,1138179.52000000,2664015.23507100,16513
2021-07-01,2.40360000,2.40360000,2.16650000,2.26030000,959378.33000000,2165009.40559800,14608
2021-07-02,2.26030000,2.29540000,2.11500000,2.22740000,844993.27000000,1846097.86403400,10901
2021-07-03,2.22670000,2.34910000,2.16650000,2.28630000,689921.23000000,1573956.17706100,9305
2021-07-04,2.28490000,2.53000000,2.21820000,2.39320000,1599556.16000000,3853211.35231600,20495
2021-07-05,2.39320000,2.66550000,2.20250000,2.59710000,2494274.74000000,6053947.19338400,35584
2021-07-06,2.59980000,3.05840000,2.59270000,2.81990000,7190517.15000000,20511473.39811700,94553
2021-07-07,2.81990000,2.87650000,2.68670000,2.70680000,2160585.24000000,6020914.91640100,28644
2021-07-08,2.70310000,2.74620000,2.36960000,2.44400000,2204346.74000000,5625320.21682500,22936
2021-07-09,2.44240000,2.65100000,2.31000000,2.53290000,1430281.26000000,3580755.69366900,19730
2021-07-10,2.53320000,2.60260000,2.37020000,2.47990000,936358.98000000,2325902.99635700,12322
2021-07-11,2.48210000,2.76930000,2.45720000,2.59020000,2734626.50000000,7242980.35681400,30773
2021-07-12,2.59260000,2.68110000,2.42310000,2.49710000,2399761.41000000,6180636.39437800,29092
2021-07-13,2.49510000,2.62830000,2.40200000,2.51270000,1589805.30000000,3959157.82377600,20782
2021-07-14,2.51270000,3.17000000,2.41270000,3.03920000,10994806.94000000,30915426.25535800,124549
2021-07-15,3.03920000,3.67200000,2.94040000,3.22030000,11618392.52000000,39154898.86402300,173485
2021-07-16,3.22120000,3.22380000,2.74030000,2.75900000,4157645.00000000,12403721.25941200,56317
2021-07-17,2.75900000,2.81800000,2.60720000,2.63220000,1773110.51000000,4781947.94049700,25776
2021-07-18,2.63270000,2.90110000,2.61220000,2.85570000,2698365.05000000,7411317.46557700,37065
2021-07-19,2.85570000,3.13950000,2.69820000,2.72830000,8645708.59000000,25439204.08864400,100636
2021-07-20,2.73160000,2.77790000,2.22010000,2.28220000,4430357.16000000,10592870.42881600,50263
2021-07-21,2.28330000,2.55350000,2.25040000,2.51080000,3739724.21000000,9165137.08517100,34278
2021-07-22,2.51320000,2.60000000,2.42120000,2.51690000,2041750.16000000,5142586.63302700,18619
2021-07-23,2.51700000,3.23990000,2.45560000,3.19530000,5778179.71000000,16394626.95509700,71962
2021-07-24,3.19530000,3.59000000,3.04980000,3.08880000,7252242.13000000,24071505.97605500,99467
2021-07-25,3.08520000,3.27810000,2.96450000,3.26940000,3025260.81000000,9409779.21118200,43951
2021-07-26,3.27130000,4.22000000,3.22700000,3.52460000,9820804.66000000,37680640.72114000,156773
2021-07-27,3.52720000,3.98000000,3.19490000,3.72880000,6431054.55000000,23224219.58595000,97444
2021-07-28,3.72780000,4.11620000,3.62450000,3.71910000,4072297.03000000,15825450.02236000,62963
2021-07-29,3.72310000,3.86980000,3.43600000,3.53580000,4160866.84000000,15115697.33169400,52986
2021-07-30,3.53690000,3.61610000,3.27360000,3.57000000,3693483.83000000,12797593.50662200,48730
2021-07-31,3.57140000,3.74000000,3.38140000,3.57460000,2515488.20000000,8982425.56179000,40604
2021-08-01,3.56890000,3.74000000,3.37000000,3.45650000,3194912.70000000,11570086.77156400,53779
2021-08-02,3.45360000,3.67950000,3.37010000,3.66010000,1808898.49000000,6424408.87961700,30084
2021-08-03,3.66010000,4.00000000,3.45980000,3.76250000,4821740.10000000,18210685.44550800,78732
2021-08-04,3.76300000,3.94000000,3.60350000,3.84630000,3001861.88000000,11406112.85097600,45039
2021-08-05,3.84690000,4.27120000,3.76180000,3.95800000,6429079.95000000,25569859.68910500,98710
2021-08-06,3.95850000,4.03480000,3.78690000,3.88260000,3409397.30000000,13338290.72131500,43599
2021-08-07,3.88960000,4.30000000,3.84840000,4.09700000,4544939.24000000,18556818.87518400,84574
2021-08-08,4.10270000,4.15240000,3.70240000,3.78430000,3046972.39000000,12020603.73473800,44260
2021-08-09,3.78780000,4.23720000,3.62000000,4.02940000,4724004.58000000,18983037.88851600,69115
2021-08-10,4.02640000,4.69390000,3.99380000,4.38800000,7084756.19000000,31215219.86162400,132866
2021-08-11,4.39700000,5.10000000,4.29620000,4.64000000,5949178.51000000,28322260.36541800,161574
2021-08-12,4.63910000,4.99000000,4.21000000,4.48930000,4550092.33000000,20856403.31950200,86430
2021-08-13,4.48490000,4.88000000,4.41880000,4.80270000,2443105.44000000,11535281.55747300,55062
2021-08-14,4.80550000,5.07000000,4.65160000,4.84460000,2844754.61000000,13689419.66517100,69167
2021-08-15,4.84940000,5.19300000,4.51340000,5.09000000,5603246.25000000,27384664.33755100,117191
2021-08-16,5.09710000,5.30000000,4.75830000,4.81770000,4606785.56000000,23369335.75738200,107173
2021-08-17,4.81760000,5.25000000,4.45340000,4.55370000,4904836.72000000,24063936.33767000,105655
2021-08-18,4.54450000,4.75000000,4.30000000,4.52230000,3299144.25000000,14911449.93861800,53511
2021-08-19,4.52540000,4.84310000,4.37840000,4.83140000,2761048.19000000,12843427.99993800,50943
2021-08-20,4.83530000,5.40000000,4.70450000,5.32750000,5396243.29000000,27578039.89167300,137352
2021-08-21,5.33180000,5.35000000,5.02800000,5.06200000,2662315.29000000,13809145.32593600,52483
2021-08-22,5.06330000,5.32000000,5.00000000,5.19780000,2864443.88000000,14814067.83110700,61988
2021-08-23,5.19930000,5.98000000,5.16360000,5.67590000,9121617.25000000,52082540.45275400,267388
2021-08-24,5.67340000,5.74450000,4.94000000,5.18210000,4032915.33000000,21825162.30936000,86754
2021-08-25,5.18360000,5.70000000,4.88260000,5.48850000,4116503.08000000,21940991.75579800,94069
2021-08-26,5.48820000,5.60230000,4.87580000,4.97500000,3551756.40000000,18350905.93757900,76536
2021-08-27,4.97900000,5.29000000,4.63450000,5.25700000,2327948.23000000,11616118.55634800,57044
2021-08-28,5.25700000,5.27000000,5.07100000,5.18000000,1181736.80000000,6105229.25900000,22332
2021-08-29,5.18000000,5.20000000,4.92000000,5.02500000,1126307.40000000,5691232.94470000,23892
2021-08-30,5.02600000,5.11000000,4.76100000,4.81400000,1625044.10000000,8025204.84240000,38899
2021-08-31,4.81300000,5.59000000,4.71000000,5.35000000,5318225.26000000,27930099.95760900,129519
2021-09-01,5.35200000,5.60700000,5.14800000,5.30700000,3467212.06000000,18471550.26025700,79904
2021-09-02,5.30700000,5.46600000,5.10500000,5.19900000,2123664.80000000,11236887.61030000,45079
2021-09-03,5.20000000,5.44600000,5.01900000,5.31600000,2619101.80000000,13820482.33890000,64197
2021-09-04,5.31300000,5.53500000,5.25000000,5.35600000,2670478.90000000,14445601.31370000,65961
2021-09-05,5.36000000,5.71800000,5.21000000,5.61800000,3265899.11000000,18020120.07405700,93948
2021-09-06,5.61900000,5.73000000,4.87700000,5.32100000,3499580.20000000,18841706.27512700,81076
2021-09-07,5.32300000,5.38600000,3.60000000,3.95400000,8799799.15000000,38766190.90506700,160228
2021-09-08,3.95900000,4.27200000,3.53900000,3.97700000,4997744.63000000,19595277.11460800,88478
2021-09-09,3.98300000,4.43300000,3.84800000,4.02000000,4529017.40000000,18797954.66600000,82741
2021-09-10,4.01700000,4.16100000,3.57600000,3.76000000,3280055.80000000,12666441.08300000,52182
2021-09-11,3.75900000,4.43000000,3.72000000,3.90000000,4437187.40000000,18124810.70650000,93055
2021-09-12,3.89500000,4.38900000,3.78500000,4.19700000,5912656.70000000,24496459.97540000,112285
2021-09-13,4.18800000,4.88700000,3.96400000,4.62600000,19681956.49000000,89039728.20563300,442153
2021-09-14,4.62800000,4.87900000,4.48300000,4.71600000,6025226.00000000,28089561.55650000,113205
2021-09-15,4.71500000,4.84000000,4.60600000,4.81500000,2382157.80000000,11182489.42190000,63067
2021-09-16,4.81200000,4.82200000,4.42100000,4.60500000,2671764.50000000,12388994.95300000,74331
2021-09-17,4.60500000,4.65700000,4.17700000,4.24000000,2191292.40000000,9574399.42600000,48306
2021-09-18,4.24200000,4.48100000,4.14600000,4.40100000,1783077.10000000,7788120.47610000,46704
2021-09-19,4.40100000,4.45400000,4.10400000,4.19700000,1379975.50000000,5959660.06810000,34125
2021-09-20,4.19700000,4.21000000,3.50000000,3.60200000,3699453.40000000,13967981.15986500,75207
2021-09-21,3.59800000,3.72200000,3.12700000,3.22800000,2740603.08000000,9506371.18663200,48974
2021-09-22,3.23000000,3.68000000,3.17600000,3.60100000,1807600.50000000,6261444.24100000,34930
2021-09-23,3.60000000,3.74200000,3.50000000,3.71900000,1525580.00000000,5542939.48690000,34256
2021-09-24,3.71600000,3.84100000,3.23000000,3.44800000,3061931.90000000,10778215.57550000,76450
2021-09-25,3.44200000,3.60000000,3.28600000,3.45800000,2213674.90000000,7631638.37890000,46743
2021-09-26,3.45800000,3.46700000,3.11600000,3.33700000,1728665.03000000,5712870.37039000,31915
2021-09-27,3.33700000,3.55300000,3.21600000,3.22900000,1853061.30000000,6309394.63520000,41661
2021-09-28,3.22600000,3.28500000,3.00800000,3.02200000,1151086.51000000,3626894.36828000,20516
2021-09-29,3.02100000,3.37300000,2.97900000,3.03800000,1982337.10000000,6209787.62381300,30524
2021-09-30,3.04100000,3.22600000,3.02000000,3.22000000,2165407.00000000,6813045.37070000,26369
2021-10-01,3.21900000,3.60300000,3.16700000,3.56200000,2718838.80000000,9334613.83130000,63249
2021-10-02,3.56200000,3.75300000,3.50200000,3.58600000,2097277.20000000,7628437.91910000,55373
2021-10-03,3.58600000,3.90000000,3.50400000,3.66600000,2030616.60000000,7560816.97090000,72049
2021-10-04,3.66200000,3.79900000,3.50400000,3.64600000,2189972.80000000,8009324.50220000,60401
2021-10-05,3.64700000,4.15000000,3.61100000,3.90300000,3613768.30000000,14195548.64960000,91080
2021-10-06,3.90500000,3.94800000,3.40000000,3.70800000,2668702.70000000,9894569.69160000,61767
2021-10-07,3.70600000,4.08000000,3.60000000,3.87700000,2607360.00000000,10147872.12290000,79808
2021-10-08,3.88200000,4.05500000,3.79100000,3.81300000,1571086.10000000,6158212.74900000,45562
2021-10-09,3.81900000,4.00000000,3.75600000,3.94500000,1437748.30000000,5600651.61830000,34847
2021-10-10,3.94800000,4.05000000,3.68200000,3.71500000,1655580.10000000,6493586.98140000,44393
2021-10-11,3.71500000,3.88800000,3.54200000,3.65700000,1242680.30000000,4618375.35680000,33114
2021-10-12,3.65400000,3.65400000,3.38400000,3.64300000,1248780.40000000,4389079.44660000,34396
2021-10-13,3.64200000,4.05000000,3.53300000,3.86200000,3501210.50000000,13377453.10410000,89908
2021-10-14,3.87200000,4.40900000,3.84800000,4.17000000,8091911.50000000,34200633.11090000,252607
2021-10-15,4.17100000,4.99000000,4.05600000,4.69600000,9626060.20000000,44161003.54190000,353920
2021-10-16,4.69400000,4.78000000,4.25900000,4.69200000,3185705.60000000,14704941.80110000,102141
2021-10-17,4.69300000,4.90000000,4.31300000,4.52100000,2381034.70000000,11039057.63080000,93554
2021-10-18,4.52200000,4.54500000,4.31600000,4.40700000,1413461.80000000,6268117.11250000,41176
2021-10-19,4.40300000,4.58500000,4.25000000,4.31900000,1544028.20000000,6845377.81290000,47698
2021-10-20,4.31800000,4.75300000,4.18600000,4.51600000,2112155.40000000,9341725.01690000,64110
2021-10-21,4.51900000,4.68300000,4.26800000,4.34400000,2174829.30000000,9759883.03130000,72832
2021-10-22,4.34700000,4.54000000,4.28000000,4.39800000,1127178.00000000,4980012.64870000,37223
2021-10-23,4.39600000,4.54100000,4.35000000,4.49500000,966875.40000000,4308738.04440000,33320
2021-10-24,4.49600000,4.92600000,4.40600000,4.70500000,6205396.20000000,29405756.37020000,193102
2021-10-25,4.70100000,5.01100000,4.69800000,4.90500000,3478486.60000000,16892318.49730000,108093
2021-10-26,4.90600000,5.25500000,4.85300000,5.05900000,3251368.40000000,16538165.71182400,154077
2021-10-27,5.05600000,5.30000000,4.19000000,4.46000000,3413595.40000000,16166894.78320000,128643
2021-10-28,4.46000000,4.67800000,4.33300000,4.60400000,2022859.20000000,9145558.41950000,69381
2021-10-29,4.60500000,4.99000000,4.56700000,4.81700000,2188832.70000000,10462613.24160000,78020
2021-10-30,4.81600000,5.09900000,4.69100000,5.07500000,2518705.00000000,12406601.83130000,95063
2021-10-31,5.07400000,5.18000000,4.76700000,5.11800000,2344244.50000000,11710511.05680000,95936
2021-11-01,5.11800000,5.72400000,4.80000000,5.42700000,6344140.50000000,34120618.04920000,269904
2021-11-02,5.43100000,5.63500000,5.24500000,5.45900000,3580914.90000000,19437258.76260000,112175
2021-11-03,5.46000000,5.64900000,5.13300000,5.61500000,3549257.30000000,19348099.59550000,179828
2021-11-04,5.61800000,5.84100000,5.22900000,5.27000000,3976382.40000000,22084996.44815700,206207
2021-11-05,5.27300000,5.28500000,4.91700000,4.98600000,2848999.20000000,14585597.15300000,99689
2021-11-06,4.98500000,5.06300000,4.60600000,4.84700000,1881096.20000000,9142843.24700000,76080
2021-11-07,4.85000000,5.09100000,4.79900000,4.99700000,1986097.20000000,9802171.43720000,71401
2021-11-08,4.99700000,5.24300000,4.85300000,5.15300000,2691281.20000000,13615109.37210000,114077
2021-11-09,5.15300000,5.25200000,4.79200000,5.11200000,2823582.40000000,14424830.73020000,119030
2021-11-10,5.11100000,5.25200000,4.14700000,4.60400000,5173608.30000000,25195156.63670000,193248
2021-11-11,4.60600000,5.06700000,4.51500000,4.93900000,3606174.70000000,17524963.65920000,164043
2021-11-12,4.93900000,4.98700000,4.56000000,4.71400000,1968975.10000000,9348638.34900000,85744
2021-11-13,4.70900000,4.97300000,4.68100000,4.86100000,2622769.50000000,12621060.45580000,101827
2021-11-14,4.85800000,5.01200000,4.75000000,4.94200000,1954902.40000000,9551774.24540000,85437
2021-11-15,4.94200000,5.11900000,4.69300000,4.79200000,2333839.30000000,11556439.48160000,134898
2021-11-16,4.79400000,4.79600000,4.10300000,4.35400000,3373130.90000000,14893549.69120000,172208
2021-11-17,4.35300000,4.47900000,4.16300000,4.43900000,1772595.00000000,7700204.13390000,83791
2021-11-18,4.42900000,4.47800000,3.85700000,3.96800000,2050135.30000000,8529605.09320000,104674
2021-11-19,3.96400000,4.24400000,3.86800000,4.20200000,1266135.00000000,5167473.73140000,57638
2021-11-20,4.19600000,4.42100000,4.08200000,4.33900000,1580438.70000000,6751460.08680000,82842
2021-11-21,4.33500000,4.52700000,4.27500000,4.36500000,1857243.30000000,8194871.66100000,109095
2021-11-22,4.35900000,4.47900000,4.11300000,4.34700000,2895060.30000000,12540292.11560000,137334
2021-11-23,4.34700000,4.64500000,4.33300000,4.51000000,3625173.60000000,16433531.73900000,166411
2021-11-24,4.51000000,4.73700000,4.21300000,4.33800000,3202677.10000000,14392644.54900000,156390
2021-11-25,4.33600000,4.59200000,4.30400000,4.47200000,1830961.60000000,8147629.08400000,83345
2021-11-26,4.47500000,4.71200000,3.88800000,4.04700000,4265658.80000000,18326695.54440000,276826
2021-11-27,4.05100000,6.44800000,4.02600000,5.94200000,42566610.60000000,240779483.27081000,2696668
2021-11-28,5.94200000,7.78000000,5.51200000,5.90900000,35200153.27000000,225110695.81096300,1829479
2021-11-29,5.91300000,6.13500000,5.74000000,6.02400000,7608436.70000000,45085623.50640000,254549
2021-11-30,6.02800000,6.60000000,5.17400000,5.26700000,9783091.00000000,56347898.00220000,343658
2021-12-01,5.26400000,5.42900000,4.95800000,5.05400000,3451644.10000000,18000861.75520000,105732
2021-12-02,5.05300000,5.06500000,4.78000000,4.87800000,2084800.30000000,10227936.12450000,79128
2021-12-03,4.88300000,5.24000000,4.60000000,4.81500000,5249636.30000000,26230175.12690000,212144
2021-12-04,4.81000000,4.83000000,2.82900000,3.63100000,9276294.15000000,33695276.57445000,161087
2021-12-05,3.62800000,3.72300000,3.10200000,3.21000000,4845180.90000000,16324788.97930000,71325
2021-12-06,3.21000000,3.32200000,2.77500000,3.24600000,5175121.90000000,15846960.88640000,87149
2021-12-07,3.24400000,3.37600000,3.13200000,3.27600000,3221770.00000000,10515727.60170000,61112
2021-12-08,3.27600000,3.55000000,3.12900000,3.45600000,4569080.60000000,15457071.70920000,99266
2021-12-09,3.45900000,3.58000000,3.05800000,3.09500000,2894127.50000000,9493159.31890000,58677
2021-12-10,3.09200000,3.24200000,2.91700000,2.94500000,2249382.70000000,6944667.21590000,44455
2021-12-11,2.93900000,3.16400000,2.88700000,3.14300000,1272069.90000000,3893288.31380000,28544
2021-12-12,3.14300000,3.27500000,3.04500000,3.18500000,1813816.60000000,5723317.27420000,43568
2021-12-13,3.18500000,3.30000000,2.64500000,2.71100000,3948362.00000000,11609908.92863800,69703
2021-12-14,2.70700000,2.87300000,2.66000000,2.86800000,1925712.00000000,5322180.43880000,41205
2021-12-15,2.86500000,3.09500000,2.72400000,3.01700000,2199355.20000000,6399491.73720000,56582
2021-12-16,3.02100000,3.11000000,2.89900000,2.91500000,1815703.10000000,5470544.56240000,33777
2021-12-17,2.91500000,3.02000000,2.75100000,2.85500000,2453354.80000000,7071482.09230000,58513
2021-12-18,2.85300000,2.95300000,2.76600000,2.89400000,1335866.40000000,3839986.71700000,27333
2021-12-19,2.89600000,2.96500000,2.79200000,2.80500000,819284.10000000,2358724.94720000,19950
2021-12-20,2.80300000,2.84000000,2.65000000,2.77000000,1233572.30000000,3374313.29690000,28463
2021-12-21,2.77500000,2.96300000,2.75300000,2.96000000,938107.50000000,2692368.76440000,24495
2021-12-22,2.96000000,3.16800000,2.92900000,3.03200000,2587571.80000000,7852518.70010000,79602
2021-12-23,3.03200000,3.27100000,2.95300000,3.21000000,2812398.70000000,8764841.46870000,81867
2021-12-24,3.21100000,3.25900000,3.05600000,3.12100000,1604810.10000000,5092960.05440000,50785
2021-12-25,3.12200000,3.49400000,3.09100000,3.36500000,5006964.60000000,16841443.32830000,176053
2021-12-26,3.36200000,3.46100000,3.16200000,3.39600000,2720775.20000000,9004037.73640000,77275
2021-12-27,3.39800000,3.47900000,3.31100000,3.32200000,1651825.30000000,5633541.19820000,53306
2021-12-28,3.32300000,3.32300000,3.02900000,3.08000000,2224002.80000000,7011346.25730000,73467
2021-12-29,3.08000000,3.27200000,2.91100000,2.95700000,2794029.30000000,8670086.17560000,79630
2021-12-30,2.95200000,3.00800000,2.83900000,2.95400000,1259879.10000000,3717458.05130000,31310
2021-12-31,2.95200000,3.08000000,2.85500000,2.96800000,1324740.50000000,3947800.32820000,39561
2022-01-01,2.96600000,3.13800000,2.96200000,3.12600000,1071217.60000000,3287703.90790000,36539
2022-01-02,3.12300000,3.20500000,3.06000000,3.18200000,898875.20000000,2820245.07220000,30227
2022-01-03,3.18000000,3.20600000,2.98000000,3.09900000,1118724.30000000,3494737.79520000,33045
2022-01-04,3.09900000,3.21400000,3.00400000,3.07500000,1571988.40000000,4922107.05730000,45978
2022-01-05,3.07800000,3.24700000,2.72000000,2.86200000,2245440.70000000,6885746.18460000,72646
2022-01-06,2.86500000,2.90000000,2.68000000,2.78200000,1402655.20000000,3883843.94010000,34033
2022-01-07,2.78300000,2.79400000,2.50000000,2.60700000,2168131.87000000,5652225.56860000,52670
2022-01-08,2.60800000,2.67600000,2.36600000,2.43700000,1732425.30000000,4346863.90330000,40443
2022-01-09,2.43500000,2.54700000,2.41200000,2.47100000,737393.80000000,1824645.75750000,19051
2022-01-10,2.47000000,2.58600000,2.24300000,2.29900000,4018189.70000000,9666939.38626300,66651
2022-01-11,2.29600000,2.42000000,2.26600000,2.41700000,1670454.70000000,3917168.31220000,28606
2022-01-12,2.41700000,2.68400000,2.41700000,2.63700000,1561725.10000000,3989085.56360000,38414
2022-01-13,2.63800000,2.73000000,2.56300000,2.59000000,2349244.00000000,6233153.76830000,59717
2022-01-14,2.59100000,2.68300000,2.52100000,2.57200000,1504412.80000000,3893115.71050000,29509
2022-01-15,2.57200000,2.69900000,2.53600000,2.68000000,888191.40000000,2323860.29570000,21850
2022-01-16,2.68000000,2.74200000,2.60300000,2.67000000,656162.00000000,1747320.43090000,23084
2022-01-17,2.67000000,2.68200000,2.42000000,2.46900000,1560305.40000000,3946163.29200000,26487
2022-01-18,2.46800000,2.48800000,2.35300000,2.43900000,875863.90000000,2110264.34670000,22598
2022-01-19,2.43900000,2.45000000,2.30900000,2.32000000,929500.80000000,2201895.02120000,18547
2022-01-20,2.32300000,2.43100000,2.19200000,2.21200000,907227.18000000,2111963.22480000,24008
2022-01-21,2.20900000,2.25000000,1.83500000,1.90500000,3877651.57000000,7957819.72148000,56499
2022-01-22,1.90400000,1.94900000,1.51400000,1.65600000,5418602.70000000,9256109.02050000,60756
2022-01-23,1.65800000,1.76900000,1.60000000,1.68800000,3345702.70000000,5642734.03300000,29735
2022-01-24,1.68700000,1.68800000,1.38600000,1.52700000,4959666.55000000,7381686.64375000,41598
2022-01-25,1.52600000,1.55000000,1.46200000,1.51800000,1914460.90000000,2890373.94170000,21449
2022-01-26,1.51900000,1.66500000,1.49100000,1.51700000,2987290.20000000,4676859.05970000,36267
2022-01-27,1.51800000,1.54600000,1.37100000,1.42600000,2064724.60000000,3014102.62920000,22180
2022-01-28,1.42700000,1.47200000,1.35400000,1.40000000,2939115.70000000,4118139.90820000,25778
2022-01-29,1.40100000,1.45800000,1.38300000,1.43300000,2533158.90000000,3595080.40580000,19855
2022-01-30,1.43400000,1.49100000,1.34200000,1.35100000,2994033.80000000,4255428.12190000,30643
2022-01-31,1.34900000,1.38400000,1.27500000,1.36600000,3460536.23000000,4588209.33662300,26879
2022-02-01,1.36600000,1.48800000,1.36300000,1.43200000,2973138.90000000,4272128.58660000,31787
2022-02-02,1.43400000,1.50100000,1.35100000,1.37400000,3497627.90000000,5004418.10990000,37280
2022-02-03,1.37100000,1.43300000,1.32100000,1.42600000,2769567.40000000,3794389.71740000,31314
2022-02-04,1.42500000,1.56600000,1.41300000,1.56300000,5938530.70000000,8950545.61280000,57602
2022-02-05,1.56300000,1.67500000,1.55100000,1.60200000,4044100.00000000,6522690.89950000,51958
2022-02-06,1.60100000,1.68800000,1.56900000,1.67500000,2919370.60000000,4759418.76970000,39339
2022-02-07,1.67600000,1.82200000,1.62700000,1.74500000,5165531.70000000,9008601.45510000,74656
2022-02-08,1.74700000,1.81200000,1.60700000,1.68100000,4007278.50000000,6798998.76010000,55571
2022-02-09,1.68100000,1.79200000,1.60200000,1.77800000,6285309.90000000,10709081.82550000,61655
2022-02-10,1.77900000,1.82200000,1.63100000,1.74400000,6876870.60000000,12003791.03210000,87511
2022-02-11,1.74500000,1.98000000,1.53500000,1.56700000,14329399.50000000,26265041.34690000,185673
2022-02-12,1.56600000,1.58900000,1.46900000,1.53700000,5594854.10000000,8585849.65470000,44256
2022-02-13,1.53500000,1.56100000,1.44400000,1.48800000,2569479.20000000,3891807.47290000,20115
2022-02-14,1.48900000,1.55400000,1.42400000,1.51900000,2666710.20000000,3984386.58820000,25729
2022-02-15,1.52000000,1.71000000,1.52000000,1.69600000,2547982.00000000,4135377.31270000,33297
2022-02-16,1.69600000,1.72700000,1.59900000,1.66800000,2941694.40000000,4884820.47300000,35948
2022-02-17,1.67000000,1.69900000,1.48100000,1.51100000,3260263.20000000,5189403.94040000,33950
2022-02-18,1.51100000,1.58600000,1.48600000,1.52000000,2035686.60000000,3112239.23780000,25597
2022-02-19,1.51900000,1.58800000,1.42400000,1.46900000,2637542.00000000,3934744.32440000,24345
2022-02-20,1.46900000,1.47200000,1.35800000,1.41100000,2056162.70000000,2867802.47410000,22197
2022-02-21,1.41000000,1.48000000,1.30200000,1.30700000,3850201.20000000,5363177.97130000,43873
2022-02-22,1.30800000,1.40700000,1.28400000,1.36400000,3396644.10000000,4606175.30340000,36348
2022-02-23,1.36400000,1.45700000,1.30400000,1.30800000,4162476.20000000,5835046.19830000,42179
2022-02-24,1.30800000,1.31600000,1.07300000,1.23000000,6255469.57000000,7380017.66440000,58741
2022-02-25,1.23300000,1.42600000,1.20700000,1.39100000,3134994.00000000,4084593.00150000,37902
2022-02-26,1.39100000,1.47500000,1.35000000,1.36200000,3671363.60000000,5191796.34180000,38721
2022-02-27,1.36300000,1.38100000,1.22500000,1.25900000,3288628.80000000,4304408.57050000,34766
2022-02-28,1.25900000,1.44500000,1.24500000,1.44300000,2990746.50000000,4022765.92420000,38215
2022-03-01,1.44300000,1.54300000,1.44300000,1.48000000,3634960.30000000,5420489.74550000,46019
2022-03-02,1.48100000,1.53900000,1.44000000,1.50300000,2530415.50000000,3773792.40990000,32617
2022-03-03,1.50200000,1.52700000,1.40200000,1.44400000,1743187.50000000,2548400.43340000,20082
2022-03-04,1.44400000,1.45200000,1.31500000,1.32900000,1911299.70000000,2682973.47070000,25388
2022-03-05,1.33000000,1.40400000,1.29400000,1.38900000,1394943.40000000,1898300.14170000,20962
2022-03-06,1.38900000,1.41500000,1.21000000,1.21700000,2633679.30000000,3412401.95240000,29620
2022-03-07,1.21700000,1.24200000,1.12500000,1.16700000,4019953.10000000,4780259.66810000,33777
2022-03-08,1.16600000,1.23300000,1.15900000,1.20700000,1913328.70000000,2296084.91750000,25455
2022-03-09,1.20600000,1.32200000,1.20300000,1.30600000,2663658.70000000,3415473.82110000,29598
2022-03-10,1.30700000,1.31800000,1.14800000,1.19000000,3060902.80000000,3685213.14000000,26288
2022-03-11,1.19000000,1.22100000,1.14000000,1.15000000,2221861.70000000,2611319.61090000,19232
2022-03-12,1.15000000,1.17900000,1.12700000,1.13300000,1480479.90000000,1702795.77370000,10674
2022-03-13,1.13300000,1.17400000,1.07900000,1.09900000,1684689.50000000,1905976.05000000,15003
2022-03-14,1.09800000,1.14900000,1.08000000,1.14700000,1783397.50000000,2002318.74250000,14875
2022-03-15,1.14700000,1.19600000,1.09800000,1.15300000,2860501.20000000,3262567.08950000,21365
2022-03-16,1.15400000,1.21400000,1.13300000,1.21400000,3554426.70000000,4173596.63640000,29331
2022-03-17,1.21300000,1.22900000,1.18300000,1.18500000,2113470.90000000,2545883.35420000,14917
2022-03-18,1.18500000,1.24900000,1.15000000,1.23200000,2039272.80000000,2443463.83540000,18472
2022-03-19,1.23200000,1.30400000,1.23000000,1.28500000,3386567.10000000,4305842.51020000,31596
2022-03-20,1.28400000,1.31600000,1.21700000,1.25400000,3079429.60000000,3895538.31580000,24730
2022-03-21,1.25300000,1.37500000,1.22300000,1.29200000,5343486.40000000,6989515.99460000,49322
2022-03-22,1.29300000,1.36100000,1.28700000,1.34000000,2931504.80000000,3898723.11450000,25466
2022-03-23,1.34100000,1.43900000,1.30800000,1.41300000,4458322.20000000,6147534.23060000,45882
2022-03-24,1.41300000,1.42400000,1.34700000,1.39600000,2665305.70000000,3706463.27490000,23305
2022-03-25,1.39600000,1.44000000,1.33100000,1.35000000,2885002.80000000,4018393.68930000,31375
2022-03-26,1.35000000,1.41400000,1.34500000,1.40900000,1301408.70000000,1797021.12230000,13237
2022-03-27,1.40900000,1.59400000,1.38800000,1.56900000,4561078.80000000,6750678.82670000,74105
2022-03-28,1.56900000,1.67900000,1.51600000,1.53900000,7113234.40000000,11471421.01390000,81560
2022-03-29,1.53800000,1.71500000,1.52700000,1.60700000,6923703.60000000,11308714.32820000,94507
2022-03-30,1.60800000,1.75000000,1.54400000,1.68900000,4829478.50000000,8068051.48400000,81885
2022-03-31,1.68900000,1.82500000,1.59500000,1.72000000,5798230.30000000,9967243.68110000,102236
2022-04-01,1.72000000,1.94900000,1.62600000,1.84100000,10954566.60000000,19552131.71340000,182534
2022-04-02,1.84100000,2.20000000,1.82100000,1.92100000,26577022.90000000,54468842.39500000,340016
2022-04-03,1.92100000,2.10000000,1.92100000,1.97000000,8146344.80000000,16307112.95440000,94750
2022-04-04,1.97000000,2.02800000,1.78100000,1.91200000,4890119.50000000,9323206.79180000,65390
2022-04-05,1.91000000,1.91200000,1.77200000,1.77300000,3048039.10000000,5631427.16690000,37318
2022-04-06,1.77500000,1.80900000,1.54500000,1.55300000,6381403.20000000,10665727.78120000,72006
2022-04-07,1.55200000,1.63600000,1.51400000,1.59200000,3492090.70000000,5473410.26300000,35443
2022-04-08,1.59000000,1.60900000,1.39100000,1.40800000,4104111.80000000,6215208.87390000,36946
2022-04-09,1.40700000,1.48700000,1.40500000,1.48300000,3180616.60000000,4608742.88710000,26738
2022-04-10,1.48300000,1.49000000,1.37700000,1.38900000,3462886.70000000,4973666.25130000,24635
2022-04-11,1.38700000,1.40400000,1.20000000,1.22900000,4592854.60000000,6018124.34740000,49107
2022-04-12,1.22900000,1.34700000,1.22100000,1.31900000,3349311.40000000,4350360.18390000,36800
2022-04-13,1.32000000,1.38100000,1.29500000,1.37400000,3153211.60000000,4246179.27120000,30878
2022-04-14,1.37500000,1.41600000,1.30300000,1.34100000,2343458.80000000,3195356.80460000,24079
2022-04-15,1.34100000,1.39400000,1.32500000,1.36900000,1739320.90000000,2372054.69390000,18688
2022-04-16,1.36900000,1.40500000,1.35500000,1.37900000,1938918.50000000,2676283.80480000,16828
2022-04-17,1.37900000,1.43600000,1.32700000,1.33400000,2106883.90000000,2930833.89560000,23422
2022-04-18,1.33300000,1.37500000,1.25400000,1.37400000,2942548.80000000,3828090.04640000,25142
2022-04-19,1.37400000,1.45400000,1.36900000,1.44000000,2279187.50000000,3215962.14510000,23838
2022-04-20,1.43900000,1.49600000,1.36200000,1.40200000,4054185.90000000,5826014.47440000,35638
2022-04-21,1.40100000,1.48000000,1.31600000,1.33700000,2791212.10000000,3953414.64100000,33142
2022-04-22,1.33700000,1.38400000,1.31800000,1.34300000,2031906.70000000,2737423.78520000,21590
2022-04-23,1.34400000,1.37500000,1.31700000,1.33900000,1432631.70000000,1937022.98000000,17080
2022-04-24,1.33900000,1.38100000,1.30700000,1.33300000,1880293.90000000,2527760.09920000,21556
2022-04-25,1.33200000,1.33400000,1.20600000,1.31800000,2821299.40000000,3557167.21160000,28016
2022-04-26,1.31900000,1.36800000,1.17800000,1.20200000,3097019.00000000,3926560.21870000,29757
2022-04-27,1.20100000,1.26900000,1.18900000,1.25700000,1871292.30000000,2318720.67900000,18614
2022-04-28,1.25600000,1.30100000,1.24100000,1.27900000,2343985.10000000,2978717.52840000,20845
2022-04-29,1.28000000,1.30000000,1.14400000,1.17000000,2344190.80000000,2853734.33140000,20616
2022-04-30,1.17100000,1.19200000,0.96700000,1.02400000,3905820.70000000,4305440.28350500,28910
2022-05-01,1.02300000,1.13000000,0.99600000,1.11600000,5623366.40000000,5973082.35450000,31579
2022-05-02,1.11600000,1.14900000,1.02600000,1.07600000,3174948.80000000,3439344.13520000,22077
2022-05-03,1.07600000,1.14200000,1.04900000,1.06900000,2108870.50000000,2312359.54730000,16579
2022-05-04,1.07000000,1.22500000,1.06600000,1.21800000,3654170.90000000,4207656.33850000,27265
2022-05-05,1.21800000,1.24100000,1.02700000,1.05100000,4756587.00000000,5298221.96910000,30528
2022-05-06,1.05200000,1.05700000,0.97900000,1.03100000,5908765.10000000,6021491.65370000,31568
2022-05-07,1.03200000,1.04500000,0.95700000,0.99200000,3450992.50000000,3509986.14560000,21025
2022-05-08,0.99200000,1.03000000,0.95300000,1.00000000,4152953.80000000,4147666.60100000,25143
2022-05-09,1.00000000,1.03100000,0.75100000,0.75700000,10222419.70000000,9047443.27220000,54035
2022-05-10,0.75900000,0.89200000,0.72300000,0.79100000,12883223.40000000,10441909.32430000,52759
2022-05-11,0.79000000,0.82100000,0.50400000,0.54900000,16005445.00000000,10315008.36520000,63926
2022-05-12,0.54900000,0.58200000,0.38600000,0.46400000,18367539.80000000,8512747.02290000,57458
2022-05-13,0.46500000,0.61400000,0.45300000,0.53000000,9757504.30000000,5464260.40500000,39307
2022-05-14,0.53000000,0.62600000,0.49000000,0.61800000,8691981.60000000,4766733.73070000,34769
2022-05-15,0.61900000,0.64100000,0.53800000,0.60900000,6775049.80000000,3992873.65810000,24677
2022-05-16,0.60800000,0.60800000,0.53200000,0.53900000,6041852.40000000,3358589.16720000,20951
2022-05-17,0.54000000,0.61500000,0.53700000,0.60800000,5064071.60000000,2905337.29380000,19200
2022-05-18,0.60800000,0.63200000,0.53500000,0.54800000,7117072.00000000,4069432.72810000,22636
2022-05-19,0.54900000,0.64000000,0.52600000,0.62900000,7028333.70000000,4100336.76210000,22531
2022-05-20,0.63100000,0.63400000,0.54500000,0.58700000,6834716.40000000,4047788.26330000,19936
2022-05-21,0.58700000,0.64300000,0.56800000,0.58300000,7212377.60000000,4306471.71870000,20511
2022-05-22,0.58300000,0.63300000,0.57100000,0.62500000,5720469.00000000,3473974.70230000,17315
2022-05-23,0.62500000,0.69600000,0.60900000,0.64800000,12183586.00000000,7960535.78040000,39907
2022-05-24,0.64800000,0.73600000,0.58700000,0.64800000,13777578.50000000,9153383.80980000,41464
2022-05-25,0.64900000,0.69500000,0.61200000,0.66600000,7660729.20000000,4959554.68650000,24919
2022-05-26,0.66600000,0.68100000,0.52100000,0.53800000,17311181.40000000,10121823.75590000,44979
2022-05-27,0.53900000,0.54800000,0.49300000,0.52700000,12125890.80000000,6299625.90920000,28308
2022-05-28,0.52800000,0.64900000,0.50700000,0.53700000,12368994.70000000,6808619.76990000,28909
2022-05-29,0.53600000,0.61600000,0.51400000,0.60700000,12708553.20000000,7212880.21000000,26262
2022-05-30,0.60600000,0.74200000,0.59600000,0.71100000,32022964.70000000,21833826.10160000,77437
2022-05-31,0.71100000,0.71200000,0.64400000,0.67000000,13344852.80000000,9024564.82450000,30797
2022-06-01,0.66900000,0.69800000,0.59000000,0.62100000,10107331.70000000,6468787.25920000,29330
2022-06-02,0.62100000,0.62900000,0.59000000,0.61900000,7305975.00000000,4443435.40590000,18799
2022-06-03,0.61800000,0.62300000,0.56400000,0.59200000,4131892.70000000,2432259.99330000,13950
2022-06-04,0.59200000,0.62200000,0.57700000,0.60400000,3010395.20000000,1805644.33640000,11825
2022-06-05,0.60500000,0.62800000,0.59300000,0.61000000,2269023.50000000,1377000.36200000,9407
2022-06-06,0.61100000,0.66500000,0.60700000,0.64700000,4789875.00000000,3070921.79520000,17553
2022-06-07,0.64700000,1.04800000,0.58200000,0.75100000,40956883.10000000,32581932.76320000,179265
2022-06-08,0.75000000,1.33800000,0.66800000,0.93900000,123392198.10000000,122385244.08620000,580756
2022-06-09,0.93900000,0.93900000,0.73100000,0.77200000,45247581.20000000,37274309.80310000,142170
2022-06-10,0.77100000,0.83800000,0.72100000,0.79800000,20800933.50000000,16287579.65720000,66970
2022-06-11,0.79700000,0.85700000,0.65000000,0.66600000,23297271.30000000,17831121.82260000,67371
2022-06-12,0.66600000,1.07000000,0.57600000,0.77100000,85970538.40000000,73185199.98840000,296380
2022-06-13,0.77000000,1.15000000,0.64600000,0.90600000,117039172.20000000,106111030.65630000,446712
2022-06-14,0.90600000,1.09700000,0.79700000,0.85500000,75613060.90000000,72909417.90180000,263331
2022-06-15,0.85400000,0.88500000,0.69800000,0.82300000,29819741.80000000,23861039.81420000,93991
2022-06-16,0.82400000,0.84400000,0.67600000,0.69800000,17713157.90000000,13496409.49790000,55321
2022-06-17,0.69800000,0.79400000,0.69400000,0.75100000,12297800.20000000,9145839.05240000,41484
2022-06-18,0.75000000,1.09900000,0.72000000,0.98500000,73446572.20000000,66243204.75170000,244974
2022-06-19,0.98300000,1.10900000,0.92600000,0.94400000,51769229.10000000,52072633.27110000,177776
2022-06-20,0.94400000,0.97100000,0.84400000,0.87900000,16265177.60000000,14938355.41420000,59649
2022-06-21,0.88000000,0.95600000,0.85700000,0.87600000,15828940.70000000,14383666.81920000,54566
2022-06-22,0.87600000,1.18500000,0.83700000,1.11700000,47904593.10000000,50553063.30640000,196095
2022-06-23,1.11700000,1.28300000,1.06300000,1.10300000,41712149.70000000,48924141.33970000,173124
2022-06-24,1.10200000,1.28000000,1.07900000,1.09200000,18362138.40000000,21121685.60470000,77399
2022-06-25,1.09300000,1.12600000,1.01900000,1.06500000,7565239.20000000,8131225.56330000,35323
2022-06-26,1.06500000,1.20000000,1.02500000,1.08700000,14834461.60000000,16597931.05410000,67409
2022-06-27,1.08700000,1.26200000,1.05100000,1.06500000,27616329.80000000,31827492.42300000,103318
2022-06-28,1.06600000,1.09300000,0.92200000,0.93200000,10407764.80000000,10581154.44660000,40047
2022-06-29,0.93200000,1.02100000,0.90300000,0.91100000,8627014.70000000,8239918.16770000,38413
2022-06-30,0.91100000,0.91100000,0.79400000,0.86600000,6404181.50000000,5388047.14440000,31854
2022-07-01,0.86800000,0.89000000,0.81400000,0.84400000,5131774.50000000,4378413.10020000,24304
2022-07-02,0.84300000,0.85200000,0.80400000,0.83000000,2955281.30000000,2432623.00560000,14482
2022-07-03,0.83100000,0.84600000,0.79300000,0.82200000,3284249.20000000,2697156.33500000,15147
2022-07-04,0.82200000,0.89200000,0.80000000,0.87300000,9138182.60000000,7847584.50820000,29767
2022-07-05,0.87400000,1.02400000,0.87200000,0.96600000,22904830.60000000,21866332.83700000,81898
2022-07-06,0.96600000,0.98700000,0.90900000,0.92500000,8072595.80000000,7561005.73750000,27606
2022-07-07,0.92400000,0.96400000,0.89500000,0.93900000,5686667.80000000,5279028.38410000,21378
2022-07-08,0.93900000,0.99000000,0.90300000,0.90400000,8145921.10000000,7691385.72730000,29340
2022-07-09,0.90600000,0.92600000,0.89600000,0.91100000,2946610.60000000,2691410.03850000,10782
2022-07-10,0.91100000,0.91500000,0.83600000,0.85500000,4483772.00000000,3898758.92730000,16503
2022-07-11,0.85400000,0.86700000,0.79600000,0.80500000,3229404.80000000,2705148.13560000,15283
2022-07-12,0.80600000,0.82800000,0.74300000,0.74700000,3595195.40000000,2839502.97880000,13242
2022-07-13,0.74700000,0.78800000,0.68300000,0.77300000,5787572.80000000,4270346.27620000,18889
2022-07-14,0.77300000,0.79300000,0.73500000,0.78300000,4917208.60000000,3760058.03220000,16411
2022-07-15,0.78300000,0.84500000,0.76900000,0.80000000,7420561.90000000,6010306.88650000,26136
2022-07-16,0.80100000,0.83100000,0.77300000,0.81500000,4342401.00000000,3486069.45120000,16337
2022-07-17,0.81500000,0.84700000,0.77700000,0.78300000,3379169.80000000,2736750.75820000,16737
2022-07-18,0.78300000,0.85200000,0.78200000,0.84100000,4394489.70000000,3633898.77490000,20755
2022-07-19,0.84100000,0.88000000,0.81700000,0.85800000,4955783.50000000,4230081.38480000,23883
2022-07-20,0.85900000,0.90000000,0.78300000,0.79600000,5681280.00000000,4824811.12380000,24909
2022-07-21,0.79600000,0.82900000,0.76300000,0.81600000,4128901.70000000,3273623.97430000,17394
2022-07-22,0.81600000,0.88100000,0.79300000,0.82200000,6502611.20000000,5501656.72660000,26058
2022-07-23,0.82200000,0.96000000,0.81200000,0.88900000,12587708.60000000,11494833.32520000,48791
2022-07-24,0.88900000,0.92200000,0.86300000,0.86800000,5634567.80000000,5052213.79700000,20405
2022-07-25,0.86700000,0.87800000,0.78200000,0.78200000,4122910.70000000,3415172.65170000,18630
2022-07-26,0.78400000,0.78500000,0.71400000,0.75100000,5072656.80000000,3763024.09950000,16447
2022-07-27,0.75000000,0.81400000,0.73700000,0.79500000,4698612.80000000,3592722.08150000,16650
2022-07-28,0.79600000,0.90400000,0.78200000,0.88600000,13842940.40000000,11842019.66960000,45645
2022-07-29,0.88500000,0.94800000,0.86600000,0.90700000,12510419.40000000,11254716.07830000,50766
2022-07-30,0.90800000,1.07900000,0.88400000,0.98300000,15449787.30000000,15391681.54340000,73141
2022-07-31,0.98200000,1.13900000,0.97300000,1.01200000,8708344.50000000,9001518.78090000,47744
2022-08-01,1.01100000,1.08200000,0.97400000,0.99700000,5693540.70000000,5828298.63760000,31240
2022-08-02,0.99700000,1.02000000,0.92900000,0.94100000,3780151.50000000,3623387.51120000,21402
2022-08-03,0.94100000,1.17000000,0.91500000,1.01300000,17095827.00000000,18361986.28630000,100925
2022-08-04,1.01300000,1.07300000,0.95400000,0.97900000,8613397.70000000,8656844.76960000,43197
2022-08-05,0.98000000,1.02300000,0.97600000,1.01500000,4299232.30000000,4304486.04510000,19892
2022-08-06,1.01400000,1.06300000,1.00700000,1.02000000,3538425.50000000,3646009.57560000,18266
2022-08-07,1.02000000,1.04700000,0.99700000,1.02700000,2467121.90000000,2531000.75850000,14249
2022-08-08,1.02700000,1.06800000,1.00000000,1.00900000,3169902.70000000,3273305.37460000,20484
2022-08-09,1.01000000,1.02200000,0.92600000,0.97900000,3042146.30000000,2970186.49950000,16053
2022-08-10,0.97900000,1.02200000,0.94200000,1.01200000,3190926.90000000,3152493.92960000,15481
2022-08-11,1.01300000,1.07900000,1.00600000,1.03000000,5109139.00000000,5318754.41270000,22246
2022-08-12,1.03200000,1.04600000,1.00200000,1.04500000,2178837.50000000,2230656.99930000,12562
2022-08-13,1.04500000,1.05500000,0.99700000,1.00600000,2497250.50000000,2562307.28360000,11400
2022-08-14,1.00600000,1.02600000,0.94100000,0.95500000,2746948.10000000,2704467.36920000,12657
2022-08-15,0.95500000,0.98900000,0.92400000,0.94300000,2314753.40000000,2212659.42610000,14546
2022-08-16,0.94100000,0.95200000,0.92300000,0.94300000,1551692.00000000,1456413.82330000,9437
2022-08-17,0.94300000,0.97100000,0.86100000,0.87500000,2837976.30000000,2599777.15630000,15587
2022-08-18,0.87600000,0.89800000,0.79600000,0.81100000,2593124.30000000,2237915.21010000,12061
2022-08-19,0.81200000,0.81600000,0.73000000,0.74800000,4322570.00000000,3292716.29800000,18192
2022-08-20,0.74800000,0.80500000,0.70600000,0.73300000,4016632.80000000,3031649.26170000,15014
2022-08-21,0.73400000,0.78900000,0.73400000,0.77300000,2668995.80000000,2043027.48900000,10852
2022-08-22,0.77400000,0.77400000,0.71800000,0.77100000,2063944.00000000,1532758.00110000,7946
2022-08-23,0.77100000,0.78700000,0.74200000,0.77400000,2716243.60000000,2086941.85700000,11818
2022-08-24,0.77400000,0.79900000,0.75300000,0.77100000,3212676.80000000,2496950.28450000,13752
2022-08-25,0.77100000,0.81400000,0.75700000,0.77000000,2339542.80000000,1834897.07860000,10345
2022-08-26,0.76900000,0.77000000,0.68600000,0.69500000,3765152.20000000,2770978.35740000,16136
2022-08-27,0.69400000,0.74800000,0.69000000,0.72600000,2200132.50000000,1575773.21440000,9647
2022-08-28,0.72600000,0.73300000,0.67800000,0.68400000,1732264.70000000,1238072.42460000,7947
2022-08-29,0.68300000,0.75600000,0.67500000,0.74400000,2276845.70000000,1635161.96400000,10347
2022-08-30,0.74300000,0.75400000,0.70100000,0.73600000,3288598.10000000,2404872.63180000,12489
2022-08-31,0.73600000,0.76100000,0.71300000,0.71600000,3160888.20000000,2337968.86480000,11861
2022-09-01,0.71600000,0.72900000,0.69600000,0.72400000,1809240.70000000,1295394.57960000,8900
2022-09-02,0.72400000,0.73500000,0.69200000,0.70000000,1893032.30000000,1356031.98510000,9782
2022-09-03,0.69900000,0.71500000,0.69400000,0.71100000,1001541.30000000,707620.22590000,4089
2022-09-04,0.71200000,0.72300000,0.70300000,0.72200000,965780.60000000,688288.16910000,3828
2022-09-05,0.72300000,0.73700000,0.70600000,0.72100000,1711481.00000000,1231368.00000000,7128
2022-09-06,0.72200000,0.74500000,0.64800000,0.65000000,3584374.00000000,2511144.14160000,14498
2022-09-07,0.65000000,0.69600000,0.63800000,0.68800000,2773714.80000000,1850339.73280000,10074
2022-09-08,0.68800000,0.69200000,0.65900000,0.68500000,3622870.70000000,2447350.44470000,11754
2022-09-09,0.68400000,0.76900000,0.68400000,0.75100000,5319497.80000000,3929001.75840000,19875
2022-09-10,0.75100000,0.77000000,0.73300000,0.74600000,2821237.10000000,2116787.40200000,11574
2022-09-11,0.74500000,0.76300000,0.73300000,0.74400000,1884742.90000000,1415928.55040000,7782
2022-09-12,0.74400000,0.77600000,0.70600000,0.72200000,3112543.00000000,2309354.89310000,15150
2022-09-13,0.72200000,0.76900000,0.67300000,0.67700000,3654401.90000000,2609237.65780000,16958
2022-09-14,0.67700000,0.69500000,0.66800000,0.68200000,2647574.60000000,1807348.03910000,9664
2022-09-15,0.68000000,0.68200000,0.64600000,0.66500000,2791270.70000000,1852137.32880000,11661
2022-09-16,0.66600000,0.67400000,0.62800000,0.64800000,2340475.70000000,1530652.57740000,9463
2022-09-17,0.64900000,0.69200000,0.64800000,0.69200000,1215900.10000000,816182.31000000,5152
2022-09-18,0.69100000,0.69200000,0.61000000,0.61300000,2319509.10000000,1492946.33080000,7962
2022-09-19,0.61400000,0.62400000,0.57600000,0.61500000,3647344.50000000,2178445.69550000,12875
2022-09-20,0.61400000,0.62200000,0.58300000,0.58500000,2546834.00000000,1532412.83310000,10049
2022-09-21,0.58400000,0.62000000,0.55000000,0.56200000,3614924.00000000,2118440.74380000,13994
2022-09-22,0.56100000,0.60700000,0.55600000,0.60200000,2395761.20000000,1407233.15490000,9716
2022-09-23,0.60200000,0.61500000,0.56800000,0.60400000,2961521.80000000,1749722.74130000,11469
2022-09-24,0.60400000,0.61600000,0.58400000,0.58800000,1674325.10000000,1006836.82770000,5749
2022-09-25,0.58700000,0.59500000,0.56000000,0.56500000,1024401.00000000,593831.57700000,4344
2022-09-26,0.56500000,0.58600000,0.55700000,0.58000000,2507397.30000000,1438886.52420000,8280
2022-09-27,0.58000000,0.62400000,0.57300000,0.58700000,2814607.70000000,1687229.44110000,9691
2022-09-28,0.58600000,0.59900000,0.57200000,0.59500000,1394981.00000000,813141.04210000,5953
2022-09-29,0.59600000,0.60700000,0.57900000,0.60700000,1446983.80000000,851832.66660000,6070
2022-09-30,0.60800000,0.64100000,0.59300000,0.61100000,9590806.30000000,5957125.54930000,24463
2022-10-01,0.61100000,0.61300000,0.59800000,0.59900000,1796620.20000000,1086356.69590000,4808
2022-10-02,0.59800000,0.87200000,0.58900000,0.72300000,38404867.80000000,28548589.29250000,121473
2022-10-03,0.72200000,1.03100000,0.70100000,0.94100000,64843411.40000000,57483720.49190000,256551
2022-10-04,0.94000000,0.98900000,0.84900000,0.85700000,22420529.40000000,20618645.64760000,101696
2022-10-05,0.85800000,0.94800000,0.83600000,0.89900000,17482205.10000000,15659617.32280000,56171
2022-10-06,0.89900000,0.91000000,0.84800000,0.86600000,5398705.90000000,4717060.94520000,17384
2022-10-07,0.86600000,0.91700000,0.83400000,0.87000000,9084047.30000000,8021740.64060000,25201
2022-10-08,0.86900000,0.86900000,0.78100000,0.79700000,4449108.70000000,3632696.15050000,14438
2022-10-09,0.79700000,0.80200000,0.76100000,0.77100000,3921917.20000000,3054554.63830000,10313
2022-10-10,0.77100000,0.80100000,0.71300000,0.71500000,3864665.00000000,2948836.84560000,12335
2022-10-11,0.71500000,0.78200000,0.70700000,0.76700000,9759029.60000000,7322041.23950000,25513
2022-10-12,0.76600000,0.76700000,0.69700000,0.70400000,3949721.90000000,2856772.90430000,10996
2022-10-13,0.70300000,0.71000000,0.61900000,0.67800000,7454870.70000000,4971070.61180000,21793
2022-10-14,0.67900000,0.72100000,0.65600000,0.66700000,6525948.60000000,4509238.97250000,16440
2022-10-15,0.66600000,0.96000000,0.65600000,0.83200000,36727941.40000000,29302120.50340000,140793
2022-10-16,0.83100000,0.87600000,0.76700000,0.77500000,18976411.10000000,15377322.56190000,61737
2022-10-17,0.77500000,0.77900000,0.74000000,0.76800000,7024460.60000000,5349451.32600000,18393
2022-10-18,0.76900000,0.79900000,0.71600000,0.73900000,7755896.00000000,5854094.68700000,22679
2022-10-19,0.73800000,0.74500000,0.68800000,0.69400000,4911898.30000000,3539142.63770000,14574
2022-10-20,0.69300000,0.73900000,0.68200000,0.69300000,4338108.10000000,3080518.44720000,14991
2022-10-21,0.69200000,0.69800000,0.64700000,0.69600000,5681971.80000000,3837890.54750000,15904
2022-10-22,0.69700000,0.74300000,0.67900000,0.70700000,7025836.70000000,5012411.74040000,18346
2022-10-23,0.70700000,0.70800000,0.66300000,0.70500000,5607404.50000000,3831165.05190000,14850
2022-10-24,0.70600000,0.78000000,0.70600000,0.71100000,16004835.00000000,11934451.21480000,43085
2022-10-25,0.71200000,0.75800000,0.70100000,0.74500000,7932547.10000000,5762031.58790000,20667
2022-10-26,0.74600000,0.78700000,0.73900000,0.75200000,8066382.40000000,6118562.96030000,23495
2022-10-27,0.75300000,0.84600000,0.75000000,0.77700000,12937447.80000000,10398919.12710000,42088
2022-10-28,0.77700000,0.83000000,0.75200000,0.81700000,8098552.80000000,6364348.49820000,25407
2022-10-29,0.81600000,0.94000000,0.81100000,0.86500000,18018069.00000000,15848134.04900000,66684
2022-10-30,0.86500000,0.89100000,0.79800000,0.84000000,7281565.10000000,6090726.82300000,25943
2022-10-31,0.84000000,0.97000000,0.83800000,0.95500000,27577142.20000000,25208899.11900000,91952
2022-11-01,0.95500000,0.95500000,0.86800000,0.91500000,9976066.20000000,8969099.50100000,28609
2022-11-02,0.91500000,1.18800000,0.90100000,1.03100000,35997043.50000000,38028379.65590000,152991
2022-11-03,1.03000000,1.39100000,0.98700000,1.28600000,55696931.50000000,67969808.96570000,291298
2022-11-04,1.28600000,1.29300000,1.15700000,1.25400000,17652101.10000000,21470298.34200000,100472
2022-11-05,1.25500000,1.32100000,1.09000000,1.10700000,14729783.90000000,17792955.76070000,81380
2022-11-06,1.10600000,1.18000000,1.01100000,1.01600000,10205789.20000000,11380073.17850000,49392
2022-11-07,1.01700000,1.16500000,1.01700000,1.06100000,9161463.50000000,9873581.16940000,48822
2022-11-08,1.06200000,1.08300000,0.62000000,0.76900000,16486135.80000000,14547264.17860000,76516
2022-11-09,0.76800000,0.84100000,0.62800000,0.66100000,14645969.40000000,10767823.28530000,67476
2022-11-10,0.66100000,0.79200000,0.65200000,0.77200000,14589092.50000000,10809048.95730000,58310
2022-11-11,0.77200000,0.82700000,0.68700000,0.74500000,10905737.30000000,8169830.30670000,42312
2022-11-12,0.74500000,0.74600000,0.66400000,0.69900000,6112079.10000000,4243650.46350000,21035
2022-11-13,0.69900000,0.74300000,0.64500000,0.66700000,8464705.60000000,5932062.93300000,33133
2022-11-14,0.66700000,0.71200000,0.62500000,0.70300000,7151526.10000000,4874021.80050000,32172
2022-11-15,0.70400000,0.73500000,0.68100000,0.70900000,4753680.80000000,3374402.28300000,22842
2022-11-16,0.70800000,0.73800000,0.67700000,0.71700000,4811127.20000000,3427371.35130000,24083
2022-11-17,0.71700000,0.74700000,0.69600000,0.71900000,5232137.50000000,3783094.79040000,22199
2022-11-18,0.71900000,0.74000000,0.70100000,0.73300000,4722430.80000000,3410086.45900000,18449
2022-11-19,0.73300000,0.73400000,0.70100000,0.72100000,3001331.60000000,2147713.02830000,12534
2022-11-20,0.72200000,0.73400000,0.65500000,0.66200000,4692465.60000000,3272713.32920000,18699
2022-11-21,0.66300000,0.67600000,0.63100000,0.65900000,5084401.20000000,3326081.78690000,24011
2022-11-22,0.65900000,0.69400000,0.62500000,0.69100000,4627902.90000000,3057142.84060000,20396
2022-11-23,0.69100000,0.71500000,0.67500000,0.70900000,4937790.00000000,3443387.25300000,19219
2022-11-24,0.70900000,0.73200000,0.69100000,0.70500000,3861586.40000000,2739654.10600000,17244
2022-11-25,0.70600000,0.71000000,0.68500000,0.70300000,2559789.90000000,1789389.91670000,10350
2022-11-26,0.70300000,0.72600000,0.68900000,0.70100000,3571755.50000000,2537893.15970000,12109
2022-11-27,0.70100000,0.76400000,0.69800000,0.72000000,6106720.60000000,4488591.72180000,24891
2022-11-28,0.71900000,0.73000000,0.67000000,0.70200000,4290719.90000000,2984455.88940000,16864
2022-11-29,0.70200000,0.79000000,0.69000000,0.75700000,11337949.60000000,8512515.76990000,43121
2022-11-30,0.75700000,0.80600000,0.75700000,0.79100000,6644341.70000000,5151868.81520000,27337
2022-12-01,0.79000000,0.88000000,0.76800000,0.78800000,7659356.00000000,6223338.88010000,32206
2022-12-02,0.78800000,0.86000000,0.78400000,0.83700000,9484090.50000000,7855821.67330000,38759
2022-12-03,0.83700000,0.85000000,0.79600000,0.84700000,4284266.50000000,3534546.33440000,18693
2022-12-04,0.84700000,0.90700000,0.83200000,0.87800000,8837400.60000000,7705462.36130000,42776
2022-12-05,0.87800000,0.90200000,0.82400000,0.84200000,8509740.70000000,7388755.21010000,28398
2022-12-06,0.84300000,0.91700000,0.84300000,0.87600000,10112914.30000000,9022715.91610000,39470
2022-12-07,0.87600000,1.25900000,0.86200000,0.92800000,38255780.90000000,37479162.44850000,159085
2022-12-08,0.92700000,0.92700000,0.80800000,0.84100000,10594713.10000000,8964055.66680000,37516
2022-12-09,0.84000000,0.84500000,0.80000000,0.82000000,5385144.50000000,4436510.55830000,20186
2022-12-10,0.82000000,0.83900000,0.80800000,0.81000000,2532610.40000000,2084061.11040000,10686
2022-12-11,0.81100000,0.83000000,0.71100000,0.77600000,4263990.50000000,3396771.62200000,15107
2022-12-12,0.77500000,0.78200000,0.73700000,0.76900000,4130402.30000000,3135854.23880000,14439
2022-12-13,0.76800000,0.79500000,0.72400000,0.78800000,5334029.00000000,4095233.71110000,18160
2022-12-14,0.78800000,0.81000000,0.74600000,0.78600000,3938511.00000000,3091802.48590000,16346
2022-12-15,0.78600000,0.80900000,0.76200000,0.78400000,4455273.30000000,3510233.34690000,20198
2022-12-16,0.78400000,0.79400000,0.65100000,0.67300000,5311011.30000000,3889154.57880000,20913
2022-12-17,0.67200000,0.72900000,0.65700000,0.72300000,3850800.20000000,2703769.83740000,13551
2022-12-18,0.72200000,0.72200000,0.69300000,0.71200000,2405356.60000000,1702855.78630000,8437
2022-12-19,0.71200000,0.72300000,0.65000000,0.66700000,4017517.20000000,2798815.57760000,13783
2022-12-20,0.66800000,0.71000000,0.66700000,0.70000000,2595694.50000000,1806635.89510000,9039
2022-12-21,0.70000000,0.70100000,0.67800000,0.68800000,2244814.00000000,1546317.98540000,7011
2022-12-22,0.68800000,0.69500000,0.66900000,0.69500000,2662475.60000000,1818208.96240000,7073
2022-12-23,0.69600000,0.73000000,0.69100000,0.71000000,4604790.30000000,3285562.95840000,13100
2022-12-24,0.71100000,0.71800000,0.70000000,0.71300000,2183876.10000000,1548746.33750000,5506
2022-12-25,0.71300000,0.71300000,0.69200000,0.70300000,1924313.50000000,1355161.53280000,5678
2022-12-26,0.70300000,0.71800000,0.69900000,0.71700000,1913791.20000000,1355603.20420000,5374
2022-12-27,0.71600000,0.72500000,0.70300000,0.71500000,2585979.30000000,1850511.69730000,7559
2022-12-28,0.71500000,0.73600000,0.68400000,0.70100000,4602948.40000000,3263555.62990000,13217
2022-12-29,0.70100000,0.70600000,0.67400000,0.69500000,2092086.40000000,1450476.58740000,6705
2022-12-30,0.69500000,0.70200000,0.68100000,0.69500000,1859564.50000000,1286444.19850000,5754
2022-12-31,0.69500000,0.71700000,0.69200000,0.71100000,1338292.20000000,943433.60010000,4588
2023-01-01,0.71100000,0.71900000,0.70300000,0.71500000,1381004.70000000,981529.29920000,4231
2023-01-02,0.71500000,0.72400000,0.69700000,0.72100000,2411075.90000000,1726581.45750000,6691
2023-01-03,0.72100000,0.72400000,0.69800000,0.71100000,1818455.30000000,1296510.47480000,6079
2023-01-04,0.71100000,0.73400000,0.70900000,0.73100000,2561177.80000000,1854557.30860000,8857
2023-01-05,0.73100000,0.74600000,0.71300000,0.71800000,2586699.20000000,1876849.95610000,8316
2023-01-06,0.71800000,0.72600000,0.69700000,0.72300000,1803106.40000000,1284644.08620000,6299
2023-01-07,0.72400000,0.73300000,0.71600000,0.71600000,1132322.90000000,819510.73330000,3661
2023-01-08,0.71700000,0.75200000,0.70600000,0.74900000,2284823.50000000,1654756.84060000,7514
2023-01-09,0.75000000,0.81700000,0.74200000,0.78100000,6688478.90000000,5267547.94130000,22948
2023-01-10,0.78200000,0.83700000,0.77600000,0.81200000,7813777.30000000,6313761.06330000,22798
2023-01-11,0.81200000,0.82300000,0.76400000,0.82200000,4303103.20000000,3410744.23750000,15640
2023-01-12,0.82200000,0.84300000,0.78000000,0.83300000,5077170.90000000,4134875.31210000,18885
2023-01-13,0.83400000,0.87600000,0.82000000,0.87100000,4220106.50000000,3558057.22700000,17728
2023-01-14,0.87100000,0.94800000,0.81200000,0.91700000,11857095.10000000,10499189.43980000,50326
2023-01-15,0.91800000,0.93700000,0.85800000,0.90300000,6693534.50000000,5977050.01940000,29654
2023-01-16,0.90200000,0.93500000,0.84800000,0.88100000,5884376.30000000,5270311.37020000,26201
2023-01-17,0.88000000,0.97800000,0.86400000,0.91000000,5981769.20000000,5535621.32310000,30439
2023-01-18,0.90900000,0.96000000,0.82700000,0.83600000,6165784.30000000,5550810.71410000,30088
2023-01-19,0.83500000,0.87100000,0.82400000,0.86500000,2086216.70000000,1770877.30940000,11593
2023-01-20,0.86500000,0.95200000,0.84900000,0.94800000,4558915.70000000,4070859.16120000,21530
2023-01-21,0.94700000,1.09000000,0.94600000,0.97700000,7851320.00000000,7850648.52580000,48000
2023-01-22,0.97700000,1.04800000,0.96400000,1.01200000,9682791.70000000,9709481.33490000,44346
2023-01-23,1.01300000,1.03100000,0.98400000,1.00400000,5260716.40000000,5315521.37600000,27314
2023-01-24,1.00400000,1.08200000,0.99400000,1.04400000,8685903.90000000,9087188.28520000,45235
2023-01-25,1.04400000,1.18000000,0.99400000,1.14100000,16650239.50000000,18518685.54150000,107096
2023-01-26,1.14200000,1.32300000,1.05000000,1.08800000,22863482.90000000,26316087.38090000,137771
2023-01-27,1.08900000,1.10900000,1.03200000,1.07800000,6734004.90000000,7248527.58160000,43987
2023-01-28,1.07700000,1.11000000,1.02700000,1.04200000,4208918.90000000,4487017.29330000,26160
2023-01-29,1.04200000,1.09800000,1.03000000,1.08300000,4203461.00000000,4498711.50960000,26836
2023-01-30,1.08400000,1.10000000,0.95000000,0.98800000,6164544.50000000,6269809.92180000,36275
2023-01-31,0.98800000,1.02000000,0.97900000,0.99900000,4519461.30000000,4506750.54900000,25130
2023-02-01,0.99900000,1.04700000,0.93600000,1.03900000,6318544.80000000,6268118.11180000,32302
2023-02-02,1.04000000,1.07600000,1.00200000,1.00700000,6557568.50000000,6866932.43810000,32573
2023-02-03,1.00800000,1.05000000,0.98400000,1.04100000,4746436.80000000,4844048.25790000,24586
2023-02-04,1.04100000,1.06000000,1.01400000,1.03200000,2399207.80000000,2494634.93750000,13688
2023-02-05,1.03200000,1.06000000,0.96500000,0.98600000,3688206.30000000,3709015.79400000,19446
2023-02-06,0.98500000,1.03800000,0.97200000,0.98500000,3714515.00000000,3735479.31040000,20049
2023-02-07,0.98500000,1.11500000,0.98000000,1.10500000,11312293.60000000,12090903.81720000,49033
2023-02-08,1.10600000,1.21600000,1.07800000,1.16000000,12283554.20000000,14162877.49210000,64612
2023-02-09,1.16100000,1.26300000,1.04500000,1.17700000,18040009.20000000,21208858.88390000,99504
2023-02-10,1.17800000,1.23200000,1.00900000,1.03900000,13485797.10000000,15042319.56230000,74124
2023-02-11,1.03800000,1.09400000,1.02800000,1.09000000,4381584.90000000,4660969.14580000,23342
2023-02-12,1.09000000,1.55000000,1.09000000,1.20300000,32968515.10000000,42965760.10580000,188030
2023-02-13,1.20400000,1.24300000,1.10500000,1.14500000,9940486.70000000,11634215.88620000,51533
2023-02-14,1.14500000,1.18100000,1.10000000,1.15800000,5976149.20000000,6814701.49970000,34152
2023-02-15,1.15900000,1.45000000,1.14900000,1.39000000,16242325.90000000,21410087.45270000,116210
2023-02-16,1.39100000,1.39700000,1.25600000,1.26800000,9442620.30000000,12660654.01050000,69453
2023-02-17,1.26900000,1.37100000,1.25900000,1.34300000,9784163.50000000,12998010.96540000,72129
2023-02-18,1.34300000,1.44300000,1.31900000,1.37100000,7255945.10000000,10035555.88000000,61328
2023-02-19,1.37000000,1.65100000,1.33100000,1.51900000,19656211.00000000,30035373.08940000,183682
2023-02-20,1.51800000,1.74000000,1.45400000,1.69700000,11165095.40000000,17095717.70380000,95064
2023-02-21,1.69700000,1.71500000,1.42800000,1.48400000,9408405.70000000,14584755.54180000,75322
2023-02-22,1.48400000,1.51400000,1.39200000,1.47600000,7755451.00000000,11259759.35510000,59658
2023-02-23,1.47600000,1.49200000,1.34500000,1.36700000,5194471.20000000,7340586.32910000,37390
2023-02-24,1.36700000,1.38600000,1.24400000,1.27600000,4619555.80000000,6119165.56330000,39289
2023-02-25,1.27600000,1.36500000,1.22700000,1.29200000,5534418.70000000,7246898.16990000,47787
2023-02-26,1.29200000,1.31400000,1.23700000,1.30600000,3002178.00000000,3834919.60110000,23081
2023-02-27,1.30500000,1.35800000,1.22900000,1.29100000,4582529.00000000,5911375.16600000,36760
2023-02-28,1.29000000,1.29100000,1.17000000,1.18600000,4668099.10000000,5673453.71400000,31790
2023-03-01,1.18700000,1.23700000,1.17100000,1.21500000,2406560.80000000,2911435.66500000,18677
2023-03-02,1.21500000,1.22900000,1.15300000,1.18600000,2745343.90000000,3233904.80330000,20878
2023-03-03,1.18700000,1.18700000,1.03200000,1.11900000,3646873.50000000,3998353.55650000,27474
2023-03-04,1.11900000,1.13100000,1.04600000,1.07800000,2185538.30000000,2400857.72240000,15545
2023-03-05,1.07800000,1.12100000,1.06700000,1.09800000,1696981.00000000,1865561.41000000,13872
2023-03-06,1.09700000,1.10200000,1.05100000,1.09900000,2246303.90000000,2420642.09610000,17272
2023-03-07,1.09800000,1.12100000,1.02900000,1.06500000,2463725.80000000,2646600.38420000,18717
2023-03-08,1.06600000,1.07200000,0.95200000,0.97100000,3088856.30000000,3111944.58810000,21267
2023-03-09,0.97200000,1.01000000,0.86300000,0.88200000,4018689.10000000,3757754.92310000,25321
2023-03-10,0.88200000,0.90700000,0.82500000,0.89400000,4415517.30000000,3865586.40110000,28144
2023-03-11,0.89400000,0.92300000,0.80100000,0.85100000,3626838.40000000,3081621.99270000,22653
2023-03-12,0.85100000,0.95800000,0.83000000,0.94900000,3410233.50000000,2998964.85490000,21706
2023-03-13,0.95000000,1.01900000,0.90100000,1.00400000,5500847.40000000,5291755.75610000,33504
2023-03-14,1.00400000,1.17000000,0.96800000,1.12000000,10645268.50000000,11508126.97840000,63240
2023-03-15,1.11900000,1.17000000,1.00800000,1.02800000,8353326.90000000,9140883.23050000,56757
2023-03-16,1.02800000,1.08000000,1.00800000,1.07200000,7195090.80000000,7531601.77020000,43674
2023-03-17,1.07100000,1.25200000,1.04700000,1.24200000,11219505.60000000,13103326.50000000,69259
2023-03-18,1.24200000,1.25600000,1.17300000,1.18300000,6647930.50000000,8123540.12240000,49181
2023-03-19,1.18400000,1.23300000,1.14900000,1.18300000,5119151.60000000,6114931.13170000,34875
2023-03-20,1.18400000,1.21700000,1.06800000,1.07300000,7026154.00000000,8061901.60920000,50154
2023-03-21,1.07300000,1.12200000,1.02900000,1.09900000,5670153.60000000,6111470.75770000,37620
2023-03-22,1.09900000,1.10200000,0.98600000,1.04200000,6005470.80000000,6355911.72160000,42876
2023-03-23,1.04300000,1.09700000,1.02700000,1.09400000,3343589.50000000,3541794.84630000,23110
2023-03-24,1.09400000,1.09800000,1.01200000,1.03800000,3192012.80000000,3365373.53850000,24516
2023-03-25,1.03800000,1.04700000,0.98700000,1.01300000,2244913.70000000,2288645.06060000,18256
2023-03-26,1.01200000,1.04200000,0.99700000,1.03000000,2104909.70000000,2159051.77860000,14997
2023-03-27,1.02900000,1.03000000,0.93800000,0.95700000,3279524.50000000,3212783.69270000,33297
2023-03-28,0.95700000,1.02900000,0.93200000,1.02800000,2976523.80000000,2907395.10980000,21801
2023-03-29,1.02800000,1.14800000,1.01400000,1.12800000,4704506.00000000,5054182.77040000,32616
2023-03-30,1.12800000,1.13700000,1.04500000,1.07500000,4839453.10000000,5283349.52600000,39132
2023-03-31,1.07500000,1.11400000,1.06200000,1.09400000,3192707.50000000,3480307.02960000,23576
2023-04-01,1.09400000,1.15700000,1.08500000,1.10000000,4423741.50000000,4937887.67620000,31845
2023-04-02,1.10100000,1.11500000,1.03100000,1.04800000,5310814.90000000,5644556.31840000,26646
2023-04-03,1.04900000,1.08500000,1.01300000,1.06700000,5398130.10000000,5671805.33920000,34232
2023-04-04,1.06800000,1.09500000,1.04800000,1.08800000,3100344.90000000,3333059.65760000,20343
2023-04-05,1.09000000,1.12100000,1.06400000,1.09000000,3096097.00000000,3380584.24900000,20282
2023-04-06,1.09100000,1.11300000,1.05800000,1.08200000,2482077.10000000,2690742.41420000,20366
2023-04-07,1.08100000,1.09000000,1.05300000,1.07100000,1509257.40000000,1616080.87840000,13059
2023-04-08,1.07000000,1.10100000,1.05700000,1.09900000,2077888.90000000,2244852.08200000,13064
2023-04-09,1.09900000,1.13800000,1.07700000,1.12500000,4876990.70000000,5424396.90330000,33159
2023-04-10,1.12500000,1.15000000,1.10200000,1.14400000,3750766.60000000,4227944.40350000,26007
2023-04-11,1.14500000,1.16900000,1.11500000,1.12100000,2642261.70000000,3013532.28200000,21446
2023-04-12,1.12100000,1.12500000,1.06300000,1.10900000,2859381.50000000,3117573.81150000,22792
2023-04-13,1.10900000,1.15300000,1.09200000,1.14200000,2719647.60000000,3069097.95580000,20580
2023-04-14,1.14300000,1.19900000,1.11900000,1.16800000,4042569.50000000,4700511.59040000,32849
2023-04-15,1.16900000,1.17500000,1.14000000,1.17000000,2219873.10000000,2564421.64870000,17367
2023-04-16,1.17000000,1.25000000,1.14100000,1.22000000,10009457.80000000,12182404.55460000,50647
2023-04-17,1.21900000,1.22700000,1.16600000,1.21700000,3174738.50000000,3806511.47830000,23408
2023-04-18,1.21700000,1.25000000,1.19000000,1.22200000,3057926.70000000,3752046.45340000,24018
2023-04-19,1.22200000,1.22200000,1.03700000,1.06900000,4237035.10000000,4719825.71840000,35830
2023-04-20,1.06900000,1.08300000,1.01000000,1.01900000,2302698.90000000,2413648.53020000,19975
2023-04-21,1.01900000,1.03400000,0.95000000,0.96700000,2731028.20000000,2730278.72180000,21415
2023-04-22,0.96700000,1.00800000,0.95800000,1.00600000,1259446.50000000,1229248.83480000,10246
2023-04-23,1.00500000,1.00500000,0.93200000,0.97700000,1940988.80000000,1890476.73470000,15523
2023-04-24,0.97700000,0.99600000,0.94400000,0.97800000,1806188.30000000,1748410.05140000,15742
2023-04-25,0.97800000,1.00200000,0.93300000,1.00100000,2218462.20000000,2128348.07670000,18098
2023-04-26,1.00100000,1.04300000,0.91900000,0.98200000,3584122.80000000,3553359.89930000,29268
2023-04-27,0.98200000,1.02300000,0.97600000,1.01000000,2288603.90000000,2292104.09040000,21853
2023-04-28,1.01000000,1.01800000,0.97200000,0.99600000,1334363.70000000,1326451.93230000,12397
2023-04-29,0.99600000,1.02000000,0.98700000,1.00800000,1648838.40000000,1659142.46660000,13242
2023-04-30,1.00800000,1.01000000,0.95600000,0.95900000,1548660.20000000,1526100.39360000,12732
2023-05-01,0.96000000,0.96700000,0.92600000,0.94000000,1398960.00000000,1325638.82090000,12858
2023-05-02,0.93900000,0.96500000,0.93300000,0.95300000,1336014.50000000,1268238.53570000,11379
2023-05-03,0.95300000,1.00400000,0.92700000,0.99600000,1622782.90000000,1550655.49140000,15430
2023-05-04,0.99600000,1.00000000,0.95800000,0.96400000,1404588.60000000,1377873.45850000,10564
2023-05-05,0.96500000,0.99200000,0.95800000,0.98600000,1209344.10000000,1178321.99280000,10448
2023-05-06,0.98500000,0.99500000,0.91200000,0.92000000,1388342.00000000,1309408.05730000,12798
2023-05-07,0.92100000,0.93200000,0.90500000,0.91500000,844520.00000000,776749.41280000,8145
2023-05-08,0.91500000,0.92200000,0.80300000,0.81400000,3204903.50000000,2706800.14590000,22556
2023-05-09,0.81300000,0.83400000,0.80300000,0.82800000,1599849.90000000,1307481.74980000,10849
2023-05-10,0.82700000,0.85600000,0.79300000,0.84800000,2698834.10000000,2247908.94020000,18451
2023-05-11,0.84900000,0.84900000,0.78200000,0.80400000,2005263.70000000,1627338.72680000,15882
2023-05-12,0.80400000,0.82300000,0.77300000,0.82200000,1638978.70000000,1302828.75610000,14095
2023-05-13,0.82200000,0.82200000,0.79600000,0.80900000,1228598.20000000,992521.88930000,9533
2023-05-14,0.80900000,0.82900000,0.79500000,0.82000000,743198.90000000,605029.68960000,7034
2023-05-15,0.82000000,0.83300000,0.80200000,0.82200000,1096294.10000000,901119.30070000,8389
2023-05-16,0.82300000,0.83300000,0.80500000,0.83000000,1436085.20000000,1181109.60600000,9045
2023-05-17,0.83100000,0.89100000,0.82300000,0.88100000,2581404.00000000,2205435.48850000,15468
2023-05-18,0.88100000,0.88200000,0.82500000,0.84400000,2292408.30000000,1957365.36250000,11598
2023-05-19,0.84400000,0.86500000,0.83800000,0.85300000,1829153.90000000,1559819.67740000,9525
2023-05-20,0.85400000,0.85800000,0.84100000,0.84900000,1382083.60000000,1173661.63640000,5402
2023-05-21,0.85000000,0.85000000,0.81400000,0.82000000,1127233.80000000,936222.65820000,6005
2023-05-22,0.82000000,0.84500000,0.80300000,0.83200000,1307377.70000000,1082416.34570000,7952
2023-05-23,0.83200000,0.85500000,0.82400000,0.84600000,993366.60000000,836096.74240000,5951
2023-05-24,0.84700000,0.86100000,0.81700000,0.84700000,2081614.90000000,1742383.09110000,12365
2023-05-25,0.84600000,0.85400000,0.82100000,0.85100000,1237027.00000000,1040415.80300000,7950
2023-05-26,0.85200000,0.85800000,0.83300000,0.85500000,984916.70000000,835238.23930000,5486
2023-05-27,0.85500000,0.88700000,0.84500000,0.88100000,1355362.40000000,1167809.37520000,10273
2023-05-28,0.88100000,0.90700000,0.86800000,0.88800000,1732232.00000000,1532773.89510000,13806
2023-05-29,0.88900000,0.94600000,0.88100000,0.90900000,4264722.50000000,3891795.25350000,26661
2023-05-30,0.90900000,0.96800000,0.90500000,0.94900000,5813598.30000000,5509350.17470000,34422
2023-05-31,0.94900000,0.99100000,0.88800000,0.90400000,8297933.80000000,7758331.24110000,44441
2023-06-01,0.90400000,0.92500000,0.89200000,0.90800000,2299714.10000000,2091999.40630000,12880
2023-06-02,0.90800000,0.93300000,0.89500000,0.93100000,1849625.00000000,1691497.97350000,10354
2023-06-03,0.93200000,0.97100000,0.91900000,0.93900000,2608671.60000000,2462640.08500000,15929
2023-06-04,0.94000000,0.94600000,0.92300000,0.92700000,1459912.90000000,1365361.04430000,8786
2023-06-05,0.92600000,0.92700000,0.75700000,0.78300000,6981515.20000000,5681261.72890000,43096
2023-06-06,0.78200000,0.82900000,0.75900000,0.80900000,4448697.70000000,3544088.13630000,21661
2023-06-07,0.80900000,0.81000000,0.74800000,0.76000000,2387283.00000000,1852533.71270000,14121
2023-06-08,0.76000000,0.77700000,0.74600000,0.76400000,1424639.60000000,1086623.01590000,9398
2023-06-09,0.76400000,0.77700000,0.73500000,0.74900000,2323309.70000000,1762898.34290000,12874
2023-06-10,0.74800000,0.74900000,0.52800000,0.60900000,9429945.80000000,5766756.35540000,43915
2023-06-11,0.61000000,0.62300000,0.59100000,0.59500000,3053123.20000000,1850555.48660000,14075
2023-06-12,0.59500000,0.61500000,0.57400000,0.61400000,2989838.10000000,1778860.85000000,12970
2023-06-13,0.61500000,0.64000000,0.60900000,0.62200000,3000308.80000000,1878487.55200000,14011
2023-06-14,0.62200000,0.63000000,0.57100000,0.59500000,2470999.40000000,1504733.04930000,12787
2023-06-15,0.59500000,0.64300000,0.59400000,0.62800000,3276842.50000000,2031972.37280000,15146
2023-06-16,0.62800000,0.63700000,0.59900000,0.62400000,2447616.00000000,1515686.67830000,10901
2023-06-17,0.62500000,0.64400000,0.61800000,0.63400000,1532877.60000000,969813.79600000,7477
2023-06-18,0.63400000,0.63800000,0.60300000,0.61200000,1852444.70000000,1159937.83190000,9909
2023-06-19,0.61200000,0.62500000,0.60400000,0.61700000,1436063.90000000,880802.18100000,6551
2023-06-20,0.61700000,0.65900000,0.60600000,0.65100000,3369480.60000000,2128518.42130000,13290
2023-06-21,0.65100000,0.69500000,0.64900000,0.68600000,4847080.60000000,3273255.58520000,19131
2023-06-22,0.68600000,0.70300000,0.65900000,0.66200000,3676727.20000000,2506472.22890000,16095
2023-06-23,0.66300000,0.70700000,0.66100000,0.70000000,2454782.50000000,1683453.28350000,13022
2023-06-24,0.69900000,0.72200000,0.67300000,0.68300000,4153409.60000000,2915625.94090000,18026
2023-06-25,0.68400000,0.72800000,0.68100000,0.70500000,2556197.30000000,1808622.00600000,13548
2023-06-26,0.70500000,0.71000000,0.67000000,0.68300000,2599985.00000000,1799547.55460000,12285
2023-06-27,0.68300000,0.71300000,0.68100000,0.71000000,1333878.30000000,934900.73690000,6912
2023-06-28,0.71000000,0.71100000,0.62000000,0.65200000,2517993.50000000,1672059.43830000,13046
2023-06-29,0.65200000,0.70400000,0.64900000,0.67200000,2504202.40000000,1700045.33170000,11213
2023-06-30,0.67300000,0.70900000,0.62800000,0.70400000,4248233.50000000,2905457.97760000,18715
2023-07-01,0.70500000,0.74500000,0.69600000,0.72300000,2842099.80000000,2037606.70280000,11775
2023-07-02,0.72400000,0.72400000,0.69700000,0.71900000,1382674.90000000,979806.07930000,6848
2023-07-03,0.71900000,0.77800000,0.71300000,0.76600000,3230514.10000000,2443152.63980000,16734
2023-07-04,0.76600000,0.77200000,0.74500000,0.76400000,2350228.90000000,1792035.40150000,11700
2023-07-05,0.76500000,0.78500000,0.71700000,0.74000000,3380680.80000000,2547860.25140000,18365
2023-07-06,0.73900000,0.76000000,0.69700000,0.69900000,1911372.90000000,1393180.87620000,11444
2023-07-07,0.69900000,0.72000000,0.68700000,0.71000000,1384133.10000000,979024.46850000,7731
2023-07-08,0.71100000,0.71700000,0.69000000,0.70600000,878997.20000000,620121.62000000,4891
2023-07-09,0.70600000,0.71500000,0.69400000,0.69600000,700728.30000000,494647.96830000,4097
2023-07-10,0.69600000,0.72200000,0.66600000,0.70100000,1847546.90000000,1274818.42840000,9187
2023-07-11,0.70100000,0.70700000,0.68600000,0.70200000,1272723.70000000,888047.06920000,8476
2023-07-12,0.70200000,0.71400000,0.68900000,0.69900000,1132388.70000000,796781.40560000,5484
2023-07-13,0.69900000,0.75800000,0.68600000,0.75700000,2720941.40000000,1991701.82200000,12598
2023-07-14,0.75700000,0.77000000,0.70000000,0.72800000,2411397.70000000,1784657.68220000,13999
2023-07-15,0.72700000,0.74500000,0.72200000,0.73300000,708506.70000000,519290.42790000,4413
2023-07-16,0.73300000,0.73700000,0.70900000,0.71200000,958354.50000000,693975.95960000,5383
2023-07-17,0.71200000,0.74700000,0.71000000,0.73800000,1792813.60000000,1308539.58150000,10279
2023-07-18,0.73900000,0.74400000,0.71000000,0.72400000,1060814.40000000,769321.94180000,6113
2023-07-19,0.72300000,0.75500000,0.72100000,0.73200000,1831586.90000000,1355642.51980000,9160
2023-07-20,0.73300000,0.75700000,0.72400000,0.74000000,1654617.70000000,1225495.47370000,7583
2023-07-21,0.74100000,0.75000000,0.72700000,0.74000000,819992.20000000,604686.22430000,4387
2023-07-22,0.74000000,0.74900000,0.72300000,0.72900000,470230.60000000,347710.95320000,2953
2023-07-23,0.73000000,0.75200000,0.72700000,0.74200000,749507.20000000,557014.51850000,4124
2023-07-24,0.74100000,0.75200000,0.68100000,0.70700000,3208740.00000000,2311351.87110000,12834
2023-07-25,0.70700000,0.71100000,0.68600000,0.69300000,1031145.90000000,719805.16280000,4355
2023-07-26,0.69200000,0.69800000,0.66900000,0.68100000,1809884.20000000,1233642.25900000,7761
2023-07-27,0.68100000,0.69900000,0.67300000,0.69000000,1122245.40000000,773751.24660000,4918
2023-07-28,0.69100000,0.70500000,0.68800000,0.70000000,780632.90000000,544078.11270000,3727
2023-07-29,0.70000000,0.70500000,0.69300000,0.70100000,455717.30000000,318375.85330000,2369
2023-07-30,0.70100000,0.70200000,0.65800000,0.67200000,944096.20000000,640594.44570000,4979
2023-07-31,0.67200000,0.68600000,0.66800000,0.67800000,880131.50000000,597840.85420000,3847
2023-08-01,0.67800000,0.68000000,0.64100000,0.67800000,1613955.00000000,1078299.72430000,6350
2023-08-02,0.67800000,0.68700000,0.65700000,0.67100000,1055320.60000000,706899.86370000,4634
2023-08-03,0.67100000,0.67500000,0.66100000,0.66600000,676139.70000000,451835.11170000,3344
2023-08-04,0.66700000,0.66900000,0.65000000,0.65800000,745274.40000000,491444.51020000,3705
2023-08-05,0.65800000,0.66000000,0.64500000,0.66000000,387725.60000000,253029.60520000,2321
2023-08-06,0.65900000,0.69900000,0.65800000,0.67900000,2380766.20000000,1627418.99450000,8156
2023-08-07,0.68000000,0.69200000,0.65000000,0.67200000,2045536.40000000,1382931.26560000,7055
2023-08-08,0.67200000,0.68500000,0.66600000,0.67500000,1477360.10000000,1001553.39240000,5499
2023-08-09,0.67600000,0.67900000,0.66300000,0.67000000,896620.70000000,603654.43090000,2991
2023-08-10,0.66900000,0.67200000,0.66200000,0.66300000,366944.90000000,244408.62330000,2016
2023-08-11,0.66300000,0.67200000,0.65200000,0.65300000,1039771.50000000,685264.92150000,3510
2023-08-12,0.65400000,0.66500000,0.65300000,0.65800000,518803.50000000,341903.24090000,2013
2023-08-13,0.65800000,0.82900000,0.65600000,0.78300000,24369031.30000000,18557921.86400000,83786
2023-08-14,0.78200000,0.85900000,0.71000000,0.72800000,22211824.70000000,17132288.01950000,73679
2023-08-15,0.72900000,0.74600000,0.60900000,0.66000000,8392021.60000000,5789813.13920000,27197
2023-08-16,0.65900000,0.67300000,0.60000000,0.62500000,8702689.00000000,5592787.28250000,21987
2023-08-17,0.62400000,0.63400000,0.48800000,0.54900000,5774916.10000000,3353673.27910000,17188
2023-08-18,0.54900000,0.57500000,0.54400000,0.56900000,3979657.30000000,2221993.89040000,11722
2023-08-19,0.56900000,0.58400000,0.56000000,0.57800000,1793692.80000000,1027651.95740000,5756
2023-08-20,0.57900000,0.58200000,0.56900000,0.58000000,1230965.00000000,709085.71250000,3837
2023-08-21,0.58100000,0.58300000,0.54800000,0.56600000,2366951.90000000,1341064.35790000,6008
2023-08-22,0.56500000,0.56800000,0.53100000,0.55700000,2359727.90000000,1300270.91390000,6162
2023-08-23,0.55700000,0.58800000,0.55600000,0.57700000,2587028.00000000,1482098.69720000,7525
2023-08-24,0.57700000,0.57800000,0.55700000,0.56800000,1708968.30000000,972068.48360000,5359
2023-08-25,0.56700000,0.56700000,0.54300000,0.55700000,1849330.10000000,1020822.15160000,5399
2023-08-26,0.55700000,0.56800000,0.53600000,0.53800000,2081459.60000000,1155370.66040000,5362
2023-08-27,0.53700000,0.56300000,0.53700000,0.56100000,1400470.20000000,773098.92160000,4539
2023-08-28,0.56100000,0.58500000,0.54200000,0.54800000,4640277.20000000,2595447.07950000,16051
2023-08-29,0.54900000,0.58100000,0.52100000,0.57800000,5567636.60000000,3031008.86680000,15836
2023-08-30,0.57800000,0.58000000,0.55900000,0.57100000,1745865.30000000,993388.07920000,6334
2023-08-31,0.57100000,0.58100000,0.54200000,0.55700000,2106147.70000000,1187142.66770000,7666
2023-09-01,0.55600000,0.56900000,0.54600000,0.56000000,1311118.80000000,730524.31060000,5471
2023-09-02,0.56000000,0.61300000,0.55600000,0.58600000,7133355.90000000,4145710.98160000,18166
2023-09-03,0.58600000,0.58600000,0.56400000,0.57800000,1908339.10000000,1098613.78820000,5628
2023-09-04,0.57700000,0.64200000,0.57700000,0.61400000,9005556.60000000,5523218.86740000,31286
2023-09-05,0.61300000,0.65900000,0.60300000,0.64100000,13325212.00000000,8411340.10740000,34805
2023-09-06,0.64100000,0.65200000,0.61700000,0.63900000,3721906.20000000,2352729.40550000,11624
2023-09-07,0.63900000,0.65500000,0.61700000,0.64700000,12499531.00000000,7928308.66320000,26079
2023-09-08,0.64800000,0.80500000,0.64300000,0.74000000,44279017.60000000,32611910.53600000,160702
2023-09-09,0.74000000,0.78500000,0.70700000,0.71500000,13553960.10000000,10025207.25410000,45975
2023-09-10,0.71500000,0.71700000,0.60400000,0.63000000,11194731.80000000,7200218.58260000,31548
2023-09-11,0.63000000,0.63600000,0.57500000,0.60100000,5906538.60000000,3540596.49810000,17180
2023-09-12,0.60100000,0.64500000,0.59500000,0.61000000,6967789.90000000,4331924.75940000,17840
2023-09-13,0.61100000,0.66000000,0.60400000,0.64400000,4258103.80000000,2683318.34750000,11529
2023-09-14,0.64400000,0.66000000,0.63000000,0.65100000,4144116.50000000,2668184.61710000,11132
2023-09-15,0.65100000,0.66500000,0.63600000,0.65800000,3049029.50000000,1979945.74440000,8435
2023-09-16,0.65900000,0.67500000,0.64700000,0.66800000,2427713.20000000,1601973.50190000,8409
2023-09-17,0.66800000,0.69400000,0.62500000,0.65000000,7124740.40000000,4749907.62220000,22128
2023-09-18,0.65000000,0.67500000,0.64000000,0.66400000,1904513.90000000,1264108.79450000,6801
2023-09-19,0.66500000,0.69900000,0.66100000,0.68500000,2686547.10000000,1839160.91530000,8198
2023-09-20,0.68400000,0.69000000,0.65000000,0.67500000,1969991.80000000,1317173.89710000,6466
2023-09-21,0.67500000,0.68500000,0.64100000,0.66700000,3907358.60000000,2572866.62140000,9530
2023-09-22,0.66600000,0.67000000,0.65500000,0.66700000,1630075.60000000,1082371.03120000,5462
2023-09-23,0.66900000,0.67200000,0.64800000,0.65200000,1840659.50000000,1211876.82690000,4855
2023-09-24,0.65200000,0.65700000,0.64100000,0.64500000,824897.60000000,534575.07280000,2658
2023-09-25,0.64600000,0.67300000,0.63600000,0.66100000,8820912.30000000,5808394.12780000,15086
2023-09-26,0.66100000,0.67400000,0.64500000,0.65900000,3560983.20000000,2339815.08220000,6491
2023-09-27,0.65900000,0.67300000,0.65100000,0.65600000,1269947.30000000,838406.63560000,3576
2023-09-28,0.65700000,0.68100000,0.65300000,0.67800000,2318160.20000000,1544626.67670000,6019
2023-09-29,0.67800000,0.68700000,0.66300000,0.67500000,2577249.00000000,1740188.19990000,8304
2023-09-30,0.67500000,0.68700000,0.67100000,0.68400000,873426.40000000,592949.88610000,3543
2023-10-01,0.68400000,0.76700000,0.68200000,0.75700000,5000863.70000000,3659674.11110000,18477
2023-10-02,0.75800000,0.76200000,0.70400000,0.71800000,2506024.30000000,1828968.64900000,8160
2023-10-03,0.71800000,0.73700000,0.71300000,0.71600000,2106594.40000000,1528288.76820000,6632
2023-10-04,0.71500000,0.73300000,0.67500000,0.70900000,3182597.70000000,2229916.89520000,10211
2023-10-05,0.70900000,0.71500000,0.69500000,0.69700000,1063855.90000000,750402.42190000,4185
2023-10-06,0.69800000,0.71400000,0.69200000,0.69400000,1216894.10000000,857716.53060000,3884
2023-10-07,0.69400000,0.73800000,0.69100000,0.72400000,2710429.10000000,1948041.80050000,9857
2023-10-08,0.72300000,0.73000000,0.69400000,0.70000000,1830615.40000000,1289293.61930000,6150
2023-10-09,0.70000000,0.70000000,0.61900000,0.65900000,1996527.50000000,1331847.77790000,7829
2023-10-10,0.66000000,0.66700000,0.65100000,0.66000000,647500.90000000,426345.90330000,3388
2023-10-11,0.66100000,0.66400000,0.63800000,0.64900000,1159565.00000000,752639.11010000,4616
2023-10-12,0.64900000,0.65200000,0.63000000,0.64900000,1431299.60000000,913869.79570000,4125
2023-10-13,0.64900000,0.66900000,0.64600000,0.66100000,1152114.50000000,760652.40540000,3683
2023-10-14,0.66000000,0.67300000,0.65700000,0.66700000,462955.60000000,308774.52410000,1778
2023-10-15,0.66600000,0.68300000,0.66300000,0.67300000,824581.20000000,556454.37470000,3380
2023-10-16,0.67300000,0.70500000,0.67200000,0.68700000,1870438.90000000,1286227.83180000,7708
2023-10-17,0.68700000,0.69200000,0.64600000,0.65000000,1710161.10000000,1141673.63210000,5680
2023-10-18,0.65000000,0.66400000,0.61900000,0.62200000,1759947.90000000,1123033.54210000,6731
2023-10-19,0.62200000,0.62900000,0.60800000,0.61700000,811516.80000000,502970.95720000,3792
2023-10-20,0.61800000,0.64100000,0.61100000,0.64000000,1371000.30000000,865462.84210000,4838
2023-10-21,0.64100000,0.66100000,0.63500000,0.65100000,1160962.00000000,752744.01060000,4271
2023-10-22,0.65100000,0.65800000,0.63200000,0.65500000,1110491.00000000,717228.13200000,4750
2023-10-23,0.65500000,0.68800000,0.64600000,0.68300000,2057075.60000000,1363256.03470000,8261
2023-10-24,0.68300000,0.72500000,0.66700000,0.69500000,4152891.90000000,2889763.94520000,16550
2023-10-25,0.69600000,0.72500000,0.68700000,0.71100000,1988812.60000000,1402652.99160000,8423
2023-10-26,0.71100000,0.73700000,0.68100000,0.71200000,2161622.40000000,1540170.55320000,10491
2023-10-27,0.71200000,0.74800000,0.68900000,0.72400000,2469791.60000000,1782383.23630000,10723
2023-10-28,0.72400000,0.75000000,0.71900000,0.74100000,1231236.50000000,907425.13350000,6459
2023-10-29,0.74100000,0.77100000,0.72600000,0.75200000,1585288.40000000,1195158.67940000,7919
2023-10-30,0.75300000,0.78900000,0.74400000,0.77800000,2497757.90000000,1916195.33840000,12246
2023-10-31,0.77800000,0.86900000,0.74000000,0.78600000,18872959.60000000,15378665.02760000,73135
2023-11-01,0.78600000,0.79600000,0.73800000,0.79200000,5078876.30000000,3901760.20920000,22873
2023-11-02,0.79400000,0.80300000,0.74500000,0.76300000,3054368.00000000,2367590.24790000,14721
2023-11-03,0.76300000,0.77600000,0.72900000,0.77000000,2746984.40000000,2057685.09990000,13528
2023-11-04,0.76900000,0.79500000,0.76600000,0.78100000,1455216.80000000,1136548.89460000,8152
2023-11-05,0.78100000,0.81300000,0.76300000,0.77700000,2158308.30000000,1702111.69720000,12197
2023-11-06,0.77500000,0.84800000,0.76500000,0.84100000,3851061.90000000,3102780.82190000,19738
2023-11-07,0.84000000,0.85800000,0.78000000,0.81900000,5131040.20000000,4197286.88730000,26659
2023-11-08,0.81900000,0.82900000,0.80700000,0.81500000,1781046.90000000,1455547.60240000,10875
2023-11-09,0.81500000,0.84400000,0.70000000,0.77700000,6010922.10000000,4738750.33400000,33116
2023-11-10,0.77600000,0.86400000,0.77300000,0.85200000,9245168.90000000,7615682.43090000,42618
2023-11-11,0.85300000,0.89000000,0.81900000,0.86100000,5195335.90000000,4475875.71500000,30518
2023-11-12,0.86000000,0.89900000,0.82200000,0.85800000,6295582.10000000,5433456.97710000,28695
2023-11-13,0.85700000,0.89200000,0.80000000,0.80000000,8714293.50000000,7439319.83930000,40700
2023-11-14,0.80100000,0.81900000,0.74000000,0.79600000,5260294.40000000,4151002.48920000,24817
2023-11-15,0.79600000,0.83900000,0.79300000,0.83000000,3521559.70000000,2880653.41870000,15065
2023-11-16,0.83000000,0.85200000,0.77400000,0.79000000,4917722.40000000,4048485.32690000,21461
2023-11-17,0.79000000,0.83400000,0.77400000,0.81400000,3259235.90000000,2637356.23460000,16829
2023-11-18,0.81400000,0.83500000,0.76000000,0.82800000,3541568.40000000,2844957.25450000,17984
2023-11-19,0.82800000,0.88800000,0.82000000,0.88200000,6021316.50000000,5176747.44220000,27835
2023-11-20,0.88300000,0.93400000,0.86100000,0.91900000,7274821.90000000,6561890.87550000,32386
2023-11-21,0.91900000,0.95500000,0.80700000,0.81800000,9619416.00000000,8484607.15040000,48749
2023-11-22,0.81700000,0.91500000,0.81200000,0.89400000,6068466.10000000,5286467.44590000,26170
2023-11-23,0.89400000,0.94000000,0.89400000,0.92100000,3739843.80000000,3441531.97620000,18485
2023-11-24,0.92100000,0.93400000,0.90300000,0.92800000,4006256.30000000,3681279.74750000,18046
2023-11-25,0.92800000,0.94500000,0.89400000,0.90900000,2586650.00000000,2371099.95530000,13742
2023-11-26,0.91000000,0.92000000,0.86300000,0.90200000,3230199.60000000,2905850.70100000,17441
2023-11-27,0.90200000,0.91300000,0.82000000,0.87000000,3630839.40000000,3153894.75760000,19161
2023-11-28,0.87100000,0.90500000,0.82900000,0.89400000,3447058.80000000,2996644.31420000,18199
2023-11-29,0.89400000,0.94500000,0.88800000,0.93900000,3767114.80000000,3433445.32380000,20456
2023-11-30,0.93900000,0.96900000,0.89500000,0.90000000,5347488.90000000,5008646.59830000,27139
2023-12-01,0.90000000,0.92200000,0.89300000,0.90300000,2204821.90000000,2001368.68150000,11299
2023-12-02,0.90300000,0.92200000,0.89800000,0.91300000,1984426.70000000,1808051.85280000,10933
2023-12-03,0.91400000,0.92200000,0.88000000,0.89400000,2422610.40000000,2169897.84750000,13581
2023-12-04,0.89500000,0.94400000,0.86200000,0.90700000,5152708.60000000,4661958.23110000,28021
2023-12-05,0.90700000,0.98700000,0.87600000,0.97800000,7853768.60000000,7281655.10280000,41639
2023-12-06,0.97800000,1.00600000,0.92700000,0.93100000,8212961.20000000,7967961.22430000,47789
2023-12-07,0.93100000,0.98700000,0.92000000,0.96600000,4571425.30000000,4373712.68390000,23518
2023-12-08,0.96600000,0.98800000,0.95700000,0.98600000,2517861.60000000,2452118.36590000,15151
2023-12-09,0.98600000,1.01200000,0.95300000,0.96100000,4101740.20000000,4052180.95550000,27038
2023-12-10,0.96100000,0.99600000,0.94300000,0.98000000,1979176.90000000,1927607.46670000,16344
2023-12-11,0.98000000,1.00000000,0.81600000,0.91900000,11140337.80000000,10286860.25020000,58114
2023-12-12,0.92000000,0.94600000,0.87400000,0.89700000,4303960.70000000,3916041.01490000,22014
2023-12-13,0.89700000,0.91400000,0.84300000,0.91100000,3362554.30000000,2944543.74970000,18478
2023-12-14,0.91100000,0.93700000,0.87400000,0.93400000,3419520.10000000,3134302.05250000,20515
2023-12-15,0.93500000,0.94200000,0.87300000,0.88100000,5293838.70000000,4843320.18300000,24036
2023-12-16,0.88100000,0.95600000,0.87000000,0.95000000,4273983.40000000,3961809.28990000,27021
2023-12-17,0.95000000,1.13900000,0.92200000,0.97300000,19980127.60000000,20222964.87460000,125620
2023-12-18,0.97300000,0.98700000,0.88300000,0.95300000,5673490.10000000,5315919.73700000,34005
2023-12-19,0.95300000,0.98000000,0.90800000,0.91600000,3571681.30000000,3353061.48040000,20628
2023-12-20,0.91600000,0.96300000,0.91200000,0.94700000,3507881.60000000,3293822.85680000,18475
2023-12-21,0.94700000,1.06100000,0.93800000,1.03400000,8082937.60000000,8049204.70800000,47331
2023-12-22,1.03500000,1.08800000,1.00800000,1.02600000,8281025.00000000,8676762.48430000,48726
2023-12-23,1.02700000,1.18000000,1.01000000,1.14200000,13098960.40000000,14709227.45750000,69710
2023-12-24,1.14200000,1.21100000,1.08900000,1.13600000,12896076.50000000,14896608.72820000,86455
2023-12-25,1.13600000,1.38000000,1.12900000,1.19200000,21665894.30000000,27082751.19980000,156970
2023-12-26,1.19100000,1.26000000,1.04100000,1.14900000,10794945.40000000,12729608.82740000,70403
2023-12-27,1.14800000,1.15100000,1.06900000,1.10200000,5196215.40000000,5720383.45450000,31628
2023-12-28,1.10200000,1.13800000,1.04100000,1.05000000,4697887.90000000,5120159.70940000,29245
2023-12-29,1.05000000,1.07900000,1.00800000,1.03700000,3725059.90000000,3896579.68230000,26051
2023-12-30,1.03600000,1.04700000,1.00600000,1.02300000,1951149.10000000,2001113.25980000,14921
2023-12-31,1.02300000,1.05300000,0.97400000,1.01200000,3210385.60000000,3295401.39890000,21537
2024-01-01,1.01100000,1.05400000,0.99200000,1.04900000,2740041.90000000,2806405.77370000,18829
2024-01-02,1.04900000,1.07300000,0.99600000,1.01200000,3494462.30000000,3628479.82620000,23875
2024-01-03,1.01200000,1.06900000,0.78400000,0.90000000,8649406.80000000,8056305.93790000,56223
2024-01-04,0.90000000,0.94300000,0.88100000,0.91300000,3167892.70000000,2915360.96630000,24338
2024-01-05,0.91400000,0.92200000,0.84000000,0.88000000,3320619.70000000,2904666.55170000,26154
2024-01-06,0.88000000,0.88100000,0.80900000,0.85300000,3147259.70000000,2660567.37470000,23057
2024-01-07,0.85400000,0.87300000,0.79400000,0.80200000,2388016.70000000,2002068.28690000,19338
2024-01-08,0.80200000,0.84900000,0.74400000,0.84300000,3480521.90000000,2782861.02630000,22364
2024-01-09,0.84200000,0.84600000,0.76200000,0.79800000,3119630.20000000,2501160.30600000,18253
2024-01-10,0.79800000,0.89200000,0.78300000,0.87600000,2579282.70000000,2127325.30930000,21516
2024-01-11,0.87700000,0.92500000,0.86900000,0.90000000,2848561.50000000,2556499.28970000,22227
2024-01-12,0.90100000,0.93200000,0.82800000,0.86100000,3921501.70000000,3502031.87740000,25697
2024-01-13,0.86200000,0.90800000,0.83200000,0.88700000,1721697.80000000,1501717.95320000,12124
2024-01-14,0.88800000,0.89700000,0.84600000,0.84700000,1877771.60000000,1640549.91230000,13279
2024-01-15,0.84700000,0.88000000,0.84600000,0.86200000,1516831.30000000,1311164.13550000,9449
2024-01-16,0.86200000,0.88800000,0.84400000,0.88100000,1764932.50000000,1538862.18450000,10711
2024-01-17,0.88100000,0.88600000,0.85100000,0.86300000,1449783.60000000,1258328.78660000,9018
2024-01-18,0.86400000,0.87500000,0.78800000,0.80200000,1968065.00000000,1625259.30640000,13938
2024-01-19,0.80200000,0.81300000,0.75600000,0.80800000,1856681.50000000,1467842.57340000,13822
2024-01-20,0.80800000,0.90100000,0.79700000,0.85400000,8071241.80000000,6924831.74440000,41085
2024-01-21,0.85500000,0.93900000,0.84900000,0.90200000,6481259.70000000,5758638.30330000,31584
2024-01-22,0.90300000,0.91300000,0.78400000,0.79800000,4681297.30000000,3890239.58240000,25836
2024-01-23,0.79800000,0.83200000,0.75000000,0.78300000,2567030.70000000,2016674.75130000,14830
2024-01-24,0.78300000,0.80400000,0.77500000,0.79500000,1684950.00000000,1331906.61470000,10179
2024-01-25,0.79600000,0.80000000,0.76800000,0.78800000,955677.70000000,751931.75230000,8946
2024-01-26,0.78800000,0.82500000,0.78100000,0.82200000,983693.10000000,797628.13270000,7156
2024-01-27,0.82200000,0.84100000,0.80900000,0.83300000,1191453.60000000,981208.73490000,7855
2024-01-28,0.83400000,0.84000000,0.79400000,0.80900000,1292737.80000000,1057760.81240000,8754
2024-01-29,0.80800000,0.83400000,0.80100000,0.82900000,1228659.10000000,1006268.85520000,8096
2024-01-30,0.82900000,0.84600000,0.81100000,0.81400000,1017310.00000000,846273.27080000,7759
2024-01-31,0.81500000,0.81700000,0.76900000,0.77600000,2090638.30000000,1653771.48690000,11132
2024-02-01,0.77600000,0.78800000,0.75900000,0.78600000,1325746.10000000,1031619.55660000,7684
2024-02-02,0.78600000,0.80400000,0.77600000,0.80200000,1099253.30000000,865961.96080000,6950
2024-02-03,0.80200000,0.81000000,0.78600000,0.79400000,652763.60000000,519931.74500000,4677
2024-02-04,0.79500000,0.79500000,0.76800000,0.77100000,1047642.00000000,818387.86850000,5832
2024-02-05,0.77100000,0.78800000,0.73800000,0.76600000,1340388.10000000,1024690.54490000,6807
2024-02-06,0.76700000,0.77900000,0.76200000,0.77100000,746664.80000000,575813.84220000,4886
2024-02-07,0.77100000,0.81000000,0.76400000,0.80500000,1451590.40000000,1141015.98890000,8578
2024-02-08,0.80500000,0.81200000,0.79400000,0.80600000,1194677.40000000,959098.81490000,7096
2024-02-09,0.80600000,0.85900000,0.80600000,0.84600000,2523353.20000000,2115037.05430000,13759
2024-02-10,0.84800000,0.86100000,0.82800000,0.85100000,2026256.50000000,1718566.14680000,9960
2024-02-11,0.85100000,0.87900000,0.84700000,0.85000000,1584002.70000000,1364571.45990000,9044
2024-02-12,0.84900000,0.91700000,0.84000000,0.90000000,3245564.10000000,2850410.32480000,17341
2024-02-13,0.90000000,0.90800000,0.85800000,0.88900000,2087759.90000000,1848900.93050000,11734
2024-02-14,0.88700000,0.93500000,0.88000000,0.93300000,2311683.30000000,2105732.98870000,15540
2024-02-15,0.93400000,1.00600000,0.93000000,0.97900000,4263882.90000000,4128943.21390000,27889
2024-02-16,0.98000000,1.06600000,0.96700000,1.00200000,5347657.10000000,5407312.81960000,35212
2024-02-17,1.00100000,1.14600000,0.99700000,1.12200000,14583486.00000000,15867914.97450000,93733
2024-02-18,1.12200000,1.15000000,1.07400000,1.10800000,5328342.70000000,5927212.23610000,36425
2024-02-19,1.10800000,1.18600000,1.10600000,1.14400000,4698519.00000000,5359777.72710000,35797
2024-02-20,1.14500000,1.16800000,1.01400000,1.07400000,4295312.90000000,4694873.30190000,36363
2024-02-21,1.07400000,1.08400000,0.98400000,1.03400000,2269811.40000000,2321125.89690000,19412
2024-02-22,1.03500000,1.33000000,1.00700000,1.19900000,20334290.70000000,24697433.57250000,201778
2024-02-23,1.19800000,1.51300000,1.19700000,1.26200000,36088291.00000000,49258647.92150000,309347
2024-02-24,1.26200000,1.26900000,1.19000000,1.23300000,6511926.20000000,7981892.59870000,46179
2024-02-25,1.23300000,1.29400000,1.20400000,1.24100000,4235646.80000000,5262340.53670000,34898
2024-02-26,1.24000000,1.29500000,1.21500000,1.24200000,4250159.90000000,5341211.49590000,36434
2024-02-27,1.24200000,1.28900000,1.22000000,1.23600000,4208555.50000000,5242200.29970000,33897
2024-02-28,1.23600000,1.29900000,1.03100000,1.18300000,8796302.40000000,10592815.70820000,66160
2024-02-29,1.18400000,1.25700000,1.15500000,1.19700000,5108515.60000000,6185418.72980000,40642
2024-03-01,1.19700000,1.37100000,1.19700000,1.32200000,8121768.70000000,10494024.54310000,62398
2024-03-02,1.32200000,1.43900000,1.29100000,1.43100000,6289391.70000000,8657087.28180000,55268
2024-03-03,1.43000000,1.44600000,1.17300000,1.38500000,5236581.60000000,7177651.53590000,49122
2024-03-04,1.38600000,1.60200000,1.36500000,1.46400000,9470204.60000000,14093360.54810000,115615
2024-03-05,1.46600000,1.53400000,1.05400000,1.30200000,10340560.10000000,14471647.95740000,115169
2024-03-06,1.30200000,1.44500000,1.25200000,1.44200000,4721458.00000000,6470919.62040000,52221
2024-03-07,1.44400000,1.54700000,1.42300000,1.54000000,4796929.20000000,7213545.63910000,54407
2024-03-08,1.54000000,1.57800000,1.38500000,1.53300000,5230564.00000000,7920193.84000000,53414
2024-03-09,1.53200000,1.59700000,1.48300000,1.49100000,3347472.70000000,5143403.92620000,39860
2024-03-10,1.49300000,1.66100000,1.46700000,1.61100000,11633994.00000000,18259607.86510000,113260
2024-03-11,1.61100000,1.68600000,1.50000000,1.67600000,6765890.60000000,10980483.41030000,92905
2024-03-12,1.67500000,1.73700000,1.53700000,1.72400000,6276579.10000000,10366230.06020000,83336
2024-03-13,1.72500000,1.85300000,1.72200000,1.78600000,4845031.20000000,8635705.39330000,63296
2024-03-14,1.78600000,1.84700000,1.59000000,1.73600000,5200761.80000000,8964714.32350000,66815
2024-03-15,1.73700000,1.76600000,1.45200000,1.64400000,6019937.80000000,9602799.96270000,78243
2024-03-16,1.64500000,1.66500000,1.37600000,1.41100000,4275832.70000000,6424869.69480000,50529
2024-03-17,1.41100000,1.52900000,1.34000000,1.49700000,3495048.00000000,5075195.16480000,38367
2024-03-18,1.49700000,1.52100000,1.34800000,1.39800000,3168821.70000000,4519166.61680000,33079
2024-03-19,1.39800000,1.40900000,1.20600000,1.26900000,3873141.10000000,4994532.88580000,45043
2024-03-20,1.26700000,1.43000000,1.21000000,1.42100000,3261810.80000000,4290171.96720000,47732
2024-03-21,1.42100000,1.45600000,1.37500000,1.42500000,2078621.20000000,2950229.98690000,34075
2024-03-22,1.42500000,1.47200000,1.32700000,1.37500000,2431312.10000000,3390970.17950000,41351
2024-03-23,1.37600000,1.47200000,1.36200000,1.42200000,2099463.90000000,2993157.49000000,29331
2024-03-24,1.42100000,1.50900000,1.41000000,1.48800000,1856008.20000000,2703898.94840000,27682
2024-03-25,1.48800000,1.62400000,1.47800000,1.58500000,3803858.40000000,5945551.49220000,45386
2024-03-26,1.58600000,1.93700000,1.58200000,1.77800000,14943969.60000000,26468056.01150000,157838
2024-03-27,1.77600000,1.81400000,1.65000000,1.67100000,5624674.80000000,9718096.33470000,63508
2024-03-28,1.67100000,1.74300000,1.63100000,1.69600000,2889478.10000000,4874800.06560000,31907
2024-03-29,1.69600000,1.73200000,1.64800000,1.66900000,1851235.20000000,3133058.01320000,25896
2024-03-30,1.66900000,1.69500000,1.57600000,1.58800000,1657338.10000000,2706653.44020000,24273
2024-03-31,1.58700000,1.65100000,1.57700000,1.63300000,1314789.90000000,2133383.06220000,17302
2024-04-01,1.63200000,1.66300000,1.49200000,1.55400000,4000435.00000000,6294372.28130000,52448
2024-04-02,1.55400000,1.55800000,1.39700000,1.42500000,3164985.80000000,4604434.78620000,43465
2024-04-03,1.42300000,1.48800000,1.37000000,1.42600000,1981673.50000000,2853964.75650000,31290
2024-04-04,1.42600000,1.60300000,1.38800000,1.49000000,4757539.60000000,7190612.32100000,50492
2024-04-05,1.49000000,1.50600000,1.37600000,1.43300000,2074503.10000000,2977176.60340000,27567
2024-04-06,1.43300000,1.47500000,1.42400000,1.45500000,1398420.60000000,2027885.82890000,14864
2024-04-07,1.45400000,1.53800000,1.45000000,1.49500000,1802285.40000000,2692239.65200000,21449
2024-04-08,1.49500000,1.57300000,1.45600000,1.56500000,1678393.00000000,2560404.93880000,21808
2024-04-09,1.56700000,1.58000000,1.43900000,1.44400000,1986891.60000000,2980429.90240000,26397
2024-04-10,1.44500000,1.46200000,1.35400000,1.44200000,2497863.70000000,3512592.76090000,30385
2024-04-11,1.44200000,1.47300000,1.38100000,1.39400000,1558735.60000000,2212332.19650000,20900
2024-04-12,1.39500000,1.42900000,1.00000000,1.14100000,5250177.40000000,6270555.08470000,53219
2024-04-13,1.14000000,1.18900000,0.76800000,0.96800000,8673009.80000000,8509958.20680000,79538
2024-04-14,0.96600000,1.06700000,0.91900000,1.05500000,4643358.40000000,4636732.38630000,51689
2024-04-15,1.05400000,1.13400000,0.95200000,0.99400000,3211407.80000000,3372303.42440000,37557
2024-04-16,0.99400000,1.03700000,0.95700000,1.02000000,2592080.00000000,2597897.51610000,34934
2024-04-17,1.01900000,1.02600000,0.94300000,0.98200000,2586981.40000000,2547034.76950000,30143
2024-04-18,0.98200000,1.04500000,0.95300000,1.02500000,2169360.00000000,2172223.66710000,28646
2024-04-19,1.02500000,1.06200000,0.92900000,1.04400000,2724988.90000000,2768426.26690000,32187
2024-04-20,1.04400000,1.14100000,1.03100000,1.11900000,1898625.70000000,2065865.48140000,21356
2024-04-21,1.11900000,1.12600000,1.06900000,1.08900000,2243371.10000000,2455868.24090000,21908
2024-04-22,1.08900000,1.14100000,1.08100000,1.12700000,1714468.70000000,1913386.21950000,20305
2024-04-23,1.12700000,1.14500000,1.10700000,1.13900000,1391377.00000000,1569991.48960000,16699
2024-04-24,1.13800000,1.18000000,1.06100000,1.07400000,2011287.60000000,2271888.50400000,24358
2024-04-25,1.07400000,1.13700000,1.02700000,1.10100000,2057092.10000000,2202994.23950000,21808
2024-04-26,1.10000000,1.11200000,1.05500000,1.08900000,1672550.80000000,1806648.12170000,18403
2024-04-27,1.09100000,1.15000000,1.03100000,1.13000000,4377162.90000000,4781085.73940000,36618
2024-04-28,1.12900000,1.15600000,1.08800000,1.09300000,2140270.20000000,2412086.61040000,19199
2024-04-29,1.09300000,1.11000000,1.03700000,1.07000000,1531913.20000000,1627206.59200000,17717
2024-04-30,1.06900000,1.08500000,0.93100000,0.97600000,2564335.80000000,2520580.49420000,29653
2024-05-01,0.97600000,1.01600000,0.92300000,1.00700000,2626263.10000000,2538910.71460000,28530
2024-05-02,1.00600000,1.04000000,0.97700000,1.02800000,1975869.10000000,1985260.62320000,23067
2024-05-03,1.02800000,1.09400000,1.00800000,1.07300000,2308020.90000000,2439365.58900000,23447
2024-05-04,1.07400000,1.08300000,1.05900000,1.06000000,1364375.90000000,1459634.66750000,13190
2024-05-05,1.06100000,1.10600000,1.03400000,1.09200000,1563785.70000000,1670924.21210000,18086
2024-05-06,1.09100000,1.12300000,1.06400000,1.07300000,1506778.40000000,1640661.16430000,19483
2024-05-07,1.07300000,1.10600000,1.04500000,1.04700000,1549505.40000000,1669763.34930000,14185
2024-05-08,1.04700000,1.08400000,1.01100000,1.05400000,1690942.30000000,1759774.13940000,16876
2024-05-09,1.05300000,1.10800000,1.02500000,1.10400000,1359350.90000000,1450075.36040000,14062
2024-05-10,1.10400000,1.11400000,1.02200000,1.04500000,1915696.90000000,2044466.41450000,19775
2024-05-11,1.04500000,1.06400000,1.02200000,1.02500000,748800.80000000,783025.81380000,7908
2024-05-12,1.02500000,1.04300000,0.98900000,0.99900000,952690.30000000,968763.33740000,10984
2024-05-13,1.00000000,1.02100000,0.94400000,0.98800000,1243568.10000000,1222859.23330000,17022
2024-05-14,0.98700000,0.99500000,0.94000000,0.94500000,1417795.70000000,1365814.27250000,16763
2024-05-15,0.94600000,1.03700000,0.94000000,1.03000000,1393147.50000000,1378202.46000000,16830
2024-05-16,1.03000000,1.05000000,0.98200000,1.01800000,943270.10000000,961301.47360000,13080
2024-05-17,1.01800000,1.05600000,1.00900000,1.04500000,685540.00000000,709537.91630000,10397
2024-05-18,1.04500000,1.05600000,1.02200000,1.04200000,694549.50000000,723225.81470000,8918
2024-05-19,1.04200000,1.05500000,0.99200000,0.99800000,899064.10000000,919449.58360000,12036
2024-05-20,0.99800000,1.08700000,0.98200000,1.07800000,2097290.80000000,2186218.76110000,25008
2024-05-21,1.07800000,1.11000000,1.06400000,1.10300000,1536240.80000000,1673881.85910000,20445
2024-05-22,1.10200000,1.12500000,1.06700000,1.08200000,1632183.10000000,1788290.24970000,21700
2024-05-23,1.08200000,1.11000000,1.00900000,1.07500000,1904452.50000000,2031370.04120000,22069
2024-05-24,1.07300000,1.11600000,1.04200000,1.10900000,930179.50000000,1011060.53910000,11080
2024-05-25,1.10800000,1.11900000,1.07400000,1.08500000,1454161.60000000,1588987.23180000,9858
2024-05-26,1.08500000,1.08800000,1.04300000,1.05500000,868782.60000000,929498.49990000,9720
2024-05-27,1.05400000,1.13000000,1.05100000,1.11500000,1745438.50000000,1918493.78550000,16369
2024-05-28,1.11500000,1.12300000,1.07000000,1.10800000,2280408.20000000,2499490.04460000,25647
2024-05-29,1.10800000,1.15200000,1.09700000,1.11900000,2250374.20000000,2544715.48210000,22450
2024-05-30,1.11800000,1.16700000,1.08600000,1.10100000,1995705.80000000,2245077.05640000,21354
2024-05-31,1.10000000,1.17200000,1.08000000,1.15500000,1902560.40000000,2165703.01290000,18747
2024-06-01,1.15500000,1.17600000,1.12400000,1.12500000,1445587.00000000,1658439.08100000,13458
2024-06-02,1.12400000,1.15500000,1.09800000,1.10300000,1019765.30000000,1146106.92830000,12727
2024-06-03,1.10200000,1.15800000,1.09400000,1.12800000,1280117.30000000,1454649.41720000,15349
2024-06-04,1.12700000,1.25700000,1.11900000,1.24800000,4525424.00000000,5426569.66030000,42838
2024-06-05,1.24700000,1.26500000,1.20600000,1.23800000,1790553.10000000,2214096.81940000,19315
2024-06-06,1.23800000,1.30500000,1.21500000,1.29200000,1544018.90000000,1945604.65540000,18083
2024-06-07,1.29100000,1.35100000,1.06000000,1.16100000,5376958.70000000,6616803.61850000,58066
2024-06-08,1.16100000,1.23300000,1.07400000,1.08500000,2084063.60000000,2408610.12510000,26660
2024-06-09,1.08500000,1.14800000,1.07300000,1.10400000,1475168.00000000,1634518.55360000,17377
2024-06-10,1.10400000,1.10700000,1.03700000,1.04300000,1363087.30000000,1460210.04020000,18967
2024-06-11,1.04300000,1.05200000,0.95500000,0.98400000,1680008.30000000,1685106.73990000,23016
2024-06-12,0.98500000,1.08000000,0.96500000,1.02900000,1586937.00000000,1639178.99130000,20962
2024-06-13,1.02900000,1.03700000,0.96100000,0.96800000,1088023.00000000,1077641.93950000,16985
2024-06-14,0.96800000,1.00900000,0.91100000,0.93900000,1425856.00000000,1367286.51380000,20303
2024-06-15,0.93900000,0.95500000,0.92600000,0.93100000,834526.20000000,784957.48220000,11531
2024-06-16,0.93100000,0.93700000,0.90100000,0.92600000,974122.20000000,900288.14960000,13682
2024-06-17,0.92700000,0.93700000,0.81400000,0.84300000,2243327.50000000,1943814.81040000,26335
2024-06-18,0.84400000,0.84800000,0.72000000,0.76700000,3290598.20000000,2548146.08540000,30919
2024-06-19,0.76700000,0.79700000,0.75700000,0.79000000,1160669.60000000,906364.68220000,13815
2024-06-20,0.78800000,0.82800000,0.78300000,0.79300000,991366.30000000,797128.07360000,13700
2024-06-21,0.79300000,0.81000000,0.77700000,0.78800000,920581.70000000,730874.06460000,12905
2024-06-22,0.78900000,0.80700000,0.77500000,0.79700000,502014.80000000,397983.06580000,7337
2024-06-23,0.79700000,0.81300000,0.76400000,0.77400000,630558.60000000,500133.97080000,8682
2024-06-24,0.77400000,0.80200000,0.73000000,0.80100000,1321227.10000000,1016048.92590000,18905
2024-06-25,0.80000000,0.83000000,0.79400000,0.81300000,947788.80000000,770064.53250000,13217
2024-06-26,0.81300000,0.82400000,0.77600000,0.79100000,783443.50000000,628327.25270000,11699
2024-06-27,0.79200000,0.82200000,0.77400000,0.81600000,860372.20000000,688099.84520000,9996
2024-06-28,0.81700000,0.84400000,0.79500000,0.79600000,1387087.10000000,1143381.64830000,12712
2024-06-29,0.79600000,0.81200000,0.76900000,0.77300000,483508.90000000,383623.31330000,6148
2024-06-30,0.77200000,0.80800000,0.76300000,0.80600000,490226.20000000,385929.72280000,6487
2024-07-01,0.80500000,0.81900000,0.78400000,0.78700000,755060.00000000,605482.37660000,9567
2024-07-02,0.78600000,0.80300000,0.77700000,0.79200000,651167.00000000,514366.14080000,6819
2024-07-03,0.79000000,0.79700000,0.73300000,0.74200000,1171998.50000000,892883.31590000,12334
2024-07-04,0.74100000,0.74500000,0.65700000,0.66000000,1659858.80000000,1157651.08610000,16956
2024-07-05,0.66000000,0.66100000,0.50000000,0.62600000,4029847.90000000,2423792.89800000,30859
2024-07-06,0.62600000,0.68800000,0.62400000,0.68400000,927894.80000000,606777.11810000,9198
2024-07-07,0.68300000,0.68300000,0.63700000,0.64100000,776144.60000000,515742.97730000,8418
2024-07-08,0.64100000,0.68300000,0.60900000,0.66000000,1874597.10000000,1219406.21150000,18898
2024-07-09,0.66100000,0.69400000,0.65400000,0.67300000,1651026.60000000,1115279.32640000,13072
2024-07-10,0.67400000,0.68800000,0.66300000,0.68000000,809482.50000000,545468.04470000,8845
2024-07-11,0.68000000,0.70500000,0.66800000,0.67100000,1525484.40000000,1052920.28570000,10654
2024-07-12,0.67100000,0.69800000,0.66500000,0.68900000,1015973.10000000,696430.86670000,8482
2024-07-13,0.68900000,0.71300000,0.68700000,0.70700000,639320.70000000,447566.94490000,4970
2024-07-14,0.70700000,0.73500000,0.70700000,0.73200000,592630.60000000,425568.24560000,5570
2024-07-15,0.73200000,0.76300000,0.72900000,0.76100000,787459.40000000,582348.29480000,7576
2024-07-16,0.76200000,0.78000000,0.72600000,0.76600000,978076.20000000,743758.49440000,10218
2024-07-17,0.76500000,0.80300000,0.76300000,0.77100000,1999652.00000000,1580184.72230000,11007
2024-07-18,0.77100000,0.79400000,0.74100000,0.76500000,738331.10000000,571437.70720000,7537
2024-07-19,0.76600000,0.79700000,0.74500000,0.79300000,984227.00000000,760463.96050000,9785
2024-07-20,0.79200000,0.80400000,0.78100000,0.79700000,428040.80000000,340266.27100000,5151
2024-07-21,0.79700000,0.81200000,0.76000000,0.81000000,714257.30000000,564206.40980000,7274
2024-07-22,0.81000000,0.81300000,0.73500000,0.74000000,2136066.40000000,1646771.98050000,11204
2024-07-23,0.74100000,0.76400000,0.70000000,0.71800000,2270270.60000000,1667375.98550000,18651
2024-07-24,0.71900000,0.79300000,0.69300000,0.70500000,6159245.70000000,4529110.74650000,33192
2024-07-25,0.70400000,0.71000000,0.66400000,0.69900000,1734938.40000000,1201578.47730000,12885
2024-07-26,0.69900000,0.73900000,0.69800000,0.73600000,617776.60000000,446514.97790000,5245
2024-07-27,0.73600000,0.82000000,0.70500000,0.75100000,10744975.70000000,8070348.96350000,51611
2024-07-28,0.75100000,0.78600000,0.73600000,0.75600000,2260723.70000000,1724178.90960000,14452
2024-07-29,0.75400000,0.79900000,0.74600000,0.74700000,1235040.10000000,961919.70190000,9014
2024-07-30,0.74700000,0.76300000,0.72900000,0.74600000,724397.80000000,542355.82720000,6660
2024-07-31,0.74600000,0.77800000,0.72000000,0.72200000,1193464.70000000,902118.23410000,9807
2024-08-01,0.72200000,0.72900000,0.64700000,0.70200000,1302585.60000000,900047.81860000,11541
2024-08-02,0.70200000,0.70900000,0.64800000,0.65600000,1552764.10000000,1045412.29680000,11113
2024-08-03,0.65500000,0.66200000,0.57800000,0.59100000,3083827.10000000,1930557.02040000,16126
2024-08-04,0.59200000,0.61500000,0.54700000,0.56300000,2805234.70000000,1639540.88650000,15577
2024-08-05,0.56300000,0.57200000,0.43700000,0.52700000,10262094.00000000,5105094.02300000,47404
2024-08-06,0.52600000,0.58400000,0.52500000,0.56800000,2064603.20000000,1163618.26090000,11354
2024-08-07,0.56800000,0.59800000,0.52500000,0.54200000,3340770.90000000,1853640.19410000,15644
2024-08-08,0.54200000,0.65000000,0.53100000,0.63600000,6599069.90000000,3966236.30810000,23182
2024-08-09,0.63700000,0.65300000,0.62600000,0.63900000,1516652.90000000,966539.32060000,7606
2024-08-10,0.63900000,0.65300000,0.62100000,0.64300000,859137.40000000,545538.32900000,4706
2024-08-11,0.64300000,0.66300000,0.62000000,0.62800000,1734011.40000000,1113733.96690000,8758
2024-08-12,0.62900000,0.65900000,0.61200000,0.65200000,1833677.70000000,1171805.48080000,9492
2024-08-13,0.65100000,0.66200000,0.62400000,0.65900000,1240416.80000000,796128.18820000,6412
2024-08-14,0.65900000,0.65900000,0.61400000,0.63000000,1588818.60000000,1012868.34010000,7286
2024-08-15,0.63100000,0.64000000,0.59300000,0.60900000,2292226.00000000,1415814.02890000,9806
2024-08-16,0.60900000,0.62400000,0.58400000,0.60600000,1398641.90000000,847556.72700000,7181
2024-08-17,0.60500000,0.64300000,0.60000000,0.64000000,650870.40000000,404839.55560000,4369
2024-08-18,0.64000000,0.68000000,0.62300000,0.64800000,2163898.90000000,1422415.43140000,10449
2024-08-19,0.64800000,0.67800000,0.63600000,0.67800000,1978174.80000000,1293301.84460000,13381
2024-08-20,0.67600000,0.69800000,0.66600000,0.67800000,1146715.70000000,784182.56830000,7279
2024-08-21,0.67900000,0.71400000,0.66900000,0.71000000,858939.20000000,591057.48990000,7884
2024-08-22,0.71000000,0.73000000,0.70300000,0.71000000,677058.30000000,484444.71680000,5927
2024-08-23,0.71000000,0.78300000,0.70500000,0.74200000,8865837.00000000,6506185.37900000,38391
2024-08-24,0.74100000,0.77800000,0.73300000,0.75600000,1832284.40000000,1382251.17380000,13014
2024-08-25,0.75600000,0.76200000,0.72200000,0.74500000,1037946.00000000,771562.62460000,7414
2024-08-26,0.74500000,0.76000000,0.70500000,0.71500000,2113232.10000000,1553559.71980000,12083
2024-08-27,0.71400000,0.74300000,0.61200000,0.63300000,4080655.20000000,2749820.33620000,20285
2024-08-28,0.63400000,0.67500000,0.61400000,0.63600000,3432360.30000000,2210337.69790000,16395
2024-08-29,0.63600000,0.71100000,0.63600000,0.65500000,6456966.40000000,4335797.85270000,30457
2024-08-30,0.65500000,0.66500000,0.61500000,0.65400000,1443180.40000000,937353.92970000,10076
2024-08-31,0.65300000,0.65900000,0.63200000,0.64600000,799011.70000000,518600.46140000,5243
2024-09-01,0.64600000,0.65200000,0.60100000,0.61000000,1753241.30000000,1101186.59500000,11227
2024-09-02,0.61000000,0.66300000,0.60800000,0.65400000,2135184.20000000,1353534.34150000,10617
2024-09-03,0.65400000,0.66400000,0.60700000,0.60900000,1829089.00000000,1172031.36320000,9657
2024-09-04,0.60900000,0.63500000,0.57500000,0.62500000,1585621.60000000,961968.04930000,9841
2024-09-05,0.62400000,0.62900000,0.59800000,0.60400000,6137933.80000000,3778685.61250000,20229
2024-09-06,0.60400000,0.61800000,0.54000000,0.57500000,4345595.00000000,2595082.65350000,12540
2024-09-07,0.57400000,0.60700000,0.56800000,0.58700000,2996762.10000000,1756650.70840000,8304
2024-09-08,0.58600000,0.61100000,0.58400000,0.60600000,1144376.70000000,684859.54700000,5309
2024-09-09,0.60400000,0.64100000,0.60300000,0.63500000,1139341.40000000,710439.38470000,5024
2024-09-10,0.63500000,0.64700000,0.62500000,0.63500000,940637.70000000,599597.93550000,5478
2024-09-11,0.63400000,0.63700000,0.59800000,0.60000000,1790593.60000000,1100657.19350000,6994
2024-09-12,0.59900000,0.62800000,0.59900000,0.62400000,1322995.10000000,816556.96730000,6952
2024-09-13,0.62500000,0.64200000,0.61200000,0.63700000,1158886.60000000,725855.33490000,5603
2024-09-14,0.63700000,0.66100000,0.62500000,0.65700000,2020642.70000000,1300677.89590000,7198
2024-09-15,0.65800000,0.68800000,0.60700000,0.61200000,9243215.70000000,6062115.07620000,33108
2024-09-16,0.61100000,0.63000000,0.58400000,0.59300000,1748526.60000000,1057527.41440000,11945
2024-09-17,0.59200000,0.62500000,0.58300000,0.62300000,1759674.50000000,1073835.48050000,8682
2024-09-18,0.62300000,0.64000000,0.59600000,0.64000000,2147809.50000000,1330062.01150000,9858
2024-09-19,0.64000000,0.68600000,0.64000000,0.68400000,3705984.80000000,2477058.41780000,11546
2024-09-20,0.68400000,0.70600000,0.67200000,0.69600000,3863701.80000000,2652015.26180000,14931
2024-09-21,0.69600000,0.72300000,0.68300000,0.71900000,1133707.90000000,802111.67010000,6815
2024-09-22,0.71900000,0.72300000,0.66700000,0.69600000,1575894.40000000,1105816.36550000,8813
2024-09-23,0.69600000,0.72400000,0.68200000,0.71300000,1290575.30000000,917387.08670000,8897
2024-09-24,0.71500000,0.73400000,0.69700000,0.72400000,1673490.20000000,1207687.02580000,9867
2024-09-25,0.72300000,0.74100000,0.70800000,0.71400000,1081182.90000000,787878.76900000,7942
2024-09-26,0.71300000,0.76900000,0.70400000,0.74400000,2911577.60000000,2187417.90340000,17299
2024-09-27,0.74400000,0.76800000,0.73900000,0.74600000,1903702.70000000,1434906.23910000,11955
2024-09-28,0.74600000,0.75800000,0.71800000,0.73300000,941063.30000000,693081.34900000,7177
2024-09-29,0.73300000,0.75600000,0.71500000,0.74400000,1836152.80000000,1350615.18420000,11901
2024-09-30,0.74300000,0.74500000,0.68300000,0.69000000,1949642.90000000,1389259.70740000,14736
2024-10-01,0.68900000,0.72800000,0.59700000,0.60400000,4008071.50000000,2640992.51040000,25351
2024-10-02,0.60400000,0.63300000,0.57000000,0.58800000,9595920.80000000,5825959.88330000,38831
2024-10-03,0.58700000,0.60400000,0.57100000,0.59200000,5079017.70000000,2991354.15830000,23548
2024-10-04,0.59200000,0.62500000,0.58900000,0.62100000,2154319.60000000,1309350.56770000,11366
2024-10-05,0.62200000,0.63000000,0.59600000,0.61000000,1337260.00000000,822374.59660000,8123
2024-10-06,0.60900000,0.63600000,0.60500000,0.63400000,1014079.00000000,631906.19480000,7440
2024-10-07,0.63500000,0.65000000,0.61800000,0.62000000,3631671.40000000,2319572.49760000,14604
2024-10-08,0.62100000,0.63700000,0.61600000,0.62100000,1684005.30000000,1053475.09910000,12212
2024-10-09,0.62200000,0.63300000,0.59300000,0.60400000,1365786.70000000,840585.32190000,11223
2024-10-10,0.60400000,0.61800000,0.58700000,0.61000000,1410228.80000000,851550.28890000,7789
2024-10-11,0.61100000,0.63800000,0.60500000,0.63400000,1011426.40000000,629543.72040000,5553
2024-10-12,0.63500000,0.65000000,0.63400000,0.63700000,871101.70000000,559055.56650000,5976
2024-10-13,0.63700000,0.64800000,0.62000000,0.64300000,2664916.90000000,1693696.83590000,13343
2024-10-14,0.64300000,0.67800000,0.63200000,0.67500000,2232376.80000000,1475453.97190000,11482
2024-10-15,0.67500000,0.68200000,0.63400000,0.66100000,2857777.50000000,1888172.90040000,14467
2024-10-16,0.66200000,0.66700000,0.63000000,0.64600000,1118425.30000000,722583.20800000,8793
2024-10-17,0.64600000,0.65200000,0.61100000,0.63200000,1379561.80000000,871045.68090000,8406
2024-10-18,0.63200000,0.66000000,0.63000000,0.65800000,1558587.60000000,1006326.64360000,13689
2024-10-19,0.65900000,0.66800000,0.64700000,0.66300000,993565.10000000,654410.40650000,6405
2024-10-20,0.66300000,0.70300000,0.65400000,0.70300000,1487512.10000000,1010611.56990000,9978
2024-10-21,0.70300000,0.79200000,0.68700000,0.72400000,17661533.80000000,13004959.32340000,78430
2024-10-22,0.72500000,0.74400000,0.67800000,0.68700000,5770537.10000000,4089035.10520000,22650
2024-10-23,0.68900000,0.80000000,0.63700000,0.65800000,3908758.90000000,2655870.54560000,16520
2024-10-24,0.65800000,0.68200000,0.64800000,0.67000000,1962049.60000000,1303219.92550000,10153
2024-10-25,0.67000000,0.67500000,0.57400000,0.60100000,2769683.30000000,1760738.69310000,14142
2024-10-26,0.60000000,0.61700000,0.58300000,0.60800000,1725050.30000000,1039765.96160000,10505
2024-10-27,0.60800000,0.62200000,0.59600000,0.61500000,1138483.40000000,691045.90080000,7954
2024-10-28,0.61500000,0.62400000,0.59000000,0.61700000,1644022.80000000,999730.17780000,9463
2024-10-29,0.61700000,0.66400000,0.61500000,0.65300000,2307405.60000000,1485132.16690000,12785
2024-10-30,0.65200000,0.66300000,0.63700000,0.64300000,1270560.50000000,824377.40330000,6658
2024-10-31,0.64300000,0.66700000,0.59400000,0.60100000,8351882.10000000,5293270.76080000,29235
2024-11-01,0.60100000,0.62300000,0.59000000,0.60100000,1418321.80000000,856664.86960000,8513
2024-11-02,0.60000000,0.61000000,0.58800000,0.59400000,883847.20000000,529349.42280000,5658
2024-11-03,0.59500000,0.59700000,0.53600000,0.55800000,1825948.30000000,1025999.05600000,10066
2024-11-04,0.55700000,0.57200000,0.52700000,0.54100000,1028434.80000000,569012.27440000,5462
2024-11-05,0.54300000,0.58500000,0.54300000,0.57400000,1412848.10000000,802642.12970000,7951
2024-11-06,0.57400000,0.64800000,0.57400000,0.64400000,2200834.40000000,1360324.09010000,13870
2024-11-07,0.64400000,0.66600000,0.63400000,0.65500000,2689755.10000000,1749053.40900000,12239
2024-11-08,0.65600000,0.67600000,0.63700000,0.67600000,1937615.30000000,1269148.30500000,7817
2024-11-09,0.67500000,0.75000000,0.66700000,0.70600000,16934628.30000000,11913683.90360000,52456
2024-11-10,0.70500000,0.74700000,0.66900000,0.71100000,7661311.60000000,5497852.19990000,31704
2024-11-11,0.71200000,0.74400000,0.67900000,0.72300000,5385298.10000000,3810556.08990000,26618
2024-11-12,0.72300000,0.77000000,0.63800000,0.68100000,15251233.30000000,10752178.18580000,63747
2024-11-13,0.68200000,0.69200000,0.62300000,0.66100000,5682975.20000000,3749230.69200000,30179
2024-11-14,0.66100000,0.69200000,0.63200000,0.64600000,2967751.70000000,1971060.84020000,18998
2024-11-15,0.64700000,0.68300000,0.61800000,0.68100000,2116949.40000000,1370809.51140000,14349
2024-11-16,0.67900000,0.72400000,0.67500000,0.72200000,2843067.40000000,1993719.04930000,20176
2024-11-17,0.72200000,0.77600000,0.68300000,0.70800000,8755065.10000000,6495693.16580000,44237
2024-11-18,0.70900000,0.75400000,0.70500000,0.74400000,5708419.20000000,4186701.51380000,32060
2024-11-19,0.74400000,0.74500000,0.69600000,0.71800000,2540249.80000000,1838819.00680000,15276
2024-11-20,0.71800000,0.72700000,0.65700000,0.67000000,3262322.30000000,2273858.74870000,14682
2024-11-21,0.66900000,0.73900000,0.65000000,0.73400000,5257332.30000000,3684475.15480000,23158
2024-11-22,0.73500000,0.76300000,0.71100000,0.76200000,4842630.60000000,3580559.01410000,25294
2024-11-23,0.76200000,0.86500000,0.75300000,0.84900000,10256906.90000000,8464601.08180000,40838
2024-11-24,0.84900000,0.91900000,0.80000000,0.91000000,7803415.20000000,6744047.77330000,45321
2024-11-25,0.91000000,0.93300000,0.83900000,0.86400000,4924522.00000000,4390740.88280000,27639
2024-11-26,0.86400000,0.90200000,0.80300000,0.85800000,3605569.30000000,3038784.11120000,22480
2024-11-27,0.85800000,0.94000000,0.83800000,0.93100000,3254847.60000000,2925960.96880000,19898
2024-11-28,0.92900000,0.93400000,0.88700000,0.92300000,2860912.70000000,2599107.84710000,13707
2024-11-29,0.92400000,0.97100000,0.90100000,0.96400000,2350523.20000000,2199462.28310000,13686
2024-11-30,0.96400000,1.02800000,0.94900000,1.01200000,2924326.60000000,2906614.07520000,19308
2024-12-01,1.01200000,1.02700000,0.96300000,1.00400000,3278381.40000000,3265272.87800000,21873
2024-12-02,1.00400000,1.02500000,0.93000000,1.02500000,3566518.80000000,3493735.92640000,29369
2024-12-03,1.02500000,1.13700000,1.00200000,1.12200000,6525475.40000000,7004558.87950000,49591
2024-12-04,1.12200000,1.20500000,1.10000000,1.17300000,4840187.70000000,5632657.74220000,42546
2024-12-05,1.17200000,1.23100000,1.10100000,1.17600000,3678215.80000000,4346835.25680000,35059
2024-12-06,1.17400000,1.25100000,1.15000000,1.22300000,2888181.30000000,3492753.49900000,26365
2024-12-07,1.22300000,1.23300000,1.16900000,1.18500000,1697622.80000000,2036957.69910000,19244
2024-12-08,1.18300000,1.23000000,1.14900000,1.22500000,1818072.10000000,2159890.87050000,20421
2024-12-09,1.22500000,1.22500000,0.82800000,0.95900000,5840376.20000000,5931503.65310000,52113
2024-12-10,0.95900000,0.97800000,0.82700000,0.92200000,5450324.10000000,4959805.12130000,36822
2024-12-11,0.92300000,1.02700000,0.88700000,1.01700000,2723126.40000000,2659532.61240000,25697
2024-12-12,1.01700000,1.06100000,1.00300000,1.03600000,4302746.70000000,4437624.04760000,37527
2024-12-13,1.03600000,1.06700000,1.01000000,1.05300000,2945928.10000000,3062949.24340000,31360
2024-12-14,1.05300000,1.06500000,0.97800000,1.01300000,2531311.70000000,2577550.33680000,23750
2024-12-15,1.01300000,1.09000000,0.97400000,1.07800000,3488328.00000000,3642482.15060000,28140
2024-12-16,1.07900000,1.11700000,1.01500000,1.05100000,3006115.60000000,3209239.84720000,31047
2024-12-17,1.05200000,1.05600000,0.96600000,0.97900000,2365294.80000000,2407693.79230000,20329
2024-12-18,0.97900000,0.99000000,0.85600000,0.87500000,3467459.50000000,3193820.71010000,25213
2024-12-19,0.87500000,0.90100000,0.76600000,0.80700000,4370936.90000000,3623347.50830000,31594
2024-12-20,0.80800000,0.83500000,0.68200000,0.81700000,3901638.50000000,2977528.10560000,26840
2024-12-21,0.81600000,0.87000000,0.76600000,0.77800000,2212171.40000000,1790033.41970000,18560
2024-12-22,0.77900000,0.80900000,0.75500000,0.77900000,1634953.50000000,1279155.63600000,13793
2024-12-23,0.78000000,0.85300000,0.76000000,0.84000000,2053158.90000000,1658419.75590000,15177
2024-12-24,0.84000000,0.94000000,0.82000000,0.92700000,2775039.00000000,2466536.64630000,18364
2024-12-25,0.92700000,0.94800000,0.89600000,0.91300000,1942826.10000000,1791821.54880000,19256
2024-12-26,0.91300000,0.92000000,0.85100000,0.86700000,2642458.30000000,2317725.79660000,14826
2024-12-27,0.86700000,0.93800000,0.86000000,0.90400000,2641258.10000000,2382973.76120000,15855
2024-12-28,0.90500000,1.25000000,0.90100000,1.02100000,28064716.40000000,29851159.59840000,128142
2024-12-29,1.02100000,1.02700000,0.94500000,0.95300000,6109660.60000000,5963610.67200000,42146
2024-12-30,0.95200000,0.98900000,0.88800000,0.92500000,3733087.60000000,3515269.83760000,30608
2024-12-31,0.92400000,0.95600000,0.90500000,0.91300000,1881781.50000000,1746978.02820000,16784
2025-01-01,0.91200000,0.94000000,0.88300000,0.93100000,3204906.30000000,2946759.37430000,22719
2025-01-02,0.93100000,1.00700000,0.92800000,0.96300000,2933310.20000000,2850916.62090000,23207
2025-01-03,0.96300000,0.97700000,0.92700000,0.96700000,2989335.50000000,2848562.91930000,18565
2025-01-04,0.96700000,0.97700000,0.93100000,0.94800000,2037580.70000000,1947471.71840000,12954
2025-01-05,0.94800000,0.98500000,0.93800000,0.95800000,2261473.80000000,2167659.43860000,15657
2025-01-06,0.95700000,0.97300000,0.93400000,0.95200000,1553902.10000000,1478497.08620000,12530
2025-01-07,0.95000000,0.96000000,0.84300000,0.84400000,2677972.90000000,2413791.27390000,17598
2025-01-08,0.84400000,0.85700000,0.76800000,0.81700000,2399829.30000000,1950983.66200000,15512
2025-01-09,0.81500000,0.82600000,0.77300000,0.80000000,1718421.30000000,1371926.30340000,15246
2025-01-10,0.80000000,0.83100000,0.79000000,0.81700000,1388968.20000000,1124723.77380000,10663
2025-01-11,0.81600000,0.82500000,0.79500000,0.81000000,1270933.20000000,1033579.37210000,8444
2025-01-12,0.81100000,0.81600000,0.78000000,0.79200000,1134556.70000000,905679.75290000,6345
2025-01-13,0.79200000,0.82000000,0.71400000,0.77400000,2141369.60000000,1618259.53310000,17247
2025-01-14,0.77300000,0.80900000,0.76600000,0.80400000,880206.40000000,692813.98400000,7438
2025-01-15,0.80500000,0.85900000,0.77800000,0.85600000,1959287.90000000,1602838.97840000,15430
2025-01-16,0.85800000,0.87700000,0.83400000,0.86200000,2220635.30000000,1904216.15980000,19164
2025-01-17,0.86200000,0.94100000,0.86200000,0.93700000,1323974.10000000,1199386.88590000,14355
2025-01-18,0.93800000,0.94400000,0.86300000,0.89600000,2326686.50000000,2068959.35210000,17977
2025-01-19,0.89600000,0.92000000,0.79300000,0.80600000,3760269.10000000,3186715.93660000,25314
2025-01-20,0.80400000,0.86900000,0.75700000,0.80900000,7235900.10000000,5855570.36970000,37151
2025-01-21,0.80800000,0.86200000,0.78300000,0.84700000,2050809.30000000,1683620.31150000,19628
2025-01-22,0.84700000,0.95800000,0.74000000,0.74600000,9983574.10000000,8243652.50000000,57937
2025-01-23,0.74500000,0.75200000,0.62500000,0.67100000,8984021.00000000,6049208.51390000,46121
2025-01-24,0.67200000,0.68100000,0.59400000,0.61100000,5022969.20000000,3193330.49840000,19892
2025-01-25,0.61100000,0.63200000,0.59300000,0.59700000,1844397.50000000,1126531.23870000,9922
2025-01-26,0.59700000,0.61800000,0.59000000,0.59200000,2319752.50000000,1394726.02680000,10356
2025-01-27,0.59100000,0.65000000,0.55100000,0.60500000,6745831.20000000,4058330.31940000,21861
2025-01-28,0.60500000,0.61400000,0.55300000,0.56200000,2381547.80000000,1400135.11250000,9419
2025-01-29,0.56100000,0.61000000,0.55900000,0.58400000,2899464.60000000,1699089.47370000,10462
2025-01-30,0.58300000,0.61000000,0.57500000,0.58500000,3811285.80000000,2248105.85180000,16513
2025-01-31,0.58600000,0.60400000,0.52100000,0.53200000,6957387.80000000,3844034.22420000,27335
2025-02-01,0.53300000,1.54000000,0.53200000,1.20600000,131651109.60000000,130192580.33330000,582065
2025-02-02,1.20600000,1.49000000,0.83600000,0.85200000,120687431.30000000,141506177.93870000,642938
2025-02-03,0.85100000,1.07800000,0.61400000,0.84500000,56507868.80000000,48421042.05000000,242721
2025-02-04,0.84400000,1.08100000,0.75300000,0.88600000,51882944.10000000,47108889.00730000,214600
2025-02-05,0.88700000,0.98000000,0.81400000,0.83200000,24877467.70000000,22160283.41540000,119568
2025-02-06,0.83200000,0.94300000,0.72400000,0.73600000,16488378.40000000,13519715.67580000,80122
2025-02-07,0.73700000,0.81900000,0.69900000,0.74700000,8303698.20000000,6328261.69170000,39938
2025-02-08,0.74700000,0.87000000,0.71300000,0.74900000,18187582.70000000,14301902.23380000,65147
2025-02-09,0.74900000,0.75800000,0.63000000,0.69400000,11091289.20000000,7886096.37960000,39693
2025-02-10,0.69400000,0.75500000,0.65600000,0.74300000,1531906.40000000,1067891.55900000,5407
