date,open,high,low,close,volume,quote_volume,trades
2023-05-05,0.00000197,0.00000439,0.00000197,0.00000373,46108639000543.00,154291982.66948946,477819
2023-05-06,0.00000373,0.00000385,0.00000229,0.00000263,108184587925547.00,313834734.66872515,688278
2023-05-07,0.00000263,0.00000310,0.00000241,0.00000279,65077437336487.00,178313092.02841035,356088
2023-05-08,0.00000279,0.00000281,0.00000154,0.00000194,140237460567381.00,290244916.24877625,474109
2023-05-09,0.00000195,0.00000214,0.00000173,0.00000201,84408522428236.00,163165363.80408042,313049
2023-05-10,0.00000201,0.00000213,0.00000169,0.00000193,62376608472013.00,119522861.92357073,222244
2023-05-11,0.00000193,0.00000194,0.00000125,0.00000140,102478204068900.00,156745395.36551223,256206
2023-05-12,0.00000140,0.00000190,0.00000105,0.00000175,183117190471740.00,241844911.64839070,354953
2023-05-13,0.00000175,0.00000208,0.00000154,0.00000187,160845317539432.00,294238070.61497110,482121
2023-05-14,0.00000187,0.00000195,0.00000174,0.00000178,68330631582345.00,125288827.30600264,206523
2023-05-15,0.00000179,0.00000179,0.00000161,0.00000173,61163976301961.00,103382077.94405680,157838
2023-05-16,0.00000173,0.00000182,0.00000164,0.00000167,46420055507337.00,79405228.10507993,120223
2023-05-17,0.00000167,0.00000169,0.00000146,0.00000157,58829136028623.00,92703610.19808059,131448
2023-05-18,0.00000158,0.00000164,0.00000150,0.00000159,46601403583590.00,73378902.08316857,101341
2023-05-19,0.00000158,0.00000159,0.00000147,0.00000153,27186905002751.00,41385738.80689973,63428
2023-05-20,0.00000152,0.00000193,0.00000150,0.00000172,61157619295586.00,104601986.70922257,151098
2023-05-21,0.00000171,0.00000176,0.00000156,0.00000159,42538861909980.00,71113533.46793026,102494
2023-05-22,0.00000159,0.00000160,0.00000151,0.00000152,25843529163128.00,40133100.23725200,58162
2023-05-23,0.00000152,0.00000167,0.00000151,0.00000159,28163796626075.00,44842877.66402870,62541
2023-05-24,0.00000159,0.00000160,0.00000131,0.00000143,50985625817252.00,73751493.22319442,98639
2023-05-25,0.00000143,0.00000147,0.00000134,0.00000143,31717937452590.00,45042114.63326935,57497
2023-05-26,0.00000143,0.00000149,0.00000138,0.00000146,25341626102384.00,36622153.60627081,45689
2023-05-27,0.00000145,0.00000154,0.00000143,0.00000152,19742767057020.00,29508992.16284733,40775
2023-05-28,0.00000152,0.00000154,0.00000141,0.00000149,21189159705596.00,31239049.82919957,46858
2023-05-29,0.00000150,0.00000152,0.00000142,0.00000144,17678408403543.00,25658694.41967008,38900
2023-05-30,0.00000144,0.00000144,0.00000123,0.00000130,26459115670028.00,35432974.55399667,62688
2023-05-31,0.00000130,0.00000132,0.00000119,0.00000126,28911883449285.00,36070540.79987735,55528
2023-06-01,0.00000127,0.00000133,0.00000121,0.00000125,24903626865682.00,31722868.59475733,48908
2023-06-02,0.00000124,0.00000131,0.00000123,0.00000129,15231747109274.00,19237455.83009518,30689
2023-06-03,0.00000129,0.00000135,0.00000126,0.00000130,22022382388125.00,28708641.87925578,39584
2023-06-04,0.00000130,0.00000130,0.00000121,0.00000123,15708665098619.00,19747463.12746422,34067
2023-06-05,0.00000123,0.00000124,0.00000095,0.00000103,49266844972743.00,53272152.60223488,100483
2023-06-06,0.00000103,0.00000126,0.00000096,0.00000120,68124119403275.00,75770684.88264381,118942
2023-06-07,0.00000120,0.00000122,0.00000104,0.00000107,37938275142612.00,42535708.66110397,69584
2023-06-08,0.00000107,0.00000114,0.00000103,0.00000108,20113573681185.00,21823238.58774591,41220
2023-06-09,0.00000109,0.00000120,0.00000105,0.00000114,33823724620921.00,38550018.79693727,73834
2023-06-10,0.00000113,0.00000114,0.00000087,0.00000094,65236121417990.00,61810429.02975808,103665
2023-06-11,0.00000093,0.00000095,0.00000088,0.00000092,21081083114862.00,19479504.72896290,33995
2023-06-12,0.00000091,0.00000095,0.00000084,0.00000091,22319730818691.00,20073425.11250781,39542
2023-06-13,0.00000090,0.00000099,0.00000088,0.00000091,35032196880912.00,32552833.88909787,49294
2023-06-14,0.00000092,0.00000097,0.00000086,0.00000088,24002267566156.00,21934866.94619621,38899
2023-06-15,0.00000089,0.00000093,0.00000082,0.00000089,23847177939242.00,20698944.14576176,35179
2023-06-16,0.00000089,0.00000105,0.00000087,0.00000096,45746758588764.00,43215779.68438097,68830
2023-06-17,0.00000097,0.00000105,0.00000094,0.00000100,31398516601432.00,31261549.50205117,47954
2023-06-18,0.00000100,0.00000101,0.00000092,0.00000094,15935402409817.00,15463901.66487318,28398
2023-06-19,0.00000093,0.00000096,0.00000091,0.00000094,18044405269959.00,16851847.70688447,25045
2023-06-20,0.00000095,0.00000109,0.00000091,0.00000107,34505621536031.00,33299057.29432777,50394
2023-06-21,0.00000107,0.00000147,0.00000103,0.00000138,129109902578205.00,162282573.70980225,219297
2023-06-22,0.00000138,0.00000169,0.00000136,0.00000155,170132746013597.00,262495546.29319204,358660
2023-06-23,0.00000154,0.00000179,0.00000145,0.00000165,99298315386008.00,159943579.10411115,218846
2023-06-24,0.00000165,0.00000176,0.00000149,0.00000155,67478077387910.00,108802472.06037257,140742
2023-06-25,0.00000155,0.00000168,0.00000152,0.00000161,49037826649197.00,78471276.98348289,107638
2023-06-26,0.00000161,0.00000163,0.00000147,0.00000151,47677009739950.00,73667566.87936015,95250
2023-06-27,0.00000150,0.00000167,0.00000149,0.00000161,42503845491206.00,68199344.30719039,89804
2023-06-28,0.00000162,0.00000162,0.00000136,0.00000142,37263893532231.00,55992541.13682556,76441
2023-06-29,0.00000142,0.00000163,0.00000140,0.00000154,38601936146006.00,59155353.26935479,74456
2023-06-30,0.00000154,0.00000171,0.00000145,0.00000162,87407506710529.00,140232219.33557874,138762
2023-07-01,0.00000162,0.00000164,0.00000151,0.00000156,22007250207876.00,34655325.50961728,42051
2023-07-02,0.00000156,0.00000162,0.00000148,0.00000158,19532222091251.00,30256510.66793933,40355
2023-07-03,0.00000158,0.00000190,0.00000156,0.00000184,75874367689918.00,134168195.28088221,155843
2023-07-04,0.00000183,0.00000189,0.00000169,0.00000171,40305018777128.00,70930172.66303368,79165
2023-07-05,0.00000171,0.00000177,0.00000160,0.00000166,27779597520636.00,46258351.97325025,56057
2023-07-06,0.00000165,0.00000179,0.00000153,0.00000154,43615963497808.00,72009790.78232205,81697
2023-07-07,0.00000154,0.00000160,0.00000150,0.00000157,26384657903114.00,41069252.33136409,50359
2023-07-08,0.00000157,0.00000160,0.00000151,0.00000156,10928219541876.00,16978368.78193716,25521
2023-07-09,0.00000156,0.00000159,0.00000152,0.00000154,8991585695705.00,14003576.10964717,21111
2023-07-10,0.00000154,0.00000159,0.00000143,0.00000151,28865556902901.00,43161283.28886261,52641
2023-07-11,0.00000152,0.00000154,0.00000148,0.00000151,11361524313279.00,17122373.04364132,25739
2023-07-12,0.00000151,0.00000157,0.00000148,0.00000150,15820551643799.00,24196436.34053235,27495
2023-07-13,0.00000151,0.00000177,0.00000146,0.00000172,43040299765530.00,69557683.15483823,76002
2023-07-14,0.00000172,0.00000188,0.00000155,0.00000164,71463759801184.00,124003010.94997530,131569
2023-07-15,0.00000165,0.00000171,0.00000161,0.00000165,18911843158392.00,31368215.24835049,34267
2023-07-16,0.00000164,0.00000167,0.00000155,0.00000157,11479638493399.00,18522838.88359693,26009
2023-07-17,0.00000157,0.00000161,0.00000151,0.00000158,17659687486894.00,27414868.67979052,38855
2023-07-18,0.00000158,0.00000160,0.00000148,0.00000152,13468168236684.00,20550334.93522811,30028
2023-07-19,0.00000152,0.00000158,0.00000150,0.00000152,11353373100091.00,17532841.37655266,24743
2023-07-20,0.00000153,0.00000158,0.00000146,0.00000151,12904697073328.00,19735319.19548689,27121
2023-07-21,0.00000151,0.00000155,0.00000148,0.00000153,14074838020514.00,21348549.51363100,21180
2023-07-22,0.00000152,0.00000155,0.00000147,0.00000149,6132598817525.00,9304844.01291775,14228
2023-07-23,0.00000149,0.00000154,0.00000146,0.00000151,6045493218739.00,9071518.85182190,15602
2023-07-24,0.00000151,0.00000151,0.00000128,0.00000135,23911796265486.00,32773365.80110450,45487
2023-07-25,0.00000135,0.00000136,0.00000128,0.00000130,13320675142486.00,17615723.61871057,27257
2023-07-26,0.00000131,0.00000139,0.00000122,0.00000133,28003306391719.00,36342308.56956642,48796
2023-07-27,0.00000134,0.00000145,0.00000131,0.00000135,20572137300908.00,28373383.53786275,36719
2023-07-28,0.00000134,0.00000138,0.00000129,0.00000133,11977228484062.00,16033174.89878828,21549
2023-07-29,0.00000134,0.00000136,0.00000132,0.00000135,4947727886844.00,6629000.52027911,11483
2023-07-30,0.00000134,0.00000135,0.00000124,0.00000130,10789582927121.00,14058130.75441122,21724
2023-07-31,0.00000129,0.00000133,0.00000120,0.00000124,12112272124852.00,15279798.14612129,23694
2023-08-01,0.00000123,0.00000131,0.00000117,0.00000130,17191725854220.00,21195758.67315770,28704
2023-08-02,0.00000131,0.00000132,0.00000120,0.00000122,20273265284892.00,25504649.33802865,27311
2023-08-03,0.00000121,0.00000124,0.00000119,0.00000120,7619809310429.00,9238322.46288184,15346
2023-08-04,0.00000120,0.00000123,0.00000111,0.00000116,13998729394028.00,16457269.41636164,20902
2023-08-05,0.00000116,0.00000118,0.00000112,0.00000115,11593498905424.00,13274671.43012433,20878
2023-08-06,0.00000116,0.00000118,0.00000112,0.00000115,10360978933924.00,11964105.59598458,18913
2023-08-07,0.00000116,0.00000120,0.00000105,0.00000111,18837235834434.00,21114283.53238419,30919
2023-08-08,0.00000111,0.00000123,0.00000110,0.00000117,32586214598799.00,38304810.23859786,43365
2023-08-09,0.00000117,0.00000129,0.00000117,0.00000124,39833137260596.00,49298326.99591805,53826
2023-08-10,0.00000123,0.00000127,0.00000121,0.00000124,12719644302426.00,15787878.07665600,21185
2023-08-11,0.00000124,0.00000127,0.00000121,0.00000125,8323218945828.00,10335983.88722229,15546
2023-08-12,0.00000124,0.00000137,0.00000124,0.00000136,23971475098622.00,31810922.84799651,40143
2023-08-13,0.00000136,0.00000143,0.00000132,0.00000136,20328397343170.00,28195496.68204613,35130
2023-08-14,0.00000136,0.00000147,0.00000132,0.00000140,26932467840289.00,37780112.40432475,41842
2023-08-15,0.00000140,0.00000141,0.00000123,0.00000126,23693457058151.00,31489634.80012017,37652
2023-08-16,0.00000127,0.00000128,0.00000113,0.00000116,27172318334126.00,32937452.03810174,38293
2023-08-17,0.00000117,0.00000123,0.00000094,0.00000108,46779947771659.00,52411429.48659568,60678
2023-08-18,0.00000109,0.00000112,0.00000104,0.00000108,21996990213272.00,23814987.38798278,30982
2023-08-19,0.00000108,0.00000115,0.00000108,0.00000113,14784184285282.00,16464790.75286119,19444
2023-08-20,0.00000114,0.00000115,0.00000110,0.00000112,8318113316537.00,9331418.92020601,13911
2023-08-21,0.00000112,0.00000113,0.00000104,0.00000109,12753984469558.00,13870945.41545961,17865
2023-08-22,0.00000109,0.00000109,0.00000100,0.00000108,13438978783987.00,14158380.66641619,20346
2023-08-23,0.00000107,0.00000113,0.00000104,0.00000111,15627110217872.00,16944713.93662567,22430
2023-08-24,0.00000111,0.00000111,0.00000091,0.00000095,38816624206967.00,38217509.67728317,43550
2023-08-25,0.00000095,0.00000095,0.00000078,0.00000088,77594172554340.00,68168835.39682826,98980
2023-08-26,0.00000089,0.00000097,0.00000085,0.00000086,34896899047810.00,31473208.20764224,41648
2023-08-27,0.00000087,0.00000092,0.00000086,0.00000090,16011606328145.00,14323178.59326609,22125
2023-08-28,0.00000089,0.00000091,0.00000083,0.00000086,18472646543512.00,16111534.03450840,21703
2023-08-29,0.00000086,0.00000091,0.00000081,0.00000090,33074490623556.00,28799620.63849380,39753
2023-08-30,0.00000090,0.00000090,0.00000085,0.00000086,12619491563671.00,11056579.20898611,17149
2023-08-31,0.00000086,0.00000088,0.00000079,0.00000080,18752856746966.00,15576141.92782932,27797
2023-09-01,0.00000081,0.00000083,0.00000075,0.00000077,19949369582338.00,15769441.72790951,24391
2023-09-02,0.00000078,0.00000080,0.00000076,0.00000078,11799612858488.00,9254103.70027938,16460
2023-09-03,0.00000078,0.00000081,0.00000077,0.00000080,7539370075235.00,5940534.06929560,12128
2023-09-04,0.00000080,0.00000083,0.00000078,0.00000080,12477793725963.00,10022031.59944348,15508
2023-09-05,0.00000080,0.00000082,0.00000078,0.00000081,10052641643898.00,8043942.90198845,13089
2023-09-06,0.00000080,0.00000081,0.00000077,0.00000079,11742250344305.00,9262036.13616382,13489
2023-09-07,0.00000080,0.00000082,0.00000078,0.00000081,8255632027951.00,6582795.67708543,11410
2023-09-08,0.00000081,0.00000082,0.00000077,0.00000079,10149449961227.00,8064642.69090736,12752
2023-09-09,0.00000080,0.00000080,0.00000078,0.00000078,4283608800501.00,3371749.06224007,7554
2023-09-10,0.00000078,0.00000079,0.00000069,0.00000070,17089511202382.00,12435765.38498616,24948
2023-09-11,0.00000071,0.00000071,0.00000064,0.00000067,18913455157980.00,12704960.05136792,23880
2023-09-12,0.00000067,0.00000071,0.00000066,0.00000067,13037994007407.00,8903580.29514829,16177
2023-09-13,0.00000067,0.00000070,0.00000065,0.00000068,10501109127819.00,7071139.31077012,13527
2023-09-14,0.00000068,0.00000070,0.00000067,0.00000069,6545609729528.00,4463218.14167811,10192
2023-09-15,0.00000069,0.00000069,0.00000065,0.00000069,9401339973192.00,6317687.89950394,12893
2023-09-16,0.00000068,0.00000071,0.00000067,0.00000067,8002667307945.00,5486012.08539728,10875
2023-09-17,0.00000067,0.00000068,0.00000060,0.00000062,14219398820799.00,9175225.00762024,16801
2023-09-18,0.00000063,0.00000065,0.00000061,0.00000062,12877928141639.00,8140595.94045488,15187
2023-09-19,0.00000063,0.00000065,0.00000062,0.00000065,8474102623734.00,5417879.84180696,10418
2023-09-20,0.00000065,0.00000065,0.00000061,0.00000063,11405976335636.00,7158978.21538617,15922
2023-09-21,0.00000063,0.00000064,0.00000060,0.00000062,8551136420191.00,5292325.27732920,11501
2023-09-22,0.00000062,0.00000074,0.00000060,0.00000071,38595166175049.00,26540409.10233043,44751
2023-09-23,0.00000071,0.00000074,0.00000066,0.00000068,24401989391898.00,16831901.55026825,26621
2023-09-24,0.00000068,0.00000070,0.00000065,0.00000067,11566262956864.00,7823258.68157237,13137
2023-09-25,0.00000067,0.00000072,0.00000066,0.00000071,17225483805979.00,12030181.08511488,20746
2023-09-26,0.00000071,0.00000073,0.00000068,0.00000069,10121842085931.00,7139300.64866341,11992
2023-09-27,0.00000070,0.00000077,0.00000069,0.00000073,21916832291301.00,16067047.25829716,24570
2023-09-28,0.00000073,0.00000076,0.00000070,0.00000074,13863946809369.00,10077311.67658163,16792
2023-09-29,0.00000074,0.00000083,0.00000072,0.00000080,27295932915181.00,21496049.91959573,34854
2023-09-30,0.00000080,0.00000082,0.00000076,0.00000080,17685460850822.00,13972334.48564948,21331
2023-10-01,0.00000079,0.00000083,0.00000077,0.00000082,15921686083409.00,12682050.97811335,19614
2023-10-02,0.00000081,0.00000085,0.00000070,0.00000075,26881051618954.00,21213603.54054879,31002
2023-10-03,0.00000075,0.00000075,0.00000071,0.00000073,11065391738108.00,8121116.34133079,14532
2023-10-04,0.00000072,0.00000073,0.00000069,0.00000072,9696276481736.00,6907891.07985066,13373
2023-10-05,0.00000071,0.00000074,0.00000069,0.00000070,9972132421203.00,7119678.20888932,11461
2023-10-06,0.00000070,0.00000073,0.00000068,0.00000072,10261132282821.00,7258736.23099815,12134
2023-10-07,0.00000073,0.00000073,0.00000069,0.00000071,4159911656148.00,2960550.98011930,7632
2023-10-08,0.00000071,0.00000072,0.00000069,0.00000071,6438158655917.00,4536895.36860061,8535
2023-10-09,0.00000072,0.00000072,0.00000064,0.00000067,9352656740079.00,6282520.15530084,14389
2023-10-10,0.00000067,0.00000067,0.00000063,0.00000065,5595459593043.00,3669373.41255780,10109
2023-10-11,0.00000064,0.00000066,0.00000062,0.00000064,10283294673263.00,6565941.00992536,14517
2023-10-12,0.00000064,0.00000064,0.00000061,0.00000062,6870406969301.00,4294730.70978028,10816
2023-10-13,0.00000063,0.00000067,0.00000062,0.00000065,8280846933569.00,5307945.86371017,13327
2023-10-14,0.00000064,0.00000066,0.00000064,0.00000064,3141326060978.00,2030034.23205061,5382
2023-10-15,0.00000064,0.00000069,0.00000063,0.00000066,11387686626515.00,7561280.97450572,13991
2023-10-16,0.00000066,0.00000072,0.00000066,0.00000067,14378396732242.00,9793403.87780934,17245
2023-10-17,0.00000067,0.00000068,0.00000063,0.00000064,10156400346377.00,6593346.50923695,9878
2023-10-18,0.00000064,0.00000065,0.00000062,0.00000063,7727040616746.00,4897761.67454250,8746
2023-10-19,0.00000063,0.00000064,0.00000061,0.00000063,6995675929937.00,4390640.44290923,7080
2023-10-20,0.00000063,0.00000067,0.00000062,0.00000065,11964588745017.00,7751977.42506763,10288
2023-10-21,0.00000066,0.00000073,0.00000065,0.00000070,20859959710229.00,14417915.81532289,23338
2023-10-22,0.00000069,0.00000076,0.00000068,0.00000074,24756682659876.00,18004575.88343644,25755
2023-10-23,0.00000074,0.00000103,0.00000072,0.00000100,45750783175434.00,37538186.75035295,57454
2023-10-24,0.00000101,0.00000106,0.00000086,0.00000093,104607458944187.00,101265057.49466021,148581
2023-10-25,0.00000093,0.00000125,0.00000091,0.00000120,95342316968061.00,106248165.62673465,156685
2023-10-26,0.00000121,0.00000136,0.00000112,0.00000129,89008192922210.00,108966912.82149160,171788
2023-10-27,0.00000129,0.00000129,0.00000110,0.00000116,53300317249566.00,63656430.78772991,91117
2023-10-28,0.00000117,0.00000126,0.00000111,0.00000114,22888533603942.00,27260438.07837583,54582
2023-10-29,0.00000114,0.00000116,0.00000110,0.00000114,18968574402560.00,21609766.94214912,34272
2023-10-30,0.00000114,0.00000123,0.00000113,0.00000118,28891816499867.00,34013491.08375416,57890
2023-10-31,0.00000117,0.00000121,0.00000109,0.00000114,24563780286850.00,28411617.48113077,48800
2023-11-01,0.00000115,0.00000123,0.00000109,0.00000119,28390913720235.00,32668074.70334229,53805
2023-11-02,0.00000119,0.00000121,0.00000105,0.00000110,29957947477966.00,33871839.30361241,50065
2023-11-03,0.00000110,0.00000110,0.00000102,0.00000108,20297215921193.00,21572338.92170535,33530
2023-11-04,0.00000108,0.00000115,0.00000106,0.00000111,15141443885368.00,16647589.13772949,28660
2023-11-05,0.00000112,0.00000115,0.00000108,0.00000112,16482901717711.00,18408210.03737859,29238
2023-11-06,0.00000112,0.00000122,0.00000110,0.00000120,28383956034962.00,33059642.63617588,54632
2023-11-07,0.00000120,0.00000121,0.00000108,0.00000117,21000172922881.00,24041938.98734577,42269
2023-11-08,0.00000117,0.00000120,0.00000114,0.00000119,15578081625783.00,18167900.27078897,29203
2023-11-09,0.00000119,0.00000146,0.00000116,0.00000133,89236919289270.00,115757337.71690859,151822
2023-11-10,0.00000134,0.00000137,0.00000122,0.00000135,35669232772800.00,46559691.37803285,71561
2023-11-11,0.00000135,0.00000139,0.00000124,0.00000128,28343499254640.00,36859587.90050181,59346
2023-11-12,0.00000128,0.00000130,0.00000118,0.00000123,32982936229684.00,40826926.00581428,60096
2023-11-13,0.00000123,0.00000130,0.00000115,0.00000116,47509485075892.00,57949625.66827719,86051
2023-11-14,0.00000116,0.00000120,0.00000109,0.00000115,26627148802367.00,30784182.12636980,49321
2023-11-15,0.00000115,0.00000129,0.00000114,0.00000126,24035636584097.00,29143580.93887451,47914
2023-11-16,0.00000125,0.00000132,0.00000111,0.00000114,40426355879598.00,48601675.87463210,70264
2023-11-17,0.00000114,0.00000118,0.00000109,0.00000116,18432574370111.00,21004415.66403511,33871
2023-11-18,0.00000116,0.00000116,0.00000109,0.00000115,9099341417108.00,10270594.24368469,18338
2023-11-19,0.00000115,0.00000120,0.00000111,0.00000119,12829339488605.00,14635343.99764815,22933
2023-11-20,0.00000119,0.00000125,0.00000112,0.00000114,28287164068695.00,33622832.30312290,46773
2023-11-21,0.00000113,0.00000115,0.00000103,0.00000103,26118601882051.00,28624625.99444189,44018
2023-11-22,0.00000103,0.00000112,0.00000103,0.00000110,13871119111027.00,14981317.90159980,21093
2023-11-23,0.00000111,0.00000114,0.00000106,0.00000107,9309861669105.00,10239662.23539677,17295
2023-11-24,0.00000106,0.00000114,0.00000106,0.00000110,9972341752038.00,11044103.86710458,21288
2023-11-25,0.00000111,0.00000120,0.00000109,0.00000118,13332684796749.00,15254892.55508430,28125
2023-11-26,0.00000118,0.00000119,0.00000108,0.00000111,16419440921922.00,18657679.39528556,28498
2023-11-27,0.00000111,0.00000113,0.00000104,0.00000109,16407359129096.00,17628004.79492895,29975
2023-11-28,0.00000109,0.00000112,0.00000103,0.00000110,11299171424423.00,12214136.20888924,22014
2023-11-29,0.00000110,0.00000112,0.00000105,0.00000106,8967706257312.00,9712643.35969063,18968
2023-11-30,0.00000105,0.00000110,0.00000105,0.00000109,6460069071592.00,6907146.82898060,12658
2023-12-01,0.00000109,0.00000112,0.00000107,0.00000111,8374104542726.00,9211113.13840657,16170
2023-12-02,0.00000111,0.00000120,0.00000110,0.00000117,15978158426334.00,18358140.20662568,32574
2023-12-03,0.00000116,0.00000124,0.00000116,0.00000120,24080129893362.00,28911107.59800286,50069
2023-12-04,0.00000120,0.00000150,0.00000117,0.00000139,94811536718312.00,125927629.99653591,176001
2023-12-05,0.00000139,0.00000169,0.00000134,0.00000161,113037094562019.00,172128635.90666042,247552
2023-12-06,0.00000161,0.00000170,0.00000146,0.00000148,69549232032551.00,109200246.96572652,182266
2023-12-07,0.00000148,0.00000165,0.00000141,0.00000153,40271069870937.00,60917096.05308561,91592
2023-12-08,0.00000153,0.00000161,0.00000149,0.00000158,25539198341381.00,39272284.76632340,58942
2023-12-09,0.00000158,0.00000175,0.00000150,0.00000154,47173039557600.00,76567228.20631260,119577
2023-12-10,0.00000154,0.00000164,0.00000150,0.00000160,26284054416718.00,40745163.63007120,55469
2023-12-11,0.00000161,0.00000162,0.00000133,0.00000142,42591067843364.00,61092508.90095944,99116
2023-12-12,0.00000142,0.00000146,0.00000134,0.00000139,29533478553892.00,41374529.66536964,48014
2023-12-13,0.00000139,0.00000144,0.00000130,0.00000142,23034685802544.00,31485694.22962320,45008
2023-12-14,0.00000142,0.00000149,0.00000134,0.00000149,30697157756074.00,43787229.17625250,63772
2023-12-15,0.00000149,0.00000150,0.00000132,0.00000133,25522394011573.00,35688530.45448978,46173
2023-12-16,0.00000133,0.00000148,0.00000131,0.00000141,26571301957619.00,37441676.74788436,46761
2023-12-17,0.00000141,0.00000147,0.00000133,0.00000133,18426607958960.00,25555024.07986813,39432
2023-12-18,0.00000134,0.00000136,0.00000120,0.00000131,22361377711468.00,28469572.95954500,42749
2023-12-19,0.00000131,0.00000134,0.00000124,0.00000125,15598199506996.00,20065018.05212680,28562
2023-12-20,0.00000124,0.00000132,0.00000123,0.00000127,14000195334893.00,17902267.73739414,28474
2023-12-21,0.00000126,0.00000133,0.00000122,0.00000131,18500680696398.00,23540855.79520895,38390
2023-12-22,0.00000130,0.00000159,0.00000125,0.00000158,68319270332653.00,99765484.40934364,174545
2023-12-23,0.00000158,0.00000160,0.00000143,0.00000148,24431839332602.00,36250899.94381020,68809
2023-12-24,0.00000148,0.00000149,0.00000133,0.00000138,24100091801293.00,34133567.96400950,62570
2023-12-25,0.00000137,0.00000145,0.00000135,0.00000141,17687700587460.00,24893717.03982254,46287
2023-12-26,0.00000141,0.00000143,0.00000125,0.00000133,27017472028679.00,36546296.35191100,68328
2023-12-27,0.00000134,0.00000150,0.00000128,0.00000144,28310259153988.00,39563165.94327801,89507
2023-12-28,0.00000145,0.00000150,0.00000133,0.00000134,23212187022990.00,32580489.00734029,74203
2023-12-29,0.00000135,0.00000144,0.00000130,0.00000134,18834249217057.00,25615179.84314009,62215
2023-12-30,0.00000135,0.00000137,0.00000130,0.00000131,9834991915965.00,13134481.55635372,28669
2023-12-31,0.00000131,0.00000136,0.00000126,0.00000130,10194272906826.00,13481637.56191942,34182
2024-01-01,0.00000130,0.00000141,0.00000126,0.00000141,10865164027922.00,14527683.44615643,35118
2024-01-02,0.00000141,0.00000144,0.00000132,0.00000134,15137462107836.00,21028097.52726315,50669
2024-01-03,0.00000133,0.00000143,0.00000106,0.00000118,42632450755684.00,53060060.19448607,107230
2024-01-04,0.00000119,0.00000129,0.00000117,0.00000125,19187742692945.00,23678157.27676557,46920
2024-01-05,0.00000126,0.00000128,0.00000116,0.00000119,19133671718947.00,23013265.27907729,37966
2024-01-06,0.00000120,0.00000120,0.00000109,0.00000115,15188698172548.00,17438028.83605937,32631
2024-01-07,0.00000116,0.00000122,0.00000109,0.00000112,11398538263125.00,13198968.45991849,29084
2024-01-08,0.00000112,0.00000121,0.00000103,0.00000119,20121379278908.00,22498726.35584096,44582
2024-01-09,0.00000120,0.00000126,0.00000110,0.00000120,18025125522094.00,20915327.75657365,48961
2024-01-10,0.00000120,0.00000139,0.00000116,0.00000133,52343219374280.00,65349869.28304653,138771
2024-01-11,0.00000133,0.00000150,0.00000130,0.00000137,49633550687609.00,69432598.13509598,155947
2024-01-12,0.00000137,0.00000141,0.00000119,0.00000124,36965360452190.00,49059324.17279027,109467
2024-01-13,0.00000124,0.00000127,0.00000118,0.00000125,14550151661601.00,17902799.26284685,36947
2024-01-14,0.00000125,0.00000126,0.00000119,0.00000119,12382921624014.00,15253439.81644954,32260
2024-01-15,0.00000119,0.00000125,0.00000119,0.00000121,8345003521501.00,10180520.80819953,21809
2024-01-16,0.00000121,0.00000127,0.00000118,0.00000124,12396493099902.00,15137085.17449815,30519
2024-01-17,0.00000125,0.00000127,0.00000119,0.00000121,13866034763263.00,16975716.28309649,31145
2024-01-18,0.00000120,0.00000122,0.00000112,0.00000114,14651063214144.00,17209734.55498131,31699
2024-01-19,0.00000114,0.00000115,0.00000105,0.00000114,12107430475847.00,13481535.98362262,29330
2024-01-20,0.00000114,0.00000118,0.00000110,0.00000117,10269148882077.00,11636838.73723779,18120
2024-01-21,0.00000117,0.00000120,0.00000111,0.00000113,6201358247669.00,7151808.14386891,17989
2024-01-22,0.00000112,0.00000113,0.00000104,0.00000106,12612945843908.00,13679716.48608363,28026
2024-01-23,0.00000105,0.00000108,0.00000097,0.00000104,17556728438547.00,17936775.68723948,33236
2024-01-24,0.00000104,0.00000107,0.00000102,0.00000104,11825052663079.00,12298483.25652762,20489
2024-01-25,0.00000104,0.00000105,0.00000100,0.00000103,8591901460786.00,8790203.37773375,15833
2024-01-26,0.00000103,0.00000110,0.00000101,0.00000108,10050714592437.00,10668385.86116882,17412
2024-01-27,0.00000108,0.00000111,0.00000107,0.00000109,7613898780550.00,8285166.36871129,15046
2024-01-28,0.00000109,0.00000112,0.00000105,0.00000106,10120841088681.00,10980564.72274606,17797
2024-01-29,0.00000106,0.00000109,0.00000103,0.00000107,11269966936087.00,11954842.51774052,18633
2024-01-30,0.00000106,0.00000108,0.00000100,0.00000101,17837504340424.00,18700219.08236064,29645
2024-01-31,0.00000101,0.00000102,0.00000090,0.00000092,28245869326069.00,26848919.33226758,50068
2024-02-01,0.00000092,0.00000094,0.00000088,0.00000092,12829786851690.00,11737074.62399307,25047
2024-02-02,0.00000092,0.00000094,0.00000091,0.00000093,6596535387002.00,6120251.74123672,13771
2024-02-03,0.00000093,0.00000095,0.00000091,0.00000093,4297295044776.00,4003276.12313934,11342
2024-02-04,0.00000093,0.00000093,0.00000087,0.00000088,8882458961190.00,8027397.49623395,20109
2024-02-05,0.00000089,0.00000098,0.00000086,0.00000090,16481718959706.00,15180439.77042008,29015
2024-02-06,0.00000090,0.00000092,0.00000088,0.00000090,9397193132892.00,8474066.50556733,17273
2024-02-07,0.00000090,0.00000099,0.00000090,0.00000097,10558557956954.00,9978399.01380033,21574
2024-02-08,0.00000097,0.00000099,0.00000094,0.00000095,12024201543064.00,11591246.84619636,21531
2024-02-09,0.00000095,0.00000103,0.00000095,0.00000101,12902858897938.00,12887105.99173332,25311
2024-02-10,0.00000102,0.00000104,0.00000100,0.00000101,9289084981075.00,9502268.94700717,17439
2024-02-11,0.00000101,0.00000104,0.00000098,0.00000100,8236852009279.00,8313623.03456702,17937
2024-02-12,0.00000100,0.00000109,0.00000098,0.00000108,12108527911115.00,12656474.97581086,27451
2024-02-13,0.00000108,0.00000114,0.00000104,0.00000108,16659490577641.00,18176267.11915620,40443
2024-02-14,0.00000109,0.00000126,0.00000106,0.00000125,31317017836836.00,37254480.82399016,83162
2024-02-15,0.00000125,0.00000131,0.00000119,0.00000125,30044848235132.00,37599677.28180519,84685
2024-02-16,0.00000125,0.00000126,0.00000114,0.00000117,18920734687677.00,22644025.59059693,46196
2024-02-17,0.00000117,0.00000120,0.00000110,0.00000119,12108624225279.00,13940640.02154670,30803
2024-02-18,0.00000119,0.00000124,0.00000116,0.00000123,9719016562340.00,11671445.02699514,28461
2024-02-19,0.00000122,0.00000126,0.00000119,0.00000123,13624454638332.00,16630465.93405263,40926
2024-02-20,0.00000122,0.00000125,0.00000112,0.00000120,24695055507878.00,29324064.46094017,60664
2024-02-21,0.00000119,0.00000120,0.00000109,0.00000115,15231045617827.00,17350300.52061354,41454
2024-02-22,0.00000115,0.00000124,0.00000110,0.00000121,21104515253467.00,25018561.47698800,55883
2024-02-23,0.00000121,0.00000141,0.00000117,0.00000119,58994233175973.00,75524940.67404272,163051
2024-02-24,0.00000119,0.00000132,0.00000115,0.00000132,24259581958150.00,29993117.67784211,59777
2024-02-25,0.00000131,0.00000140,0.00000128,0.00000137,24495507658346.00,32612368.30557436,78152
2024-02-26,0.00000138,0.00000189,0.00000134,0.00000181,93195343189139.00,149404113.94358870,296832
2024-02-27,0.00000180,0.00000297,0.00000174,0.00000267,226282232926620.00,521904616.31410503,1125699
2024-02-28,0.00000266,0.00000362,0.00000257,0.00000318,254270289671127.00,779055514.28918408,1845984
2024-02-29,0.00000317,0.00000332,0.00000263,0.00000274,97935843835738.00,293406135.41559938,761072
2024-03-01,0.00000274,0.00000431,0.00000266,0.00000399,184576345790906.00,661409341.23370996,1409184
2024-03-02,0.00000399,0.00000498,0.00000391,0.00000438,147214916373577.00,637713978.83420795,1549328
2024-03-03,0.00000438,0.00000600,0.00000362,0.00000593,173274621238407.00,886575497.76567712,2070360
2024-03-04,0.00000592,0.00000830,0.00000556,0.00000701,223926134518049.00,1592143254.29157889,3582090
2024-03-05,0.00000702,0.00000870,0.00000495,0.00000631,211263619755704.00,1485943372.27412617,3296619
2024-03-06,0.00000630,0.00000825,0.00000588,0.00000720,145511090299350.00,1078273951.82102526,2240403
2024-03-07,0.00000720,0.00000760,0.00000640,0.00000681,75642064450935.00,519184562.64745946,1132116
2024-03-08,0.00000681,0.00000952,0.00000674,0.00000901,187056982082851.00,1578580687.55430253,3292094
2024-03-09,0.00000901,0.00000991,0.00000842,0.00000876,90532256565946.00,823119504.90068502,1581749
2024-03-10,0.00000877,0.00000930,0.00000819,0.00000854,64737605619945.00,563876504.50940414,1199704
2024-03-11,0.00000854,0.00000950,0.00000763,0.00000904,77067960025786.00,680620100.68417454,1405465
2024-03-12,0.00000904,0.00000914,0.00000751,0.00000828,60311976585114.00,500024328.57167441,1046366
2024-03-13,0.00000828,0.00000937,0.00000811,0.00000903,101704186773908.00,901797846.67215552,1706304
2024-03-14,0.00000903,0.00001084,0.00000874,0.00000996,156404776122429.00,1563785393.93462081,2721186
2024-03-15,0.00000996,0.00001034,0.00000823,0.00000892,97307440037787.00,886411898.66988968,1859594
2024-03-16,0.00000892,0.00000908,0.00000702,0.00000743,90889772766495.00,712195593.23030018,1280306
2024-03-17,0.00000743,0.00000820,0.00000688,0.00000784,75258362170631.00,574902750.05833362,1097327
2024-03-18,0.00000784,0.00000820,0.00000660,0.00000682,56880837818899.00,414763644.00106185,775234
2024-03-19,0.00000681,0.00000749,0.00000581,0.00000660,97656981309216.00,643428441.55008058,1178981
2024-03-20,0.00000659,0.00000860,0.00000642,0.00000839,112064090712534.00,828346419.74738114,1428645
2024-03-21,0.00000838,0.00000846,0.00000766,0.00000790,62047514410810.00,503717384.05309929,981458
2024-03-22,0.00000790,0.00000828,0.00000709,0.00000742,54101243923929.00,410193409.53469069,731146
2024-03-23,0.00000741,0.00000775,0.00000730,0.00000731,35858622768196.00,270134722.76845777,447802
2024-03-24,0.00000732,0.00000800,0.00000718,0.00000782,29471443890225.00,220308224.99784456,390228
2024-03-25,0.00000781,0.00000851,0.00000743,0.00000809,57625037319431.00,460795533.71167065,855879
2024-03-26,0.00000809,0.00000874,0.00000783,0.00000804,48160503767324.00,395652649.58947567,740873
2024-03-27,0.00000804,0.00000837,0.00000751,0.00000763,38743131635708.00,305600237.52821944,526242
2024-03-28,0.00000762,0.00000832,0.00000738,0.00000803,43549323693181.00,345934844.89657417,653322
2024-03-29,0.00000803,0.00000807,0.00000757,0.00000774,26589149496671.00,207320498.62582298,358602
2024-03-30,0.00000774,0.00000886,0.00000770,0.00000813,55196726671498.00,460764663.32097333,854311
2024-03-31,0.00000813,0.00000920,0.00000802,0.00000880,48324430335690.00,421508289.90105856,718335
2024-04-01,0.00000880,0.00000880,0.00000764,0.00000792,53469194007581.00,431751192.32288829,761389
2024-04-02,0.00000792,0.00000793,0.00000689,0.00000725,56499920796429.00,408017461.62944316,719428
2024-04-03,0.00000724,0.00000745,0.00000659,0.00000680,43108815561442.00,305958894.26236066,486201
2024-04-04,0.00000681,0.00000719,0.00000660,0.00000692,29568166317815.00,205618846.22014346,353201
2024-04-05,0.00000692,0.00000699,0.00000634,0.00000657,25279617187422.00,168226087.03984938,278244
2024-04-06,0.00000657,0.00000688,0.00000653,0.00000676,11637986935796.00,78478620.63083006,162886
2024-04-07,0.00000676,0.00000753,0.00000672,0.00000744,29093812488646.00,209713277.11970221,404185
2024-04-08,0.00000745,0.00000796,0.00000719,0.00000776,31420023960260.00,240299769.71901626,475139
2024-04-09,0.00000776,0.00000787,0.00000691,0.00000704,31608662463212.00,230532580.20441593,392935
2024-04-10,0.00000704,0.00000726,0.00000667,0.00000714,39330036039649.00,273506122.12780556,385830
2024-04-11,0.00000714,0.00000757,0.00000681,0.00000731,43978083614549.00,316270958.62303113,537660
2024-04-12,0.00000731,0.00000757,0.00000483,0.00000592,81273747129121.00,505517514.12161055,793064
2024-04-13,0.00000592,0.00000606,0.00000393,0.00000504,114050482910111.00,580488659.21605086,754591
2024-04-14,0.00000504,0.00000557,0.00000482,0.00000544,72965938328885.00,382519741.82015488,529569
2024-04-15,0.00000544,0.00000582,0.00000473,0.00000509,61354258858968.00,322142715.98047171,418572
2024-04-16,0.00000510,0.00000557,0.00000475,0.00000540,51080552094085.00,263072364.93263814,377183
2024-04-17,0.00000540,0.00000549,0.00000486,0.00000492,48845798368874.00,247945877.71665177,310251
2024-04-18,0.00000492,0.00000530,0.00000463,0.00000509,42792918615875.00,213144720.89522939,288704
2024-04-19,0.00000509,0.00000547,0.00000460,0.00000513,60535210837907.00,307134836.81803475,365532
2024-04-20,0.00000514,0.00000590,0.00000502,0.00000580,42504443697736.00,232102943.81749954,301501
2024-04-21,0.00000580,0.00000623,0.00000560,0.00000595,54274626556283.00,320948740.94318497,413728
2024-04-22,0.00000596,0.00000699,0.00000592,0.00000688,78857940056448.00,510187902.61115366,670429
2024-04-23,0.00000687,0.00000787,0.00000665,0.00000768,90478085165195.00,663700931.47559815,897442
2024-04-24,0.00000767,0.00000819,0.00000705,0.00000724,82980876149872.00,638274596.95712749,1055868
2024-04-25,0.00000724,0.00000809,0.00000694,0.00000778,66972584083877.00,507441065.37941276,921658
2024-04-26,0.00000777,0.00000790,0.00000722,0.00000737,47644521046200.00,358603933.96863826,651093
2024-04-27,0.00000738,0.00000743,0.00000666,0.00000721,38161089352248.00,268445066.33360367,498782
2024-04-28,0.00000720,0.00000777,0.00000713,0.00000723,33633020643574.00,250514538.94256341,473703
2024-04-29,0.00000723,0.00000749,0.00000678,0.00000735,40463083634790.00,285581303.00033811,481837
2024-04-30,0.00000735,0.00000760,0.00000633,0.00000667,56580180799243.00,389954174.54387263,703201
2024-05-01,0.00000667,0.00000727,0.00000592,0.00000698,70904265766380.00,460233597.38878304,804532
2024-05-02,0.00000698,0.00000788,0.00000667,0.00000754,63840885464238.00,472355219.80568727,886772
2024-05-03,0.00000754,0.00000830,0.00000745,0.00000808,59057894969780.00,468630864.62181921,887022
2024-05-04,0.00000807,0.00000898,0.00000801,0.00000867,53432374623264.00,461551096.20943314,828657
2024-05-05,0.00000867,0.00000880,0.00000826,0.00000853,34623526948606.00,294346434.28740403,552087
2024-05-06,0.00000852,0.00000918,0.00000830,0.00000835,51503640694845.00,446212801.80307052,756520
2024-05-07,0.00000834,0.00000865,0.00000789,0.00000789,34538351326553.00,285166107.70425406,560734
2024-05-08,0.00000789,0.00000825,0.00000761,0.00000796,33783010434017.00,267540451.84533843,503323
2024-05-09,0.00000796,0.00000875,0.00000789,0.00000853,43251024265128.00,358971919.85602045,682597
2024-05-10,0.00000854,0.00000882,0.00000816,0.00000841,37029559188810.00,314200980.56555193,616986
2024-05-11,0.00000841,0.00000895,0.00000837,0.00000852,29020274937837.00,250890490.39469519,476938
2024-05-12,0.00000851,0.00000895,0.00000849,0.00000876,21347505480927.00,186551873.43807960,312370
2024-05-13,0.00000875,0.00001119,0.00000830,0.00000992,89105690987820.00,865321857.99116147,1474907
2024-05-14,0.00000991,0.00001146,0.00000982,0.00001057,98218036398259.00,1041243394.83696516,1837552
2024-05-15,0.00001057,0.00001161,0.00000994,0.00001050,74655396464317.00,807750959.93777054,1508941
2024-05-16,0.00001051,0.00001080,0.00000960,0.00001003,40854212814571.00,417009627.39372915,793917
2024-05-17,0.00001004,0.00001044,0.00000983,0.00001018,27361999292881.00,277342649.54184766,519900
2024-05-18,0.00001018,0.00001046,0.00000917,0.00000954,24598030114676.00,239269580.91762689,463980
2024-05-19,0.00000955,0.00000960,0.00000889,0.00000916,19693270854641.00,181567372.49455656,341353
2024-05-20,0.00000915,0.00001145,0.00000895,0.00001141,53107161315897.00,540917299.56560354,1107589
2024-05-21,0.00001141,0.00001417,0.00001082,0.00001384,95181564815565.00,1166206060.86301835,1994611
2024-05-22,0.00001383,0.00001433,0.00001250,0.00001338,69254147028874.00,935956693.14364928,1817003
2024-05-23,0.00001338,0.00001576,0.00001276,0.00001494,95688044072650.00,1359575473.53737852,2576192
2024-05-24,0.00001493,0.00001517,0.00001344,0.00001415,44374876804604.00,628882225.30715291,1175231
2024-05-25,0.00001415,0.00001585,0.00001411,0.00001497,43211670065585.00,652623743.31529814,1123508
2024-05-26,0.00001496,0.00001639,0.00001462,0.00001603,47622342552196.00,745292596.67800302,1251925
2024-05-27,0.00001603,0.00001725,0.00001599,0.00001671,49604669541424.00,829323421.18234450,1476661
2024-05-28,0.00001671,0.00001710,0.00001556,0.00001600,49081470985205.00,796168278.71646035,1475194
2024-05-29,0.00001600,0.00001656,0.00001433,0.00001476,42059144267696.00,645083792.10193566,1267751
2024-05-30,0.00001476,0.00001522,0.00001313,0.00001442,57687172903462.00,815578561.20205953,1398553
2024-05-31,0.00001442,0.00001580,0.00001425,0.00001542,41132651922170.00,618869878.72083459,1218443
2024-06-01,0.00001542,0.00001577,0.00001475,0.00001486,22402843643376.00,342201099.63199853,624898
2024-06-02,0.00001485,0.00001509,0.00001388,0.00001463,29232957814140.00,425280412.27604158,677530
2024-06-03,0.00001463,0.00001551,0.00001435,0.00001444,30425080580827.00,456149619.53729449,834925
2024-06-04,0.00001444,0.00001479,0.00001397,0.00001436,26839601587273.00,385112520.56834438,672685
2024-06-05,0.00001437,0.00001510,0.00001407,0.00001458,28633734298365.00,416204833.57531448,745718
2024-06-06,0.00001459,0.00001522,0.00001421,0.00001434,19383101403238.00,284845712.01350697,574514
2024-06-07,0.00001435,0.00001453,0.00001116,0.00001278,43743827453297.00,578326380.88909726,959695
2024-06-08,0.00001279,0.00001323,0.00001196,0.00001211,26890084859231.00,338147988.48218325,502798
2024-06-09,0.00001211,0.00001296,0.00001185,0.00001276,22388863768983.00,277746435.50089213,417414
2024-06-10,0.00001276,0.00001313,0.00001204,0.00001208,20351015044522.00,256032269.36161329,467146
2024-06-11,0.00001207,0.00001300,0.00001137,0.00001274,39729739078490.00,482636110.52080448,924891
2024-06-12,0.00001274,0.00001390,0.00001211,0.00001321,44850857156380.00,592154437.46107387,1154110
2024-06-13,0.00001321,0.00001335,0.00001171,0.00001192,29109550108998.00,360421189.90797177,696417
2024-06-14,0.00001192,0.00001230,0.00001057,0.00001138,35209484714436.00,403903593.41991726,703578
2024-06-15,0.00001138,0.00001229,0.00001133,0.00001185,19846822573364.00,236416288.99015452,452747
2024-06-16,0.00001186,0.00001245,0.00001144,0.00001231,16817658513145.00,202227349.83269653,366506
2024-06-17,0.00001231,0.00001243,0.00001073,0.00001117,31595171599050.00,365133632.03607433,624319
2024-06-18,0.00001117,0.00001125,0.00000968,0.00001096,48551165700705.00,508936506.34320258,925658
2024-06-19,0.00001097,0.00001190,0.00001074,0.00001136,30604465296456.00,350877370.86833578,625574
2024-06-20,0.00001136,0.00001227,0.00001087,0.00001099,34090137883014.00,392263511.91864610,634219
2024-06-21,0.00001099,0.00001174,0.00001054,0.00001141,30628265184876.00,342530434.42549394,649330
2024-06-22,0.00001142,0.00001164,0.00001115,0.00001143,12932477620868.00,147712918.57153243,271044
2024-06-23,0.00001143,0.00001185,0.00001082,0.00001092,17160498841381.00,195123308.44538091,342155
2024-06-24,0.00001092,0.00001134,0.00001000,0.00001131,38554522561955.00,412557112.79620982,779146
2024-06-25,0.00001130,0.00001307,0.00001127,0.00001285,40507406017830.00,494596505.77978078,825494
2024-06-26,0.00001285,0.00001350,0.00001209,0.00001254,27000614561598.00,341692241.59781164,706376
2024-06-27,0.00001254,0.00001274,0.00001212,0.00001260,22687560654448.00,281326337.79415788,508827
2024-06-28,0.00001260,0.00001265,0.00001138,0.00001159,20016829059199.00,242656170.19556006,526898
2024-06-29,0.00001159,0.00001186,0.00001126,0.00001131,10030622274836.00,116733129.70554914,228928
2024-06-30,0.00001131,0.00001193,0.00001082,0.00001193,18695728858936.00,211573300.91685892,410897
2024-07-01,0.00001194,0.00001219,0.00001131,0.00001142,17262734636768.00,201787709.74662754,400334
2024-07-02,0.00001143,0.00001164,0.00001097,0.00001133,15893287660534.00,180181635.45486865,317586
2024-07-03,0.00001133,0.00001135,0.00000996,0.00001025,26207966498875.00,274335065.87904958,514607
2024-07-04,0.00001026,0.00001037,0.00000883,0.00000893,40379008475124.00,382996484.42476784,666824
2024-07-05,0.00000894,0.00000919,0.00000763,0.00000889,71767549724139.00,601924444.58253532,911246
2024-07-06,0.00000889,0.00000991,0.00000871,0.00000972,28622652113000.00,265840344.14328094,375409
2024-07-07,0.00000973,0.00000975,0.00000833,0.00000840,26661410961718.00,241963418.22380353,365862
2024-07-08,0.00000841,0.00000953,0.00000775,0.00000915,58675232895782.00,513075019.96268937,782460
2024-07-09,0.00000914,0.00000959,0.00000889,0.00000908,27715642214951.00,254656486.28993457,394435
2024-07-10,0.00000909,0.00000944,0.00000875,0.00000921,25208841860990.00,231396183.44090214,349043
2024-07-11,0.00000921,0.00000978,0.00000880,0.00000889,27602252666939.00,257046490.36012734,407490
2024-07-12,0.00000889,0.00000899,0.00000826,0.00000869,26258889103386.00,226685579.14731485,358111
2024-07-13,0.00000869,0.00000894,0.00000845,0.00000868,14146981339080.00,123404945.49311540,211325
2024-07-14,0.00000869,0.00000936,0.00000859,0.00000920,23364756924049.00,209342750.03546560,345640
2024-07-15,0.00000920,0.00001147,0.00000913,0.00001132,55347202893573.00,557902693.28857781,870079
2024-07-16,0.00001132,0.00001268,0.00001111,0.00001237,82053972345590.00,986884870.18240075,1933420
2024-07-17,0.00001237,0.00001289,0.00001151,0.00001169,38286195565163.00,462795941.20041314,851224
2024-07-18,0.00001169,0.00001223,0.00001122,0.00001164,34870230996974.00,410718291.65368966,675239
2024-07-19,0.00001165,0.00001306,0.00001128,0.00001269,36711472640152.00,444437566.59413963,725187
2024-07-20,0.00001268,0.00001276,0.00001191,0.00001222,24918973309251.00,304823381.56911916,525271
2024-07-21,0.00001222,0.00001274,0.00001156,0.00001250,24798019966922.00,302069650.40764311,550105
2024-07-22,0.00001250,0.00001268,0.00001172,0.00001190,17948429267986.00,218492620.26641408,425797
2024-07-23,0.00001190,0.00001275,0.00001159,0.00001252,34856095216815.00,421979954.22933839,833137
2024-07-24,0.00001252,0.00001315,0.00001198,0.00001222,30153947478075.00,378364743.29626193,779793
2024-07-25,0.00001222,0.00001228,0.00001083,0.00001148,30049257607459.00,349637152.54708905,834966
2024-07-26,0.00001148,0.00001212,0.00001140,0.00001202,17025918270977.00,202376822.14882571,394000
2024-07-27,0.00001203,0.00001249,0.00001158,0.00001190,18184960677761.00,219079405.75282445,449261
2024-07-28,0.00001190,0.00001198,0.00001154,0.00001175,7943713286387.00,93368501.04305656,224512
2024-07-29,0.00001175,0.00001242,0.00001169,0.00001179,20008827971908.00,240956272.45664887,466268
2024-07-30,0.00001180,0.00001204,0.00001103,0.00001131,14525764926687.00,167989332.87610925,386789
2024-07-31,0.00001132,0.00001165,0.00001087,0.00001105,12603291277859.00,142641604.82873701,349782
2024-08-01,0.00001104,0.00001115,0.00000973,0.00001051,26994153329356.00,279374042.68737520,552477
2024-08-02,0.00001052,0.00001061,0.00000923,0.00000932,28033167875062.00,277984864.73107495,595758
2024-08-03,0.00000933,0.00000955,0.00000828,0.00000862,30164160311839.00,269206054.81638268,530569
2024-08-04,0.00000862,0.00000879,0.00000766,0.00000810,39535839775128.00,326577896.35117762,596836
2024-08-05,0.00000810,0.00000826,0.00000585,0.00000704,132175251906618.00,900874055.16264283,1596544
2024-08-06,0.00000704,0.00000819,0.00000702,0.00000774,57985284723821.00,452185272.22175056,716688
2024-08-07,0.00000774,0.00000839,0.00000726,0.00000736,49504329429931.00,390171365.83343602,662514
2024-08-08,0.00000737,0.00000889,0.00000719,0.00000877,47115027946704.00,381088563.56140915,577751
2024-08-09,0.00000876,0.00000900,0.00000831,0.00000852,35712036521251.00,306847373.49023876,506692
2024-08-10,0.00000853,0.00000871,0.00000827,0.00000844,13535135030208.00,114241801.06267783,232737
2024-08-11,0.00000843,0.00000879,0.00000765,0.00000773,28086528226204.00,230672307.98919092,360740
2024-08-12,0.00000773,0.00000850,0.00000770,0.00000822,36281490083751.00,294776126.10699807,526423
2024-08-13,0.00000823,0.00000838,0.00000789,0.00000818,19000696616316.00,154471090.72782676,352550
2024-08-14,0.00000819,0.00000847,0.00000790,0.00000800,22210051404078.00,180878276.87359378,390159
2024-08-15,0.00000800,0.00000807,0.00000719,0.00000744,25971356753737.00,200106662.39624099,415917
2024-08-16,0.00000745,0.00000759,0.00000686,0.00000718,32098133972640.00,232487499.92101798,471874
2024-08-17,0.00000718,0.00000771,0.00000710,0.00000749,17941973792579.00,131935763.86985989,271748
2024-08-18,0.00000748,0.00000763,0.00000728,0.00000729,15008040109233.00,112347882.78481348,239156
2024-08-19,0.00000729,0.00000771,0.00000715,0.00000768,18328485887039.00,135496263.68966883,339903
2024-08-20,0.00000768,0.00000829,0.00000763,0.00000775,31044780040143.00,245710031.86351339,534259
2024-08-21,0.00000775,0.00000809,0.00000750,0.00000791,21583988221387.00,168086021.80622582,406555
2024-08-22,0.00000792,0.00000808,0.00000772,0.00000799,18338045877419.00,145446108.75798902,301215
2024-08-23,0.00000798,0.00000930,0.00000794,0.00000908,38146023030646.00,321629520.15675390,723270
2024-08-24,0.00000907,0.00000986,0.00000885,0.00000950,36652061313255.00,340891597.91863741,654397
2024-08-25,0.00000949,0.00000953,0.00000868,0.00000914,26716629978691.00,243463089.89941484,562297
2024-08-26,0.00000914,0.00000927,0.00000842,0.00000852,23840754822384.00,211627023.87646305,568666
2024-08-27,0.00000852,0.00000870,0.00000751,0.00000764,29853904276927.00,244719322.11701340,781586
2024-08-28,0.00000764,0.00000814,0.00000734,0.00000769,33164485041232.00,256417214.44184685,894177
2024-08-29,0.00000769,0.00000820,0.00000755,0.00000765,20526334117869.00,160987176.20865595,549379
2024-08-30,0.00000765,0.00000793,0.00000734,0.00000777,19359998442042.00,148530441.15157903,528227
2024-08-31,0.00000776,0.00000788,0.00000751,0.00000759,8831042992721.00,67939956.86266397,215569
2024-09-01,0.00000760,0.00000764,0.00000706,0.00000714,13434534390703.00,99562648.64472625,413664
2024-09-02,0.00000714,0.00000770,0.00000707,0.00000762,15867883282559.00,117491097.56565881,436216
2024-09-03,0.00000761,0.00000777,0.00000724,0.00000726,11622079536686.00,87036473.34660591,308255
2024-09-04,0.00000727,0.00000753,0.00000684,0.00000735,22387905167693.00,161181996.85964502,476440
2024-09-05,0.00000736,0.00000741,0.00000700,0.00000710,11308329658126.00,81600498.41465251,302676
2024-09-06,0.00000711,0.00000728,0.00000633,0.00000665,23776934439331.00,164067943.42688322,525704
2024-09-07,0.00000665,0.00000703,0.00000664,0.00000677,13494155019632.00,92017264.64200171,222003
2024-09-08,0.00000677,0.00000741,0.00000670,0.00000707,17456685657848.00,121690089.48715679,338173
2024-09-09,0.00000708,0.00000761,0.00000694,0.00000738,21404330033392.00,154505059.86057007,471084
2024-09-10,0.00000739,0.00000756,0.00000728,0.00000746,18520744244221.00,137436505.23081618,379073
2024-09-11,0.00000747,0.00000747,0.00000697,0.00000724,20894540166619.00,150333500.74011012,433712
2024-09-12,0.00000724,0.00000750,0.00000721,0.00000742,14334274999080.00,105359938.57779197,315238
2024-09-13,0.00000742,0.00000806,0.00000730,0.00000791,17937447972613.00,137021598.66479434,440424
2024-09-14,0.00000790,0.00000795,0.00000763,0.00000776,10935531850164.00,85268333.02391377,247366
2024-09-15,0.00000775,0.00000783,0.00000730,0.00000735,10350387033192.00,78856343.42548837,280104
2024-09-16,0.00000736,0.00000739,0.00000706,0.00000720,17402331398461.00,125407605.08439187,380631
2024-09-17,0.00000720,0.00000765,0.00000711,0.00000733,20301556088603.00,150043063.85182766,426553
2024-09-18,0.00000733,0.00000755,0.00000699,0.00000753,24530911000973.00,177996892.29887844,538419
2024-09-19,0.00000754,0.00000834,0.00000753,0.00000794,35620686879447.00,282312930.65859741,787296
2024-09-20,0.00000795,0.00000851,0.00000771,0.00000825,32445336302545.00,265266199.31923928,794171
2024-09-21,0.00000825,0.00000844,0.00000800,0.00000842,12950500480373.00,106442072.20926105,370769
2024-09-22,0.00000842,0.00000848,0.00000773,0.00000801,16052905587386.00,129633583.32408675,430374
2024-09-23,0.00000800,0.00000834,0.00000782,0.00000813,18743649782506.00,152210358.33162216,521010
2024-09-24,0.00000814,0.00000876,0.00000792,0.00000859,31769880267679.00,266293847.38207639,736770
2024-09-25,0.00000859,0.00000880,0.00000836,0.00000845,26050852813724.00,222439356.59705887,604691
2024-09-26,0.00000845,0.00000973,0.00000822,0.00000952,42906341450303.00,389874306.92882976,1061558
2024-09-27,0.00000952,0.00001094,0.00000936,0.00001070,37466459477277.00,389232025.63358767,1313236
2024-09-28,0.00001070,0.00001156,0.00001055,0.00001138,35407966825139.00,392385626.94968077,1134532
2024-09-29,0.00001138,0.00001197,0.00001098,0.00001128,32890779246040.00,373311944.31605068,1328584
2024-09-30,0.00001129,0.00001150,0.00001035,0.00001046,31337476998088.00,343662859.73007476,1179788
2024-10-01,0.00001047,0.00001145,0.00000929,0.00000970,58227152177573.00,610167567.96283729,2071901
2024-10-02,0.00000970,0.00001032,0.00000892,0.00000924,43462733277731.00,420050742.05042917,1681811
2024-10-03,0.00000924,0.00000953,0.00000833,0.00000864,34377251880805.00,304597640.30953914,1411662
2024-10-04,0.00000864,0.00000960,0.00000848,0.00000939,34691476414717.00,316634383.91158924,1063776
2024-10-05,0.00000940,0.00000961,0.00000915,0.00000935,21837595780367.00,204946491.50576778,537781
2024-10-06,0.00000936,0.00001033,0.00000925,0.00001023,29884884704265.00,294825458.59644674,760208
2024-10-07,0.00001023,0.00001082,0.00000977,0.00000980,43987938222565.00,458061482.25756666,1429437
2024-10-08,0.00000979,0.00001007,0.00000931,0.00000951,28331793957112.00,273174361.36765779,1014647
2024-10-09,0.00000951,0.00000987,0.00000898,0.00000912,25503133262571.00,240378715.10023543,974066
2024-10-10,0.00000911,0.00000946,0.00000880,0.00000930,20977289858987.00,192554715.33970718,820963
2024-10-11,0.00000930,0.00000997,0.00000920,0.00000974,23913837083229.00,230463805.37975889,716858
2024-10-12,0.00000974,0.00001024,0.00000968,0.00000989,21117445713540.00,210304951.68419868,649250
2024-10-13,0.00000990,0.00000999,0.00000937,0.00000970,19072871121618.00,184302128.30271192,621320
2024-10-14,0.00000970,0.00001108,0.00000954,0.00001090,42374721167931.00,441052624.25074175,1227031
2024-10-15,0.00001090,0.00001117,0.00001002,0.00001038,46904224213435.00,491590362.38169596,1698033
2024-10-16,0.00001039,0.00001067,0.00001011,0.00001044,27037152697875.00,282214087.85137298,1275627
2024-10-17,0.00001044,0.00001056,0.00000963,0.00000988,24029009701626.00,242102206.22502762,1021339
2024-10-18,0.00000988,0.00001073,0.00000983,0.00001050,26626102973441.00,277359704.34316666,1049759
2024-10-19,0.00001051,0.00001094,0.00001030,0.00001049,15458732248851.00,163580322.24050059,683471
2024-10-20,0.00001049,0.00001079,0.00001010,0.00001068,16873419331430.00,176018191.96441724,692375
2024-10-21,0.00001069,0.00001090,0.00001004,0.00001018,20240128293626.00,211085703.39933249,940675
2024-10-22,0.00001018,0.00001036,0.00000986,0.00001008,13204050218804.00,133540804.52272218,726242
2024-10-23,0.00001008,0.00001012,0.00000940,0.00000981,17576930524731.00,171780798.38266755,762979
2024-10-24,0.00000982,0.00001009,0.00000967,0.00001000,14662054823969.00,145319689.75737385,723635
2024-10-25,0.00001000,0.00001005,0.00000843,0.00000878,26681740527608.00,248598737.25833131,1016713
2024-10-26,0.00000879,0.00000912,0.00000863,0.00000908,16140291288574.00,144250679.74956635,569058
2024-10-27,0.00000908,0.00000929,0.00000893,0.00000917,11316407147221.00,102790868.12776133,392176
2024-10-28,0.00000917,0.00000944,0.00000858,0.00000918,19801750530023.00,177551056.44252270,797474
2024-10-29,0.00000917,0.00000992,0.00000913,0.00000967,22232734144041.00,213132635.35287450,869031
2024-10-30,0.00000967,0.00001012,0.00000927,0.00000964,24869518870553.00,240512299.17006639,944795
2024-10-31,0.00000964,0.00000971,0.00000900,0.00000911,14652779135191.00,136867567.45815081,649112
2024-11-01,0.00000912,0.00000935,0.00000872,0.00000889,15597362693314.00,140978812.52682774,703250
2024-11-02,0.00000889,0.00000900,0.00000854,0.00000872,9078290325175.00,79642411.31700909,355178
2024-11-03,0.00000872,0.00000873,0.00000787,0.00000818,18816942379789.00,154320937.83589671,578694
2024-11-04,0.00000817,0.00000838,0.00000771,0.00000792,18818019834167.00,152704266.35763724,669322
2024-11-05,0.00000792,0.00000882,0.00000792,0.00000856,21417947166059.00,179701087.58663247,762019
2024-11-06,0.00000856,0.00001005,0.00000856,0.00000989,50548283754805.00,473767247.31029912,1917944
2024-11-07,0.00000990,0.00001105,0.00000984,0.00001099,47000103444447.00,492967233.91048179,1581042
2024-11-08,0.00001100,0.00001149,0.00001027,0.00001076,37168570367010.00,403248874.23033631,1480901
2024-11-09,0.00001077,0.00001148,0.00001045,0.00001120,37362313900438.00,408819108.04164602,1371464
2024-11-10,0.00001119,0.00001299,0.00001100,0.00001232,83979197562959.00,1009621077.69757052,3315121
2024-11-11,0.00001232,0.00001345,0.00001175,0.00001299,77301570891980.00,976318395.77529534,3872897
2024-11-12,0.00001299,0.00001490,0.00001229,0.00001413,109268506351477.00,1467402232.75968977,5630344
2024-11-13,0.00001412,0.00002244,0.00001249,0.00002081,219467807645599.00,3882812077.26515703,11656779
2024-11-14,0.00002082,0.00002597,0.00002007,0.00002065,151365034230073.00,3396355276.11314066,12561606
2024-11-15,0.00002065,0.00002400,0.00001880,0.00002333,86313685572174.00,1828966942.86737003,5981427
2024-11-16,0.00002333,0.00002366,0.00002064,0.00002130,43192733933935.00,948259257.11658012,3252306
2024-11-17,0.00002129,0.00002258,0.00001943,0.00002121,48865012016577.00,1033642171.16311186,3677628
2024-11-18,0.00002121,0.00002277,0.00001959,0.00002048,46185103558075.00,971848981.51864517,3576042
2024-11-19,0.00002047,0.00002122,0.00001892,0.00001968,40112058690216.00,809866507.65157185,2638319
2024-11-20,0.00001969,0.00002059,0.00001830,0.00001876,40535014911691.00,794088490.24928804,3464956
2024-11-21,0.00001877,0.00002170,0.00001804,0.00002070,53875208166057.00,1087630214.05419462,3999966
2024-11-22,0.00002070,0.00002184,0.00001977,0.00002064,33959201755388.00,703565812.26454708,2352546
2024-11-23,0.00002064,0.00002234,0.00001968,0.00002049,47710744809661.00,1008843149.77030787,2650867
2024-11-24,0.00002050,0.00002122,0.00001904,0.00002020,28260883140421.00,565679222.88827052,1758416
2024-11-25,0.00002021,0.00002076,0.00001834,0.00001897,30831062926904.00,605931111.61603240,2364180
2024-11-26,0.00001897,0.00001947,0.00001729,0.00001828,29739168819244.00,541269786.17397637,2577697
2024-11-27,0.00001829,0.00002014,0.00001788,0.00001974,26345770608857.00,500944379.59944942,2109969
2024-11-28,0.00001974,0.00002033,0.00001894,0.00001985,20507953884290.00,401679597.22134261,1830672
2024-11-29,0.00001986,0.00002130,0.00001950,0.00002046,27827773634963.00,567277799.61972230,1857650
2024-11-30,0.00002047,0.00002165,0.00002009,0.00002020,20867699497576.00,430277516.47627602,1516099
2024-12-01,0.00002020,0.00002333,0.00002006,0.00002226,40062629234881.00,870209378.07763645,2249127
2024-12-02,0.00002225,0.00002285,0.00001952,0.00002043,41755718391846.00,861921598.83906482,3042918
2024-12-03,0.00002043,0.00002108,0.00001885,0.00002025,32157526543298.00,644278513.85372702,2395883
2024-12-04,0.00002026,0.00002209,0.00002019,0.00002179,38658071348223.00,814479173.40801341,2615275
2024-12-05,0.00002179,0.00002290,0.00002032,0.00002118,40285168050511.00,871600218.77607095,3193790
2024-12-06,0.00002119,0.00002223,0.00002034,0.00002155,26596100280809.00,571424985.32750666,1752313
2024-12-07,0.00002155,0.00002694,0.00002110,0.00002489,50539372914667.00,1213664369.07831074,4008688
2024-12-08,0.00002490,0.00002717,0.00002418,0.00002642,42593220595135.00,1095379502.94260650,4865915
2024-12-09,0.00002642,0.00002836,0.00002333,0.00002649,82932866321320.00,2175923644.17719495,9943996
2024-12-10,0.00002650,0.00002723,0.00002209,0.00002348,73552507106171.00,1771233439.33267714,6388278
2024-12-11,0.00002348,0.00002548,0.00002162,0.00002512,37832623045386.00,899431769.50682819,3096026
2024-12-12,0.00002512,0.00002572,0.00002321,0.00002365,25025648068128.00,615256769.06360625,2306740
2024-12-13,0.00002365,0.00002499,0.00002306,0.00002475,16955284110496.00,407765179.53036186,1604174
2024-12-14,0.00002476,0.00002486,0.00002291,0.00002333,11838393256148.00,281662098.16987548,990311
2024-12-15,0.00002334,0.00002453,0.00002259,0.00002415,12647918070646.00,297310828.78074968,1070491
2024-12-16,0.00002416,0.00002472,0.00002290,0.00002345,21025862030606.00,500821815.67743626,1633070
2024-12-17,0.00002345,0.00002365,0.00002206,0.00002244,15422714288799.00,356012343.50897093,1163920
2024-12-18,0.00002244,0.00002254,0.00001912,0.00001943,26846597305414.00,559829193.46815419,1510947
2024-12-19,0.00001944,0.00001975,0.00001653,0.00001705,44992131613453.00,820836806.57779860,1777799
2024-12-20,0.00001705,0.00001794,0.00001441,0.00001767,53723342953662.00,869954918.38636588,2009273
2024-12-21,0.00001768,0.00001974,0.00001694,0.00001741,34818687048227.00,633228516.81296333,1412524
2024-12-22,0.00001741,0.00001844,0.00001668,0.00001785,22210821235620.00,392841683.41336004,849383
2024-12-23,0.00001785,0.00001886,0.00001723,0.00001848,20145844548886.00,361918016.63489608,819176
2024-12-24,0.00001847,0.00001954,0.00001790,0.00001926,16436827609987.00,309559489.52711633,618257
2024-12-25,0.00001925,0.00001945,0.00001810,0.00001854,14797984293750.00,277463709.29627575,563727
2024-12-26,0.00001854,0.00001878,0.00001704,0.00001739,13227748320847.00,233423706.75989039,508530
2024-12-27,0.00001739,0.00001830,0.00001726,0.00001788,13660033531008.00,243407388.76337793,524626
2024-12-28,0.00001789,0.00001903,0.00001776,0.00001876,9469146279294.00,174802440.13217714,384341
2024-12-29,0.00001876,0.00001919,0.00001775,0.00001789,9116197110944.00,167662663.72599162,487766
2024-12-30,0.00001790,0.00001900,0.00001745,0.00001846,14012271530950.00,255305104.19168035,877330
2024-12-31,0.00001846,0.00002185,0.00001770,0.00001996,45739570232961.00,912959092.32060223,1681162
2025-01-01,0.00001996,0.00002077,0.00001907,0.00001938,16682666084636.00,328210024.69330405,670141
2025-01-02,0.00001938,0.00002117,0.00001919,0.00002048,21627625482687.00,440865327.67942469,1011864
2025-01-03,0.00002048,0.00002175,0.00002006,0.00002159,14899135389828.00,312519413.08498986,986233
2025-01-04,0.00002159,0.00002190,0.00002054,0.00002112,11555524610118.00,244101567.01405403,647665
2025-01-05,0.00002113,0.00002139,0.00002032,0.00002072,7073091306173.00,146921955.70725436,546598
2025-01-06,0.00002071,0.00002139,0.00002026,0.00002078,10202159475639.00,212760120.38717338,600615
2025-01-07,0.00002078,0.00002084,0.00001845,0.00001859,18763623814545.00,365902186.90573294,1030229
2025-01-08,0.00001859,0.00001893,0.00001701,0.00001782,17669793623298.00,318142732.36748634,1057460
2025-01-09,0.00001782,0.00001810,0.00001663,0.00001701,16559799889161.00,287184214.14923792,773144
2025-01-10,0.00001701,0.00001791,0.00001699,0.00001764,16319015095746.00,285087881.61727707,748491
2025-01-11,0.00001764,0.00001848,0.00001747,0.00001802,6439600278724.00,115458141.80902062,365372
2025-01-12,0.00001802,0.00001804,0.00001748,0.00001775,5011918296641.00,89082065.01239986,393739
2025-01-13,0.00001775,0.00001829,0.00001561,0.00001686,23342503853938.00,387600158.60226203,922570
2025-01-14,0.00001685,0.00001764,0.00001679,0.00001746,10728110959461.00,185512612.69595864,732474
2025-01-15,0.00001747,0.00001922,0.00001686,0.00001907,16682626026136.00,299499927.34478203,899914
2025-01-16,0.00001907,0.00001926,0.00001795,0.00001812,15198692346430.00,280003935.23281180,792674
2025-01-17,0.00001813,0.00002054,0.00001813,0.00002030,21668399109828.00,424961619.97219775,958434
2025-01-18,0.00002030,0.00002103,0.00001810,0.00001845,24907807730325.00,475470074.87001442,1138360
2025-01-19,0.00001845,0.00001900,0.00001520,0.00001604,62882541482112.00,1061269884.64509672,2283192
2025-01-20,0.00001604,0.00001760,0.00001512,0.00001580,59103382658573.00,954174946.69260829,1844864
2025-01-21,0.00001580,0.00001637,0.00001473,0.00001590,27143688797501.00,421153925.07585789,1104633
2025-01-22,0.00001590,0.00001619,0.00001500,0.00001515,12817606784768.00,200258204.62756675,599265
2025-01-23,0.00001515,0.00001559,0.00001430,0.00001532,21125125131689.00,314993999.46334198,885638
2025-01-24,0.00001533,0.00001618,0.00001458,0.00001494,16248774465024.00,250647107.44826942,761195
2025-01-25,0.00001495,0.00001540,0.00001459,0.00001504,8029163961541.00,120870466.23947210,416108
2025-01-26,0.00001504,0.00001520,0.00001394,0.00001402,9098053764288.00,134075319.42748486,381466
2025-01-27,0.00001402,0.00001402,0.00001210,0.00001311,36311622274024.00,466147187.41991193,1114313
2025-01-28,0.00001312,0.00001336,0.00001133,0.00001145,17291386273714.00,215868248.72058784,549344
2025-01-29,0.00001145,0.00001334,0.00001136,0.00001239,30764079573540.00,383459663.78046832,944830
2025-01-30,0.00001240,0.00001350,0.00001222,0.00001293,15593336329527.00,202163257.90139329,551800
2025-01-31,0.00001294,0.00001478,0.00001275,0.00001386,26881347636132.00,374701724.32636654,895939
2025-02-01,0.00001386,0.00001430,0.00001206,0.00001224,19306388674839.00,253593395.43925044,671735
2025-02-02,0.00001225,0.00001253,0.00000999,0.00001078,41791389996776.00,472665764.51755197,1152576
2025-02-03,0.00001078,0.00001144,0.00000796,0.00001100,86878701520935.00,837192177.83267635,1848764
2025-02-04,0.00001100,0.00001110,0.00000965,0.00001015,33913513843407.00,346719461.70187398,922294
2025-02-05,0.00001016,0.00001046,0.00000974,0.00001001,16978008551162.00,172215778.39519828,439050
2025-02-06,0.00001001,0.00001039,0.00000911,0.00000922,22399169719870.00,217479511.89829070,492288
2025-02-07,0.00000921,0.00000984,0.00000845,0.00000893,25788776543072.00,239537001.67867810,528781
2025-02-08,0.00000893,0.00000969,0.00000887,0.00000957,19237931847348.00,178740645.66536093,374883
2025-02-09,0.00000956,0.00000985,0.00000891,0.00000954,15025156515424.00,142013021.98005282,377492
2025-02-10,0.00000953,0.00000996,0.00000915,0.00000959,18057207333654.00,173355115.64061893,445921
2025-02-11,0.00000959,0.00001061,0.00000938,0.00000959,25128522224855.00,250776759.95245995,563103
2025-02-12,0.00000958,0.00001027,0.00000905,0.00001009,29356006071016.00,280688836.77217725,623363
2025-02-13,0.00001009,0.00001025,0.00000944,0.00000968,14123544965627.00,138383486.70274094,378208
2025-02-14,0.00000969,0.00001076,0.00000962,0.00001030,16932254518253.00,173923449.06785289,496511
2025-02-15,0.00001030,0.00001038,0.00000982,0.00000994,7693921894156.00,77582033.38564639,251539
2025-02-16,0.00000994,0.00001004,0.00000957,0.00000970,6597553335879.00,64791990.28792567,216335
2025-02-17,0.00000970,0.00001067,0.00000950,0.00001012,21946357332885.00,221060791.71703633,534443
2025-02-18,0.00001011,0.00001020,0.00000891,0.00000926,20043926315436.00,189022920.17414579,513181
2025-02-19,0.00000927,0.00000957,0.00000912,0.00000936,10331310968338.00,96609166.74100370,279220
2025-02-20,0.00000936,0.00000971,0.00000930,0.00000962,10872954762200.00,103436824.38685864,262406
2025-02-21,0.00000962,0.00001015,0.00000904,0.00000913,18582732525321.00,178549780.39724550,443315
2025-02-22,0.00000912,0.00000973,0.00000907,0.00000963,11947003340550.00,113166113.89814800,232946
2025-02-23,0.00000962,0.00000981,0.00000921,0.00000935,12092609836081.00,114381639.74338898,245860
2025-02-24,0.00000935,0.00000943,0.00000762,0.00000789,24468172172713.00,210125995.91235876,526698
2025-02-25,0.00000789,0.00000843,0.00000731,0.00000825,40331085887872.00,315143308.40091443,766264
2025-02-26,0.00000825,0.00000851,0.00000782,0.00000833,22218035291335.00,181399780.78483491,444790
2025-02-27,0.00000833,0.00000860,0.00000806,0.00000821,19415820833894.00,162061800.76343831,368035
2025-02-28,0.00000821,0.00000826,0.00000726,0.00000792,29419911437333.00,226968085.20670191,602865
2025-03-01,0.00000793,0.00000800,0.00000736,0.00000759,16175337433553.00,124870073.82011185,252340
2025-03-02,0.00000759,0.00000895,0.00000755,0.00000883,39065875037670.00,320675680.56832474,601689
2025-03-03,0.00000884,0.00000888,0.00000706,0.00000723,32809500821447.00,261451588.11012393,671886
2025-03-04,0.00000723,0.00000729,0.00000627,0.00000699,43532682018350.00,296977908.27490003,676128
2025-03-05,0.00000699,0.00000736,0.00000681,0.00000708,17753506885893.00,125078427.07458814,301860
2025-03-06,0.00000707,0.00000735,0.00000676,0.00000683,15747235495301.00,110826867.47402551,281595
2025-03-07,0.00000684,0.00000736,0.00000642,0.00000698,26640058730724.00,185470683.43639961,459549
2025-03-08,0.00000699,0.00000705,0.00000657,0.00000667,11787340848006.00,79858946.13872365,205757
2025-03-09,0.00000667,0.00000674,0.00000572,0.00000587,17797753811142.00,109010228.66010784,285122
2025-03-10,0.00000587,0.00000665,0.00000563,0.00000570,35370198357125.00,216717845.78083524,509382
2025-03-11,0.00000570,0.00000651,0.00000525,0.00000633,40392227387815.00,239115307.11890164,529110
2025-03-12,0.00000632,0.00000698,0.00000614,0.00000696,30680982363059.00,200626562.27054552,501647
2025-03-13,0.00000695,0.00000745,0.00000650,0.00000669,41663815584520.00,291805548.34794936,629478
2025-03-14,0.00000670,0.00000734,0.00000668,0.00000706,26405468563415.00,185747719.89058951,406510
2025-03-15,0.00000706,0.00000738,0.00000696,0.00000714,14789704988378.00,105525039.26248505,253340
2025-03-16,0.00000714,0.00000718,0.00000645,0.00000658,21933732464269.00,148731572.29646698,313005
2025-03-17,0.00000659,0.00000761,0.00000657,0.00000739,25521302691140.00,180969641.72105526,453780
2025-03-18,0.00000739,0.00000742,0.00000671,0.00000728,27712011815481.00,194043128.31609892,412210
2025-03-19,0.00000729,0.00000756,0.00000714,0.00000746,26499870906366.00,194300526.99311177,509896
2025-03-20,0.00000746,0.00000787,0.00000728,0.00000765,25395001173920.00,192032353.35718682,469412
2025-03-21,0.00000765,0.00000789,0.00000715,0.00000720,19419225206620.00,143749569.74195782,322567
2025-03-22,0.00000721,0.00000740,0.00000700,0.00000707,11481207626108.00,83275084.88477759,180991
2025-03-23,0.00000707,0.00000740,0.00000701,0.00000735,10369554192484.00,75194010.83030873,174428
2025-03-24,0.00000735,0.00000819,0.00000719,0.00000799,24475569856055.00,188815372.50960185,419271
2025-03-25,0.00000799,0.00000825,0.00000783,0.00000801,16162055280387.00,129261731.10984091,341726
2025-03-26,0.00000801,0.00000926,0.00000796,0.00000852,32284974573860.00,280350039.14925044,642729
2025-03-27,0.00000853,0.00000870,0.00000819,0.00000844,15801370847681.00,134347404.41348907,369948
2025-03-28,0.00000844,0.00000852,0.00000760,0.00000779,14721635578042.00,116744825.79331570,329769
2025-03-29,0.00000778,0.00000789,0.00000706,0.00000722,14056668488557.00,104193366.18545457,307179
2025-03-30,0.00000722,0.00000734,0.00000677,0.00000694,15221550364652.00,107529643.70331232,319137
2025-03-31,0.00000695,0.00000735,0.00000676,0.00000720,23151355844890.00,163409497.84971960,468668
2025-04-01,0.00000721,0.00000787,0.00000719,0.00000772,25847762581546.00,195327726.99685070,517800
2025-04-02,0.00000772,0.00000807,0.00000690,0.00000705,38726852577026.00,291410837.50898721,745304
2025-04-03,0.00000706,0.00000730,0.00000638,0.00000671,27610092405897.00,186416580.51850390,407411
2025-04-04,0.00000671,0.00000728,0.00000660,0.00000724,31570598218828.00,220003705.53302502,540878
2025-04-05,0.00000724,0.00000737,0.00000692,0.00000706,10842125117263.00,77369164.45630277,190771
2025-04-06,0.00000706,0.00000713,0.00000615,0.00000634,21788839301624.00,143109640.05159742,385911
2025-04-07,0.00000634,0.00000679,0.00000571,0.00000645,65317332969266.00,408311490.03869471,946129
2025-04-08,0.00000645,0.00000664,0.00000592,0.00000605,23986003606990.00,149169907.37567857,381569
2025-04-09,0.00000605,0.00000714,0.00000578,0.00000697,42505343766850.00,275184951.57949344,636541
2025-04-10,0.00000697,0.00000700,0.00000648,0.00000671,20025266469404.00,134299067.62443588,363662
2025-04-11,0.00000670,0.00000705,0.00000664,0.00000694,16599492989938.00,114075683.21040562,265413
2025-04-12,0.00000693,0.00000758,0.00000682,0.00000744,15796738603577.00,113724510.03203260,313217
2025-04-13,0.00000744,0.00000777,0.00000711,0.00000727,19923587167066.00,146648560.25694968,421758
2025-04-14,0.00000728,0.00000774,0.00000725,0.00000734,22245174412795.00,166490095.37330066,495246
2025-04-15,0.00000734,0.00000752,0.00000690,0.00000700,18510467726755.00,133730519.61128777,381802
2025-04-16,0.00000701,0.00000733,0.00000693,0.00000713,18203525256576.00,129955254.01942649,369490
2025-04-17,0.00000714,0.00000744,0.00000703,0.00000724,14102580378979.00,102463746.19277925,277077
2025-04-18,0.00000723,0.00000734,0.00000701,0.00000734,13797117151992.00,98689616.79009015,206579
2025-04-19,0.00000733,0.00000760,0.00000716,0.00000750,10385767573594.00,76172299.34425307,177523
2025-04-20,0.00000750,0.00000770,0.00000726,0.00000754,11307194206753.00,84644055.94835064,217999
2025-04-21,0.00000754,0.00000805,0.00000752,0.00000774,18831906374085.00,147507530.89105417,335487
2025-04-22,0.00000774,0.00000890,0.00000761,0.00000881,25921817517096.00,214828708.71524946,496036
2025-04-23,0.00000881,0.00000930,0.00000863,0.00000883,32085023501684.00,289206639.30336969,702164
2025-04-24,0.00000883,0.00000887,0.00000832,0.00000876,18137101986078.00,155966926.43410675,448893
2025-04-25,0.00000876,0.00000929,0.00000856,0.00000905,21672223311448.00,192334402.79662839,540556
2025-04-26,0.00000905,0.00000981,0.00000902,0.00000918,17825697684688.00,166984608.20195698,517064
2025-04-27,0.00000918,0.00000921,0.00000872,0.00000876,10905929140275.00,97462906.90002412,306802
2025-04-28,0.00000876,0.00000920,0.00000855,0.00000896,17781482961753.00,158346066.08409434,504670
2025-04-29,0.00000897,0.00000916,0.00000871,0.00000887,10685343236254.00,95763612.51821351,337857
2025-04-30,0.00000887,0.00000913,0.00000845,0.00000889,13141943422573.00,115872319.70736643,351024
2025-05-01,0.00000890,0.00000909,0.00000866,0.00000873,15932783748951.00,141604907.74378953,272473
2025-05-02,0.00000873,0.00000893,0.00000852,0.00000870,12683809623183.00,110774830.04414001,263986
2025-05-03,0.00000869,0.00000873,0.00000807,0.00000817,10038065905981.00,84112477.10803040,202875
2025-05-04,0.00000818,0.00000828,0.00000799,0.00000809,9751661778173.00,79513121.31596281,236812
2025-05-05,0.00000809,0.00000836,0.00000778,0.00000794,13989199773095.00,112713863.76766748,301763
2025-05-06,0.00000794,0.00000803,0.00000758,0.00000799,13953834748026.00,109243715.10770001,301867
2025-05-07,0.00000800,0.00000832,0.00000794,0.00000825,14128870126831.00,114901661.38731945,296177
2025-05-08,0.00000825,0.00001178,0.00000822,0.00001112,52093827982190.00,521201394.03584425,1219680
2025-05-09,0.00001112,0.00001397,0.00001064,0.00001237,74063552857195.00,923968709.71925127,2263245
2025-05-10,0.00001237,0.00001406,0.00001216,0.00001370,45614509129242.00,596957964.40960831,1807199
2025-05-11,0.00001370,0.00001424,0.00001258,0.00001361,36253569916453.00,484990669.66400015,1515882
2025-05-12,0.00001362,0.00001541,0.00001278,0.00001362,51719094301939.00,734411922.88995750,2384357
2025-05-13,0.00001363,0.00001510,0.00001274,0.00001444,39299132820367.00,547942308.43206905,1654855
2025-05-14,0.00001444,0.00001449,0.00001348,0.00001390,23284399187556.00,326110494.38759414,935480
2025-05-15,0.00001390,0.00001415,0.00001267,0.00001302,27142963377370.00,364914179.47865887,1228157
2025-05-16,0.00001303,0.00001380,0.00001252,0.00001259,19266394121913.00,257270882.84052417,760214
2025-05-17,0.00001260,0.00001276,0.00001196,0.00001216,16403000398204.00,202451473.76976775,601813
2025-05-18,0.00001217,0.00001425,0.00001213,0.00001385,38625517791462.00,512811832.22792567,1119126
2025-05-19,0.00001385,0.00001419,0.00001249,0.00001327,29883776124192.00,392378290.57979036,955592
2025-05-20,0.00001328,0.00001366,0.00001262,0.00001316,24889277164643.00,325121089.42848622,803010
2025-05-21,0.00001317,0.00001462,0.00001281,0.00001365,51972219388584.00,708363928.38272329,1464307
2025-05-22,0.00001365,0.00001552,0.00001362,0.00001550,37296133680823.00,535490677.40155788,1210631
2025-05-23,0.00001550,0.00001632,0.00001356,0.00001381,53698452565118.00,813207035.73495120,1645768
2025-05-24,0.00001380,0.00001422,0.00001356,0.00001378,20304259894291.00,282010856.03520511,676537
2025-05-25,0.00001378,0.00001399,0.00001262,0.00001361,27581959609313.00,365831760.51276155,817351
2025-05-26,0.00001361,0.00001446,0.00001349,0.00001385,26730612578903.00,372299242.64562861,809326
2025-05-27,0.00001385,0.00001432,0.00001335,0.00001390,22417573905263.00,313227366.33181946,769482
2025-05-28,0.00001390,0.00001418,0.00001337,0.00001399,20747267354827.00,285903812.41468876,615288
2025-05-29,0.00001400,0.00001512,0.00001336,0.00001343,33159118811495.00,471093928.08904593,950957
2025-05-30,0.00001344,0.00001356,0.00001149,0.00001161,38505481123377.00,489485523.25685766,1102395
2025-05-31,0.00001161,0.00001187,0.00001095,0.00001165,26333464823687.00,301262718.00703220,864612
2025-06-01,0.00001164,0.00001204,0.00001128,0.00001180,14621442150371.00,170714708.68420966,459425
2025-06-02,0.00001181,0.00001243,0.00001140,0.00001235,16304159768959.00,192163039.48726291,593593
2025-06-03,0.00001235,0.00001296,0.00001216,0.00001226,22455998788901.00,282899317.03003766,678575
2025-06-04,0.00001226,0.00001263,0.00001175,0.00001182,13294689747233.00,163089865.10484518,437872
2025-06-05,0.00001182,0.00001208,0.00001037,0.00001064,32813068696501.00,369946680.12960611,817927
2025-06-06,0.00001065,0.00001152,0.00001055,0.00001105,19510403682738.00,216265505.02434499,506764
2025-06-07,0.00001105,0.00001163,0.00001096,0.00001150,11904017499275.00,135875476.08578357,360240
2025-06-08,0.00001151,0.00001208,0.00001129,0.00001168,12991951914194.00,151019397.00172146,354964
2025-06-09,0.00001168,0.00001272,0.00001139,0.00001265,23898708299861.00,285577120.65574237,596258
2025-06-10,0.00001265,0.00001362,0.00001241,0.00001312,32345939513680.00,417621418.39299079,958076
2025-06-11,0.00001312,0.00001345,0.00001220,0.00001249,24383590881388.00,314264446.26448959,738236
2025-06-12,0.00001248,0.00001260,0.00001136,0.00001151,21614364298006.00,261266996.19468155,637082
2025-06-13,0.00001150,0.00001152,0.00001044,0.00001122,36330700936637.00,392121823.82463722,864851
2025-06-14,0.00001122,0.00001131,0.00001069,0.00001095,10799555502926.00,119238037.82916134,290226
2025-06-15,0.00001094,0.00001133,0.00001081,0.00001111,13258441974343.00,147521835.52043099,275380
2025-06-16,0.00001111,0.00001157,0.00001054,0.00001059,23055705725602.00,258028800.60841719,488888
2025-06-17,0.00001059,0.00001078,0.00000965,0.00001013,26064511809917.00,267091595.41497103,558264
2025-06-18,0.00001013,0.00001041,0.00000975,0.00001035,16063975112921.00,162756675.79792078,397911
2025-06-19,0.00001035,0.00001049,0.00001014,0.00001029,10678905429265.00,110365224.17985781,239511
2025-06-20,0.00001030,0.00001052,0.00000946,0.00000984,16614768394908.00,166253345.07583404,362768
2025-06-21,0.00000984,0.00001012,0.00000892,0.00000928,16228425825138.00,154666916.42418575,370739
2025-06-22,0.00000928,0.00000948,0.00000830,0.00000887,27157211135718.00,239225615.75110802,575551
2025-06-23,0.00000888,0.00001002,0.00000867,0.00000990,29080584067582.00,267545957.82644864,536050
2025-06-24,0.00000990,0.00001030,0.00000976,0.00001006,17854122634311.00,178345941.07594483,398209
2025-06-25,0.00001006,0.00001018,0.00000937,0.00000946,15294694903234.00,150395697.55588476,365196
2025-06-26,0.00000946,0.00000974,0.00000911,0.00000916,14888995666583.00,139930754.00494281,296943
2025-06-27,0.00000916,0.00000938,0.00000892,0.00000918,11336917224317.00,104108040.17700376,233871
2025-06-28,0.00000917,0.00000962,0.00000913,0.00000955,6151553773664.00,57735617.58473893,142482
2025-06-29,0.00000956,0.00001049,0.00000943,0.00001040,12327985325807.00,122449049.56193354,264503
2025-06-30,0.00001040,0.00001043,0.00000958,0.00000975,16507636187090.00,164098087.47335932,305344
2025-07-01,0.00000975,0.00000983,0.00000916,0.00000926,9686081084988.00,91447524.52146361,201341
2025-07-02,0.00000926,0.00001038,0.00000918,0.00001006,16587489647911.00,164242261.82160818,362153
2025-07-03,0.00001006,0.00001079,0.00000988,0.00001012,22042692636211.00,228234105.85868278,518328
2025-07-04,0.00001013,0.00001027,0.00000943,0.00000965,13075122453368.00,127659974.45335395,311841
2025-07-05,0.00000964,0.00000993,0.00000951,0.00000969,7473259445326.00,72647324.11202802,183391
2025-07-06,0.00000969,0.00001033,0.00000956,0.00001002,12668122293853.00,126242824.83006074,304033
2025-07-07,0.00001003,0.00001027,0.00000969,0.00000990,11778723077307.00,117670691.34021818,321233
2025-07-08,0.00000990,0.00001029,0.00000971,0.00001019,11079981627412.00,111076410.09288027,284247
2025-07-09,0.00001019,0.00001136,0.00001000,0.00001105,23312426151862.00,248060955.62249515,570348
2025-07-10,0.00001105,0.00001254,0.00001089,0.00001241,29599288576742.00,342770849.90027671,739593
2025-07-11,0.00001240,0.00001327,0.00001200,0.00001236,41424385054134.00,524865982.30855147,1128813
2025-07-12,0.00001235,0.00001256,0.00001184,0.00001224,16916697569560.00,206892126.23931312,543740
2025-07-13,0.00001224,0.00001269,0.00001208,0.00001230,18432948172533.00,227784310.52206927,550657
2025-07-14,0.00001231,0.00001337,0.00001202,0.00001223,28262765829312.00,356125124.21048525,877526
2025-07-15,0.00001223,0.00001291,0.00001166,0.00001286,29212912749100.00,358078414.82727215,943236
2025-07-16,0.00001285,0.00001411,0.00001248,0.00001354,34225785378825.00,454745352.73476808,1116534
2025-07-17,0.00001355,0.00001385,0.00001281,0.00001337,26988032999578.00,362641324.43233068,1062932
2025-07-18,0.00001337,0.00001433,0.00001266,0.00001298,33539085937877.00,454841458.17365851,1122641
2025-07-19,0.00001299,0.00001354,0.00001265,0.00001342,15040277756956.00,197829794.06870063,484433
2025-07-20,0.00001343,0.00001460,0.00001331,0.00001402,23382053586789.00,326544327.77949670,784920
2025-07-21,0.00001402,0.00001454,0.00001364,0.00001409,24605186485824.00,347491390.25368188,828359
2025-07-22,0.00001409,0.00001475,0.00001347,0.00001416,27640261251106.00,385522785.29483749,1043767
2025-07-23,0.00001417,0.00001418,0.00001219,0.00001273,23551842076687.00,310945931.04174275,874337
2025-07-24,0.00001273,0.00001305,0.00001185,0.00001239,18164190440952.00,228412256.09441406,799095
2025-07-25,0.00001240,0.00001257,0.00001173,0.00001255,17245242450091.00,209073797.87466208,700242
2025-07-26,0.00001256,0.00001278,0.00001234,0.00001240,7763906451268.00,97706891.63207647,240712
2025-07-27,0.00001240,0.00001297,0.00001237,0.00001279,10168569314756.00,128866972.35052058,334139
2025-07-28,0.00001279,0.00001315,0.00001181,0.00001190,15070547283737.00,189405987.91522835,573082
2025-07-29,0.00001191,0.00001215,0.00001124,0.00001152,16268039630971.00,190417215.86881902,518258
2025-07-30,0.00001153,0.00001162,0.00001070,0.00001134,13946668076448.00,156946506.36216304,471793
2025-07-31,0.00001134,0.00001166,0.00001068,0.00001078,11462035979229.00,128889715.76859710,350510
2025-08-01,0.00001078,0.00001083,0.00001004,0.00001039,20037144697500.00,210848061.15302260,683952
2025-08-02,0.00001038,0.00001064,0.00000986,0.00001013,9475679801980.00,97159316.46633048,382982
2025-08-03,0.00001013,0.00001056,0.00000999,0.00001045,6579867916885.00,68374912.14194698,164370
2025-08-04,0.00001046,0.00001083,0.00001034,0.00001076,9501034904385.00,100618630.23920992,247668
2025-08-05,0.00001075,0.00001080,0.00000998,0.00001020,10694125752889.00,110397271.61107211,297525
2025-08-06,0.00001019,0.00001061,0.00000996,0.00001056,7772392941615.00,80182969.44228754,216919
2025-08-07,0.00001056,0.00001115,0.00001046,0.00001111,10619104914837.00,114465190.03488637,242544
2025-08-08,0.00001112,0.00001202,0.00001096,0.00001181,14386583658346.00,163772567.54277627,457154
2025-08-09,0.00001182,0.00001266,0.00001163,0.00001240,14580045585778.00,178774557.69429693,445332
2025-08-10,0.00001240,0.00001265,0.00001179,0.00001207,12210221645404.00,148324096.84817536,400832
2025-08-11,0.00001207,0.00001243,0.00001112,0.00001123,14263044159324.00,168675595.88207904,469038
2025-08-12,0.00001123,0.00001236,0.00001107,0.00001214,19347749395852.00,226459055.21386011,491578
2025-08-13,0.00001213,0.00001250,0.00001195,0.00001225,22017242815135.00,269091696.26052952,572531
2025-08-14,0.00001226,0.00001269,0.00001081,0.00001105,27209187831927.00,316639621.11710548,692719
2025-08-15,0.00001105,0.00001127,0.00001052,0.00001081,12505473245358.00,136956137.02003225,394799
2025-08-16,0.00001080,0.00001111,0.00001078,0.00001109,4968432738369.00,54311907.95607003,168484
2025-08-17,0.00001109,0.00001155,0.00001098,0.00001112,6459155253894.00,72578760.92568717,201302
2025-08-18,0.00001112,0.00001114,0.00001055,0.00001068,9392909577513.00,101195019.24781215,296268
2025-08-19,0.00001068,0.00001086,0.00001016,0.00001021,8801540657651.00,92310520.58918590,313372
2025-08-20,0.00001021,0.00001073,0.00001002,0.00001066,8375565096438.00,86967741.24597555,278779
2025-08-21,0.00001067,0.00001076,0.00001020,0.00001041,6546883792030.00,68363101.31375167,212406
2025-08-22,0.00001040,0.00001170,0.00000981,0.00001158,21274555515228.00,228823157.38396815,545405
2025-08-23,0.00001158,0.00001162,0.00001097,0.00001125,10456903861189.00,118263711.14665224,276382
2025-08-24,0.00001125,0.00001148,0.00001066,0.00001083,16688232739210.00,183378213.91143669,437690
2025-08-25,0.00001083,0.00001108,0.00000957,0.00000976,17000911933444.00,172945917.80134691,509442
2025-08-26,0.00000976,0.00001019,0.00000968,0.00001009,9622560362205.00,95603891.29766687,249311
2025-08-27,0.00001008,0.00001030,0.00000995,0.00001003,9184786779744.00,92951113.97337425,251129
2025-08-28,0.00001002,0.00001028,0.00000991,0.00001021,6161965907765.00,62413925.43889052,159138
2025-08-29,0.00001021,0.00001026,0.00000949,0.00000977,11604672799813.00,113916525.22490905,253517
2025-08-30,0.00000978,0.00001006,0.00000968,0.00000984,4415578105250.00,43643669.63160925,112373
2025-08-31,0.00000983,0.00001002,0.00000963,0.00000965,4888027045793.00,48212007.91350766,103313
2025-09-01,0.00000965,0.00000995,0.00000914,0.00000947,12306777571264.00,117076824.19426357,267577
2025-09-02,0.00000947,0.00000982,0.00000933,0.00000979,9537295135353.00,91631990.69022841,195809
2025-09-03,0.00000979,0.00001003,0.00000968,0.00000988,5305400354856.00,52192320.17681660,128217
2025-09-04,0.00000988,0.00000997,0.00000937,0.00000944,5538061150431.00,53092572.78053188,130759
2025-09-05,0.00000945,0.00000990,0.00000941,0.00000975,8449243346250.00,81774957.03648067,192631
2025-09-06,0.00000975,0.00000981,0.00000954,0.00000963,3592169746286.00,34695212.60043692,75782
2025-09-07,0.00000964,0.00000995,0.00000963,0.00000988,4529699087072.00,44469246.28048695,92024
2025-09-08,0.00000989,0.00001037,0.00000981,0.00001030,8578027382421.00,87101065.64649162,203140
2025-09-09,0.00001030,0.00001084,0.00001014,0.00001032,13278424094947.00,139388594.66716406,298391
2025-09-10,0.00001031,0.00001068,0.00001022,0.00001053,7767707241809.00,81337799.40890511,203430
2025-09-11,0.00001053,0.00001070,0.00001035,0.00001069,7108350712020.00,74873090.73124001,168318
2025-09-12,0.00001069,0.00001166,0.00001039,0.00001153,17172241414769.00,189384502.38696249,369537
2025-09-13,0.00001153,0.00001270,0.00001146,0.00001191,31242679869502.00,377852878.67806161,634148
2025-09-14,0.00001191,0.00001197,0.00001112,0.00001154,15178990228409.00,176108554.84872130,407090
2025-09-15,0.00001155,0.00001168,0.00001056,0.00001078,12405792920558.00,136219696.37339054,394728
2025-09-16,0.00001078,0.00001110,0.00001060,0.00001107,8201100494842.00,88927515.03027654,218150
2025-09-17,0.00001108,0.00001151,0.00001071,0.00001141,16671130155849.00,183528299.56585430,382382
2025-09-18,0.00001142,0.00001166,0.00001121,0.00001145,13024006348952.00,149079727.41077143,286130
2025-09-19,0.00001144,0.00001150,0.00001066,0.00001076,8763516985545.00,96409668.93665665,223574
2025-09-20,0.00001075,0.00001085,0.00001054,0.00001072,6248655012490.00,66937089.92655910,132784
2025-09-21,0.00001072,0.00001079,0.00001039,0.00001041,5451446907983.00,57628393.51210983,129424
2025-09-22,0.00001041,0.00001048,0.00000935,0.00000966,18737303161879.00,183591171.09985478,372172
2025-09-23,0.00000966,0.00000984,0.00000941,0.00000957,8327840207519.00,80405773.51740075,186599
2025-09-24,0.00000956,0.00000985,0.00000932,0.00000964,6312684816539.00,60694679.30595964,160508
2025-09-25,0.00000964,0.00000967,0.00000886,0.00000907,14302676089628.00,132449363.17833580,334056
2025-09-26,0.00000907,0.00000947,0.00000903,0.00000937,9406093662147.00,86875554.55725465,197261
2025-09-27,0.00000937,0.00000944,0.00000920,0.00000923,3388308331976.00,31522391.40815796,79749
2025-09-28,0.00000924,0.00000947,0.00000903,0.00000943,3785629544008.00,34893564.27910850,103995
2025-09-29,0.00000943,0.00000951,0.00000909,0.00000939,5708082913201.00,53234511.96792951,154710
2025-09-30,0.00000939,0.00000943,0.00000897,0.00000931,7044300680399.00,64789125.59370718,171570
2025-10-01,0.00000932,0.00000980,0.00000923,0.00000977,8642799167633.00,82766869.83343623,173917
2025-10-02,0.00000978,0.00001034,0.00000975,0.00001021,10754289894367.00,107851560.02670224,241473
2025-10-03,0.00001021,0.00001040,0.00000985,0.00001011,10150394691103.00,102352142.59483331,272120
2025-10-04,0.00001011,0.00001023,0.00000955,0.00000976,7740463922631.00,76731288.22640568,209703
2025-10-05,0.00000976,0.00001019,0.00000968,0.00000980,8623185263951.00,85918576.34692842,237316
2025-10-06,0.00000980,0.00001037,0.00000967,0.00001020,10258403147006.00,103622220.53762205,284052
2025-10-07,0.00001020,0.00001026,0.00000943,0.00000946,10598541880650.00,104048211.67334259,313690
2025-10-08,0.00000947,0.00000975,0.00000923,0.00000956,8510480914185.00,80285508.85239383,247028
2025-10-09,0.00000957,0.00000958,0.00000900,0.00000925,6784208864962.00,62451560.98653846,197769
2025-10-10,0.00000926,0.00000939,0.00000279,0.00000671,43841583461154.00,317348502.09097780,1039352
2025-10-11,0.00000670,0.00000738,0.00000649,0.00000672,22903012863648.00,158414641.41272818,572583
2025-10-12,0.00000673,0.00000773,0.00000653,0.00000749,19071216942816.00,135242056.04005989,399760
2025-10-13,0.00000749,0.00000798,0.00000729,0.00000784,18286251470602.00,139923594.97728526,392287
2025-10-14,0.00000784,0.00000791,0.00000706,0.00000752,21731793832344.00,160149569.86666167,441406
2025-10-15,0.00000752,0.00000766,0.00000703,0.00000718,10587422254072.00,77883124.17393295,258632
2025-10-16,0.00000719,0.00000732,0.00000674,0.00000688,11989299142832.00,84671583.53394406,267346
2025-10-17,0.00000687,0.00000696,0.00000629,0.00000665,14537077353875.00,95749558.98480078,286816
2025-10-18,0.00000665,0.00000685,0.00000663,0.00000675,4918996324687.00,33171351.86273719,89473
2025-10-19,0.00000674,0.00000714,0.00000665,0.00000699,7972367491805.00,55225560.66455382,135463
2025-10-20,0.00000700,0.00000732,0.00000684,0.00000715,8490971214207.00,60684124.70253889,172429
2025-10-21,0.00000715,0.00000738,0.00000683,0.00000692,12063492705565.00,85089792.43698497,237844
2025-10-22,0.00000691,0.00000697,0.00000644,0.00000671,10201874707237.00,69110386.95465801,211665
2025-10-23,0.00000672,0.00000703,0.00000670,0.00000695,7318195535780.00,50241085.69650911,112960
2025-10-24,0.00000694,0.00000725,0.00000692,0.00000718,7994824627718.00,56708860.55203204,134933
2025-10-25,0.00000717,0.00000722,0.00000708,0.00000715,3633806949267.00,25999238.68162984,68373
2025-10-26,0.00000716,0.00000747,0.00000702,0.00000732,7292118773198.00,53053317.21624594,119181
2025-10-27,0.00000733,0.00000743,0.00000706,0.00000713,7306398663323.00,53014413.30673386,140466
2025-10-28,0.00000713,0.00000733,0.00000683,0.00000699,6709797716554.00,47578969.82521475,174664
2025-10-29,0.00000699,0.00000724,0.00000679,0.00000703,10969918042107.00,77111050.35499374,212010
2025-10-30,0.00000703,0.00000710,0.00000626,0.00000644,11824779362292.00,78394283.61608806,241398
2025-10-31,0.00000645,0.00000666,0.00000642,0.00000657,5555371422126.00,36374982.12384770,116381
2025-11-01,0.00000656,0.00000674,0.00000651,0.00000669,3385202426448.00,22468229.95792014,78442
2025-11-02,0.00000669,0.00000676,0.00000650,0.00000670,3419758559162.00,22731763.56665016,79199
2025-11-03,0.00000671,0.00000671,0.00000550,0.00000572,18634016921426.00,110709396.15669738,268013
2025-11-04,0.00000572,0.00000586,0.00000521,0.00000560,20901716446591.00,116437744.71757753,348137
2025-11-05,0.00000560,0.00000582,0.00000530,0.00000576,8562552975862.00,48329139.89290566,162578
2025-11-06,0.00000576,0.00000578,0.00000527,0.00000554,9468611046030.00,52401135.11380176,148244
2025-11-07,0.00000554,0.00000637,0.00000551,0.00000620,14844545285607.00,87393517.68257910,228101
2025-11-08,0.00000619,0.00000630,0.00000594,0.00000609,8075024831364.00,49487258.46402000,142199
2025-11-09,0.00000609,0.00000618,0.00000583,0.00000606,6957360291286.00,41910403.68220449,114007
2025-11-10,0.00000606,0.00000632,0.00000601,0.00000621,8300786281422.00,51101830.71427281,153754
2025-11-11,0.00000622,0.00000635,0.00000582,0.00000583,6955332520072.00,42141952.39254708,146816
2025-11-12,0.00000584,0.00000610,0.00000565,0.00000572,5535370653088.00,32428280.52873043,129184
2025-11-13,0.00000572,0.00000599,0.00000528,0.00000542,8950535719423.00,50506972.19629499,166347
2025-11-14,0.00000543,0.00000546,0.00000478,0.00000490,13744512389927.00,71130983.56543723,216656
2025-11-15,0.00000490,0.00000515,0.00000489,0.00000499,5558922538996.00,27973749.46431379,74358
2025-11-16,0.00000498,0.00000505,0.00000468,0.00000487,8127351421781.00,39509522.83050494,125220
2025-11-17,0.00000487,0.00000506,0.00000462,0.00000471,9415923236561.00,45578422.11167769,154062
2025-11-18,0.00000472,0.00000495,0.00000461,0.00000487,7855443033621.00,37781502.67369498,122781
2025-11-19,0.00000487,0.00000490,0.00000445,0.00000476,9496965329019.00,44536958.41623922,124308
2025-11-20,0.00000476,0.00000497,0.00000444,0.00000446,13748854846719.00,64748668.37582377,177488
2025-11-21,0.00000446,0.00000456,0.00000395,0.00000413,24090480094544.00,101743883.68200734,283357
2025-11-22,0.00000413,0.00000420,0.00000397,0.00000412,9470979655450.00,38541419.57198999,113113
2025-11-23,0.00000412,0.00000425,0.00000409,0.00000417,7685104585657.00,32101877.75573945,76968
2025-11-24,0.00000416,0.00000466,0.00000410,0.00000456,10926158387365.00,47629048.60936989,144168
2025-11-25,0.00000456,0.00000465,0.00000434,0.00000457,7379255466655.00,33105128.39649924,109534
2025-11-26,0.00000457,0.00000476,0.00000443,0.00000470,7923361292684.00,36421164.54932433,107160
2025-11-27,0.00000469,0.00000485,0.00000462,0.00000472,5445202424769.00,25577088.39979202,73181
2025-11-28,0.00000472,0.00000490,0.00000458,0.00000464,7388015529115.00,34709182.54856118,101552
2025-11-29,0.00000463,0.00000466,0.00000451,0.00000457,4582825297439.00,20988054.56243881,57762
2025-11-30,0.00000457,0.00000471,0.00000452,0.00000454,4644567897154.00,21400385.94306043,72539
2025-12-01,0.00000454,0.00000456,0.00000395,0.00000405,13000664206605.00,54172019.71086357,144631
2025-12-02,0.00000405,0.00000464,0.00000399,0.00000456,11142060659039.00,47836695.31774656,135250
2025-12-03,0.00000457,0.00000487,0.00000454,0.00000481,11990900711482.00,56542993.40237726,142860
2025-12-04,0.00000481,0.00000494,0.00000469,0.00000477,9413182540476.00,45379567.35843396,111142
2025-12-05,0.00000476,0.00000483,0.00000431,0.00000439,8168163356997.00,37158440.76702884,106558
2025-12-06,0.00000439,0.00000457,0.00000433,0.00000452,4557869397260.00,20218078.75090021,58121
2025-12-07,0.00000451,0.00000461,0.00000430,0.00000442,8027259283509.00,35842015.80700088,101741
2025-12-08,0.00000442,0.00000504,0.00000440,0.00000475,12600167244475.00,60249989.65986571,176907
2025-12-09,0.00000476,0.00000507,0.00000455,0.00000494,11775026332738.00,56585554.22309653,178242
2025-12-10,0.00000494,0.00000497,0.00000462,0.00000465,12732745686769.00,60947140.51956207,182057
2025-12-11,0.00000465,0.00000470,0.00000437,0.00000460,9279261814339.00,41680359.35084030,123644
2025-12-12,0.00000460,0.00000465,0.00000421,0.00000433,8677108073318.00,38123347.89282254,107889
2025-12-13,0.00000433,0.00000444,0.00000432,0.00000438,3765281239588.00,16516892.18420738,44114
2025-12-14,0.00000438,0.00000441,0.00000410,0.00000417,6010856881879.00,25589758.58250854,65912
2025-12-15,0.00000417,0.00000438,0.00000393,0.00000407,10101607548651.00,41846278.69199170,117137
2025-12-16,0.00000407,0.00000416,0.00000394,0.00000410,9275195152207.00,37620278.64112124,89374
2025-12-17,0.00000410,0.00000426,0.00000384,0.00000391,9191469882428.00,37017289.13306149,115108
2025-12-18,0.00000390,0.00000401,0.00000363,0.00000372,13647210256590.00,52330863.95664250,119642
2025-12-19,0.00000371,0.00000418,0.00000366,0.00000411,12442390453984.00,49137922.11868851,117733
2025-12-20,0.00000411,0.00000415,0.00000404,0.00000408,3957861180250.00,16181700.63546639,44007
2025-12-21,0.00000407,0.00000412,0.00000394,0.00000402,5228467567495.00,21093584.07462979,59964
2025-12-22,0.00000403,0.00000415,0.00000391,0.00000402,7295491376213.00,29328648.78877567,92079
2025-12-23,0.00000402,0.00000406,0.00000386,0.00000394,4244046221205.00,16810007.77057688,65983
2025-12-24,0.00000393,0.00000401,0.00000384,0.00000398,3615828373399.00,14157110.80119547,53616
2025-12-25,0.00000397,0.00000406,0.00000387,0.00000390,3192201238679.00,12728260.52693414,55260
2025-12-26,0.00000390,0.00000410,0.00000387,0.00000403,3676407984327.00,14733394.99743814,72413
2025-12-27,0.00000404,0.00000422,0.00000401,0.00000419,3090608509326.00,12662285.28135104,52775
2025-12-28,0.00000420,0.00000427,0.00000412,0.00000417,3259552347370.00,13624696.98182085,51410
2025-12-29,0.00000418,0.00000433,0.00000405,0.00000408,4763289884004.00,19831542.08890188,82746
2025-12-30,0.00000407,0.00000422,0.00000399,0.00000414,3917322385504.00,16126974.33438759,62882
2025-12-31,0.00000414,0.00000417,0.00000398,0.00000403,3087179342088.00,12582337.09226090,51188
2026-01-01,0.00000404,0.00000498,0.00000403,0.00000492,13670199503143.00,62255109.01935289,180541
2026-01-02,0.00000493,0.00000616,0.00000481,0.00000601,45131928010899.00,247909593.36073018,635812
2026-01-03,0.00000600,0.00000630,0.00000574,0.00000610,24212745558353.00,146918010.45294749,368753
2026-01-04,0.00000610,0.00000726,0.00000609,0.00000718,32100871309470.00,216967478.52870820,660122
2026-01-05,0.00000717,0.00000726,0.00000658,0.00000700,23489967596872.00,161839501.14908686,401937
2026-01-06,0.00000701,0.00000711,0.00000635,0.00000671,19082674353934.00,128612788.67021005,332759
2026-01-07,0.00000671,0.00000710,0.00000646,0.00000656,17888311008919.00,120032678.98573798,314806
2026-01-08,0.00000657,0.00000670,0.00000599,0.00000608,15628167002941.00,97755958.02357796,277877
2026-01-09,0.00000608,0.00000643,0.00000594,0.00000612,13453951881487.00,82610910.71597325,229648
2026-01-10,0.00000611,0.00000612,0.00000587,0.00000594,5462170707122.00,32645513.73539381,81663
2026-01-11,0.00000595,0.00000606,0.00000569,0.00000580,6743097040537.00,39853756.30686503,92183
2026-01-12,0.00000580,0.00000605,0.00000571,0.00000574,10693504392849.00,62658260.69533913,160166
2026-01-13,0.00000574,0.00000662,0.00000570,0.00000657,16346249555460.00,100083573.29156481,227877
2026-01-14,0.00000657,0.00000689,0.00000616,0.00000624,22693996052387.00,148762511.70964215,291442
2026-01-15,0.00000624,0.00000627,0.00000586,0.00000591,12243657001654.00,73694870.74362170,159433
2026-01-16,0.00000591,0.00000601,0.00000573,0.00000593,8041778204580.00,47272660.54623789,114251
2026-01-17,0.00000593,0.00000597,0.00000575,0.00000579,3790959339961.00,22224874.61777105,65329
2026-01-18,0.00000580,0.00000584,0.00000545,0.00000547,6721557100796.00,38243378.42066610,97931
2026-01-19,0.00000546,0.00000546,0.00000487,0.00000528,13008200221364.00,67709252.33123386,154069
2026-01-20,0.00000527,0.00000529,0.00000497,0.00000499,9088814952822.00,46516241.11392119,134566
2026-01-21,0.00000498,0.00000535,0.00000483,0.00000515,12790092126164.00,64574558.52343750,201246
2026-01-22,0.00000515,0.00000525,0.00000485,0.00000495,7338221766441.00,36930375.64272293,100938
2026-01-23,0.00000496,0.00000531,0.00000486,0.00000503,7808994594744.00,39636335.09055333,116506
2026-01-24,0.00000502,0.00000513,0.00000493,0.00000501,3045031273889.00,15304277.37967982,42764
2026-01-25,0.00000501,0.00000505,0.00000461,0.00000471,8603501250317.00,41694204.98127219,110962
2026-01-26,0.00000471,0.00000504,0.00000470,0.00000501,6087669366945.00,29912678.91891546,108164
2026-01-27,0.00000500,0.00000526,0.00000483,0.00000503,7486069944089.00,37745649.38998232,121274
2026-01-28,0.00000502,0.00000511,0.00000491,0.00000498,5074263997856.00,25428434.29957470,114824
2026-01-29,0.00000498,0.00000500,0.00000460,0.00000473,8331322121853.00,39603483.33160469,129535
2026-01-30,0.00000473,0.00000478,0.00000450,0.00000464,11815918100081.00,54658794.10455780,168397
2026-01-31,0.00000463,0.00000464,0.00000383,0.00000415,16569956152851.00,69266682.63156320,197446
2026-02-01,0.00000414,0.00000433,0.00000407,0.00000415,9965643703020.00,41929856.66062644,150433
2026-02-02,0.00000416,0.00000438,0.00000397,0.00000424,11418059555190.00,47822920.18563348,175683
2026-02-03,0.00000424,0.00000442,0.00000400,0.00000412,12453335998039.00,52483105.12497081,171688
2026-02-04,0.00000412,0.00000432,0.00000400,0.00000420,12986768507323.00,54153508.67929628,192538
2026-02-05,0.00000421,0.00000422,0.00000340,0.00000343,25092001624518.00,95003686.69038170,325538
2026-02-06,0.00000342,0.00000400,0.00000310,0.00000392,24775724201974.00,88954980.69904738,261213
2026-02-07,0.00000391,0.00000395,0.00000373,0.00000387,14638607508805.00,56411026.46329730,153251
2026-02-08,0.00000386,0.00000392,0.00000371,0.00000378,6654056603308.00,25393711.91347216,84970
2026-02-09,0.00000378,0.00000386,0.00000362,0.00000381,8035589831795.00,30202606.75754651,102330
2026-02-10,0.00000382,0.00000385,0.00000359,0.00000364,6548527304729.00,24120489.19104258,89318
2026-02-11,0.00000364,0.00000374,0.00000346,0.00000357,8402850872145.00,30082412.49918758,114840
2026-02-12,0.00000357,0.00000377,0.00000356,0.00000371,7345946402814.00,27022356.97937936,116216
2026-02-13,0.00000372,0.00000385,0.00000363,0.00000378,6793974903120.00,25410834.36997879,86597
2026-02-14,0.00000378,0.00000501,0.00000376,0.00000483,22456280919579.00,98653330.37626602,314728
2026-02-15,0.00000483,0.00000509,0.00000434,0.00000442,22997497623626.00,108350944.17022765,407349
2026-02-16,0.00000441,0.00000458,0.00000436,0.00000447,13889542085152.00,62031038.55356829,203954
2026-02-17,0.00000448,0.00000452,0.00000429,0.00000439,8518130904310.00,37596152.86690005,119813
2026-02-18,0.00000440,0.00000444,0.00000418,0.00000424,8107009380364.00,35078250.91545555,102693
2026-02-19,0.00000423,0.00000428,0.00000412,0.00000423,5403078480082.00,22720938.92092201,81833
2026-02-20,0.00000423,0.00000439,0.00000406,0.00000426,9894351728476.00,41824617.42332099,118282
2026-02-21,0.00000425,0.00000442,0.00000412,0.00000416,6774578798557.00,28823608.90935827,93240
2026-02-22,0.00000416,0.00000416,0.00000398,0.00000406,5152879156266.00,21007176.72053470,56500
2026-02-23,0.00000406,0.00000422,0.00000385,0.00000397,11101919686806.00,44538226.28976963,113545
2026-02-24,0.00000397,0.00000402,0.00000384,0.00000395,8072693241695.00,31714325.02257685,82246
2026-02-25,0.00000395,0.00000445,0.00000389,0.00000414,18385925591522.00,76495441.53651647,186506
2026-02-26,0.00000413,0.00000418,0.00000377,0.00000383,16703271915050.00,65951092.27483115,127929
2026-02-27,0.00000383,0.00000392,0.00000359,0.00000369,10934439571310.00,41131629.42736286,98605
2026-02-28,0.00000369,0.00000370,0.00000342,0.00000365,12097759069508.00,42914897.65202998,111964
2026-03-01,0.00000366,0.00000379,0.00000336,0.00000345,12600287873840.00,44807493.35711165,113226
2026-03-02,0.00000345,0.00000370,0.00000337,0.00000352,12833462445096.00,45412468.83915639,125066
2026-03-03,0.00000352,0.00000355,0.00000334,0.00000345,11711250781677.00,40392308.16792030,104484
2026-03-04,0.00000346,0.00000379,0.00000339,0.00000365,16943012229144.00,61299872.36631217,161000
2026-03-05,0.00000365,0.00000366,0.00000341,0.00000347,11378096242917.00,40240286.95465366,112049
2026-03-06,0.00000348,0.00000353,0.00000330,0.00000339,9956624736417.00,33985309.19096076,98450
2026-03-07,0.00000339,0.00000343,0.00000320,0.00000324,5664666144563.00,18681722.94490865,64156
2026-03-08,0.00000325,0.00000330,0.00000312,0.00000319,7092833585818.00,22733094.95170359,74946
2026-03-09,0.00000319,0.00000339,0.00000318,0.00000327,8778581529755.00,28813751.51398990,97025
2026-03-10,0.00000326,0.00000353,0.00000326,0.00000329,12604780185868.00,42535003.22340201,141788
2026-03-11,0.00000329,0.00000340,0.00000324,0.00000333,7580706640504.00,25182420.20374193,88711
2026-03-12,0.00000333,0.00000340,0.00000325,0.00000336,9679466721742.00,32101264.80021093,94662
2026-03-13,0.00000335,0.00000368,0.00000334,0.00000338,18086276422988.00,63204429.77643846,159971
2026-03-14,0.00000337,0.00000344,0.00000330,0.00000336,6288977595131.00,21109138.48569604,57645
2026-03-15,0.00000336,0.00000347,0.00000331,0.00000345,7288656892609.00,24618298.16617959,65905
2026-03-16,0.00000346,0.00000414,0.00000345,0.00000401,31383726169536.00,122328782.11578426,413075
2026-03-17,0.00000400,0.00000403,0.00000362,0.00000366,17744208683019.00,67208200.55685777,194407
2026-03-18,0.00000366,0.00000380,0.00000343,0.00000352,14285201490706.00,51154265.29514914,131010
2026-03-19,0.00000353,0.00000357,0.00000333,0.00000342,9431080779551.00,32290083.25360338,78284
2026-03-20,0.00000342,0.00000349,0.00000336,0.00000341,6407215135838.00,21968194.90554448,55843
2026-03-21,0.00000341,0.00000346,0.00000328,0.00000332,5192034562914.00,17655847.85032619,41482
2026-03-22,0.00000332,0.00000338,0.00000322,0.00000328,7810599616239.00,25782119.76613353,70268
2026-03-23,0.00000327,0.00000358,0.00000324,0.00000346,13409329410482.00,45890124.43953577,119873
2026-03-24,0.00000345,0.00000354,0.00000337,0.00000353,8024759796747.00,27580501.11911500,68591
2026-03-25,0.00000353,0.00000362,0.00000349,0.00000355,9193095841507.00,32659338.17251920,77245
2026-03-26,0.00000355,0.00000355,0.00000336,0.00000341,6604847376176.00,22648297.45266417,54265
2026-03-27,0.00000341,0.00000344,0.00000325,0.00000328,7948251811288.00,26305756.76787548,63704
2026-03-28,0.00000328,0.00000341,0.00000325,0.00000329,5339336381045.00,17732470.05096608,40687
2026-03-29,0.00000328,0.00000333,0.00000317,0.00000328,5542602405865.00,18117272.82750035,49791
2026-03-30,0.00000327,0.00000342,0.00000327,0.00000332,6929428469898.00,23233705.40339156,64565
2026-03-31,0.00000332,0.00000344,0.00000327,0.00000341,8021589999565.00,26971761.79908163,72586
2026-04-01,0.00000341,0.00000353,0.00000336,0.00000340,8014163869351.00,27588455.22897657,83567
2026-04-02,0.00000341,0.00000345,0.00000326,0.00000334,7755951660845.00,25780885.63137434,82446
2026-04-03,0.00000334,0.00000352,0.00000331,0.00000342,8175261505689.00,28135749.16772298,77305
2026-04-04,0.00000342,0.00000346,0.00000334,0.00000340,4430133310842.00,15008887.09091292,43078
2026-04-05,0.00000340,0.00000350,0.00000329,0.00000349,6344787571217.00,21275808.32539204,57824
2026-04-06,0.00000349,0.00000364,0.00000330,0.00000332,13906013446583.00,48653469.06530096,137304
2026-04-07,0.00000332,0.00000378,0.00000331,0.00000371,14467987596651.00,50742607.09606049,135360
2026-04-08,0.00000371,0.00000378,0.00000352,0.00000354,11674222024675.00,42541059.33517200,109310
2026-04-09,0.00000355,0.00000368,0.00000343,0.00000351,9601764526757.00,33781862.78592977,101130
2026-04-10,0.00000352,0.00000370,0.00000346,0.00000363,9358669276094.00,33411438.92415258,99353
2026-04-11,0.00000362,0.00000385,0.00000353,0.00000364,8472752593541.00,30994952.75314847,94256
2026-04-12,0.00000363,0.00000366,0.00000344,0.00000347,8098238752807.00,28409875.96137385,77746
2026-04-13,0.00000347,0.00000377,0.00000345,0.00000375,10403854098080.00,37258477.10984945,108819
2026-04-14,0.00000375,0.00000380,0.00000355,0.00000356,14298700205158.00,52720446.99653371,152199
2026-04-15,0.00000357,0.00000380,0.00000352,0.00000372,11215304547471.00,41008872.20141962,111500
2026-04-16,0.00000373,0.00000406,0.00000369,0.00000398,28973575704857.00,112666280.48515262,288672
2026-04-17,0.00000398,0.00000412,0.00000382,0.00000395,20493702230797.00,81827303.27774257,195717
2026-04-18,0.00000396,0.00000399,0.00000375,0.00000377,10503014646818.00,40567480.65404441,86685
2026-04-19,0.00000378,0.00000385,0.00000362,0.00000365,10437635540822.00,39061053.44267257,101659
2026-04-20,0.00000366,0.00000385,0.00000364,0.00000376,8307810221879.00,31212103.41131198,87150
2026-04-21,0.00000376,0.00000384,0.00000370,0.00000381,8935721140876.00,33713802.38791593,77124
2026-04-22,0.00000382,0.00000399,0.00000378,0.00000379,11484877720452.00,44736702.43741238,100779
2026-04-23,0.00000380,0.00000385,0.00000370,0.00000382,9685101326279.00,36598440.32542739,90633
2026-04-24,0.00000383,0.00000393,0.00000379,0.00000387,8037668998119.00,30981171.97213280,76942
2026-04-25,0.00000387,0.00000390,0.00000378,0.00000385,4775395887657.00,18378199.45686475,45562
2026-04-26,0.00000385,0.00000395,0.00000381,0.00000390,7084807837111.00,27578748.84551897,58512
2026-04-27,0.00000390,0.00000403,0.00000376,0.00000391,11227756759468.00,43425929.83681408,104056
2026-04-28,0.00000391,0.00000391,0.00000381,0.00000388,7203120818601.00,27836627.44106593,69958
2026-04-29,0.00000387,0.00000417,0.00000374,0.00000385,19411017139623.00,76597469.01331129,165513
2026-04-30,0.00000386,0.00000395,0.00000380,0.00000388,9407855798492.00,36549995.96564488,94016
2026-05-01,0.00000388,0.00000403,0.00000387,0.00000394,8314878812841.00,32909341.55711303,74210
2026-05-02,0.00000394,0.00000401,0.00000389,0.00000399,4588662636718.00,18158413.00789546,44470
2026-05-03,0.00000399,0.00000400,0.00000391,0.00000394,5265246843298.00,20813044.44626395,48806
2026-05-04,0.00000394,0.00000413,0.00000390,0.00000399,14337601184316.00,57640835.20857236,122748
2026-05-05,0.00000399,0.00000423,0.00000398,0.00000411,13956747293300.00,57256234.61908988,104291
2026-05-06,0.00000411,0.00000428,0.00000408,0.00000416,13381342828840.00,56098301.19805571,113106
2026-05-07,0.00000416,0.00000428,0.00000407,0.00000415,10473727582698.00,43644842.66256952,111553
2026-05-08,0.00000416,0.00000437,0.00000408,0.00000432,10918809391786.00,46134775.04000942,101770
2026-05-09,0.00000432,0.00000437,0.00000423,0.00000425,5604563071912.00,24101836.80043731,50670
2026-05-10,0.00000425,0.00000459,0.00000419,0.00000441,14232005739932.00,62259132.05785482,128249
2026-05-11,0.00000442,0.00000443,0.00000426,0.00000435,10494980121428.00,45463857.29085995,98639
2026-05-12,0.00000435,0.00000436,0.00000406,0.00000414,9024610084538.00,37843555.17613903,89825
2026-05-13,0.00000415,0.00000427,0.00000398,0.00000405,7054938310248.00,29094036.05611537,79419
2026-05-14,0.00000406,0.00000422,0.00000399,0.00000410,8846472425251.00,36245641.08973352,88327
2026-05-15,0.00000410,0.00000413,0.00000382,0.00000391,9074084426136.00,36070266.77950516,96059
2026-05-16,0.00000390,0.00000392,0.00000369,0.00000376,5050561128057.00,19109699.38319737,63773
2026-05-17,0.00000377,0.00000381,0.00000354,0.00000368,6403751788790.00,23742687.22346669,67970
2026-05-18,0.00000367,0.00000372,0.00000359,0.00000370,6689946270507.00,24423237.38957735,74296
2026-05-19,0.00000370,0.00000374,0.00000362,0.00000365,3381230279675.00,12407633.01859583,44648
2026-05-20,0.00000365,0.00000376,0.00000362,0.00000372,3639880031400.00,13450752.19000325,44951
2026-05-21,0.00000372,0.00000384,0.00000370,0.00000381,4792649298105.00,18068537.59884879,63671
2026-05-22,0.00000381,0.00000383,0.00000357,0.00000361,5007720854479.00,18716467.75805842,66808
2026-05-23,0.00000360,0.00000376,0.00000344,0.00000365,7346128337186.00,26244407.57427888,78915
2026-05-24,0.00000365,0.00000366,0.00000351,0.00000358,3448488884382.00,12392423.95210837,44609
2026-05-25,0.00000358,0.00000366,0.00000354,0.00000360,3161566123042.00,11403621.35653403,35576
2026-05-26,0.00000360,0.00000365,0.00000349,0.00000352,5668537011280.00,20173195.64297111,56609
2026-05-27,0.00000352,0.00000360,0.00000341,0.00000348,6574059165535.00,23103874.16217485,59635
2026-05-28,0.00000348,0.00000349,0.00000328,0.00000339,6426984446405.00,21656792.18123242,70608
2026-05-29,0.00000339,0.00000346,0.00000331,0.00000339,4361423044048.00,14788459.47730902,53687
2026-05-30,0.00000339,0.00000346,0.00000337,0.00000341,2635030819392.00,9020708.25625428,30259
2026-05-31,0.00000341,0.00000348,0.00000334,0.00000343,4052741829625.00,13815237.72127933,41815
2026-06-01,0.00000343,0.00000345,0.00000331,0.00000342,6048977321844.00,20442950.27545995,68234
2026-06-02,0.00000342,0.00000342,0.00000304,0.00000312,9020249900648.00,29177171.25849376,108550
2026-06-03,0.00000312,0.00000325,0.00000304,0.00000312,7235478520673.00,22870242.07720025,84395
2026-06-04,0.00000313,0.00000315,0.00000285,0.00000296,11453051700299.00,34239318.14639354,120858
2026-06-05,0.00000295,0.00000297,0.00000260,0.00000270,15358229319400.00,42453557.23873334,158754
2026-06-06,0.00000270,0.00000275,0.00000251,0.00000269,10960661711875.00,29029340.95095806,85876
2026-06-07,0.00000268,0.00000289,0.00000267,0.00000281,9470368561633.00,26135395.95956650,63994
2026-06-08,0.00000282,0.00000287,0.00000274,0.00000281,6648628355502.00,18712004.60631644,49126
2026-06-09,0.00000281,0.00000285,0.00000269,0.00000277,7163838164478.00,19893251.77937653,50065
2026-06-10,0.00000277,0.00000281,0.00000264,0.00000270,7553304159488.00,20590125.13616929,58916
2026-06-11,0.00000270,0.00000284,0.00000269,0.00000279,7240001822540.00,20069288.22446729,52125
2026-06-12,0.00000279,0.00000288,0.00000275,0.00000281,9826399019729.00,27690681.26922861,56916
2026-06-13,0.00000281,0.00000289,0.00000278,0.00000286,6831521163061.00,19411726.30802725,39608
2026-06-14,0.00000285,0.00000293,0.00000276,0.00000292,6284458256798.00,17813182.97470530,41959
2026-06-15,0.00000292,0.00000314,0.00000287,0.00000294,7645075145743.00,22808566.49142585,68618
2026-06-16,0.00000294,0.00000302,0.00000289,0.00000295,5455389103149.00,16105887.49278313,48930
2026-06-17,0.00000295,0.00000304,0.00000288,0.00000295,6459679126945.00,19093524.67260532,64838
2026-06-18,0.00000295,0.00000297,0.00000277,0.00000284,4924666637084.00,14096334.40204279,50391
2026-06-19,0.00000285,0.00000287,0.00000277,0.00000282,2858531537062.00,8038678.19730440,31821
2026-06-20,0.00000283,0.00000287,0.00000279,0.00000283,2878445013814.00,8153518.66034725,27785
2026-06-21,0.00000284,0.00000286,0.00000278,0.00000278,2721134710134.00,7680417.91962850,26213
2026-06-22,0.00000279,0.00000292,0.00000279,0.00000281,4772219771231.00,13578201.34720832,38912
2026-06-23,0.00000281,0.00000283,0.00000266,0.00000270,5011379050415.00,13666191.69847500,43287
2026-06-24,0.00000269,0.00000272,0.00000242,0.00000253,8843837345372.00,22564031.54369179,69136
2026-06-25,0.00000254,0.00000257,0.00000230,0.00000236,10397882773300.00,24872533.49346617,66943
2026-06-26,0.00000236,0.00000242,0.00000227,0.00000239,7532947035137.00,17688171.52775690,51689
2026-06-27,0.00000239,0.00000246,0.00000235,0.00000238,3845421594341.00,9273051.97518771,26569
2026-06-28,0.00000238,0.00000242,0.00000231,0.00000236,4014761130826.00,9537850.08839051,31152
2026-06-29,0.00000235,0.00000242,0.00000231,0.00000236,6287628338395.00,14831167.31063659,43858
2026-06-30,0.00000235,0.00000237,0.00000229,0.00000233,5019364201394.00,11705050.36875753,35198
2026-07-01,0.00000232,0.00000240,0.00000223,0.00000233,7874974351880.00,18178278.63759936,48727
2026-07-02,0.00000233,0.00000250,0.00000230,0.00000245,7322897521664.00,17652300.42499838,44579
2026-07-03,0.00000245,0.00000284,0.00000243,0.00000278,8267088832625.00,21568323.32143853,65307
2026-07-04,0.00000277,0.00000287,0.00000267,0.00000273,9390301798436.00,25889004.77600358,71464
2026-07-05,0.00000274,0.00000281,0.00000263,0.00000275,4881566864619.00,13223164.87046706,34708
2026-07-06,0.00000275,0.00000280,0.00000261,0.00000273,7836373922238.00,21190227.96982887,55394
2026-07-07,0.00000273,0.00000276,0.00000264,0.00000266,6240235642807.00,16815026.98601890,46300
2026-07-08,0.00000267,0.00000269,0.00000255,0.00000261,5426803541451.00,14087949.31470226,48204
2026-07-09,0.00000260,0.00000265,0.00000256,0.00000261,3542594239642.00,9247652.99430956,28594
2026-07-10,0.00000261,0.00000288,0.00000259,0.00000279,9108118073765.00,25004591.67722892,70428
2026-07-11,0.00000279,0.00000284,0.00000270,0.00000271,3942663365243.00,10973609.16002654,36471
2026-07-12,0.00000271,0.00000283,0.00000267,0.00000277,3763575093705.00,10345391.25032880,34910
2026-07-13,0.00000277,0.00000282,0.00000264,0.00000273,5692874951437.00,15574110.48239292,43794
2026-07-14,0.00000273,0.00000291,0.00000270,0.00000281,6304593067763.00,17679702.46114970,51688
2026-07-15,0.00000281,0.00000295,0.00000275,0.00000279,8675743485540.00,24590474.09210393,65920
2026-07-16,0.00000279,0.00000281,0.00000269,0.00000272,5108542719173.00,14004766.50001173,37118
2026-07-17,0.00000273,0.00000278,0.00000266,0.00000274,5891726295710.00,16051899.40655917,47003
2026-07-18,0.00000275,0.00000278,0.00000270,0.00000275,2919804863289.00,8011367.20906047,32347
2026-07-19,0.00000275,0.00000288,0.00000274,0.00000284,6055481723953.00,17105406.16220113,51601
2026-07-20,0.00000284,0.00000295,0.00000279,0.00000292,10589643248308.00,30514005.79525801,72613
2026-07-21,0.00000292,0.00000298,0.00000285,0.00000288,5601907807934.00,16353286.86699084,45829
2026-07-22,0.00000287,0.00000293,0.00000282,0.00000289,4721729818224.00,13519610.41178079,41180
2026-07-23,0.00000289,0.00000291,0.00000276,0.00000279,3743249725251.00,10549006.41704390,36077
2026-07-24,0.00000279,0.00000282,0.00000268,0.00000272,3573862861842.00,9836257.80210787,34901
2026-07-25,0.00000271,0.00000282,0.00000265,0.00000274,3926364298836.00,10774594.86415244,37577
2026-07-26,0.00000275,0.00000305,0.00000273,0.00000298,12315888177908.00,36217022.19674040,107382
2026-07-27,0.00000298,0.00000310,0.00000281,0.00000283,8882382805344.00,26284646.89040048,95199
2026-07-28,0.00000283,0.00000285,0.00000276,0.00000280,5082064788545.00,14254304.89099232,55433
2026-07-29,0.00000281,0.00000283,0.00000266,0.00000272,5506507038541.00,15099208.76059557,52360
2026-07-30,0.00000273,0.00000280,0.00000270,0.00000276,3962381267422.00,10946067.23139184,30088
2026-07-31,0.00000277,0.00000283,0.00000271,0.00000275,4323022963545.00,11900681.46264224,37127
2026-08-01,0.00000276,0.00000282,0.00000272,0.00000277,3551622901347.00,9850887.48387523,32456
2026-08-02,0.00000278,0.00000297,0.00000277,0.00000291,5600795000085.00,16206859.78565916,53309
2026-08-03,0.00000290,0.00000296,0.00000282,0.00000291,4149135167968.00,11989668.29752568,40104
2026-08-04,0.00000290,0.00000299,0.00000286,0.00000288,3018508697127.00,8804535.92874668,32003
2026-08-05,0.00000288,0.00000290,0.00000283,0.00000288,3984453170479.00,11420108.41722830,35498
2026-08-06,0.00000287,0.00000290,0.00000277,0.00000281,2891732310952.00,8168125.71630225,30549
2026-08-07,0.00000280,0.00000288,0.00000278,0.00000281,2765850933156.00,7800752.75455708,29620
2026-08-08,0.00000282,0.00000290,0.00000280,0.00000285,2178191032007.00,6236164.09650229,22561
2026-08-09,0.00000286,0.00000296,0.00000284,0.00000288,3194607030677.00,9247003.15524034,31108
2026-08-10,0.00000288,0.00000294,0.00000284,0.00000287,3452409929317.00,9962621.50594815,35310
2026-08-11,0.00000287,0.00000290,0.00000277,0.00000284,3328190354221.00,9443194.81754239,32373
2026-08-12,0.00000284,0.00000287,0.00000262,0.00000268,3920190525648.00,10907678.58354602,36329
2026-08-13,0.00000268,0.00000274,0.00000263,0.00000269,2983132765968.00,8016532.10482366,27310
2026-08-14,0.00000269,0.00000272,0.00000261,0.00000267,2127564580899.00,5653504.70519173,21508
2026-08-15,0.00000267,0.00000268,0.00000261,0.00000262,1226313469240.00,3249553.07215584,11537
2026-08-16,0.00000263,0.00000263,0.00000253,0.00000257,1989890537296.00,5162013.84289549,18192
2026-08-17,0.00000258,0.00000263,0.00000255,0.00000259,3205350464207.00,8304717.07240546,21551
2026-08-18,0.00000259,0.00000262,0.00000253,0.00000258,2408683779850.00,6204802.72945938,20229
2026-08-19,0.00000259,0.00000293,0.00000256,0.00000287,9711211245596.00,26752968.33122345,69212
2026-08-20,0.00000288,0.00000327,0.00000287,0.00000321,20022183741750.00,61895906.44168635,161771
2026-08-21,0.00000321,0.00000423,0.00000317,0.00000412,28947773530632.00,106772300.94385295,374020
2026-08-22,0.00000412,0.00000456,0.00000363,0.00000406,32379225394653.00,132933798.81892303,468803
2026-08-23,0.00000407,0.00000427,0.00000383,0.00000410,16298098294485.00,66065920.53352139,179819
2026-08-24,0.00000410,0.00000422,0.00000394,0.00000405,14527230121034.00,59086442.87614915,174472
2026-08-25,0.00000404,0.00000431,0.00000375,0.00000382,17280303617104.00,69884736.34030481,158374
2026-08-26,0.00000382,0.00000388,0.00000365,0.00000385,8059930686943.00,30390249.45212506,75308
2026-08-27,0.00000386,0.00000402,0.00000376,0.00000390,11242109323867.00,43992889.28943396,106750
2026-08-28,0.00000390,0.00000397,0.00000361,0.00000370,9500265351441.00,35832358.44168862,89767
2026-08-29,0.00000370,0.00000371,0.00000359,0.00000365,3350795907562.00,12212961.99924552,32099
2026-08-30,0.00000366,0.00000382,0.00000336,0.00000340,7309254861801.00,26506751.91875339,81918
2026-08-31,0.00000341,0.00000363,0.00000339,0.00000355,7588815542350.00,26746771.51260318,69342
2026-09-01,0.00000356,0.00000360,0.00000343,0.00000347,6444413307062.00,22562731.41661397,64108
2026-09-02,0.00000348,0.00000351,0.00000336,0.00000343,4637771723240.00,15856224.93185247,45698
2026-09-03,0.00000343,0.00000388,0.00000339,0.00000371,12612006367674.00,46323784.71900518,115155
2026-09-04,0.00000372,0.00000372,0.00000348,0.00000353,9327808987502.00,33497074.84569485,85667
2026-09-05,0.00000353,0.00000371,0.00000344,0.00000361,8163406096014.00,29041226.13316631,66790
2026-09-06,0.00000361,0.00000369,0.00000353,0.00000365,5518728869883.00,19969419.16912803,50031
2026-09-07,0.00000366,0.00000371,0.00000353,0.00000363,6270337663690.00,22686927.04397008,59613
2026-09-08,0.00000363,0.00000370,0.00000355,0.00000366,6694998793374.00,24298750.29328968,70945
2026-09-09,0.00000366,0.00000377,0.00000340,0.00000348,8708116811159.00,31561213.01684148,99835
2026-09-10,0.00000348,0.00000349,0.00000322,0.00000324,8600358874860.00,28879750.07501761,79373
2026-09-11,0.00000324,0.00000357,0.00000320,0.00000331,10093667310875.00,33852765.18426513,98052
2026-09-12,0.00000331,0.00000344,0.00000329,0.00000342,3303776649922.00,11153339.40389989,36707
2026-09-13,0.00000343,0.00000349,0.00000333,0.00000337,4341985570537.00,14814610.58430493,60935
2026-09-14,0.00000337,0.00000359,0.00000334,0.00000346,6787756608746.00,23551550.32271106,80856
2026-09-15,0.00000345,0.00000350,0.00000327,0.00000338,8317652225257.00,28256332.56463498,91689
2026-09-16,0.00000339,0.00000342,0.00000329,0.00000341,5545223111313.00,18613650.12686855,69368
2026-09-17,0.00000340,0.00000369,0.00000338,0.00000361,6748091576593.00,23907945.17578254,75836
2026-09-18,0.00000360,0.00000389,0.00000359,0.00000382,9722436840593.00,36618272.18624328,94613
2026-09-19,0.00000381,0.00000433,0.00000371,0.00000411,14831550810020.00,59863636.53647386,191392
2026-09-20,0.00000412,0.00000414,0.00000387,0.00000400,8424759941715.00,33592434.08297687,112880
2026-09-21,0.00000399,0.00000515,0.00000398,0.00000477,29233792857055.00,135423566.57325745,535353
2026-09-22,0.00000477,0.00000536,0.00000476,0.00000499,24626498443199.00,123825241.03097544,374793
2026-09-23,0.00000498,0.00000507,0.00000430,0.00000434,18298319545792.00,85551330.02034888,218022
2026-09-24,0.00000433,0.00000454,0.00000421,0.00000443,11543206275509.00,50701723.87102505,152800
2026-09-25,0.00000443,0.00000462,0.00000436,0.00000449,9389264695788.00,42050527.63656829,110427
2026-09-26,0.00000448,0.00000453,0.00000426,0.00000437,5347148023528.00,23566775.67035119,75218
2026-09-27,0.00000437,0.00000447,0.00000430,0.00000436,5280421569056.00,23148639.96226770,69375
2026-09-28,0.00000436,0.00000442,0.00000410,0.00000421,9459657144390.00,39878458.28349142,116165
2026-09-29,0.00000422,0.00000439,0.00000406,0.00000426,7331375103352.00,31210276.95431895,89893
2026-09-30,0.00000426,0.00000452,0.00000423,0.00000428,9676496355836.00,42132381.67599123,133466
2026-10-01,0.00000428,0.00000448,0.00000426,0.00000443,6902663975245.00,30224003.06822363,94547
2026-10-02,0.00000444,0.00000475,0.00000407,0.00000425,11975446294075.00,52840076.97040139,166544
2026-10-03,0.00000425,0.00000434,0.00000422,0.00000431,2726033258265.00,11662217.99186094,30098
2026-10-04,0.00000431,0.00000445,0.00000426,0.00000441,3439882017076.00,14859176.57596254,34975
2026-10-05,0.00000441,0.00000458,0.00000434,0.00000439,6220199314953.00,27716101.41400485,79500
2026-10-06,0.00000438,0.00000439,0.00000423,0.00000428,5129207630307.00,22129199.36605726,51921
2026-10-07,0.00000428,0.00000429,0.00000399,0.00000410,6834486577749.00,27939287.93953724,76920
2026-10-08,0.00000410,0.00000413,0.00000364,0.00000383,10413875520243.00,40337195.10164022,126235
2026-10-09,0.00000383,0.00000397,0.00000382,0.00000396,4729141920018.00,18476696.18162297,58455
