date,open,high,low,close,volume,quote_volume,trades
2021-04-17,40.81,45.9,39.18,44.47,641.84397788,27186.49081036,
2021-04-18,44.36,45.5,37.81,40.14,800.26097101,32057.65583445,
2021-04-19,40.06,46,37.53,42.74,582.58579856,23906.57448902,
2021-04-20,42.77,43.11,37,41.02,731.02775529,29587.78915425,
2021-04-21,40.92,41.89,38.96,40.19,433.31153519,17479.42335294,
2021-04-22,40.2,44.68,39.06,41.43,427.57259329,17880.49099910,
2021-04-23,41.39,41.61,36.43,38.32,628.56938771,24217.14451981,
2021-04-24,38.26,39.79,36.62,37.82,504.03959758,19023.65274384,
2021-04-25,37.84,39.35,36.03,36.88,484.42272633,18140.12425561,
2021-04-26,36.74,42.87,36.72,40.54,304.31119148,11939.63028822,
2021-04-27,40.67,41.42,38.5,40.74,338.77469571,13543.74904071,
2021-04-28,40.74,42.85,39.18,41.1,576.87098994,23352.43844250,
2021-04-29,41.15,42.62,40,41.24,680.41847578,28112.66712442,
2021-04-30,40.86,46.08,40.43,43.08,1423.29761960,62331.08052502,
2021-05-01,43.02,45.83,41.96,42.61,570.25288770,25030.05474964,
2021-05-02,42.47,42.9,39,39.78,540.06301973,22052.64093432,
2021-05-03,39.87,41.56,39.11,40.35,770.55529886,31088.42541370,
2021-05-04,40.25,40.6,37.99,39.03,759.77873756,29692.71668041,
2021-05-05,39.02,41.73,38.2,38.86,999.40410069,39406.21286701,
2021-05-06,38.82,39.6,37.1,37.97,1550.51532244,59053.45576199,
2021-05-07,38.01,40.62,37.25,39.58,981.88332477,38130.43724857,
2021-05-08,39.58,41.48,38.68,39.78,513.24597109,20437.18725135,
2021-05-09,39.79,43.41,37.42,39.32,685.77735721,26814.12369940,
2021-05-10,39.36,42.9,36.91,41.16,1152.00948587,45227.70496218,
2021-05-11,41.17,45.08,39.71,43.83,1437.90761138,60736.30567309,
2021-05-12,43.84,47.74,41.12,42.12,1575.07341373,70448.82131436,
2021-05-13,42.04,65.85,40.26,55.49,5903.95096280,317153.16414567,
2021-05-14,54.61,61.8,52.39,54.36,1618.59682603,92340.16973146,
2021-05-15,54.52,55.41,49.67,52.53,860.10648386,45424.49204223,
2021-05-16,52.62,53.58,45.02,49.47,637.03097919,31305.48395487,
2021-05-17,49.2,51.08,44.46,50.24,2912.63663454,142457.71649558,
2021-05-18,50.33,62.24,50.03,60.58,1566.68660310,87321.97911044,
2021-05-19,60.42,66.99,38.28,47.69,1952.30320098,103308.63745215,
2021-05-20,47.83,54.27,41.52,52.86,1155.88146197,55376.64741137,
2021-05-21,52.79,53.47,37.99,45.88,2150.92565970,96049.81315176,
2021-05-22,45.87,46.95,38.65,39.93,547.21082746,23947.63636314,
2021-05-23,39.93,40.19,25,31.32,1489.81264580,48449.49986653,
2021-05-24,31.26,43.28,30.57,40.54,1592.32331592,58155.72859942,
2021-05-25,40.56,44.49,37.48,41.43,1561.20810420,62831.16121454,
2021-05-26,41.29,46.03,41.28,44.88,854.25122485,37052.64843068,
2021-05-27,44.9,50.59,41.73,47.16,952.00223514,43837.36850487,
2021-05-28,47.18,48.68,39.09,41.2,725.74316038,30748.06913642,
2021-05-29,41.25,44.5,35.84,38.63,879.29214897,34662.21238333,
2021-05-30,38.61,42.48,36.33,40.3,589.07842015,23487.09397754,
2021-05-31,40.3,44.4,39.17,44.12,685.89545809,29109.65463836,
2021-06-01,44.14,48.85,42.78,45.94,466.92892218,21257.59467184,
2021-06-02,45.92,49.04,44.72,47.55,347.91864968,16345.64753769,
2021-06-03,47.5,51.58,46.27,47.95,1008.94517142,48733.38997566,
2021-06-04,47.95,48.6,41.59,44.52,947.10925754,41878.72855087,
2021-06-05,44.4,46.8,42.59,42.97,1242.37178998,56488.59010423,
2021-06-06,42.96,44.84,42.81,43.29,153.12911207,6724.88718561,
2021-06-07,43.3,45.33,41.54,41.64,632.49316152,27903.72346679,
2021-06-08,41.68,42.61,37.42,42.38,985.33895766,39375.77537788,
2021-06-09,42.37,45.03,40.98,44.88,272.00186682,11813.15705493,
2021-06-10,44.92,48.18,43.97,48,1002.93371990,45518.82296451,
2021-06-11,47.52,53.19,45.88,51.79,1060.98627202,51583.14340664,
2021-06-12,51.82,54.84,46.58,53.23,603.89784469,30632.16051138,
2021-06-13,52.98,57.62,51.14,56.78,2221.01788158,120218.40990673,
2021-06-14,56.81,62.66,56.76,61.44,1700.19478463,101323.32553398,
2021-06-15,61.42,63.21,59.08,62.85,871.45543128,52915.79889096,
2021-06-16,62.81,87.79,62.69,72.56,3173.34376105,227878.18103995,
2021-06-17,72.56,82.51,68.68,69.49,3139.40035644,238386.20705308,
2021-06-18,69.47,72.36,58.38,71.72,1606.77866349,106355.01900095,
2021-06-19,71.67,81.13,70.5,73.62,2364.08050494,178935.76559176,
2021-06-20,73.64,75.63,63.39,74.97,1477.79832207,102634.75460937,
2021-06-21,74.98,74.98,56.03,57.25,1414.94720703,91894.89691164,
2021-06-22,57.25,65.4,41.91,58.56,4089.15278022,225132.08659683,
2021-06-23,58.52,75.11,56.86,73.4,6602.62056230,447802.19673124,
2021-06-24,73.08,82.01,66.2,78.13,8955.20687905,674323.76972249,
2021-06-25,78.76,100.19,75.18,90.76,5222.81935378,447507.86267668,
2021-06-26,90.9,96.96,74.5,80.74,2144.07466697,173533.94092978,
2021-06-27,80.66,91.31,75.97,82.93,859.17310098,71342.77609965,
2021-06-28,82.84,91.02,75.02,75.76,1936.37126258,155468.67743478,
2021-06-29,75.61,79.06,73.72,75.23,1050.67900103,80254.15544483,
2021-06-30,75.18,76.5,66.82,67.74,859.76031271,60896.10330951,
2021-07-01,67.85,72.38,65,68.85,593.40924092,40803.97528258,
2021-07-02,68.75,75.75,64.78,74.43,618.29825565,43747.84291208,
2021-07-03,74.4,87.21,74.03,78.74,1510.98514361,125100.73965316,
2021-07-04,78.69,85.13,78.04,82.08,480.65053231,38849.92778766,
2021-07-05,82.13,86.19,76.5,79.22,708.20950616,57582.62115151,
2021-07-06,79.24,80.78,77,78.96,617.63742529,48732.56248217,
2021-07-07,79.02,82.12,76.46,80.83,861.50945084,67310.15506834,
2021-07-08,80.82,80.93,71.3,73.7,1272.04996218,95753.34172354,
2021-07-09,73.68,78.06,72.47,76.61,404.70524753,30499.57236737,
2021-07-10,76.65,82.34,76.43,80.75,607.69172189,48397.61647219,
2021-07-11,80.74,81.07,75.83,79.05,410.21829202,32718.16203383,
2021-07-12,79.35,80.14,69.96,75.75,371.47475435,28166.89776371,
2021-07-13,76,76.67,71.22,73,359.49650861,26438.95969466,
2021-07-14,73.05,76.43,67.48,76.21,512.11956086,36000.31788498,
2021-07-15,76.14,79.53,70.89,71.85,230.41879839,17127.02129879,
2021-07-16,71.91,73.04,69.73,69.95,159.88125665,11417.69548960,
2021-07-17,69.94,73.61,67.8,68.73,356.31106467,24762.80188469,
2021-07-18,68.68,73.3,68.68,69.98,173.22013697,12213.93264711,
2021-07-19,69.97,70.41,65,66.37,204.42322419,13928.52212280,
2021-07-20,66.25,75.82,55.1,67.67,1278.87652598,83751.93304938,
2021-07-21,67.59,75.39,67,74.03,359.37373975,25812.82238714,
2021-07-22,73.98,75.11,70.73,73.39,565.89502248,41480.44011784,
2021-07-23,73.41,75.2,71.89,74,203.86606090,14963.59966178,
2021-07-24,73.55,84.14,73.54,82.08,493.42911793,39252.78582095,
2021-07-25,82.1,100,81.35,96.22,2790.18193740,258872.20494591,
2021-07-26,96.21,100,85.13,87.34,859.58712814,78451.43511745,
2021-07-27,87.36,98.1,83.33,93.92,555.64528633,51341.29639640,
2021-07-28,93.89,100,92.01,98.92,1129.58197904,108834.11880920,
2021-07-29,98.93,146.44,97.27,134.34,14941.85743157,1839209.20634247,
2021-07-30,134.33,137.03,120.5,130.5,3406.75804579,438373.74074132,
2021-07-31,130.5,139.97,125.71,134.96,1607.64805808,209026.59170634,
2021-08-01,134.71,179.43,134.48,176.15,4833.05841704,783522.29560287,
2021-08-02,175.64,190,144.16,156.95,6290.76443258,1018076.50370043,
2021-08-03,156.88,175.34,145.08,166.2,1530.37699554,241516.93323855,
2021-08-04,165.09,184.69,156.19,177.65,1690.95701383,286973.55086215,
2021-08-05,177.92,180.85,169.49,173.43,1093.20221946,189730.94990715,
2021-08-06,173.33,174.81,161.2,161.7,791.48894882,132560.51803705,
2021-08-07,161.85,166.2,150.57,155.17,3058.56890500,486540.87617193,
2021-08-08,155.55,162.68,146.56,152.24,2180.09978009,334467.52067200,
2021-08-09,152.65,166.21,142.72,151.76,1559.78203976,238795.93205785,
2021-08-10,151.69,164.99,149.47,153.02,1486.24013024,228079.30651095,
2021-08-11,153.35,165.12,152.77,154.82,1648.21609796,261680.29446621,
2021-08-12,155.06,156.94,145.47,150.59,989.04990721,149329.77839338,
2021-08-13,150.82,160.12,147.66,153.63,1075.93418155,166810.68875574,
2021-08-14,153.61,156.99,150.14,150.44,482.06737554,73717.76071956,
2021-08-15,150.4,166.5,147,165.55,599.70166244,93735.03926109,
2021-08-16,165.16,165.16,149.79,152.94,674.10339806,105899.82627083,
2021-08-17,152.91,167.43,149.35,164.76,1258.51251278,197604.12381629,
2021-08-18,164.73,202,164.73,183.77,6105.81189782,1114204.72357056,
2021-08-19,185.07,189.86,177.96,177.96,2401.61931041,441007.76856170,
2021-08-20,178.58,195.84,178.22,192.05,552.58096706,105300.20528849,
2021-08-21,192.27,194.95,184,186.73,511.49262422,96046.63256089,
2021-08-22,186.93,190.29,178.84,183.08,304.56251337,55759.30138588,
2021-08-23,183.41,188.25,179.78,181.77,937.96509181,172143.12367794,
2021-08-24,181.77,209.24,178.06,205.86,2323.21072510,452010.61478917,
2021-08-25,206.38,212.61,188,194.36,1264.93181567,250254.39618523,
2021-08-26,194.36,197.71,183,186.4,653.81832511,123166.48165189,
2021-08-27,186.27,198.4,180.68,195.33,341.94747880,65129.02694742,
2021-08-28,195.55,196.84,191.12,194,226.19898870,43982.87720843,
2021-08-29,194.04,196,188.57,189.96,357.77954968,68410.51648623,
2021-08-30,189.96,191.08,183.45,183.53,513.22500964,96005.35603464,
2021-08-31,183.53,183.53,183.53,183.53,0.0,0.0,
2021-09-01,182.01,188.31,179.39,187.09,1674.04321420,308330.24436234,
2021-09-02,187.18,194.79,183.09,186.55,1513.37892517,285140.96431270,
2021-09-03,186.54,188.19,182.01,187.21,926.81602761,172699.38311992,
2021-09-04,187.73,226,180,222.82,3901.50026920,806418.51402297,
2021-09-05,221.92,330.43,220.31,319.06,9960.13994183,2749117.64562914,
2021-09-06,321.03,385.45,301.84,327.27,10326.50265834,3497786.48909582,
2021-09-07,325.96,357.87,277.97,354.43,4791.16536524,1548148.24644703,
2021-09-08,354.64,357.36,288.92,312.43,4239.04844747,1355702.79547395,
2021-09-09,311.09,334.37,294.54,313.65,1629.59190221,506290.36014352,
2021-09-10,313.72,408.12,309.69,395.05,3925.48827543,1383513.82773829,
2021-09-11,395.39,428.14,361.54,384.17,2471.89189964,966301.25122519,
2021-09-12,384.18,387.8,354.68,356.301,1173.03779976,435135.83748170,
2021-09-13,356.3,383.38,324.1,383.151,2124.07601324,731669.56344148,
2021-09-14,383.38,416.999,356.393,374.74,2463.09947749,939014.93899118,
2021-09-15,372.568,377.72,353.16,366.331,1975.44068976,719530.25485272,
2021-09-16,366.6,376.918,351.811,368.322,1254.31513177,455197.88431412,
2021-09-17,367.82,368.6,340.02,346.117,1470.09401843,520961.24191082,
2021-09-18,346.05,377.08,343.15,362.35,892.69809829,321308.64497495,
2021-09-19,362.36,365.73,342.581,347.23,851.35256170,300253.56591198,
2021-09-20,347.56,348.09,265.161,291.006,9786.43257822,2924751.57058174,
2021-09-21,291.153,320.03,254.081,265.189,6665.35538553,1927115.07333739,
2021-09-22,264.9,316.746,259.67,311.845,4874.56940305,1426110.55099119,
2021-09-23,312.2,349.799,304.414,336.512,3341.84218936,1085177.43651989,
2021-09-24,335.911,338.699,284.77,316.841,5228.84482057,1647341.63027670,
2021-09-25,316.521,316.809,292.881,300.715,1955.55998005,596812.62086622,
2021-09-26,300.186,305.07,279.27,293.919,2730.25862607,802099.98225408,
2021-09-27,293.782,328.291,290.959,293.868,3341.62441340,1034917.41206858,
2021-09-28,294.083,303.89,275.711,275.781,4412.25073167,1268710.69653301,
2021-09-29,276.641,295.019,267.52,271.854,6438.90522246,1807015.76616615,
2021-09-30,272,293.216,271.911,290.284,3698.71395600,1057184.93886393,
2021-10-01,290.143,313.949,281.821,310.929,9477.15319151,2858702.25202103,
2021-10-02,310.673,344.239,302.571,317.669,15011.33460963,4797101.00988409,
2021-10-03,317.769,330.097,313,316.101,11261.32072776,3628291.67369217,
2021-10-04,316.201,316.41,290.01,305.614,13191.89474740,4036399.44853718,
2021-10-05,305.542,315.339,297.671,303.641,10093.65859518,3070723.76892546,
2021-10-06,303.79,308.629,288.3,291.499,10003.77631088,2979690.18508572,
2021-10-07,290.913,301.469,285.4,288.001,10103.57811312,2960645.54685134,
2021-10-08,288.29,331.219,287.871,310.881,18572.42406582,5732439.32693403,
2021-10-09,311.073,315.809,295.42,299.12,9059.40364843,2746392.00102294,
2021-10-10,299.169,307.609,291.191,294.35,8897.14186502,2673702.69687502,
2021-10-11,294.224,301.319,284.653,288.201,8187.16421985,2400620.64894294,
2021-10-12,288.407,289.07,265.001,280.971,12694.44179600,3521299.95095392,
2021-10-13,281.026,287.799,269.231,281.608,9448.40848809,2638196.40547169,
2021-10-14,281.909,299.729,273.97,290.361,12699.27418732,3652939.24888089,
2021-10-15,290.733,298.329,274.871,289.67,10152.16806638,2903739.54516809,
2021-10-16,289.72,329.61,285.361,308.431,13820.57755025,4166021.47156365,
2021-10-17,308.38,322.389,291.441,301.212,11098.61244171,3422736.83666032,
2021-10-18,301.33,306.139,289.081,290.044,8994.05093344,2660816.77157214,
2021-10-19,290.31,294.5,280.08,285.007,10131.34547895,2911163.49155600,
2021-10-20,284.931,303.04,279.391,295.214,10867.60123351,3160694.83790455,
2021-10-21,295.14,296.416,285,286.841,10224.42002971,2969949.12223179,
2021-10-22,286.521,292.579,280.421,287.893,8034.18609710,2304355.84417139,
2021-10-23,287.985,303.149,285.651,296.692,10619.12063187,3116759.31928971,
2021-10-24,296.829,307.389,286.931,290.6,10808.45440444,3207235.74460688,
2021-10-25,291.019,322.069,290.081,312.525,22570.87017704,6809550.41870041,
2021-10-26,312.35,325.806,306.971,315.737,15354.64008572,4839728.23206638,
2021-10-27,315.831,316.39,279.39,282.522,15261.89628089,4495953.32512362,
2021-10-28,282.24,294.999,280.379,291.429,12867.11658321,3695827.92749642,
2021-10-29,291.324,295.41,282,288.56,6661.62083912,1918866.12571944,
2021-10-30,288.91,292.58,275.89,278.38,2286.61953717,649066.00340692,
2021-10-31,279.55,284.613,270.879,283.171,9214.84161840,2548282.57756215,
2021-11-01,283.32,284.209,271.985,274.559,9272.44878687,2567121.20177737,
2021-11-02,274.559,281.699,269.281,278.501,18791.01076506,5150071.89671082,
2021-11-03,278.76,279.859,265.511,266.473,17470.23822699,4743668.66343436,
2021-11-04,266.889,274.06,256.88,264.42,17564.96678641,4687273.29727240,
2021-11-05,264.42,268.99,254.32,260.17,2791.83864572,731630.62438459,
2021-11-06,258.83,259.27,236.71,256.8,6048.25575292,1490505.04836586,
2021-11-07,256.25,277.93,255.28,260.4,1580.60752784,424842.59846401,
2021-11-08,261.29,265.53,252.16,254.68,5099.83210564,1311846.68305702,
2021-11-09,254.44,315,250.35,294.41,13352.95226598,3821023.33751348,
2021-11-10,293.48,307.67,265,276.46,5938.88668915,1681855.87169876,
2021-11-11,276.19,286.93,266.9,270.8,3642.78876104,1003405.89741805,
2021-11-12,270.23,274.31,251.41,257.41,4573.81738137,1211897.29618594,
2021-11-13,257.04,267.7,252.99,261.31,3913.95808800,1009500.74714240,
2021-11-14,260.62,273.57,255.11,269.44,1552.00808263,404280.99994550,
2021-11-15,270.04,293.72,265,277.87,9136.96371325,2530292.10502124,
2021-11-16,277.7,277.7,247.48,253,3187.96477251,830576.69514933,
2021-11-17,252.43,254.94,244.57,251.92,4026.71926409,1009020.73618463,
2021-11-18,251.59,254.29,219.31,226.98,12202.59758888,2887606.04038922,
2021-11-19,226.55,243.79,222.44,237.2,7448.22459843,1734921.35386890,
2021-11-20,237.34,239.48,228.16,238.23,3300.89411052,773189.65155297,
2021-11-21,237.37,237.37,225.32,226.62,6554.81526978,1503703.94931559,
2021-11-22,225.85,226.51,212.01,219.4,9327.22555761,2038600.80256238,
2021-11-23,218.68,267.2,217.59,238.87,19414.29106805,4677411.24035074,
2021-11-24,238.41,239.76,222.07,233.08,9345.63623075,2137919.32590369,
2021-11-25,233.06,234.34,224.16,227.62,5318.89123905,1216035.56121884,
2021-11-26,227.63,230.63,196.95,207.6,11139.09230322,2346144.01674005,
2021-11-27,207.91,219.74,206.63,207.87,6576.40104880,1406537.12930013,
2021-11-28,207.51,210.5,194.99,207.52,9887.34190143,1995004.13723610,
2021-11-29,207.79,215.61,199.5,214.18,7778.01683656,1609652.16211016,
2021-11-30,214.28,218,200.08,201.7,6058.29495270,1240330.79276121,
2021-12-01,202,208,194.21,196.72,8136.05059902,1641472.55760751,
2021-12-02,196.87,200.03,186.96,198.98,9387.98485699,1818489.81413533,
2021-12-03,198.95,207.99,185.81,189.36,7104.06626570,1403459.43761812,
2021-12-04,189.35,210.1,151.33851,188,7703.16283687,1377561.31127274,
2021-12-05,188.11,201.62,168.19,172.74,3059.82796978,563574.97775763,
2021-12-06,172.67,179.51,145.51,174.41,11958.58188652,1921246.39274244,
2021-12-07,174.41,179.98,160.76,164,9785.99822927,1653012.80221353,
2021-12-08,163.82,185.1,155.05,171.16,13426.47389552,2255529.51594766,
2021-12-09,171.48,172.55,150.43,162.06,11032.50598855,1789606.71404865,
2021-12-10,161.98,175.98,157.69,164.21,14315.23087051,2372413.36428317,
2021-12-11,163.78,209.58,161.57,204.68,30079.43427093,5721841.48313095,
2021-12-12,204.77,228,195.93,199,27804.52352199,5885901.26191657,
2021-12-13,198.84,200.97,170,179.42,18403.22908264,3388798.62968543,
2021-12-14,179.12,182.68,165.2,172.2,6427.16790066,1120431.90395904,
2021-12-15,172.42,216,172.26,199.2,25476.24629604,4887596.75381435,
2021-12-16,199.01,199.54,176.8,184.37,3500.80023505,660335.30881597,
2021-12-17,183.17,189.16,175.48,181.87,3534.33816617,647378.22402438,
2021-12-18,181.41,191.1,176.63,186.16,1424.18201411,262276.91068188,
2021-12-19,185.52,188.42,179.2,182.17,1229.92400155,227356.51744313,
2021-12-20,182.3,182.54,167.05,174,3716.81760117,650396.63643384,
2021-12-21,174.22,190.73,171.85,186.21,2287.75695673,413739.58823291,
2021-12-22,186.35,187.9,180.29,182.28,1657.50820285,305915.27228668,
2021-12-23,182.56,197.01,180.33,195.22,2038.90188652,387612.96689741,
2021-12-24,195.94,209.15,192.18,200.57,2158.59712912,430006.05847882,
2021-12-25,199.83,203,192.49,195.3,1339.14543712,264671.41289116,
2021-12-26,195,196.08,188.49,194.13,1374.92956470,264102.98920456,
2021-12-27,194.13,208.53,193.85,206.35,2054.64982616,413675.56432659,
2021-12-28,205.99,206,180.6,189.24,2179.29281751,415354.21561945,
2021-12-29,188.94,194.13,174.59,175.63,1562.56667570,289292.98550481,
2021-12-30,175.3,186.64,172.46,178.69,1211.92847817,217594.60767463,
2021-12-31,179.75,186.54,172.49,179.17,4244.96924571,773312.28669590,
2022-01-01,178.56,180.28,171.85,179.75,1022.51464445,179266.28417949,
2022-01-02,179.19,188,176.34,187.26,1584.61204388,288161.76115955,
2022-01-03,187.26,189.82,177.05,178.91,1273.43630880,234840.53465383,
2022-01-04,179.13,184.97,176.09,179.6,837.70035875,151891.48919684,
2022-01-05,179.33,184.4,162.34,166.48,1454.16870549,254752.68263915,
2022-01-06,166.44,184.11,157.08,178.01,2820.91827596,479437.66263994,
2022-01-07,178.03,190.5,171.34,177.71,3316.10458560,601664.90997772,
2022-01-08,178.37,188.54,168.57,173.52,1700.79648102,304388.27823489,
2022-01-09,172,177.8,169.26,170.53,985.06367720,171068.44153509,
2022-01-10,170.52,177.38,157.99,166.22,7165.53329317,1224605.17007588,
2022-01-11,165.59,172,160.94,169.2,8711.49765750,1466492.11737678,
2022-01-12,169.83,173.79,163.12,168.89,1716.25461205,289666.61281313,
2022-01-13,168.95,177.13,165.43,165.43,2258.05038687,384712.91240585,
2022-01-14,165.55,169.4,161.75,165.49,1708.22899019,282640.57023528,
2022-01-15,165.07,169.18,164.67,167.5,943.54111342,157633.80318533,
2022-01-16,166.97,168.8,164.57,167.42,687.37947191,114176.97779078,
2022-01-17,167.47,167.92,157.5,159.74,1282.39640592,208751.50513387,
2022-01-18,159.95,166.03,143.16,146,2520.14537126,388358.68217099,
2022-01-19,146.01,151.85,132.45,135.79,2263.47570502,318678.16758809,
2022-01-20,135.85,152.16,131.73,132.44,1516.55470495,215553.71630329,
2022-01-21,132.13,134.85,105.14,113.75,9058.20322805,1080278.29702415,
2022-01-22,114.13,117.15,84.05,99.01,10454.73051463,1056571.95404548,
2022-01-23,99.01,116.84,98.03,109.64,5659.43064975,600886.54768287,
2022-01-24,109.5,109.5,86.17,102.89,8608.19359051,835042.07963913,
2022-01-25,103.09,105.5,97.46,103.07,6353.13275245,642835.55612088,
2022-01-26,103.44,110.77,94.27,97.59,8520.91266840,898308.56830623,
2022-01-27,97.51,99.59,88.14,92.8,4226.20911641,395530.60477210,
2022-01-28,92.63,99.32,89.02,97.2,2494.91624374,234912.44186232,
2022-01-29,97.19,100.94,95.6,97.46,2425.74937941,237162.45484515,
2022-01-30,98.1,100.08,92.71,94.94,1730.23543070,168735.67315029,
2022-01-31,94.66,97.26,87.4,97.14,4346.50917689,403635.48512018,
2022-02-01,97.24,107.15,95.3,104.49,4444.27534976,439242.31725262,
2022-02-02,104.89,120.69,101.61,113.83,4821.31410455,539770.45014907,
2022-02-03,113.85,146.87,111.59,135.36,17010.09235573,2261120.54585478,
2022-02-04,135.22,141.57,130.41,134.2,2711.85091382,371909.47679349,
2022-02-05,134.2,138.11,130.73,132.9,1542.87680163,207522.53884435,
2022-02-06,132.91,136.13,130.66,135.61,692.07939770,91935.95674555,
2022-02-07,135.41,161.12,133.46,153.63,61547.67362917,9533849.46006653,
2022-02-08,154.42,155.21,137.98,148.06,2452.64205035,362400.32968662,
2022-02-09,147.62,158.52,141.69,149.88,3134.87550679,479608.62025307,
2022-02-10,149.57,152.07,139.35,139.89,2209.29324867,323990.48169937,
2022-02-11,139.76,144.74,125.18,129.28,1997.66280766,269530.35254533,
2022-02-12,129.39,137.87,124.92,133.97,10412.76556415,1353770.87781900,
2022-02-13,133.98,136.03,121.43,122.24,4835.18545943,629092.04219943,
2022-02-14,121.55,127.63,115.35,121.23,12317.64993954,1509283.09533468,
2022-02-15,121.54,133.44,120.23,132.47,829.42619963,106993.43013515,
2022-02-16,132.54,134.63,125.05,129.32,4612.48835389,602211.91022801,
2022-02-17,129.43,132.37,116,118.77,1598.09359987,195926.53431032,
2022-02-18,119.05,122.32,111.3,113.81,1990.82651930,233894.43947220,
2022-02-19,113.31,114.65,99.6,110.7,10403.40434510,1120907.20258756,
2022-02-20,110.7,110.86,102.17,107.7,1570.21025094,167827.21856578,
2022-02-21,107.92,129.21,105.25,107.08,35943.43111827,4212432.95211851,
2022-02-22,107.22,118.45,100.05,115.8,4908.55890765,531885.63234306,
2022-02-23,116.11,120.23,107.85,108.25,16272.44838156,1838507.99505514,
2022-02-24,108.27,114.36,92.91,108.94,8384.18208658,851682.29461094,
2022-02-25,108.78,114.07,104.06,112.55,2487.57957343,272557.91596758,
2022-02-26,112.81,115.86,110.03,110.78,1295.95071954,145705.03386380,
2022-02-27,110.68,112.74,102.34,105.58,1429.44157134,153285.11010180,
2022-02-28,105.84,115.97,102.28,115.78,2692.47787946,292225.03341391,
2022-03-01,116.12,123.55,113.75,119.31,3520.29189609,414513.90310709,
2022-03-02,119.24,120.95,115.34,118.12,1717.92351626,202859.61317834,
2022-03-03,118.06,132.32,117.21,127.03,37404.27173297,4611307.62916602,
2022-03-04,127,128.08,115.03,118.33,3703.01255205,450419.40919111,
2022-03-05,117.93,127.77,116.25,120.75,3056.82968652,373975.27863121,
2022-03-06,120.86,125.2,110,110.14,2046.71833552,238721.64291293,
2022-03-07,110.54,117.12,106.82,110.47,24090.18568682,2671807.74819184,
2022-03-08,110.47,114.75,107.86,110.97,5246.43999032,582311.08652343,
2022-03-09,111.08,125.19,110.82,118.88,6848.51044078,824738.12100460,
2022-03-10,119.05,119.4,111.61,116.62,2148.36198343,247922.47579780,
2022-03-11,116.58,118.4,112.04,113.19,1307.14083526,150239.54931316,
2022-03-12,113.2,116.57,113.14,115.98,641.99669351,73882.72612878,
2022-03-13,115.84,117.43,110.83,111.94,711.06001932,81570.46581636,
2022-03-14,111.97,114.11,108.79,113.27,7953.33979525,897609.18405501,
2022-03-15,113.31,113.8,108.24,110.46,514.96166816,57164.85990725,
2022-03-16,110.38,117.09,108.82,117.09,11897.52050092,1353904.84952435,
2022-03-17,117.16,117.16,113.38,114.1,1513.00217125,175246.30798616,
2022-03-18,114.09,116.4,111.81,116.35,1253.31796130,142877.70881737,
2022-03-19,116.32,124.66,114.82,119.99,2322.85568666,277339.52196479,
2022-03-20,120.01,123.45,116.11,118.41,761.95689295,91032.60208921,
2022-03-21,118.49,124.16,115.33,119.42,980.00564770,118261.56180289,
2022-03-22,119.38,129.84,118.92,127,1411.57732310,176541.93021809,
2022-03-23,127,129.66,123.53,126.56,14006.58167962,1779552.04558961,
2022-03-24,126.64,136.72,124.03,135.61,1130.76218479,144600.22151926,
2022-03-25,136.03,147.59,133.8,137.17,2645.51291419,376087.68306582,
2022-03-26,137.17,145.51,136.38,140.95,3462.54828579,489515.41894065,
2022-03-27,141.09,149.81,140.97,148.62,1283.08327333,186285.58031834,
2022-03-28,148.73,154.14,140.7,141.26,2107.50638987,316297.88429033,
2022-03-29,142.11,148.82,141.96,144.74,1218.08375408,177335.72742005,
2022-03-30,144.19,145.34,139.5,142.99,952.77711711,135898.87936551,
2022-03-31,142.78,147.57,134.61,137.82,12863.16362467,1865079.16042604,
2022-04-01,137.95,143.59,131.79,141.04,16874.72463071,2383737.63301754,
2022-04-02,140.83,145.53,139.92,140.29,16323.41273791,2337684.83177748,
2022-04-03,140.29,141.92,138.54,139.83,269.49383736,37808.45046361,
2022-04-04,139.68,139.76,131.32,138.97,985.05563412,134171.63550511,
2022-04-05,139,143.98,132.95,133.45,1002.37835712,138920.15564085,
2022-04-06,133.18,142.49,123.99,124.07,32947.65741203,4186736.02760544,
2022-04-07,124.23,130.6,120.24,127.34,483.18869361,61033.22219326,
2022-04-08,127.44,129.62,120.78,121.5,642.23627246,81328.30665392,
2022-04-09,121.42,123.77,118.62,121.85,341.24014458,41306.54677555,
2022-04-10,122,131,121.06,121.24,8478.04932940,1058996.36921309,
2022-04-11,120.71,121.7,113.14,114.8,2389.81810388,279053.69680157,
2022-04-12,115.25,119.25,112.5,116.05,437.71923599,50818.29980548,
2022-04-13,115.81,118.35,113.34,115.44,610.61770122,70388.49171517,
2022-04-14,115.34,116.61,110.64,112.3,665.42738936,75448.36357066,
2022-04-15,112.25,114.38,110.62,112.39,865.38985498,97488.59579833,
2022-04-16,112.45,114.5,110.46,113.03,382.02360138,42912.34724454,
2022-04-17,113.03,115.94,110.71,110.94,10210.04964970,1150477.52730308,
2022-04-18,110.93,112.11,105.06,111.55,18052.49715269,1937308.79917716,
2022-04-19,111.64,117.05,110.46,114.47,2031.52005757,226937.47611098,
2022-04-20,114.54,115.96,109.27,110.46,7491.77372885,829739.71204553,
2022-04-21,110.48,117,106.75,107.9,14624.46450823,1587463.84836145,
2022-04-22,107.55,110.74,106.42,108.08,6054.32999483,655604.01389130,
2022-04-23,107.78,110.59,105.47,105.78,773.86859607,83315.24963394,
2022-04-24,105.82,112.48,105.82,110.63,1174.57361505,128788.62011063,
2022-04-25,110.53,110.82,102.06,107.74,1298.38424854,136560.37139155,
2022-04-26,107.81,108.12,99,100.71,22785.76169228,2306345.48469608,
2022-04-27,100.72,105.05,99.12,101.34,918.98184778,93253.98597153,
2022-04-28,101.14,102.76,98.34,100.33,969.52502790,97414.82228441,
2022-04-29,100.35,100.55,92.73,94.43,643.67652963,61748.88256053,
2022-04-30,94.53,106.78,92.76,92.9,2417.84861274,242394.12457377,
2022-05-01,92.7,99.67,92.1,97.4,1613.18217585,154022.14297944,
2022-05-02,97.29,99.67,93.82,95.07,13869.40888636,1363433.36302043,
2022-05-03,95.16,96.5,91.15,93,9366.72843673,869466.48016948,
2022-05-04,92.88,104.21,91.82,101.64,4740.03898046,444428.59360707,
2022-05-05,101.61,102.16,90.1,91.87,17856.67672540,1694032.72344646,
2022-05-06,91.9,92.5,87.65,90.15,740.54092658,66516.20377452,
2022-05-07,90.25,93.35,85,87.05,2110.16076027,186109.09349516,
2022-05-08,87.31,87.86,80.94,83.35,2318.72831198,193419.36389072,
2022-05-09,83.49,85.78,69.33,69.83,63548.19859822,4832920.09986963,
2022-05-10,69.69,83.13,69.42,72.27,41333.44891047,3041372.99781151,
2022-05-11,72.43,75.71,54.32,64.47,12541.55541622,803159.94384295,
2022-05-12,64.32,73,48.82,73,13324.74155033,800627.03880777,
2022-05-13,72.91,79.53,66.72,68.46,7734.01741095,563824.07373410,
2022-05-14,69.72,72.47,61.54,72.09,3743.39427161,253842.89603291,
2022-05-15,71.82,75.92,68.53,75.6,1427.04731155,101998.65503404,
2022-05-16,75.43,76.34,68.93,70.45,1307.62138817,95291.44780923,
2022-05-17,70.8,76.94,70.8,74.52,1661.76472109,122496.53704066,
2022-05-18,74.51,75.08,64.13,64.91,2208.84302524,153841.64453653,
2022-05-19,64.71,70.51,63.29,68.58,2795.69620035,186512.16837027,
2022-05-20,68.26,71.22,65.03,66.6,3297.48701001,223100.08214805,
2022-05-21,66.42,69.59,65.2,68.4,2428.74065966,163178.72863690,
2022-05-22,68.26,70.38,66.84,69.63,1752.29744972,120079.02543476,
2022-05-23,69.38,71.84,67.45,68.35,1735.25747248,121453.50764226,
2022-05-24,67.84,69.16,65.544,68.409,1751.92176816,118837.05806801,
2022-05-25,68.418,69.4,65.6,67.227,1236.25800961,83495.56956597,
2022-05-26,66.956,69.263,61.321,63.413,1886.14192654,123269.60802063,
2022-05-27,63.616,64.998,60.861,62.167,1932.47361776,121669.65460380,
2022-05-28,62.449,66.696,61.524,65.365,1502.46269795,96151.88883919,
2022-05-29,65.379,67.76,64.071,66.516,1312.35374664,87042.94480708,
2022-05-30,66.437,73.799,65.835,73.583,11162.81467030,785971.89104920,
2022-05-31,73.633,73.856,69.161,70.908,9887.32705178,711292.81183032,
2022-06-01,70.911,73.077,65.525,66.978,9367.81487388,645258.04678008,
2022-06-02,66.93,68.912,65.232,68.412,10150.77065848,682555.72167512,
2022-06-03,68.333,68.877,64.207,65.147,3064.44059709,200542.53361033,
2022-06-04,65.197,66.043,63.67,65.456,1287.06931600,83865.49082390,
2022-06-05,65.556,67.726,64.246,64.758,2561.83325144,168943.20725600,
2022-06-06,64.878,69.364,64.739,67.868,5213.29837312,351280.37451034,
2022-06-07,67.758,67.812,63.81,64.404,3021.28895400,196799.76815624,
2022-06-08,64.473,66.53,63.12,64.332,3244.14902602,211174.34683679,
2022-06-09,64.428,65.121,62.893,63.235,2851.20386649,181917.27780062,
2022-06-10,63.4,64.222,60,61.173,1847.44855806,113773.12911627,
2022-06-11,61.285,61.891,54.538,55.052,4467.58089184,253758.99042798,
2022-06-12,55.083,56.137,49.602,49.602,7381.35940521,388485.97427816,
2022-06-13,49.961,51.153,40.563,49.412,17953.42199737,837825.24079717,
2022-06-14,49.227,52.929,45.236,47.938,8344.59224545,410460.34585403,
2022-06-15,47.833,51.202,42.769,51.072,15689.10671963,728996.22047325,
2022-06-16,50.97,52.543,42.685,44.347,5183.44584252,240479.21862750,
2022-06-17,44.418,46.939,43.309,46.352,4568.20323428,207413.08889513,
2022-06-18,46.46,51.658,42.626,48.592,15237.13851348,728647.34361540,
2022-06-19,48.688,59.262,46.385,53.827,9435.77159276,489271.96884761,
2022-06-20,53.826,57.979,51.491,55.016,16988.32111878,946140.46576906,
2022-06-21,54.917,60.075,54.659,55.813,6971.10524177,400401.79602750,
2022-06-22,56.143,57.463,52.314,52.452,5306.99902251,293831.33339233,
2022-06-23,52.18,55.936,52.18,55.589,1463.12221027,79520.68132046,
2022-06-24,55.794,59.179,54.333,58.542,694.16765877,39043.10953226,
2022-06-25,58.447,66.566,57.242,63.405,2168.48869330,135865.83928955,
2022-06-26,63.532,66.513,61.189,61.479,1834.79631281,115743.53724891,
2022-06-27,61.609,63.177,57.978,58.671,1536.33404074,92281.95886295,
2022-06-28,59.277,62.158,56.724,57.437,701.60163367,41624.66122790,
2022-06-29,57.827,58.07,51.294,51.447,1519.93901237,82002.28012652,
2022-06-30,51.379,53.194,48.717,53.086,779.76546560,39498.71280111,
2022-07-01,53.425,59.052,51.977,52.151,1627.69603994,90113.45357909,
2022-07-02,52.527,55.952,52.527,55.706,421.11240617,22671.55435418,
2022-07-03,55.935,55.96,53.571,55.475,244.90604757,13441.22330781,
2022-07-04,55.655,62.514,55.315,60.698,2584.85793899,153298.83510550,
2022-07-05,60.523,62.985,56.359,59.754,3282.87357411,195129.62485623,
2022-07-06,59.917,62.426,58.057,62.042,1482.81678071,89462.07555071,
2022-07-07,62.035,64.682,60.562,64.464,1567.21925985,99469.83753743,
2022-07-08,64.486,77.364,60.6,72.568,3102.18872955,213770.88736908,
2022-07-09,72.892,89.999,70.58,85.094,4701.79996421,375935.70825497,
2022-07-10,85.081,91,78.029,81.429,5429.01799715,449403.72891271,
2022-07-11,80.961,86.759,74.9,78.991,1969.03784395,155727.84185845,
2022-07-12,79.239,88.029,76.552,79.982,3855.42442558,316675.83944594,
2022-07-13,79.811,87.321,76.656,84.638,3404.02798771,281629.77235611,
2022-07-14,84.381,98.245,82.808,96.991,3584.98722752,325223.67035366,
2022-07-15,96.615,112.02,96.492,104.148,5030.34800544,526644.70000546,
2022-07-16,104.52,111.148,95,102.444,4513.24632015,459094.05687426,
2022-07-17,102.531,104.812,98.289,98.605,1475.43009340,149723.57645619,
2022-07-18,98.541,106.704,98.541,103.989,2019.09801543,209332.22790635,
2022-07-19,103.646,114.73,99.225,106.92,2938.79371755,312587.42689267,
2022-07-20,106.97,110.552,93.24,96.532,3906.64910460,396595.61075308,
2022-07-21,96.334,106.11,93.668,102.905,1539.46313611,155624.91568559,
2022-07-22,103.113,106,97.286,100.831,726.57407909,74662.64391367,
2022-07-23,100.817,105.473,95.741,100.414,696.55847999,69778.56610301,
2022-07-24,100.628,102.201,97.671,97.809,658.85535536,65832.55074218,
2022-07-25,97.808,98.763,87.866,87.972,1222.13569195,113329.32115640,
2022-07-26,87.71,93.569,79.104,93.091,3222.78276781,275292.69735051,
2022-07-27,93.113,99.009,90.42,96.901,3170.10383552,299186.12244927,
2022-07-28,96.923,106.11,94.779,104.174,2459.66408134,245089.60026540,
2022-07-29,103.877,110.188,101.926,106.443,1856.96470835,197713.93915365,
2022-07-30,106.46,109.835,103.902,105.848,1061.63511399,113835.72142518,
2022-07-31,105.871,106.562,101.498,102.723,998.44561325,104021.53101732,
2022-08-01,102.454,105.956,99.52,103.66,922.88155190,95061.90116663,
2022-08-02,103.244,105.421,98.644,103.228,1126.94132240,115277.56409951,
2022-08-03,103.407,108.25,100.929,105.471,662.53056139,69727.83461110,
2022-08-04,105.194,107.83,102.917,103.702,644.72772994,67789.80031464,
2022-08-05,103.852,109.022,103.79,107.395,699.97988244,74172.70747376,
2022-08-06,107.327,125.003,106.872,120.098,2838.04121519,340321.50884800,
2022-08-07,120.373,130,119.377,125.931,2198.53936927,276642.10519571,
2022-08-08,125.961,134,124.426,128.529,1395.29384040,180348.68727593,
2022-08-09,128.462,129.14,120.075,125.42,1358.48425939,167540.76471027,
2022-08-10,125.407,129.367,119.515,126.803,2197.29276931,274540.57514578,
2022-08-11,126.835,130.547,123.021,124.024,742.97037937,94699.74376224,
2022-08-12,124.038,129.26,123.134,128.272,582.04028710,73085.86022302,
2022-08-13,128.052,128.735,125.074,126.204,929.77033390,118245.35056640,
2022-08-14,126.453,131.077,115.733,118.272,1442.61998657,178103.51586014,
2022-08-15,118.301,123.392,112.581,113.317,1420.48087358,166857.65087538,
2022-08-16,113.038,118.235,111.25,116.012,1163.51659904,133686.26305160,
2022-08-17,115.907,123.44,108.17,109.783,3453.88183557,411201.46767596,
2022-08-18,109.898,116.42,108.43,108.489,1174.70406043,131189.05339100,
2022-08-19,108.471,108.579,98.593,99.114,2083.03693404,215814.37140797,
2022-08-20,99.086,106.56,99.002,104.733,1025.19897766,105559.47570708,
2022-08-21,104.837,117.595,104.743,110.766,1239.89562823,137670.25137368,
2022-08-22,110.952,113.114,104.11,107.321,770.31587286,82792.26556184,
2022-08-23,107.152,112.6,104.447,109.873,954.63464933,103004.15526727,
2022-08-24,110.016,112.236,107.532,107.733,1033.17829160,113615.91142918,
2022-08-25,107.952,111.573,105.647,106.867,704.01514222,76860.09360644,
2022-08-26,106.434,106.948,97.149,97.886,807.55313083,82959.85886291,
2022-08-27,97.866,100.028,93.44,93.992,716.89760887,69754.22878626,
2022-08-28,94.115,99.083,92.396,92.546,954.81815082,91352.17605805,
2022-08-29,92.839,102.04,92.395,101.037,1001.20776720,97938.70111505,
2022-08-30,101.104,101.32,93.993,95.526,1392.54251225,135517.58834074,
2022-08-31,95.724,100.512,95.173,96.411,848.35377601,82782.62736287,
2022-09-01,96.299,97.356,93.55,95.008,728.71058421,69421.66963464,
2022-09-02,95.027,96.356,91.551,92.59,1225.91335331,114796.13933244,
2022-09-03,92.581,94.247,91.975,93.894,377.69386017,35183.67620224,
2022-09-04,93.756,96.106,93.422,95.106,336.53816922,31885.06727809,
2022-09-05,95.165,95.704,92.521,93.27,278.35587417,26054.38246931,
2022-09-06,93.335,95.128,87.268,90.085,1279.89585687,117528.71061328,
2022-09-07,90.034,98.726,87.239,95.793,1545.06333697,144327.70382798,
2022-09-08,95.734,103.587,94.883,101.666,1246.57533554,123522.06793356,
2022-09-09,101.688,107.518,101.688,103.089,2405.68855897,253495.31808579,
2022-09-10,103.193,106.227,100.085,105.425,786.81859536,81258.62754347,
2022-09-11,105.505,109.517,102.323,108.468,1025.08567080,108532.28648180,
2022-09-12,108.728,112.019,104.069,106.523,1283.82989636,139188.07864893,
2022-09-13,106.222,108.013,97.63,97.85,2085.67058603,212697.41843511,
2022-09-14,97.816,101.202,96.51,98.98,920.30329966,91458.56383013,
2022-09-15,98.888,107.65,95.361,103.615,1394.48448757,140683.82182811,
2022-09-16,103.899,108.75,99.57,107.298,1789.41183709,186026.23932735,
2022-09-17,107.526,111.573,105.24,109.362,1248.51385266,135181.94863020,
2022-09-18,109.32,111.259,101.406,103.881,1407.18640737,149595.22113014,
2022-09-19,103.791,108.75,98.958,107.895,1004.64755635,103760.27496058,
2022-09-20,108.109,108.75,101.108,101.201,783.83845706,81569.04343591,
2022-09-21,101.197,107.27,98.369,100.774,1054.59350475,107652.04256123,
2022-09-22,100.638,105.513,100.626,104.359,563.03646744,58239.88445110,
2022-09-23,104.372,111.456,103.766,110.481,1099.83165336,117534.55367983,
2022-09-24,110.623,124.035,109.974,114.853,2545.51232853,297950.86785915,
2022-09-25,114.656,120.213,112.7,116.218,1356.06836155,157126.03407107,
2022-09-26,116.027,121.932,112.153,120.426,1293.56368549,153167.10855533,
2022-09-27,120.365,137.289,119.67,133.317,2896.24894784,373282.38290185,
2022-09-28,132.94,145.323,127.158,136.028,4711.45088554,638505.74237023,
2022-09-29,136.095,138.627,127.97,134.127,1887.39864791,252478.70626923,
2022-09-30,134.577,147.02,132.324,142.122,1819.50001754,255427.52118281,
2022-10-01,142.05,146,135.515,136.73,1314.75969906,185604.46297360,
2022-10-02,136.521,140.743,128.342,129.318,1031.62093168,139259.83458807,
2022-10-03,129.415,143.525,128.686,139.12,2243.98981650,308169.31130228,
2022-10-04,139.087,144.337,138.464,141.869,3536.63034188,502455.51378863,
2022-10-05,141.854,142.597,133.869,138.18,2775.45274913,381953.46350584,
2022-10-06,138.186,141.55,136.387,137.533,1809.47501909,251226.58462280,
2022-10-07,137.869,139.448,135.429,138.444,1492.50185293,205613.51972726,
2022-10-08,138.646,154.345,137.985,149.197,3912.58164794,571999.93060792,
2022-10-09,149.677,163.882,148.62,155.934,8311.61560385,1303283.45271972,
2022-10-10,155.481,159,147.902,151.203,6050.18284841,928159.03345103,
2022-10-11,151.121,159.571,147.932,153.995,4442.38432525,682367.36700272,
2022-10-12,153.938,157.823,151.469,153.364,2668.82636357,413858.94488652,
2022-10-13,153.318,162.357,139.201,160.71,6738.75572750,1020214.36557426,
2022-10-14,160.77,175.327,159.039,165.57,6581.74278904,1103445.63198306,
2022-10-15,165.759,188.088,165.431,184.122,8301.25996181,1491894.02546402,
2022-10-16,183.738,196.133,179.437,194.49,5359.70934821,998985.56079695,
2022-10-17,194.783,227.549,190.331,209.447,20346.52960553,4234770.48180743,
2022-10-18,209.967,210.97,181.465,184.371,11158.90467686,2184402.65091800,
2022-10-19,184.233,195.004,171,172.608,9621.98129187,1751051.97959866,
2022-10-20,172.918,179.33,158.658,169.793,10281.46503384,1734070.70247627,
2022-10-21,169.426,194.298,165.121,188.716,11583.18784937,2059897.32205865,
2022-10-22,188.716,189.554,174,178.797,5242.27040915,952117.13613455,
2022-10-23,178.911,179.788,170.124,175.088,5792.42998020,1013098.96764978,
2022-10-24,175.2,184.419,171.955,176.718,4525.66422726,804310.16510565,
2022-10-25,176.733,185.568,174.485,174.699,4648.69194035,836126.11686301,
2022-10-26,174.382,178.566,172.544,173.375,3681.52446085,644847.61806737,
2022-10-27,173.379,176.655,161,164.125,4916.08644862,830076.39560282,
2022-10-28,164.003,170.792,162.264,166.492,2939.32077027,487625.49800320,
2022-10-29,166.43,170.369,159.189,163.694,2462.67900992,404519.48870724,
2022-10-30,163.87,175.379,159.657,167.811,3334.63939269,558829.23875361,
2022-10-31,167.899,174.12,161.873,166.91,2977.29723778,498026.79812762,
2022-11-01,166.799,168.048,162.053,162.767,1463.80759721,240916.20981521,
2022-11-02,162.639,164.547,154,158.274,2862.21220539,456813.53766052,
2022-11-03,158.223,162.305,155.225,157.111,1694.46580571,269100.98043931,
2022-11-04,156.586,167.749,156.272,164.612,2613.46661674,423373.24227418,
2022-11-05,164.706,167.839,160.657,162.019,2059.60076519,338621.56145649,
2022-11-06,162.026,163.827,156.181,156.757,1429.77043677,228901.34315267,
2022-11-07,156.523,159.304,151.621,153.556,2653.63094831,412555.98596255,
2022-11-08,153.34,155.553,124.333,149.458,9942.56114744,1419948.25032907,
2022-11-09,149.223,151.051,105.011,108.022,12281.47545572,1516854.50451092,
2022-11-10,108.053,137.558,105.872,125.821,13175.47763625,1583818.15081856,
2022-11-11,125.563,126.196,111.295,114.039,4238.54773233,501269.19264783,
2022-11-12,114.128,115.791,107.271,110.352,2142.39749451,237425.51073520,
2022-11-13,110.376,115.242,101.111,101.838,2571.23773095,278025.96759456,
2022-11-14,101.704,112.119,94.304,109.366,3463.05659908,360273.24112798,
2022-11-15,109.716,126,109.582,119.59,3647.68901413,438384.87230356,
2022-11-16,119.517,123.394,112,114.718,1687.07647222,196156.61177455,
2022-11-17,114.812,122,112.201,119.036,1510.07246625,176127.22908778,
2022-11-18,119.12,122.916,115.583,118.792,1238.58115658,148111.25070191,
2022-11-19,118.915,118.915,113.563,115.299,1139.84399203,131308.32225777,
2022-11-20,115.505,117.6,105.671,105.679,1376.59137129,154549.38301604,
2022-11-21,105.741,110.44,100.487,105.151,2856.51583587,301194.39101511,
2022-11-22,105.374,111.001,99.941,108.582,2403.41597034,253066.67655799,
2022-11-23,108.582,113.999,107.888,113.344,987.23805600,109434.69017954,
2022-11-24,113.478,116.53,110.862,113.683,577.80716369,65565.98330115,
2022-11-25,113.74,120,109.967,118.827,1023.05076009,114845.37311299,
2022-11-26,118.888,122.399,118.307,120.954,774.86656505,93499.61787852,
2022-11-27,120.555,124.381,117.492,117.813,414.43117818,50320.28836550,
2022-11-28,117.372,118.08,108.4,112.374,792.17027414,88858.39374683,
2022-11-29,112.267,116.286,110.629,113.578,521.39388737,59078.42525205,
2022-11-30,114.17,125.383,112.565,124.084,654.16909648,78022.94708051,
2022-12-01,124.167,124.9,119.766,121.471,304.29873551,37022.59146303,
2022-12-02,121.549,132.418,120.431,130.605,461.81055645,58524.65500444,
2022-12-03,129.89,132.808,125.861,126.322,358.34339454,46631.43325181,
2022-12-04,126.246,130.223,125.046,129.244,314.91686997,40215.25030079,
2022-12-05,129.381,132.462,121.724,125.664,1436.45243324,180186.05770241,
2022-12-06,125.756,128.323,119.364,121.958,1436.14708768,177280.77505700,
2022-12-07,122.097,122.831,115.051,117.557,1171.42074020,138638.55106022,
2022-12-08,117.535,124.235,115.544,121.501,754.02841018,90574.69098761,
2022-12-09,121.503,125,121.396,121.898,155.75977592,19184.16508740,
2022-12-10,122.285,122.549,119.265,120.044,141.65802111,17049.01194927,
2022-12-11,120.083,120.723,116.696,117.311,677.28495612,81398.95092012,
2022-12-12,117.404,122.401,113.416,120.761,243.44803892,28533.59790226,
2022-12-13,120.984,124.865,115.939,122.404,153.08669517,18543.27187735,
2022-12-14,122.801,127.319,121.6,124.24,601.62091242,75415.47474614,
2022-12-15,124.208,124.823,118.998,119.181,355.41077594,43284.09139071,
2022-12-16,119.142,121.068,110.132,111.18,534.30858134,61610.86192692,
2022-12-17,111.175,112.263,106.64,109.571,949.91516426,104551.38203551,
2022-12-18,109.512,111.259,108.176,109.555,294.71538721,32303.40706608,
2022-12-19,110.043,111.484,101.887,104.299,847.62718047,90908.09339223,
2022-12-20,104.694,109.747,103.77,108.079,542.92736340,57646.38048334,
2022-12-21,107.312,107.907,102.936,104.863,367.35492553,38591.99053282,
2022-12-22,104.906,105.3,101.556,104.938,868.93648776,90921.21640974,
2022-12-23,104.975,106.892,104.24,105.074,416.65833972,44118.75426713,
2022-12-24,105.013,106.016,104.098,105.589,176.40544127,18551.66123000,
2022-12-25,105.451,106.251,104.191,106.054,202.41300445,21320.50620373,
2022-12-26,105.898,109.474,105.549,109.107,376.20236605,40340.83524455,
2022-12-27,109.55,117.846,109.489,114.696,901.46321011,103290.75927622,
2022-12-28,114.587,115.571,107.509,110.523,566.63244204,63129.75180846,
2022-12-29,110.808,112.4,108.815,110.998,426.06856456,47062.95299286,
2022-12-30,110.802,111.135,101.609,110.131,1492.18299590,157286.48567458,
2022-12-31,110.009,113.187,104.191,105.507,1088.62381696,118297.02150687,
2023-01-01,105.577,107.006,104.519,105.604,248.19500643,26206.94251751,
2023-01-02,105.87,109.742,104.693,108.475,467.89303772,50554.85635782,
2023-01-03,108.488,109.699,105.716,107.596,385.31249303,41634.19733996,
2023-01-04,107.67,113.333,107.156,111.746,698.72355561,77733.63444939,
2023-01-05,112.012,115.715,110.55,110.657,970.36841852,110251.68966461,
2023-01-06,111.064,112.95,108.258,111.711,473.29644017,52174.69062014,
2023-01-07,111.964,114.334,111.964,114.311,224.88319893,25504.62506591,
2023-01-08,114.331,116.269,111.473,116.269,525.94459737,59912.20169847,
2023-01-09,116.101,123.057,115.306,120.129,398.62941531,47281.02760974,
2023-01-10,119.996,122.484,118.098,122.451,305.13168489,36952.34967840,
2023-01-11,122.552,123.569,116.416,121.827,318.66637461,38237.11904058,
2023-01-12,121.961,124.645,119.124,122.523,402.96872102,48988.56384474,
2023-01-13,122.949,127.612,120.764,125.82,642.03442844,79252.71288868,
2023-01-14,125.941,135.394,125.459,130.406,795.16272250,102711.40529730,
2023-01-15,130.411,132.626,125.123,131.338,538.50866472,69270.16038343,
2023-01-16,131.39,143.925,129.994,139.868,627.03520651,86518.05039304,
2023-01-17,139.653,147.431,136.776,142.196,168.87320059,24062.78004166,
2023-01-18,142.3,145.34,129.707,131.929,374.91595493,50813.81286115,
2023-01-19,132.1,137.59,127.822,136.109,582.20198271,77962.10362964,
2023-01-20,135.42,148.583,135.42,146.058,638.52228636,89708.93394863,
2023-01-21,146.214,147.204,140.795,140.828,338.32524428,48704.30833547,
2023-01-22,140.602,145.01,136.678,141.198,556.80948223,78578.78516077,
2023-01-23,141.048,145.099,140.436,143.328,321.60939091,46024.91554694,
2023-01-24,143.365,159.558,142.462,151.062,973.68582112,148787.74848699,
2023-01-25,151.284,162.86,146.341,155.342,771.45535096,121000.57617705,
2023-01-26,155.569,157.23,148,149.43,468.96328415,71600.80814130,
2023-01-27,149.328,154.166,145.26,152.755,333.30541799,50292.98294558,
2023-01-28,153.215,153.746,147.323,149.63,354.75337866,53307.52055971,
2023-01-29,149.605,153.422,148.427,151.543,386.71463928,58344.84897994,
2023-01-30,151.512,152.111,137.979,141.029,646.88779082,92741.27287904,
2023-01-31,140.97,144.898,139.764,142.184,386.49447332,55095.78418792,
2023-02-01,142.294,150.999,135.384,148.017,783.43793600,111833.66087771,
2023-02-02,148.359,151.546,142.354,144.482,539.02868265,80101.65712347,
2023-02-03,144.563,146.637,142.634,145.65,588.35721858,85393.90267608,
2023-02-04,145.865,146.264,140.788,141.678,390.92568914,56398.91286668,
2023-02-05,141.579,143.553,136.625,138.722,414.84686367,58109.64469777,
2023-02-06,138.743,141.865,134.741,135.887,632.59611297,87568.98541581,
2023-02-07,135.923,143.254,135.841,142.327,587.93374724,81522.32626411,
2023-02-08,142.282,142.859,136.716,139.579,556.68765491,77934.70090891,
2023-02-09,139.608,141.162,129.255,131.403,747.02042157,101517.63236702,
2023-02-10,131.269,134.881,129.478,131.597,464.66191530,61316.59829788,
2023-02-11,131.539,134.871,130.312,134.076,338.31600889,44786.65221404,
2023-02-12,134.029,137.033,129.817,131.458,508.44531780,68117.27959381,
2023-02-13,131.463,133.6,126.641,132.781,589.58675683,76797.84242784,
2023-02-14,132.711,137.662,130.583,137.138,503.10140741,67344.10873073,
2023-02-15,137.006,146.99,135.792,145.256,789.03811819,111437.81220297,
2023-02-16,145.226,147.51,136.367,137.552,700.18704448,100645.34483806,
2023-02-17,137.708,142.82,136.807,140.042,719.41964165,100287.55708624,
2023-02-18,139.886,142.644,138.159,139.922,328.61889714,46268.76419588,
2023-02-19,140.015,141.78,136.27,138.012,466.20584022,65044.60635027,
2023-02-20,137.874,142.441,133.925,140.014,446.11065436,62362.67778253,
2023-02-21,140.199,140.945,135.245,136.629,420.85030639,58119.44419440,
2023-02-22,136.81,138.065,130.459,136.815,426.83449152,57052.32019182,
2023-02-23,136.88,137.627,132.418,134.77,375.74193333,50813.77231249,
2023-02-24,134.723,135.72,128.535,131.559,536.44801170,70863.46139311,
2023-02-25,131.73,132.646,128.295,131.922,477.13809039,62393.70663669,
2023-02-26,131.738,133.878,130.484,130.994,349.71789523,46248.79251066,
2023-02-27,130.773,130.857,124.425,125.756,552.64058961,70939.02033018,
2023-02-28,125.92,129.876,124.441,126.581,360.79830737,45797.27358128,
2023-03-01,126.697,130.061,125.878,127.558,423.16372220,54199.32618503,
2023-03-02,127.456,128.3,125.237,126.48,178.98212022,22680.72982479,
2023-03-03,127.035,127.159,119.284,124.778,214.71080693,26365.79573850,
2023-03-04,124.945,126.174,122.581,125.375,210.28391209,26217.05061529,
2023-03-05,125.217,131.52,124.978,125.19,361.57432858,46440.68334454,
2023-03-06,125.202,126.31,122.542,125.7,272.38741482,33896.44429168,
2023-03-07,125.819,126.759,120.68,122.748,300.83261714,37296.88374176,
2023-03-08,122.691,123.151,115.073,116.025,318.92344747,37912.53551743,
2023-03-09,115.963,118.443,106.7,112.175,693.28181436,78009.21458198,
2023-03-10,111.727,120.213,106.125,119.855,753.77326370,85518.46817644,
2023-03-11,119.861,123.78,112.698,117.424,784.81646408,92604.33425347,
2023-03-12,117.535,125.67,115.984,125.142,678.98324657,81052.18305342,
2023-03-13,125.402,129.265,122.396,126.335,988.74108776,124524.51253634,
2023-03-14,126.332,134.15,124.318,129.292,918.35622930,118533.22881085,
2023-03-15,129.265,130.969,119.648,121.708,691.47301112,86179.77145011,
2023-03-16,121.622,126.371,119.938,124.3,540.12471092,66910.39313667,
2023-03-17,123.99,131.847,122.759,131.69,763.54333567,97762.27245026,
2023-03-18,131.786,133.73,126.572,127.627,841.49016343,109804.13669226,
2023-03-19,127.493,133.443,127.375,130.348,600.56204066,78651.85164120,
2023-03-20,130.718,133.6,125.616,126.048,572.77172997,74861.15604177,
2023-03-21,126.067,130.807,123.566,129.91,809.43770125,103564.83111293,
2023-03-22,129.807,131.412,120.2,124.501,876.44739723,111531.54186746,
2023-03-23,124.493,128.694,123.948,126.824,511.35021478,64502.47143011,
2023-03-24,126.864,127.444,120.551,123.481,415.50907061,51345.35822705,
2023-03-25,123.22,123.482,120.329,121.813,329.60523308,40237.92534978,
2023-03-26,121.798,123.648,120.952,122.75,229.05225286,28032.06699954,
2023-03-27,122.715,124.13,116.189,118.76,373.42401334,45103.11440383,
2023-03-28,118.674,122.227,117.047,121.11,326.79476125,39157.57537694,
2023-03-29,121.159,130.589,120.856,126.624,3535.09717788,448439.18308049,
2023-03-30,126.368,127.679,123.325,124.988,725.90266831,91196.31509409,
2023-03-31,125.158,126.301,123.21,125.055,414.73597427,51971.84994690,
2023-04-01,124.963,126.044,123.558,125.152,231.96200412,28947.01474539,
2023-04-02,125.088,128.524,124.358,127.245,435.34013497,54990.20071955,
2023-04-03,127.263,128.12,121.3,123.589,512.76251055,64036.20159361,
2023-04-04,123.563,125.735,122.187,123.349,316.27396547,39215.89269152,
2023-04-05,123.175,125.971,121.52,121.958,298.01124508,36870.22073492,
2023-04-06,122.022,122.432,119.716,121.235,480.18146995,58227.40147365,
2023-04-07,121.302,121.302,119.004,120.771,264.78746925,31854.38295006,
2023-04-08,120.733,121.762,119.388,120.498,276.07313587,33202.82456037,
2023-04-09,120.46,122.18,118.765,121.517,244.03786793,29350.55130748,
2023-04-10,121.325,125.195,120.455,124.554,424.88222448,51936.20948704,
2023-04-11,124.484,126.2,123.598,124.592,353.92617100,44170.16192371,
2023-04-12,124.591,125.015,121.187,121.644,401.28979417,49194.16880230,
2023-04-13,121.466,125.308,120.799,125.122,314.51754471,38712.43328822,
2023-04-14,124.955,128,112.241,121.087,3447.98558042,410225.06219340,
2023-04-15,120.922,121.396,118.87,119.131,526.05522018,63077.79510997,
2023-04-16,119.193,120.198,117.466,119.304,849.90450088,101124.81241108,
2023-04-17,119.305,119.544,115.867,116.034,590.54314560,69525.74194770,
2023-04-18,115.963,120.473,115.863,118.193,919.29897958,108796.75482652,
2023-04-19,118.323,118.53,109.229,111.131,770.67328467,87367.33344808,
2023-04-20,111.014,113.298,108.897,110.166,455.34550808,50598.87759907,
2023-04-21,110.173,111.775,106.612,107.876,495.97181659,54110.33398536,
2023-04-22,107.919,114.017,107.379,113.425,351.49278453,38483.32616700,
2023-04-23,113.284,115.499,110.51,111.84,570.95665571,64395.53753957,
2023-04-24,111.945,113.668,108.832,110.22,322.96717812,35795.76478766,
2023-04-25,110.177,111.999,108.716,111.152,482.40147265,53135.01401195,
2023-04-26,111.026,115.849,106.466,111.341,681.58789142,75835.15775417,
2023-04-27,111.499,113.78,109.892,112.692,464.25983026,51887.17603765,
2023-04-28,113.15,114.021,112.129,113.918,347.91526396,39398.08452374,
2023-04-29,113.941,118.098,113.649,117.725,391.83413201,45401.48891456,
2023-04-30,117.694,118.917,114.512,115.322,481.09896998,56109.96277371,
2023-05-01,115.19,117.167,111.06,112.035,562.92924293,64401.31714269,
2023-05-02,112.101,114.231,111.627,113.321,338.89053840,38323.69513188,
2023-05-03,113.311,113.481,110.573,112.504,264.24697851,29657.31461034,
2023-05-04,112.62,113.351,111.487,112.074,303.17298675,34070.56436118,
2023-05-05,112.209,114.917,111.259,113.917,301.74657725,34199.90468758,
2023-05-06,113.94,114.93,108.798,111.123,380.49141829,42418.79462345,
2023-05-07,111.054,111.319,108.9,109.048,231.48731687,25490.05537130,
2023-05-08,109.034,109.852,102.856,106.55,611.17781546,65070.41009675,
2023-05-09,106.53,106.712,103.512,105.028,483.78963978,50760.38127940,
2023-05-10,104.92,107.738,102.01,106.567,490.25654859,51858.30967776,
2023-05-11,106.487,107.08,102.563,104.416,202.63399106,21308.85084012,
2023-05-12,104.469,106.811,102.769,106.56,211.64712136,22143.97056222,
2023-05-13,106.803,107.277,105.597,106.148,129.50009379,13779.26021380,
2023-05-14,106.157,109.954,105.716,107.219,175.44625305,18913.77979896,
2023-05-15,107.212,109.954,105.2,105.416,224.94396439,24214.69100573,
2023-05-16,105.497,107.625,105,105.866,176.91584522,18756.53676224,
2023-05-17,105.653,107.23,104.003,105.698,201.74119148,21291.38398363,
2023-05-18,105.768,106.15,102.533,103.633,325.48788549,34177.62638222,
2023-05-19,103.576,104.417,102.444,102.91,265.97956431,27515.12522510,
2023-05-20,102.936,104.298,102.01,104.161,100.36348024,10349.79737224,
2023-05-21,104.211,104.263,102.01,102.208,128.88493631,13303.58782624,
2023-05-22,102.196,102.884,101.13,101.558,239.91069966,24451.18853869,
2023-05-23,101.596,104.152,101.11,102.657,147.09000000,15114.77208032,
2023-05-24,102.693,102.693,100.02,100.294,271.87518618,27470.53389618,
2023-05-25,100.384,101.4,97.707,99.155,387.75928599,38688.30999327,
2023-05-26,99.021,101.231,96.518,100.995,422.87070564,41683.68589246,
2023-05-27,101.13,101.869,100.149,101.552,229.30309287,23125.62516265,
2023-05-28,101.607,107.722,101.075,106.614,386.87641504,39970.51686528,
2023-05-29,106.43,113.686,105.718,112.383,565.95151595,62045.06325413,
2023-05-30,112.511,117.534,110.311,116.865,593.87161841,67873.14691596,
2023-05-31,117.118,118.36,113.572,116.633,479.03568442,55627.51110125,
2023-06-01,117.085,119.983,114.622,115.647,929.67374299,109157.37190310,
2023-06-02,115.68,119.774,114.772,118.375,544.10326205,64239.18655030,
2023-06-03,118.355,118.76,114.56,115.591,470.44693382,54762.07966260,
2023-06-04,115.81,117.987,114.874,115.214,532.77941023,62234.24358702,
2023-06-05,114.978,116.484,108.563,111.67,889.00019531,100807.76131141,
2023-06-06,111.56,117.823,110.093,116.834,947.35152730,108303.55983038,
2023-06-07,116.659,116.847,110.471,111.849,839.05560069,95221.63260433,
2023-06-08,111.887,113.336,110.187,110.789,601.84576993,67066.78340449,
2023-06-09,110.824,110.985,106.652,107.319,747.12686898,81611.33068941,
2023-06-10,107.139,107.249,95.702,103.166,1337.58673635,136825.19474040,
2023-06-11,103.247,104.018,100.758,102.459,636.70323432,65229.92600526,
2023-06-12,102.514,103.15,98.961,100.088,572.13992092,57470.20415647,
2023-06-13,100.032,102.85,96.692,100.395,792.45091518,78599.12945647,
2023-06-14,100.544,102.524,96.716,98.719,803.81727420,79951.13460427,
2023-06-15,98.753,99.681,96.756,97.715,466.48150973,45831.07303712,
2023-06-16,97.68,116.923,95.792,111.877,2487.28285303,266176.46042003,
2023-06-17,112.166,116.718,104.312,104.623,2887.26863557,316681.50301509,
2023-06-18,104.514,104.527,99.703,100.71,2277.93848313,232369.83245342,
2023-06-19,100.617,100.989,98.559,99.604,1480.14481162,147739.56933024,
2023-06-20,99.815,100.544,98.558,99.851,1192.03246435,118912.12901132,
2023-06-21,99.898,105.919,99.052,104.89,2027.85720265,206610.55481832,
2023-06-22,105.118,107.612,101.096,101.383,1643.03352915,171553.69985789,
2023-06-23,101.57,106.575,101.347,105.804,1143.14252564,119149.12113217,
2023-06-24,105.653,106.922,102.627,104.485,804.22062854,84350.67005186,
2023-06-25,104.599,108.914,104.461,107.002,836.38245940,89282.38967750,
2023-06-26,106.946,108.104,104.846,106.096,726.13484637,77190.51044399,
2023-06-27,105.923,107.48,105.306,107.193,589.56529332,62791.47136031,
2023-06-28,106.972,107.057,102.158,103.217,1022.13565769,107113.43031804,
2023-06-29,103.472,106.996,102.978,106.387,739.91899483,78063.64553855,
2023-06-30,106.255,109.882,102.53,107.804,1717.83578959,183377.69559655,
2023-07-01,107.989,112.218,107.796,111.678,773.96764747,85285.48820476,
2023-07-02,111.75,112.732,108.796,110.107,1524.80552580,168843.62409906,
2023-07-03,110.274,112.117,108.62,109.672,942.77388728,103827.77393201,
2023-07-04,109.619,109.974,107.352,107.428,1045.43406181,113978.32216734,
2023-07-05,107.624,108.646,104.748,104.992,763.28215718,81215.95480649,
2023-07-06,105.068,107.434,102.455,102.455,813.57781700,85519.75439565,
2023-07-07,102.18,104.565,101.87,103.877,582.01649901,60280.97742718,
2023-07-08,103.918,104.384,102.729,104.021,206.44669538,21335.29878515,
2023-07-09,104.107,104.973,102.018,102.602,569.32506122,58833.29415990,
2023-07-10,102.139,103.394,101.302,102.116,627.15919296,64082.20556998,
2023-07-11,102.136,103.688,100.884,102.309,422.65989468,43175.39458462,
2023-07-12,102.473,102.955,100.301,100.972,217.74451744,22133.65520721,
2023-07-13,101.04,107.394,100.073,105.507,1256.44290146,130117.35660205,
2023-07-14,105.011,108.379,100.114,102.467,737.62541198,77046.85851034,
2023-07-15,102.008,104.939,101.195,101.904,519.56925389,53281.00400487,
2023-07-16,102.099,102.852,99.96,100.2,516.80908882,52299.86304211,
2023-07-17,100.169,101.831,100,101.831,181.95344529,18366.06887175,
2023-07-18,101.766,102.241,99.11,100.481,297.31640155,29788.34552412,
2023-07-19,100.513,101.45,99.797,100.526,287.71839598,28973.98520695,
2023-07-20,100.471,103.848,100.471,103.068,534.06125544,54601.74067512,
2023-07-21,103.103,104.94,101.727,102.342,359.35130172,37232.28631424,
2023-07-22,102.501,103.672,101.186,101.802,180.67564982,18536.50078878,
2023-07-23,101.834,105.094,101.834,104.514,255.22820794,26591.94073281,
2023-07-24,104.945,105.431,101.237,103.397,174.63342078,17955.08516676,
2023-07-25,103.621,103.82,101.843,102.161,314.57249136,32305.78323721,
2023-07-26,102.158,104.138,100.04,102.297,485.73444735,49532.77057299,
2023-07-27,102.033,103.867,101.3,101.339,210.69301313,21631.50236624,
2023-07-28,101.765,107.152,101.457,106.304,598.27803742,62747.23107957,
2023-07-29,106.793,112.441,106.793,111.71,1125.87689378,123430.23696373,
2023-07-30,112.359,114.16,109.605,110.944,699.56494992,78509.29957417,
2023-07-31,110.47,111.395,107.961,109.248,692.68343442,76015.32007613,
2023-08-01,108.651,109.841,106.5,108.189,490.70828749,52922.86515167,
2023-08-02,108.427,108.427,104,104.732,290.41998347,30725.14944180,
2023-08-03,104.732,105.503,101.507,102.357,515.20703557,53687.73385685,
2023-08-04,102.322,103.91,101.71,102.93,367.22085330,37734.18963092,
2023-08-05,102.71,102.961,101.13,102.059,612.04231058,62338.00855618,
2023-08-06,101.881,103.303,101.278,101.998,306.36036396,31290.67216634,
2023-08-07,102.135,102.827,100,101.911,236.36617481,23876.11337174,
2023-08-08,101.961,102.785,101.386,102.439,210.87976223,21557.06955827,
2023-08-09,102.436,102.736,101.067,102.044,329.44739864,33560.18789269,
2023-08-10,102.101,103.39,100.78,101.76,330.33337663,33693.72619832,
2023-08-11,102.005,102.372,100.888,101.769,194.86581156,19819.99028324,
2023-08-12,101.736,102.423,101.474,101.914,308.36840407,31430.96261827,
2023-08-13,102.037,102.667,101.028,101.335,265.03925619,26986.15296578,
2023-08-14,101.487,101.929,100.248,101.404,360.71480630,36588.35620925,
2023-08-15,101.42,103.024,98.282,101.096,672.78484526,67574.38002451,
2023-08-16,100.901,101.45,98.655,100.478,425.03155077,42529.65876509,
2023-08-17,100.227,100.89,90.327,97.059,1091.26117620,105696.93429568,
2023-08-18,96.973,99.978,96.972,99.902,1560.80919450,154174.80991906,
2023-08-19,100.037,101.328,99.596,100.178,637.13786796,64074.99703394,
2023-08-20,100.175,101.206,99.725,100.459,330.94902264,33266.66096352,
2023-08-21,100.65,100.838,98.306,99.577,542.81056002,54122.64245728,
2023-08-22,99.574,100.696,97.674,100.232,597.43834235,59570.46222016,
2023-08-23,100.233,100.767,98.307,99.808,519.98800753,51803.37773419,
2023-08-24,100.169,100.835,98.87,99.921,325.97600502,32477.83684158,
2023-08-25,100.185,101.45,99.259,101.434,537.70237447,53969.41024012,
2023-08-26,101.52,105.898,101.237,103.26,1067.96316193,110887.08115213,
2023-08-27,103.26,104.794,101.695,102.937,624.48754069,64324.50998961,
2023-08-28,102.766,104.81,100.909,101.412,1252.19475141,129785.02040640,
2023-08-29,101.402,103.909,100.084,101.434,370.32219178,37660.73297723,
2023-08-30,101.332,101.656,100.25,100.947,275.20463861,27762.52177806,
2023-08-31,100.855,101.16,98.367,99.612,304.13298389,30422.90216465,
2023-09-01,99.808,100.483,98.257,99.139,350.91498268,34906.12708620,
2023-09-02,99.109,99.894,98.816,99.737,302.41962987,30066.28521271,
2023-09-03,99.715,100.197,98.319,99.029,245.90968553,24401.63164342,
2023-09-04,99.14,100.057,96.631,97.583,570.02366194,55753.20834278,
2023-09-05,97.569,99.747,96.623,99.601,357.78253815,35025.22819612,
2023-09-06,99.655,100.646,98.83,100.497,360.18339015,35894.64138517,
2023-09-07,100.487,101.419,99.926,100.978,294.18863555,29625.92476895,
2023-09-08,100.909,100.91,98.823,99.392,201.58283473,20102.56132984,
2023-09-09,99.21,99.501,98.28,98.28,198.32106922,19635.08614305,
2023-09-10,98.429,98.615,96.839,97.971,342.24565966,33468.10696894,
2023-09-11,97.788,98.125,91.495,92.504,712.89437030,66766.49768253,
2023-09-12,92.605,94.265,91.86,92.653,551.78802767,51268.54137420,
2023-09-13,92.767,93.075,91.03,92.667,726.52552293,66837.67686543,
2023-09-14,92.629,93.569,91.618,92.36,468.36622395,43260.83068677,
2023-09-15,92.403,94.137,91.027,93.197,671.33436949,62231.51886294,
2023-09-16,93.307,93.998,90.01,91.5,813.94866866,74847.62727000,
2023-09-17,91.531,91.541,90.002,90.991,572.85969349,52010.70821493,
2023-09-18,90.974,92.872,90.525,91.277,439.51748416,40355.57663421,
2023-09-19,91.229,92.873,90.997,92.101,386.63233450,35527.41656687,
2023-09-20,92.031,92.468,89.631,90.119,591.33116389,53666.33442182,
2023-09-21,90.065,90.64,88.354,89.276,681.25186788,61075.69136347,
2023-09-22,89.378,90.218,88.85,89.898,321.80094930,28879.85174983,
2023-09-23,89.965,91.36,89.585,91.03,402.23010054,36411.54471891,
2023-09-24,91.08,91.117,88.034,88.252,437.42372135,39268.28058972,
2023-09-25,88.076,89.253,87.275,87.449,635.74037425,56006.74692283,
2023-09-26,87.486,88.404,84.895,87.015,1113.72909762,95917.87180817,
2023-09-27,87.06,88.953,86.236,88.657,749.33512114,65662.38677614,
2023-09-28,88.529,91.102,88.529,89.934,337.86983972,30401.72585154,
2023-09-29,89.953,90.965,89.573,90.745,532.24347968,48093.44397817,
2023-09-30,90.778,90.86,89.871,90.413,315.29312378,28538.70899692,
2023-10-01,90.339,92.937,89.364,92.098,366.13643010,33231.36341863,
2023-10-02,92.097,92.235,87.5,88.792,483.97091666,43489.27331027,
2023-10-03,89.022,89.717,87.601,87.62,826.80035692,73063.47490993,
2023-10-04,87.574,88.782,84.801,86.417,879.96975917,76231.98557688,
2023-10-05,86.369,87.662,85.144,86.519,553.52276213,47827.69767415,
2023-10-06,86.536,89.295,86.4,89.038,495.55558557,43552.46762266,
2023-10-07,89.153,89.342,87.395,88.399,299.59289897,26439.50608205,
2023-10-08,88.482,88.968,87.452,88.316,242.17354603,21373.72233271,
2023-10-09,88.203,89.525,85.672,87.85,430.12914213,37743.44808577,
2023-10-10,87.87,88.334,84.786,85.677,643.01299356,55174.17973950,
2023-10-11,85.774,86.404,84.852,86.215,461.16248673,39444.79986626,
2023-10-12,86.136,86.945,83.885,84.015,582.08969174,49858.76807285,
2023-10-13,84.02,88.073,83.982,86.828,481.79263290,41519.71980693,
2023-10-14,86.737,88.182,86.632,86.888,267.13811239,23336.51676912,
2023-10-15,86.93,87.313,85.156,85.294,232.92308121,20027.24566461,
2023-10-16,85.295,89.047,85.295,87.313,351.89939935,30688.00310735,
2023-10-17,87.367,87.892,85.383,85.648,530.40332859,46064.84868076,
2023-10-18,85.518,86.977,84.887,85.302,398.47394342,34266.04178616,
2023-10-19,85.208,85.878,84.582,84.771,559.49989279,47645.46756413,
2023-10-20,84.773,87.536,84.443,86.394,313.34506235,27092.87625607,
2023-10-21,86.528,89.362,85.743,89.027,401.51558868,35132.05994939,
2023-10-22,88.945,94.696,88.39,94.593,860.82046751,78616.14500554,
2023-10-23,94.612,96.722,92.545,96.268,671.10453150,63598.77823657,
2023-10-24,96.427,100.78,94.465,97.915,900.75131388,87854.46226770,
2023-10-25,97.89,105.703,96.032,104.707,710.36687696,72830.49249852,
2023-10-26,104.79,108.747,103.105,108.724,983.49570232,104112.67887780,
2023-10-27,108.453,109.731,105.061,105.492,833.51917097,89608.99323291,
2023-10-28,105.448,108.557,103.745,103.745,451.18394777,47916.91600398,
2023-10-29,103.746,106.479,103.176,105,266.95999014,28106.97714450,
2023-10-30,105.485,106.619,103.699,105.229,350.96984132,36903.51819078,
2023-10-31,104.962,106.195,100.456,103.28,441.38636704,45613.74542301,
2023-11-01,103.223,105.233,99.6,104.329,417.42247194,42464.93885781,
2023-11-02,104.503,105.45,97.959,99.289,639.64377255,64771.30114296,
2023-11-03,99.229,99.494,95.35,98.901,698.32858288,68003.82667806,
2023-11-04,98.767,100.546,97.864,99.67,429.62741298,42773.48304821,
2023-11-05,99.68,101.79,99.16,101.3,615.05978091,61809.76210009,
2023-11-06,101.26,104.77,99.48,104.3,1014.06432170,104173.35699723,
2023-11-07,104.49,105.05,99.23,100.69,713.23445829,72967.86619935,
2023-11-08,100.58,107.38,99.67,106.85,563.58651473,58221.05188776,
2023-11-09,106.92,111,100.24,107.33,1601.77212305,171217.73427453,
2023-11-10,107.36,109.07,103.89,108.06,569.17658191,60745.23874080,
2023-11-11,107.95,112.27,104.82,107,882.03976596,95967.20758723,
2023-11-12,107.01,107.95,103.23,104.03,604.94402794,63753.19604829,
2023-11-13,104.15,106.62,100.25,100.53,1341.99746410,138221.03543042,
2023-11-14,100.4,103.35,98,101.79,1527.94585762,155600.64164146,
2023-11-15,101.9,104.96,100.82,104.3,775.53664588,80216.91432687,
2023-11-16,104.13,106.03,100.38,100.82,648.00088444,66955.33365007,
2023-11-17,100.79,102.83,96.4,100.02,1064.55069874,105948.45715163,
2023-11-18,99.58,101.71,95.67,101.17,617.46336198,61704.27040479,
2023-11-19,101.2,101.35,98.33,101.13,516.32340913,51568.99482958,
2023-11-20,101.14,101.79,98,99,1174.92937861,117719.28770148,
2023-11-21,98.84,100.16,94.86,95.14,1781.77335095,174493.06295919,
2023-11-22,95.06,99.9,94.88,97.98,706.90937678,69472.29639913,
2023-11-23,98.12,100.39,97.64,98.89,1210.51650864,119562.29513133,
2023-11-24,98.67,100.14,97.4,99.14,1068.65587346,105827.28528851,
2023-11-25,98.93,104.68,98.76,104.68,911.94140000,92426.25750900,
2023-11-26,104.63,105.8,100.53,100.66,1329.44766754,137390.02975766,
2023-11-27,100.45,101.55,98.03,99.03,1466.55246573,145499.96473521,
2023-11-28,98.98,100.05,96.35,99.42,1201.75704493,118106.54283919,
2023-11-29,99.81,100.01,97.65,98.21,655.14592003,64724.57274319,
2023-11-30,98.17,100.08,97.74,100.08,662.59202057,65696.19905666,
2023-12-01,100.08,101.74,99.84,100.1,738.80050000,74399.26134500,
2023-12-02,100.18,102.18,99.11,101.61,712.49932206,71881.85424251,
2023-12-03,101.3,101.67,99.64,100.69,692.52854200,69606.04838593,
2023-12-04,101.21,103.42,98.66,101.36,1740.47979602,175873.70114206,
2023-12-05,101.52,107.9,99.37,107.89,1761.42485229,180155.94720426,
2023-12-06,107.97,113.43,105.48,110.62,3130.14503856,345435.76429076,
2023-12-07,111,113.72,106.19,109.74,1378.63494160,152144.39152883,
2023-12-08,109.64,114.79,107.84,114.63,1229.55283562,136369.02206333,
2023-12-09,114.8,120.58,114.16,115.01,1062.38113593,124901.08994976,
2023-12-10,115.3,116.58,113.1,114.65,2104.83065106,240930.65936660,
2023-12-11,114.99,115.54,107.45,111.98,1140.89469900,125707.65445682,
2023-12-12,111.98,114.77,108.69,110.78,1022.06053052,115018.82954311,
2023-12-13,110.64,115.8,105.06,114.82,1286.63938528,141013.48836478,
2023-12-14,114.69,117.85,111.69,114.53,1178.14925264,135375.15915692,
2023-12-15,114.27,115.1,109.64,109.86,734.26718706,83004.66483578,
2023-12-16,110.07,113.8,108.89,112.37,474.43232956,53467.37971013,
2023-12-17,112.74,113.06,108.76,108.76,474.95593458,52649.47425799,
2023-12-18,108.89,109.97,103.13,109.33,985.81742648,104789.70046485,
2023-12-19,109.48,110.88,106.15,106.94,505.31014842,55154.62130259,
2023-12-20,107.17,110.86,105.77,108.72,509.83204579,55649.93735127,
2023-12-21,108.9,109.28,105.59,108.39,836.17062549,89957.69575636,
2023-12-22,108.7,117.26,108.28,117.26,2343.90467010,260613.63298526,
2023-12-23,117.26,117.26,113.19,114.46,1040.41271449,119695.67129653,
2023-12-24,114.58,143.62,112.32,133.18,4412.58868127,556946.52021711,
2023-12-25,133.19,144.23,130.97,137,5494.24064553,758105.70002446,
2023-12-26,137.1,153.72,136.35,144.44,3859.04978090,565259.91486123,
2023-12-27,144.34,145.37,137.18,139.33,1746.21260331,246462.05011747,
2023-12-28,139.24,143.59,135.53,135.81,1254.32236644,175441.26275858,
2023-12-29,136,137.64,131.38,133.37,745.08660143,100267.37011671,
2023-12-30,134.01,153.21,131.95,147.57,1136.12477399,159841.94389470,
2023-12-31,148.09,149.04,135,137.63,847.60765428,120201.99618711,
2024-01-01,137.71,141.64,136.08,140.79,639.83540638,88763.15340420,
2024-01-02,140.64,145,133.67,135.64,1128.80980967,157269.08043972,
2024-01-03,136.05,137.7,114.87,125.15,2312.19064339,288305.89908588,
2024-01-04,124.99,131.17,122.96,128.26,981.77198117,125525.55376387,
2024-01-05,128.85,129.43,115.83,121.4,1236.07400545,149645.79919307,
2024-01-06,121.2,121.86,113.61,118.88,1202.23763688,142798.19889507,
2024-01-07,118.5,121.36,111.88,112.83,1540.43629582,179210.93109190,
2024-01-08,112.74,121.8,106.14,119.11,1255.82205877,142335.82419812,
2024-01-09,119.15,119.94,111.13,116.2,1758.65853666,203494.15023167,
2024-01-10,116.14,131.78,111.89,126.81,939.60784985,111260.10500338,
2024-01-11,127.26,129.96,121.37,124.44,1527.79713781,191417.02455826,
2024-01-12,124.58,130.83,113.25,116.53,1647.39912386,202249.36670141,
2024-01-13,116.86,121.51,114.03,120.47,518.55858932,61706.92181216,
2024-01-14,120.31,120.88,115.38,115.52,988.41608734,117598.97510359,
2024-01-15,115.33,119.42,115.33,116.68,490.12899298,57614.36781175,
2024-01-16,116.65,120.4,115.66,119.13,845.37161514,100027.14765916,
2024-01-17,119.1,120.46,115.46,117.47,426.05493329,50062.03641789,
2024-01-18,117.7,119.79,111.33,113.16,679.00988515,78916.51615870,
2024-01-19,113.32,114.7,107.13,113.87,882.28848060,98545.32398777,
2024-01-20,114.28,115.76,112.26,114.86,351.12865300,40072.08015832,
2024-01-21,114.45,116.08,112.5,112.68,381.69806410,43812.77021084,
2024-01-22,113.11,113.31,106.07,106.67,1013.90795409,110552.39125123,
2024-01-23,106.77,108.24,100.35,104.9,927.48018276,95737.33672119,
2024-01-24,104.88,109.07,103.53,106.06,578.52566212,61192.89674077,
2024-01-25,106.19,108.05,102.83,105.22,470.85383506,49388.66712710,
2024-01-26,105.21,110.31,104.27,109.74,395.30884830,42624.74448364,
2024-01-27,109.84,110.7,107.63,108.83,628.82657489,68575.59057131,
2024-01-28,108.87,109.34,104.79,105.76,614.35944064,66236.30632404,
2024-01-29,105.78,109,104.23,108.47,528.32164764,56391.94614985,
2024-01-30,108.62,109.37,104.58,105.5,592.73061361,63602.39579522,
2024-01-31,105.59,105.86,101.71,102.59,1066.21053588,110924.70945772,
2024-02-01,102.87,103.91,100.5,103.44,623.37977204,63883.23509915,
2024-02-02,103.34,104.82,101.95,102.86,361.65819449,37395.13858018,
2024-02-03,102.8,104.94,102.23,102.53,468.70432379,48488.16298497,
2024-02-04,102.47,102.47,100.04,100.74,458.99870256,46495.37553667,
2024-02-05,100.74,103.78,99.82,102.02,893.44535472,90977.11732321,
2024-02-06,101.84,103.4,101.27,103.08,779.92038293,79832.14361385,
2024-02-07,103.11,105,101.75,104.41,454.33739898,47045.79634700,
2024-02-08,104.33,104.83,102.28,104.25,501.20777293,51878.85757672,
2024-02-09,104.04,107.11,103.89,105.57,873.72628811,92046.60455868,
2024-02-10,105.86,106.34,103.14,103.58,716.90357206,74999.98677046,
2024-02-11,103.44,105.45,101.95,103.15,648.97232851,67245.33139109,
2024-02-12,103.2,106.68,101.31,106.35,1071.93244994,111643.48362783,
2024-02-13,106.34,106.82,101.54,103.63,1160.03960309,120402.06061562,
2024-02-14,103.59,106.56,102.64,105.49,1338.29113659,140954.89978059,
2024-02-15,105.6,111.43,104.97,111.09,1889.20093233,203731.20604434,
2024-02-16,110.99,113.99,108.64,109.9,1477.27426120,164555.24551501,
2024-02-17,109.94,110.78,105.96,107.36,970.03828542,104807.14256719,
2024-02-18,107.4,110.17,106.43,109.94,1104.52296457,119983.08258479,
2024-02-19,110.04,112.94,109.17,111.91,1657.08873841,184228.43541977,
2024-02-20,112.08,112.35,104.68,109.32,1978.45346095,214304.60041285,
2024-02-21,109.59,109.59,101.76,105.12,1555.63967571,162768.27989996,
2024-02-22,105.21,106.74,101.96,103.06,1505.79171349,156946.12453680,
2024-02-23,103.18,104.1,101.35,102.88,2005.85269921,205943.11452627,
2024-02-24,102.86,104.95,101.3,104.58,1480.20094954,153236.99436498,
2024-02-25,104.43,107.93,103.42,107.38,1685.72962214,177387.47329676,
2024-02-26,107.31,108.57,103.61,108.47,2335.14175341,248470.79927372,
2024-02-27,108.56,111.93,107.45,109.33,2723.41023971,299273.21907349,
2024-02-28,109.36,115.02,103.14,110.3,3818.69549703,421032.61941029,
2024-02-29,110.28,116.63,109.08,115,3235.04628005,367657.77185215,
2024-03-01,114.98,129.1,112.53,124.42,5898.45367963,714018.10107919,
2024-03-02,124.24,127.83,120.02,127.55,3178.53394997,391908.52301299,
2024-03-03,127.56,129.66,120.83,122.65,4646.95171300,583986.37309301,
2024-03-04,122.69,135.34,120.81,128.33,8139.29641059,1035071.10165932,
2024-03-05,128.24,134.34,104.11,117.67,4200.01246209,515829.34992059,
2024-03-06,117.72,129.23,113.92,126.81,2333.38599077,286745.07295640,
2024-03-07,126.72,130.32,124.82,126.54,1397.20274247,178765.33676698,
2024-03-08,126.76,127.82,120.07,123.86,5532.89515114,688198.34127295,
2024-03-09,123.83,124.73,119.97,120.4,1743.55838448,213137.89896242,
2024-03-10,120.6,121.96,115.35,118.41,1490.53936389,177711.61471170,
2024-03-11,118.45,127.33,113.22,126.19,3742.30935065,451554.81411390,
2024-03-12,125.77,139.22,117.49,138.35,3701.70638342,468879.01500914,
2024-03-13,138.15,146.58,131.62,137.92,4801.28085633,672043.56271875,
2024-03-14,137.86,142.14,128.29,136.12,2834.33110366,386883.17318753,
2024-03-15,136.15,138.07,119.09,135.74,2988.77651077,389372.99752090,
2024-03-16,135.81,137.27,120.56,123.19,1091.46675067,141550.14232303,
2024-03-17,123.71,130.12,117.95,127.88,2337.50668441,293389.72430117,
2024-03-18,127.81,136.25,122.45,123.73,1552.71520830,199473.14126522,
2024-03-19,123.73,125.22,109.3,112.05,1452.93873928,168195.42794797,
2024-03-20,111.98,123.64,106.2,123,1586.77549330,181585.46051382,
2024-03-21,122.82,132.13,121.75,124.15,1615.15860504,206426.73618586,
2024-03-22,124.04,129.77,118.86,122.1,1865.87409716,228565.72674048,
2024-03-23,122.23,129,120,124.68,1271.29484584,158116.49516456,
2024-03-24,125.22,138.75,124.69,135.27,1074.24732096,140999.89232561,
2024-03-25,134.71,148.73,132.5,140.27,2560.14050205,364831.55008314,
2024-03-26,139.86,149.41,137.65,139.55,2319.86235636,328907.42495422,
2024-03-27,139.14,142.77,134.18,136.49,1469.02382770,202766.46376009,
2024-03-28,136.03,143.61,134,137.24,1332.27210688,185084.62253187,
2024-03-29,137.31,139.28,133.14,135.27,1149.97023569,156033.99306167,
2024-03-30,135.17,136.8,132.27,133.01,688.14918429,92544.55723283,
2024-03-31,132.3,135.8,131.92,132.1,1013.72039347,135399.30227788,
2024-04-01,132.1,133.44,124.44,126.75,1639.53183441,211735.11691151,
2024-04-02,126.91,127.39,118.4,119.15,2011.82176176,243345.79181351,
2024-04-03,119.43,124.27,116.54,118.56,863.20983823,104036.50092823,
2024-04-04,118.75,125.72,116.98,121.3,585.02563982,70771.86114640,
2024-04-05,121.08,121.38,114.83,118.48,640.37149533,75564.18891302,
2024-04-06,118.35,120.9,118.08,119.78,421.62106834,50469.02723487,
2024-04-07,119.69,122,118.62,120.06,363.50948255,43852.56777499,
2024-04-08,119.89,123.6,118.03,122.55,546.72206012,66903.75882371,
2024-04-09,122.41,123.02,115,116.48,793.52039649,93361.78909157,
2024-04-10,116.15,118,113.16,116.76,817.65965122,95009.64135801,
2024-04-11,116.7,117.6,113.98,115.33,403.54765544,46808.79072010,
2024-04-12,115.36,116.82,95.78,105.29,3595.51338694,375322.32101542,
2024-04-13,104.8,105.61,82.29,95.45,3460.92529590,334887.51617708,
2024-04-14,95.49,105.8,91.6,104.74,1894.22261732,186841.74266546,
2024-04-15,104.55,115.14,101.39,103.59,1906.73921159,206892.43487128,
2024-04-16,103.49,105.54,97.35,103.43,836.16736057,85599.17805135,
2024-04-17,103.47,104.96,99.3,101.74,549.72666111,56034.61855051,
2024-04-18,101.72,108.72,98.8,108.32,474.03411139,49688.35283977,
2024-04-19,108.27,109.23,99.1,104.41,795.09016769,83521.97592392,
2024-04-20,104.19,110.2,103.08,109.74,482.61141174,51839.92825378,
2024-04-21,109.3,109.89,104.65,106.23,314.15122847,33578.05043150,
2024-04-22,106.43,110.58,105.8,108.15,794.38008138,86221.77319319,
2024-04-23,108.33,109.57,105.58,109.16,938.09690578,101282.94359408,
2024-04-24,109.34,116.53,107.13,107.85,1085.26445099,121077.96858688,
2024-04-25,108.1,110.55,105.4,109.99,238.36025597,25747.36945916,
2024-04-26,110.11,111.2,106.5,106.54,368.71060763,40063.54296306,
2024-04-27,106.59,107.07,102.18,104.09,282.74060882,29479.18541234,
2024-04-28,104.13,107.15,101.5,101.66,386.93060334,40189.79026978,
2024-04-29,101.79,104.48,100.5,103.13,690.59368067,70543.87713559,
2024-04-30,102.95,104.53,96.44,99.52,483.06733934,48387.15708019,
2024-05-01,99.69,102.41,93.62,101.46,782.86047964,76751.64327786,
2024-05-02,101.57,103.13,99.24,101.53,368.60152572,37164.88789250,
2024-05-03,101.77,106.67,101.14,106.1,293.25107817,30284.81952522,
2024-05-04,105.77,106.51,101.81,101.96,854.62458071,89253.71149569,
2024-05-05,102.18,102.92,100.01,101.08,200.85060588,20295.18804307,
2024-05-06,101.09,103.68,97.93,98.29,413.55856475,41546.62271671,
2024-05-07,98.25,101.01,96.41,96.73,368.98392021,36430.33239836,
2024-05-08,96.61,98.56,95.38,96.8,491.56133891,47832.36992489,
2024-05-09,97,99.44,96.01,99.33,434.68300291,42294.42422040,
2024-05-10,99.22,100.6,95,96.24,507.72260007,49846.93571543,
2024-05-11,96.44,97.47,95.1,95.26,494.06256373,47352.07694859,
2024-05-12,95.5,96.18,93.22,94.48,346.66469111,32834.03852262,
2024-05-13,94.53,97,91.46,95.8,635.07820593,60576.62287134,
2024-05-14,96.11,96.34,91.95,92.72,505.17628474,47141.86119510,
2024-05-15,93.05,97.03,92.06,96.61,387.27420816,36509.06008503,
2024-05-16,96.67,97.03,94.27,94.75,154.45771070,14769.09396884,
2024-05-17,94.84,98.5,93.5,97.98,314.70526282,30233.83434573,
2024-05-18,97.98,100.85,97.22,98.13,268.30248436,26445.65178501,
2024-05-19,97.95,98.4,94.48,94.8,134.22360197,12914.69433227,
2024-05-20,94.49,101.77,93.69,101.53,483.25130581,47117.30901359,
2024-05-21,101.33,103.42,97.01,97.87,433.20559565,43480.26355099,
2024-05-22,97.62,99.57,95.71,96.25,1185.34067349,115053.40444090,
2024-05-23,96.16,97.69,90.96,94.32,1206.68408071,113642.44882032,
2024-05-24,94.29,95.31,92.01,94.12,1665.08932979,156711.59178427,
2024-05-25,93.93,95.76,93.26,93.79,525.91175213,49397.74317257,
2024-05-26,93.93,94.06,91.4,92.36,541.19798229,50000.53123817,
2024-05-27,92.21,94.57,91.87,92.45,514.52707667,47792.81863671,
2024-05-28,92.44,92.59,89.64,91.89,861.20569555,78671.03383696,
2024-05-29,91.87,93.59,90.41,91.93,564.20820464,51808.86114281,
2024-05-30,92.35,92.35,89.21,90.96,522.49922660,47541.47422988,
2024-05-31,90.58,91.81,89.28,90.74,219.21042330,19888.88953752,
2024-06-01,90.5,91.21,89.82,91.11,405.53053661,36602.43851232,
2024-06-02,90.87,92.79,90.81,91.45,298.50024301,27299.43959036,
2024-06-03,91.52,92.57,90.43,90.6,261.41288089,23961.52929344,
2024-06-04,90.42,91.77,90.02,91.21,334.56280247,30403.90510120,
2024-06-05,91.25,91.8,89.42,90.78,719.94531396,65298.37207113,
2024-06-06,90.52,91.03,88.62,89.75,553.78104721,49764.35337682,
2024-06-07,89.76,90.56,77.06,86.22,2719.81917694,229058.50104509,
2024-06-08,86.1,86.58,82.11,83.35,965.99272774,81279.45464665,
2024-06-09,83.52,88,83.01,87.79,567.95507918,48760.31618492,
2024-06-10,87.72,90.47,87.13,87.59,718.30600000,63625.49826000,
2024-06-11,87.67,87.82,81.85,84.4,1486.28400123,126622.84189625,
2024-06-12,85.04,88.38,83.58,87.6,660.25273120,56995.31264866,
2024-06-13,87.45,88.22,82.64,83.29,449.61600000,38087.73196000,
2024-06-14,83,83.48,79.08,81.34,858.65409831,69687.68979973,
2024-06-15,81.33,83.73,81.33,82.53,338.42453954,28046.44144484,
2024-06-16,82.55,83.57,82.05,82.94,341.21474524,28273.04859867,
2024-06-17,82.85,83.41,77.22,79.66,897.17001959,72052.82445571,
2024-06-18,79.69,79.94,72.2,76.47,2125.22154960,161043.17095826,
2024-06-19,76.4,79.7,76.2,78.87,280.04043546,21888.27378308,
2024-06-20,78.61,80.13,77.54,78.24,365.62942291,28834.13149462,
2024-06-21,78.07,78.87,75.14,76.54,230.73295604,17687.16962236,
2024-06-22,76.48,76.48,74.75,75.22,106.93400000,8060.24421000,
2024-06-23,75.23,77.11,73.69,74.05,490.81333915,37152.24890241,
2024-06-24,74,75.33,72.04,74.56,558.57054832,41247.19854804,
2024-06-25,74.24,76.77,74.05,76.6,658.16240054,50106.17443019,
2024-06-26,76.66,77.83,74.95,75.74,220.59796321,16847.76649782,
2024-06-27,75.67,77.07,72.89,72.93,1050.29900000,78048.00550000,
2024-06-28,72.99,76.65,69.89,76.65,1982.46402591,144633.27303094,
2024-06-29,76.49,79.46,75.49,75.67,777.23231094,60204.42618080,
2024-06-30,75.49,77.26,74.41,77.11,987.54466565,74068.54799750,
2024-07-01,77.26,80.87,76.98,80,540.58636239,42594.71421773,
2024-07-02,80.06,81.45,79.53,80.36,634.76804261,50982.92444619,
2024-07-03,80.24,80.36,75.49,76.49,342.40867635,26555.18626437,
2024-07-04,76.57,77.05,69.97,71.78,901.74896839,65456.52099675,
2024-07-05,71.81,76.4,64,74.05,1066.84766850,74807.60223151,
2024-07-06,73.94,75.63,72.71,74.53,658.31599882,48802.66577394,
2024-07-07,74.67,74.67,68.88,69.18,622.05116321,45196.70145533,
2024-07-08,69.18,72.61,66.84,71.08,541.67183924,37971.45292896,
2024-07-09,70.99,73.33,70.65,71.86,455.16238269,32748.92424000,
2024-07-10,71.74,72.43,69.53,70.1,371.66006616,26275.83267962,
2024-07-11,70.02,71.41,68.28,68.47,432.68320227,30232.17652811,
2024-07-12,68.64,71.89,68.6,70.85,486.81412235,34416.97061601,
2024-07-13,70.84,72.34,70.54,71.54,764.43678838,54739.28606435,
2024-07-14,71.6,74.48,70.82,74.07,531.99717566,38893.11718604,
2024-07-15,74.05,78.66,73.87,78.46,2786.77502026,209268.52955357,
2024-07-16,78.5,80.9,76.3,79.32,591.89968152,46573.11946373,
2024-07-17,79.45,80.76,76.6,76.74,651.79751389,51516.02783651,
2024-07-18,76.93,78.19,74.23,75.59,309.27777302,23524.01973795,
2024-07-19,75.85,76.97,73.14,76.53,541.09826991,40947.43240831,
2024-07-20,76.57,76.87,74.41,75.67,237.70200000,17989.97878000,
2024-07-21,75.62,76.8,72.25,75.9,606.33448080,45520.74433012,
2024-07-22,76.18,76.44,73.23,73.69,408.19374031,30392.47131048,
2024-07-23,73.56,74.74,71.17,72.79,515.40650277,37719.15453383,
2024-07-24,72.77,73.87,70.89,71.25,448.29676660,32478.53767305,
2024-07-25,71.36,72.79,69.18,71.95,879.79165062,62331.38043305,
2024-07-26,71.9,74.44,71.9,73.03,519.76300000,38101.60433000,
2024-07-27,73.31,73.86,71.89,73.33,288.55500000,21071.99645000,
2024-07-28,73.15,73.33,70.99,71.69,275.45600000,19914.42374000,
2024-07-29,71.88,73.33,71.51,71.71,354.75000000,25667.41556000,
2024-07-30,71.8,72.43,68.46,68.8,905.70100000,63491.64872000,
2024-07-31,68.64,70.09,68.26,68.79,483.49148852,33461.85020999,
2024-08-01,69,70.16,65.39,69.35,651.81000000,44250.67352000,
2024-08-02,69.29,69.31,63.52,66.24,929.23607742,61290.79491999,
2024-08-03,66.17,67.2,62.88,64.5,475.68076484,31064.40257999,
2024-08-04,64.33,64.91,59.51,59.95,1142.51400000,70902.72169200,
2024-08-05,60.12,65.72,50.23,59.09,4149.52816502,230283.41386999,
2024-08-06,58.79,62.62,58.79,61.43,964.46285629,58596.98316999,
2024-08-07,61.26,64.06,57.92,59,788.03700000,47993.92550000,
2024-08-08,59.07,64.83,58.31,64.32,1302.73900000,80361.43848000,
2024-08-09,64.14,66.93,63.06,65.98,1003.15100000,65059.89103000,
2024-08-10,66.01,67.95,64.96,67.11,422.86400000,28202.97075000,
2024-08-11,67.27,69.21,64.72,64.9,437.06400000,29313.34145000,
2024-08-12,64.89,67.22,64.08,65.94,242.37700000,15944.95601000,
2024-08-13,65.79,66.22,63.76,64.65,639.03400000,41498.46794000,
2024-08-14,64.86,65.76,62.88,63.2,488.30600000,31298.45077000,
2024-08-15,63.42,64.61,61.45,62.16,345.44100000,21821.23115000,
2024-08-16,61.98,63.63,60.87,62.88,431.50900000,26852.37348000,
2024-08-17,62.87,63.31,61.99,63.2,714.26500000,44570.14544000,
2024-08-18,63.38,63.45,61.98,62.29,419.23400000,26192.50777000,
2024-08-19,62.16,62.43,60.79,61.8,444.22000000,27350.73492000,
2024-08-20,61.95,64.15,61.89,63.54,375.88600000,23790.51430000,
2024-08-21,63.78,65.22,62.6,64.26,357.96500000,22813.50527000,
2024-08-22,64.5,67.61,63.96,67.56,153.62000000,10225.44527000,
2024-08-23,67.67,71.17,67.67,70.87,407.82000000,28296.05856000,
2024-08-24,71.17,72.13,69.83,71.51,329.99400000,23449.47130000,
2024-08-25,71.17,71.53,68.06,68.82,187.41400000,13027.25499000,
2024-08-26,68.92,69.62,65.58,66.09,525.04500000,35398.27645000,
2024-08-27,66,67.02,62.51,63.65,412.79800000,26864.33753000,
2024-08-28,63.6,66.03,62.16,63.78,557.34800000,35698.30726000,
2024-08-29,63.96,66.66,63.56,64.61,216.80200000,14121.26840000,
2024-08-30,64.66,65.76,62.16,64.19,595.99200000,38073.02486000,
2024-08-31,64.32,64.5,62.47,62.48,190.22300000,12033.98173000,
2024-09-01,62.64,62.65,60.07,60.64,272.54500000,16631.30067000,
2024-09-02,60.51,62.7,60,62.46,269.17700000,16492.76321000,
2024-09-03,62.52,63.96,60.31,60.31,857.91200000,54049.45295000,
2024-09-04,60.31,62.7,58.23,62.23,532.13500000,31884.45583000,
2024-09-05,62.31,62.52,59.71,60.14,272.25438905,16559.35565991,
2024-09-06,60.15,61.26,55.9,57.53,709.88100000,41397.98153000,
2024-09-07,57.6,60.18,56.84,60.18,547.87400000,32435.05505000,
2024-09-08,60.25,69.78,60.18,69.1,2762.42700000,185704.91513000,
2024-09-09,69.36,73.91,69.18,73.33,1157.89200000,83108.90417000,
2024-09-10,73.51,74.88,72.43,72.79,568.33000000,41757.12280000,
2024-09-11,72.75,72.75,70.52,70.79,811.14500000,57923.35806000,
2024-09-12,70.73,77.62,70.18,77.62,502.51100000,36988.80132000,
2024-09-13,77.65,77.91,75.46,76.51,490.81500000,37740.84618000,
2024-09-14,76.51,76.57,73.87,74.33,652.62400000,48847.61372000,
2024-09-15,74.23,75.85,72.15,72.92,397.08200000,29410.78653000,
2024-09-16,72.79,73.36,69.72,70.45,716.68600000,50722.57037000,
2024-09-17,70.27,71.89,69.27,69.54,537.29600000,37661.33337000,
2024-09-18,69.36,73.82,68.95,73.15,2584.03900000,185181.95987000,
2024-09-19,73.13,75.52,71.91,73.87,914.41200000,67214.10005000,
2024-09-20,73.72,77.25,73.42,76.95,625.54200000,47235.96370000,
2024-09-21,77.11,77.37,74.04,75.13,244.70900000,18361.10747000,
2024-09-22,74.95,75,72.5,73.87,222.24800000,16434.74527000,
2024-09-23,73.91,79.09,72.68,78.01,520.09800000,39641.05552000,
2024-09-24,78.19,78.73,76.21,77.68,480.42300000,37381.94439000,
2024-09-25,77.67,80.18,76.87,78.01,511.19200000,40286.22933000,
2024-09-26,78.16,80.79,77.29,79.21,497.25900000,39526.98721000,
2024-09-27,79.45,80.81,77.47,78.55,438.32100000,34921.46968000,
2024-09-28,78.73,79.61,76.21,77.11,219.92900000,17115.70102000,
2024-09-29,77.16,78.01,74.77,76.03,699.21700000,52941.71298000,
2024-09-30,75.85,76.21,72.34,72.97,385.28000000,28719.20975000,
2024-10-01,72.92,74.59,67.75,68.64,1138.24600000,82153.55385000,
2024-10-02,68.46,70.45,66.28,67.2,457.00600000,31194.73341000,
2024-10-03,67.03,69.54,66.84,68.14,1046.63400000,71415.05847000,
2024-10-04,68.09,70.45,67.38,70.45,274.49200000,18999.41475000,
2024-10-05,70.39,72.46,68.33,68.75,306.98100000,21439.45780000,
2024-10-06,68.87,69.9,68.1,69.54,644.98200000,44403.79482000,
2024-10-07,69.72,70.99,67.2,67.38,463.13700000,31976.93560000,
2024-10-08,67.56,68.46,65.94,66.73,408.36900000,27367.73628000,
2024-10-09,66.84,67.47,64.51,65.81,561.77700000,37047.14081000,
2024-10-10,65.9,67.01,64.5,65.83,416.39500000,27370.73352000,
2024-10-11,66.06,67.78,65.6,66.71,298.45100000,20012.32461000,
2024-10-12,66.67,67.78,66.29,66.51,540.57700000,36163.94273000,
2024-10-13,66.66,66.85,64.18,64.86,392.82300000,25583.10717000,
2024-10-14,64.82,68.3,64.55,67.91,1132.53300000,75778.77099000,
2024-10-15,68.3,68.7,65.67,67.11,563.18800000,37894.84122000,
2024-10-16,66.88,67.22,65.94,66.08,2625.34100000,174749.51046000,
2024-10-17,66.2,66.53,64.35,64.58,210.08400000,13693.49754000,
2024-10-18,64.33,66.32,64.2,66.32,194.35700000,12719.89123000,
2024-10-19,66.35,66.92,64.97,65.63,205.37400000,13531.50699000,
2024-10-20,65.73,67.21,64.47,67.1,1097.11200000,72675.82170000,
2024-10-21,67.29,68.05,64.92,65.22,1351.58500000,90550.66993000,
2024-10-22,65.44,66.18,64.51,64.99,423.47400000,27656.00163000,
2024-10-23,65.01,65.35,61.58,63.17,672.98100000,42714.96047000,
2024-10-24,63.3,64.35,62.37,63.81,1336.14100000,84510.56356000,
2024-10-25,64.06,64.11,58,58.76,833.48100000,51575.59085000,
2024-10-26,58.81,61.58,58.54,61.57,731.32100000,43575.42792000,
2024-10-27,61.66,62.18,60.99,61.46,3636.94100000,224365.63450000,
2024-10-28,61.25,62.87,60,61.19,2021.97000000,123863.79664000,
2024-10-29,61.09,63.19,61.09,62.1,1309.08200000,81421.33760000,
2024-10-30,62.37,62.89,60.88,61.19,954.19900000,58955.02578000,
2024-10-31,61.27,61.5,58.69,59.08,435.07200000,26247.45812000,
2024-11-01,59.18,59.66,57.36,58.09,1173.37200000,68402.13375000,
2024-11-02,58.15,59.1,56.22,57.42,516.59500000,29602.30836000,
2024-11-03,57.57,57.74,54.51,56.1,625.06500000,34975.73558000,
2024-11-04,56.13,57.53,55.21,56.21,1096.00500000,62130.83606000,
2024-11-05,56.19,57.85,56.18,56.87,687.33700000,39094.61244000,
2024-11-06,57,62.38,56.94,61.69,3292.22600000,199695.08159000,
2024-11-07,61.85,63.61,61.06,61.94,684.90900000,42700.03875000,
2024-11-08,62.17,62.56,59.7,61.4,884.99700000,54059.23533000,
2024-11-09,61.51,63.87,60.87,63.53,709.48789212,44183.00585999,
2024-11-10,63.56,69.87,62.83,67.48,2003.63600000,133741.93282000,
2024-11-11,67.46,70.34,65.39,70.34,2112.25185539,143610.53967808,
2024-11-12,69.99,69.99,61.67,62.7,1743.01600000,114028.72628000,
2024-11-13,63.13,63.96,58.77,61.89,1507.38100000,92949.38321000,
2024-11-14,61.95,64.18,59.66,61.44,1463.37800000,90106.59428000,
2024-11-15,61.46,66.49,60.2,65.93,1929.60400000,120829.08962000,
2024-11-16,66.22,95.15,65.03,87.57,19227.43500000,1626566.73547000,
2024-11-17,87.57,87.57,77.58,79.63,12909.81300000,1043709.57227000,
2024-11-18,79.6,93.61,79.39,87.29,12648.59800000,1104136.12850000,
2024-11-19,87.55,97.22,86.69,91.93,2955.07000000,267989.79022000,
2024-11-20,92.07,92.62,83.87,87.82,6240.02000000,547771.02613000,
2024-11-21,87.46,89.96,84.83,86.42,1786.12600000,156145.81490000,
2024-11-22,86.47,94.23,82.67,92.18,3599.57400000,314843.06353000,
2024-11-23,92.03,108.4,91.76,99.37,3983.00600000,395907.19946000,
2024-11-24,98.96,104.53,92.33,97.95,1792.01600000,173447.16318000,
2024-11-25,97.94,103.16,93.9,96.03,1688.10600000,166260.33547000,
2024-11-26,95.99,101.97,90.71,94.12,1250.21800000,118876.88866000,
2024-11-27,93.77,96.64,91.61,96.12,1402.68800000,131811.52717000,
2024-11-28,95.99,95.99,90.72,94.54,1001.88000000,93606.93434000,
2024-11-29,94.2,98.53,92.04,97.86,2063.55300000,195464.99656000,
2024-11-30,97.77,101.35,94.33,99.1,1750.06100000,172771.85279000,
2024-12-01,98.64,111.1,96.25,110.37,2472.45400000,256616.97589000,
2024-12-02,110.86,138.17,108.33,129.11,12428.76700000,1577076.54793000,
2024-12-03,128.91,149.08,126.06,143.03,16063.77100000,2250530.86551000,
2024-12-04,142.53,163.75,140.81,148.73,14451.90400000,2192024.81672900,
2024-12-05,149.06,149.36,135.72,139.91,8386.03000000,1210712.82151000,
2024-12-06,139.84,162.38,137.74,160.67,6692.97400000,974837.60762000,
2024-12-07,160.79,171.61,150.79,165.88,8013.15500000,1295078.04011400,
2024-12-08,165.16,169.85,159.38,160.79,2799.77900000,457484.37763000,
2024-12-09,160.61,162.21,119.33,137.23,2264.91200000,320297.27765000,
2024-12-10,137.11,147.1,125.34,138.29,1720.01700000,235650.70810000,
2024-12-11,138.19,153.25,130.69,142.7,1629.76600000,231424.34758000,
2024-12-12,142.72,146.92,136.32,139.99,1002.70800000,141552.98049000,
2024-12-13,140.02,143.37,137.1,142.51,867.57700000,121935.15836000,
2024-12-14,142.24,144.4,134.44,138.88,490.63600000,68884.97111000,
2024-12-15,138.66,141.92,132.89,140.05,671.84300000,91910.79205000,
2024-12-16,141.04,142.21,132.19,132.96,564.60000000,76694.88963000,
2024-12-17,133.16,135.4,127.05,127.46,736.87300000,97420.35627000,
2024-12-18,128.07,128.52,112,114.69,890.87900000,108109.33440000,
2024-12-19,114.62,120.72,105.44,109.3,952.39900000,107637.47888000,
2024-12-20,109.67,112.81,94.78,111.86,1105.98400000,115058.41773000,
2024-12-21,111.86,120.39,106.17,106.92,375.81500000,42544.06630000,
2024-12-22,106.92,110,102.42,105.21,632.39300000,68075.67582000,
2024-12-23,104.47,117.44,102.21,116.67,410.16600000,45650.37459000,
2024-12-24,116.24,121.96,115.51,121.24,653.94000000,78004.10920000,
2024-12-25,120.82,123.75,117.54,118.89,350.92800000,42563.92555000,
2024-12-26,119.06,119.81,110.07,111.48,376.25200000,42368.32320000,
2024-12-27,111.67,119.12,110.59,115.59,618.58600000,71810.59420000,
2024-12-28,115.82,117.81,110.54,117.16,647.79400000,74192.40474000,
2024-12-29,117.25,119.02,111.88,112.69,426.23500000,49098.00194000,
2024-12-30,114.45,117.27,105.86,107.46,286.62400000,31910.19019000,
2024-12-31,107.38,110.84,104.09,106.36,509.87300000,54514.98793000,
2025-01-01,106.24,117.77,104.88,115.69,521.79700000,59827.03247000,
2025-01-02,115.89,119.23,112.63,113.36,362.37600000,42013.16325000,
2025-01-03,113.74,122.24,113.3,120.73,1688.54500000,201410.00051000,
2025-01-04,120.94,121.05,117.33,118.01,341.81800000,40682.24939000,
2025-01-05,117.89,120.58,115.5,118.74,513.67200000,60776.96477000,
2025-01-06,118.74,120.67,115.73,116.52,396.66800000,46941.55656000,
2025-01-07,116.58,118.24,107.14,108.08,509.92000000,56840.61577000,
2025-01-08,108.19,109.3,101.15,105.7,311.93100000,32743.62321000,
2025-01-09,105.92,106.4,100.38,101.94,149.19800000,15462.78700000,
2025-01-10,103.06,105.5,100.02,103.47,578.53600000,59439.30420000,
2025-01-11,103.77,109.8,103.14,107.71,276.06300000,29479.52254000,
2025-01-12,107.66,109.73,103.56,103.84,1195.33900000,128796.33424000,
2025-01-13,104.3,106.72,96.42,101.82,426.60200000,42669.65749000,
2025-01-14,101.91,105.47,100.55,104.84,513.47057820,52761.89720678,
2025-01-15,105.01,121.09,104.83,120.37,1640.41126028,184929.48845163,
2025-01-16,120.29,123.37,115.09,119.05,836.84752000,99437.34129884,
2025-01-17,119.36,123.63,117.9,121.47,1016.84100000,122346.71627000,
2025-01-18,121.95,122.14,112.94,115.26,1053.80600000,122774.38143000,
2025-01-19,114.89,117.39,102.37,104.16,1746.57200000,189930.17606000,
2025-01-20,103.89,117.27,102.04,105.58,1237.97900000,135236.06375000,
2025-01-21,105.29,116.66,102.38,115.56,661.08300000,71744.17704000,
2025-01-22,116.32,119.02,112.29,112.83,584.40400000,67850.94867000,
2025-01-23,112.53,112.8,106.03,108.22,437.94300000,47632.06207000,
2025-01-24,108.57,115.16,104.65,106.63,882.31400000,97246.97068000,
2025-01-25,106.07,111.37,105.53,107.14,311.12500000,33749.61949000,
2025-01-26,106.94,108.03,104.86,105.02,483.77900000,51556.55883000,
2025-01-27,105.06,106.76,98.29,101.09,2409.31300000,241628.98853000,
2025-01-28,101.57,103.93,95.93,96.92,762.30000000,76623.36976000,
2025-01-29,96.75,102.38,96.71,101.46,1986.81800000,195260.72689000,
2025-01-30,101.02,114.02,101.02,110.51,2595.20900000,285777.47275000,
2025-01-31,110.78,115.3,109.2,111.87,3710.83500000,418653.86905000,
2025-02-01,111.87,114.32,103.47,104.25,5727.14700000,628156.30801000,
2025-02-02,103.92,106.12,86.72,89.19,14362.36900000,1416831.33284000,
2025-02-03,88.85,97.17,73.02,96.29,20625.69200000,1812325.31380000,
2025-02-04,96.69,98.11,87.91,91.56,8117.10400000,747181.89502000,
2025-02-05,91.34,93.7,87.97,88.81,9247.08200000,845058.84951000,
2025-02-06,88.75,90.67,83.6,83.88,2478.89900000,219489.67024000,
2025-02-07,84.36,91.9,84.04,87.34,604.30800000,52907.26444000,
2025-02-08,87.1,87.76,83.88,86.53,317.66200000,27218.40790000,
2025-02-09,86.7,88.9,83.77,87.05,368.10300000,31996.80028000,
2025-02-10,87.24,90.69,84.34,88.3,438.19200000,39043.04799000,
2025-02-11,88.7,92.88,87.34,88.77,854.49200000,77175.19364000,
2025-02-12,88.39,93.39,84.2,92.62,637.89000000,56309.95136000,
2025-02-13,93.09,98.09,90.89,91.48,537.84200000,50673.82297000,
2025-02-14,91.6,96.23,90.76,95.02,613.20600000,57228.99664000,
2025-02-15,94.91,98.05,93.21,94.42,315.10600000,30125.11680000,
2025-02-16,94.37,96.6,92.7,94.6,574.80100000,54489.79963000,
2025-02-17,94.71,97.61,93.78,96.86,508.93600000,48883.88562000,
2025-02-18,97.55,97.9,91.58,95.95,311.01200000,29512.27773000,
2025-02-19,95.5,98.1,92.68,98.1,343.25300000,32498.69535000,
2025-02-20,98.11,99.98,96.81,98.79,318.35800000,31320.79096000,
2025-02-21,98.89,100.09,91.92,94.71,1323.17400000,126019.55586000,
2025-02-22,94.34,97.32,94.34,96.3,372.50900000,35764.05863000,
2025-02-23,96.19,98.03,93.09,95.03,389.08100000,36790.00470000,
2025-02-24,94.95,95.92,84.45,85.2,1339.80700000,120752.65728000,
2025-02-25,85.31,102.53,84.55,100.67,7059.97800000,677292.09473000,
2025-02-26,100.78,112.13,98.13,101.46,6829.99600000,726068.81257000,
2025-02-27,101.43,102.84,96.35,97.6,5109.31800000,512951.25465000,
2025-02-28,97.35,97.41,88.65,96.38,7996.19200000,742019.49474000,
2025-03-01,96.18,96.99,91.01,92.26,821.01100000,77277.35403000,
2025-03-02,92.08,101.08,91.13,98.65,3936.31000000,386951.32436000,
2025-03-03,98.49,99.62,85.81,87.63,849.00000000,78465.54132000,
2025-03-04,87.42,88.86,82.59,88.08,902.28900000,77399.83179000,
2025-03-05,88.42,92.11,87.53,88.42,1357.52200000,120921.85248000,
2025-03-06,88.56,89.24,83.1,84.25,2157.18300000,184630.30789000,
2025-03-07,84.22,84.68,78.16,78.73,3380.86100000,275263.76180000,
2025-03-08,78.29,85.22,75.98,84.69,1360.89600000,111755.17279000,
2025-03-09,85.1,86.62,76.42,76.77,2009.08400000,159794.02279000,
2025-03-10,76.74,78.56,70.18,71.09,3070.86800000,230159.22906000,
2025-03-11,71.17,77.23,66.65,75.94,2177.98100000,159570.74160000,
2025-03-12,76.23,77.76,73.26,76.46,1729.43800000,130304.86791000,
2025-03-13,76.63,78.19,72.54,74.89,1734.42900000,130114.03007000,
2025-03-14,74.89,77.34,74.52,75.98,1505.33600000,114345.15341000,
2025-03-15,75.74,79.29,75.56,78.71,1198.20600000,93236.31810000,
2025-03-16,78.87,80.02,76.21,76.94,1563.02800000,122401.13454000,
2025-03-17,77.13,79.82,76.96,77.56,1002.30400000,78637.95685000,
2025-03-18,77.71,78.22,73.81,78.19,1107.85400000,83873.65308000,
2025-03-19,78.48,81.91,76.87,80.02,2974.25800000,234938.86382000,
2025-03-20,80.25,80.76,76.72,76.88,1994.63200000,155669.95529000,
2025-03-21,77.04,78.32,75.64,76.08,1360.23900000,104183.49227000,
2025-03-22,76.46,78.88,75.39,77.2,835.06000000,64557.86121000,
2025-03-23,77.2,78.04,75.92,77.01,1195.22300000,92030.92259000,
2025-03-24,76.75,80.23,76.64,79.24,919.97800000,72299.37564000,
2025-03-25,80.13,80.13,77.55,79.31,1357.17200000,106770.73371000,
2025-03-26,79.25,80.1,75.7,76.48,3126.90900000,243320.81482000,
2025-03-27,76.71,77.73,75.18,75.83,2538.22700000,193638.64503000,
2025-03-28,75.81,75.97,70.91,71.53,3136.78700000,228023.59718000,
2025-03-29,71.72,71.93,68.15,69.23,2499.62400000,173519.34227000,
2025-03-30,69.3,71.35,68.49,69.4,1547.97000000,108337.39722000,
2025-03-31,69.61,69.82,66.71,68.59,3773.59700000,258081.87195000,
2025-04-01,68.7,72.59,68.29,70.28,4682.04000000,331406.36796000,
2025-04-02,70.33,71.21,65.11,66.26,20136.44200000,1383587.97022000,
2025-04-03,66.18,69.21,65.84,68.27,20887.58500000,1400348.87850000,
2025-04-04,68.29,70.19,66.82,68.13,29651.32100000,2028822.58342000,
2025-04-05,68.15,69.29,67.22,68.14,9254.97200000,629626.24697000,
2025-04-06,68.1,69.54,63.76,64.47,15952.01200000,1076957.10476000,
2025-04-07,64.5,67.94,58.54,63.52,48353.68900000,3032367.32679000,
2025-04-08,63.57,64.77,59.31,59.87,21805.60700000,1351246.49678000,
2025-04-09,59.9,67.67,58.73,66.71,29064.77800000,1826227.61588000,
2025-04-10,66.73,66.97,62.2,64.07,19342.08500000,1246612.20832000,
2025-04-11,64.06,66.74,63.21,65.07,16240.64600000,1056448.19478000,
2025-04-12,65.02,69.08,64.7,68.51,17789.83600000,1199886.41717000,
2025-04-13,68.58,70.86,65.98,67.08,9923.53600000,673563.87818000,
2025-04-14,67.08,69.88,65.14,65.25,10734.59100000,720926.88781000,
2025-04-15,65.25,67.68,64.49,64.78,11535.79000000,759787.33664000,
2025-04-16,64.75,65.51,62.65,64.42,18273.85100000,1170018.84359000,
2025-04-17,64.45,67.06,64.22,65.54,11982.52300000,788880.68311000,
2025-04-18,65.58,66.26,63.29,63.4,11729.32300000,758087.80504000,
2025-04-19,63.43,65.98,63.23,65.76,8868.04800000,572749.42682000,
2025-04-20,65.8,67.89,64.82,66.69,10640.45700000,705100.77410000,
2025-04-21,66.83,68.27,65.35,66.33,21094.87400000,1415957.85786000,
2025-04-22,66.31,69.96,65.21,69.06,40902.17900000,2750253.34910000,
2025-04-23,69.11,72.79,68.89,72.55,23339.41500000,1657307.55681000,
2025-04-24,72.5,75.25,69.01,75.12,23001.65700000,1674042.68389000,
2025-04-25,75.08,76.66,73.11,74.63,22627.10700000,1702813.56990000,
2025-04-26,74.64,77.2,73.71,76.6,25686.89800000,1940451.06225000,
2025-04-27,76.7,77.68,73.12,74.06,14318.31700000,1069249.07555000,
2025-04-28,74.04,77.52,72.62,75.84,14064.60700000,1060336.35831000,
2025-04-29,75.86,77.03,74.3,75.14,11136.40800000,844983.59230000,
2025-04-30,75.09,75.89,72.87,75.04,12421.76400000,931360.19937000,
2025-05-01,75.08,84.06,75.08,82.43,13292.53400000,1050469.77095000,
2025-05-02,82.44,85.86,81.59,85.19,16228.69200000,1353865.15608000,
2025-05-03,85.08,86.05,82.41,83.84,10597.47700000,895455.31381000,
2025-05-04,83.9,91,83.89,90.04,17153.91100000,1490589.49618000,
2025-05-05,90.1,90.56,84.26,84.37,12605.01400000,1093653.97196000,
2025-05-06,84.35,87.62,81.05,86.8,8629.10400000,729716.94352000,
2025-05-07,86.94,92.08,86.45,89.98,8039.91600000,717932.37759000,
2025-05-08,90,96.47,89.99,95.47,9666.15500000,907859.12212000,
2025-05-09,95.61,98.62,93.11,95.1,7039.60300000,669262.20499000,
2025-05-10,95.05,102.4,93.33,101.69,5254.58400000,511102.63739000,
2025-05-11,101.71,102.26,95.95,98.81,10205.75400000,1007353.48136000,
2025-05-12,98.93,103.98,94.12,98.18,5284.07500000,520772.64621000,
2025-05-13,98.2,100.27,92.8,98.51,4772.56500000,463413.78226000,
2025-05-14,98.76,103.88,96.41,99.98,4450.21300000,440017.93749000,
2025-05-15,100.18,101.26,94.91,96.52,9623.12900000,952763.85411000,
2025-05-16,96.49,96.8,91.86,91.92,3501.94700000,330848.40069000,
2025-05-17,92.03,94.2,89.52,91.12,2863.55700000,260559.61394000,
2025-05-18,91.4,99.26,91.35,97,3687.61900000,353451.01225000,
2025-05-19,96.92,97.02,89.82,93.45,2612.30100000,241361.02638000,
2025-05-20,93.39,98.97,93.13,96.77,2265.69800000,218934.35773000,
2025-05-21,96.81,100.65,95.73,98.09,3475.71500000,340869.28027000,
2025-05-22,98.12,100.78,96.94,98.11,3287.76100000,325602.51813000,
2025-05-23,98.11,100.13,93.49,94.14,8355.89800000,814617.44809000,
2025-05-24,94.05,98.2,93.99,95.59,5831.41800000,564098.31319000,
2025-05-25,95.63,96.49,92.16,94.92,3133.47800000,295387.17979000,
2025-05-26,94.71,106.34,93.8,104.72,10740.89100000,1089652.11742000,
2025-05-27,104.73,114.83,103,111.55,15304.65500000,1679061.77590000,
2025-05-28,111.54,119.94,111.54,117.25,13242.60400000,1531706.29838000,
2025-05-29,117.24,118.99,112.14,113.62,5895.83300000,680108.88951000,
2025-05-30,113.7,114.91,105.32,105.72,6169.11100000,675588.19701000,
2025-05-31,105.89,112.24,103.12,107.79,5765.27800000,621490.35590000,
2025-06-01,107.68,111.04,105.6,106.53,2254.24300000,244452.10002000,
2025-06-02,106.51,107.75,103.24,107.49,2305.96300000,243185.98523000,
2025-06-03,108.09,116.43,107.59,116.42,4150.16100000,462480.95723000,
2025-06-04,116.41,118.29,113.64,116.46,4214.48100000,488522.28551000,
2025-06-05,116.55,118.61,110.44,111.04,5078.46700000,587399.41685000,
2025-06-06,111.18,115.07,108.5,113.93,3001.99100000,336924.81627000,
2025-06-07,114.03,116.93,113.97,115.32,1885.48300000,218021.77206000,
2025-06-08,115.37,119.56,113.58,119.43,2347.24800000,275604.84273000,
2025-06-09,119.46,124.82,116.67,122.68,3257.89700000,391759.39055000,
2025-06-10,122.59,125.21,121.14,122.57,2719.09900000,333452.33511000,
2025-06-11,122.61,125.4,114.89,114.92,2757.74600000,330818.09959000,
2025-06-12,114.93,118.75,112.29,113.05,5340.88700000,615710.84760000,
2025-06-13,112.97,112.97,102.64,106.82,4606.51100000,488460.14670000,
2025-06-14,106.79,108.4,102.63,104.71,2076.70400000,218077.20308000,
2025-06-15,104.65,107.81,104.05,106.84,2688.21300000,283242.21612000,
2025-06-16,106.83,111.33,105.21,105.54,2805.30000000,304115.20558000,
2025-06-17,105.53,105.55,98.21,100.76,5238.11500000,531936.23504000,
2025-06-18,100.76,103.32,97.89,101.15,2384.20500000,240220.74207000,
2025-06-19,101.13,101.69,97.27,98.91,5913.17400000,585966.87732000,
2025-06-20,99.15,101.53,95.82,96.42,6828.70700000,672014.26424000,
2025-06-21,96.42,97.15,89.39,90.9,4035.38300000,378288.85960000,
2025-06-22,91.04,94.1,85.57,90.25,10268.02400000,917178.48866000,
2025-06-23,90.19,99.41,87.62,98.18,4216.15900000,390284.82383000,
2025-06-24,98.26,101.99,97.44,99.43,4801.75600000,478886.73964000,
2025-06-25,99.77,101.21,97.33,97.64,3002.65100000,298237.12335000,
2025-06-26,97.66,101.11,96.31,97.3,3831.75200000,377017.08428000,
2025-06-27,97.3,102.94,96.76,102.82,2413.84400000,241827.20246000,
2025-06-28,102.78,110.96,102.64,110.04,6335.83400000,672344.01294000,
2025-06-29,110.07,110.9,108.07,110.23,2156.38600000,236245.20498000,
2025-06-30,110.25,110.65,106.09,107.38,2837.02600000,306218.83966000,
2025-07-01,107.4,107.87,102.7,103.69,878.48100000,92254.61946000,
2025-07-02,103.75,110.4,102.67,109.19,5644.66100000,608748.55352000,
2025-07-03,109.25,110.46,105.87,108.87,1810.60900000,196377.87496000,
2025-07-04,108.99,109.61,104.91,106.24,2614.18400000,279774.32362000,
2025-07-05,106.33,109.01,106.13,107.09,2252.83400000,241610.00326000,
2025-07-06,106.99,110.18,105.92,107.97,1459.28600000,157828.51350000,
2025-07-07,107.91,109.93,105.85,106.76,1679.62300000,181418.41985000,
2025-07-08,106.77,109,104.95,108.69,2900.86400000,312611.91587000,
2025-07-09,108.69,110.54,107.21,110.2,2952.96300000,321476.46483000,
2025-07-10,110.21,114.26,109.62,114.1,5398.31100000,600826.10321000,
2025-07-11,114.09,117.39,110.53,111.76,6804.19100000,784511.13760000,
2025-07-12,111.81,117.41,110.54,111.58,3878.02800000,442095.14312000,
2025-07-13,111.7,116.88,111.43,115.14,6910.92700000,790310.64720000,
2025-07-14,115.24,121.1,111.36,111.65,5606.69900000,653231.69470000,
2025-07-15,111.65,114.39,107.99,114.13,3332.27100000,370574.92422000,
2025-07-16,114.24,116.47,112.38,114.65,3794.32000000,434540.02187000,
2025-07-17,114.71,116.64,111.26,113.42,2993.59100000,342280.52882000,
2025-07-18,113.5,119.35,111.63,112.32,4341.25300000,501803.46646000,
2025-07-19,112.38,114.09,109.37,113.21,3788.90600000,423177.69998000,
2025-07-20,113.34,118.28,112.45,117.66,2790.81800000,321221.46872000,
2025-07-21,117.54,126.7,115.84,126,7692.57800000,944206.66648000,
2025-07-22,126.06,135.31,125.15,134.68,14056.23300000,1834370.91914000,
2025-07-23,134.74,135.47,116.67,121.03,8991.93200000,1136118.76010000,
2025-07-24,121.08,123.06,114.47,119.57,6790.54000000,814269.20353000,
2025-07-25,119.53,122.55,116.01,120.8,4309.26600000,513949.52720000,
2025-07-26,120.89,123.66,120.08,122.2,3134.99900000,381199.05191000,
2025-07-27,122.24,131.77,122.05,131.49,4361.54700000,551014.53701000,
2025-07-28,131.55,133.08,121.03,121.83,4332.70100000,551267.15530000,
2025-07-29,121.82,125.66,118.93,120.29,4764.77200000,582042.69674000,
2025-07-30,120.38,121.21,115.17,119.81,4133.47000000,490145.20563000,
2025-07-31,119.74,123.27,114.96,115.67,4719.48700000,566419.40980000,
2025-08-01,115.64,116.51,108.64,110.55,5483.07500000,616225.58914000,
2025-08-02,110.48,111.78,105.82,106.7,4756.12400000,514377.83702000,
2025-08-03,106.58,111.62,105.55,110.85,7754.80700000,842676.29488000,
2025-08-04,110.8,113.05,109.39,112.41,6143.72900000,683688.31587000,
2025-08-05,112.4,112.51,106.27,107.51,4416.75200000,481479.99918000,
2025-08-06,107.49,109.64,106.05,108.9,3603.47600000,389146.17680000,
2025-08-07,108.97,114.43,107.66,114.27,5656.37300000,622037.83379000,
2025-08-08,114.31,116.18,112.59,114.62,5810.72800000,663415.01121000,
2025-08-09,114.73,117.22,113.53,114.8,2393.28100000,276847.38769000,
2025-08-10,114.79,116.58,111.42,114.01,5039.67500000,573322.69946000,
2025-08-11,114.01,115.99,109.47,110.08,4742.39600000,534450.59823000,
2025-08-12,110.06,115.33,109.38,114.43,5810.62900000,654376.52593000,
2025-08-13,114.44,118.17,113.92,115.24,5707.85100000,660170.74338000,
2025-08-14,115.29,116.67,107.78,110.23,5337.25300000,599030.28410000,
2025-08-15,110.23,112.49,106.95,109.05,4064.10400000,445270.79483000,
2025-08-16,109.01,110.53,107.9,108.77,7631.58900000,831541.37441000,
2025-08-17,108.77,110.7,107.94,109.2,4241.75200000,464586.93253000,
2025-08-18,109.18,109.34,105.57,107.41,6341.23200000,679448.42266000,
2025-08-19,107.55,107.97,102.49,102.71,8524.55700000,900489.17906000,
2025-08-20,102.84,107.06,101.57,107.01,15211.13400000,1572553.60673000,
2025-08-21,107.01,108.58,105.32,106.23,7106.30200000,759714.88474000,
2025-08-22,106.37,111.34,103.73,111.07,15110.72300000,1635947.26584000,
2025-08-23,111.07,111.12,108.03,109.51,3825.97500000,417878.46288000,
2025-08-24,109.51,110.48,104.54,105.27,13785.81800000,1472845.18120000,
2025-08-25,105.35,106.73,100.5,102.08,7791.30800000,805311.13424000,
2025-08-26,101.9,107.79,100.79,105.93,5586.22500000,579862.62719000,
2025-08-27,105.93,106.45,103.78,103.79,3136.55000000,328640.82189000,
2025-08-28,103.97,105.82,103.51,104.72,2964.36700000,309513.70507000,
2025-08-29,104.77,104.81,100.95,102.22,1986.40600000,204317.42549000,
2025-08-30,102.25,104.7,100.95,104.36,822.28200000,84945.96847000,
2025-08-31,104.6,106.47,103.59,103.7,1060.09700000,111145.69343000,
2025-09-01,103.53,103.53,98.29,100.16,5439.90800000,552730.49720000,
2025-09-02,100.25,102.16,99.4,100.88,1503.11100000,151456.54554000,
2025-09-03,100.85,102.93,100.16,101.63,3764.13600000,382916.72499000,
2025-09-04,101.65,101.83,99.55,100.98,2748.08200000,276519.03104000,
2025-09-05,101.12,102.93,100.26,102.23,4260.70700000,434249.98594000,
2025-09-06,102.28,103.46,101.61,101.81,2191.49500000,224891.40106000,
2025-09-07,101.84,103.41,101.75,102.11,644.39100000,66275.95663000,
2025-09-08,102.14,103.83,96.29,99,15379.78100000,1542243.56018000,
2025-09-09,99.13,101.82,97.22,97.43,6139.57800000,609106.65397000,
2025-09-10,97.45,101.11,97.27,100.67,5190.20200000,516408.84675000,
2025-09-11,100.59,101.84,99.1,100.99,3991.01600000,401243.61938000,
2025-09-12,101.03,103.51,101.03,102.81,3284.64500000,336584.13202000,
2025-09-13,102.82,105.32,102.17,104.96,5716.27800000,595487.44309000,
2025-09-14,104.92,105.18,101.43,102.62,3092.65500000,320323.82280000,
2025-09-15,102.55,104.18,99.26,100.43,4331.82400000,438823.03855000,
2025-09-16,100.38,101.81,98.84,100.02,2350.13800000,235649.98162000,
2025-09-17,100.04,102.4,99.29,102.22,2893.18100000,291088.71881000,
2025-09-18,102.3,103.11,99.5,100.44,3380.04100000,342190.68405000,
2025-09-19,100.41,101.59,97.55,98.43,3608.93100000,360838.79886000,
2025-09-20,98.43,100.06,97.37,98.04,2067.01000000,203129.76449000,
2025-09-21,98.03,99.46,96.56,97.2,1535.70100000,149931.71777000,
2025-09-22,97.19,97.45,87.41,90.76,9339.22500000,854440.61614000,
2025-09-23,90.81,94.67,89.94,92.6,5379.20400000,499581.04966000,
2025-09-24,92.52,99.55,92.22,96.72,9712.82300000,940416.50127000,
2025-09-25,96.75,97.11,86.44,86.66,6256.70900000,571832.33762000,
2025-09-26,86.75,95.85,86.13,95.54,20697.62900000,1880415.20759000,
2025-09-27,95.55,102.12,92.2,99.97,5847.08600000,562112.70677000,
2025-09-28,99.98,101.16,95.92,100.3,4574.65700000,455069.57948000,
2025-09-29,100.33,105.84,99.96,103.52,9077.99600000,940450.24600000,
2025-09-30,103.47,106.01,99.97,100.97,5483.05200000,561736.92529000,
2025-10-01,100.99,105.63,99.46,104.38,6595.59400000,674125.51808000,
2025-10-02,104.41,110.17,104.33,106.64,7033.38700000,759747.56173000,
2025-10-03,106.61,107.47,104.17,105.77,3564.16100000,377093.20765000,
2025-10-04,105.79,107.32,102.18,102.81,3654.38900000,381714.80370000,
2025-10-05,102.81,106.15,101.67,102.12,4116.53100000,427392.31251000,
2025-10-06,102.11,106.12,101.15,105.4,8125.06500000,849175.59695000,
2025-10-07,105.4,106.92,100.31,100.66,7573.25500000,781643.95421000,
2025-10-08,100.69,103.51,99.97,102.36,6184.65400000,631435.79014000,
2025-10-09,102.31,103.17,99.17,100.94,3959.03800000,401359.65989000,
2025-10-10,101.03,101.47,64.03,84.68,16912.93900000,1474809.24118000,
2025-10-11,84.68,92.71,82.7,87.9,13752.34700000,1205511.35189000,
2025-10-12,87.83,93.53,85.19,91.37,7254.47100000,651319.85222000,
2025-10-13,91.33,94.22,88.92,92,10449.83300000,954683.52561000,
2025-10-14,91.91,92.36,84.29,89.7,8773.58600000,770753.45482000,
2025-10-15,89.78,92.29,86.1,86.95,6179.50700000,553288.58432000,
2025-10-16,87.12,89.04,82.48,83.58,7470.54000000,644859.71699000,
2025-10-17,83.43,83.83,77.85,81.84,6694.88200000,542533.20718000,
2025-10-18,81.84,85.38,81.78,84.59,3020.60700000,253945.10745000,
2025-10-19,84.57,85.85,81.64,84.26,3943.27500000,331090.34095000,
2025-10-20,84.27,87.54,83.01,84.8,4144.42900000,354428.31635000,
2025-10-21,84.91,85.46,80.92,81.82,5921.01700000,492096.85409000,
2025-10-22,81.78,82.17,79.22,80.91,4442.86700000,359142.59389000,
2025-10-23,80.87,82.99,80.05,82.99,2347.23300000,191015.01968000,
2025-10-24,83,83.84,79.95,81.98,4369.06700000,357369.56262000,
2025-10-25,81.95,82.2,80.21,81.99,1772.40400000,143882.36780000,
2025-10-26,82.16,85.04,81.53,84.02,2797.64300000,233534.17120000,
2025-10-27,84.03,85.31,80.84,81.37,4921.08500000,411016.85893000,
2025-10-28,81.36,82.75,79.46,80.75,4781.26500000,389445.87601000,
2025-10-29,80.68,81.27,78.7,81.24,5151.44700000,412778.65464000,
2025-10-30,81.21,82.36,76.72,78.65,3951.54700000,313867.32347000,
2025-10-31,78.66,82,78.13,79.94,3431.40000000,274502.93019000,
2025-11-01,79.88,80.91,78.64,80.09,1324.66200000,105950.20550000,
2025-11-02,80.06,80.62,77.83,79.85,2390.85700000,189352.13172000,
2025-11-03,79.84,79.87,71.66,73.96,4444.34000000,335531.44044000,
2025-11-04,73.92,75.58,68.73,72.81,7598.01100000,552803.50609000,
2025-11-05,72.75,87.72,70.03,86.12,15951.42400000,1296421.94231000,
2025-11-06,86.01,88.88,80.72,81.46,18732.27300000,1600914.03321000,
2025-11-07,81.48,92.06,80.15,87.76,13948.27100000,1179185.76022000,
2025-11-08,87.75,89.16,82.81,84.51,7622.72400000,657336.07712000,
2025-11-09,84.52,86.04,81.17,83.62,8370.67800000,704034.14441000,
2025-11-10,83.62,87.94,82.64,84.28,9832.99700000,842195.12407000,
2025-11-11,84.39,87.55,82.4,82.46,5048.73100000,430950.03824000,
2025-11-12,82.55,84.14,79.62,81.9,4552.70200000,374729.87414000,
2025-11-13,81.91,93.25,81.51,90.78,21301.17300000,1887694.78370000,
2025-11-14,90.8,94.43,81.08,81.34,15344.51800000,1356726.59542000,
2025-11-15,81.06,85.14,80.56,83.96,4592.72900000,378820.31387000,
2025-11-16,83.89,87.61,80.11,81.84,8445.38500000,710050.82864000,
2025-11-17,81.82,84.81,78.6,79.5,6753.12000000,550141.32965000,
2025-11-18,79.39,82.51,75.58,81.31,5252.73300000,410923.02862000,
2025-11-19,81.4,81.4,74.46,77.34,4165.39400000,322048.83286000,
2025-11-20,77.38,79.15,72.82,74.78,11004.14000000,842839.47680000,
2025-11-21,74.9,76.05,69.28,71.55,13597.79900000,978089.03108000,
2025-11-22,71.56,77.01,71.51,74.2,15967.85300000,1187517.50200000,
2025-11-23,74.34,80.32,74.09,77.82,16437.22300000,1273289.78725000,
2025-11-24,77.8,80.21,76.45,79.15,7427.46300000,582672.91789000,
2025-11-25,79.11,89.69,78.63,88.59,15101.17400000,1284050.98353000,
2025-11-26,88.6,90.29,83.62,84.62,66768.35200000,5728884.90098000,
2025-11-27,84.62,85.76,82.77,83.45,12919.67700000,1085577.26228000,
2025-11-28,83.41,99.83,83.29,93.77,30248.04500000,2800824.91399000,
2025-11-29,93.79,98.51,91.1,95.49,30924.04300000,2942950.84939000,
2025-11-30,95.51,108.05,95.09,101.79,36906.89400000,3796210.73086000,
2025-12-01,101.8,102.56,92.33,101.05,14101.71500000,1357220.11947000,
2025-12-02,101.07,103.16,96.31,97.07,9380.24200000,933722.72951000,
2025-12-03,97.08,98.48,93.79,94.83,7374.01800000,708777.32565000,
2025-12-04,94.87,97.1,91.1,93.05,14566.63100000,1352607.89765000,
2025-12-05,92.98,96.88,89.52,90.25,8626.37100000,802073.72535000,
2025-12-06,90.31,92.25,88.68,89.72,1950.55300000,175919.85221000,
2025-12-07,89.79,91.06,86.6,87.45,4294.47400000,381808.66224000,
2025-12-08,87.35,91.9,87.21,88.59,3476.09000000,311156.40575000,
2025-12-09,88.57,90.4,85.69,87.53,4885.03300000,430217.46990000,
2025-12-10,87.53,87.91,83.84,84.09,5016.45900000,430832.17540000,
2025-12-11,84.16,84.68,79.74,80.68,6864.96200000,564870.60666000,
2025-12-12,80.66,84.14,80.2,81.89,5793.47200000,479205.58879000,
2025-12-13,81.94,82.71,78.66,80.59,2876.73000000,231348.55281000,
2025-12-14,80.59,80.98,75.96,76.84,2484.02200000,195186.33569000,
2025-12-15,76.86,78.58,74.34,75.29,4491.70500000,341444.54016000,
2025-12-16,75.18,79.07,73.71,78.36,4195.14700000,317931.67532000,
2025-12-17,78.33,79.94,74.49,74.63,6188.69600000,480339.68172000,
2025-12-18,74.6,75.8,70.89,72.19,4174.93500000,306695.27464000,
2025-12-19,72.23,75.52,71.76,74.38,3745.31400000,278090.48377000,
2025-12-20,74.27,76.34,73.27,75.58,2287.29500000,171025.28673000,
2025-12-21,75.6,79.11,75.45,77.17,5911.97100000,455690.71576000,
2025-12-22,77.12,78.59,74.52,74.96,4678.05500000,358521.83876000,
2025-12-23,74.94,76.8,73.77,75.36,4026.71500000,302278.93132000,
2025-12-24,75.36,76.31,73.16,73.77,3667.51900000,273446.14997000,
2025-12-25,73.79,74.74,72.04,72.36,2286.54500000,168563.03185000,
2025-12-26,72.36,74.68,72.02,72.29,2463.85400000,180140.40402000,
2025-12-27,72.3,74.75,71.06,74.6,2141.42800000,155537.42231000,
2025-12-28,74.74,75.04,71.68,73.17,1609.32700000,118275.32397000,
2025-12-29,73.2,74.48,70.2,70.66,3352.69800000,240975.28997000,
2025-12-30,70.65,75,69.91,70.35,2656.35800000,189377.48359000,
2025-12-31,70.3,71.07,68.88,69.51,2396.22200000,167313.70916000,
2026-01-01,69.52,75.72,67.33,75.71,2636.52000000,187676.23975000,
2026-01-02,75.69,79.49,74.57,79.18,3121.74400000,240423.35207000,
2026-01-03,79.2,82.05,78.78,79.42,1611.04600000,129165.33871000,
2026-01-04,79.38,80.68,77.52,77.89,1169.99800000,93087.68951000,
2026-01-05,77.92,80.49,76.75,79.14,3456.66700000,271277.76041000,
2026-01-06,79.17,80.29,76.23,79.2,3676.39000000,288618.24148000,
2026-01-07,79.2,79.68,74.75,75.45,3357.24400000,255175.11903000,
2026-01-08,75.43,76.49,73.5,74.88,2122.13900000,159823.21509000,
2026-01-09,74.85,75.83,73.69,75.15,2450.60200000,183379.77227000,
2026-01-10,75.12,75.17,73.9,74.26,803.76500000,59890.21306000,
2026-01-11,74.18,77.12,73.79,74.43,2556.11000000,193425.56760000,
2026-01-12,74.45,75.58,72.14,72.58,3233.55000000,237298.98888000,
2026-01-13,72.54,78.71,72.22,77.01,3627.16100000,272112.43240000,
2026-01-14,77.29,77.72,73.38,74.76,6185.42600000,467578.07031000,
2026-01-15,74.76,76.32,72.66,73.59,5727.45000000,428719.28393000,
2026-01-16,73.59,79.78,72.16,78.39,3026.23600000,227723.00768000,
2026-01-17,78.51,87.18,78.37,84.3,14574.37200000,1208809.20769000,
2026-01-18,84.51,84.95,79.22,79.29,6440.76300000,526828.95626000,
2026-01-19,79.23,88.08,76.6,82.29,24541.83200000,2021289.52363000,
2026-01-20,82.31,85.99,76.4,76.55,10237.02700000,823488.61308000,
2026-01-21,76.51,82.83,76.43,80.44,10828.27200000,855188.20031000,
2026-01-22,80.83,82.08,78.94,81.98,7464.67800000,601953.12391000,
2026-01-23,81.97,82.71,78.33,79.56,5645.68100000,452779.81241000,
2026-01-24,79.59,80.16,77.98,78.99,1847.38800000,146171.84562000,
2026-01-25,79.02,79.27,72.65,73.4,6328.40600000,476846.13045000,
2026-01-26,73.41,77.51,72.85,74.58,9844.93400000,737277.43585000,
2026-01-27,74.45,82.76,73.08,82.25,7008.08400000,542031.58004000,
2026-01-28,82.22,82.41,76.9,77.33,6282.30800000,498681.40966000,
2026-01-29,77.34,77.49,71.26,72.54,7567.86600000,558677.07896000,
2026-01-30,72.56,72.75,69.12,70.02,8056.08800000,571738.95301000,
2026-01-31,70.06,70.25,63.51,68.89,14949.57700000,1002903.77309000,
2026-02-01,68.96,71.32,66.75,68.05,8780.90000000,607793.78341000,
2026-02-02,68.08,70.09,65.7,68.25,8360.24100000,569076.36588000,
2026-02-03,68.25,68.71,63.58,65.96,9145.71800000,611314.76082000,
2026-02-04,65.94,67.99,64.47,66.3,8540.34500000,566180.26480000,
2026-02-05,66.24,66.57,55.55,56.67,23630.50900000,1420834.75265000,
2026-02-06,56.79,68.23,53.7,65.82,23739.60100000,1498121.04910000,
2026-02-07,65.8,65.8,62.43,65.57,8679.40800000,556850.88289000,
2026-02-08,65.48,68.4,64.93,65.87,4028.27800000,268631.52262000,
2026-02-09,65.87,71.47,64.99,69.98,4514.68800000,304469.61346000,
2026-02-10,69.91,70.98,67.33,69,5357.96200000,371626.86585000,
2026-02-11,69,70.57,67.54,68.79,4115.90900000,284363.47470000,
2026-02-12,68.83,70.08,66.81,68.65,2349.99300000,161015.62050000,
2026-02-13,68.76,71.12,66.44,70.24,3720.78400000,257006.85959000,
2026-02-14,70.23,76.14,70.16,75.11,2623.77400000,193793.80838000,
2026-02-15,75.05,75.05,68.9,70.7,4576.97400000,325838.93955000,
2026-02-16,70.66,71.64,69.25,69.81,1672.64800000,117380.59232000,
2026-02-17,69.69,70.75,67.21,70.75,1876.59000000,128954.22157000,
2026-02-18,70.63,70.96,67.39,68.02,1785.61100000,123592.53190000,
2026-02-19,68.04,68.35,64.51,66.74,2780.50700000,184239.68550000,
2026-02-20,66.65,67.55,65.19,67.14,2824.51300000,188207.85029000,
2026-02-21,67.03,67.14,64.99,66.27,1503.24700000,99465.06417000,
2026-02-22,66.22,66.26,63.44,63.97,1336.85400000,86296.49763000,
2026-02-23,64.13,64.91,61.57,62.8,2538.58200000,160717.60429000,
2026-02-24,62.82,63.72,61.61,62.09,2628.06100000,164650.54051000,
2026-02-25,62.11,66.93,61.77,64.93,4043.62200000,263115.36629000,
2026-02-26,64.93,66.09,62.01,63.65,2902.51200000,186171.08985000,
2026-02-27,63.73,67.8,62.74,64.29,2537.75800000,162610.78801000,
2026-02-28,64.35,64.71,60.25,63.87,4932.76700000,307697.55944000,
2026-03-01,63.85,65.52,61.42,61.85,3319.17200000,209674.31039000,
2026-03-02,62.03,64.55,60.95,63.29,3173.88800000,199565.97986000,
2026-03-03,63.41,66.94,61.1,62.87,4374.31100000,273006.01952000,
2026-03-04,62.89,67.5,61.27,65.17,4651.52700000,300889.37094000,
2026-03-05,65.09,67.54,64.38,65.91,3731.38200000,245856.11869000,
2026-03-06,65.83,67.13,63.8,65.07,1542.63400000,101427.34255000,
2026-03-07,65.05,66.76,64.09,64.57,1455.65800000,95114.01643000,
2026-03-08,64.63,64.73,62.35,62.39,1638.13000000,104569.58827000,
2026-03-09,62.5,65.56,61.7,63.71,2417.17900000,153039.94754000,
2026-03-10,63.7,64.54,62.03,63.03,1209.28800000,76659.10469000,
2026-03-11,63.11,63.62,62.1,62.24,1055.51800000,66228.31121000,
2026-03-12,62.46,64.78,61.91,64.23,2247.49700000,142105.68330000,
2026-03-13,64.21,66.86,63.92,64.96,3227.24300000,210290.00548000,
2026-03-14,64.89,67.27,64.27,67.06,1698.12700000,112118.33736000,
2026-03-15,67.07,67.56,65.53,67.04,1763.47300000,117383.17285000,
2026-03-16,67.18,69.28,67.18,68.82,2747.58900000,187338.08706000,
2026-03-17,68.81,72.17,67.61,70.35,2703.73300000,188037.89859000,
2026-03-18,70.41,74.11,68.8,73.91,4770.76400000,337622.72028000,
2026-03-19,73.93,77.85,72.66,74.33,6810.74800000,514602.54822000,
2026-03-20,74.41,81.62,74.17,79.79,3587.87200000,282226.46377000,
2026-03-21,79.79,80.31,76.66,77.13,1077.50000000,84447.94556000,
2026-03-22,76.94,77.13,70.58,71.64,3031.03900000,225602.18519000,
2026-03-23,71.71,73.48,68.37,71.52,3567.69300000,254286.71070000,
2026-03-24,71.39,78.39,69.75,76.4,3193.54158188,236343.07233414,
2026-03-25,76.42,78.38,74.64,76.52,2278.84900000,174546.59416000,
2026-03-26,76.53,76.69,72.67,74.4,1278.54500000,95351.99938000,
2026-03-27,74.48,74.76,70.23,71.04,1878.36400000,135154.18680000,
2026-03-28,70.98,71.96,70.04,70.53,628.45900000,44459.67434000,
2026-03-29,70.5,71.3,67.69,68.83,483.57800000,33581.86701000,
2026-03-30,68.71,71.45,68.59,69.87,1330.23500000,93195.84677000,
2026-03-31,69.82,72,69.63,69.95,2099.78200000,148360.27687000,
2026-04-01,69.91,71.68,69.44,70.6,1052.06800000,74181.32710000,
2026-04-02,70.62,74.45,69.21,73.51,2643.30600000,188324.17692000,
2026-04-03,73.6,77.78,73.48,76.4,3094.99400000,235446.97697000,
2026-04-04,76.37,77.07,70.91,73.4,3188.22200000,235828.28548000,
2026-04-05,73.41,76.81,70.94,75.38,2744.78600000,205325.66667000,
2026-04-06,75.48,76.68,73.28,73.97,1317.76600000,99329.63946000,
2026-04-07,73.96,75.43,70.99,75.21,2339.66000000,170812.82708000,
2026-04-08,75.12,77.04,73.65,75.34,2375.73500000,178530.60969000,
2026-04-09,75.41,75.91,71.98,74.92,2037.67400000,150446.05767000,
2026-04-10,74.92,79.93,74.65,78.5,3754.82200000,288574.12658000,
2026-04-11,78.55,78.83,76.06,77.54,1158.63200000,89520.57186000,
2026-04-12,77.73,77.78,74.14,74.14,2060.41200000,157361.60558000,
2026-04-13,74.1,76.49,73.96,76.16,948.17700000,71062.49533000,
2026-04-14,76.24,76.46,73.55,73.95,1115.66300000,84002.13791000,
2026-04-15,74.01,74.57,72.53,74.24,1228.12200000,90621.88638000,
2026-04-16,74.26,75.86,73.66,75.54,1774.52200000,132540.58355000,
2026-04-17,75.56,80.19,74.83,76.91,2235.43400000,173168.93785000,
2026-04-18,76.91,77.26,73.74,74.1,1455.85900000,109852.79981000,
2026-04-19,74.04,74.84,72.56,72.91,1703.02800000,125731.11079000,
2026-04-20,72.97,75.6,72.66,74.1,1072.80100000,79742.90457000,
2026-04-21,74.14,75.09,72.4,73.67,1281.91200000,94334.38391000,
2026-04-22,73.74,75.42,73.31,73.38,681.59200000,50870.81203000,
2026-04-23,73.31,73.98,67.57,70.56,3526.86400000,248917.06923000,
2026-04-24,70.74,72.3,70.61,71.7,814.78100000,58320.15874000,
2026-04-25,71.81,72.2,69.9,70.36,388.31700000,27694.47623000,
2026-04-26,70.39,71.27,69.98,70.8,550.67200000,38881.99928000,
2026-04-27,70.84,71.79,69.36,69.93,761.91300000,53496.91886000,
2026-04-28,69.85,69.86,68.03,69.03,421.42000000,29089.09543000,
2026-04-29,69.34,70.51,67.67,69.47,637.63800000,44017.45720000,
2026-04-30,69.55,70.36,68.61,68.89,638.00800000,44398.96756000,
2026-05-01,68.96,70.1,68.52,68.77,302.12300000,20937.10072000,
2026-05-02,68.8,69.44,68.2,68.65,481.09000000,33100.39796000,
2026-05-03,68.63,68.91,68.01,68.16,461.27900000,31544.97539000,
2026-05-04,68.15,70.46,67.2,67.32,745.58800000,50901.62241000,
2026-05-05,67.32,68.95,66.73,68.91,906.97300000,61435.68104000,
2026-05-06,68.89,71.59,68.4,70.56,1113.45600000,78352.64122000,
2026-05-07,70.48,72.29,69.01,71.94,669.48000000,47191.33815000,
2026-05-08,72.2,74.6,72.12,73.27,1420.84700000,103981.92265000,
2026-05-09,73.43,76.42,73.32,73.43,993.97800000,74491.14685000,
2026-05-10,73.17,76.48,72.25,75.11,982.25100000,72552.77458000,
2026-05-11,75.12,75.12,72.65,73.02,640.73200000,47005.24047000,
2026-05-12,73,74.24,70.91,73.49,629.52000000,45693.08061000,
2026-05-13,73.47,75.52,71.34,73.57,1114.46400000,81565.79968000,
2026-05-14,73.79,79.57,72.56,78.43,3318.91600000,256441.60870000,
2026-05-15,78.13,79.35,76.2,78.58,2190.91400000,170420.25846000,
2026-05-16,78.62,84.97,78.49,81,4702.30900000,388027.38613000,
2026-05-17,81.03,81.65,74.94,75.16,1294.68000000,101810.25172000,
2026-05-18,75.16,77.12,73.91,76.18,1396.84600000,105688.33837000,
2026-05-19,76.27,76.87,73.24,73.49,821.71100000,61608.39185000,
2026-05-20,73.29,74.46,72.53,74.32,636.49600000,46702.20263000,
2026-05-21,74.27,74.84,72.34,73.58,777.24800000,57159.94560000,
2026-05-22,73.62,82.16,73.15,77.34,3263.50800000,254845.45284000,
2026-05-23,77.36,80.07,74.24,79.68,3025.19500000,232897.42056000,
2026-05-24,79.61,83.89,78.5,80.09,2296.32100000,186052.15343000,
2026-05-25,80.54,82.66,79.28,79.99,1390.25400000,112090.09598000,
2026-05-26,79.94,80.39,74.83,75.4,985.41400000,76098.46201000,
2026-05-27,75.38,76.82,72.37,72.57,865.21300000,64853.82590000,
2026-05-28,72.85,73.33,69.49,71.6,1092.61800000,77666.82900000,
2026-05-29,71.56,73.88,70.93,71.56,1251.57300000,90298.99875000,
2026-05-30,71.39,72.8,71.09,71.52,614.76600000,44163.10244000,
2026-05-31,71.49,72.25,70.22,72.18,825.55200000,58798.50298000,
2026-06-01,72.1,72.3,69.63,71.71,1011.29200000,71916.18475000,
2026-06-02,71.67,78.26,70.31,74.48,3936.73100000,292172.53732000,
2026-06-03,74.48,75.88,71.17,71.17,2273.81700000,167418.76741000,
2026-06-04,71.1,75.49,66.57,69.67,4812.60200000,339651.38346000,
2026-06-05,69.63,70.43,61.79,65.8,6652.78800000,441280.40970000,
2026-06-06,65.93,70.24,63.18,70.04,1912.29600000,124445.76875000,
2026-06-07,70.09,71.41,67.59,69.3,2075.35800000,143603.50629000,
2026-06-08,69.57,72.05,66,66.9,8015.26600000,539739.29038000,
2026-06-09,66.95,68.31,64.52,65.77,2875.59200000,190557.46447000,
2026-06-10,65.92,66.34,63.88,65.67,2333.17000000,151912.10797000,
2026-06-11,65.45,69.05,62.88,68.74,29969.62000000,1932167.81243000,
2026-06-12,68.76,70.16,65.77,66.42,18159.38200000,1225856.40378000,
2026-06-13,66.41,69.7,65.92,68.77,1777.04500000,119502.59807000,
2026-06-14,68.87,69.46,66.54,68.42,2153.29200000,146405.58675000,
2026-06-15,68.44,71.62,67.87,70.76,2703.75000000,188532.65236000,
2026-06-16,70.69,73.35,69.91,70.87,2792.17200000,200790.22402000,
2026-06-17,71,72.26,69.98,70.47,1128.73200000,80247.21968000,
2026-06-18,70.78,71.56,67.73,69.89,1671.43800000,116651.93038000,
2026-06-19,70.01,72.92,69.13,71.95,1559.09800000,111003.43320000,
2026-06-20,71.98,71.98,69.9,70.47,923.50000000,65327.74781000,
2026-06-21,70.25,71.27,69.93,70.27,766.52500000,54162.30618000,
2026-06-22,70.29,73.81,69.3,70.55,2345.16300000,166513.68600000,
2026-06-23,70.62,72.04,66.88,70.75,2875.37900000,200997.08503000,
2026-06-24,70.81,70.93,66.44,68.66,2854.47600000,195827.18903000,
2026-06-25,68.67,69.02,64.74,64.74,2834.01000000,188005.97077000,
2026-06-26,64.8,68.39,63.33,67.75,3539.52600000,231368.62750000,
2026-06-27,67.98,68.36,65.47,65.61,1380.51200000,91835.86404000,
2026-06-28,65.61,65.94,63.8,64.71,1140.16300000,74488.57357000,
2026-06-29,64.64,66.82,64.52,65.57,1941.76300000,127407.02189000,
2026-06-30,65.73,66.22,64,64.93,3344.86500000,217735.30924000,
2026-07-01,64.84,68.24,63.98,66.9,2077.99400000,138107.61343000,
2026-07-02,66.89,68.4,66.51,67.58,1799.77200000,121361.08272000,
2026-07-03,67.63,68.8,67.08,68.46,600.91600000,40848.35294000,
2026-07-04,68.44,69.18,67.42,68.34,480.45100000,32818.36892000,
2026-07-05,68.25,68.29,66.57,67.66,657.33300000,44184.17922000,
2026-07-06,67.69,67.86,65.52,66.19,1386.17000000,92069.90358000,
2026-07-07,66.19,67.07,65.31,66.22,931.85500000,61690.41596000,
2026-07-08,65.99,66.43,64.03,65.61,806.42500000,52777.49845000,
2026-07-09,65.79,68.99,65.27,68.11,1252.37600000,83806.90752000,
2026-07-10,68.09,69.22,67.29,68.15,2071.65900000,141753.29130000,
2026-07-11,68.01,69.74,65.85,65.87,1647.12900000,111214.21596000,
2026-07-12,65.85,66.74,65.26,65.47,670.52500000,44214.63272000,
2026-07-13,65.42,66.34,64,64.94,1337.27500000,87023.17171000,
2026-07-14,64.81,65.95,63.75,65.92,1007.64900000,64938.99972000,
2026-07-15,65.89,66.21,64.35,65.34,626.26000000,40924.54695000,
2026-07-16,65.3,65.84,63.73,63.81,488.35200000,31577.64037000,
2026-07-17,63.79,67.84,63.43,65.17,1745.99000000,115434.32300000,
2026-07-18,65.02,65.19,63.75,63.92,484.43000000,31252.11268000,
2026-07-19,64.12,64.86,63.94,64.21,189.19100000,12160.65498000,
2026-07-20,64.16,64.9,62.93,64.74,1016.99500000,64573.43798000,
2026-07-21,64.78,65.43,63.78,64.44,702.47600000,45217.16056000,
2026-07-22,64.41,64.65,63.46,63.74,1105.20100000,70642.78812000,
2026-07-23,63.72,66.53,62.38,63.8,4043.52000000,257058.70595000,
2026-07-24,63.85,64.46,62.54,63.49,3434.49500000,217440.90330000,
2026-07-25,63.52,63.82,63.04,63.33,1053.36800000,66879.19853000,
2026-07-26,63.41,64.25,62.72,63.71,271.71400000,17268.94565000,
2026-07-27,63.73,63.92,61.31,61.51,509.11300000,31814.95790000,
2026-07-28,61.6,62.42,60.22,60.3,626.97300000,38469.96465000,
2026-07-29,60.61,61.92,59.56,60.72,635.66100000,38637.79701000,
2026-07-30,60.66,61.23,60.32,60.7,201.59300000,12258.80575000,
2026-07-31,60.69,61.15,59.78,60.16,238.49800000,14385.49545000,
2026-08-01,60.31,62.99,60.31,61.23,278.07400000,17159.32782000,
2026-08-02,61.2,62.01,59.93,60.46,340.33800000,20727.91578000,
2026-08-03,60.47,60.66,58,59.72,753.98600000,44947.86328000,
2026-08-04,59.69,61.3,59.61,61.12,297.41000000,17928.68989000,
2026-08-05,61.18,61.36,59.5,59.74,294.64200000,17688.57745000,
2026-08-06,59.76,60.23,59.22,59.4,518.80200000,30937.56203000,
2026-08-07,59.44,60.23,58.98,59.87,644.58700000,38424.90954000,
2026-08-08,59.87,60.26,58.49,59.24,432.74700000,25674.17945000,
2026-08-09,59.2,61.63,58.08,58.3,939.25400000,55592.42252000,
2026-08-10,58.32,58.84,57.35,58.15,405.39800000,23504.73534000,
2026-08-11,58.03,58.9,56.66,58.08,309.50400000,17849.72340000,
2026-08-12,58.09,59.77,57.48,58.33,357.65200000,20908.08880000,
2026-08-13,58.41,59.23,57.62,59.03,255.08500000,14864.74553000,
2026-08-14,59.1,59.15,57.78,58.21,431.31600000,25123.15504000,
2026-08-15,58.22,58.57,57.66,57.8,328.02200000,19024.12719000,
2026-08-16,57.74,57.82,56.34,56.94,275.10000000,15720.76731000,
2026-08-17,56.99,57.72,55.47,57,587.42900000,33223.01037000,
2026-08-18,56.91,56.96,55.62,55.9,329.64400000,18476.99648000,
2026-08-19,55.89,59.38,55.74,58.83,592.11600000,34064.54687000,
2026-08-20,58.92,62.51,58.6,62.22,729.57800000,44851.77610000,
2026-08-21,62.26,66.86,61.53,66.84,1254.54000000,80805.08454000,
2026-08-22,66.66,68.65,62.23,63.39,1996.66000000,128545.53231000,
2026-08-23,63.25,65.68,62.38,64.9,840.11200000,53893.95334000,
2026-08-24,64.97,65.56,63.57,64.36,866.69600000,55848.02297000,
2026-08-25,64.28,66.38,62.88,63.28,529.81800000,34294.37449000,
2026-08-26,63.37,63.9,60.68,63.3,777.81600000,48357.97710000,
2026-08-27,63.11,63.81,62.21,63.28,455.63000000,28669.16679000,
2026-08-28,63.18,63.48,60.46,61.12,452.53500000,28034.51555000,
2026-08-29,61.12,63.24,60.92,61.49,640.84200000,39450.99132000,
2026-08-30,61.49,62.21,59.54,60.08,320.96200000,19671.24939000,
2026-08-31,59.97,62.77,59.87,61.1,398.40600000,24441.22520000,
2026-09-01,61.08,64.4,61.01,63.66,2182.41200000,135377.21750000,
2026-09-02,63.8,66.61,63.29,64.5,1978.32600000,128327.82247000,
2026-09-03,64.56,66.18,64.03,65.3,1832.57700000,119390.74544000,
2026-09-04,65.36,68,63.48,63.64,1727.58200000,114627.15098000,
2026-09-05,63.63,65.53,63.42,64.93,826.12600000,53244.93956000,
2026-09-06,64.9,67.11,63.45,66.98,1658.18300000,109214.48524000,
2026-09-07,67.09,67.16,65.21,66.61,802.19000000,53227.97956000,
2026-09-08,66.63,68.81,65.52,67.11,1711.54600000,114442.14351000,
2026-09-09,67.41,69.91,66.21,67.17,1491.91500000,101783.64629000,
2026-09-10,67.3,67.87,64.53,64.53,1273.17400000,84288.83816000,
2026-09-11,64.54,66,62.69,63.42,1257.92600000,80754.63299000,
2026-09-12,63.36,65,63.36,63.81,1068.51600000,68775.43139000,
2026-09-13,64.06,71.03,62.89,62.98,1061.49800000,69214.09750000,
2026-09-14,63.03,64.73,62.22,64.62,634.83300000,40492.69982000,
2026-09-15,64.6,65.06,60.6,61.27,739.97500000,46252.12512000,
2026-09-16,61.22,61.32,58.84,61.17,1734.71500000,103658.70419000,
2026-09-17,61.15,62.04,60.37,61.13,1344.60100000,82722.32570000,
2026-09-18,60.99,67.75,60.94,63.27,2388.11600000,150716.16413000,
2026-09-19,63.27,66.49,63.07,65.69,1408.93100000,91884.74601000,
2026-09-20,65.67,66.02,63.47,64.25,797.84100000,51443.59994000,
2026-09-21,64.18,68.19,64.18,66.82,1447.75300000,96445.02865000,
2026-09-22,66.85,75.01,65.83,73.69,4421.54500000,309729.58224000,
2026-09-23,73.96,76.36,70.35,70.84,2381.44200000,174814.18244000,
2026-09-24,70.69,92.42,69.69,90.07,6326.85000000,525255.03379000,
2026-09-25,89.99,104.5,88.38,98.59,23809.49300000,2315603.16852000,
2026-09-26,98.7,160.5,97.82,151.48,37527.28000000,4593679.38057000,
2026-09-27,151.8,373.21,148.52,286.1,120979.56148000,24981420.07946900,
2026-09-28,286.34,322.25,195.65,230.52,143778.05100000,35631672.70140000,
2026-09-29,230.65,279.76,204.4,266.83,90132.86781426,22536962.01058547,
2026-09-30,266.82,327.41,262.76,287.07,82350.20600000,24178857.99575000,
2026-10-01,287,306.25,241.78,245.49,56909.54000000,15632083.91176000,
2026-10-02,245.45,261.75,223.66,246.96,62957.92100000,15189478.22654000,
2026-10-03,246.92,270.06,243.02,256.88,37128.52600000,9562295.84248000,
2026-10-04,256.84,278.75,240,252.6,36688.93700000,9534932.61912000,
2026-10-05,252.61,263.98,245.15,262.9,26160.78600000,6674107.87315000,
2026-10-06,262.96,269.64,252.31,265.4,24594.04300000,6424078.69680000,
