date,open,high,low,close,volume,quote_volume,trades
2021-04-17,10.36,10.85,9.66,9.664,32510.76341336,336168.62258926,
2021-04-18,9.687,9.905,7.275,8.53,141025.51873236,1159436.30412664,
2021-04-19,8.53,9.534,7.76,7.94,155820.83313422,1343075.05325675,
2021-04-20,7.94,8.37,6.664,8.231,148151.09718890,1096608.99438331,
2021-04-21,8.24,9.961,7.927,9.458,135081.29227613,1228384.35917147,
2021-04-22,9.45,11.2,9.058,9.92,188148.53905194,1883368.73349410,
2021-04-23,9.93,9.98,8,8.84,100706.42321790,888786.04077776,
2021-04-24,8.84,9.33,8.154,9.03,40070.24625449,350164.86916806,
2021-04-25,9.044,10.49,8.885,10.14,102452.50870480,996825.23516432,
2021-04-26,10.14,13.1,10,12.138,281538.62573503,3347022.58468676,
2021-04-27,12.14,14.9,11.885,13.882,304555.38671190,4179583.27908537,
2021-04-28,13.88,14.56,12.88,13.75,132754.21303783,1839468.90765991,
2021-04-29,13.746,13.88,12.269,13.117,162600.41218889,2133675.57642160,
2021-04-30,13.13,13.853,12.51,13.07,111330.97644172,1461578.15296703,
2021-05-01,13.07,14.9,12.3,14.67,147603.97808284,1967625.82697412,
2021-05-02,14.685,16.06,13.5,15.16,193757.37669109,2885999.12112866,
2021-05-03,15.15,16.25,14.81,15.112,109789.73834092,1709401.16819062,
2021-05-04,15.1,15.15,12.96,13.077,222161.64932652,3103501.12687216,
2021-05-05,13.095,15.04,12.91,14.8,139687.42439718,1965010.81127580,
2021-05-06,14.79,14.828,13.24,13.41,90237.68098331,1256205.08713812,
2021-05-07,13.4,13.69,12.55,12.99,62791.94598209,824404.90709479,
2021-05-08,12.974,15.05,12.86,14.399,151125.91147200,2153308.44093929,
2021-05-09,14.38,14.94,13.61,14.245,112478.24369849,1587435.69895146,
2021-05-10,14.255,14.72,12.54,12.82,150361.63069299,2059924.42721647,
2021-05-11,12.821,13.81,11.72,13.72,234898.14173200,2933205.31610246,
2021-05-12,13.725,13.97,10.03,10.24,288424.96300702,3761253.54925046,
2021-05-13,10.12,11.04,8.74,9.38,169460.42511148,1674091.35389552,
2021-05-14,9.41,10.42,9.27,9.89,89412.38593592,882781.25097237,
2021-05-15,9.9,10,8.56,8.57,43462.21797664,394561.49163745,
2021-05-16,8.57,10.47,8.43,9.95,87766.61451723,855954.89918106,
2021-05-17,9.94,10.23,8.7,9.19,80008.18783720,754335.23561619,
2021-05-18,9.19,10.53,9.14,9.63,78366.74996076,761173.94480075,
2021-05-19,9.63,9.81,5.01,5.91,215693.45603207,1491109.62322778,
2021-05-20,5.88,6.75,5.23,6.51,132898.28751848,803133.74207017,
2021-05-21,6.51,7,4.77,5.2,161755.89280690,922399.78362192,
2021-05-22,5.24,5.38,4.47,4.67,83965.88561064,410855.98302594,
2021-05-23,4.67,4.82,2.88,3.56,154868.30442072,561176.10933286,
2021-05-24,3.57,4.48,3.45,4.39,82523.56137224,329399.50570123,
2021-05-25,4.38,4.57,3.76,4.32,72324.42349354,301261.78211226,
2021-05-26,4.32,5.39,4.24,5.37,62821.98347283,299627.31352761,
2021-05-27,5.37,5.46,4.83,5.04,40695.93815163,210113.16458950,
2021-05-28,5.04,5.08,4.35,4.46,36717.64624586,170342.74674944,
2021-05-29,4.46,4.63,4.11,4.3,22926.87739425,100848.68112478,
2021-05-30,4.28,4.69,4.06,4.58,18043.00956288,80457.13862999,
2021-05-31,4.58,5.5,4.42,5.19,23919.16890494,114933.28291054,
2021-06-01,5.17,5.23,4.78,4.96,15098.88768976,75268.96278615,
2021-06-02,4.97,5.28,4.9,5.1,18083.54791544,92459.58824344,
2021-06-03,5.11,5.55,5.06,5.52,36488.23705216,194141.35719537,
2021-06-04,5.52,5.53,4.89,5.16,31757.53091275,161814.65498234,
2021-06-05,5.16,5.47,4.94,5.04,26157.75696289,136869.43960703,
2021-06-06,5.05,5.29,5.01,5.16,16646.74069812,85959.66602921,
2021-06-07,5.16,5.3,4.73,4.74,29664.02300597,150660.07492815,
2021-06-08,4.74,4.91,4.26,4.65,37395.73063544,170976.15489712,
2021-06-09,4.64,4.76,4.49,4.72,16287.64971517,76014.53387302,
2021-06-10,4.73,4.75,4.35,4.4,52643.26703907,235830.20538588,
2021-06-11,4.4,4.43,4.03,4.03,14627.63895479,62289.78227945,
2021-06-12,4.05,4.08,3.79,3.99,14093.53138664,55327.95414402,
2021-06-13,3.99,4.14,3.9,4.14,18854.26464960,76863.45870641,
2021-06-14,4.14,4.29,4.1,4.22,15646.47220554,65560.75570900,
2021-06-15,4.23,4.29,4.13,4.18,11128.36225566,47097.22835020,
2021-06-16,4.19,4.19,3.97,4.01,14032.14748553,56986.38261002,
2021-06-17,4.01,4.15,3.9,3.94,9460.00396478,37950.80809993,
2021-06-18,3.94,3.96,3.68,3.79,18357.00702634,69932.63626865,
2021-06-19,3.78,3.86,3.71,3.77,11909.39214456,45088.70017781,
2021-06-20,3.77,3.91,3.58,3.86,28017.93864134,105058.44666568,
2021-06-21,3.86,3.89,3.16,3.22,23320.47989418,82270.71005555,
2021-06-22,3.22,3.39,2.71,3.19,36660.59483703,112426.02006898,
2021-06-23,3.19,3.48,3.16,3.4,10464.69242467,35234.14953289,
2021-06-24,3.41,3.5,3.29,3.45,10704.92898561,36334.06968717,
2021-06-25,3.46,3.52,3.2,3.22,10290.20043583,34291.25342693,
2021-06-26,3.22,3.27,2.99,3.12,14979.29932759,46511.24567879,
2021-06-27,3.12,3.32,3.09,3.31,12659.45568867,40563.15502904,
2021-06-28,3.32,3.44,3.29,3.41,9697.30146960,32584.30689265,
2021-06-29,3.41,3.6,3.41,3.5,16903.38247053,59491.29066223,
2021-06-30,3.51,3.62,3.34,3.61,10108.47844464,35131.26466592,
2021-07-01,3.62,3.62,3.41,3.52,7858.02436480,27437.39159531,
2021-07-02,3.52,3.52,3.36,3.47,6984.01722766,23898.61594256,
2021-07-03,3.48,3.55,3.47,3.51,7003.93127897,24620.54026039,
2021-07-04,3.51,3.59,3.45,3.54,6594.32726026,23343.88358438,
2021-07-05,3.54,3.55,3.39,3.47,11146.95137892,38558.45373668,
2021-07-06,3.47,3.65,3.45,3.65,8069.63148996,28734.87231076,
2021-07-07,3.64,3.75,3.56,3.58,13458.01900217,49242.06145092,
2021-07-08,3.59,3.59,3.31,3.32,22939.42037544,78631.94906291,
2021-07-09,3.32,3.36,3.23,3.3,7647.88636663,25181.22753565,
2021-07-10,3.3,3.33,3.22,3.25,6488.49677352,21190.28289156,
2021-07-11,3.25,3.33,3.22,3.3,9064.87621647,29608.64662342,
2021-07-12,3.3,3.4,3.2,3.22,14395.73681843,47261.60605005,
2021-07-13,3.23,3.27,3.09,3.1,7275.81631945,23002.49000318,
2021-07-14,3.1,3.12,2.96,3.1,15773.53112578,47961.19774002,
2021-07-15,3.1,3.1,2.9,2.92,11501.60877969,34297.55101354,
2021-07-16,2.92,2.93,2.76,2.78,8982.72713661,25578.38127016,
2021-07-17,2.78,2.86,2.73,2.79,7386.05994961,20501.01723682,
2021-07-18,2.79,2.9,2.78,2.81,10781.98643014,30729.89120838,
2021-07-19,2.81,2.82,2.6,2.62,9843.85301273,26476.46944781,
2021-07-20,2.6,2.63,2.45,2.51,36215.39334219,90868.48895736,
2021-07-21,2.51,2.71,2.46,2.65,13530.41441068,35486.83293435,
2021-07-22,2.65,2.8,2.62,2.74,12755.06708200,34468.17005435,
2021-07-23,2.75,2.87,2.71,2.85,19796.04600848,55526.85694276,
2021-07-24,2.85,2.95,2.81,2.9,18111.36705861,52004.35895126,
2021-07-25,2.9,2.94,2.79,2.91,15793.56667656,45724.54501870,
2021-07-26,2.91,3.17,2.9,2.99,31652.06788079,96266.32068308,
2021-07-27,2.99,3.16,2.86,2.92,20180.60698005,59935.54840059,
2021-07-28,2.93,3,2.76,2.92,13336.43983860,38752.94686050,
2021-07-29,2.92,3.14,2.9,3.12,18741.04112358,56804.96079297,
2021-07-30,3.12,3.38,3.01,3.33,18702.65452988,59238.52555998,
2021-07-31,3.33,3.53,3.22,3.5,19072.05404840,63576.84772807,
2021-08-01,3.5,3.55,3.24,3.28,16927.70622253,57747.25210822,
2021-08-02,3.27,3.38,3.17,3.32,13453.35704575,44174.40556208,
2021-08-03,3.32,3.33,3.16,3.26,13439.41308063,43707.42383841,
2021-08-04,3.29,3.51,3.21,3.46,13775.83331354,46092.05219013,
2021-08-05,3.46,3.67,3.32,3.6,18196.37965233,63420.42428052,
2021-08-06,3.6,3.77,3.51,3.69,13914.24309540,50440.22826226,
2021-08-07,3.69,3.84,3.62,3.8,34074.81258435,126670.26848569,
2021-08-08,3.79,3.88,3.54,3.62,24833.91021551,92081.37404101,
2021-08-09,3.62,3.94,3.53,3.88,67929.62453243,254014.36425535,
2021-08-10,3.88,5.23,3.84,4.19,993576.81783096,4607949.84038478,
2021-08-11,4.19,4.7,4.13,4.21,142855.43190758,629950.03241122,
2021-08-12,4.2,4.75,4.019,4.497,70075.53798224,310116.57403266,
2021-08-13,4.506,5.156,4.467,5.07,79099.10140666,384272.12696929,
2021-08-14,5.084,5.324,4.806,4.982,36805.31303689,185470.86939107,
2021-08-15,4.988,5.86,4.66,5.835,59753.35263702,318355.01788738,
2021-08-16,5.821,6.834,5.8,6.251,131300.25204132,833654.48597823,
2021-08-17,6.255,8.7,5.966,6.878,251008.44008390,1876692.90357372,
2021-08-18,6.867,8.41,6.365,7.61,152039.05873314,1131667.40396920,
2021-08-19,7.633,7.92,7.111,7.464,119471.71602656,882326.47025543,
2021-08-20,7.465,8.254,7.418,8.23,56898.15422821,447720.35594677,
2021-08-21,8.239,8.24,7.233,7.396,39883.42913724,306596.04800545,
2021-08-22,7.379,7.888,6.959,7.168,24886.77366565,182939.82721415,
2021-08-23,7.159,7.747,7.074,7.228,32306.87210069,240034.03435637,
2021-08-24,7.231,8.091,6.825,7.012,69084.15941173,511609.63633680,
2021-08-25,7.022,7.414,6.7,7.225,48442.96389914,339823.72275427,
2021-08-26,7.219,7.499,6.7,6.869,40416.03416362,285659.58381214,
2021-08-27,6.868,9.5,6.7,8.509,429763.51008528,3668346.13141403,
2021-08-28,8.509,12.45,8.218,11.294,887467.03272023,9861817.50143370,
2021-08-29,11.221,12.857,10.575,11.502,256049.96277432,2967639.94299964,
2021-08-30,11.41,13.23,10.719,11.7,191677.21342733,2262608.07296953,
2021-08-31,11.7,11.7,11.7,11.7,0.0,0.0,
2021-09-01,12.022,12.45,11.406,11.598,100891.10679314,1189669.03651005,
2021-09-02,11.59,12.643,11.269,11.753,109723.66868003,1301192.75312619,
2021-09-03,11.769,13.708,11.728,12.771,166875.81721101,2154382.87376216,
2021-09-04,12.768,13.698,12.07,12.479,115160.02532957,1487291.38555622,
2021-09-05,12.464,12.75,12.062,12.451,78555.79521165,977696.27788229,
2021-09-06,12.482,13.185,10.031,12.838,137805.13928851,1685614.88511708,
2021-09-07,12.852,15.151,10.2,11.768,363783.87628048,4722810.98832087,
2021-09-08,11.78,12.964,10.001,12.535,140480.50324829,1608714.16821217,
2021-09-09,12.578,16.239,12.456,14.783,320112.78184700,4705429.15120669,
2021-09-10,14.767,15.141,12.81,14.408,135823.85414977,1893223.57402902,
2021-09-11,14.408,16.24,14.245,14.978,138589.99414954,2126016.62583650,
2021-09-12,14.951,16.949,14.53,16.478,154764.74740823,2441257.97154947,
2021-09-13,16.456,16.712,13.241,14.495,114716.11348983,1667910.65112172,
2021-09-14,14.452,14.734,12.367,13.31,109078.75341083,1484295.45770442,
2021-09-15,13.322,14,12.769,13.64,144797.42293748,1956403.29263023,
2021-09-16,13.641,13.687,12.7,12.905,74870.79198990,991698.89507173,
2021-09-17,12.953,13.192,11.758,12.15,70791.20600685,871229.60891541,
2021-09-18,12.18,13.255,11.88,13.224,59594.88404600,761116.82189933,
2021-09-19,13.245,13.476,11.998,11.998,37642.99670638,479250.51940267,
2021-09-20,12,12.093,10,10.068,93581.74325368,1013792.44314640,
2021-09-21,10.059,10.607,8.995,9.169,55826.91350789,548850.01720421,
2021-09-22,9.2,10.7,9.05,10.58,46185.81814062,465714.43872847,
2021-09-23,10.589,11.756,10.342,11.637,48121.02176876,525523.83873700,
2021-09-24,11.62,11.636,9.499,10.055,54369.09191816,555104.64785457,
2021-09-25,10.085,10.221,9.641,9.87,21829.46425227,217241.06144554,
2021-09-26,9.85,10.008,9.03,9.696,26940.57741013,258938.99164163,
2021-09-27,9.65,10.921,9.494,9.666,37225.10367650,379866.50223165,
2021-09-28,9.636,9.79,9.08,9.13,32936.77053913,309107.50148982,
2021-09-29,9.151,9.582,8.926,9.15,48947.62265134,455871.04536739,
2021-09-30,9.15,9.66,9.117,9.64,70910.10205103,666971.29603588,
2021-10-01,9.625,11.122,9.458,10.999,128695.28938737,1325915.30844183,
2021-10-02,11.003,11.546,10.782,11.166,40985.77082829,459072.07352534,
2021-10-03,11.166,11.967,10.976,11.549,46544.50085475,538803.27831889,
2021-10-04,11.556,11.629,10.716,11.147,42864.72115899,478056.99186761,
2021-10-05,11.105,11.341,10.9,11.039,21267.32811526,236519.66711761,
2021-10-06,11.03,11.217,10.153,10.752,38500.61862373,409824.80227863,
2021-10-07,10.723,10.796,10.251,10.268,21384.21098351,225369.68121209,
2021-10-08,10.277,10.7,10.193,10.279,34467.21510695,360116.11768693,
2021-10-09,10.244,10.473,10.2,10.292,12107.57362806,125256.52471852,
2021-10-10,10.228,10.298,9.572,9.579,17549.22408603,175255.92053798,
2021-10-11,9.568,9.877,9.274,9.434,18232.15008804,175504.33532650,
2021-10-12,9.424,9.593,9.036,9.574,32637.47053909,304056.18886222,
2021-10-13,9.576,10.276,9.333,10.013,54627.75709219,534412.63181940,
2021-10-14,10.068,10.308,9.781,9.89,23874.15255185,240031.09664560,
2021-10-15,9.879,10.569,9.69,10.145,31070.07054725,313062.48331485,
2021-10-16,10.174,10.276,9.793,9.822,12561.94992358,125864.71752591,
2021-10-17,9.818,10.027,9.333,9.566,18252.61291335,177384.71409847,
2021-10-18,9.567,9.687,9.264,9.33,16655.73150067,158446.81950601,
2021-10-19,9.33,9.538,9.293,9.449,16893.22747727,158954.34827731,
2021-10-20,9.458,10.357,9.414,10.337,30904.53331808,307308.41131730,
2021-10-21,10.35,10.881,10.003,10.214,53434.72684181,560247.02956565,
2021-10-22,10.182,11.178,10.131,10.593,57553.41834731,618296.93213991,
2021-10-23,10.631,10.805,10.302,10.444,31478.98971893,331226.37612805,
2021-10-24,10.45,10.469,9.869,10.243,19070.19706933,192954.63452592,
2021-10-25,10.231,11.13,10.16,10.647,35254.45059999,378739.38146321,
2021-10-26,10.642,10.958,10.167,10.312,37250.74885291,397197.24847099,
2021-10-27,10.313,10.456,8.573,9.29,116340.43797468,1108075.27770747,
2021-10-28,9.332,9.99,9.24,9.972,45425.92070800,441156.49801708,
2021-10-29,9.97,10.465,9.912,10.39,38972.04919967,400694.76588878,
2021-10-30,10.422,11.415,10.177,10.863,100728.88413065,1098104.98282113,
2021-10-31,10.862,10.948,10.062,10.591,37822.38170376,396238.54029053,
2021-11-01,10.6,11.216,10.218,10.816,36264.06402419,391472.15163048,
2021-11-02,10.812,11.433,10.598,11.368,39933.00108162,438294.71165398,
2021-11-03,11.359,13.404,11.185,12.7,224713.86189840,2805102.02588655,
2021-11-04,12.69,13.21,11.677,12.224,80400.57563823,985769.55982032,
2021-11-05,12.221,12.234,11.523,11.671,45789.52659281,541489.45814484,
2021-11-06,11.659,12.523,11.429,12.507,84795.28742874,1018399.31488826,
2021-11-07,12.467,12.829,12.334,12.647,59003.70619580,740569.98807919,
2021-11-08,12.652,12.692,12.138,12.41,44322.34183722,548088.20406967,
2021-11-09,12.412,12.518,11.671,12.026,49947.77860259,602853.22311029,
2021-11-10,12.038,12.485,10.169,11.262,96621.92948590,1127791.35204587,
2021-11-11,11.222,11.578,11.081,11.285,42287.81100985,479365.14552105,
2021-11-12,11.27,11.329,10.801,11.068,32487.92675579,359993.48205141,
2021-11-13,11.066,11.458,10.945,11.405,22736.16416991,254444.57274958,
2021-11-14,11.414,11.451,10.95,11.194,20041.96886614,224755.66638530,
2021-11-15,11.2,11.498,11.064,11.119,29251.49758827,330213.82647644,
2021-11-16,11.113,11.113,9.644,10.263,48775.12695364,508754.60201899,
2021-11-17,10.259,10.643,9.915,10.371,31996.44364111,328983.58478238,
2021-11-18,10.375,10.441,9.129,9.414,45570.11347671,445666.57425936,
2021-11-19,9.408,10.101,9.26,10.101,29875.19111987,289367.68524036,
2021-11-20,10.109,10.416,9.884,10.284,17113.36550084,174765.18973864,
2021-11-21,10.289,10.548,10.092,10.313,37913.94902419,388826.32680216,
2021-11-22,10.333,10.333,9.77,9.837,38300.33888687,382440.55201254,
2021-11-23,9.842,10.185,9.682,10.104,42499.14775899,425778.16425947,
2021-11-24,10.104,10.43,9.791,9.972,42299.93225266,423490.36815660,
2021-11-25,9.979,10.483,9.924,10.302,40106.29848315,409356.21791092,
2021-11-26,10.327,10.389,9.077,9.491,55881.98880853,533258.37466389,
2021-11-27,9.497,9.905,9.439,9.691,46958.80648706,457538.18515221,
2021-11-28,9.716,10.003,9.326,9.979,64781.68410465,616515.12230150,
2021-11-29,9.994,10.832,9.96,10.651,68951.40782119,719799.08954907,
2021-11-30,10.662,11.169,10.447,10.908,42303.37867416,454319.26781565,
2021-12-01,10.844,11.62,10.799,11.154,79815.75235181,893011.05814511,
2021-12-02,11.159,11.829,10.929,11.216,69949.22782160,794891.11036941,
2021-12-03,11.247,11.303,10.1,10.437,47754.94765124,518790.48856395,
2021-12-04,10.445,10.445,8.142,9.344,109304.83530986,1006168.05560321,
2021-12-05,9.361,9.497,8.695,8.998,25765.11403707,234511.35728066,
2021-12-06,8.954,8.96,8.155,8.864,60382.27416279,516716.03110372,
2021-12-07,8.849,9.085,8.664,8.745,54181.71508137,482107.30407202,
2021-12-08,8.747,8.866,8.44,8.862,46291.30236162,403357.23892601,
2021-12-09,8.885,8.921,8.206,8.212,33857.69106878,289716.14101654,
2021-12-10,8.247,8.383,7.689,7.689,40250.28074680,322404.07925510,
2021-12-11,7.691,7.964,7.59,7.934,26300.24371255,205169.46884776,
2021-12-12,7.94,8.067,7.78,8.013,32854.20377298,260690.11913163,
2021-12-13,8.014,8.035,7.056,7.184,33387.97345246,247258.48318367,
2021-12-14,7.178,7.443,7.06,7.435,30918.87754116,224135.69442556,
2021-12-15,7.427,7.869,7.126,7.805,39503.96171066,295781.00087852,
2021-12-16,7.797,7.927,7.607,7.607,26549.08978250,207612.27995012,
2021-12-17,7.635,7.709,7.075,7.205,65525.46407941,485297.88572322,
2021-12-18,7.214,7.466,7.087,7.344,18194.17909975,133727.56753416,
2021-12-19,7.348,7.44,7.179,7.193,21933.83399862,160427.39990775,
2021-12-20,7.19,7.247,6.822,7.039,31677.74006293,221886.24330545,
2021-12-21,7.055,7.272,6.979,7.218,20572.48976106,147304.71413440,
2021-12-22,7.227,7.561,7.171,7.337,31167.40956324,229502.66298634,
2021-12-23,7.337,7.854,7.23,7.792,15127.06391184,114597.53670504,
2021-12-24,7.784,8.005,7.452,7.524,18013.50739078,139955.03761561,
2021-12-25,7.503,7.735,7.499,7.711,14059.35893058,106969.63778850,
2021-12-26,7.695,7.785,7.467,7.599,12141.86088393,92516.65842028,
2021-12-27,7.618,7.88,7.499,7.537,43379.71228897,333649.05636622,
2021-12-28,7.514,7.514,6.956,6.97,29273.18302234,210591.71796917,
2021-12-29,6.948,7.024,6.49,6.553,17553.50690317,118668.40013974,
2021-12-30,6.553,6.722,6.438,6.519,14120.62153542,93271.12926916,
2021-12-31,6.533,6.648,6.284,6.342,8658.79034309,56138.08604912,
2022-01-01,6.349,6.55,6.348,6.55,8247.54774066,53068.14327237,
2022-01-02,6.525,6.965,6.454,6.908,25307.89202376,169680.53089800,
2022-01-03,6.875,6.964,6.444,6.585,15263.01578792,103127.07242441,
2022-01-04,6.57,6.681,6.413,6.491,16884.14418771,110514.92910611,
2022-01-05,6.502,6.775,5.717,6.053,37854.48067768,237567.85705344,
2022-01-06,6,6.069,5.713,5.852,23275.01174895,136581.21423246,
2022-01-07,5.862,5.862,5.259,5.335,39313.59425281,216130.57362701,
2022-01-08,5.327,5.569,5.089,5.27,37993.05789764,203301.32275439,
2022-01-09,5.248,5.451,5.215,5.364,18296.72152885,97512.66757998,
2022-01-10,5.351,5.398,4.952,5.074,32557.89438249,166818.69744354,
2022-01-11,5.068,5.395,5.04,5.341,26543.29880112,138330.72509813,
2022-01-12,5.355,5.574,5.322,5.542,23110.02454300,126531.01798619,
2022-01-13,5.531,5.642,5.296,5.325,33008.20425339,181013.93882625,
2022-01-14,5.318,5.409,5.218,5.378,14747.91070428,78689.92466373,
2022-01-15,5.379,5.54,5.319,5.472,17188.42658874,93390.62276018,
2022-01-16,5.473,5.506,5.38,5.403,22441.09739485,122461.27691760,
2022-01-17,5.407,5.411,5.086,5.167,18778.70204053,98228.73893180,
2022-01-18,5.162,5.2,4.99,5.162,13529.41029288,68632.57664180,
2022-01-19,5.168,5.176,4.915,4.963,15696.02105971,79102.02728432,
2022-01-20,4.967,5.24,4.75,4.78,23587.70573691,117995.11058749,
2022-01-21,4.753,4.817,4.114,4.254,82074.45032462,360962.54265365,
2022-01-22,4.251,4.321,3.461,3.679,102706.62407007,389970.22548724,
2022-01-23,3.693,3.86,3.552,3.75,45365.24141469,168702.76204457,
2022-01-24,3.728,3.728,3.153,3.393,86599.81449541,288405.30006405,
2022-01-25,3.395,3.661,3.331,3.576,46260.29141021,161927.76459590,
2022-01-26,3.565,3.882,3.49,3.548,27815.59656463,102116.01237106,
2022-01-27,3.544,3.62,3.391,3.517,31942.21011176,111810.60703046,
2022-01-28,3.508,3.69,3.49,3.671,30852.93213347,110543.48284269,
2022-01-29,3.662,3.938,3.649,3.925,22427.35642998,85468.09836431,
2022-01-30,3.925,3.957,3.71,3.74,17683.77564052,67859.87787010,
2022-01-31,3.745,3.831,3.592,3.817,25533.76020328,95239.87008618,
2022-02-01,3.81,3.959,3.809,3.842,21967.25122527,85139.89377286,
2022-02-02,3.85,3.869,3.608,3.648,37476.89733803,139880.54204633,
2022-02-03,3.652,3.657,3.5,3.636,20711.81809903,74102.27529045,
2022-02-04,3.626,3.828,3.61,3.827,24398.83263956,90979.69501107,
2022-02-05,3.824,4.033,3.814,3.952,17749.30432874,69915.73267487,
2022-02-06,3.953,4.062,3.817,3.921,25327.35144478,98873.48709425,
2022-02-07,3.92,4.25,3.839,4.173,35891.77728330,147179.74385789,
2022-02-08,4.181,4.291,3.902,3.994,73171.54915179,293481.34605825,
2022-02-09,3.986,4.104,3.853,4.078,99965.07740389,400289.75353053,
2022-02-10,4.08,4.418,3.983,4.07,109850.89085365,463837.06339184,
2022-02-11,4.056,4.085,3.599,3.654,42538.18865426,165330.15727259,
2022-02-12,3.652,3.679,3.505,3.61,20012.19256937,71928.60209306,
2022-02-13,3.601,3.66,3.463,3.506,23258.83996550,83222.63472829,
2022-02-14,3.489,3.593,3.407,3.56,23175.59990122,80884.67139319,
2022-02-15,3.56,3.833,3.558,3.83,20340.48735162,76156.97058003,
2022-02-16,3.822,3.855,3.705,3.754,17253.66252274,64992.40847083,
2022-02-17,3.748,3.789,3.365,3.393,26568.21979498,93712.76280222,
2022-02-18,3.393,3.447,3.213,3.213,21670.94677916,72139.19913519,
2022-02-19,3.212,3.214,2.996,3.046,141030.14486023,439800.02950568,
2022-02-20,3.044,3.044,2.827,2.864,49800.45994727,144433.58995917,
2022-02-21,2.868,2.992,2.655,2.656,41958.33262145,118848.60069569,
2022-02-22,2.661,2.771,2.58,2.751,33229.12177368,88242.23839155,
2022-02-23,2.749,2.897,2.611,2.611,48246.56864680,134672.93398419,
2022-02-24,2.61,2.623,2.35,2.555,96985.98418199,239217.08189675,
2022-02-25,2.55,2.672,2.518,2.641,62298.86801472,159324.24016055,
2022-02-26,2.645,2.722,2.563,2.581,29671.21874686,78378.74919205,
2022-02-27,2.581,2.61,2.412,2.437,22186.29139008,55987.68935842,
2022-02-28,2.422,2.763,2.412,2.759,36797.95825542,93699.93122288,
2022-03-01,2.758,2.866,2.705,2.726,74392.26226236,207233.65731167,
2022-03-02,2.728,2.846,2.675,2.798,75471.04062324,208633.98538679,
2022-03-03,2.797,2.804,2.622,2.666,25540.88226866,69288.04675713,
2022-03-04,2.663,2.667,2.492,2.519,24386.95354976,62780.81831524,
2022-03-05,2.52,2.565,2.472,2.552,9619.53847368,24276.62534171,
2022-03-06,2.55,2.568,2.491,2.496,22954.43411968,58215.91392551,
2022-03-07,2.495,2.517,2.357,2.385,35437.83090232,85981.80650261,
2022-03-08,2.385,2.465,2.376,2.428,17772.40689153,42944.81847396,
2022-03-09,2.43,2.617,2.426,2.55,23647.91881254,60227.80149349,
2022-03-10,2.555,2.558,2.385,2.419,20144.55106217,49108.36920043,
2022-03-11,2.418,2.458,2.356,2.38,18066.01903638,43333.87605584,
2022-03-12,2.384,2.437,2.379,2.384,20769.51083766,49949.85524462,
2022-03-13,2.381,2.412,2.28,2.287,24234.65112936,56636.41551771,
2022-03-14,2.292,2.359,2.273,2.336,22007.22584551,51204.64288041,
2022-03-15,2.336,2.417,2.268,2.396,42345.13998702,99618.26686733,
2022-03-16,2.396,2.537,2.362,2.537,60947.62350308,149617.45473927,
2022-03-17,2.538,2.57,2.485,2.49,40720.60310322,103409.93003177,
2022-03-18,2.485,2.686,2.439,2.672,74554.01281827,190729.37760722,
2022-03-19,2.666,2.89,2.666,2.856,116350.05873953,327169.08971784,
2022-03-20,2.876,2.909,2.681,2.702,80989.68048561,226353.12312731,
2022-03-21,2.705,2.775,2.647,2.716,54041.51013349,147327.69007540,
2022-03-22,2.714,2.847,2.683,2.807,27781.22325387,77370.00737613,
2022-03-23,2.808,3.087,2.807,3.049,62940.09244881,185863.40105853,
2022-03-24,3.059,3.201,2.987,3.172,92921.27848390,287791.41078719,
2022-03-25,3.177,3.236,2.993,3.076,49382.33054300,153892.75540031,
2022-03-26,3.073,3.105,3.042,3.059,37109.03431312,113836.78543931,
2022-03-27,3.059,3.176,2.97,3.176,42105.09144600,128300.77923121,
2022-03-28,3.182,3.476,3.151,3.263,108534.37194315,358933.46207937,
2022-03-29,3.266,3.429,3.24,3.32,31922.65405089,106202.37101658,
2022-03-30,3.333,3.647,3.241,3.48,49572.23934055,172741.40671993,
2022-03-31,3.47,3.635,3.328,3.379,106275.55882077,372658.70468304,
2022-04-01,3.397,3.699,3.251,3.656,46580.98251165,162267.32999214,
2022-04-02,3.637,3.822,3.549,3.55,75412.44843707,277996.31334584,
2022-04-03,3.553,3.68,3.502,3.662,20302.46221905,73226.32491597,
2022-04-04,3.657,3.657,3.34,3.454,24119.67577893,83738.12172025,
2022-04-05,3.453,3.59,3.3,3.311,29809.86444127,103184.36296618,
2022-04-06,3.3,3.312,2.968,2.971,43286.00669488,136392.94487240,
2022-04-07,2.977,3.139,2.94,3.123,19845.99146523,60445.87919843,
2022-04-08,3.12,3.131,2.88,2.895,11884.99009951,36190.94029032,
2022-04-09,2.911,2.963,2.884,2.963,11582.27114876,33929.81876496,
2022-04-10,2.962,2.991,2.88,2.887,12134.46059201,35732.87306837,
2022-04-11,2.884,2.889,2.692,2.721,18122.01003516,50539.45925822,
2022-04-12,2.726,2.849,2.694,2.747,14603.84983106,40542.41648070,
2022-04-13,2.744,2.862,2.694,2.827,11034.40066318,30820.94172074,
2022-04-14,2.829,2.861,2.67,2.695,6816.78503638,18729.20506213,
2022-04-15,2.694,2.763,2.686,2.752,6035.35796101,16384.56863400,
2022-04-16,2.751,2.757,2.672,2.713,8522.91926128,23100.83593401,
2022-04-17,2.712,2.754,2.63,2.641,12740.71062593,34449.94868062,
2022-04-18,2.633,2.672,2.511,2.671,27555.73234194,71238.46588269,
2022-04-19,2.671,2.761,2.635,2.76,14040.28201292,37885.24763742,
2022-04-20,2.755,2.827,2.67,2.677,110269.10440331,297939.88022663,
2022-04-21,2.68,2.815,2.577,2.602,35782.44471581,97455.54271870,
2022-04-22,2.595,2.666,2.582,2.62,11532.59342537,30215.34778257,
2022-04-23,2.618,2.641,2.545,2.573,7207.38888217,18684.69320361,
2022-04-24,2.575,2.708,2.562,2.675,23046.93438089,60894.89394021,
2022-04-25,2.68,2.68,2.476,2.625,24488.86095996,62916.84007436,
2022-04-26,2.626,2.659,2.399,2.41,17841.35545030,44998.36810046,
2022-04-27,2.414,2.484,2.409,2.459,9694.07084613,23722.76168338,
2022-04-28,2.46,2.515,2.428,2.439,18193.04330054,44955.75631640,
2022-04-29,2.44,2.454,2.302,2.322,11294.04546096,26738.68724329,
2022-04-30,2.325,2.351,2.006,2.081,24865.27729613,54373.72030635,
2022-05-01,2.078,2.237,2.027,2.217,72311.58279862,155921.74283549,
2022-05-02,2.215,2.238,2.127,2.17,26717.14975719,58083.52696665,
2022-05-03,2.171,2.252,2.1,2.129,15492.26213178,33469.00386188,
2022-05-04,2.128,2.26,2.125,2.254,17323.01899918,37886.82950696,
2022-05-05,2.256,2.267,2.004,2.059,36312.21280546,76529.30954857,
2022-05-06,2.055,2.068,1.977,2.019,11823.43369167,23891.54575332,
2022-05-07,2.023,2.023,1.908,1.937,14642.02269493,28970.99856152,
2022-05-08,1.945,1.947,1.853,1.864,16400.78309754,31180.90112090,
2022-05-09,1.865,1.887,1.568,1.576,32661.25962038,56169.54346725,
2022-05-10,1.577,1.737,1.53,1.576,59086.94755000,96577.77610793,
2022-05-11,1.58,1.611,1.271,1.348,132373.12331878,190543.72455289,
2022-05-12,1.36,1.409,1.127,1.244,1692321.51751468,2037303.26459641,
2022-05-13,1.241,1.387,1.229,1.254,65317.26646044,87184.92910428,
2022-05-14,1.245,1.314,1.188,1.295,89432.96201308,111493.85784669,
2022-05-15,1.296,1.354,1.24,1.352,47507.91604665,61201.29449941,
2022-05-16,1.352,1.352,1.206,1.224,35244.17435413,44248.80887023,
2022-05-17,1.23,1.337,1.23,1.3,49032.02920675,62817.99546401,
2022-05-18,1.31,1.325,1.165,1.168,50366.54991585,62928.43615561,
2022-05-19,1.168,1.195,1.134,1.161,59780.29276130,69645.36304142,
2022-05-20,1.161,1.186,1.057,1.069,44282.24126837,48993.88786288,
2022-05-21,1.067,1.092,1.045,1.068,12619.39091516,13435.57443781,
2022-05-22,1.072,1.111,1.047,1.095,47180.51123262,51466.81205685,
2022-05-23,1.101,1.122,1.003,1.012,209627.59258114,223888.61793837,
2022-05-24,1.014,1.033,0.964,0.99099,45799.73376073,45469.97838577,
2022-05-25,0.98716,1.02,0.97866,0.98771,33277.34722450,33101.16518761,
2022-05-26,0.98869,0.9887,0.87601,0.89386,75508.82239048,69738.89519984,
2022-05-27,0.893,0.92314,0.85759,0.88777,41104.26895845,36537.53430915,
2022-05-28,0.89654,0.92735,0.87491,0.91826,37207.44894353,33652.61266556,
2022-05-29,0.91528,0.95705,0.88683,0.95185,36244.57053252,33820.49349679,
2022-05-30,0.95182,1.03187,0.93419,1.01799,79558.88935476,78528.09240510,
2022-05-31,1.01456,1.07644,0.97981,1.02,107471.15858300,110317.70178337,
2022-06-01,1.02,1.02454,0.89242,0.91535,112196.15793227,108947.36500502,
2022-06-02,0.91087,0.94143,0.89368,0.93801,40333.74906500,37256.64991962,
2022-06-03,0.93818,0.94359,0.87823,0.88148,38471.55550000,34589.34944175,
2022-06-04,0.88237,0.88514,0.85039,0.87878,33544.24100000,29120.29003252,
2022-06-05,0.87874,0.91049,0.85124,0.88322,67344.69250000,59632.37846855,
2022-06-06,0.87954,0.96322,0.87954,0.92441,64227.59937144,59951.87309778,
2022-06-07,0.92293,0.96222,0.83983,0.89245,184536.22097600,165948.55011475,
2022-06-08,0.89226,0.92311,0.87736,0.88028,76356.00811677,68724.13232868,
2022-06-09,0.8771,0.93426,0.8672,0.88103,53158.93129712,48082.07992803,
2022-06-10,0.88407,0.89009,0.8,0.80486,91726.10320064,77650.45804870,
2022-06-11,0.80554,0.81975,0.73,0.75572,42409.85693359,32657.99743243,
2022-06-12,0.76,0.7944,0.71121,0.74,58367.65526513,43930.85620879,
2022-06-13,0.73564,0.74001,0.65173,0.68302,101108.14483421,68776.63098527,
2022-06-14,0.68232,0.73001,0.64806,0.7151,49973.12503775,35025.79990440,
2022-06-15,0.7154,0.74001,0.63246,0.74001,91866.40396797,61709.49777562,
2022-06-16,0.75,0.75,0.65502,0.65868,61130.85582378,41718.52850364,
2022-06-17,0.66603,0.68903,0.66408,0.67,25115.92412100,16933.10836035,
2022-06-18,0.66525,0.66782,0.59116,0.63205,39762.55430896,24906.77602304,
2022-06-19,0.63162,0.71088,0.60503,0.69906,35108.43096403,23456.63330036,
2022-06-20,0.68886,0.72657,0.67185,0.72,65952.65792874,46536.64345404,
2022-06-21,0.71623,0.75457,0.70651,0.71349,62678.69377546,46597.54842484,
2022-06-22,0.70541,0.71365,0.6766,0.6806,15055.68746812,10413.11476409,
2022-06-23,0.69176,0.74,0.69156,0.73914,42828.51819545,30623.93537219,
2022-06-24,0.74089,0.77193,0.72956,0.76174,37753.69830644,28543.06431311,
2022-06-25,0.75825,0.7799,0.72482,0.76075,45977.48008557,35129.69976198,
2022-06-26,0.76,0.78811,0.71595,0.71731,44664.76236533,33917.23646266,
2022-06-27,0.72077,0.74211,0.69748,0.70764,13977.94758986,10114.70461824,
2022-06-28,0.71504,0.72372,0.67197,0.67197,18181.84336680,12503.83777437,
2022-06-29,0.67241,0.68136,0.65255,0.66365,29464.16363961,19716.99728516,
2022-06-30,0.65,0.6513,0.623,0.65,6164.96013333,3931.25953541,
2022-07-01,0.65443,0.6719,0.63821,0.6595,9964.50163955,6561.99956694,
2022-07-02,0.65357,0.69,0.64369,0.67407,20132.43395767,13422.34356604,
2022-07-03,0.67222,0.68171,0.65148,0.6734,11899.89910300,7911.21227724,
2022-07-04,0.68005,0.70401,0.66438,0.70026,37081.54383882,24961.00505892,
2022-07-05,0.70582,0.71253,0.67064,0.69661,50167.73723215,34747.86842883,
2022-07-06,0.69459,0.73,0.68431,0.72369,44319.13624301,31237.67428527,
2022-07-07,0.72273,0.75727,0.71534,0.74776,95994.57502049,70985.28823077,
2022-07-08,0.74667,0.76469,0.71884,0.7396,81032.09509093,60438.32116393,
2022-07-09,0.74,0.82803,0.74,0.80356,157777.99417350,126153.99417828,
2022-07-10,0.80267,0.8054,0.76299,0.76892,132220.53669722,103365.06913178,
2022-07-11,0.76795,0.77,0.71843,0.71843,144255.08517368,107152.05559549,
2022-07-12,0.71826,0.73562,0.69186,0.69276,126902.15789947,91388.61700958,
2022-07-13,0.69405,0.73288,0.68023,0.73281,98450.46785862,69327.51351271,
2022-07-14,0.73422,0.9537,0.72827,0.86686,882408.06424291,723614.20417039,
2022-07-15,0.86478,0.88147,0.82073,0.85,330443.09889259,280469.23291786,
2022-07-16,0.84999,0.99889,0.84609,0.98159,263414.57205119,245427.99359265,
2022-07-17,0.98074,0.99238,0.89841,0.89841,141952.27671445,131763.81622993,
2022-07-18,0.8976,0.94263,0.87811,0.92,197437.11462333,179699.16112821,
2022-07-19,0.91453,0.96154,0.89,0.91777,151523.65967563,140056.38536499,
2022-07-20,0.91635,0.954,0.85465,0.85889,191387.28068844,176299.01162548,
2022-07-21,0.85955,0.88497,0.83084,0.88,125100.04147933,108019.89971548,
2022-07-22,0.88005,0.92399,0.83728,0.83903,168468.50808791,148551.15855871,
2022-07-23,0.84089,0.87367,0.81898,0.84488,117294.25427222,98844.65278672,
2022-07-24,0.845,0.86807,0.83828,0.84272,117018.18267625,99868.56982016,
2022-07-25,0.84405,0.84564,0.77901,0.77934,278512.08063396,224202.41074327,
2022-07-26,0.7788,0.77922,0.74192,0.77833,95686.70271051,73238.45130918,
2022-07-27,0.77914,0.85101,0.77345,0.84498,192183.42158046,154922.97250068,
2022-07-28,0.84285,0.88703,0.82,0.87449,166497.62339058,141338.25740966,
2022-07-29,0.87415,0.89738,0.83999,0.86094,146626.78370005,127620.79378794,
2022-07-30,0.86236,0.91118,0.8533,0.85911,129067.09310448,113680.42407228,
2022-07-31,0.85964,0.92416,0.85381,0.85817,199335.01284435,177182.05287479,
2022-08-01,0.85471,0.8806,0.83372,0.8534,222687.99219043,191628.66818627,
2022-08-02,0.85163,0.86001,0.79533,0.80394,142938.16343624,116799.74822498,
2022-08-03,0.8063,0.84709,0.78999,0.81069,232609.54217801,192355.50176076,
2022-08-04,0.80921,0.83268,0.79292,0.80683,127006.28206428,102792.59324690,
2022-08-05,0.80652,0.85003,0.80652,0.84082,123912.66442855,102515.77263154,
2022-08-06,0.84032,0.88356,0.83305,0.84062,164861.47403635,141684.27578794,
2022-08-07,0.84049,0.8713,0.82373,0.85034,101632.90928725,86200.08472839,
2022-08-08,0.85203,0.89463,0.84945,0.87454,96766.55709469,84957.46568127,
2022-08-09,0.87568,0.89262,0.82595,0.83474,141264.55498358,120618.95964878,
2022-08-10,0.83458,0.86406,0.81762,0.85905,169002.97009522,141541.14111660,
2022-08-11,0.85963,0.95281,0.85963,0.8922,757224.19834032,691364.57610846,
2022-08-12,0.89443,0.95637,0.88,0.92333,136414.89040469,124465.03732918,
2022-08-13,0.92101,0.94824,0.9039,0.91058,44852.96078289,41670.37801089,
2022-08-14,0.90949,0.93225,0.85261,0.85422,94595.06731659,84441.36677915,
2022-08-15,0.85234,0.88143,0.82749,0.83987,50011.16714914,42602.24712927,
2022-08-16,0.83904,0.86247,0.82916,0.84733,49299.17780400,41644.61371414,
2022-08-17,0.84554,0.87855,0.78105,0.79024,45083.69091976,37099.57952708,
2022-08-18,0.78957,0.80003,0.71858,0.73569,24496.50207890,18808.58198905,
2022-08-19,0.73576,0.73613,0.67174,0.67803,45606.43529063,31623.91985997,
2022-08-20,0.67876,1.03744,0.67534,0.69256,361658.07036421,290831.85050250,
2022-08-21,0.69271,0.72601,0.68289,0.71259,36006.85500914,25446.22075239,
2022-08-22,0.7132,0.7132,0.6698,0.69787,51288.87418196,35236.06447857,
2022-08-23,0.69617,0.71676,0.67832,0.71295,39936.18541433,28049.49807522,
2022-08-24,0.71289,0.73803,0.69184,0.72038,37238.33656683,26775.43551694,
2022-08-25,0.72005,0.74304,0.71671,0.72725,38151.82116491,27798.39124060,
2022-08-26,0.7262,0.73053,0.63777,0.64776,65657.57296354,44996.70544271,
2022-08-27,0.64509,0.65878,0.63171,0.64066,37198.35018614,23912.08804372,
2022-08-28,0.64048,0.66075,0.63,0.63135,71183.38992616,45717.71749609,
2022-08-29,0.63093,0.68808,0.626,0.68569,74220.59507501,48049.28418599,
2022-08-30,0.6861,0.72109,0.67768,0.70134,84095.99629095,59024.09344755,
2022-08-31,0.70342,0.7202,0.66013,0.66387,60468.71002784,41758.97652499,
2022-09-01,0.66422,0.66837,0.63408,0.65246,55979.97891019,36559.88852033,
2022-09-02,0.6524,0.66321,0.63065,0.63845,37497.85446566,24289.29388962,
2022-09-03,0.63811,0.64373,0.63151,0.64119,27724.33530702,17709.27826405,
2022-09-04,0.64096,0.67758,0.63742,0.67537,49224.74311085,32152.66149461,
2022-09-05,0.67818,0.67887,0.64741,0.66126,46409.82104698,30607.87201847,
2022-09-06,0.66172,0.69164,0.59291,0.5948,68493.51291574,44598.77079145,
2022-09-07,0.59427,0.62705,0.58856,0.61684,60137.61502210,36763.12190877,
2022-09-08,0.61579,0.62205,0.59762,0.61803,43020.57845035,26387.63347173,
2022-09-09,0.61743,0.68073,0.61695,0.67552,92664.25379318,60774.14732229,
2022-09-10,0.67527,0.69263,0.66943,0.68931,42668.09151600,29072.68277155,
2022-09-11,0.68933,0.69682,0.6622,0.67597,34187.23123247,23327.78163522,
2022-09-12,0.67551,0.72715,0.66455,0.67026,59655.89495126,40943.58008868,
2022-09-13,0.67072,0.67488,0.60732,0.60846,117974.90938316,76669.74779244,
2022-09-14,0.60691,0.6213,0.60066,0.61972,33146.54043280,20308.64388915,
2022-09-15,0.61907,0.61908,0.58555,0.58919,39057.66284215,23497.91580631,
2022-09-16,0.58947,0.59385,0.57312,0.58542,41896.78187017,24497.35676754,
2022-09-17,0.58533,0.62148,0.5853,0.62077,40873.33749294,24358.98252031,
2022-09-18,0.62081,0.62081,0.52812,0.55106,87103.96903746,49335.03540595,
2022-09-19,0.55015,0.57587,0.53543,0.56974,40969.31869721,22721.21987540,
2022-09-20,0.56993,0.57478,0.54537,0.54904,16840.35099334,9447.36702879,
2022-09-21,0.54855,0.57798,0.52788,0.53717,39872.64928370,22247.27009545,
2022-09-22,0.53707,0.57356,0.53552,0.57058,34604.33843074,19242.02014498,
2022-09-23,0.57031,0.58989,0.55736,0.58161,28356.11003577,16280.24916077,
2022-09-24,0.58145,0.58726,0.57011,0.57298,22077.40042149,12844.29914114,
2022-09-25,0.57179,0.57815,0.54862,0.55494,25988.93310036,14732.43981229,
2022-09-26,0.5536,0.5645,0.54047,0.5645,38018.82159328,21048.60614788,
2022-09-27,0.56392,0.60344,0.5562,0.56327,22562.14840136,13106.89100064,
2022-09-28,0.56378,0.57659,0.54221,0.57323,45040.22730163,25080.90813796,
2022-09-29,0.57336,0.58604,0.55985,0.58089,48448.86222609,27869.61467168,
2022-09-30,0.5809,0.59108,0.56668,0.57179,27213.44613200,15739.02683720,
2022-10-01,0.57251,0.58253,0.56075,0.56108,11247.49734020,6445.94067372,
2022-10-02,0.56109,0.56624,0.5472,0.5524,17219.87800000,9620.83823432,
2022-10-03,0.5479,0.57434,0.5479,0.57175,35543.70200000,19962.28676758,
2022-10-04,0.57239,0.5975,0.57017,0.58418,58141.13684718,33962.30259178,
2022-10-05,0.58591,0.58932,0.56506,0.57446,22516.11670507,12911.70659312,
2022-10-06,0.57433,0.58314,0.5617,0.5641,25287.18300000,14485.98213348,
2022-10-07,0.5625,0.59073,0.5536,0.56704,69920.42834317,40132.54324365,
2022-10-08,0.56708,0.57122,0.54747,0.55301,19676.14183226,11021.00252173,
2022-10-09,0.55285,0.55697,0.54531,0.54843,35751.55965631,19777.23463292,
2022-10-10,0.54858,0.55728,0.52921,0.52921,30814.92355978,16786.56695353,
2022-10-11,0.52836,0.52836,0.5091,0.51109,26276.12514825,13578.21465931,
2022-10-12,0.5112,0.51957,0.50729,0.50888,22814.05368523,11717.20891570,
2022-10-13,0.50899,0.50911,0.46891,0.49273,78732.58297697,38433.92395736,
2022-10-14,0.49257,0.50816,0.471,0.47739,33127.58915003,16304.22540734,
2022-10-15,0.47708,0.48404,0.47056,0.47149,45352.89326019,21568.74873934,
2022-10-16,0.47238,0.50019,0.47238,0.49163,56494.75410404,27536.31730534,
2022-10-17,0.49176,0.49719,0.48227,0.49348,30328.90585966,14872.45492803,
2022-10-18,0.49511,0.51283,0.48599,0.49884,76374.19184311,38293.74836250,
2022-10-19,0.49872,0.50006,0.47204,0.48077,35475.20245632,17310.47894072,
2022-10-20,0.48068,0.49775,0.47412,0.48722,28701.87866446,13997.43201996,
2022-10-21,0.48712,0.48826,0.46396,0.48394,40545.20194562,19459.19761413,
2022-10-22,0.48471,0.49442,0.47874,0.4906,31374.91373162,15274.84287809,
2022-10-23,0.4906,0.50024,0.47856,0.49782,32612.50973861,15969.57609188,
2022-10-24,0.49835,0.50071,0.48164,0.48511,34188.64400000,16733.26168186,
2022-10-25,0.48505,0.52307,0.4802,0.50813,61508.66837882,30875.63556180,
2022-10-26,0.5079,0.52243,0.5057,0.51419,68384.03890268,35277.31529287,
2022-10-27,0.51289,0.53629,0.50202,0.50479,107150.43369654,55530.26838551,
2022-10-28,0.50548,0.52788,0.5,0.52444,53882.82630396,27650.78901917,
2022-10-29,0.52307,0.54553,0.51883,0.53203,144837.91446762,76925.08809858,
2022-10-30,0.53124,0.55,0.51599,0.52152,139474.10613308,73665.86476159,
2022-10-31,0.52558,0.53714,0.51502,0.52054,157974.60713326,82517.68660864,
2022-11-01,0.51961,0.53091,0.50757,0.50942,56958.08412696,29421.33620515,
2022-11-02,0.50942,0.51365,0.47964,0.48783,128132.35229321,63650.12708185,
2022-11-03,0.48783,0.51481,0.48369,0.4917,115118.37126417,57563.29551521,
2022-11-04,0.49,0.54208,0.48782,0.54062,151661.38663036,79098.93553688,
2022-11-05,0.54062,0.61222,0.54045,0.56901,351267.47459307,200189.98979468,
2022-11-06,0.56883,0.57459,0.50525,0.50662,201571.88263604,109912.53413927,
2022-11-07,0.5051,0.51487,0.465,0.48,374042.17911751,185285.64845087,
2022-11-08,0.48033,0.48232,0.2959,0.35959,700404.74020669,281330.10322346,
2022-11-09,0.36,0.3672,0.20565,0.21825,485436.19569053,135754.78425801,
2022-11-10,0.21734,0.29501,0.21392,0.27738,545289.59978954,138634.26891680,
2022-11-11,0.27753,0.28373,0.24193,0.27035,218671.31818581,57169.64051376,
2022-11-12,0.27168,0.2956,0.24583,0.24652,235815.29641982,64232.29015190,
2022-11-13,0.24711,0.25234,0.18504,0.18562,8096562.24162360,1748504.94315780,
2022-11-14,0.18562,0.24361,0.18047,0.24018,16314424.27647548,3478750.17044230,
2022-11-15,0.24187,0.27209,0.19788,0.22321,26129782.95628020,6086174.05417060,
2022-11-16,0.22324,0.239,0.20434,0.21041,11431612.62130214,2484049.95269968,
2022-11-17,0.20994,0.21652,0.1832,0.19124,6945116.15717387,1363323.79826600,
2022-11-18,0.19162,0.19634,0.17948,0.18449,6299805.48340272,1184363.07317982,
2022-11-19,0.1847,0.18534,0.1706,0.176,5033257.85705421,888611.86421868,
2022-11-20,0.17581,0.24194,0.1637,0.18367,33838462.23823903,6404924.34589984,
2022-11-21,0.18299,0.296,0.17344,0.27293,194111527.22351748,45865487.43098549,
2022-11-22,0.27275,0.29341,0.21031,0.21301,44471687.51208699,10630650.89524870,
2022-11-23,0.21534,0.23027,0.20739,0.21366,17627462.35556927,3841580.12652094,
2022-11-24,0.21398,0.23888,0.21243,0.22573,21258234.30770174,4836137.30192855,
2022-11-25,0.22576,0.23224,0.21326,0.21564,10165719.07570223,2236407.51715609,
2022-11-26,0.21572,0.22823,0.21327,0.21522,7161879.32026299,1569468.26464862,
2022-11-27,0.21558,0.22708,0.21148,0.21427,6173632.21568253,1345666.78968521,
2022-11-28,0.21442,0.21873,0.19217,0.19763,7202016.98931217,1444429.95532405,
2022-11-29,0.19767,0.21075,0.18547,0.19298,7367196.56397633,1451741.48298652,
2022-11-30,0.19283,0.20031,0.1914,0.19529,5699564.29037613,1111794.89638792,
2022-12-01,0.1941,0.1981,0.18409,0.18539,5509243.88623893,1043074.70571791,
2022-12-02,0.18523,0.18878,0.17656,0.18156,5892826.66032822,1066514.35379632,
2022-12-03,0.1817,0.2473,0.1812,0.20952,101880848.09970862,22057092.17331510,
2022-12-04,0.20991,0.21755,0.19711,0.19853,18514342.16020562,3812964.07843769,
2022-12-05,0.19842,0.20705,0.18774,0.19156,7356294.55626029,1444681.44149891,
2022-12-06,0.192,0.2037,0.18722,0.19039,6191933.80081232,1183196.52675944,
2022-12-07,0.19057,0.19391,0.18174,0.1856,10445967.84226078,1949403.80872467,
2022-12-08,0.18604,0.19296,0.18241,0.18869,6564671.95122215,1223506.91662513,
2022-12-09,0.1892,0.2265,0.18712,0.20271,2341195.06890218,452153.97008409,
2022-12-10,0.20294,0.20633,0.18956,0.19107,1655330.96244092,318547.80093316,
2022-12-11,0.19109,0.19786,0.1878,0.18793,3616905.04218099,695267.83282164,
2022-12-12,0.18848,0.19026,0.18254,0.18431,725710.81742746,134654.60973391,
2022-12-13,0.18444,0.19318,0.18273,0.19059,1106878.25105749,208374.51073407,
2022-12-14,0.19047,0.22299,0.18762,0.19507,3787514.35548033,783524.70534993,
2022-12-15,0.19501,0.19665,0.17204,0.17957,1507702.16349238,276224.04339704,
2022-12-16,0.17971,0.18061,0.14959,0.15106,1762169.66280251,292394.27712190,
2022-12-17,0.15111,0.17768,0.14784,0.1649,3044832.67509275,497790.73574632,
2022-12-18,0.16465,0.1663,0.15563,0.15599,693403.51662674,111099.92056034,
2022-12-19,0.15583,0.1601,0.14492,0.14571,583399.05979189,89169.04012489,
2022-12-20,0.14596,0.15405,0.14585,0.15209,268768.50170332,40495.16034099,
2022-12-21,0.15205,0.15511,0.14215,0.14401,727697.87423404,106441.28672230,
2022-12-22,0.14409,0.15278,0.13976,0.14543,1328242.64447418,193925.10963977,
2022-12-23,0.14561,0.14561,0.14214,0.1432,561286.45336010,80759.62182641,
2022-12-24,0.143,0.14618,0.14041,0.14196,508036.30824062,72455.89183459,
2022-12-25,0.14191,0.17324,0.14137,0.14791,2712877.16146234,417442.17339870,
2022-12-26,0.14807,0.17067,0.14727,0.15066,1587975.99498653,244664.00467980,
2022-12-27,0.15053,0.15165,0.14428,0.14682,391368.22791858,57609.84487401,
2022-12-28,0.14657,0.16745,0.14373,0.14629,1992005.85928860,303005.43016381,
2022-12-29,0.14642,0.15031,0.13359,0.13982,839577.09960770,118522.43592623,
2022-12-30,0.13966,0.15724,0.13771,0.14618,3607609.24176378,530545.56694729,
2022-12-31,0.14643,0.14696,0.13966,0.14069,590156.91086653,84199.40552663,
2023-01-01,0.14083,0.14156,0.13786,0.13904,318156.32404142,44235.49501250,
2023-01-02,0.13895,0.15254,0.13754,0.14506,1411789.79372143,206535.43497050,
2023-01-03,0.14515,0.18224,0.14197,0.15852,5503233.66877818,876462.81215153,
2023-01-04,0.15824,0.17215,0.1521,0.15512,3779984.46998646,614307.32825530,
2023-01-05,0.15515,0.15553,0.1461,0.15113,1424279.74116454,214344.53805457,
2023-01-06,0.15074,0.15202,0.1454,0.15017,1272268.70874555,188943.49525533,
2023-01-07,0.1499,0.15,0.14683,0.14764,547284.83912453,80989.75689863,
2023-01-08,0.14754,0.15221,0.14657,0.1522,592335.13714168,88475.91717657,
2023-01-09,0.15214,0.18225,0.15074,0.16302,827418.86464993,133459.63372007,
2023-01-10,0.16313,0.16517,0.15587,0.16198,305399.41299701,48597.90196301,
2023-01-11,0.1621,0.1621,0.15472,0.16046,286432.45983263,45105.18376501,
2023-01-12,0.16057,0.1637,0.15788,0.16293,311677.76782460,50255.70270955,
2023-01-13,0.16272,0.17594,0.16161,0.1732,316808.07312602,52532.26325705,
2023-01-14,0.1732,0.28171,0.17244,0.27435,1433922.56569607,317491.38762846,
2023-01-15,0.274,0.34819,0.22141,0.2476,1812600.92522550,483157.83082290,
2023-01-16,0.24756,0.29265,0.237,0.27715,746241.51436651,200560.05775287,
2023-01-17,0.27717,0.27795,0.24382,0.24466,290496.34086334,74679.73459946,
2023-01-18,0.24459,0.25,0.20956,0.21324,440965.79074373,101183.15442946,
2023-01-19,0.2133,0.24229,0.21162,0.23291,392736.05677424,88990.91931683,
2023-01-20,0.23265,0.25864,0.22051,0.25543,1208093.88253469,288714.69858131,
2023-01-21,0.255,0.25861,0.23618,0.23695,1377263.89413993,343045.09591924,
2023-01-22,0.23741,0.24965,0.22559,0.23021,1070231.53198123,255080.63397603,
2023-01-23,0.23009,0.2387,0.22817,0.235,1084898.60081014,254177.20978755,
2023-01-24,0.23539,0.23941,0.21769,0.21979,878341.31044635,204219.64257546,
2023-01-25,0.21993,0.23295,0.21481,0.22765,1161293.45218857,259142.47509928,
2023-01-26,0.22714,0.23201,0.22246,0.22613,666026.96706517,150993.53496652,
2023-01-27,0.22594,0.23345,0.21887,0.22949,392354.95276471,88005.98891995,
2023-01-28,0.22915,0.24455,0.22648,0.22793,391460.34029116,91723.71322269,
2023-01-29,0.22776,0.27541,0.2276,0.2502,641155.54332255,161413.18261753,
2023-01-30,0.24982,0.28221,0.22552,0.22813,390019.78244345,97330.73471338,
2023-01-31,0.22816,0.23412,0.22417,0.23004,1315349.75616545,302315.72308780,
2023-02-01,0.23011,0.23827,0.21908,0.23569,1734592.01618279,396899.48210250,
2023-02-02,0.23596,0.24777,0.23353,0.23382,1602147.36240676,386781.69703194,
2023-02-03,0.23387,0.25944,0.23098,0.25278,2977564.54341824,737633.03209143,
2023-02-04,0.25301,0.26,0.24605,0.25321,1588494.07725049,400741.83791767,
2023-02-05,0.25295,0.2738,0.24222,0.24876,2517920.90563653,654025.19937723,
2023-02-06,0.24898,0.26362,0.2403,0.25036,1505545.88608697,378465.73893150,
2023-02-07,0.25046,0.38094,0.24999,0.31913,10246668.80926474,3258685.44073395,
2023-02-08,0.31934,0.33316,0.278,0.2904,3393107.91549592,1037014.13685640,
2023-02-09,0.2907,0.30065,0.2502,0.25098,1812314.13296228,503062.17807019,
2023-02-10,0.25071,0.26782,0.25014,0.25657,699702.80549761,180539.93897893,
2023-02-11,0.25696,0.27352,0.25584,0.26571,230213.83624261,60654.55735382,
2023-02-12,0.26554,0.29376,0.26192,0.27819,329027.47062229,90349.60441883,
2023-02-13,0.2781,0.29034,0.258,0.26405,446362.87200340,119883.90368896,
2023-02-14,0.26407,0.28167,0.26218,0.27544,1220053.57169671,332316.52127716,
2023-02-15,0.27579,0.30706,0.27498,0.30304,1739911.41334319,504679.20846170,
2023-02-16,0.30334,0.31793,0.27913,0.2804,1914777.07613759,567063.16626146,
2023-02-17,0.28006,0.29408,0.2787,0.28927,1028811.23503500,294528.74009732,
2023-02-18,0.28889,0.30503,0.28861,0.29327,1417821.59495029,421472.11308993,
2023-02-19,0.29388,0.32932,0.29038,0.31355,2630146.24543613,814587.87497820,
2023-02-20,0.31399,0.33713,0.30589,0.3134,2375748.46169132,759084.78072726,
2023-02-21,0.31324,0.3202,0.28858,0.2966,1527556.95286074,464536.90482432,
2023-02-22,0.29701,0.29701,0.27752,0.29052,1146267.43709860,328660.35785640,
2023-02-23,0.29106,0.30143,0.28194,0.29112,1085650.10277833,315310.07031625,
2023-02-24,0.29206,0.30514,0.28509,0.29427,1406625.69904439,419986.23965274,
2023-02-25,0.29438,0.29464,0.27147,0.27998,160592.97405089,45995.14362479,
2023-02-26,0.27985,0.28483,0.27262,0.28317,383283.39466511,107461.88527565,
2023-02-27,0.28339,0.28479,0.27415,0.27817,162689.57237931,45416.98468282,
2023-02-28,0.27855,0.32278,0.27683,0.29658,836913.76746569,251427.62644365,
2023-03-01,0.29692,0.29965,0.29018,0.29499,193765.69120042,56947.24088317,
2023-03-02,0.29465,0.34499,0.2933,0.31599,742258.62547095,236094.73597541,
2023-03-03,0.31509,0.31756,0.2918,0.29719,301653.11871731,90370.37373077,
2023-03-04,0.29703,0.30467,0.28069,0.28643,165357.23997761,48401.89996780,
2023-03-05,0.28649,0.28672,0.28002,0.2812,99208.49540311,28033.36352576,
2023-03-06,0.28087,0.28088,0.26179,0.26725,760931.31814326,202736.24905349,
2023-03-07,0.26916,0.27101,0.24576,0.24957,1104523.69279564,285680.73094262,
2023-03-08,0.25099,0.29422,0.23726,0.2402,575854.25774065,145827.30180853,
2023-03-09,0.24026,0.3111,0.23967,0.25295,581615.15446152,157057.25899254,
2023-03-10,0.25259,0.28,0.23876,0.25487,365354.64741047,94347.18006300,
2023-03-11,0.25485,0.26006,0.22944,0.23904,534496.16413019,128005.95164093,
2023-03-12,0.23905,0.25391,0.23361,0.25308,624438.46538563,150378.13878164,
2023-03-13,0.25393,0.27058,0.24838,0.26307,932881.82001132,242538.63266250,
2023-03-14,0.263,0.27775,0.25583,0.26874,805828.00546877,215176.84556979,
2023-03-15,0.26852,0.27192,0.24065,0.24479,601190.37108263,154434.25700814,
2023-03-16,0.24516,0.25016,0.24225,0.24833,363644.96100811,89701.12418816,
2023-03-17,0.24821,0.25804,0.24422,0.25603,790822.41596919,198404.82594665,
2023-03-18,0.25673,0.3,0.25479,0.25831,1628143.71465506,437794.88625781,
2023-03-19,0.25878,0.27026,0.25695,0.26271,554352.60672970,145765.86422095,
2023-03-20,0.26243,0.26661,0.25587,0.25787,533047.15802170,139777.26793053,
2023-03-21,0.2587,0.26195,0.24625,0.25316,394292.62509466,100413.90860595,
2023-03-22,0.2527,0.25762,0.23403,0.23795,331783.06577994,81894.71925548,
2023-03-23,0.23763,0.24897,0.23611,0.24641,233280.25428461,56854.23447179,
2023-03-24,0.24613,0.24972,0.23197,0.23606,108357.87166291,26205.15456627,
2023-03-25,0.23642,0.25194,0.23452,0.24616,90694.06306474,21895.57028792,
2023-03-26,0.24611,0.25323,0.24382,0.24899,132339.19503871,32956.85503062,
2023-03-27,0.24828,0.24908,0.22833,0.23169,86755.69525941,20634.51451176,
2023-03-28,0.23213,0.23601,0.22654,0.23303,97532.28304416,22407.60313638,
2023-03-29,0.23262,0.24273,0.2301,0.23767,127383.87011693,29998.85190917,
2023-03-30,0.23773,0.24201,0.22546,0.23038,147567.96725536,34317.21777008,
2023-03-31,0.23016,0.24124,0.22652,0.2354,286926.83717383,67254.24632602,
2023-04-01,0.23527,0.23928,0.23224,0.2371,86691.95901160,20380.67913807,
2023-04-02,0.23725,0.28312,0.23681,0.25172,324753.56203287,84436.24186023,
2023-04-03,0.25222,0.25222,0.2337,0.2362,93413.47950137,22648.08545784,
2023-04-04,0.23664,0.24175,0.23365,0.24042,183730.52338583,43812.54741734,
2023-04-05,0.24093,0.25374,0.23691,0.24086,100107.86654459,24296.49666801,
2023-04-06,0.24093,0.24153,0.23333,0.23681,77203.40789748,18306.37118278,
2023-04-07,0.23664,0.23784,0.23031,0.23359,119674.92715313,27853.71198142,
2023-04-08,0.23323,0.2441,0.2307,0.23915,121331.11030804,28589.74714264,
2023-04-09,0.23739,0.2421,0.23209,0.23681,90991.51302462,21410.57096099,
2023-04-10,0.23711,0.24217,0.23545,0.24136,78846.82876378,18780.02996852,
2023-04-11,0.24132,0.27455,0.23945,0.26197,232976.87435669,59845.75132052,
2023-04-12,0.26214,0.30254,0.24285,0.27049,876913.32164695,246729.52752951,
2023-04-13,0.27046,0.31569,0.26626,0.27412,707482.37466764,204707.96239413,
2023-04-14,0.27375,0.2836,0.26907,0.27325,193967.99136829,53643.91084495,
2023-04-15,0.27282,0.27282,0.26671,0.26837,115396.89991808,31107.05620017,
2023-04-16,0.26843,0.27752,0.26679,0.27654,73544.58526461,19909.62300778,
2023-04-17,0.27682,0.27682,0.26207,0.26336,129867.32945922,34703.88935883,
2023-04-18,0.26331,0.27947,0.26137,0.27347,115279.49507128,30996.73296497,
2023-04-19,0.27413,0.2999,0.2611,0.26414,231191.58348642,63550.65421265,
2023-04-20,0.26371,0.26561,0.2469,0.25023,94267.56112969,23948.43632765,
2023-04-21,0.25007,0.25077,0.23373,0.23709,141517.79339460,34152.19871366,
2023-04-22,0.23663,0.24369,0.23598,0.24312,91620.16857899,21936.16881518,
2023-04-23,0.24293,0.24415,0.23549,0.23843,125131.82204540,30003.87362307,
2023-04-24,0.23808,0.24948,0.23511,0.24265,118728.39635359,28646.28987424,
2023-04-25,0.24259,0.24428,0.23143,0.24066,71283.92765163,16898.95542009,
2023-04-26,0.23991,0.24573,0.2303,0.23193,93678.63892631,22427.02570376,
2023-04-27,0.23215,0.24008,0.231,0.23762,78146.62189900,18436.08246941,
2023-04-28,0.23727,0.23945,0.23124,0.23734,96412.23082180,22802.65734447,
2023-04-29,0.23742,0.24017,0.23488,0.23637,65586.94004492,15593.95496326,
2023-04-30,0.2368,0.24871,0.2351,0.236,109603.23979950,26185.98880930,
2023-05-01,0.2354,0.23612,0.22323,0.22611,117220.17443600,26752.08248121,
2023-05-02,0.22613,0.22837,0.22107,0.22564,106410.87951938,23844.17700915,
2023-05-03,0.22582,0.25271,0.2163,0.22865,214335.10014162,48645.43456436,
2023-05-04,0.22887,0.23397,0.22536,0.22632,147150.68435163,33607.73183462,
2023-05-05,0.2255,0.23021,0.22227,0.22742,80463.55656110,18221.93192016,
2023-05-06,0.22762,0.24042,0.21686,0.21945,187542.78600979,42950.96932873,
2023-05-07,0.21927,0.22598,0.2181,0.21842,75313.14463070,16681.13359109,
2023-05-08,0.21815,0.21985,0.19749,0.19989,99412.06462721,20498.61006039,
2023-05-09,0.19971,0.20653,0.19583,0.19737,136786.60715061,27134.76042333,
2023-05-10,0.19724,0.19923,0.19101,0.19556,178553.64132501,34895.79925567,
2023-05-11,0.19574,0.20287,0.18568,0.1873,384440.58259267,75155.56847375,
2023-05-12,0.18749,0.18904,0.18019,0.18864,212024.76550052,39170.03241872,
2023-05-13,0.18875,0.19181,0.18619,0.18836,143147.87461867,26992.11987663,
2023-05-14,0.18826,0.19145,0.18714,0.18985,79675.81309471,15084.35681339,
2023-05-15,0.18984,0.19271,0.18771,0.19051,94031.72500000,17922.16909955,
2023-05-16,0.19023,0.19234,0.18751,0.18807,79723.73775097,15107.33185120,
2023-05-17,0.18799,0.2028,0.18637,0.19427,212886.52247595,40961.30628246,
2023-05-18,0.19428,0.25458,0.19322,0.22422,3321275.72936844,781551.26836652,
2023-05-19,0.22524,0.24645,0.21002,0.21499,1565873.23619981,353600.53706245,
2023-05-20,0.21511,0.21511,0.20419,0.20548,259996.02094372,53994.29073010,
2023-05-21,0.20542,0.20567,0.19599,0.19723,197834.20868633,39731.10330228,
2023-05-22,0.19721,0.21851,0.19718,0.20105,860520.16208354,179284.85589176,
2023-05-23,0.2009,0.207,0.19847,0.20238,253590.37211818,51297.61976713,
2023-05-24,0.20221,0.21191,0.19112,0.20141,840081.45187763,169500.73870225,
2023-05-25,0.20144,0.20245,0.19302,0.19376,342768.09069631,67175.27141732,
2023-05-26,0.19393,0.2021,0.19218,0.19458,262644.27580000,51478.83084575,
2023-05-27,0.19461,0.19883,0.19388,0.19825,163362.13222630,31902.21186889,
2023-05-28,0.19807,0.20229,0.19623,0.20075,130030.69489730,25820.12199217,
2023-05-29,0.20082,0.20174,0.19422,0.19591,143246.96269971,28362.50233075,
2023-05-30,0.19596,0.1996,0.19393,0.19889,150482.53230510,29687.69598155,
2023-05-31,0.19899,0.271,0.1983,0.23861,6892987.58406712,1693105.85233058,
2023-06-01,0.23988,0.25341,0.21084,0.21775,2261917.22413514,519468.20089257,
2023-06-02,0.21793,0.21799,0.20827,0.20994,515310.96392279,109760.72064400,
2023-06-03,0.21042,0.23837,0.21026,0.2235,1459569.14784555,326798.29570858,
2023-06-04,0.2244,0.22529,0.2154,0.21733,393359.38500222,85743.49019645,
2023-06-05,0.21727,0.24843,0.20125,0.20833,1785906.27435097,408966.10722937,
2023-06-06,0.20824,0.22081,0.20476,0.21446,535540.56883777,114582.44029703,
2023-06-07,0.21429,0.21443,0.19347,0.19439,418701.06228018,84655.63418794,
2023-06-08,0.19426,0.20501,0.18706,0.19967,422883.81464692,82719.75472169,
2023-06-09,0.20024,0.20632,0.19069,0.19384,407120.33739174,81423.04222440,
2023-06-10,0.19215,0.19242,0.16283,0.17047,370732.81190155,64159.48299113,
2023-06-11,0.17043,0.17677,0.16838,0.17297,173569.17278425,29854.33016081,
2023-06-12,0.17287,0.17375,0.16653,0.17012,137024.87184937,23166.28753952,
2023-06-13,0.16999,0.17685,0.16901,0.17083,138157.04242751,23812.34170817,
2023-06-14,0.17142,0.17525,0.1645,0.1654,196015.54952695,33466.46308262,
2023-06-15,0.16669,0.17133,0.16097,0.16596,160157.82449901,26356.51343609,
2023-06-16,0.16628,0.18454,0.16432,0.18011,1163557.78439893,207441.06758762,
2023-06-17,0.18019,0.18315,0.17347,0.17367,284000.63864380,50373.81119482,
2023-06-18,0.17363,0.17396,0.16951,0.17031,133453.75212764,22994.92708835,
2023-06-19,0.17033,0.17133,0.16755,0.17101,133367.15300000,22632.38210651,
2023-06-20,0.17105,0.18258,0.17043,0.18059,517766.20197873,92307.14364246,
2023-06-21,0.18105,0.1896,0.17985,0.18556,217358.55691981,39772.07487930,
2023-06-22,0.18555,0.20306,0.18074,0.19257,939180.74277995,180857.67365606,
2023-06-23,0.19279,0.2316,0.18997,0.1984,2617539.69835665,551643.01350430,
2023-06-24,0.19852,0.20003,0.189,0.19149,341542.27915135,66971.63074382,
2023-06-25,0.19122,0.20531,0.1901,0.19678,538830.94671874,106580.87432258,
2023-06-26,0.19631,0.20321,0.18785,0.19395,797229.59491984,155610.05685076,
2023-06-27,0.19302,0.21123,0.19302,0.19585,853523.35532691,171607.56549868,
2023-06-28,0.19585,0.20674,0.18502,0.20108,439622.69243689,86100.34050108,
2023-06-29,0.20072,0.23579,0.20049,0.21755,1528564.09478302,333566.61959679,
2023-06-30,0.21817,0.22463,0.20002,0.21118,501348.61314347,106575.36425967,
2023-07-01,0.21127,0.21175,0.20019,0.20424,221597.63404739,45164.23505138,
2023-07-02,0.20408,0.20445,0.19902,0.20244,185171.37801527,37425.54365218,
2023-07-03,0.20228,0.21189,0.20117,0.20445,328839.42759238,67597.40859322,
2023-07-04,0.20435,0.20628,0.1989,0.20134,342499.64555157,69341.97583600,
2023-07-05,0.20113,0.21356,0.19871,0.2003,698897.46967377,143846.71933011,
2023-07-06,0.20017,0.20916,0.19283,0.19935,512164.45758792,103562.11397254,
2023-07-07,0.19891,0.21467,0.19577,0.2116,750735.16632738,155615.41001614,
2023-07-08,0.21151,0.21774,0.20463,0.20908,436105.57385844,92565.28480599,
2023-07-09,0.20941,0.21309,0.20233,0.20362,268435.24700000,55778.58113129,
2023-07-10,0.20396,0.20407,0.19462,0.19626,326090.05494272,64327.37586140,
2023-07-11,0.19622,0.212,0.19483,0.19948,711720.97095068,143207.35570675,
2023-07-12,0.19983,0.20549,0.19408,0.196,412214.49828524,81868.73984230,
2023-07-13,0.19598,0.2053,0.19169,0.20494,315908.33530202,63041.42951524,
2023-07-14,0.20452,0.22177,0.19929,0.20344,910601.72736974,192933.95973842,
2023-07-15,0.20373,0.2142,0.2032,0.20879,192769.88961726,40293.34802185,
2023-07-16,0.20871,0.26665,0.20816,0.22097,2493425.19280917,588114.23669425,
2023-07-17,0.22142,0.26865,0.21917,0.23802,1594484.19127439,388215.87953407,
2023-07-18,0.23827,0.2435,0.21704,0.22031,331363.22129729,74311.98485336,
2023-07-19,0.22037,0.26404,0.21961,0.25109,1067643.19004482,268505.62443529,
2023-07-20,0.25163,0.26438,0.24,0.25738,406938.13805449,101930.48938688,
2023-07-21,0.2571,0.31187,0.23219,0.23219,1807540.26550348,485952.69331454,
2023-07-22,0.23195,0.24129,0.22187,0.22872,823500.93570897,189483.61012313,
2023-07-23,0.22858,0.23508,0.21936,0.22442,442767.11383441,99301.31967605,
2023-07-24,0.22411,0.22453,0.20419,0.20476,286491.32202328,60512.03112169,
2023-07-25,0.20448,0.2135,0.20177,0.20727,553740.14896294,115100.56152845,
2023-07-26,0.2074,0.21914,0.20326,0.2171,502535.61380960,106973.33146337,
2023-07-27,0.21705,0.23454,0.21642,0.21981,709343.47480619,158716.19591336,
2023-07-28,0.21966,0.21969,0.21367,0.2146,182321.77955422,39412.37158033,
2023-07-29,0.21476,0.21659,0.20825,0.21467,189090.21009585,40225.67532353,
2023-07-30,0.21514,0.21514,0.20269,0.205,179005.18476553,37237.12886503,
2023-07-31,0.20491,0.20776,0.20353,0.20502,111079.66318669,22864.78215667,
2023-08-01,0.20524,0.21671,0.20383,0.20974,435627.80116609,91349.08804667,
2023-08-02,0.20955,0.2116,0.20129,0.20309,165904.80876083,34122.71526121,
2023-08-03,0.20296,0.20652,0.20121,0.20301,149704.14151322,30492.07285092,
2023-08-04,0.20309,0.20544,0.20105,0.20298,124950.37525690,25369.15532726,
2023-08-05,0.20288,0.20842,0.20095,0.20736,143973.91630007,29305.51643502,
2023-08-06,0.20737,0.23307,0.20552,0.21381,541641.50827471,117995.32950810,
2023-08-07,0.21432,0.2333,0.20733,0.21011,466687.86887550,101781.34417913,
2023-08-08,0.21017,0.21766,0.20887,0.21293,167514.95761274,35585.46615663,
2023-08-09,0.21278,0.21606,0.20964,0.21193,189518.93217289,40265.63438134,
2023-08-10,0.21166,0.21554,0.20851,0.20962,103536.16268631,21814.11034276,
2023-08-11,0.20953,0.21011,0.207,0.20891,99551.83101439,20779.57827301,
2023-08-12,0.20894,0.21266,0.20787,0.21223,135786.28350224,28543.04306649,
2023-08-13,0.21225,0.21686,0.20796,0.20985,202071.39500000,42620.51895846,
2023-08-14,0.20979,0.21451,0.20885,0.2131,144612.47244523,30564.86521922,
2023-08-15,0.21285,0.2154,0.20469,0.20513,307618.13153456,64809.61253801,
2023-08-16,0.20574,0.20692,0.19233,0.19394,147028.30165502,29544.43522795,
2023-08-17,0.19386,0.19693,0.1803,0.18199,346715.77339253,66441.95752314,
2023-08-18,0.18196,0.18569,0.18036,0.1837,214238.90656177,39237.81808518,
2023-08-19,0.18398,0.20236,0.18312,0.19639,339850.93633230,65986.40066050,
2023-08-20,0.19658,0.20423,0.19101,0.19186,230429.97689261,44949.55203330,
2023-08-21,0.19193,0.19243,0.18365,0.18651,146232.29017530,27436.16235406,
2023-08-22,0.18678,0.19413,0.18012,0.18472,315654.63624460,58860.29251339,
2023-08-23,0.18457,0.19149,0.183,0.18846,305737.25853767,57043.24251379,
2023-08-24,0.18855,0.1891,0.18117,0.18261,162833.81783928,30296.66532153,
2023-08-25,0.18253,0.18722,0.17859,0.18029,240373.18896574,43640.84084626,
2023-08-26,0.18,0.185,0.17823,0.17856,173127.96359510,31243.02293635,
2023-08-27,0.1786,0.18542,0.17776,0.18104,271365.13243897,49139.71111554,
2023-08-28,0.18091,0.18103,0.17398,0.17826,205400.23103511,36482.52570402,
2023-08-29,0.17828,0.18254,0.17403,0.1813,227121.92117325,40642.10987211,
2023-08-30,0.18139,0.1824,0.17563,0.17766,153759.95394821,27514.15534238,
2023-08-31,0.17757,0.1778,0.16828,0.16941,181857.35212023,31553.16781974,
2023-09-01,0.16941,0.17043,0.16452,0.16952,196625.46124133,33076.13396906,
2023-09-02,0.16946,0.21223,0.1691,0.18091,991134.23623958,182599.95680649,
2023-09-03,0.18097,0.18156,0.17277,0.17536,211089.67584623,37246.77696026,
2023-09-04,0.17569,0.18885,0.1754,0.17929,394377.98165053,71426.71722220,
2023-09-05,0.17934,0.18039,0.1748,0.17812,199016.47097018,35400.09360825,
2023-09-06,0.17809,0.17828,0.17357,0.17687,196288.44780603,34480.94979491,
2023-09-07,0.17689,0.1772,0.17108,0.17574,189740.63942701,32983.44775981,
2023-09-08,0.17584,0.18924,0.17361,0.1813,366236.52320813,66159.15925009,
2023-09-09,0.1814,0.18443,0.17818,0.18004,257946.20190865,46665.28728438,
2023-09-10,0.17982,0.17992,0.16955,0.17193,200077.74647439,34768.37585859,
2023-09-11,0.17174,0.17281,0.16295,0.16458,219865.80458897,36706.14543251,
2023-09-12,0.16466,0.16996,0.16372,0.16811,173511.19126866,29003.93982650,
2023-09-13,0.16806,0.16951,0.16134,0.1654,258669.88742026,42598.25693523,
2023-09-14,0.1653,0.17108,0.16529,0.16794,204553.47730556,34483.96699233,
2023-09-15,0.16803,0.17096,0.16678,0.16991,126520.15539458,21376.55147732,
2023-09-16,0.16994,0.17262,0.16961,0.17177,120301.22446985,20561.58778606,
2023-09-17,0.17178,0.18141,0.16954,0.1726,158205.99253881,27511.13630129,
2023-09-18,0.1725,0.17987,0.17096,0.17233,130625.44065616,23035.35462241,
2023-09-19,0.17247,0.1766,0.17211,0.17424,122730.24158556,21385.29030250,
2023-09-20,0.17432,0.17476,0.1702,0.17206,128660.23614153,22175.03409985,
2023-09-21,0.17215,0.17381,0.16681,0.16759,132718.73133420,22538.93803751,
2023-09-22,0.1674,0.17401,0.16681,0.17348,171827.82947986,29426.32955710,
2023-09-23,0.17322,0.17438,0.17094,0.17239,143493.22717633,24770.24983676,
2023-09-24,0.1723,0.17656,0.17005,0.17433,212744.29609042,36930.33660829,
2023-09-25,0.17383,0.17391,0.16999,0.17091,129650.07749859,22220.27282546,
2023-09-26,0.17091,0.172,0.1676,0.16892,102394.05385436,17438.89485189,
2023-09-27,0.16873,0.17008,0.16529,0.16739,125501.24074598,21079.78360652,
2023-09-28,0.16756,0.17102,0.16628,0.1703,133617.59485348,22574.30931756,
2023-09-29,0.17059,0.17203,0.16919,0.16993,120017.71016677,20466.39566890,
2023-09-30,0.16992,0.17513,0.16802,0.17479,134108.13749221,22898.75853946,
2023-10-01,0.17464,0.18265,0.17317,0.18073,145385.48063644,25754.00955320,
2023-10-02,0.18052,0.18312,0.17379,0.17568,148876.67264807,26695.11929430,
2023-10-03,0.17603,0.22508,0.17424,0.1887,987024.28688437,200635.12429944,
2023-10-04,0.18822,0.2244,0.1831,0.19079,615180.31896973,124541.86558546,
2023-10-05,0.19053,0.19298,0.1775,0.17903,324168.18201291,59379.77346366,
2023-10-06,0.17918,0.18183,0.175,0.17912,234706.11660414,41949.56379850,
2023-10-07,0.17888,0.18553,0.17533,0.178,183118.98136163,32664.43422810,
2023-10-08,0.17845,0.17896,0.1719,0.17362,221347.87919720,38726.03359497,
2023-10-09,0.1739,0.17415,0.16215,0.16676,246627.02552599,41277.52902624,
2023-10-10,0.16705,0.16895,0.16095,0.16287,200395.33566269,32929.92222770,
2023-10-11,0.16313,0.16589,0.15964,0.16209,219045.71727140,35634.65029088,
2023-10-12,0.16226,0.1629,0.15951,0.16157,146777.82963763,23629.00857194,
2023-10-13,0.16187,0.16543,0.16091,0.16445,141728.11212071,23110.11884442,
2023-10-14,0.16462,0.16822,0.16306,0.1657,143821.21795269,23710.49794592,
2023-10-15,0.16593,0.16672,0.1621,0.16367,177575.33058231,29178.83311267,
2023-10-16,0.16416,0.17176,0.16349,0.16997,200031.93951787,33414.56938961,
2023-10-17,0.17015,0.1719,0.164,0.16502,166207.76736536,27828.98332672,
2023-10-18,0.16525,0.16596,0.1606,0.16133,144875.64662162,23539.14787537,
2023-10-19,0.16106,0.17555,0.15973,0.16845,557506.97970060,93759.45073268,
2023-10-20,0.16834,0.19996,0.16834,0.17926,741689.78918045,136611.63628672,
2023-10-21,0.17914,0.19785,0.17771,0.18332,360446.47820719,66805.12246464,
2023-10-22,0.18309,0.1864,0.17688,0.18078,198427.00656800,35893.13287922,
2023-10-23,0.18111,0.1939,0.17767,0.18849,286766.43452688,52796.24638176,
2023-10-24,0.18806,0.193,0.17951,0.18321,350299.98150567,65395.32802822,
2023-10-25,0.18318,0.208,0.18286,0.20416,464107.22058676,92063.45984988,
2023-10-26,0.20485,0.2129,0.19235,0.19729,293990.17296427,59303.21788491,
2023-10-27,0.1972,0.20053,0.19056,0.19392,227111.22609488,44246.82926978,
2023-10-28,0.19385,0.19645,0.19061,0.19213,168179.51247969,32479.61176145,
2023-10-29,0.19215,0.19554,0.19028,0.19554,169082.74876505,32612.39683889,
2023-10-30,0.19537,0.20501,0.1916,0.19873,261905.42236650,52025.19257243,
2023-10-31,0.19874,0.21911,0.19739,0.2135,309456.07433881,63699.11250339,
2023-11-01,0.21308,0.366,0.2099,0.34631,3695081.12240648,1081384.14804203,
2023-11-02,0.3461,0.38815,0.2444,0.28863,1916922.32131404,589143.34620595,
2023-11-03,0.28918,0.28918,0.24598,0.25435,569835.29934175,150157.03696942,
2023-11-04,0.25414,0.28836,0.2512,0.27698,361674.05047896,98835.14555969,
2023-11-05,0.27633,0.27854,0.25163,0.26062,433309.78831506,113116.23599230,
2023-11-06,0.26062,0.2674,0.25,0.26636,341692.18518288,87934.62550551,
2023-11-07,0.26653,0.26967,0.24671,0.257,271855.41651542,69911.57045758,
2023-11-08,0.2571,0.2721,0.25308,0.26369,253267.43808106,66763.50310247,
2023-11-09,0.26369,0.34229,0.26209,0.31065,1426916.92282042,437325.12922499,
2023-11-10,0.31161,0.43656,0.30948,0.41835,1181797.80737502,415574.19087095,
2023-11-11,0.41852,0.47519,0.36304,0.39244,1911320.95137318,793325.13052495,
2023-11-12,0.39165,0.428,0.35997,0.36954,1217361.86973464,480338.70396204,
2023-11-13,0.37171,0.4065,0.34277,0.34341,506654.02453159,187586.19178414,
2023-11-14,0.34336,0.38413,0.33737,0.37318,624996.83193110,225287.91188235,
2023-11-15,0.37078,0.45404,0.36946,0.4247,675530.31843224,275289.36529535,
2023-11-16,0.42467,0.44339,0.36949,0.37773,372723.74457725,151526.87904905,
2023-11-17,0.37699,0.39125,0.34108,0.36492,363588.70249239,132823.03227671,
2023-11-18,0.36523,0.39789,0.33732,0.39016,628873.89134672,233102.15300702,
2023-11-19,0.39082,0.39788,0.37191,0.39037,269312.75514355,103217.08319968,
2023-11-20,0.39,0.39329,0.3577,0.3613,285529.39079237,107299.67991017,
2023-11-21,0.3606,0.3693,0.331,0.3317,385514.31201753,135795.06842310,
2023-11-22,0.3307,0.419,0.3286,0.39,423068.88399945,161868.88871682,
2023-11-23,0.3905,0.3989,0.374,0.3763,261183.22999649,100156.29038780,
2023-11-24,0.3761,0.425,0.3703,0.3868,306166.07062864,116818.00102329,
2023-11-25,0.3849,0.4,0.3792,0.3902,245157.65355361,94791.25958794,
2023-11-26,0.3902,0.3907,0.3638,0.3755,165144.33506879,62238.83750976,
2023-11-27,0.3756,0.3785,0.343,0.3547,175160.09507185,62448.42375132,
2023-11-28,0.3546,0.3878,0.3427,0.3858,335316.82902174,124973.48399809,
2023-11-29,0.3864,0.4058,0.3758,0.3813,222102.82323251,86762.47582564,
2023-11-30,0.3819,0.4139,0.3805,0.3992,143741.18373082,57082.87833955,
2023-12-01,0.3985,0.4928,0.3921,0.4467,467679.43168640,209274.89188138,
2023-12-02,0.4472,0.4662,0.4383,0.451,245873.95974868,110894.94312927,
2023-12-03,0.4518,0.4701,0.4402,0.4429,312172.72553161,142367.14298495,
2023-12-04,0.4434,0.4701,0.4181,0.4241,540035.59285989,239079.32940461,
2023-12-05,0.4244,0.4287,0.4079,0.4224,232359.17133263,97447.04174363,
2023-12-06,0.4216,0.4613,0.4215,0.426,330328.47707840,144368.33273025,
2023-12-07,0.426,0.4475,0.412,0.4465,323982.77670048,138050.79347246,
2023-12-08,0.4462,0.6988,0.4451,0.6491,1911750.42808797,1103072.49439766,
2023-12-09,0.6487,0.7659,0.5933,0.6191,1107763.76548689,740445.92255911,
2023-12-10,0.6194,0.7536,0.6194,0.7374,655569.73775112,443187.90908999,
2023-12-11,0.7384,0.82,0.6722,0.7514,1088030.76460845,812344.62403712,
2023-12-12,0.7498,0.8158,0.6608,0.6795,488495.97370882,357288.74596952,
2023-12-13,0.6795,0.7169,0.603,0.6781,255731.50542153,166870.64359459,
2023-12-14,0.6807,0.7449,0.6725,0.7437,340984.80378862,242269.73131409,
2023-12-15,0.7422,0.9448,0.7202,0.8383,1177137.38902348,1008779.11060255,
2023-12-16,0.8394,0.9472,0.8049,0.9397,702631.56159681,621914.81875730,
2023-12-17,0.9442,1.0333,0.8652,0.8652,613294.64139131,576415.81032334,
2023-12-18,0.8653,0.928,0.7683,0.9264,450387.01706317,378664.21326038,
2023-12-19,0.9285,0.9573,0.8421,0.85,366208.38387116,328070.13991888,
2023-12-20,0.85,0.9792,0.8429,0.9735,353853.54645749,325059.47861908,
2023-12-21,0.9767,1.5812,0.9543,1.4875,2234970.99486090,2880418.51591317,
2023-12-22,1.4903,1.99,1.4452,1.6515,2608125.50841764,4488240.15304687,
2023-12-23,1.6528,1.9775,1.5068,1.8602,1487376.73771549,2518895.58759821,
2023-12-24,1.8641,1.9842,1.6,1.6227,1327228.48850419,2312945.43006745,
2023-12-25,1.6279,1.9556,1.5722,1.8047,1380641.34766683,2422944.86028956,
2023-12-26,1.8035,1.8045,1.5644,1.6573,948086.00773622,1594183.02916442,
2023-12-27,1.6581,1.6958,1.45,1.512,885229.41464033,1386116.89262657,
2023-12-28,1.5111,1.5218,1.2442,1.3912,1151611.38741557,1554399.06213672,
2023-12-29,1.3899,1.5758,1.3,1.3869,889126.62609071,1280698.25882709,
2023-12-30,1.3871,1.4342,1.2872,1.2923,382385.29841098,513166.54972106,
2023-12-31,1.2938,1.3609,1.2453,1.2615,372429.28250615,486188.78948867,
2024-01-01,1.2599,1.426,1.1919,1.3842,694914.47345700,905196.23658467,
2024-01-02,1.3863,1.7132,1.3863,1.4892,1006540.10628291,1565678.96134039,
2024-01-03,1.4883,1.5234,1.1504,1.3753,606493.24041277,829788.59220030,
2024-01-04,1.376,1.497,1.3536,1.4328,467954.26796796,669392.87808982,
2024-01-05,1.4346,1.4428,1.2409,1.3266,340095.14737804,458932.28836060,
2024-01-06,1.3271,1.47,1.1883,1.23,335356.38282011,417232.77112802,
2024-01-07,1.2316,1.2808,1.1547,1.1742,258173.30519653,312374.59978483,
2024-01-08,1.175,1.2778,1.0012,1.2499,668301.21737374,763026.42085624,
2024-01-09,1.2463,1.304,1.12,1.1538,387078.03680458,469125.62844690,
2024-01-10,1.1537,1.2693,1.068,1.2332,434299.68238942,499630.45097233,
2024-01-11,1.2338,1.2666,1.1347,1.1519,434377.90594996,521634.62749039,
2024-01-12,1.1532,1.1598,1.0363,1.0674,261720.58171044,292487.00055039,
2024-01-13,1.0696,1.2053,1.0481,1.1747,240097.72715890,269050.75760410,
2024-01-14,1.1744,1.3339,1.1452,1.1922,496217.88078904,613046.34453443,
2024-01-15,1.1917,1.2471,1.1409,1.1511,216963.98569438,258161.34463504,
2024-01-16,1.1503,1.2397,1.1487,1.1893,315423.97513087,375587.11188056,
2024-01-17,1.1881,1.3421,1.1743,1.3371,443687.37532661,556578.41824474,
2024-01-18,1.3395,1.3943,1.1797,1.2108,609474.19460738,789537.68035407,
2024-01-19,1.2117,1.2237,1.0898,1.1734,386058.48818509,450550.59405189,
2024-01-20,1.1713,1.1829,1.1214,1.1616,206858.66208510,237747.76927017,
2024-01-21,1.1629,1.2521,1.1356,1.2294,181935.53137742,216651.35662755,
2024-01-22,1.2299,1.2461,1.0865,1.1067,360432.15418287,416188.04175494,
2024-01-23,1.1065,1.1292,1.0108,1.0929,280030.46486452,296454.25914059,
2024-01-24,1.0919,1.1624,1.0808,1.1346,257479.51328543,287965.03037624,
2024-01-25,1.133,1.1416,1.048,1.0621,176908.46187757,191737.02486648,
2024-01-26,1.0614,1.1789,1.0506,1.1506,331834.56200301,373640.60781905,
2024-01-27,1.1514,1.1742,1.1193,1.1631,121491.01330259,139086.21780895,
2024-01-28,1.1675,1.3528,1.1538,1.26,606003.50795660,772461.52161071,
2024-01-29,1.2581,1.3557,1.226,1.3466,415675.17618516,539356.60860797,
2024-01-30,1.3467,1.3727,1.2882,1.2962,256529.28240912,340565.78443247,
2024-01-31,1.2965,1.3033,1.1725,1.1757,212147.04918960,262953.04613351,
2024-02-01,1.1758,1.1767,1.0803,1.1236,261153.38931696,290190.74292656,
2024-02-02,1.1234,1.1639,1.0882,1.0977,241443.12955151,273067.15269545,
2024-02-03,1.097,1.1091,1.0559,1.0579,159921.86644361,171612.65873869,
2024-02-04,1.0577,1.0661,1.0189,1.0217,180638.07845340,188900.84190403,
2024-02-05,1.0216,1.0586,1.0023,1.0162,160638.99956510,165207.13224800,
2024-02-06,1.0177,1.1429,1.0098,1.0811,508300.57736429,543037.63521114,
2024-02-07,1.0773,1.0892,1.0198,1.0812,258349.09965631,271719.22534311,
2024-02-08,1.0829,1.1035,1.0572,1.0789,102950.40690240,111105.98036511,
2024-02-09,1.0804,1.1632,1.0755,1.1442,147841.35468161,164638.11414902,
2024-02-10,1.1433,1.2578,1.1433,1.1617,178102.75986955,212699.51705555,
2024-02-11,1.164,1.17,1.0767,1.0869,117077.84355516,132137.46275219,
2024-02-12,1.0879,1.1321,1.0359,1.1257,154110.86857240,166794.92792309,
2024-02-13,1.1271,1.1527,1.0457,1.0691,164937.38154452,180094.68847832,
2024-02-14,1.0699,1.116,1.0492,1.1098,206327.94107336,224324.31871610,
2024-02-15,1.1126,1.119,1.0524,1.0626,174285.25360626,188204.37175728,
2024-02-16,1.0622,1.0964,1.0402,1.053,156696.96497054,166915.16135398,
2024-02-17,1.0515,1.0573,1.0109,1.03,278031.23753106,284783.91568720,
2024-02-18,1.029,1.1071,1.0197,1.0893,347234.25342610,370110.83101627,
2024-02-19,1.0873,1.1281,1.0817,1.0903,412090.05758979,456013.69290681,
2024-02-20,1.0897,1.0928,1.023,1.0503,235973.54694067,250464.74768508,
2024-02-21,1.0511,1.0602,0.9393,0.9767,204973.65759296,201938.21715302,
2024-02-22,0.9757,0.9832,0.9116,0.9128,368115.57694537,350490.15498753,
2024-02-23,0.9127,0.9275,0.8723,0.9066,419748.19144054,377924.13449407,
2024-02-24,0.9088,1.0958,0.8863,0.9941,850260.34727498,857558.20599336,
2024-02-25,0.9939,1.008,0.9372,0.9464,227313.14763241,217651.93090221,
2024-02-26,0.9464,1.0001,0.9164,0.9832,353183.99646193,339164.72127857,
2024-02-27,0.9862,1.0427,0.9422,0.9606,550888.07647597,546017.97481107,
2024-02-28,0.9606,1.111,0.9544,1.0991,614392.34625013,624848.84407357,
2024-02-29,1.0991,1.4295,1.0904,1.2246,2490577.47349300,3132834.53366090,
2024-03-01,1.2254,1.3835,1.1956,1.2056,2551083.10272245,3316237.18159686,
2024-03-02,1.2045,1.2469,1.1336,1.2211,794352.08676089,950721.28857830,
2024-03-03,1.22,1.24,1.1601,1.1935,519980.32569721,625969.75684503,
2024-03-04,1.1942,1.2291,1.0917,1.1415,711549.22158837,826590.76793564,
2024-03-05,1.1434,1.3339,1.0654,1.1788,2896580.02733416,3464390.48697343,
2024-03-06,1.1815,1.2477,1.1256,1.2031,906772.86213703,1080629.48662036,
2024-03-07,1.2035,1.65,1.2011,1.4603,4384175.00461640,6331955.42565725,
2024-03-08,1.4622,1.496,1.3745,1.4171,2229337.75589178,3194089.29708100,
2024-03-09,1.4182,1.4225,1.3373,1.3399,915699.60859605,1255633.49135092,
2024-03-10,1.3413,1.4178,1.2656,1.3058,1221279.36638128,1632781.53660621,
2024-03-11,1.308,1.3934,1.2422,1.3873,955460.56566294,1269172.29499349,
2024-03-12,1.3864,1.4818,1.2435,1.3182,2807561.08826880,3798058.28968797,
2024-03-13,1.3161,1.484,1.2662,1.4318,2005856.20229522,2766870.20470647,
2024-03-14,1.4325,1.597,1.3047,1.4447,2068775.31417435,2984362.16257614,
2024-03-15,1.4462,1.9361,1.3186,1.7406,6477144.24036793,10706571.52442122,
2024-03-16,1.739,2.759,1.6572,2.2525,9483253.62507974,21445769.06596695,
2024-03-17,2.2586,2.9097,2.12,2.7058,4754490.00241012,11373540.65464557,
2024-03-18,2.7024,3.318,2.5306,2.6483,6300312.34820160,17781774.06811879,
2024-03-19,2.6473,2.8145,2.0749,2.134,6284282.47324769,14781091.32735145,
2024-03-20,2.1316,2.4389,1.8426,2.3545,6094465.43608842,12763668.26627310,
2024-03-21,2.3567,2.4961,2.1363,2.174,2605873.99581518,6001350.06908552,
2024-03-22,2.1719,2.2112,1.9012,2.0385,1716562.24378335,3458599.00014495,
2024-03-23,2.0461,2.08,1.9207,1.9207,782836.83538883,1577491.45715365,
2024-03-24,1.9215,2.27,1.8531,2.27,1736992.44728930,3444050.99362033,
2024-03-25,2.267,2.3521,2.0944,2.2553,3147305.54149314,6987268.47250516,
2024-03-26,2.2597,2.3378,2.082,2.0978,1817453.90419831,4008156.96819821,
2024-03-27,2.0967,2.14,1.9696,2.0516,2227560.38810406,4563470.36694350,
2024-03-28,2.0527,2.0661,1.9659,2.0244,1309476.75560056,2630982.36189598,
2024-03-29,2.0226,2.1449,1.9001,2.1252,1726748.20233625,3458009.17543909,
2024-03-30,2.1272,2.4181,2.0571,2.1015,5708079.19382976,12780604.47080649,
2024-03-31,2.1024,2.4942,2.0802,2.4657,2907193.63762612,6529162.17909611,
2024-04-01,2.4616,2.6603,2.1093,2.2613,4047290.99026489,9520772.52439738,
2024-04-02,2.2563,2.456,2.0147,2.245,2387149.84550783,5260510.84164747,
2024-04-03,2.2552,2.4455,2.1625,2.2227,2330259.60904136,5361110.92276899,
2024-04-04,2.2229,2.3402,2.1082,2.1664,1073157.97190501,2368435.03194808,
2024-04-05,2.1608,2.1617,1.9305,1.9984,1617260.88247561,3270644.27843198,
2024-04-06,2.0001,2.0834,1.9617,2.0446,726501.89669643,1473725.07065333,
2024-04-07,2.042,2.1469,2.0264,2.1079,848123.77262621,1782289.75657233,
2024-04-08,2.1105,2.1845,2.0386,2.1241,836166.02145137,1773620.72161668,
2024-04-09,2.1233,2.1495,1.9406,1.9621,1051082.00865580,2130588.68929685,
2024-04-10,1.9605,2.0032,1.8779,1.9569,878697.85255860,1703909.69664609,
2024-04-11,1.9592,1.9908,1.8764,1.8839,556007.30640591,1071663.54983912,
2024-04-12,1.8848,1.947,1.4652,1.6184,1221448.15966198,2030712.74883916,
2024-04-13,1.6162,1.6937,1.2,1.3854,2168264.36186043,3171062.58977686,
2024-04-14,1.3827,1.5532,1.3096,1.527,2380344.53664127,3399371.62594653,
2024-04-15,1.5287,1.7086,1.4376,1.5189,2360777.35272136,3733241.31370864,
2024-04-16,1.5174,1.5361,1.3908,1.4957,1167756.58478626,1707463.76686145,
2024-04-17,1.4983,1.566,1.418,1.4626,1157231.90076407,1738330.31762355,
2024-04-18,1.4627,1.5655,1.4119,1.5471,784721.33169451,1164438.51236289,
2024-04-19,1.5502,1.6288,1.4,1.5648,1156216.51939457,1784696.66699358,
2024-04-20,1.5661,1.7068,1.5245,1.6835,408092.98135704,655670.16218960,
2024-04-21,1.6865,1.7453,1.6566,1.6858,147110.76975316,250610.25740476,
2024-04-22,1.6904,1.8339,1.6679,1.8113,166707.07780043,293034.13605080,
2024-04-23,1.81,1.8423,1.7206,1.7295,119874.48376318,212206.14086775,
2024-04-24,1.7265,1.7774,1.6147,1.6346,138980.54733446,236465.11456155,
2024-04-25,1.6367,1.6564,1.5617,1.6055,96089.18435431,154908.56177039,
2024-04-26,1.6057,1.65,1.5621,1.5754,125669.22915500,201233.42444028,
2024-04-27,1.578,1.5953,1.502,1.581,128842.35847688,198235.22851444,
2024-04-28,1.584,1.6471,1.5658,1.5702,64634.23632483,104147.12397829,
2024-04-29,1.5749,1.5938,1.507,1.5701,65557.27332751,101394.46626351,
2024-04-30,1.5661,1.5988,1.3649,1.4236,123043.17870414,181036.98615408,
2024-05-01,1.4254,1.5093,1.3197,1.5016,227647.30654101,319186.74017767,
2024-05-02,1.5023,1.5659,1.4307,1.5428,106996.23780264,160034.29212316,
2024-05-03,1.5378,1.6672,1.5249,1.6485,183341.35396224,292092.49922858,
2024-05-04,1.6494,1.6956,1.621,1.6372,55592.02818474,91890.35691131,
2024-05-05,1.638,1.716,1.6119,1.682,38980.17587122,64702.02632885,
2024-05-06,1.6844,1.8032,1.6675,1.7235,144355.03826321,250381.42729975,
2024-05-07,1.7231,1.8121,1.6856,1.6856,123506.14659968,217619.77771333,
2024-05-08,1.6842,1.693,1.5991,1.622,108409.62069164,178760.14089246,
2024-05-09,1.6218,1.7679,1.5997,1.7544,139450.80286813,234020.71063535,
2024-05-10,1.7517,1.7966,1.6396,1.6661,158602.84071805,274707.86282811,
2024-05-11,1.6657,1.6784,1.6155,1.6343,45286.05875355,74349.75858306,
2024-05-12,1.6379,1.6506,1.6001,1.6091,74341.26157329,120635.79473254,
2024-05-13,1.6104,1.651,1.5142,1.6042,80686.17349388,127670.06592828,
2024-05-14,1.6043,1.609,1.4917,1.5016,106124.94024233,163938.38683083,
2024-05-15,1.5114,1.7113,1.4708,1.6849,188919.32281843,296369.76585973,
2024-05-16,1.6966,1.8358,1.653,1.678,378456.02303434,659348.45386993,
2024-05-17,1.6801,1.8797,1.6801,1.8536,294029.75543160,533124.22446948,
2024-05-18,1.8552,1.9417,1.8299,1.8616,252939.69973434,477501.09913252,
2024-05-19,1.8609,1.9187,1.772,1.7919,148612.71801927,273765.95306541,
2024-05-20,1.7919,2.0748,1.7644,1.9941,805553.66250977,1599060.36680286,
2024-05-21,1.9948,2.0013,1.8833,1.9228,785775.02753176,1525481.41891858,
2024-05-22,1.9218,1.9664,1.8558,1.8706,706600.55098851,1346799.47142796,
2024-05-23,1.8721,1.8976,1.7285,1.8687,850284.18324527,1550772.11877611,
2024-05-24,1.8666,1.8695,1.7383,1.8041,412426.76432264,738654.29239703,
2024-05-25,1.8032,1.8834,1.7895,1.8431,51990.55238907,95815.72293796,
2024-05-26,1.8456,1.8456,1.7587,1.7866,69715.76044757,124497.93259707,
2024-05-27,1.7884,1.9131,1.7863,1.8831,116328.80128754,215124.48464557,
2024-05-28,1.8893,1.9189,1.8124,1.8493,135486.74702280,252577.43064483,
2024-05-29,1.8509,1.8951,1.7701,1.7794,140063.95956810,256770.79079707,
2024-05-30,1.7798,1.8046,1.726,1.7538,80528.03833084,141640.35332485,
2024-05-31,1.7545,1.8,1.72,1.742,72103.43606440,127107.27486611,
2024-06-01,1.7403,1.7513,1.7064,1.7167,75001.78209075,129375.15275249,
2024-06-02,1.7159,1.7316,1.6506,1.6787,98851.91235632,166655.85616084,
2024-06-03,1.671,1.7692,1.6656,1.7298,192236.22517370,331191.55086686,
2024-06-04,1.7318,1.8191,1.7144,1.8069,704674.70670114,1251568.12378514,
2024-06-05,1.81,1.8514,1.7696,1.816,1221244.42130668,2216102.08747863,
2024-06-06,1.816,1.8892,1.7806,1.8516,1073952.59597206,1988852.33432744,
2024-06-07,1.8521,1.8632,1.6149,1.7029,816068.22930364,1464731.95245612,
2024-06-08,1.6997,1.7197,1.6039,1.6326,530427.83479491,883342.71952684,
2024-06-09,1.6238,1.6847,1.5832,1.6697,327354.16214774,535734.89495457,
2024-06-10,1.6734,1.6762,1.58,1.5867,88566.18842098,143949.86558115,
2024-06-11,1.5873,1.5948,1.45,1.4711,192473.90239142,290305.10314264,
2024-06-12,1.4752,1.6028,1.4377,1.533,199810.62114966,307291.65439637,
2024-06-13,1.5304,1.5319,1.4678,1.4895,108333.02640963,161705.56711242,
2024-06-14,1.4949,1.602,1.4796,1.5389,165575.68861638,254366.99368353,
2024-06-15,1.5422,1.7522,1.5422,1.7361,214382.49366064,360048.43289686,
2024-06-16,1.7328,1.7774,1.6974,1.7579,109935.84550419,190772.63243711,
2024-06-17,1.7644,1.7774,1.5568,1.5727,424391.69386902,692487.00799575,
2024-06-18,1.5696,1.5752,1.3891,1.4717,868210.06120963,1273157.66166129,
2024-06-19,1.4709,1.5681,1.466,1.5585,298122.58358012,453810.36107233,
2024-06-20,1.5538,1.6509,1.5269,1.5534,103762.05164830,162730.55444241,
2024-06-21,1.5525,1.5883,1.4698,1.5315,81999.41158714,124057.66132088,
2024-06-22,1.5316,1.551,1.5064,1.5094,28188.57413663,43146.94561055,
2024-06-23,1.5095,1.5259,1.4466,1.4584,49715.95759501,74126.53795610,
2024-06-24,1.4571,1.4849,1.364,1.4808,176496.52855865,250568.12100035,
2024-06-25,1.4774,1.5651,1.4541,1.5282,114199.31321213,173791.38327698,
2024-06-26,1.5312,1.5694,1.5162,1.5526,61086.06498642,94396.37490869,
2024-06-27,1.5529,1.7369,1.5118,1.7071,271847.06542444,449993.36324948,
2024-06-28,1.707,1.7171,1.5918,1.6032,474158.54041161,784433.30733837,
2024-06-29,1.6108,1.68,1.6081,1.6324,481242.20880906,788704.45550855,
2024-06-30,1.6345,1.7789,1.6005,1.7756,582594.59727500,986424.90335643,
2024-07-01,1.7762,1.8711,1.7537,1.8151,950854.50574505,1730694.22621647,
2024-07-02,1.8135,2.0084,1.8027,1.9622,1534099.73656435,2948766.07770317,
2024-07-03,1.962,1.9802,1.6538,1.7076,940986.53270992,1693602.72665509,
2024-07-04,1.7102,1.7432,1.5679,1.5788,714298.95634383,1186838.34789618,
2024-07-05,1.5749,1.6985,1.4239,1.6614,1605967.62936107,2487102.69290033,
2024-07-06,1.6624,1.7491,1.5911,1.749,422238.91317776,705844.13720431,
2024-07-07,1.7467,1.7467,1.544,1.5505,623656.11964454,1023294.12175294,
2024-07-08,1.5524,1.665,1.4828,1.6449,997900.30624081,1582335.37498201,
2024-07-09,1.6454,1.77,1.5957,1.7412,654533.59211307,1114587.95850445,
2024-07-10,1.7424,1.826,1.7144,1.7962,507836.39672892,908884.42218622,
2024-07-11,1.7949,1.9322,1.7733,1.796,634948.61148490,1178072.56763191,
2024-07-12,1.7942,1.8498,1.7678,1.824,347957.61234641,629029.96937848,
2024-07-13,1.8285,1.8782,1.8,1.867,139077.27588627,255237.24127992,
2024-07-14,1.8739,1.9105,1.7904,1.84,81426.51672598,150836.13217620,
2024-07-15,1.8482,2.0579,1.8366,2.0579,151341.18024581,294391.25599805,
2024-07-16,2.0584,2.0616,1.9358,2.0259,116638.57056390,234667.04266853,
2024-07-17,2.0278,2.0674,1.9041,1.9245,152120.76159645,304085.29970482,
2024-07-18,1.9252,1.9877,1.9016,1.9457,70035.14351643,135128.43310731,
2024-07-19,1.9479,2.2588,1.9077,2.2544,232831.39273931,490519.08139361,
2024-07-20,2.2566,2.5994,2.2522,2.4311,1862906.86769347,4588976.64823986,
2024-07-21,2.4291,2.7655,2.4184,2.6835,1071549.11003458,2740904.72305211,
2024-07-22,2.6837,2.6841,2.327,2.3785,940581.68096639,2305506.71264335,
2024-07-23,2.3899,2.411,2.1052,2.2302,529279.07440247,1160608.88743349,
2024-07-24,2.2295,2.4296,2.1887,2.2867,507049.64248116,1177506.01029752,
2024-07-25,2.2865,2.3243,2.1195,2.1925,433002.27434122,954576.51811122,
2024-07-26,2.1932,2.4789,2.1672,2.4145,171675.48000000,408022.98524400,
2024-07-27,2.403,2.5049,2.2423,2.381,190025.72000000,453496.06994200,
2024-07-28,2.3769,2.4377,2.3319,2.4126,150088.70000000,358102.03860300,
2024-07-29,2.4044,2.6743,2.3837,2.4455,257152.44000000,658057.19468500,
2024-07-30,2.4472,2.4658,2.2777,2.3237,242506.28000000,578649.74225000,
2024-07-31,2.3173,2.4368,2.2156,2.2156,657317.77856899,1543911.81422099,
2024-08-01,2.2182,2.271,1.9983,2.1574,789787.22021897,1676740.80447999,
2024-08-02,2.1497,2.1674,1.8194,1.8556,788979.31524334,1548746.70764899,
2024-08-03,1.8605,1.8733,1.6673,1.7077,659883.52057431,1170547.69741199,
2024-08-04,1.7092,1.7587,1.5173,1.6272,284328.06216448,470841.78197099,
2024-08-05,1.6275,1.6325,1.2326,1.4847,2233874.34249671,3184782.37754221,
2024-08-06,1.4804,1.6725,1.4786,1.5976,1326292.41334294,2089574.71297399,
2024-08-07,1.6068,1.7746,1.5509,1.592,884603.49000000,1495611.27809700,
2024-08-08,1.5955,1.9255,1.5549,1.9196,826437.13000000,1463263.82694400,
2024-08-09,1.918,1.9197,1.7854,1.8727,386713.23000000,720596.18850100,
2024-08-10,1.88,1.9076,1.8201,1.8851,77897.79000000,145231.55240400,
2024-08-11,1.9015,1.96,1.7175,1.739,150174.48000000,271746.78958400,
2024-08-12,1.7335,1.9152,1.7335,1.8343,187708.16000000,346793.43187900,
2024-08-13,1.8295,1.8845,1.7557,1.8256,157048.20000000,287283.93677700,
2024-08-14,1.821,1.93,1.7644,1.7799,244384.14000000,449910.06578100,
2024-08-15,1.7822,1.8051,1.6776,1.7258,181159.66000000,316278.58322200,
2024-08-16,1.7249,1.7513,1.6466,1.6896,106431.48000000,180278.18423400,
2024-08-17,1.6862,1.72,1.6731,1.7028,84919.24000000,143839.51795000,
2024-08-18,1.7054,1.7487,1.6569,1.6891,74125.30000000,126301.75919500,
2024-08-19,1.6876,1.7087,1.6534,1.7021,71708.99000000,120775.54265800,
2024-08-20,1.6938,1.7628,1.6612,1.674,105943.32000000,181491.59870200,
2024-08-21,1.6752,1.697,1.5921,1.6754,133680.32000000,220197.50029600,
2024-08-22,1.6833,1.7325,1.6575,1.7059,99170.81000000,169777.41404200,
2024-08-23,1.7029,1.8754,1.6891,1.83,226053.19000000,398009.25398500,
2024-08-24,1.835,1.9597,1.801,1.883,244621.90000000,461042.77149200,
2024-08-25,1.88,1.9173,1.7769,1.8366,156581.08000000,289546.49969700,
2024-08-26,1.8397,1.857,1.7591,1.7627,77459.86000000,140871.38474700,
2024-08-27,1.7654,1.801,1.6253,1.6577,208124.57000000,351619.29931300,
2024-08-28,1.653,1.653,1.5246,1.5697,202880.82000000,325211.22703900,
2024-08-29,1.5681,1.694,1.5681,1.5997,165325.40000000,268918.91437400,
2024-08-30,1.5974,1.608,1.4892,1.5596,87387.26000000,135047.45166800,
2024-08-31,1.5673,1.5689,1.5035,1.5161,14673.12000000,22497.81706500,
2024-09-01,1.5194,1.5258,1.4357,1.441,94213.14000000,140717.25999000,
2024-09-02,1.4397,1.5373,1.4181,1.5241,78578.16000000,115449.55222700,
2024-09-03,1.5244,1.5634,1.44,1.44,61962.87000000,93363.15667100,
2024-09-04,1.4504,1.5575,1.4006,1.5213,85766.18000000,128425.54360800,
2024-09-05,1.5256,1.5362,1.45,1.4627,63277.07000000,94653.60564700,
2024-09-06,1.4628,1.4927,1.3525,1.4142,116566.44000000,166606.78969300,
2024-09-07,1.4133,1.4617,1.4115,1.4354,50097.06000000,71995.17274500,
2024-09-08,1.4385,1.4851,1.4255,1.4703,34939.35000000,50853.63825600,
2024-09-09,1.4763,1.5428,1.4457,1.5206,52888.77000000,78088.50976700,
2024-09-10,1.5218,1.5312,1.4764,1.4856,66558.68000000,99934.23872800,
2024-09-11,1.4841,1.4841,1.4176,1.4571,76764.02000000,111142.30253000,
2024-09-12,1.4549,1.5105,1.4549,1.4996,65302.75000000,97378.51506500,
2024-09-13,1.4914,1.5538,1.4577,1.546,80499.69000000,121712.51093800,
2024-09-14,1.5432,1.5432,1.5051,1.5267,46763.34000000,71151.54631100,
2024-09-15,1.5227,1.535,1.4524,1.4592,46091.15000000,69469.02761700,
2024-09-16,1.4538,1.4646,1.4095,1.4323,42122.36000000,60626.78326500,
2024-09-17,1.4299,1.5033,1.4126,1.4646,39961.73000000,58247.98608800,
2024-09-18,1.466,1.4956,1.4047,1.4956,80968.80000000,117080.81666200,
2024-09-19,1.4947,1.6088,1.4947,1.5713,172554.85000000,267334.67323600,
2024-09-20,1.5794,1.6676,1.55,1.6013,124100.75000000,201475.22818500,
2024-09-21,1.5909,1.6162,1.5644,1.6162,63540.06000000,101178.78747400,
2024-09-22,1.6158,1.62,1.4809,1.513,57408.84000000,88780.71570000,
2024-09-23,1.521,1.558,1.4921,1.5124,100780.56000000,153332.25676800,
2024-09-24,1.5159,1.6395,1.488,1.624,196769.48000000,306645.96971200,
2024-09-25,1.6248,1.6367,1.5185,1.5242,117603.16000000,185294.05907000,
2024-09-26,1.5327,1.6862,1.5109,1.6601,310241.52000000,500903.07494900,
2024-09-27,1.6604,1.82,1.658,1.7729,298196.37000000,515737.32298000,
2024-09-28,1.7734,1.8174,1.7082,1.7699,114081.02000000,202310.44326200,
2024-09-29,1.772,1.9215,1.7577,1.9149,136831.82000000,254561.87654600,
2024-09-30,1.9181,1.9674,1.831,1.8427,298668.42000000,561740.37385300,
2024-10-01,1.8468,1.9355,1.6211,1.6796,368451.79000000,654287.53259800,
2024-10-02,1.6751,1.7513,1.6364,1.66,199133.71000000,339180.46661000,
2024-10-03,1.6524,1.6867,1.5652,1.6008,80786.28000000,130089.47421300,
2024-10-04,1.6039,1.7542,1.5949,1.7272,174359.05000000,294171.90577400,
2024-10-05,1.7305,1.7891,1.6991,1.7222,119311.30000000,208665.83263100,
2024-10-06,1.7222,1.8118,1.7086,1.8059,302014.46000000,536492.60432000,
2024-10-07,1.8065,1.8776,1.7663,1.77,311681.32000000,571332.65057300,
2024-10-08,1.772,1.7951,1.5755,1.698,406162.45000000,673958.02973500,
2024-10-09,1.7016,1.7499,1.5879,1.609,388379.79000000,660087.83199800,
2024-10-10,1.6045,1.6591,1.5718,1.6308,293848.79000000,477340.96194700,
2024-10-11,1.6282,1.7686,1.6228,1.7507,81574.30000000,139402.69406000,
2024-10-12,1.7537,1.8109,1.75,1.764,77934.90000000,138077.28455900,
2024-10-13,1.7633,1.8434,1.741,1.8377,82698.29000000,146967.84573500,
2024-10-14,1.8415,2.0682,1.8037,2.0647,358557.08000000,711635.54063300,
2024-10-15,2.0732,2.1545,1.9674,2.1437,347903.77000000,718315.51030700,
2024-10-16,2.1463,2.1885,1.9793,2.0132,146466.25000000,299843.72725700,
2024-10-17,2.014,2.1407,1.9874,2.1298,148816.38000000,307446.04059100,
2024-10-18,2.1306,2.1955,2.0717,2.1649,146537.31000000,313296.72302200,
2024-10-19,2.164,2.1809,2.1014,2.1723,69644.87000000,149226.04566200,
2024-10-20,2.1704,2.4943,2.1652,2.4568,255478.61000000,591592.38773100,
2024-10-21,2.46,2.5938,2.2673,2.4774,267330.38000000,659699.47035900,
2024-10-22,2.4845,2.7159,2.4169,2.6285,253114.45000000,655717.21557500,
2024-10-23,2.6303,2.6799,2.467,2.632,240967.12000000,621977.99627500,
2024-10-24,2.6265,3.103,2.616,3.0122,442017.87000000,1280975.01530000,
2024-10-25,3.0129,3.1898,2.6666,2.7806,3157367.87000000,9319472.78711600,
2024-10-26,2.7769,3.0906,2.6489,2.9952,2784450.49000000,8153095.57220800,
2024-10-27,2.9914,3.6088,2.9738,3.4837,1939439.71000000,6510118.64101850,
2024-10-28,3.4753,3.5904,3.1956,3.2611,3208413.07000000,10691951.25869000,
2024-10-29,3.2631,3.4837,3.14,3.307,4139011.16000000,13401427.56118600,
2024-10-30,3.305,3.34,2.945,3.082,2380580.03000000,7460706.10260300,
2024-10-31,3.081,3.308,2.992,3.226,1742903.85000000,5522560.95715000,
2024-11-01,3.225,3.528,3.018,3.392,3306950.84000000,10942045.97984400,
2024-11-02,3.392,3.655,3.3,3.599,2532290.94000000,8839642.33821600,
2024-11-03,3.597,3.599,3.107,3.334,2895177.27000000,9559282.11739000,
2024-11-04,3.335,3.493,3.119,3.279,1763959.86000000,5833290.67153000,
2024-11-05,3.273,3.427,3.215,3.218,2423634.69000000,8083864.68472000,
2024-11-06,3.216,4.425,3.195,4.305,5418624.77100000,21104064.54250240,
2024-11-07,4.305,5.06,4.144,4.632,9409895.76894287,43723076.70327545,
2024-11-08,4.635,5.106,4.635,4.972,3034164.93000000,14788329.46938000,
2024-11-09,4.971,5.998,4.879,5.643,9778752.31890882,53145213.65816399,
2024-11-10,5.643,5.89,5.009,5.4,4073141.82000000,22270196.65056000,
2024-11-11,5.409,5.743,5.103,5.216,4287533.63216761,23332143.51052999,
2024-11-12,5.214,5.218,4.302,4.66,6300456.23000000,29504389.91596000,
2024-11-13,4.655,5.13,4.03,4.965,4225984.93000000,19640149.90116000,
2024-11-14,4.966,5.335,4.485,4.605,3296403.88000000,16021268.56132000,
2024-11-15,4.606,4.916,4.455,4.83,3168619.44000000,14846998.42193000,
2024-11-16,4.828,4.981,4.612,4.805,1717395.45000000,8257574.95025000,
2024-11-17,4.801,6.215,4.8,5.874,8715476.63100000,49527600.78494000,
2024-11-18,5.876,6.199,5.509,5.647,2544616.75000000,14657150.10802000,
2024-11-19,5.646,6.177,5.435,5.519,2005963.55000000,11611390.63070000,
2024-11-20,5.52,5.833,5.188,5.737,1327164.82000000,7319828.63023000,
2024-11-21,5.73,6.411,5.372,6.301,2368562.36000000,14027246.17147330,
2024-11-22,6.3,6.5,5.897,6.065,1868323.11000000,11496177.95413400,
2024-11-23,6.067,6.289,5.862,6.095,1531155.90000000,9243074.51719000,
2024-11-24,6.097,6.246,5.648,6.113,1000586.48000000,5960193.42237000,
2024-11-25,6.112,6.461,5.502,5.62,1364319.65000000,8257414.34688000,
2024-11-26,5.601,5.704,5.239,5.48,1038429.70000000,5679679.97826000,
2024-11-27,5.475,5.764,5.362,5.52,808565.51000000,4506193.97927000,
2024-11-28,5.531,5.665,5.261,5.584,847054.62000000,4605100.50324000,
2024-11-29,5.575,5.863,5.535,5.679,556324.18000000,3165357.22243000,
2024-11-30,5.684,5.69,5.431,5.453,476778.38000000,2645178.65595000,
2024-12-01,5.452,5.542,5.194,5.265,1431350.82000000,7649382.23611000,
2024-12-02,5.266,5.313,4.822,4.936,1192801.94000000,5978293.35730000,
2024-12-03,4.934,5.327,4.648,5.24,1527096.16000000,7561077.41137000,
2024-12-04,5.242,5.34,4.883,4.984,1010963.87000000,5163694.54136000,
2024-12-05,4.985,5.313,4.694,4.868,1622659.66000000,8167869.64327000,
2024-12-06,4.871,5.177,4.786,4.957,1059064.21000000,5281140.72953000,
2024-12-07,4.958,5.177,4.802,5.094,822679.86000000,4108986.32626000,
2024-12-08,5.097,5.209,4.892,4.985,735689.93000000,3704090.78380000,
2024-12-09,4.985,4.985,3.802,4.437,987761.17000000,4594449.28845000,
2024-12-10,4.433,4.99,4.108,4.896,1667549.65000000,7668160.17585000,
2024-12-11,4.894,5.822,4.803,5.396,1987431.67000000,10745312.01947000,
2024-12-12,5.398,5.709,5.24,5.355,869678.39000000,4761383.62944000,
2024-12-13,5.355,5.644,5.15,5.293,649738.81000000,3471452.13469000,
2024-12-14,5.288,5.633,5.192,5.352,689637.18000000,3771603.56698000,
2024-12-15,5.35,5.477,5.081,5.421,449366.80000000,2377987.83002000,
2024-12-16,5.434,5.582,5.056,5.102,435747.67000000,2304096.61617000,
2024-12-17,5.107,5.221,4.809,5.019,382076.05000000,1909869.21794000,
2024-12-18,5.025,5.099,4.438,4.454,482475.24000000,2279808.24071000,
2024-12-19,4.452,4.82,4.188,4.396,630510.82000000,2814931.89597000,
2024-12-20,4.399,4.742,3.789,4.738,764799.19000000,3176790.88713000,
2024-12-21,4.739,4.867,4.278,4.377,338215.29000000,1549344.72645000,
2024-12-22,4.383,4.491,4.204,4.334,232007.57000000,1012936.30264000,
2024-12-23,4.33,4.93,4.213,4.884,471762.84000000,2198394.94212000,
2024-12-24,4.886,5.094,4.732,4.987,326928.65000000,1620655.49111000,
2024-12-25,4.981,5.372,4.939,5.306,369876.90000000,1934755.99156000,
2024-12-26,5.305,5.342,4.737,4.793,257399.21000000,1278387.43141000,
2024-12-27,4.793,5.219,4.728,4.93,334676.63000000,1675415.81515000,
2024-12-28,4.934,5.251,4.712,5.181,151793.43000000,750972.12652000,
2024-12-29,5.187,5.361,4.843,4.898,144148.72000000,738940.00429000,
2024-12-30,4.898,5.108,4.776,4.923,140185.21000000,695092.30323000,
2024-12-31,4.922,5.084,4.76,4.888,137796.00000000,683410.37548000,
2025-01-01,4.881,5.065,4.76,5,115328.55000000,568475.53202000,
2025-01-02,5.005,5.545,4.977,5.459,374993.16000000,2020648.05043000,
2025-01-03,5.463,5.526,5.252,5.483,353097.85000000,1908415.19819000,
2025-01-04,5.486,5.749,5.3,5.614,259172.53000000,1435638.45173000,
2025-01-05,5.609,5.881,5.511,5.732,381471.09000000,2174172.45170000,
2025-01-06,5.734,5.827,5.488,5.621,187896.27000000,1059462.86538000,
2025-01-07,5.619,5.879,5.372,5.459,417268.25000000,2340950.03618000,
2025-01-08,5.452,5.597,4.821,5.129,260721.96000000,1350040.65671000,
2025-01-09,5.13,5.308,4.701,4.852,295938.58000000,1470227.26476000,
2025-01-10,4.853,5.004,4.649,4.757,165525.59000000,798263.09628000,
2025-01-11,4.757,4.758,4.534,4.565,137084.42000000,634625.12299000,
2025-01-12,4.565,4.783,4.337,4.672,281832.36000000,1299152.42962000,
2025-01-13,4.66,4.778,4.146,4.63,313637.86000000,1407847.50094000,
2025-01-14,4.632,5.397,4.602,5.304,308539.38889501,1521024.22354326,
2025-01-15,5.298,5.8,5.104,5.72,381804.32509537,2070097.46846852,
2025-01-16,5.724,5.841,5.436,5.499,302608.96859044,1705376.52172635,
2025-01-17,5.503,6.186,5.473,6.115,236746.68000000,1387283.53678000,
2025-01-18,6.131,7.451,6.002,7.319,1983102.86100000,13401523.12834650,
2025-01-19,7.31,7.636,6.167,6.434,1281021.28481200,9035621.54737060,
2025-01-20,6.431,7.499,5.895,7.324,1003894.73000000,6895298.65575000,
2025-01-21,7.326,7.947,6.904,7.549,863854.75000000,6449942.69453390,
2025-01-22,7.56,8.311,7.5,7.84,442463.75000000,3529304.07657250,
2025-01-23,7.834,8.667,7.442,8.104,518299.20000000,4108968.66413000,
2025-01-24,8.109,8.328,7.736,7.817,277502.09000000,2207424.18336000,
2025-01-25,7.822,7.907,7.282,7.605,252561.80000000,1913412.30830000,
2025-01-26,7.634,8.073,7.129,7.154,183358.23000000,1410203.68989000,
2025-01-27,7.142,7.231,6.174,6.752,659603.47000000,4409372.90173000,
2025-01-28,6.753,7.406,6.448,6.624,441199.31000000,3082410.65463000,
2025-01-29,6.625,7.234,6.341,6.74,805491.49000000,5406472.08423000,
2025-01-30,6.74,7.918,6.735,7.62,547382.54000000,4061443.60036000,
2025-01-31,7.612,7.698,6.969,7.085,397045.04000000,2919306.61987000,
2025-02-01,7.08,7.244,6.17,6.251,441471.61000000,2998490.67365000,
2025-02-02,6.24,6.433,5.29,5.63,614999.23000000,3649419.71923000,
2025-02-03,5.633,6.489,4.138,6.326,1574449.64000000,8468968.12970000,
2025-02-04,6.331,6.609,5.78,6.204,874416.14000000,5462428.26539000,
2025-02-05,6.201,6.219,5.275,5.317,1437879.95000000,8346452.63565000,
2025-02-06,5.313,5.636,4.9,5.183,884935.77000000,4687817.23993000,
2025-02-07,5.186,5.713,4.8,4.941,631878.47000000,3347657.10140000,
2025-02-08,4.944,5.093,4.824,5.03,257153.69000000,1272229.51974000,
2025-02-09,5.025,5.293,4.495,4.723,364989.78000000,1789249.71456000,
2025-02-10,4.722,5.267,4.47,5.238,476351.76000000,2335575.42474000,
2025-02-11,5.229,5.78,5.154,5.318,668775.80000000,3650988.76269000,
2025-02-12,5.305,5.384,4.803,5.285,1027199.43000000,5239584.67614000,
2025-02-13,5.286,5.367,4.82,5.199,698043.26000000,3573620.64474000,
2025-02-14,5.207,6.151,5.165,5.733,792513.76000000,4377865.25153000,
2025-02-15,5.734,5.742,5.239,5.278,482709.85000000,2643735.63988000,
2025-02-16,5.281,5.361,4.927,4.937,434283.85000000,2229863.20036000,
2025-02-17,4.933,5.061,4.556,4.677,550652.34000000,2627349.00518000,
2025-02-18,4.68,4.727,3.965,4.237,710366.53000000,3057761.52138000,
2025-02-19,4.246,4.586,4.101,4.229,757637.46000000,3274451.02015000,
2025-02-20,4.223,4.625,4.156,4.57,528495.96000000,2318761.25802000,
2025-02-21,4.576,4.909,4.236,4.285,834843.66000000,3833755.37252000,
2025-02-22,4.288,4.509,4.259,4.303,395864.14000000,1733774.55740000,
2025-02-23,4.303,4.407,4.126,4.197,211551.53000000,896734.01019000,
2025-02-24,4.198,4.268,2.823,2.991,8036830.59000000,25357454.93422000,
2025-02-25,2.991,3.048,2.351,2.517,4188145.28000000,11082518.02404100,
2025-02-26,2.52,2.592,2.261,2.472,2227254.20000000,5363785.53372000,
2025-02-27,2.472,2.5,2.184,2.212,1477091.51000000,3448131.59080600,
2025-02-28,2.213,2.508,2.044,2.462,2940796.91000000,6683158.93824900,
2025-03-01,2.463,2.482,2.243,2.306,1081411.42000000,2548775.20134000,
2025-03-02,2.305,3.051,2.243,2.854,2453113.33000000,6523159.90602000,
2025-03-03,2.858,2.868,2.167,2.205,1742528.04000000,4295054.58076000,
2025-03-04,2.205,2.262,2,2.182,1338807.77000000,2871808.63974000,
2025-03-05,2.176,2.261,2.104,2.186,458915.57000000,994554.34700000,
2025-03-06,2.186,2.296,2.031,2.057,526773.75000000,1145444.44014000,
2025-03-07,2.058,2.293,1.958,2.04,863954.48000000,1836131.28339000,
2025-03-08,2.035,2.081,1.856,1.888,436278.86000000,844174.45269200,
2025-03-09,1.888,1.928,1.654,1.678,631959.88000000,1116280.75190900,
2025-03-10,1.679,1.803,1.499,1.552,849000.40000000,1393578.77702600,
2025-03-11,1.558,1.614,1.456,1.531,830390.26000000,1283050.60303000,
2025-03-12,1.533,1.639,1.476,1.609,1068373.72000000,1680701.53407000,
2025-03-13,1.608,1.653,1.482,1.494,530311.96000000,837413.53773000,
2025-03-14,1.496,1.6529,1.488,1.6221,983743.41000000,1543760.21915000,
2025-03-15,1.6222,1.7481,1.6017,1.6971,1081634.93000000,1816293.92907600,
2025-03-16,1.6989,1.7259,1.5361,1.5547,945314.79000000,1554994.42623200,
2025-03-17,1.557,1.8496,1.557,1.7333,1734201.20000000,2992515.47632600,
2025-03-18,1.7338,2.0003,1.5881,1.9464,3128162.60000000,5545071.81611700,
2025-03-19,1.9457,2.0972,1.7741,1.9132,3959380.72000000,7497349.93180900,
2025-03-20,1.9121,1.9594,1.6013,1.696,2231689.71000000,3981619.98549700,
2025-03-21,1.6959,1.839,1.6889,1.7561,1948184.02000000,3395603.24962400,
2025-03-22,1.7564,1.8141,1.7358,1.7471,912271.05000000,1625373.06012700,
2025-03-23,1.7469,1.8137,1.7303,1.7758,606032.95000000,1070803.17266400,
2025-03-24,1.7752,2.0142,1.7503,1.9325,1776378.22000000,3384393.52922600,
2025-03-25,1.9325,1.9908,1.8778,1.9753,988970.19000000,1921975.29049900,
2025-03-26,1.9726,2.1175,1.9279,1.9931,2137448.92000000,4323821.91699600,
2025-03-27,1.9925,2.1003,1.943,2.0304,1177085.29000000,2379528.52283000,
2025-03-28,2.0343,2.0613,1.8089,1.843,2144089.90000000,4094355.03225300,
2025-03-29,1.8449,1.8579,1.6903,1.7236,1294005.57000000,2263369.91608600,
2025-03-30,1.7239,1.7684,1.6971,1.715,704449.35000000,1222746.31382800,
2025-03-31,1.7178,1.746,1.6444,1.7032,1163994.35000000,1984616.51091600,
2025-04-01,1.7,1.8598,1.6959,1.802,1049549.78000000,1860965.82808800,
2025-04-02,1.8025,2.1657,1.7248,1.8463,4435855.12000000,8683325.12031500,
2025-04-03,1.8462,1.9213,1.647,1.7889,5449131.69000000,9879935.46189000,
2025-04-04,1.7941,1.8902,1.6889,1.8479,2564649.86000000,4614546.24649800,
2025-04-05,1.8461,1.8662,1.7546,1.7965,800776.78000000,1455398.11993100,
2025-04-06,1.7949,1.8129,1.5214,1.5642,1648679.09000000,2715003.85487100,
2025-04-07,1.5607,1.6875,1.39,1.62,3254301.07000000,5072526.60762400,
2025-04-08,1.6212,1.6932,1.5304,1.5893,1834803.87000000,2956081.42292400,
2025-04-09,1.5886,1.7975,1.5197,1.7478,3542419.25000000,5892643.10199400,
2025-04-10,1.7475,1.7522,1.5822,1.6523,1653341.85000000,2747785.12761500,
2025-04-11,1.6509,1.7912,1.632,1.774,1175649.30000000,2045518.86565200,
2025-04-12,1.7723,2.0689,1.7495,1.9997,1982847.78000000,3858771.81905700,
2025-04-13,1.9991,2.0167,1.8475,1.9002,1525321.32000000,2954226.73971900,
2025-04-14,1.9047,2.1091,1.898,2.015,1524279.72000000,3097246.87214800,
2025-04-15,2.015,2.2328,1.9839,2.0651,2116870.40000000,4489800.09391600,
2025-04-16,2.0626,2.4848,2.0342,2.2826,5624884.36000000,12807675.57840000,
2025-04-17,2.2823,2.3889,2.1655,2.2567,3042662.82000000,6923987.75689600,
2025-04-18,2.2575,2.2988,2.1093,2.1529,1240193.82000000,2718526.18429500,
2025-04-19,2.1524,2.3091,2.1382,2.2401,821271.18000000,1829316.63231100,
2025-04-20,2.2435,2.2925,2.11,2.1584,669385.43000000,1472087.18701600,
2025-04-21,2.1574,2.3719,2.1557,2.2374,1098764.02000000,2485653.27577800,
2025-04-22,2.2375,2.6393,2.1871,2.6181,1116685.01000000,2715007.27156900,
2025-04-23,2.6193,2.7451,2.5204,2.6049,1312311.15000000,3452540.09965900,
2025-04-24,2.6049,2.7061,2.4028,2.63,1502537.39000000,3837782.20023500,
2025-04-25,2.6278,2.8029,2.5895,2.7364,1354134.65000000,3657431.85701700,
2025-04-26,2.7353,2.9924,2.7303,2.9124,1082372.18000000,3111909.13896400,
2025-04-27,2.9145,3.1507,2.8469,2.9336,987240.99000000,2920996.91304700,
2025-04-28,2.9336,3.1322,2.76,2.9418,1133046.88000000,3332493.79246100,
2025-04-29,2.9437,3.0385,2.795,2.8585,517821.83000000,1518433.23630600,
2025-04-30,2.855,2.8857,2.6041,2.79,445940.71000000,1235469.23097200,
2025-05-01,2.7933,3.0227,2.7916,2.8892,477684.03000000,1378294.14840500,
2025-05-02,2.8929,2.982,2.8403,2.8773,291706.19000000,850660.60082500,
2025-05-03,2.8746,2.8798,2.6219,2.6795,327586.93000000,896422.79559400,
2025-05-04,2.6776,2.7215,2.5752,2.6166,154272.14000000,407980.43153700,
2025-05-05,2.6091,2.7491,2.5327,2.5341,278920.97000000,735999.26213100,
2025-05-06,2.5308,2.5337,2.2026,2.3925,1216337.91000000,2851050.93314800,
2025-05-07,2.3951,2.5029,2.339,2.4786,799971.99000000,1929460.86602900,
2025-05-08,2.478,2.8462,2.44,2.8152,672603.09000000,1798809.82044400,
2025-05-09,2.8134,3.0173,2.6807,2.825,968896.85000000,2759420.19552700,
2025-05-10,2.8249,3.1938,2.8023,3.1839,858872.43000000,2581867.96174100,
2025-05-11,3.184,3.3634,2.9887,3.1018,1102620.80000000,3498568.22760400,
2025-05-12,3.1023,3.3754,2.839,3.0924,1350238.40000000,4250033.10393500,
2025-05-13,3.0942,3.4287,2.9199,3.3708,955477.42000000,3050852.43778900,
2025-05-14,3.3712,3.8613,3.3321,3.4183,1921582.53000000,6841333.88399700,
2025-05-15,3.4194,3.4965,3.2046,3.3503,711148.71000000,2373163.71654000,
2025-05-16,3.3482,3.567,3.2151,3.2648,568397.95000000,1941590.20670200,
2025-05-17,3.2659,3.2844,3.041,3.0778,423312.00000000,1334106.16639900,
2025-05-18,3.0748,3.4266,3.0697,3.4076,542935.24000000,1751532.81580400,
2025-05-19,3.4059,3.4257,3.0058,3.1571,515832.83000000,1619562.71293300,
2025-05-20,3.1571,3.3042,3.0554,3.197,293179.04000000,926348.48169100,
2025-05-21,3.198,3.3754,3.1121,3.2779,469344.07000000,1517732.57282800,
2025-05-22,3.2793,3.4768,3.2704,3.3963,465475.28000000,1571729.82726400,
2025-05-23,3.3967,3.6052,3.1049,3.1343,1679558.33000000,5669676.87856200,
2025-05-24,3.1322,3.2565,3.0936,3.1836,492994.52000000,1569251.15144100,
2025-05-25,3.1862,3.2234,2.8837,3.2112,496489.61000000,1511175.70848400,
2025-05-26,3.2173,3.3717,3.1924,3.235,628474.21000000,2068084.33983100,
2025-05-27,3.235,3.3783,3.1378,3.2117,365437.30000000,1189591.21137500,
2025-05-28,3.2097,3.2348,3.0193,3.0793,243866.80000000,762249.91755100,
2025-05-29,3.0766,3.17,2.7726,2.8526,528189.17000000,1576043.71062400,
2025-05-30,2.8518,2.8749,2.424,2.4502,959887.10000000,2532433.90229100,
2025-05-31,2.4495,2.5616,2.3583,2.4858,846518.96000000,2083357.04709500,
2025-06-01,2.4891,2.5776,2.4437,2.5367,658394.88000000,1658316.01140200,
2025-06-02,2.5366,2.5366,2.3088,2.4057,534257.25000000,1270283.22067500,
2025-06-03,2.4079,2.5463,2.3299,2.3575,539308.95000000,1315926.02881700,
2025-06-04,2.3597,2.4707,2.1599,2.1829,1259401.97000000,2969016.38311200,
2025-06-05,2.1817,2.223,1.9729,2.1021,1331591.45000000,2831853.00446300,
2025-06-06,2.1016,2.2147,2.0808,2.1378,1053180.57000000,2250860.92896200,
2025-06-07,2.1377,2.2306,2.1158,2.1722,629345.75000000,1385228.71840700,
2025-06-08,2.1727,2.3421,2.1146,2.2545,784753.11000000,1747133.21436300,
2025-06-09,2.2612,2.5343,2.21,2.4888,1670570.41000000,3916438.45058000,
2025-06-10,2.4864,2.5066,2.35,2.4888,1528266.31000000,3710306.02969900,
2025-06-11,2.4883,2.5407,2.2658,2.3109,793256.62000000,1940719.04631300,
2025-06-12,2.3108,2.3566,2.15,2.1651,719919.92000000,1620573.74457600,
2025-06-13,2.1657,2.1686,2.0118,2.1303,949571.93000000,1978111.69863300,
2025-06-14,2.1287,2.1301,2.0125,2.0554,317837.86000000,656822.33777700,
2025-06-15,2.0558,2.1836,2.0475,2.1413,425389.45000000,900385.73876700,
2025-06-16,2.1399,2.2984,2.0931,2.158,620550.20000000,1376659.16599700,
2025-06-17,2.1609,2.2379,2.0118,2.0276,970278.05000000,2051943.37553300,
2025-06-18,2.0289,2.1136,1.9442,2.0586,1159854.81000000,2348203.03961600,
2025-06-19,2.0575,2.7,2.0434,2.2199,4999937.75000000,11824955.31355300,
2025-06-20,2.2208,2.2231,1.9748,2.0449,1284628.69000000,2695126.96994200,
2025-06-21,2.0442,2.1099,1.8664,1.9524,1077700.57000000,2173043.88385900,
2025-06-22,1.953,1.9837,1.7381,1.8481,1018895.58000000,1882743.26118800,
2025-06-23,1.8485,2.0771,1.8018,2.0558,1246172.77000000,2380681.38532600,
2025-06-24,2.0597,2.1014,2.0082,2.0706,1084208.15000000,2219826.92414900,
2025-06-25,2.0705,2.0906,1.9703,1.9885,661609.50000000,1345240.33976400,
2025-06-26,1.9878,2.0574,1.905,1.9119,656387.00000000,1293878.43843500,
2025-06-27,1.9113,2.0241,1.8808,2.0063,707670.01000000,1391233.38987300,
2025-06-28,2.0068,2.1354,1.9774,2.0925,523741.99000000,1078021.89243900,
2025-06-29,2.0965,2.211,2.0651,2.1875,626093.04000000,1337929.90651800,
2025-06-30,2.1857,2.2026,2.0595,2.1327,873486.67000000,1863860.31176000,
2025-07-01,2.1334,2.1442,2.0049,2.0326,668577.48000000,1381672.80007800,
2025-07-02,2.0314,2.1722,2.0037,2.141,834735.86000000,1732268.29117800,
2025-07-03,2.1424,2.2668,2.1293,2.1706,1078335.40000000,2366810.78159100,
2025-07-04,2.1721,2.1961,2.0162,2.0628,838228.96000000,1772745.00491500,
2025-07-05,2.0646,2.0912,2.0404,2.0887,386504.59000000,798604.86795400,
2025-07-06,2.0902,2.2081,2.0788,2.1623,924003.39000000,1985592.14917400,
2025-07-07,2.1616,2.2436,2.0888,2.1547,1069467.04000000,2328599.34924400,
2025-07-08,2.1544,2.3055,2.1173,2.2991,895993.61000000,1988160.97735900,
2025-07-09,2.2994,2.5355,2.2647,2.4916,2304269.27000000,5611565.41362500,
2025-07-10,2.4947,2.7702,2.4241,2.7019,1058922.80000000,2702428.79523400,
2025-07-11,2.7022,2.9373,2.6454,2.6908,1677090.57000000,4683411.12166800,
2025-07-12,2.693,2.7498,2.5127,2.649,994068.40000000,2631272.56399400,
2025-07-13,2.6476,2.8791,2.6232,2.7789,928359.59000000,2570222.89015600,
2025-07-14,2.7761,2.9422,2.7542,2.8107,925818.10000000,2639324.25268700,
2025-07-15,2.8057,3.0072,2.6739,2.9112,960840.38000000,2734247.22951600,
2025-07-16,2.9078,3.0402,2.8319,2.984,1232563.67000000,3647600.12078000,
2025-07-17,2.9788,3.0184,2.799,2.9199,1111229.71000000,3231367.86240400,
2025-07-18,2.921,3.0716,2.7064,2.761,1093787.67000000,3176437.82968100,
2025-07-19,2.7625,2.8115,2.7011,2.7999,418300.70000000,1157995.40139500,
2025-07-20,2.8,3.0304,2.7784,2.9096,777030.56000000,2268955.41743700,
2025-07-21,2.9066,3.4105,2.8443,3.2212,1537931.66000000,4900660.94902600,
2025-07-22,3.2277,3.5249,3.202,3.4283,2630260.19000000,8799058.97078400,
2025-07-23,3.4294,3.4408,2.963,3.1502,1360109.41000000,4338680.04090400,
2025-07-24,3.1526,3.2182,2.8627,3.0368,1562784.79000000,4785408.84680000,
2025-07-25,3.0383,3.0565,2.8154,3.0269,1258137.58000000,3687933.09661600,
2025-07-26,3.0221,3.1486,2.9755,3.0185,650927.84000000,1996408.74992100,
2025-07-27,3.0198,3.1872,3.0103,3.1125,721519.52000000,2240320.05504400,
2025-07-28,3.1113,3.4989,3.0894,3.127,1521604.71000000,5003641.13872800,
2025-07-29,3.1227,3.221,2.9718,3.0362,734240.88000000,2267892.70535100,
2025-07-30,3.036,3.061,2.7808,2.9187,874816.53000000,2562083.69763100,
2025-07-31,2.9186,3.0726,2.7391,2.7531,810790.24000000,2387908.30688400,
2025-08-01,2.7553,2.7752,2.5353,2.5919,1127649.82000000,3021566.95749200,
2025-08-02,2.5896,2.6458,2.4362,2.4876,1003711.70000000,2560597.39653900,
2025-08-03,2.489,2.5919,2.4511,2.572,383818.63000000,976316.63466400,
2025-08-04,2.5719,2.8002,2.5655,2.7939,885821.81000000,2355993.38964300,
2025-08-05,2.7945,2.7969,2.55,2.6193,607181.24000000,1621128.46387200,
2025-08-06,2.6184,2.7041,2.5199,2.667,572680.97000000,1488430.75091800,
2025-08-07,2.6659,2.856,2.6423,2.8395,645828.95000000,1767174.01407900,
2025-08-08,2.8397,2.9469,2.8058,2.8756,604753.38000000,1735282.37169600,
2025-08-09,2.8769,3.0891,2.8608,3.026,580759.44000000,1748611.99677100,
2025-08-10,3.0264,3.5835,3.0255,3.4233,2280654.54000000,7738674.48081400,
2025-08-11,3.4205,3.4591,3.1137,3.1492,1093816.39000000,3608269.82371100,
2025-08-12,3.1487,3.3458,2.9933,3.294,1335467.17000000,4295732.31048500,
2025-08-13,3.2934,3.8244,3.2898,3.7755,3841067.87000000,13809197.07586000,
2025-08-14,3.7736,4.1178,3.539,3.7888,3366169.14000000,13010636.30102700,
2025-08-15,3.7886,3.8732,3.4986,3.5858,1538586.96000000,5641208.41962400,
2025-08-16,3.5851,3.6762,3.447,3.5999,1432402.71000000,5131674.78323900,
2025-08-17,3.6027,3.8122,3.5309,3.5665,2966947.15000000,10936227.98458300,
2025-08-18,3.5662,3.5793,3.3146,3.3636,2314112.25000000,7860928.98845000,
2025-08-19,3.3666,3.4221,3.1142,3.1251,1466555.97000000,4754594.65595200,
2025-08-20,3.128,3.3801,3.1151,3.3498,1955594.71000000,6334644.09548200,
2025-08-21,3.3529,3.3783,3.1693,3.1954,1569089.24000000,5134135.09666000,
2025-08-22,3.198,3.6002,3.1019,3.5737,2371951.74000000,8004592.15569700,
2025-08-23,3.5725,3.7145,3.3994,3.5101,2426346.67000000,8666004.27157200,
2025-08-24,3.5119,3.7743,3.5119,3.6074,3756557.49000000,13637553.04764600,
2025-08-25,3.6094,3.7384,3.2026,3.2528,2480192.43000000,8590097.09249800,
2025-08-26,3.2532,3.5094,3.2404,3.4507,1550217.33000000,5210706.70379100,
2025-08-27,3.4523,3.7824,3.3817,3.5946,1621747.58000000,5867728.41387400,
2025-08-28,3.5966,4.009,3.5943,3.7988,2669981.60000000,10241036.29081600,
2025-08-29,3.7965,3.8604,3.474,3.5297,1452896.08000000,5290189.72612600,
2025-08-30,3.5322,3.5598,3.3768,3.458,968104.90000000,3345182.25855600,
2025-08-31,3.4578,3.6419,3.4033,3.4543,1274003.54000000,4479877.18842200,
2025-09-01,3.4535,3.4905,3.2195,3.2706,1150736.22000000,3857635.08578300,
2025-09-02,3.2777,3.4728,3.2431,3.4606,886075.62000000,2986757.79258000,
2025-09-03,3.4612,3.4979,3.3788,3.4358,648368.92000000,2228614.67945800,
2025-09-04,3.4355,3.454,3.2492,3.2649,551688.98000000,1836834.10075900,
2025-09-05,3.2653,3.417,3.2357,3.2663,813972.74000000,2691335.90146900,
2025-09-06,3.265,3.3077,3.1817,3.206,307735.33000000,994320.88380200,
2025-09-07,3.2063,3.2477,3.1457,3.2191,395347.28000000,1263387.83787500,
2025-09-08,3.2186,3.3778,3.2028,3.3635,654797.71000000,2169523.43026500,
2025-09-09,3.3633,3.4318,3.2622,3.3325,609558.56000000,2046621.52212500,
2025-09-10,3.3301,3.5128,3.3024,3.4773,580396.54000000,1993148.09742800,
2025-09-11,3.4746,3.562,3.4358,3.5553,753498.97000000,2623426.80698000,
2025-09-12,3.5549,3.74,3.536,3.6911,540491.46000000,1973254.77322500,
2025-09-13,3.6889,3.7,3.4841,3.5795,315458.06000000,1131696.68736600,
2025-09-14,3.58,3.6929,3.3597,3.4083,427518.61000000,1495858.88138800,
2025-09-15,3.4061,3.4602,3.2033,3.2731,471503.10000000,1550416.85672600,
2025-09-16,3.2703,3.3043,3.1722,3.2143,417836.19000000,1352439.71256700,
2025-09-17,3.2145,3.4412,3.182,3.4008,356013.09000000,1157197.83887000,
2025-09-18,3.4046,3.4204,3.2917,3.3275,445364.03000000,1496463.86595900,
2025-09-19,3.3274,3.3738,3.1183,3.1454,934719.66000000,3002144.74225700,
2025-09-20,3.1456,3.2002,3.1252,3.1521,513824.30000000,1620364.39381700,
2025-09-21,3.1516,3.1965,3.0033,3.0138,490048.51000000,1522737.96027800,
2025-09-22,3.0125,3.028,2.6335,2.7517,1316730.34000000,3687715.00791400,
2025-09-23,2.7536,2.8466,2.6714,2.7333,826439.48000000,2290349.21429500,
2025-09-24,2.7337,2.8357,2.675,2.776,567784.46000000,1562976.83857100,
2025-09-25,2.7717,2.7832,2.5063,2.5262,990411.72000000,2585057.72175000,
2025-09-26,2.528,2.6439,2.4976,2.6417,720585.55000000,1851102.47599800,
2025-09-27,2.6403,2.6433,2.577,2.6082,724124.62000000,1893372.18771600,
2025-09-28,2.6091,2.7158,2.5262,2.7008,647474.91000000,1688566.55954500,
2025-09-29,2.701,2.714,2.5857,2.6709,700062.38000000,1860069.37739400,
2025-09-30,2.6692,2.6811,2.5383,2.6378,636918.21000000,1660460.84905300,
2025-10-01,2.6375,2.8633,2.6058,2.8582,562882.23000000,1561658.02867600,
2025-10-02,2.8576,3.0629,2.8484,3.058,740265.51000000,2188870.64847200,
2025-10-03,3.0521,3.063,2.9187,2.9744,560459.66000000,1678643.41774400,
2025-10-04,2.9735,2.9863,2.8021,2.8767,747368.57000000,2160966.44053200,
2025-10-05,2.8771,3.0427,2.842,2.8624,515057.58000000,1514387.76645300,
2025-10-06,2.8625,3.0061,2.8403,2.967,638817.69000000,1876988.93176200,
2025-10-07,2.9652,2.9929,2.7717,2.8123,923459.85000000,2661423.75085800,
2025-10-08,2.8128,2.8979,2.7731,2.8454,321485.92000000,905020.76129900,
2025-10-09,2.8449,2.8488,2.6236,2.6939,628502.43000000,1692431.08156500,
2025-10-10,2.6924,2.7325,0.828,1.9817,3118627.21214200,6539709.69438663,
2025-10-11,1.9847,2.0734,1.7895,1.8674,1661755.02000000,3257261.02884800,
2025-10-12,1.8682,2.1313,1.8046,2.085,2031409.75000000,4019092.71828900,
2025-10-13,2.0841,2.1849,1.9893,2.1714,1557629.01000000,3216929.16733500,
2025-10-14,2.1725,2.1816,1.8659,2.0134,984225.32000000,1915864.79640800,
2025-10-15,2.0093,2.0546,1.855,1.8721,539180.44000000,1039435.76552300,
2025-10-16,1.8705,1.9641,1.7586,1.7931,1792318.92000000,3315484.69755500,
2025-10-17,1.7929,1.8254,1.6174,1.7283,2085288.76000000,3578618.44437900,
2025-10-18,1.7273,1.8047,1.7235,1.7792,1687695.87000000,2988705.29913500,
2025-10-19,1.7783,1.9109,1.7459,1.859,1237572.25000000,2273316.54445400,
2025-10-20,1.8577,2.0177,1.8166,1.8723,2044242.43000000,3878178.50181500,
2025-10-21,1.8717,1.935,1.7646,1.7691,1351824.60000000,2497827.17514100,
2025-10-22,1.7677,1.8043,1.6342,1.6692,2165801.79000000,3758827.69486600,
2025-10-23,1.6671,1.8038,1.6457,1.7727,1204731.69000000,2105523.62703000,
2025-10-24,1.7746,1.8378,1.7636,1.8066,771197.64000000,1385976.39712300,
2025-10-25,1.8074,1.8127,1.7569,1.7984,484754.45000000,863591.21146300,
2025-10-26,1.7979,1.9111,1.7711,1.894,1317403.84000000,2442173.34534800,
2025-10-27,1.8938,1.9539,1.8243,1.8374,471078.79000000,898790.94586300,
2025-10-28,1.8373,1.9235,1.7619,1.8046,502254.58000000,920406.92231800,
2025-10-29,1.8024,1.8755,1.7567,1.8006,835663.15000000,1518916.37599300,
2025-10-30,1.7995,1.8347,1.5686,1.6431,1527890.97000000,2573323.86066100,
2025-10-31,1.6417,1.6915,1.6084,1.6341,851833.57000000,1408907.09120900,
2025-11-01,1.6338,1.6978,1.6192,1.6778,586982.28000000,975735.96893600,
2025-11-02,1.6759,1.6962,1.6104,1.6594,582890.01000000,961804.69874800,
2025-11-03,1.6578,1.6676,1.3777,1.4164,1960072.57000000,2904255.61137900,
2025-11-04,1.4167,1.4481,1.2319,1.3306,3534675.38000000,4823936.85638200,
2025-11-05,1.3285,1.4069,1.2568,1.382,1739812.56000000,2351899.96466500,
2025-11-06,1.3816,1.3816,1.2716,1.2878,1131243.96000000,1498289.37499500,
2025-11-07,1.2897,1.4891,1.2329,1.4327,2107370.59000000,2878096.28412200,
2025-11-08,1.4356,1.4859,1.3654,1.4097,1270285.30000000,1802188.00949100,
2025-11-09,1.41,1.5905,1.3516,1.501,3149068.69000000,4600788.08092100,
2025-11-10,1.5014,1.6597,1.4862,1.6351,2516958.38000000,3963637.27770400,
2025-11-11,1.6367,1.7263,1.4716,1.479,2434643.85000000,3914850.33925800,
2025-11-12,1.4793,1.7099,1.4601,1.5208,4128611.15000000,6411895.60711700,
2025-11-13,1.5192,1.5987,1.3731,1.4193,3851178.78000000,5751111.87489900,
2025-11-14,1.4186,1.4286,1.274,1.2854,2593629.78000000,3536520.88787900,
2025-11-15,1.2855,1.3565,1.2846,1.3273,1604440.95000000,2134294.97490700,
2025-11-16,1.327,1.3436,1.2261,1.2674,2053855.74000000,2647701.88336600,
2025-11-17,1.2653,1.3114,1.1703,1.1841,2216855.96000000,2749396.00061100,
2025-11-18,1.1838,1.2713,1.1588,1.2471,3887070.03000000,4742049.07082600,
2025-11-19,1.2474,1.2529,1.1302,1.2147,2086795.56000000,2523536.67127700,
2025-11-20,1.2147,1.2461,1.1139,1.1381,1201396.67000000,1429975.94138200,
2025-11-21,1.1367,1.1499,0.9819,1.0307,1903754.44000000,1993502.79383500,
2025-11-22,1.0323,1.0466,0.9765,0.9954,902715.15000000,905121.54696100,
2025-11-23,0.9967,1.1184,0.9911,1.0581,1548871.72000000,1633779.05140300,
2025-11-24,1.0577,1.1179,1.0281,1.1081,1222362.73000000,1304895.68444700,
2025-11-25,1.1074,1.1457,1.0811,1.1325,471667.37000000,522791.14934700,
2025-11-26,1.1327,1.1688,1.092,1.152,991797.82000000,1121465.97200000,
2025-11-27,1.1521,1.2066,1.1317,1.1389,1239203.86000000,1450231.59478700,
2025-11-28,1.1388,1.1663,1.0892,1.1092,945294.96000000,1061548.96880000,
2025-11-29,1.109,1.1151,1.0762,1.0921,461396.25000000,507513.41623800,
2025-11-30,1.0926,1.1281,1.0713,1.0731,458436.10000000,504919.99262600,
2025-12-01,1.0725,1.0759,0.965,1.0024,1163362.76000000,1172296.15546600,
2025-12-02,1.0025,1.1558,1.002,1.1226,700034.22000000,760625.76919900,
2025-12-03,1.1228,1.1626,1.1088,1.1426,666807.07000000,759240.53443500,
2025-12-04,1.1425,1.2892,1.1354,1.2169,1888139.61000000,2282810.41505300,
2025-12-05,1.2169,1.2208,1.096,1.1285,1004111.03000000,1159552.09340300,
2025-12-06,1.1285,1.1763,1.1023,1.1365,529182.96000000,598145.54248200,
2025-12-07,1.1366,1.1623,1.0816,1.1201,509121.98000000,571163.41292700,
2025-12-08,1.1188,1.177,1.1132,1.138,567841.75000000,652736.99663600,
2025-12-09,1.1382,1.225,1.1149,1.1805,637213.23000000,746548.03096100,
2025-12-10,1.1805,1.2119,1.1382,1.1432,1100403.45000000,1288387.97123600,
2025-12-11,1.1435,1.1435,1.0733,1.1234,670894.59000000,737643.59185300,
2025-12-12,1.1233,1.1484,1.0585,1.0706,693897.18000000,768470.49822900,
2025-12-13,1.0722,1.0922,1.0705,1.0796,159492.95000000,172387.91637000,
2025-12-14,1.0795,1.0829,1.0141,1.0285,293437.89000000,306429.57543100,
2025-12-15,1.0286,1.0547,0.9253,0.9601,902555.23000000,879897.46957300,
2025-12-16,0.9592,1.0218,0.927,0.9908,1143863.95000000,1103492.15232500,
2025-12-17,0.991,0.9978,0.909,0.9167,820638.65000000,782191.98922900,
2025-12-18,0.9166,0.9599,0.8486,0.8544,1135335.06000000,1021063.75334300,
2025-12-19,0.8545,0.9167,0.8351,0.904,883943.82000000,777767.29870500,
2025-12-20,0.9048,0.9406,0.9012,0.9255,427155.54000000,393225.80412000,
2025-12-21,0.9247,0.9408,0.8813,0.9039,579808.04000000,525405.65378600,
2025-12-22,0.9046,0.9406,0.8966,0.9224,630522.34000000,581555.09600100,
2025-12-23,0.9229,0.9279,0.8818,0.904,513528.37000000,463284.76477900,
2025-12-24,0.9056,0.9111,0.8844,0.9011,248226.82000000,222809.73142700,
2025-12-25,0.9013,0.9284,0.887,0.8894,204027.33000000,185580.63852300,
2025-12-26,0.889,0.9253,0.8864,0.9025,304344.14000000,275294.88586000,
2025-12-27,0.9023,0.9391,0.9016,0.9368,157471.74000000,144528.46482700,
2025-12-28,0.938,0.9449,0.9151,0.9354,208053.69000000,193410.71571900,
2025-12-29,0.9354,0.9608,0.915,0.9187,347823.14000000,326018.07984900,
2025-12-30,0.9187,0.9198,0.8887,0.9057,286476.24000000,258592.72764200,
2025-12-31,0.9053,0.9118,0.8721,0.8861,451305.93000000,400334.14153600,
2026-01-01,0.8863,0.9894,0.8842,0.978,518818.81000000,486547.66892300,
2026-01-02,0.9781,1.0724,0.9629,1.0568,889570.70000000,902317.22559400,
2026-01-03,1.0572,1.1193,1.0442,1.1076,604817.55000000,651955.39558200,
2026-01-04,1.1075,1.1494,1.0869,1.1266,499762.38000000,557386.36488700,
2026-01-05,1.1275,1.2117,1.1212,1.1851,682241.40000000,791964.20743700,
2026-01-06,1.1846,1.2763,1.1734,1.2399,748210.96000000,916292.20491200,
2026-01-07,1.2378,1.2378,1.1603,1.2082,552492.11000000,658435.36936200,
2026-01-08,1.2084,1.2266,1.1272,1.1846,546212.96000000,641386.98510900,
2026-01-09,1.1848,1.2125,1.1452,1.1613,403761.60000000,472560.09813700,
2026-01-10,1.1627,1.1844,1.159,1.1648,171208.65000000,200307.28939200,
2026-01-11,1.1647,1.2208,1.1622,1.1978,260256.01000000,309378.68891900,
2026-01-12,1.1966,1.2207,1.1439,1.1492,453743.44000000,537764.62273800,
2026-01-13,1.1491,1.266,1.1393,1.2393,654213.67000000,781891.91161300,
2026-01-14,1.2407,1.2698,1.2054,1.2312,748659.27000000,927679.43465100,
2026-01-15,1.2315,1.2353,1.1209,1.1445,786594.98000000,925653.35985900,
2026-01-16,1.1446,1.1594,1.075,1.1573,432492.87000000,489564.86470600,
2026-01-17,1.1581,1.1641,1.1205,1.1257,176179.46000000,201739.16515500,
2026-01-18,1.1253,1.1349,1.0631,1.0631,241125.98000000,268234.08534200,
2026-01-19,1.0628,1.0628,0.9738,1.0427,835934.41000000,858760.55066900,
2026-01-20,1.0428,1.0484,0.9524,0.9615,601375.84000000,596793.83125000,
2026-01-21,0.9619,1.0645,0.9619,1.0341,678840.82000000,682949.84819700,
2026-01-22,1.0336,1.0577,0.9969,1.023,359749.68000000,370595.67947000,
2026-01-23,1.0223,1.0478,0.9883,1.0092,419672.89000000,427586.30386600,
2026-01-24,1.0089,1.0171,0.9955,1.0045,93665.48000000,94242.38415100,
2026-01-25,1.0044,1.0289,0.9269,0.9453,683045.93000000,667242.09423700,
2026-01-26,0.9441,0.9958,0.9407,0.9796,434362.17000000,421842.42811200,
2026-01-27,0.9795,1.0071,0.9578,1.0012,266805.76000000,261638.08306300,
2026-01-28,1.0014,1.0786,0.9925,1.0159,627172.98000000,647750.17820700,
2026-01-29,1.016,1.018,0.9187,0.9433,621177.74000000,595720.65627400,
2026-01-30,0.9433,0.9463,0.8875,0.915,1156316.07000000,1056981.72451700,
2026-01-31,0.9151,0.919,0.6929,0.7602,2838109.79000000,2204294.65118800,
2026-02-01,0.7622,0.7726,0.6854,0.7035,5712590.00000000,4193410.88066100,
2026-02-02,0.7036,0.7381,0.6661,0.7164,2392230.32000000,1686180.14508600,
2026-02-03,0.7166,0.7169,0.6541,0.6775,1168907.50000000,806154.35951800,
2026-02-04,0.6773,0.694,0.6369,0.6487,854022.43000000,565807.42065700,
2026-02-05,0.6494,0.7806,0.5626,0.5709,4760412.27000000,3224773.51919500,
2026-02-06,0.5716,0.6454,0.5036,0.6312,1137994.86000000,653001.83894700,
2026-02-07,0.6309,0.6309,0.5876,0.6128,461093.05000000,280733.58440500,
2026-02-08,0.6117,0.6249,0.5995,0.6089,416656.88000000,254089.10506700,
2026-02-09,0.6081,0.6147,0.5738,0.6014,326764.42000000,195287.25534100,
2026-02-10,0.6022,0.608,0.5746,0.5829,349703.06000000,205445.28762500,
2026-02-11,0.583,0.5889,0.5472,0.5683,706316.80000000,400259.90368500,
2026-02-12,0.569,0.6176,0.5688,0.5907,551596.70000000,324986.03527300,
2026-02-13,0.5901,0.6254,0.5784,0.6212,413949.08000000,249049.10723700,
2026-02-14,0.6213,0.6709,0.619,0.6637,386245.64000000,249644.59614600,
2026-02-15,0.6634,0.6806,0.6113,0.6236,707262.63000000,455208.38407100,
2026-02-16,0.6233,0.6449,0.6044,0.6283,400163.66000000,248301.04194900,
2026-02-17,0.6285,0.7528,0.6285,0.6852,2431090.93000000,1689622.27489500,
2026-02-18,0.6845,0.6845,0.6254,0.6304,623671.23000000,407830.96328700,
2026-02-19,0.6306,0.6468,0.6076,0.638,517156.01000000,324887.51987400,
2026-02-20,0.6384,0.6674,0.6257,0.6567,575970.71000000,372823.51871100,
2026-02-21,0.6564,0.663,0.6421,0.6454,270712.67000000,176735.64935100,
2026-02-22,0.6439,0.6448,0.6134,0.6192,202497.35000000,127090.79292800,
2026-02-23,0.618,0.618,0.5665,0.569,658821.22000000,386455.70739300,
2026-02-24,0.5695,0.6034,0.5572,0.5959,845844.15000000,491448.90790500,
2026-02-25,0.5967,0.6647,0.5829,0.6423,591631.71000000,369566.32248800,
2026-02-26,0.6411,0.6414,0.5989,0.6111,444823.94000000,275901.62429900,
2026-02-27,0.6112,0.6302,0.5808,0.5921,455049.03000000,275236.10794900,
2026-02-28,0.5921,0.6184,0.5529,0.6083,543406.89000000,312993.51061200,
2026-03-01,0.6081,0.6358,0.5742,0.5875,491067.98000000,295289.63740700,
2026-03-02,0.5884,0.6287,0.5775,0.6056,660709.82000000,397202.21042300,
2026-03-03,0.6058,0.6088,0.5772,0.602,453947.02000000,268910.28162300,
2026-03-04,0.6018,0.6442,0.5824,0.6222,657934.55000000,406247.24641300,
2026-03-05,0.6225,0.6386,0.5997,0.6101,538115.90000000,331640.84878300,
2026-03-06,0.6111,0.6205,0.58,0.5875,446707.54000000,267552.90103800,
2026-03-07,0.5877,0.5889,0.5753,0.5778,287231.21000000,166620.43724600,
2026-03-08,0.5779,0.5829,0.5586,0.5632,360843.47000000,205486.61045900,
2026-03-09,0.5636,0.605,0.5631,0.5918,397490.00000000,232811.45395400,
2026-03-10,0.5922,0.6175,0.5902,0.5973,339422.15000000,204998.96784200,
2026-03-11,0.5975,0.6099,0.5876,0.5983,319437.89000000,190976.79993100,
2026-03-12,0.5988,0.6126,0.5922,0.6077,253853.37000000,152723.02664600,
2026-03-13,0.6077,0.6387,0.6063,0.6103,396407.41000000,246351.41148000,
2026-03-14,0.6103,0.6153,0.5983,0.606,114659.23000000,69424.05761000,
2026-03-15,0.6059,0.6366,0.602,0.6278,250791.03000000,153815.32127300,
2026-03-16,0.6293,0.6685,0.6173,0.6637,507444.08000000,324050.56535700,
2026-03-17,0.6639,0.6674,0.6376,0.6537,347577.07000000,226381.31904900,
2026-03-18,0.6539,0.6698,0.6045,0.6166,273238.52000000,174197.87566400,
2026-03-19,0.6163,0.6734,0.6008,0.6149,454420.29000000,286738.66180000,
2026-03-20,0.6149,0.6199,0.605,0.615,139233.59000000,85312.83303700,
2026-03-21,0.6151,0.6234,0.5977,0.6014,76237.04000000,47050.74396500,
2026-03-22,0.6003,0.6079,0.5723,0.582,98159.04000000,57990.94099800,
2026-03-23,0.5828,0.6166,0.575,0.6073,214909.63000000,129066.02475200,
2026-03-24,0.6082,0.6148,0.5931,0.6092,112366.33000000,67948.15908700,
2026-03-25,0.6103,0.6189,0.6051,0.6118,89924.33000000,55089.11098500,
2026-03-26,0.6122,0.6135,0.5778,0.5841,87308.81000000,51599.49134500,
2026-03-27,0.5838,0.5886,0.5628,0.5688,56350.55000000,32289.78870000,
2026-03-28,0.5678,0.5755,0.5609,0.5667,61410.53000000,34904.72807100,
2026-03-29,0.5671,0.5736,0.5446,0.5616,61072.96000000,34413.25848300,
2026-03-30,0.561,0.5808,0.5584,0.5629,49970.31000000,28525.37792600,
2026-03-31,0.5632,0.6352,0.553,0.6277,466027.79000000,283980.12503700,
2026-04-01,0.6277,0.7352,0.6128,0.6607,1571470.36000000,1075545.87270600,
2026-04-02,0.6606,0.6654,0.6128,0.6221,413206.27000000,263147.62863100,
2026-04-03,0.6228,0.6872,0.6227,0.6396,528160.36000000,347462.23542800,
2026-04-04,0.6378,0.6387,0.6163,0.6206,103062.33000000,64232.15409400,
2026-04-05,0.6205,0.6208,0.5878,0.6189,153927.52000000,92637.89174400,
2026-04-06,0.6194,0.6375,0.605,0.6122,195812.85000000,121797.59344200,
2026-04-07,0.6128,0.6607,0.5996,0.6499,471887.36000000,294879.97326700,
2026-04-08,0.6502,0.6561,0.6235,0.6249,195138.84000000,124621.22990400,
2026-04-09,0.6246,0.6452,0.6166,0.6321,111769.24000000,70216.92088900,
2026-04-10,0.6317,0.713,0.628,0.6595,568548.34000000,380608.40930500,
2026-04-11,0.6579,0.6713,0.6473,0.6595,202568.35000000,132936.35026500,
2026-04-12,0.6596,0.6596,0.6204,0.6221,169858.04000000,107897.87256900,
2026-04-13,0.6218,0.6592,0.6209,0.6579,205815.41000000,130593.72760400,
2026-04-14,0.6572,0.6695,0.6392,0.6449,301011.00000000,196735.36530100,
2026-04-15,0.6458,0.6674,0.6362,0.6629,188654.15000000,122877.01261100,
2026-04-16,0.662,0.7028,0.6562,0.694,356473.54000000,242126.35323900,
2026-04-17,0.6943,0.7161,0.672,0.6983,181143.70000000,125691.63499600,
2026-04-18,0.6992,0.7064,0.6585,0.6618,123356.34000000,83871.73749800,
2026-04-19,0.6608,0.6637,0.6312,0.6332,63338.04000000,41109.20365300,
2026-04-20,0.6359,0.6599,0.6348,0.6528,65687.42000000,42705.01224900,
2026-04-21,0.6525,0.6797,0.6525,0.6637,114954.26000000,76509.79169900,
2026-04-22,0.6646,0.6842,0.6632,0.6655,88913.60000000,60113.86117300,
2026-04-23,0.6652,0.673,0.6517,0.6665,69975.06000000,46236.99576800,
2026-04-24,0.6665,0.675,0.6571,0.668,69987.56000000,46591.85307100,
2026-04-25,0.6678,0.7108,0.6639,0.6873,222680.24000000,153417.55051600,
2026-04-26,0.6884,0.9,0.6884,0.7509,1751046.33000000,1378559.98343700,
2026-04-27,0.7506,0.7582,0.7037,0.7551,515649.18000000,378531.47794800,
2026-04-28,0.7536,0.7855,0.7305,0.7466,181387.95000000,136856.83457900,
2026-04-29,0.7446,0.8253,0.743,0.7942,483966.32000000,381816.98081200,
2026-04-30,0.7916,0.8092,0.7536,0.8087,214442.19000000,166948.61009200,
2026-05-01,0.8056,0.8544,0.7964,0.8321,403772.96000000,333598.23482800,
2026-05-02,0.83,0.8501,0.8069,0.8226,168690.45000000,140654.39628900,
2026-05-03,0.8218,0.8379,0.8094,0.8108,118206.80000000,96949.60676100,
2026-05-04,0.8095,0.8188,0.7764,0.7828,221400.15000000,176869.00448400,
2026-05-05,0.782,0.8172,0.772,0.8041,117337.09000000,93661.01546500,
2026-05-06,0.8043,0.8408,0.7902,0.8069,181911.09000000,147975.29027100,
2026-05-07,0.8061,0.8207,0.7872,0.8134,149608.39000000,120084.49498500,
2026-05-08,0.8143,0.8576,0.7997,0.8544,306453.97000000,251265.67829000,
2026-05-09,0.8557,0.8874,0.8397,0.8458,296527.89000000,256302.09260400,
2026-05-10,0.8439,0.896,0.8321,0.8779,113654.02000000,98293.05072500,
2026-05-11,0.8789,0.8789,0.8433,0.8613,114088.35000000,97746.96869900,
2026-05-12,0.8611,0.8627,0.8033,0.8125,170061.61000000,141057.17949700,
2026-05-13,0.8153,0.829,0.7666,0.7794,129733.27000000,103824.64332400,
2026-05-14,0.7795,0.8096,0.7652,0.7942,122763.42000000,96882.24252900,
2026-05-15,0.7951,0.7976,0.7342,0.7427,103842.14000000,79329.49726800,
2026-05-16,0.7426,0.746,0.7059,0.7172,103857.74000000,74785.33569800,
2026-05-17,0.7167,0.7248,0.6818,0.6973,73277.38000000,52539.58260400,
2026-05-18,0.6977,0.7077,0.6856,0.7066,153791.89000000,107209.74800800,
2026-05-19,0.7073,0.7132,0.6968,0.7048,30198.76000000,21295.70754500,
2026-05-20,0.7075,0.7979,0.7028,0.7823,216573.87000000,163316.64365000,
2026-05-21,0.7821,0.7888,0.7592,0.7711,67487.05000000,52123.75504100,
2026-05-22,0.7704,0.7886,0.7444,0.7527,125202.14000000,95920.69677400,
2026-05-23,0.753,0.7907,0.7234,0.7715,57702.44000000,43232.00315100,
2026-05-24,0.77,0.7816,0.7414,0.7525,50560.56000000,38715.86000000,
2026-05-25,0.756,0.7844,0.7511,0.7711,31172.21000000,23901.70628000,
2026-05-26,0.7688,0.7793,0.7458,0.7517,44467.74000000,33793.87781900,
2026-05-27,0.7493,0.7566,0.7222,0.7228,44363.79000000,32872.16780600,
2026-05-28,0.7225,0.724,0.6948,0.7106,86539.62738000,61010.38256359,
2026-05-29,0.7116,0.728,0.6927,0.7149,38700.13000000,27611.47164700,
2026-05-30,0.7171,0.732,0.7157,0.7163,17859.16000000,12905.61811400,
2026-05-31,0.7163,0.7218,0.7008,0.7154,27960.80000000,19915.58911600,
2026-06-01,0.7177,0.7245,0.695,0.7158,34320.17000000,24275.12291500,
2026-06-02,0.7156,0.7156,0.6382,0.6469,78297.96000000,53319.03002900,
2026-06-03,0.6499,0.6751,0.6375,0.6508,71919.58000000,47329.86838400,
2026-06-04,0.6528,0.6544,0.604,0.6167,110303.07000000,68732.50289900,
2026-06-05,0.618,0.6205,0.5446,0.5657,175950.59000000,101849.63202300,
2026-06-06,0.5675,0.5737,0.5346,0.5583,72587.17000000,40143.97580000,
2026-06-07,0.5588,0.5977,0.5578,0.588,87371.54000000,50369.43850800,
2026-06-08,0.5861,0.6022,0.5776,0.5917,112714.83000000,66695.61887300,
2026-06-09,0.591,0.594,0.5649,0.5755,59898.28000000,34751.29161100,
2026-06-10,0.5757,0.5862,0.5524,0.5631,181050.39000000,103670.64797600,
2026-06-11,0.5636,0.5934,0.5636,0.5883,133602.37000000,77443.64451800,
2026-06-12,0.5913,0.604,0.578,0.5926,56622.05000000,33339.12684200,
2026-06-13,0.5939,0.619,0.588,0.6134,94439.86000000,57266.13766300,
2026-06-14,0.6125,0.6255,0.5894,0.6234,83348.61000000,50865.59662500,
2026-06-15,0.624,0.6696,0.614,0.6359,136978.49000000,87717.47807100,
2026-06-16,0.6376,0.6443,0.611,0.621,65661.80000000,41370.23022700,
2026-06-17,0.6256,0.6389,0.607,0.6174,85722.56000000,53025.13032000,
2026-06-18,0.6182,0.6225,0.5827,0.6038,77050.09000000,46594.99355900,
2026-06-19,0.6044,0.6056,0.5822,0.5976,80473.76000000,47732.30225200,
2026-06-20,0.5969,0.6355,0.595,0.629,105697.71000000,65472.69096400,
2026-06-21,0.6299,0.6509,0.619,0.6204,101595.11000000,64182.13428000,
2026-06-22,0.6225,0.6444,0.6167,0.6214,105885.78000000,66938.42502400,
2026-06-23,0.6208,0.6227,0.5898,0.5998,114222.94000000,69004.80836500,
2026-06-24,0.6021,0.6052,0.557,0.59,106395.45000000,61979.43187800,
2026-06-25,0.5908,0.5989,0.5535,0.5934,173269.19000000,100507.48913400,
2026-06-26,0.5934,0.6396,0.5734,0.6318,214878.35000000,131905.49844800,
2026-06-27,0.6333,0.6345,0.6061,0.6082,61106.95000000,38043.51908200,
2026-06-28,0.6115,0.6215,0.6017,0.6138,79292.69000000,48393.16522800,
2026-06-29,0.6113,0.6482,0.6077,0.6301,107418.71000000,67250.46413200,
2026-06-30,0.6309,0.6314,0.594,0.5987,36312.58000000,22335.73157900,
2026-07-01,0.5991,0.6597,0.5863,0.648,170583.68000000,106995.66481300,
2026-07-02,0.6479,0.76,0.639,0.695,251740.78000000,175156.14232200,
2026-07-03,0.6929,0.733,0.6893,0.7252,84841.59000000,60852.24451800,
2026-07-04,0.726,0.7352,0.7065,0.7171,40655.39000000,29213.18725700,
2026-07-05,0.718,0.7377,0.6987,0.7266,54819.59000000,39423.86260900,
2026-07-06,0.7246,0.7553,0.6993,0.7401,121918.17000000,88707.92678000,
2026-07-07,0.7378,0.7457,0.7079,0.7149,47650.91000000,34876.00857600,
2026-07-08,0.713,0.7142,0.6681,0.6786,76981.95000000,52557.35293200,
2026-07-09,0.6782,0.6914,0.671,0.6814,33638.20000000,22927.73658000,
2026-07-10,0.6816,0.7087,0.6793,0.6966,46064.89000000,32031.85478500,
2026-07-11,0.6964,0.7037,0.6815,0.6815,41152.26000000,28553.54106000,
2026-07-12,0.6809,0.69,0.6668,0.6804,33328.13000000,22704.95762100,
2026-07-13,0.6835,0.6915,0.6577,0.6613,29778.94000000,20043.20553200,
2026-07-14,0.6656,0.692,0.6597,0.6845,34505.11000000,23392.72882000,
2026-07-15,0.6867,0.7047,0.6822,0.6889,56825.98000000,39379.89471700,
2026-07-16,0.6894,0.7033,0.6681,0.6729,21051.30000000,14408.42247300,
2026-07-17,0.6726,0.6828,0.6591,0.6733,28237.24000000,18837.14230000,
2026-07-18,0.6746,0.6786,0.6684,0.6758,13636.82000000,9185.08049500,
2026-07-19,0.6746,0.6809,0.6689,0.6777,27259.64000000,18414.20091600,
2026-07-20,0.6773,0.727,0.6706,0.7085,79739.39000000,56086.82136400,
2026-07-21,0.708,0.725,0.7058,0.714,74585.31000000,53363.02772400,
2026-07-22,0.7137,0.7168,0.6645,0.6694,111463.34000000,75905.08414200,
2026-07-23,0.6697,0.6743,0.635,0.6414,44051.51000000,28683.34453200,
2026-07-24,0.6422,0.6505,0.6171,0.6228,39839.75000000,25101.77430500,
2026-07-25,0.6233,0.629,0.6195,0.6211,18968.31000000,11841.20846700,
2026-07-26,0.622,0.6413,0.622,0.6388,20861.49000000,13185.66016400,
2026-07-27,0.6395,0.6435,0.6003,0.6036,73803.89000000,45462.73718300,
2026-07-28,0.6046,0.6157,0.5924,0.6048,43581.45000000,26188.57332800,
2026-07-29,0.6058,0.6124,0.5898,0.6034,59238.96000000,35450.75397500,
2026-07-30,0.6021,0.619,0.5935,0.6125,33790.80000000,20687.06731400,
2026-07-31,0.6122,0.6221,0.6005,0.6029,60635.62000000,36922.52680800,
2026-08-01,0.6024,0.6158,0.5935,0.6032,25334.65000000,15316.18643300,
2026-08-02,0.6035,0.6181,0.6027,0.6118,21707.90000000,13260.38822300,
2026-08-03,0.6128,0.6136,0.6014,0.6113,28558.59000000,17339.92657900,
2026-08-04,0.6117,0.6225,0.6027,0.6163,57195.36000000,35177.77604200,
2026-08-05,0.6163,0.6263,0.6151,0.6186,109247.21000000,67720.84391400,
2026-08-06,0.6194,0.6209,0.6081,0.6098,101802.65000000,62621.03613500,
2026-08-07,0.6117,0.6264,0.6107,0.6215,34757.91000000,21492.34256300,
2026-08-08,0.6214,0.6466,0.6193,0.6403,69226.28000000,43775.82494400,
2026-08-09,0.6386,0.6497,0.6308,0.6324,42256.40000000,27119.80160300,
2026-08-10,0.634,0.6453,0.6281,0.632,68600.86000000,43891.29222900,
2026-08-11,0.6321,0.6373,0.6217,0.6346,24495.97000000,15435.02449300,
2026-08-12,0.6343,0.6427,0.627,0.6351,24735.26000000,15667.15393100,
2026-08-13,0.6348,0.6385,0.6225,0.6245,11899.56000000,7505.08405200,
2026-08-14,0.6248,0.6257,0.615,0.6236,15679.98000000,9736.38278700,
2026-08-15,0.6269,0.63,0.6179,0.6219,27236.10000000,16941.89809400,
2026-08-16,0.6222,0.6254,0.61,0.6122,12827.50000000,7938.87541800,
2026-08-17,0.6143,0.6234,0.6132,0.619,13263.31000000,8221.37880000,
2026-08-18,0.6196,0.6206,0.6069,0.617,11277.35000000,6925.23465200,
2026-08-19,0.6173,0.659,0.6122,0.6505,44257.88000000,28182.53937800,
2026-08-20,0.6505,0.7046,0.645,0.6928,98042.54000000,66939.82523300,
2026-08-21,0.6914,0.7509,0.6914,0.7446,135384.37000000,98794.46010600,
2026-08-22,0.7438,0.7995,0.6906,0.7432,228796.05000000,171235.13868200,
2026-08-23,0.7452,0.79,0.7096,0.7725,328201.71000000,246171.60255600,
2026-08-24,0.7714,0.7798,0.7364,0.7679,139992.09000000,106213.36137700,
2026-08-25,0.7675,0.8553,0.7657,0.7842,209007.82000000,169051.48924800,
2026-08-26,0.7859,0.8019,0.7488,0.8019,65748.94688000,51280.58779474,
2026-08-27,0.8035,0.85,0.783,0.8352,218477.06000000,178440.65260400,
2026-08-28,0.8339,0.8405,0.7908,0.8071,100553.48000000,81629.98529000,
2026-08-29,0.8094,0.8094,0.7714,0.7966,371268.74000000,291105.69357200,
2026-08-30,0.7958,0.831,0.7573,0.7696,309688.73000000,242667.32895900,
2026-08-31,0.7695,0.8182,0.7677,0.7971,242298.98000000,194228.13176700,
2026-09-01,0.7973,0.8318,0.7963,0.8204,118862.87000000,96662.00272500,
2026-09-02,0.8204,0.825,0.7866,0.7977,85916.34000000,68938.76896400,
2026-09-03,0.7975,0.8564,0.7894,0.8329,146987.05000000,121403.87036000,
2026-09-04,0.8327,0.849,0.805,0.8216,101734.28000000,84097.90550600,
2026-09-05,0.82,0.9194,0.8196,0.9086,165252.12000000,142852.24788800,
2026-09-06,0.9086,1.4416,0.9043,1.2848,2677224.38000000,3409968.20986400,
2026-09-07,1.2845,1.3409,1.1452,1.1692,1163110.93000000,1411387.91883400,
2026-09-08,1.1692,1.2531,1.0623,1.2309,723719.59000000,827823.35565400,
2026-09-09,1.2306,1.4753,1.1746,1.2432,793773.86000000,1048066.00722300,
2026-09-10,1.2446,1.4881,1.1902,1.447,2624036.43000000,3556819.38922000,
2026-09-11,1.4481,1.7548,1.414,1.6693,3848426.22000000,6170047.80946200,
2026-09-12,1.667,1.7446,1.4948,1.5379,1065401.02000000,1712022.96915000,
2026-09-13,1.5359,1.5979,1.3745,1.3807,632927.30000000,935427.94989500,
2026-09-14,1.3803,1.4559,1.3585,1.3953,472612.31000000,664189.65192000,
2026-09-15,1.3984,1.4099,1.1959,1.231,436828.26000000,580762.60540500,
2026-09-16,1.2327,1.4222,1.2312,1.3904,259864.92000000,349950.35711500,
2026-09-17,1.3903,1.5097,1.3808,1.4728,325452.96000000,471373.63250200,
2026-09-18,1.4731,1.8482,1.4605,1.7662,415532.91000000,697490.57267500,
2026-09-19,1.7605,1.9256,1.6743,1.7075,309875.88000000,555868.91340900,
2026-09-20,1.7011,1.7324,1.5795,1.703,191306.98000000,316349.52769500,
2026-09-21,1.6967,1.8648,1.6262,1.7981,388282.03000000,680546.45090700,
2026-09-22,1.7999,1.8583,1.73,1.8257,212354.67000000,378917.67682800,
2026-09-23,1.8239,2.1227,1.7786,1.9779,549250.57000000,1079883.13904200,
2026-09-24,1.9799,2.2241,1.9178,2.1058,723252.15000000,1496614.31333200,
2026-09-25,2.1058,2.1998,2.0109,2.0672,333664.26000000,693157.05601100,
2026-09-26,2.0672,2.104,1.9585,2.0596,116105.50000000,234726.23905300,
2026-09-27,2.0611,2.3557,2.0503,2.1738,250603.55000000,554091.77657700,
2026-09-28,2.1818,2.1984,1.8659,1.8987,203678.28000000,404787.71911800,
2026-09-29,1.8986,1.9449,1.8212,1.9105,246824.08000000,467867.90706300,
2026-09-30,1.9111,2.0903,1.8551,1.946,133362.89000000,265251.19433600,
2026-10-01,1.945,1.9702,1.8411,1.8722,149461.25000000,284029.20308500,
2026-10-02,1.872,1.9883,1.8393,1.9258,122028.21000000,235907.09814200,
2026-10-03,1.9278,2.15,1.9074,2.0851,216817.65000000,445228.12687700,
2026-10-04,2.0853,2.1707,2.0366,2.1117,135407.07000000,285646.41242400,
2026-10-05,2.1093,2.2426,1.9965,2.223,139711.95000000,296934.86425500,
2026-10-06,2.2228,2.3366,2.106,2.1946,196339.31000000,434873.44252300,
