date,open,high,low,close,volume,quote_volume,trades
2021-04-17,1.4191,1.4808,1.393,1.404,287788.77528570,413781.73151096,
2021-04-18,1.404,1.4045,1.016,1.3323,384046.81344996,452663.07147808,
2021-04-19,1.3312,1.3312,1.1562,1.2475,220094.75744871,275467.71033427,
2021-04-20,1.2447,1.2857,1.0858,1.2239,280142.72473589,328508.70417026,
2021-04-21,1.2232,1.3304,1.1528,1.1877,219382.76018117,270380.45400714,
2021-04-22,1.1834,1.2013,0.9504,0.9747,397154.19426012,436587.32349938,
2021-04-23,0.975,0.98,0.7465,0.9353,663893.85786099,561292.61279101,
2021-04-24,0.9332,0.9342,0.8135,0.8461,333175.12662020,288366.01954620,
2021-04-25,0.8433,0.9069,0.8103,0.8379,236900.70980821,201199.64419818,
2021-04-26,0.8382,1.0388,0.8382,0.9986,275621.88350522,262366.46531137,
2021-04-27,0.9987,1.0883,0.9609,0.9968,202139.99309086,204990.82288623,
2021-04-28,0.9975,1.0848,0.949,1.0118,267722.45506806,267733.08250242,
2021-04-29,1.0123,1.1377,0.9899,1.1052,397770.39907769,424041.10306486,
2021-04-30,1.1066,1.1424,1.0578,1.076,228567.35141095,249174.33682771,
2021-05-01,1.0817,1.1517,1.062,1.0946,356161.18014900,388155.08826777,
2021-05-02,1.0948,1.1053,1.0053,1.0177,136347.86349508,142488.40316165,
2021-05-03,1.0173,1.0661,0.9857,1.0006,169288.77714369,174019.85757843,
2021-05-04,1.0014,1.0014,0.867,0.9063,313004.11709383,291223.96536803,
2021-05-05,0.9069,0.95,0.87,0.9081,100992.10413721,91556.11967025,
2021-05-06,0.9082,1.004,0.8933,0.9051,378697.51437291,358978.58801478,
2021-05-07,0.9024,0.9816,0.854,0.9235,183351.78044973,168112.49128460,
2021-05-08,0.9232,0.958,0.8176,0.845,358650.65250941,315071.94008226,
2021-05-09,0.8465,0.8728,0.7856,0.8513,293342.78877589,242766.83079200,
2021-05-10,0.8509,0.89,0.7541,0.77,605361.18338764,487404.64130133,
2021-05-11,0.77,0.8231,0.7617,0.7893,254035.55892037,201512.30844735,
2021-05-12,0.7907,0.8341,0.6956,0.7009,513678.81292132,409831.41240796,
2021-05-13,0.6954,0.76,0.6232,0.6675,718214.65890051,487756.02572935,
2021-05-14,0.6675,0.8937,0.6636,0.8459,326311.61191340,241879.48788457,
2021-05-15,0.8486,0.968,0.7749,0.8723,796923.56801673,676341.53691611,
2021-05-16,0.8731,1.1148,0.8409,0.9708,1116875.92947176,1106745.14778647,
2021-05-17,0.9722,1.2,0.8511,1.1794,1118657.96999759,1174940.59490637,
2021-05-18,1.181,1.4012,1.0098,1.243,1693160.95229089,2028586.61187922,
2021-05-19,1.2472,1.2762,0.6415,0.791,2006305.99939728,1900845.59623889,
2021-05-20,0.7876,0.9776,0.7079,0.912,831766.21551469,705414.46947069,
2021-05-21,0.912,1.0303,0.6563,0.7355,1302196.97089643,1012145.96453437,
2021-05-22,0.7416,0.7655,0.6516,0.702,680351.11353948,477441.59057054,
2021-05-23,0.7033,0.7128,0.4296,0.5206,932983.10912569,521077.26862039,
2021-05-24,0.5224,0.6968,0.5219,0.6868,590540.42353672,357384.09885555,
2021-05-25,0.6843,0.707,0.5823,0.6526,342943.72592253,219571.77019858,
2021-05-26,0.6537,0.7699,0.631,0.7503,647724.76145789,437916.64487136,
2021-05-27,0.7513,0.912,0.66,0.912,672499.23615137,518483.29837170,
2021-05-28,0.906,0.9119,0.7172,0.7531,1009612.22488855,804850.72406550,
2021-05-29,0.7543,0.7845,0.6904,0.7222,437830.72999875,322566.68973322,
2021-05-30,0.7244,0.7542,0.6517,0.7523,317909.90493566,225242.37170748,
2021-05-31,0.7477,0.7749,0.6876,0.7728,345751.14726965,255782.12540227,
2021-06-01,0.7726,0.849,0.7372,0.7812,248809.17007112,193023.17582148,
2021-06-02,0.7748,0.8005,0.7549,0.7631,299514.45978735,232158.72929535,
2021-06-03,0.7627,0.7702,0.6999,0.7434,431539.55192739,314540.22746314,
2021-06-04,0.7436,0.7454,0.6549,0.6696,310916.80060951,212296.78932027,
2021-06-05,0.6694,0.7025,0.5906,0.5977,389175.39154011,245386.46285927,
2021-06-06,0.5976,0.6128,0.59,0.602,179179.76787444,107693.24267530,
2021-06-07,0.6018,0.6254,0.55,0.559,233961.50178542,140823.83464972,
2021-06-08,0.5589,0.561,0.4583,0.4959,978395.53390651,485489.19331814,
2021-06-09,0.4959,0.5215,0.4641,0.5018,310673.06270347,154364.78868513,
2021-06-10,0.5018,0.5136,0.4839,0.4975,210330.11118458,104829.89750631,
2021-06-11,0.4995,0.5678,0.4995,0.5228,387707.85669673,207310.22430675,
2021-06-12,0.5217,0.5238,0.4397,0.4572,289574.58577117,138418.07744185,
2021-06-13,0.4591,0.4724,0.4342,0.4724,172101.02598917,77056.80289314,
2021-06-14,0.4723,0.482,0.46,0.4752,161659.03839233,76198.44836865,
2021-06-15,0.4754,0.555,0.4716,0.5407,253576.53452523,128747.54733604,
2021-06-16,0.5387,0.5686,0.495,0.5609,187585.52505856,98029.90128614,
2021-06-17,0.5594,0.5724,0.5169,0.5484,168542.82807835,91087.05368733,
2021-06-18,0.548,0.5481,0.4883,0.5073,101425.62290455,52108.41801723,
2021-06-19,0.5028,0.7637,0.4953,0.6797,516989.43053147,321340.26395022,
2021-06-20,0.6797,0.7251,0.5454,0.5764,644060.87282498,400349.18340483,
2021-06-21,0.5756,0.5764,0.4184,0.4184,358094.48551228,171706.31137030,
2021-06-22,0.4177,0.4474,0.3448,0.3953,652716.81335772,256958.26577647,
2021-06-23,0.3958,0.4858,0.383,0.4704,235407.03257918,99921.47702970,
2021-06-24,0.4713,0.4813,0.4401,0.4802,132038.37885507,60537.11755901,
2021-06-25,0.4797,0.4899,0.4467,0.4633,293209.43022806,134606.72633696,
2021-06-26,0.4641,0.4641,0.419,0.4351,114296.66742334,50103.74040233,
2021-06-27,0.435,0.4512,0.4239,0.4507,158744.00972581,70379.51196421,
2021-06-28,0.4504,0.478,0.442,0.478,96981.05981652,43854.20543141,
2021-06-29,0.4741,0.5221,0.4657,0.5023,208696.14232118,102586.08554883,
2021-06-30,0.4994,0.5,0.4703,0.4878,77936.91405457,37694.51068545,
2021-07-01,0.4878,0.4937,0.4654,0.4674,87021.15499104,41469.60760976,
2021-07-02,0.4674,0.4709,0.447,0.4622,77508.58715728,35328.36430673,
2021-07-03,0.465,0.4806,0.4624,0.4764,82203.19489101,38763.51774023,
2021-07-04,0.4764,0.4988,0.4708,0.4904,72678.90627812,35589.74017413,
2021-07-05,0.4897,0.4962,0.4658,0.4907,157746.50970569,75716.10542163,
2021-07-06,0.4906,0.5953,0.4756,0.5614,211192.12205501,111203.42092201,
2021-07-07,0.5625,0.6482,0.5519,0.6183,276767.92523121,170331.16387473,
2021-07-08,0.618,0.6616,0.5383,0.6287,393949.14023120,242060.98583077,
2021-07-09,0.6275,0.6524,0.59,0.6186,217601.79383058,134247.97722788,
2021-07-10,0.6174,0.6357,0.5989,0.6081,106457.14708885,65434.86850096,
2021-07-11,0.6077,0.6168,0.5957,0.605,185291.11242648,112063.90210395,
2021-07-12,0.6055,0.6066,0.589,0.5962,132550.88740946,79050.53222477,
2021-07-13,0.5961,0.6631,0.5943,0.6025,200416.46501514,125564.39115467,
2021-07-14,0.6025,0.717,0.592,0.6945,215191.30520653,135934.17859390,
2021-07-15,0.6975,0.7419,0.666,0.6692,324909.89560833,228934.07935536,
2021-07-16,0.6698,0.6714,0.618,0.6278,111687.68384491,72377.14552145,
2021-07-17,0.6306,0.7063,0.6259,0.6999,74019.51429058,49294.54774140,
2021-07-18,0.6972,0.6998,0.642,0.6429,154885.10083811,103863.71843116,
2021-07-19,0.6424,0.6565,0.5727,0.6072,116768.69432066,70402.30005970,
2021-07-20,0.6059,0.64,0.5609,0.6021,188011.23418458,110451.06558307,
2021-07-21,0.6037,0.6511,0.5921,0.6342,144560.77649521,91039.69777887,
2021-07-22,0.6347,0.6519,0.6285,0.6496,38315.30546734,24535.87535929,
2021-07-23,0.6521,0.735,0.6446,0.7331,462857.86509943,324249.15170752,
2021-07-24,0.7334,0.8106,0.7245,0.7484,223111.52695308,168375.12869634,
2021-07-25,0.7484,0.7989,0.7218,0.7989,185277.90854052,137644.60740193,
2021-07-26,0.799,0.8209,0.7472,0.7561,110796.60826556,86924.89612692,
2021-07-27,0.7581,0.7749,0.7227,0.7602,119017.59097740,88764.78851390,
2021-07-28,0.761,0.7669,0.74,0.7536,80970.19977365,61077.48856271,
2021-07-29,0.7565,0.759,0.7055,0.7235,310378.43416180,226553.15976832,
2021-07-30,0.7251,0.7285,0.6767,0.6989,106744.90680445,75547.37130825,
2021-07-31,0.699,0.7065,0.6822,0.6909,88722.73833015,61778.08781377,
2021-08-01,0.6882,0.7,0.635,0.635,111085.75869310,73960.13373545,
2021-08-02,0.635,0.659,0.6265,0.6474,71131.19141854,45853.75099703,
2021-08-03,0.647,1.1128,0.6427,0.9282,699653.65156719,620984.83085247,
2021-08-04,0.9283,1.2121,0.8896,1.0281,747254.65208030,754940.94848954,
2021-08-05,1.0218,1.1578,0.9429,1.1429,409651.36999491,434872.03111257,
2021-08-06,1.1429,1.1987,1.085,1.0924,279222.78927852,318358.32507953,
2021-08-07,1.0924,1.1501,0.9624,1.0656,374858.68159885,400544.22502677,
2021-08-08,1.0679,1.0765,0.9863,1.0374,106492.91551991,108352.50583181,
2021-08-09,1.0372,1.1819,0.8929,0.9162,413997.99517744,433260.26443110,
2021-08-10,0.915,0.9429,0.83,0.8577,273470.55813843,243424.06261697,
2021-08-11,0.8578,0.9461,0.8477,0.9029,195792.40614895,174407.78055830,
2021-08-12,0.9059,0.9128,0.8052,0.8469,170787.82000539,145037.14392593,
2021-08-13,0.845,0.9438,0.8372,0.9361,137473.66837250,123952.63187287,
2021-08-14,0.9364,0.9364,0.8624,0.8876,87522.36186039,78165.97856242,
2021-08-15,0.8883,1.081,0.8843,0.9755,245800.81664359,242383.93331388,
2021-08-16,0.9761,1.323,0.9636,1.2785,443965.92822572,517576.88582577,
2021-08-17,1.2772,1.2828,1.08,1.1658,224748.97593747,263290.34643755,
2021-08-18,1.1678,1.385,1.0781,1.2706,214323.51343197,265932.77130206,
2021-08-19,1.2708,1.3103,1.1751,1.2922,190877.03631645,236879.57038184,
2021-08-20,1.2967,1.3967,1.2651,1.3243,161932.03201067,216877.41574127,
2021-08-21,1.3299,1.3371,1.269,1.3341,161725.51716814,209707.94333309,
2021-08-22,1.3243,1.5999,1.3167,1.5884,187390.11172143,269797.09887177,
2021-08-23,1.5926,1.6,1.4112,1.4584,109865.23530926,165390.49042452,
2021-08-24,1.4571,1.4588,1.11,1.1752,278462.94180204,347252.60484773,
2021-08-25,1.1752,1.2955,1.13,1.2664,169105.22024507,205939.51862597,
2021-08-26,1.2664,1.3395,1.1816,1.1816,178683.62954466,221925.42112291,
2021-08-27,1.1834,1.3666,1.1434,1.3302,277847.64954002,354060.51964962,
2021-08-28,1.3301,1.3323,1.2184,1.2637,122454.43735535,156204.59051447,
2021-08-29,1.2634,1.3283,1.1999,1.2143,88447.33087865,111559.53713672,
2021-08-30,1.2241,1.2542,1.1752,1.1991,94013.89053888,113726.21184928,
2021-08-31,1.1991,1.1991,1.1991,1.1991,0.0,0.0,
2021-09-01,1.3704,1.4816,1.32,1.4583,142306.55215360,198931.83231132,
2021-09-02,1.4582,1.461,1.2844,1.3152,146443.97964295,203159.03560630,
2021-09-03,1.3155,1.36,1.242,1.3009,154099.83362099,197522.26367615,
2021-09-04,1.3011,1.3297,1.25,1.264,64008.90948799,83006.89074923,
2021-09-05,1.2638,1.3309,1.262,1.2817,97048.18754979,125284.45963813,
2021-09-06,1.2927,1.3165,1.2242,1.2242,119677.54713874,151557.67531249,
2021-09-07,1.2222,1.2816,0.9023,1.1364,340692.22847498,380022.18761707,
2021-09-08,1.1365,1.2701,1.03,1.2701,231218.70309924,266991.96883254,
2021-09-09,1.265,1.2987,1.216,1.2529,166430.73608881,207531.26880976,
2021-09-10,1.2551,1.2569,1.1063,1.1235,149696.47711839,180648.44574775,
2021-09-11,1.1259,1.2846,1.1259,1.203,157687.19618690,191196.70573431,
2021-09-12,1.2063,1.2445,1.15551,1.178,107732.01794514,128601.97249437,
2021-09-13,1.1779,1.188,1.0666,1.126,136431.60241358,151869.25692657,
2021-09-14,1.1201,1.2333,1.112,1.1809,98690.57245889,117784.58231594,
2021-09-15,1.1859,1.2644,1.17971,1.2319,59917.64512538,74116.35742856,
2021-09-16,1.2202,1.2311,1.13111,1.1604,204027.32246397,239618.98508655,
2021-09-17,1.1578,1.1723,1.0927,1.1057,92131.75566111,103341.74799139,
2021-09-18,1.1043,1.1929,1.0909,1.1143,73823.29663751,83444.79714371,
2021-09-19,1.1063,1.25,1.09191,1.1419,142222.99457684,164727.57881385,
2021-09-20,1.1471,1.1634,0.9045,0.9151,415035.56715361,414677.05534719,
2021-09-21,0.9183,1.024,0.8662,0.88471,241694.09171596,226760.37765992,
2021-09-22,0.8922,1.00229,0.8526,0.9794,236624.23292130,221233.82464973,
2021-09-23,0.9842,1.0198,0.956,1.0109,165232.07770277,162630.19538187,
2021-09-24,1.0104,1.0117,0.83041,0.8993,295015.58418353,263753.43037554,
2021-09-25,0.89761,0.9063,0.8429,0.85679,197398.80695803,173802.43429628,
2021-09-26,0.85679,1,0.66331,0.9361,1140088.00480543,947159.15298167,
2021-09-27,0.93331,0.9838,0.892,0.9205,414598.17596490,386189.40440048,
2021-09-28,0.92369,0.93769,0.8506,0.8506,307563.84369512,271796.08473060,
2021-09-29,0.8526,0.911,0.8119,0.8629,300253.42036219,255001.66747159,
2021-09-30,0.863,0.8847,0.8211,0.8395,212734.36537289,182297.44278728,
2021-10-01,0.8426,0.9238,0.8079,0.9206,273160.76960621,237780.24996493,
2021-10-02,0.91781,0.99,0.8995,0.9321,413566.97965968,383151.42450104,
2021-10-03,0.9316,0.96659,0.9009,0.9344,130196.59638656,120720.45867925,
2021-10-04,0.935,0.9372,0.8809,0.9007,146766.95342951,132011.78782482,
2021-10-05,0.9008,0.90649,0.867,0.88739,277577.07289330,245686.51412363,
2021-10-06,0.8849,0.92,0.8383,0.8938,252066.41433543,221763.81112594,
2021-10-07,0.8901,1.10379,0.8692,0.9882,969842.26189748,962874.93039081,
2021-10-08,0.9882,1.007,0.9436,0.9791,278826.93185337,272018.56143008,
2021-10-09,0.9803,0.98579,0.9143,0.92339,101889.83502562,95743.30681178,
2021-10-10,0.92629,0.95559,0.8992,0.9389,176031.80841259,163976.41185721,
2021-10-11,0.9411,0.9772,0.939,0.9473,149533.71248281,143007.18355896,
2021-10-12,0.9484,0.9509,0.87,0.9101,365292.67412233,331581.45769437,
2021-10-13,0.91011,0.91759,0.845,0.8907,249399.19319869,220967.73963322,
2021-10-14,0.89509,0.9184,0.8761,0.88451,266591.97119828,238237.16341473,
2021-10-15,0.88411,0.91549,0.8715,0.91,337864.81595909,301145.19745821,
2021-10-16,0.9091,1.1856,0.894,1.0787,1478024.11383784,1558052.22857598,
2021-10-17,1.071,1.1919,1.0618,1.1068,931498.73511932,1042446.93723723,
2021-10-18,1.0972,1.17,1.05651,1.1414,566921.65028198,618147.80000455,
2021-10-19,1.1431,1.1741,1.052,1.1134,650307.24214689,712811.50360724,
2021-10-20,1.1153,1.1392,1.0645,1.06901,259847.13472493,285028.85101272,
2021-10-21,1.06911,1.15,0.968,1.076,1030784.47183979,1087056.70319305,
2021-10-22,1.0746,1.1166,1,1.00061,489587.70313441,505995.67919716,
2021-10-23,1.0081,1.0362,0.9625,0.9633,239077.99884815,238713.46685928,
2021-10-24,0.9636,0.9804,0.9454,0.95829,231915.37829824,223476.69683864,
2021-10-25,0.9595,0.9608,0.8765,0.8912,503096.91070949,464830.36032746,
2021-10-26,0.8892,0.9352,0.88801,0.895,457759.22418419,414459.48657422,
2021-10-27,0.8956,1.1412,0.8482,0.9549,717382.94708360,682898.08847521,
2021-10-28,0.9538,1.0922,0.9184,1.06,218133.72720140,216308.50034461,
2021-10-29,1.0601,1.0828,1.0301,1.06901,315814.35963527,332627.96299117,
2021-10-30,1.06901,1.0781,0.955,1.0445,576248.13004657,575721.33071878,
2021-10-31,1.0435,1.18,1.0304,1.0518,793167.65675006,875277.37867103,
2021-11-01,1.0527,1.0806,0.955,0.995,379582.37701853,379157.01916469,
2021-11-02,0.99869,1.42521,0.99321,1.39781,3085525.65453051,3899410.53110498,
2021-11-03,1.3978,1.4371,1.2511,1.39661,2026938.25850691,2702020.64319696,
2021-11-04,1.3935,1.53999,1.24641,1.3693,1560587.83126928,2149145.51373557,
2021-11-05,1.3693,1.4494,1.2672,1.4294,463996.39757445,626339.04466643,
2021-11-06,1.4243,1.5441,1.3313,1.544,288696.30655495,411506.53957462,
2021-11-07,1.5344,2.0827,1.4242,2.0761,957084.21825791,1706659.94459427,
2021-11-08,2.0819,2.5041,1.8382,2.0711,1794177.11718808,3976004.82633103,
2021-11-09,2.0694,2.3187,1.8344,2.1264,877307.53396503,1819073.79000498,
2021-11-10,2.1257,2.3692,1.8794,2.1417,749088.50055602,1556805.87907308,
2021-11-11,2.1401,3.7798,2.1009,2.8488,2444442.09848245,7360103.49129841,
2021-11-12,2.8489,3.4757,2.666,3.0324,1789861.07039812,5318515.25391968,
2021-11-13,3.0324,3.5937,2.744,3.3865,997433.81244637,3163800.54046717,
2021-11-14,3.3753,4.2615,3.1715,3.9889,851874.04920008,3195036.44909044,
2021-11-15,3.9852,5,3.8531,4.5694,2233264.09998781,10008009.09702038,
2021-11-16,4.5694,5.2669,3.8644,4.1239,1820978.41484649,8237482.97240957,
2021-11-17,4.1206,5.7528,3.922,5.42,1540288.46947457,7729530.47586520,
2021-11-18,5.4142,6.3517,4.7682,6.1353,2092912.20485468,12166209.66494014,
2021-11-19,6.1548,7.1234,5.251,6.7308,1508827.91862461,9249727.67098130,
2021-11-20,6.7308,8.4718,6.66,7.8364,1299826.35615456,9710407.34822798,
2021-11-21,7.8222,8.799,6.3618,6.3762,2042349.92795892,15490140.20152841,
2021-11-22,6.382,7.9628,6.0342,6.4266,2081591.79139286,14115984.83834575,
2021-11-23,6.426,7.6,6.1701,6.9901,1384075.29197103,9548898.91872765,
2021-11-24,6.98,7.1076,6.1,6.598,1344174.62505285,8871371.14087293,
2021-11-25,6.5966,7.5,6.2227,6.5109,1205373.97336462,8331441.59480284,
2021-11-26,6.5101,6.85,5.464,6.1047,1188584.47898194,7375726.27213533,
2021-11-27,6.1095,8.08,6.01,7.4454,3687261.49855092,26318860.70663919,
2021-11-28,7.4614,7.7928,6.1036,6.9456,1213607.53278975,8216858.66890478,
2021-11-29,6.9456,7.198,6.3357,6.7754,876492.43774662,5866774.36657841,
2021-11-30,6.777,6.8092,6.1815,6.25,449486.20741408,2900558.95531301,
2021-12-01,6.269,6.3522,5.1404,5.4003,1382240.58088452,7861138.23964455,
2021-12-02,5.4095,5.7391,4.9089,5.6134,1117735.92110887,5906176.98428132,
2021-12-03,5.6136,6.7214,4.8577,5.1052,1710754.30193913,10004519.48956192,
2021-12-04,5.1035,6.046,3.9,5.2689,1418067.82308644,6888229.62374634,
2021-12-05,5.2702,5.7542,4.38,4.853,520471.72671829,2645143.08112545,
2021-12-06,4.845,4.98,3.8887,4.9023,1438531.86467939,6225875.51864368,
2021-12-07,4.9022,5.0598,4.4067,4.4731,672046.65930193,3207791.37623325,
2021-12-08,4.4633,4.6278,4.2046,4.2401,520596.92487239,2310916.29563646,
2021-12-09,4.2452,4.4328,3.9008,3.91,832783.46182947,3462040.56642333,
2021-12-10,3.9115,4.1048,3.5,3.5075,858528.52074997,3257469.30120065,
2021-12-11,3.5045,3.8317,3.43,3.7897,555408.34871139,2042015.65179544,
2021-12-12,3.7897,5.43,3.7692,4.9653,2467667.67294064,11645433.07222865,
2021-12-13,4.9653,5.1,3.8115,4.0551,2207382.29880207,9480446.43532886,
2021-12-14,4.0639,4.36,3.7115,4.091,1164561.44195223,4647040.47011824,
2021-12-15,4.09,4.6,3.8,4.2536,1204861.82466568,4961346.34403517,
2021-12-16,4.2537,4.8389,4.1198,4.2807,1214570.32577832,5351848.31973745,
2021-12-17,4.2794,4.47,3.9105,4.1768,346719.20686862,1445436.31043177,
2021-12-18,4.1658,4.8201,4.0489,4.5049,831849.06874959,3727874.35217569,
2021-12-19,4.5111,4.975,4.2877,4.672,1380238.90938859,6461303.40156577,
2021-12-20,4.6663,4.8308,4.1709,4.474,774869.47849330,3504589.96031423,
2021-12-21,4.4747,6.2958,4.3468,5.5198,1395759.75011626,7704140.72514454,
2021-12-22,5.5187,6.5,5.5109,5.7249,3183470.74047016,19020618.23286845,
2021-12-23,5.7323,6.3366,5.6012,6.1336,1388643.02173259,8251095.17295639,
2021-12-24,6.1526,6.6598,5.5112,5.5625,1421711.93707939,8594065.03470344,
2021-12-25,5.5823,5.9033,5.5467,5.6115,721277.90503158,4116058.27608696,
2021-12-26,5.6155,5.6772,5.1239,5.4164,869520.42163995,4667493.33510609,
2021-12-27,5.4222,5.7395,5.1545,5.1583,865044.34198873,4708975.82355739,
2021-12-28,5.1616,5.3692,4.6937,4.8972,1010998.02485969,5097379.48448891,
2021-12-29,4.8946,5.0273,4.5101,4.6346,871562.86306669,4185856.76035337,
2021-12-30,4.6256,4.9193,4.5213,4.6101,834052.73666796,3885529.32928893,
2021-12-31,4.6103,5.0979,4.5249,4.6092,546585.40726894,2572813.23379162,
2022-01-01,4.5999,4.8085,4.3666,4.7917,525345.99469200,2417880.78383329,
2022-01-02,4.7913,4.8615,4.5212,4.5787,418724.31158515,1955101.81933186,
2022-01-03,4.576,5.4052,4.5116,5.2625,1452839.64220724,7303901.67014342,
2022-01-04,5.2625,5.4821,4.7691,4.8069,1549499.85778571,7802236.58404577,
2022-01-05,4.8069,5.1205,4.0271,4.2637,2064768.29130350,9775993.54193771,
2022-01-06,4.2671,4.3796,4.0654,4.1705,2176588.13820343,9120751.29490910,
2022-01-07,4.1705,4.1786,3.6458,3.6869,1630786.41434080,6312915.39161398,
2022-01-08,3.6838,3.849,3.4114,3.5806,1416927.26987868,5193672.57973273,
2022-01-09,3.5792,3.9931,3.4642,3.7523,1899100.35907356,7031226.63238263,
2022-01-10,3.7599,3.773,3.213,3.4993,1263248.39748193,4421209.51758095,
2022-01-11,3.4967,3.6028,3.2421,3.4732,1572483.50282240,5379597.22285743,
2022-01-12,3.4795,3.9961,3.4188,3.9764,1424679.70572811,5199123.42918429,
2022-01-13,3.9763,4.0698,3.5297,3.5466,2013470.34720145,7644792.89280664,
2022-01-14,3.5392,3.6141,3.3033,3.5252,2225504.39551894,7776315.87221681,
2022-01-15,3.5274,3.7788,3.4638,3.6283,1333597.49257446,4806534.93150026,
2022-01-16,3.6365,3.768,3.5383,3.5958,1173103.42073117,4257331.52775374,
2022-01-17,3.5922,3.63,3.1252,3.195,1408643.88790691,4660958.77481383,
2022-01-18,3.195,3.3205,2.878,2.9987,2238875.53072209,6790887.64556861,
2022-01-19,3.0023,3.1715,2.754,2.9714,2119129.24849127,6269510.19865125,
2022-01-20,2.9645,3.3667,2.8221,2.8328,2480203.84998180,7687050.34333209,
2022-01-21,2.8328,2.8974,2.2506,2.4173,5143523.58400723,13266867.87126760,
2022-01-22,2.4027,2.496,1.973025,2.1433,2073812.65743728,4664813.72582200,
2022-01-23,2.1432,2.3728,2.1,2.2458,2002333.17212328,4406421.50008208,
2022-01-24,2.2439,2.3374,1.7963,2.2734,4279875.21401708,8731726.24297896,
2022-01-25,2.2734,2.4266,2.1889,2.3016,4123174.09312713,9512900.46064072,
2022-01-26,2.3036,2.63,2.2464,2.4957,3441003.02715700,8313939.26901519,
2022-01-27,2.4957,2.6247,2.377,2.4837,2166600.08563948,5444414.73116824,
2022-01-28,2.4895,2.8535,2.4199,2.8324,1847235.22519121,4821575.31516903,
2022-01-29,2.834,3.2363,2.8325,3.1826,4254650.52747596,13056076.05244347,
2022-01-30,3.1864,3.7613,2.9443,3.0771,4045811.46542418,13721510.89153681,
2022-01-31,3.0801,3.6604,2.8319,3.4907,4392002.69395383,14443478.66410493,
2022-02-01,3.4952,4.0484,3.4255,3.7408,4457573.69311193,16650608.56516748,
2022-02-02,3.7473,4.25,3.2491,3.2652,7139246.67146331,26505332.49027220,
2022-02-03,3.2653,3.4893,3.1644,3.3638,5825350.86589036,19288581.46548780,
2022-02-04,3.359,3.6635,3.2475,3.6105,4981963.36779281,17238984.78647678,
2022-02-05,3.6106,4.0019,3.4953,3.7116,4478121.27125771,16918081.83825710,
2022-02-06,3.7134,3.85,3.4324,3.5769,2481969.01510006,9066703.14354099,
2022-02-07,3.5766,3.8471,3.4568,3.643,2443733.13528556,8995268.82385983,
2022-02-08,3.6433,3.7497,3.2071,3.3905,2149853.31943691,7342487.81299569,
2022-02-09,3.386,3.4918,3.2064,3.3287,2007352.38880366,6719138.76627631,
2022-02-10,3.3319,3.4763,3.025,3.0699,2617043.86279074,8473807.35467222,
2022-02-11,3.0727,3.1538,2.5945,2.6768,2519406.80775776,7456409.62575928,
2022-02-12,2.6746,2.7793,2.5284,2.6945,2322260.29883792,6168816.06067816,
2022-02-13,2.6874,2.968,2.5617,2.5647,3033847.64431827,8461302.53360283,
2022-02-14,2.5684,2.8944,2.5268,2.8314,1779729.81076455,4851129.19083080,
2022-02-15,2.8314,3.2726,2.8306,3.2488,3224998.50305890,9914300.46742286,
2022-02-16,3.2537,3.8394,2.9935,3.204,4925664.48402646,16148069.30242328,
2022-02-17,3.2032,3.3453,2.7261,2.7962,2654420.82144533,8002801.34804352,
2022-02-18,2.7904,2.9822,2.6709,2.696,2096349.59097500,5930111.06114520,
2022-02-19,2.6952,2.7849,2.531,2.6137,851606.81728002,2252856.18310576,
2022-02-20,2.6147,2.6148,2.35,2.4629,1232948.27825593,3019168.68779952,
2022-02-21,2.4654,2.8753,2.3265,2.3659,2740819.55061168,7227657.25415836,
2022-02-22,2.3645,2.5013,2.2201,2.4612,1895725.70592942,4498815.29922014,
2022-02-23,2.462,2.6425,2.3414,2.353,2507124.72277346,6361037.45991491,
2022-02-24,2.3477,2.3771,2,2.3425,4290281.44547711,9472449.57931049,
2022-02-25,2.3406,2.5901,2.3162,2.5823,2147498.89165160,5169095.84698049,
2022-02-26,2.5818,2.7116,2.4469,2.4585,1038147.63117621,2691813.98529429,
2022-02-27,2.4562,2.54,2.3346,2.3797,1656407.45493863,4047523.11041595,
2022-02-28,2.3776,2.6877,2.3566,2.6776,1238822.38412505,3078886.52285883,
2022-03-01,2.6776,2.9919,2.5373,2.9748,3032118.41601397,8477909.83721705,
2022-03-02,2.9751,3.3258,2.8655,2.8951,8488065.56406701,26233858.32337604,
2022-03-03,2.8932,2.932,2.6863,2.7466,1740631.02209428,4930150.08175567,
2022-03-04,2.7488,2.7543,2.4852,2.5025,599397.72329129,1561459.21873342,
2022-03-05,2.5017,2.6916,2.4749,2.6159,424812.79991368,1106967.71828269,
2022-03-06,2.6213,2.6404,2.4819,2.5337,472896.00230164,1200410.29890988,
2022-03-07,2.5307,2.5947,2.4196,2.4884,1090966.15797620,2718007.39683711,
2022-03-08,2.4884,2.56,2.4414,2.5053,406825.39309079,1015675.32151222,
2022-03-09,2.503,2.7649,2.5022,2.6507,712131.07687298,1904701.58742160,
2022-03-10,2.6497,2.6529,2.48,2.5066,1603357.42256668,4039082.05615742,
2022-03-11,2.5061,2.556,2.3537,2.3838,1622981.62952245,4020919.88617928,
2022-03-12,2.3833,2.4177,2.3532,2.3544,203203.72116670,484100.23006857,
2022-03-13,2.354,2.4019,2.2501,2.2617,482576.56408287,1130197.88265360,
2022-03-14,2.2571,2.3246,2.2469,2.3203,422490.63043256,959908.51368272,
2022-03-15,2.3217,2.3548,2.2436,2.3315,446010.51828586,1028327.54445693,
2022-03-16,2.3331,2.5303,2.2703,2.495,1505756.11233452,3623809.50609412,
2022-03-17,2.4958,2.58,2.4147,2.4183,334996.90076300,837910.53650577,
2022-03-18,2.4192,2.5739,2.345,2.5528,1001832.17404504,2464104.91097625,
2022-03-19,2.5528,3.0789,2.5364,2.7087,978117.24162489,2734321.97728662,
2022-03-20,2.709,2.7806,2.5094,2.6037,359843.94995347,951919.06808911,
2022-03-21,2.6039,2.7657,2.5423,2.6621,297514.53424691,790584.57853288,
2022-03-22,2.6583,2.9048,2.6259,2.814,496109.09993767,1376684.91117798,
2022-03-23,2.8163,2.8709,2.719,2.8141,590134.16424117,1640755.43656476,
2022-03-24,2.81,2.9475,2.7912,2.8382,258420.61314073,738835.35515494,
2022-03-25,2.8412,2.92,2.7386,2.7436,242268.84275159,681447.05083773,
2022-03-26,2.744,2.7468,2.6489,2.7081,200031.25603303,535589.13044342,
2022-03-27,2.7086,2.816,2.6021,2.8028,209660.70916923,564793.96601908,
2022-03-28,2.7991,3.1104,2.7694,2.9371,409323.07236928,1222738.17899699,
2022-03-29,2.9372,3.1298,2.8596,2.9393,376521.76799831,1132595.55675551,
2022-03-30,2.9324,3.0387,2.8448,3.0008,167893.28300846,498675.00736080,
2022-03-31,2.9979,3.2586,2.9003,2.9277,822918.66475883,2526745.31998975,
2022-04-01,2.9175,3.0943,2.8129,2.9524,727488.58836227,2197778.01055669,
2022-04-02,2.9525,3.2407,2.9387,3.0457,1558442.86635827,4910000.21772474,
2022-04-03,3.047,3.1638,3.0096,3.0601,323582.96555390,998682.52953800,
2022-04-04,3.0614,3.0627,2.7256,2.904,369784.95844982,1075660.67819440,
2022-04-05,2.903,2.9752,2.7803,2.8097,238201.29851882,683921.50418040,
2022-04-06,2.8096,2.8096,2.495,2.4969,1121235.47552255,2885924.81273338,
2022-04-07,2.503,2.6536,2.4617,2.5873,315706.89181937,811183.21414220,
2022-04-08,2.5867,2.6103,2.4253,2.4386,449869.63956280,1124754.02439844,
2022-04-09,2.4412,2.5116,2.4034,2.5086,163631.64348025,403508.58104487,
2022-04-10,2.5048,2.5747,2.4487,2.4584,263204.76022822,653190.64640300,
2022-04-11,2.4622,2.468,1.9947,2.0692,557768.24226590,1234766.37088125,
2022-04-12,2.0738,2.1597,1.9901,2.05,742840.63373681,1531231.44051818,
2022-04-13,2.05,2.1163,1.9859,2.1077,392868.93119764,808866.50436572,
2022-04-14,2.1099,2.1275,1.9543,2.0149,633809.96503283,1288968.13077644,
2022-04-15,2.0113,2.0635,2.0009,2.0339,141468.36815894,287064.40356003,
2022-04-16,2.0338,2.0453,2.0041,2.0062,100483.61015686,202926.46247248,
2022-04-17,2.0033,2.0481,1.9753,2.0036,601851.24701750,1213860.92949164,
2022-04-18,2.0033,2.0397,1.8814,2.0072,1008052.88793666,1953831.40154590,
2022-04-19,2.0068,2.1703,2.0047,2.1448,820752.19986525,1716819.70962923,
2022-04-20,2.14,2.205,2.0248,2.0514,570783.94365757,1200225.87353928,
2022-04-21,2.0524,2.1262,1.9095,1.9134,898456.46809447,1785126.88070148,
2022-04-22,1.9134,1.9694,1.8481,1.9354,564586.51242979,1082857.71414691,
2022-04-23,1.9339,1.9388,1.8527,1.8586,185225.49130284,351001.46160271,
2022-04-24,1.8632,1.8896,1.7688,1.7725,120615.91554193,219783.24924953,
2022-04-25,1.773,1.7959,1.5664,1.73,488703.38191963,827799.22251508,
2022-04-26,1.7323,1.7455,1.4796,1.4994,2016069.71654827,3112760.66538711,
2022-04-27,1.498,1.5558,1.4378,1.4841,189252.24803353,283527.42611363,
2022-04-28,1.4827,1.618,1.4798,1.5654,464330.84542872,718329.15933852,
2022-04-29,1.5635,1.5995,1.3713,1.3925,255570.41640309,376548.24235526,
2022-04-30,1.396,1.4195,1.2003,1.2125,224552.55488543,293293.50920621,
2022-05-01,1.2108,1.7848,1.2108,1.5933,1876419.42123329,2920448.00503324,
2022-05-02,1.5974,1.9083,1.5229,1.6983,6179129.69956193,10269510.55071326,
2022-05-03,1.695,1.7659,1.4716,1.4959,1678077.22468204,2607061.87574124,
2022-05-04,1.4948,1.8066,1.4904,1.741,1084430.60942917,1735881.16651681,
2022-05-05,1.7424,1.8885,1.48,1.6082,1745322.32721883,2843775.42607386,
2022-05-06,1.6088,1.6199,1.4608,1.5081,785721.59502112,1201335.59853304,
2022-05-07,1.5092,1.5122,1.2925,1.3406,420704.05209544,595573.79570906,
2022-05-08,1.342,1.3619,1.2816,1.2952,482274.27479798,636270.96000735,
2022-05-09,1.2956,1.3189,1.0634,1.121,5077150.11219486,5992316.12914580,
2022-05-10,1.12,1.263,1.0668,1.1646,3328138.12147847,3934990.68966588,
2022-05-11,1.1613,1.1917,0.7186,0.8147,2238302.92318026,1998176.42182525,
2022-05-12,0.8168,0.8613,0.6108,0.7858,4372828.75497023,3206736.47613539,
2022-05-13,0.7848,1.0841,0.7838,0.8581,1567871.09836944,1443644.51977237,
2022-05-14,0.8595,0.9056,0.7465,0.862,1439702.82996629,1243857.41408349,
2022-05-15,0.861,0.9492,0.7987,0.9467,469465.99101877,406776.18639918,
2022-05-16,0.9459,1.09,0.8322,0.9637,649883.29514807,609985.51223797,
2022-05-17,0.9643,1.1067,0.9092,0.9839,772312.93795903,771499.60683903,
2022-05-18,0.9835,0.9975,0.8239,0.8274,541224.14132147,486077.04669908,
2022-05-19,0.83,0.9362,0.8178,0.9238,427337.61546422,371104.27689633,
2022-05-20,0.9231,0.9479,0.8518,0.8719,368820.75465813,332580.66640676,
2022-05-21,0.8718,0.9304,0.8534,0.8951,200906.06524720,179910.88587561,
2022-05-22,0.8954,0.9403,0.8664,0.9012,230732.40636775,207397.10240187,
2022-05-23,0.8998,0.9572,0.8487,0.8571,482897.57400253,442087.36651873,
2022-05-24,0.8583,0.9164,0.8261,0.9157,458809.93588190,397650.57938424,
2022-05-25,0.9177,0.9275,0.8647,0.8651,317048.08313705,282489.11238817,
2022-05-26,0.8664,0.8814,0.7404,0.7431,483246.57041550,387619.59459017,
2022-05-27,0.742,0.767,0.6754,0.6943,544528.26203827,392635.18526466,
2022-05-28,0.6949,0.7293,0.6856,0.7102,179887.36116094,128299.52965320,
2022-05-29,0.709,0.7253,0.6806,0.714,194731.44343416,137058.46867605,
2022-05-30,0.7145,0.8675,0.7075,0.8396,2827044.09687091,2355161.35048170,
2022-05-31,0.839,0.9156,0.7901,0.8508,5334842.68681841,4584734.78371620,
2022-06-01,0.851,0.8556,0.7233,0.7416,5121652.43817560,4093631.98349672,
2022-06-02,0.7413,0.7749,0.7237,0.7712,2263216.48589897,1687376.48411578,
2022-06-03,0.7712,0.7716,0.7062,0.7144,1779688.81970977,1294848.39211085,
2022-06-04,0.7141,0.7306,0.6928,0.7236,903980.37704200,644282.83223028,
2022-06-05,0.7241,0.7258,0.6779,0.7181,795508.56667327,563062.31766947,
2022-06-06,0.7186,0.7949,0.6819,0.7097,3077659.66919164,2229785.26760950,
2022-06-07,0.7096,0.7505,0.6534,0.7045,2815467.27256982,1960695.62983788,
2022-06-08,0.7043,0.7205,0.6825,0.6843,1828291.28123830,1278863.18525731,
2022-06-09,0.6849,0.7161,0.67,0.695,1359379.20402108,940248.23864548,
2022-06-10,0.6942,0.7095,0.6113,0.6197,3324682.64390316,2174182.01957198,
2022-06-11,0.6197,0.6338,0.5466,0.5611,1715828.68485130,997800.68659598,
2022-06-12,0.5617,0.5811,0.4914,0.5119,3695875.94364370,1961141.53856149,
2022-06-13,0.5135,0.5524,0.3594,0.4039,19530261.68797472,8427884.96910198,
2022-06-14,0.4038,0.4498,0.3611,0.3834,8395529.58124304,3376187.90980075,
2022-06-15,0.3835,0.4243,0.3245,0.4112,7331463.74492139,2653963.01489661,
2022-06-16,0.4102,0.4184,0.3306,0.3404,5990830.85851575,2189785.90798027,
2022-06-17,0.3404,0.3695,0.3368,0.3445,4251077.30684858,1489273.22622754,
2022-06-18,0.3441,0.3625,0.2737,0.3232,4985038.71506427,1536213.57979845,
2022-06-19,0.3236,0.5696,0.2949,0.4312,15307002.70876171,6286160.11971466,
2022-06-20,0.4311,0.5414,0.4212,0.4334,23757065.09121060,11171132.31782769,
2022-06-21,0.4333,0.5041,0.4158,0.4379,14682304.74615052,6835939.97508771,
2022-06-22,0.4385,0.55,0.4131,0.4914,14087304.90338593,6833605.56360722,
2022-06-23,0.4927,0.6179,0.4913,0.5554,10798629.58232361,6010725.38781556,
2022-06-24,0.5556,0.6199,0.5314,0.5578,6340797.88654728,3667273.08684008,
2022-06-25,0.5578,0.5752,0.5103,0.5426,3326117.89724659,1798702.31015801,
2022-06-26,0.5434,0.5545,0.4764,0.4793,3163750.65206846,1657552.01621486,
2022-06-27,0.4793,0.5454,0.4703,0.4819,3631145.65282384,1813919.47537057,
2022-06-28,0.4838,0.7052,0.4822,0.605,19286265.84913725,11630552.44109353,
2022-06-29,0.6055,0.6356,0.5542,0.5869,6842382.14763240,4054780.17339844,
2022-06-30,0.5861,0.5861,0.4866,0.5291,4240490.96672492,2192563.07798705,
2022-07-01,0.529,0.5473,0.4796,0.4899,4990537.53638976,2533877.67039172,
2022-07-02,0.489,0.5757,0.4561,0.5116,4249844.88902749,2133223.57322852,
2022-07-03,0.5122,0.5278,0.4907,0.5107,3622272.11374190,1836466.79105877,
2022-07-04,0.5109,0.5314,0.4869,0.526,3977686.40159364,2032439.04265537,
2022-07-05,0.526,0.5298,0.4802,0.5018,4456675.65451789,2241242.84597422,
2022-07-06,0.5017,0.5249,0.4905,0.5142,2473588.86389355,1259748.86676104,
2022-07-07,0.5139,0.5808,0.5059,0.549,4929237.99263201,2706917.22016167,
2022-07-08,0.5496,0.5777,0.5043,0.5131,2282409.20087305,1213864.80504594,
2022-07-09,0.5124,0.5386,0.5108,0.5223,1351654.93516891,705874.47189262,
2022-07-10,0.5219,0.5282,0.4894,0.5011,667504.21697975,336988.55431633,
2022-07-11,0.5005,0.5291,0.482,0.4953,1391603.34424969,708786.95835621,
2022-07-12,0.4957,0.505,0.4627,0.4641,530171.74954733,257576.34483317,
2022-07-13,0.4645,0.5021,0.4354,0.5005,407503.28858077,190052.53640193,
2022-07-14,0.4985,0.509,0.469,0.5074,586201.03393147,286809.46469754,
2022-07-15,0.5086,0.5486,0.4906,0.5188,629690.77528523,325467.02839423,
2022-07-16,0.5192,0.5395,0.4989,0.5294,622260.15914065,325984.28685790,
2022-07-17,0.5312,0.5508,0.509,0.5144,372330.06370833,197478.57164741,
2022-07-18,0.5155,0.5973,0.5155,0.5866,756344.88185729,430444.59253859,
2022-07-19,0.5856,0.6574,0.5539,0.6196,2190409.54443264,1341587.15075712,
2022-07-20,0.6198,0.6371,0.5552,0.5599,1463572.92928002,872743.56230083,
2022-07-21,0.5592,0.5852,0.5377,0.5666,583326.10569716,326004.33333670,
2022-07-22,0.5664,0.6029,0.5445,0.5466,678805.87672963,392015.53512584,
2022-07-23,0.546,0.5896,0.5375,0.5621,879928.14519274,491728.50249629,
2022-07-24,0.5628,0.6528,0.5577,0.6048,1780961.36787801,1094878.86911916,
2022-07-25,0.6058,0.6058,0.5493,0.5497,582762.43527046,340327.18808329,
2022-07-26,0.5502,0.5569,0.5102,0.5388,578852.78408796,307239.36007805,
2022-07-27,0.5392,0.588,0.5272,0.5785,1378505.10951643,777730.08711917,
2022-07-28,0.5787,0.6229,0.5696,0.5972,1554224.31141517,922615.65696783,
2022-07-29,0.5962,0.6428,0.5753,0.6042,1858611.63923293,1126993.50342985,
2022-07-30,0.6046,0.6434,0.5924,0.5998,877653.16465399,543474.74529945,
2022-07-31,0.5988,0.8574,0.5962,0.7248,7251963.14897111,5332238.62085483,
2022-08-01,0.7239,0.76,0.6574,0.7073,3175934.38486477,2202921.83159311,
2022-08-02,0.7071,0.7221,0.6316,0.6849,2499563.16177530,1711799.34720878,
2022-08-03,0.686,0.7565,0.6613,0.7072,935779.49279789,669188.54352606,
2022-08-04,0.7072,0.7271,0.6649,0.6841,832737.36555609,572521.64881477,
2022-08-05,0.6861,0.8113,0.6844,0.766,2056130.49228369,1532581.09454410,
2022-08-06,0.7657,0.767,0.7241,0.7285,581530.97220040,431968.92787248,
2022-08-07,0.7288,0.7638,0.7119,0.743,666710.02123760,491854.35857470,
2022-08-08,0.7436,0.8402,0.7417,0.7638,1522378.24302159,1189959.45594669,
2022-08-09,0.7623,0.7677,0.6922,0.7055,1427980.78641578,1026637.73370831,
2022-08-10,0.7054,0.7746,0.6764,0.7241,1526300.90294606,1102883.26128320,
2022-08-11,0.7234,0.7589,0.6964,0.7056,524476.53097319,383467.95532316,
2022-08-12,0.706,0.7303,0.6926,0.7281,448592.32310744,320623.14965289,
2022-08-13,0.7278,0.7962,0.7164,0.7924,1086978.18406528,828023.00658697,
2022-08-14,0.7926,0.798,0.7185,0.7219,1103419.69291503,840715.38898538,
2022-08-15,0.7223,0.7445,0.6752,0.6857,516234.83524926,363221.04804993,
2022-08-16,0.6874,0.6994,0.6561,0.667,426981.39152676,290225.69045755,
2022-08-17,0.668,0.71,0.6251,0.6419,1092377.51918085,712881.66563245,
2022-08-18,0.6421,0.6586,0.6037,0.6123,774612.68552525,494378.40485068,
2022-08-19,0.611,0.6116,0.547,0.5533,1499204.16231603,860144.22551080,
2022-08-20,0.555,0.5714,0.5282,0.5455,234393.79606746,129912.17844100,
2022-08-21,0.5463,0.6869,0.5423,0.6067,3086493.23870616,1961537.56031233,
2022-08-22,0.6064,0.6452,0.5877,0.6112,2279078.14840361,1379791.35138182,
2022-08-23,0.6097,0.618,0.5816,0.6031,1400838.67908312,845620.46624351,
2022-08-24,0.6027,0.6153,0.5696,0.5795,1858311.64357760,1095908.91469694,
2022-08-25,0.579,0.6018,0.569,0.574,548218.24214837,320686.47454874,
2022-08-26,0.5734,0.5819,0.5022,0.5166,1581515.66796182,852754.95858515,
2022-08-27,0.5161,0.574,0.4936,0.5171,1919075.04026169,1002270.81881455,
2022-08-28,0.5178,0.574,0.5033,0.5066,1585033.06802803,845072.62497347,
2022-08-29,0.5073,0.5564,0.5021,0.544,1382521.02452740,735180.13970611,
2022-08-30,0.5432,0.5491,0.5057,0.5228,849813.82786201,448056.37315766,
2022-08-31,0.5236,0.5418,0.5103,0.5136,761149.07620931,400616.69063522,
2022-09-01,0.5132,0.5263,0.4981,0.5235,987741.96856334,504419.37102607,
2022-09-02,0.523,0.5415,0.5069,0.5209,1292591.36606027,675727.64119250,
2022-09-03,0.5198,0.5223,0.5,0.5096,389653.88598325,199278.32434483,
2022-09-04,0.5094,0.5206,0.4964,0.5162,432951.57802200,221298.74813240,
2022-09-05,0.518,0.5228,0.4741,0.4999,1807939.64788630,891591.19950604,
2022-09-06,0.5001,0.5082,0.4666,0.4691,1279115.76474519,628963.14628433,
2022-09-07,0.4695,0.5205,0.4578,0.506,1141745.47458635,567102.29884207,
2022-09-08,0.5083,0.6796,0.4894,0.5508,5624993.80335871,3146504.55518099,
2022-09-09,0.551,0.5719,0.5333,0.5651,1916345.18851191,1059372.97507498,
2022-09-10,0.5645,0.6408,0.558,0.5822,2311638.55881911,1363025.55847071,
2022-09-11,0.5825,0.6034,0.5514,0.5648,1392400.31702000,805785.96502956,
2022-09-12,0.5642,0.5988,0.5368,0.5692,1480694.20230014,839875.05947471,
2022-09-13,0.5705,0.5706,0.507,0.5079,1156188.31777483,618186.12428358,
2022-09-14,0.5079,0.5313,0.5014,0.5135,567732.85436955,293861.75604464,
2022-09-15,0.5136,0.5172,0.4859,0.4994,482251.48451427,242582.52503256,
2022-09-16,0.5005,0.5011,0.4154,0.4649,4409894.92183206,1952861.93722085,
2022-09-17,0.4649,0.5212,0.4558,0.4832,2124530.12676966,1013618.05945165,
2022-09-18,0.4837,0.4837,0.4291,0.4372,507801.90657886,230970.29252256,
2022-09-19,0.4375,0.48,0.4267,0.45,2043047.98741855,917438.24738066,
2022-09-20,0.4503,0.5029,0.4439,0.4612,3043597.77031195,1428008.55509908,
2022-09-21,0.4604,0.4905,0.4481,0.4584,3505369.83805750,1642153.26541799,
2022-09-22,0.458,0.4784,0.4567,0.4743,1467585.27971932,687146.93596510,
2022-09-23,0.4745,0.4896,0.4615,0.4792,1437050.91928280,686653.83423518,
2022-09-24,0.4798,0.4839,0.4561,0.4574,846928.66231981,401710.64598877,
2022-09-25,0.458,0.4798,0.458,0.4611,1024254.55857741,480109.88858388,
2022-09-26,0.4609,0.498,0.4553,0.4863,2261304.69870007,1076823.81904551,
2022-09-27,0.4855,0.5023,0.4704,0.4768,1832731.94397170,897700.08585066,
2022-09-28,0.4767,0.4801,0.456,0.4738,1479097.17677764,691450.36179102,
2022-09-29,0.4742,0.4781,0.4587,0.4672,1192092.96450975,557895.84099547,
2022-09-30,0.4676,0.473,0.4553,0.4611,1433460.91850265,665634.42881879,
2022-10-01,0.4613,0.4656,0.4531,0.4612,408832.10996707,187913.22397042,
2022-10-02,0.4611,0.4689,0.4469,0.451,703611.47643371,322244.55758040,
2022-10-03,0.451,0.4603,0.4448,0.4579,1031283.69299320,466598.98254628,
2022-10-04,0.4576,0.5847,0.4548,0.5149,11045496.83640488,5825977.93590140,
2022-10-05,0.5134,0.539,0.4836,0.4921,4605372.34732467,2331560.96118205,
2022-10-06,0.4921,0.5026,0.476,0.4783,1324221.66820748,646384.26527039,
2022-10-07,0.4784,0.4823,0.4636,0.4695,1088799.55495478,514033.87210862,
2022-10-08,0.4693,0.4696,0.4505,0.4561,733596.07802496,336066.20544218,
2022-10-09,0.456,0.4858,0.4554,0.4659,1703468.66931139,798750.41853880,
2022-10-10,0.4659,0.4684,0.448,0.4486,806785.03417817,369574.87170100,
2022-10-11,0.4484,0.4484,0.4217,0.4223,1604685.38623971,693988.35828664,
2022-10-12,0.4226,0.4295,0.4107,0.4147,1219158.21428873,512259.42324445,
2022-10-13,0.4146,0.4169,0.3698,0.4105,3627076.86962971,1430259.41913898,
2022-10-14,0.4102,0.4273,0.3962,0.3997,1448768.97555014,593859.98444872,
2022-10-15,0.3995,0.4357,0.3906,0.4134,2471344.57213097,1018235.07939069,
2022-10-16,0.4134,0.4753,0.4129,0.4342,4857211.38665024,2142617.15531122,
2022-10-17,0.4343,0.4405,0.4215,0.4266,1048919.48430451,450351.09820346,
2022-10-18,0.4269,0.4316,0.4098,0.4244,1434370.91163533,605710.97669564,
2022-10-19,0.4247,0.4551,0.4138,0.4245,2394586.43091662,1038479.21328880,
2022-10-20,0.4246,0.4584,0.4166,0.4207,3359795.68914276,1474194.53243876,
2022-10-21,0.42,0.4381,0.405,0.435,1537735.43320628,647314.38307398,
2022-10-22,0.4352,0.5157,0.4337,0.4509,3952855.59246883,1855093.09217452,
2022-10-23,0.451,0.5029,0.4493,0.4714,4866950.09221954,2274626.50054206,
2022-10-24,0.4713,0.5342,0.4713,0.5162,5535219.81521199,2803814.10108728,
2022-10-25,0.5149,0.5413,0.5027,0.5276,3180423.01946874,1660385.67719701,
2022-10-26,0.5281,0.5567,0.5204,0.5315,1920914.70180134,1027041.73147063,
2022-10-27,0.5316,0.5394,0.4914,0.5047,1870114.62284212,967492.99059252,
2022-10-28,0.5046,0.562,0.5014,0.5472,2083298.19598967,1108791.58769798,
2022-10-29,0.5468,0.5648,0.5324,0.5469,1730481.98933566,949442.20719974,
2022-10-30,0.5468,0.5728,0.5358,0.5698,2216881.57738048,1237374.93125028,
2022-10-31,0.5698,0.6212,0.5681,0.6077,3331103.67348602,1990961.51065551,
2022-11-01,0.6092,0.6779,0.5884,0.6609,4397194.23518400,2759530.14269547,
2022-11-02,0.6632,0.946,0.6591,0.7715,16575369.67239665,13128147.94735549,
2022-11-03,0.7695,0.8846,0.7311,0.7416,7460273.14891778,5895960.72588278,
2022-11-04,0.7416,0.7931,0.6952,0.7406,3842940.71695187,2821574.92898028,
2022-11-05,0.7409,0.9546,0.7334,0.9022,9204701.30640948,7983991.60418677,
2022-11-06,0.9016,1.1722,0.8898,0.9178,12982334.24342115,13220318.91885864,
2022-11-07,0.9171,0.9816,0.7657,0.8017,8223652.23773300,7184410.91423609,
2022-11-08,0.8014,0.809,0.5217,0.6053,15926064.11476649,10652003.76856694,
2022-11-09,0.6041,0.6061,0.3919,0.4347,15831257.44217060,7920858.25269056,
2022-11-10,0.4345,0.728,0.4249,0.5923,22193867.89102917,12309533.31154236,
2022-11-11,0.5924,0.6518,0.506,0.5451,9813698.54458740,5637532.32330588,
2022-11-12,0.5443,0.5451,0.4815,0.5032,3657391.46604330,1873879.10916272,
2022-11-13,0.5011,0.5961,0.4749,0.4752,5011287.36381527,2617667.94890710,
2022-11-14,0.4743,0.5269,0.4597,0.5007,2701009.70763875,1325547.61427449,
2022-11-15,0.5012,0.5218,0.4851,0.4922,1436047.83856395,723515.91059830,
2022-11-16,0.4918,0.5138,0.4699,0.4773,1443598.03951259,703325.95092755,
2022-11-17,0.4772,0.4914,0.4707,0.4741,945035.01741035,452429.61161856,
2022-11-18,0.4743,0.4909,0.4703,0.4765,929173.55175448,446608.62684829,
2022-11-19,0.4766,0.4785,0.4572,0.4649,861977.95102626,399870.28345242,
2022-11-20,0.465,0.494,0.4323,0.4334,1772337.60290760,833229.91691394,
2022-11-21,0.4336,0.4465,0.4064,0.4189,2053432.20170615,878520.64669494,
2022-11-22,0.42,0.4348,0.4,0.4284,1507001.96243798,632503.72327675,
2022-11-23,0.429,0.4723,0.429,0.4664,2853349.20920460,1290346.95881411,
2022-11-24,0.4676,0.478,0.4415,0.4522,1638337.20049495,747318.04271793,
2022-11-25,0.4514,0.4631,0.4311,0.4447,1410635.49135167,631228.70688894,
2022-11-26,0.4447,0.5371,0.4443,0.5089,4690031.66427692,2304658.41956031,
2022-11-27,0.5091,0.5668,0.5016,0.5066,5426150.42728755,2856229.69921373,
2022-11-28,0.508,0.5097,0.4657,0.4691,1922296.59693310,919671.61129527,
2022-11-29,0.47,0.4945,0.4463,0.473,1730832.34199968,820180.86376841,
2022-11-30,0.4755,0.4995,0.4692,0.4937,1870460.10498353,909651.23217187,
2022-12-01,0.493,0.4965,0.4755,0.4759,870282.13738146,422207.12365302,
2022-12-02,0.4763,0.4902,0.4727,0.4828,630028.57690546,303870.04049235,
2022-12-03,0.4833,0.5263,0.4824,0.5104,1780202.36218644,893533.67442238,
2022-12-04,0.5104,0.5473,0.5014,0.5144,1734532.72249886,901356.22702111,
2022-12-05,0.5136,0.5351,0.4785,0.4925,1201678.15496021,618848.50490587,
2022-12-06,0.4922,0.5229,0.479,0.5156,390598.00835718,194234.93969548,
2022-12-07,0.516,0.5264,0.4842,0.503,897744.19458889,454870.66348282,
2022-12-08,0.503,0.5323,0.4897,0.5314,1984527.35892258,1019661.25415754,
2022-12-09,0.532,0.5513,0.5056,0.5157,1536100.79417372,808955.14908209,
2022-12-10,0.5177,0.5347,0.5036,0.5203,815946.84669392,420172.90254587,
2022-12-11,0.5209,0.5284,0.4948,0.4995,652302.59457057,336388.21040778,
2022-12-12,0.4987,0.5102,0.4867,0.5072,314427.85160052,155624.61273728,
2022-12-13,0.5075,0.5363,0.4889,0.5179,690023.46067646,355922.51692027,
2022-12-14,0.5174,0.5242,0.4984,0.502,564993.70228702,290195.11918948,
2022-12-15,0.5021,0.5054,0.491,0.4966,426640.15830532,212253.22425002,
2022-12-16,0.497,0.5101,0.4287,0.435,714292.08005043,343511.34909282,
2022-12-17,0.435,0.4539,0.4306,0.4486,457275.49517763,202507.87931200,
2022-12-18,0.4486,0.452,0.4414,0.4489,223769.26937365,100034.16148717,
2022-12-19,0.4492,0.4525,0.409,0.4207,378053.44210063,165265.31311178,
2022-12-20,0.4207,0.4402,0.4164,0.4305,223491.33618682,96283.34056702,
2022-12-21,0.4309,0.432,0.4099,0.4142,250916.67085930,104925.10162380,
2022-12-22,0.415,0.445,0.4111,0.4279,508515.74887630,217531.38855098,
2022-12-23,0.428,0.4496,0.4273,0.428,363052.14659617,158028.25580220,
2022-12-24,0.4286,0.4313,0.423,0.4232,157157.09879844,67185.84069883,
2022-12-25,0.4229,0.4277,0.4085,0.4111,149833.61057401,63129.18561647,
2022-12-26,0.4126,0.42,0.4105,0.4176,78840.89257245,32807.15085184,
2022-12-27,0.4183,0.4216,0.4088,0.4172,200481.37090563,83496.80614532,
2022-12-28,0.4172,0.4583,0.4053,0.4214,1011096.09682175,441609.97311666,
2022-12-29,0.4215,0.4363,0.403,0.4033,443100.54613170,187585.64201288,
2022-12-30,0.404,0.41,0.3983,0.4064,244157.05418238,98563.69951085,
2022-12-31,0.4069,0.4125,0.4,0.4023,140871.24902073,57048.06506913,
2023-01-01,0.4023,0.4089,0.4005,0.4043,99659.79904784,40128.98101481,
2023-01-02,0.4039,0.4165,0.402,0.4132,127309.61883300,52358.50731314,
2023-01-03,0.4128,0.4185,0.4032,0.409,115568.14959220,47626.15628912,
2023-01-04,0.4094,0.4249,0.4004,0.4132,253016.10443416,104639.68966477,
2023-01-05,0.4135,0.435,0.4092,0.4174,347089.11539797,146059.44717314,
2023-01-06,0.4172,0.4212,0.4044,0.4192,237131.90341022,98060.03257847,
2023-01-07,0.42,0.4318,0.4075,0.4099,488139.45936970,205466.28731017,
2023-01-08,0.4103,0.4358,0.4074,0.4357,392229.19728197,164105.92429912,
2023-01-09,0.4356,0.4577,0.4282,0.4483,662509.03086446,293249.00680844,
2023-01-10,0.4477,0.4672,0.4354,0.4527,536676.24185158,240614.06862983,
2023-01-11,0.453,0.4595,0.4354,0.4518,356865.31690225,159322.27133803,
2023-01-12,0.4517,0.4748,0.4369,0.4556,600169.60741394,273153.98548134,
2023-01-13,0.4562,0.5552,0.4544,0.5425,2474646.49122870,1287560.17288549,
2023-01-14,0.5408,0.6078,0.5172,0.5597,2013672.59003328,1116041.81747890,
2023-01-15,0.5597,0.6059,0.5115,0.5695,1364359.17149774,752202.14625462,
2023-01-16,0.5723,0.6289,0.5596,0.613,1726479.45407900,1032925.98898976,
2023-01-17,0.6128,0.6141,0.573,0.5753,1145199.07730626,677730.29356391,
2023-01-18,0.5761,0.5971,0.5225,0.5368,1637002.52051331,920789.40254695,
2023-01-19,0.5364,0.571,0.5283,0.5686,1229457.56543558,677629.24962536,
2023-01-20,0.5686,0.741,0.5581,0.6986,2478904.24556639,1584138.96796118,
2023-01-21,0.6989,0.7396,0.666,0.666,1680116.73547190,1186976.83716346,
2023-01-22,0.6656,0.7127,0.6463,0.691,2045549.17467966,1388346.41159128,
2023-01-23,0.6921,0.8934,0.6802,0.8547,4110192.14092515,3228085.55403971,
2023-01-24,0.8565,0.895,0.7622,0.7727,2294379.40219171,1892336.08162409,
2023-01-25,0.7733,0.9389,0.7677,0.8644,1880571.06262020,1599227.38355397,
2023-01-26,0.8667,0.9356,0.8517,0.8813,1509959.34334815,1350065.36554085,
2023-01-27,0.8819,0.8976,0.8088,0.8646,2122140.87089382,1807670.88367093,
2023-01-28,0.8652,1.3535,0.857,1.1922,3430655.68151804,3661011.96438206,
2023-01-29,1.1896,1.4361,1.1413,1.2782,3366524.26529938,4378132.03417581,
2023-01-30,1.2796,1.328,1.14,1.2038,4675376.26446743,5718612.93252619,
2023-01-31,1.2083,1.4913,1.1604,1.4115,6226589.74335459,8353936.02199126,
2023-02-01,1.4115,1.6749,1.3336,1.5256,6191661.41306128,9263715.05382429,
2023-02-02,1.5248,1.7851,1.5036,1.7164,5223521.28022923,8762298.66150570,
2023-02-03,1.7164,1.7497,1.5321,1.694,4779966.01508062,7892247.08566871,
2023-02-04,1.6936,1.7611,1.6261,1.6724,3493641.85633933,5882700.44259349,
2023-02-05,1.6662,1.8698,1.6306,1.7496,6574616.03119868,11426372.48876132,
2023-02-06,1.7505,2.0045,1.731,1.8773,7138632.43889002,13337054.32993443,
2023-02-07,1.8736,2.1896,1.82,2.1338,6776554.43484367,13753523.41111870,
2023-02-08,2.1342,2.1508,1.6003,1.7596,4265472.87360869,7945877.44192639,
2023-02-09,1.7607,1.7931,1.2773,1.3744,7421907.36698994,11415126.77415328,
2023-02-10,1.3724,1.5237,1.3178,1.483,7135690.95032699,10140868.39789957,
2023-02-11,1.4807,1.4809,1.3512,1.447,3580540.70625088,5048886.52307490,
2023-02-12,1.4459,1.6844,1.3945,1.5429,5255835.03270141,8071025.15590746,
2023-02-13,1.5423,1.656,1.3903,1.498,5661124.78014984,8606194.70900914,
2023-02-14,1.4983,1.7777,1.448,1.7194,4739609.30866275,7653883.84893022,
2023-02-15,1.7196,2.0883,1.6884,2.0014,4491666.98327914,8453295.58519980,
2023-02-16,2.0007,2.1397,1.6894,1.7683,5383142.41635504,10584311.67725982,
2023-02-17,1.7662,1.9926,1.7378,1.86,4307989.80282175,8100649.87427340,
2023-02-18,1.865,1.9364,1.783,1.8534,1929458.75930768,3588697.24706706,
2023-02-19,1.8533,1.8666,1.689,1.7187,2011982.88428840,3591805.59826991,
2023-02-20,1.7187,1.7505,1.61,1.7166,2759209.34437824,4649978.38536201,
2023-02-21,1.716,1.8822,1.643,1.7088,3061303.99056521,5370640.97802221,
2023-02-22,1.7082,1.7082,1.513,1.6151,2935334.40825354,4652082.81240579,
2023-02-23,1.6161,1.7067,1.54,1.5754,2944730.24237828,4783627.96083504,
2023-02-24,1.5765,1.68,1.3866,1.4549,3429673.94322130,5300799.24927042,
2023-02-25,1.4535,1.4717,1.31,1.4054,2174062.74818809,3034685.77898604,
2023-02-26,1.404,1.5717,1.3804,1.5333,2163245.09076038,3186479.60371891,
2023-02-27,1.5334,1.5671,1.4412,1.4769,2293685.08929433,3439057.64995061,
2023-02-28,1.4772,1.638,1.4422,1.4567,3837863.52911146,5902834.83100579,
2023-03-01,1.4595,1.5732,1.4326,1.5558,2361764.13947798,3555891.41556301,
2023-03-02,1.5568,1.583,1.4164,1.5261,1963259.27364124,2933457.96124644,
2023-03-03,1.5274,1.5372,1.3146,1.3563,3048319.97515595,4185063.16827237,
2023-03-04,1.3561,1.3738,1.1729,1.2407,3199621.91848160,3971746.13959564,
2023-03-05,1.2399,1.2852,1.1752,1.1995,1973851.86687975,2433007.14032829,
2023-03-06,1.1994,1.237,1.1623,1.2143,2029511.57945542,2435208.24971426,
2023-03-07,1.2148,1.286,1.1416,1.1793,2598912.03035913,3149913.43614686,
2023-03-08,1.1807,1.1924,1.0452,1.07,2523327.68757842,2806236.56827187,
2023-03-09,1.071,1.1738,0.9904,1.0415,3305326.84458997,3584488.03286048,
2023-03-10,1.0406,1.0774,0.895,1.0595,4554893.12062615,4545728.53733851,
2023-03-11,1.059,1.0946,0.9117,0.9789,3343229.71959304,3296789.98861782,
2023-03-12,0.9762,1.2951,0.9533,1.2382,3738016.10405321,4010967.96746398,
2023-03-13,1.2389,1.39,1.1474,1.2764,6858761.95730134,8595667.09162920,
2023-03-14,1.278,1.4713,1.2258,1.3843,6674661.91901970,9030730.21904363,
2023-03-15,1.384,1.5074,1.1693,1.2525,6093296.81410747,8137789.87611491,
2023-03-16,1.2547,1.3805,1.2303,1.3424,3879542.17893945,5081751.67288074,
2023-03-17,1.3401,1.58,1.3082,1.5784,3533250.38414902,4949125.93265462,
2023-03-18,1.576,1.5961,1.4116,1.4621,4243369.66523092,6415763.95180195,
2023-03-19,1.4644,1.5786,1.3968,1.4715,3502847.31401422,5194362.16172394,
2023-03-20,1.4744,1.484,1.3266,1.3406,3404255.23450600,4772229.72237130,
2023-03-21,1.3419,1.3945,1.2708,1.3367,2814542.83684125,3746277.02550318,
2023-03-22,1.3398,1.4846,1.2919,1.3727,4391564.01068215,6103277.91673587,
2023-03-23,1.3726,1.41,1.3117,1.332,1973465.91863751,2671418.14268268,
2023-03-24,1.3345,1.3441,1.1908,1.2149,1793101.86687539,2259002.98997465,
2023-03-25,1.2162,1.234,1.1291,1.1505,1439379.07055343,1692901.78730434,
2023-03-26,1.1526,1.2588,1.1371,1.2323,1248115.42695373,1500035.54824064,
2023-03-27,1.23,1.2339,1.0977,1.1475,1626834.07365474,1885427.71965758,
2023-03-28,1.1472,1.1923,1.0885,1.1776,1669703.60983490,1893463.54894479,
2023-03-29,1.1769,1.3142,1.1682,1.2941,1667640.67802021,2060577.47701690,
2023-03-30,1.2913,1.3128,1.2176,1.2625,1523600.66658608,1926408.07529768,
2023-03-31,1.2641,1.39,1.2025,1.3719,420168.41117822,546202.01384502,
2023-04-01,1.37,1.3792,1.3036,1.3445,887227.20292702,1190538.08479897,
2023-04-02,1.3471,1.3619,1.246,1.2751,934848.26798163,1213171.67483731,
2023-04-03,1.2768,1.351,1.228,1.2932,1493274.05406698,1927208.13813811,
2023-04-04,1.2932,1.3743,1.2719,1.3319,1077426.41329015,1429275.22253473,
2023-04-05,1.332,1.3929,1.3068,1.3424,1403461.88651174,1892683.75644139,
2023-04-06,1.3434,1.3436,1.272,1.3062,885299.79569369,1153474.65103221,
2023-04-07,1.3061,1.3189,1.2656,1.3031,771321.82667245,993190.29115720,
2023-04-08,1.301,1.3096,1.2601,1.2704,662283.84422785,849918.67904279,
2023-04-09,1.2713,1.3133,1.2465,1.3065,737728.79766856,939805.47734994,
2023-04-10,1.3047,1.4889,1.2896,1.4806,1993350.85961436,2750265.29079800,
2023-04-11,1.4804,1.6943,1.4656,1.5759,4618418.12268189,7302493.73864330,
2023-04-12,1.5755,1.685,1.5285,1.5956,3459701.86367457,5515366.59942188,
2023-04-13,1.5938,1.684,1.553,1.602,1547568.49486400,2484285.13993235,
2023-04-14,1.6027,1.7887,1.5984,1.7353,1866401.97785409,3145185.64157492,
2023-04-15,1.7364,1.7649,1.6575,1.6717,643018.16027210,1099575.89630807,
2023-04-16,1.6729,1.786,1.6484,1.7749,904453.96267197,1571229.12777819,
2023-04-17,1.7739,2.0838,1.723,1.9812,2789084.60428725,5419822.98439261,
2023-04-18,1.9808,2.1282,1.9439,2.0252,2967459.28407492,6055044.78050811,
2023-04-19,2.0241,2.053,1.8026,1.9352,3958354.49878624,7656265.16468298,
2023-04-20,1.9364,2.1922,1.8721,1.9016,5057317.10899877,10250696.37954154,
2023-04-21,1.9012,1.9429,1.6224,1.631,3813108.40425260,6760822.89863074,
2023-04-22,1.631,1.8469,1.6217,1.8153,2529473.76089378,4419878.13158801,
2023-04-23,1.8155,1.8155,1.6306,1.7085,1617294.21214641,2779945.04543757,
2023-04-24,1.7068,1.8374,1.6855,1.7732,2827035.77951397,4986121.50944799,
2023-04-25,1.7746,2.0389,1.7441,2.0199,3400171.83293244,6281270.33149921,
2023-04-26,2.0199,2.4678,2.0016,2.2972,6598783.71474476,14787120.28599932,
2023-04-27,2.2974,2.4061,2.2096,2.3413,3371416.49300494,7812425.65413826,
2023-04-28,2.3373,2.5914,2.3214,2.3643,3471483.97102145,8517944.50024675,
2023-04-29,2.3644,2.4877,2.3409,2.3739,1809880.63550337,4343679.73352210,
2023-04-30,2.3712,2.5657,2.3409,2.3848,2498451.78661046,6118460.20851036,
2023-05-01,2.3891,2.4573,2.1864,2.2072,2982238.18344073,6966150.57132333,
2023-05-02,2.2033,2.2735,2.0507,2.0681,3288839.29185141,7038711.65269414,
2023-05-03,2.0704,2.3286,2.0217,2.2787,3738132.83966940,8044706.83841781,
2023-05-04,2.2764,2.3172,2.1813,2.2142,2281830.32910450,5149002.65108247,
2023-05-05,2.215,2.2598,2.1269,2.188,2295157.24699712,5021823.16232130,
2023-05-06,2.1845,2.2139,2.0102,2.0791,1484540.13247196,3104566.65682502,
2023-05-07,2.0787,2.2371,2.029,2.1271,1548151.32883965,3306643.54835689,
2023-05-08,2.1278,2.162,1.786,1.8576,2631788.37700592,5056820.13592535,
2023-05-09,1.858,1.8778,1.7008,1.741,2210552.42188824,3926244.34878113,
2023-05-10,1.7388,1.9533,1.6808,1.8302,3241211.21246953,5853609.03709736,
2023-05-11,1.8318,1.8326,1.6291,1.7102,1999039.63694379,3394477.05955550,
2023-05-12,1.7099,1.8182,1.6512,1.8182,2208619.24206890,3809459.17913407,
2023-05-13,1.8177,1.8861,1.7739,1.8371,1087014.94591550,1985137.89707928,
2023-05-14,1.8349,1.8943,1.7803,1.8247,942639.46250778,1731260.46690124,
2023-05-15,1.8275,1.8993,1.7917,1.794,1005563.83186039,1845313.75198598,
2023-05-16,1.794,1.9866,1.7693,1.9245,1839187.27104413,3465132.27030179,
2023-05-17,1.923,2.3723,1.9145,2.3002,3435654.61043406,7209542.32117771,
2023-05-18,2.3037,2.511,2.2547,2.3938,3502106.06687881,8232348.73180713,
2023-05-19,2.3924,2.4611,2.3059,2.3164,2165117.93910212,5153964.06206314,
2023-05-20,2.3168,2.4249,2.266,2.3521,1620426.93932318,3797242.36444418,
2023-05-21,2.34,2.9412,2.3233,2.4626,3583829.68521253,9080742.44801899,
2023-05-22,2.4582,2.5179,2.3362,2.4492,1929671.35317821,4691807.79828740,
2023-05-23,2.4518,2.7984,2.3973,2.7222,2878199.03810056,7625561.51945153,
2023-05-24,2.7195,2.7642,2.4024,2.6302,3546271.12506311,9098364.37458514,
2023-05-25,2.6345,2.9038,2.5278,2.7047,4372772.11456013,11971851.48137381,
2023-05-26,2.7032,2.8761,2.6547,2.7278,3176695.93107370,8800857.13773176,
2023-05-27,2.7276,2.7891,2.5957,2.6418,1716870.11901641,4606800.54450536,
2023-05-28,2.6426,2.8131,2.5982,2.7417,1979326.69999718,5343371.53717086,
2023-05-29,2.7433,2.7699,2.4823,2.5429,2414992.23086142,6268348.67667105,
2023-05-30,2.5421,2.6936,2.4702,2.5711,2600198.49583824,6745461.48362422,
2023-05-31,2.5704,2.625,2.4216,2.5231,2180466.02559924,5486525.11261841,
2023-06-01,2.5235,2.6223,2.4322,2.4973,1613934.48526131,4083882.77826931,
2023-06-02,2.4965,2.6532,2.453,2.5726,1365877.16765103,3513203.88302183,
2023-06-03,2.5732,2.6367,2.5338,2.6065,824694.75221907,2135991.58970238,
2023-06-04,2.6058,2.7809,2.5738,2.658,1588383.67742399,4276187.70465121,
2023-06-05,2.6566,2.723,2.2233,2.2781,4901324.99968088,12076080.02264246,
2023-06-06,2.2775,2.4566,2.1746,2.414,3225325.89607337,7557475.65275053,
2023-06-07,2.4148,2.4301,2.158,2.2211,2051428.38632863,4668836.70423884,
2023-06-08,2.2227,2.2868,2.1412,2.2673,2010908.79058741,4456256.83154762,
2023-06-09,2.2684,2.389,2.2033,2.2913,2044054.59039299,4688025.77935927,
2023-06-10,2.2931,2.294,1.8132,1.8964,4783728.77261472,9634416.30496829,
2023-06-11,1.8987,2.0569,1.8581,1.9565,2200839.36978398,4280548.52833417,
2023-06-12,1.9563,1.9657,1.8695,1.9362,1980736.87257085,3805187.68105847,
2023-06-13,1.9388,2.0366,1.894,1.9299,2015970.90338750,3930300.65738412,
2023-06-14,1.9286,1.9752,1.7873,1.8071,1861350.89339143,3524999.05288597,
2023-06-15,1.8074,1.9,1.7224,1.8765,1935921.16010910,3483471.12151950,
2023-06-16,1.8763,1.9404,1.7988,1.9231,1497621.65988068,2794120.56975238,
2023-06-17,1.9228,2.124,1.9015,2.0859,1793379.06353488,3614193.32668194,
2023-06-18,2.0854,2.1024,1.9665,1.9684,1535680.35659734,3130442.44767833,
2023-06-19,1.9685,2.065,1.936,2.0633,1383557.27986369,2756700.48854760,
2023-06-20,2.0649,2.0952,1.9393,2.0794,1687317.53581954,3423520.23321272,
2023-06-21,2.0811,2.3832,2.0767,2.2857,2835928.13824483,6419094.98210168,
2023-06-22,2.2892,2.3526,2.1458,2.1501,1605699.40246318,3609621.88225882,
2023-06-23,2.15,2.2732,2.1017,2.1688,1503943.31302432,3283966.72256762,
2023-06-24,2.1712,2.1751,1.9934,2.0463,1218492.84579704,2533613.58262191,
2023-06-25,2.0474,2.1224,2.022,2.0671,911012.21516611,1885067.76521311,
2023-06-26,2.0688,2.1292,1.994,2.04,998632.16444972,2054224.16891128,
2023-06-27,2.0432,2.1181,2.0237,2.0592,828942.86348843,1722065.56683664,
2023-06-28,2.061,2.0616,1.8598,1.918,1360493.14850864,2678461.67604586,
2023-06-29,1.918,2.0284,1.9062,1.9763,938086.68275089,1851306.65120532,
2023-06-30,1.9772,2.0971,1.8685,2.0346,1800750.01396095,3624545.69684673,
2023-07-01,2.0387,2.088,2.0323,2.0584,570238.29617231,1173343.59331972,
2023-07-02,2.0615,2.0664,1.9795,2.0239,668848.79839956,1351928.49465032,
2023-07-03,2.0244,2.1621,2.0099,2.1557,995365.86753346,2096242.77477501,
2023-07-04,2.1603,2.239,2.062,2.0746,1056747.34611779,2262168.13432340,
2023-07-05,2.0752,2.0977,1.9456,1.9631,793895.33089996,1590111.91232538,
2023-07-06,1.964,2.0769,1.9092,1.9135,813492.99725655,1610780.02053169,
2023-07-07,1.9134,1.9662,1.8898,1.948,613171.52718803,1183538.11173856,
2023-07-08,1.9505,1.9896,1.9075,1.9462,354091.99238636,689428.11501585,
2023-07-09,1.9462,1.9733,1.9163,1.922,283322.41597972,551908.28773598,
2023-07-10,1.9223,1.9584,1.8438,1.9109,573643.50954931,1088309.70218772,
2023-07-11,1.9102,2.0107,1.8928,1.9941,580356.59077098,1142180.94857547,
2023-07-12,1.9939,2.0406,1.9178,1.9384,609216.35647713,1214017.00963486,
2023-07-13,1.9381,2.1458,1.9082,2.129,1274108.94680064,2588888.22418498,
2023-07-14,2.1314,2.2428,1.9745,2.0303,1858478.71154240,3942408.24003969,
2023-07-15,2.0313,2.0592,1.9767,2.0271,504734.41457265,1018050.36085736,
2023-07-16,2.0282,2.0395,1.931,1.9419,443837.09774103,879706.82396897,
2023-07-17,1.9428,1.9883,1.8909,1.9669,640573.54760188,1242550.90863595,
2023-07-18,1.9674,2.0094,1.843,1.8801,640462.62159419,1232964.40830719,
2023-07-19,1.8807,1.9196,1.8367,1.8637,744815.41172726,1403122.73646659,
2023-07-20,1.8638,1.945,1.8365,1.8694,621804.03007484,1176414.73046771,
2023-07-21,1.8707,1.9155,1.8525,1.8842,388278.52255283,733915.66406118,
2023-07-22,1.885,1.8986,1.8077,1.8328,434328.45385945,806890.34145536,
2023-07-23,1.8332,1.8862,1.8086,1.8579,416075.46348802,770633.91314090,
2023-07-24,1.8569,1.8623,1.7142,1.7496,957497.96669788,1687887.31697719,
2023-07-25,1.7496,1.8116,1.7476,1.7719,542690.88745473,965725.39048955,
2023-07-26,1.7725,1.7863,1.7274,1.7617,546783.58360184,960311.94300814,
2023-07-27,1.7623,1.8083,1.741,1.7682,341304.34216080,606267.20625502,
2023-07-28,1.7685,1.82,1.7578,1.8071,345091.25839083,618485.25647176,
2023-07-29,1.809,1.827,1.7859,1.8059,172676.92837629,311405.73859623,
2023-07-30,1.8075,1.8178,1.7488,1.7861,414451.48056845,742120.05876428,
2023-07-31,1.7852,1.818,1.7329,1.75,340706.81025757,606304.26335002,
2023-08-01,1.7502,1.7955,1.7027,1.7943,496189.19621673,865492.26262543,
2023-08-02,1.7954,1.8051,1.7472,1.7632,471611.99267311,836976.68325203,
2023-08-03,1.7634,1.7881,1.7383,1.7657,292905.82378478,516914.22135573,
2023-08-04,1.7658,1.782,1.7123,1.733,349160.50179276,609843.69146399,
2023-08-05,1.7324,1.7325,1.6035,1.615,900239.24682573,1481124.83182745,
2023-08-06,1.6158,1.6774,1.6064,1.6255,713481.29499777,1173993.40251038,
2023-08-07,1.6252,1.6633,1.5332,1.5948,1018999.43593785,1634466.76446833,
2023-08-08,1.5953,1.6513,1.5714,1.6286,745927.90100547,1202031.10379461,
2023-08-09,1.6293,1.7145,1.6286,1.6635,707367.43768047,1181242.07144976,
2023-08-10,1.6649,1.735,1.6593,1.6891,919184.55505189,1565870.62045894,
2023-08-11,1.6895,1.7204,1.6638,1.679,410750.97775170,695344.81547505,
2023-08-12,1.6805,1.7007,1.6658,1.6713,175461.76790946,295434.12613858,
2023-08-13,1.6701,1.6962,1.6386,1.6499,287957.75650002,481628.88210182,
2023-08-14,1.65,1.7665,1.6389,1.7174,780169.67565275,1341410.96760266,
2023-08-15,1.7181,1.7389,1.59,1.6238,694324.30450696,1160818.62804152,
2023-08-16,1.623,1.632,1.5367,1.5702,1309030.89524128,2067613.20216117,
2023-08-17,1.5695,1.6099,1.2509,1.4417,3019670.41934555,4501764.16978549,
2023-08-18,1.4415,1.4668,1.4007,1.4242,1117792.39490312,1597470.36911549,
2023-08-19,1.4249,1.4465,1.3977,1.42,555094.21466429,785379.89334851,
2023-08-20,1.419,1.4486,1.4082,1.4303,391910.68291956,559401.23483913,
2023-08-21,1.4304,1.4434,1.3177,1.3855,757932.27523443,1043850.04535759,
2023-08-22,1.3852,1.4124,1.3265,1.3896,757256.09896206,1042337.05875685,
2023-08-23,1.3898,1.4784,1.3579,1.4532,970795.40803378,1380727.31150115,
2023-08-24,1.4522,1.5466,1.4349,1.4638,1390349.57055119,2073147.25957062,
2023-08-25,1.4642,1.4906,1.4229,1.4754,698771.22501215,1020877.56412276,
2023-08-26,1.4776,1.5016,1.4124,1.4216,272672.28257469,397623.34145537,
2023-08-27,1.4204,1.4306,1.3977,1.4122,228300.41631273,322821.74183673,
2023-08-28,1.4118,1.4196,1.3672,1.4044,351170.42294679,489449.91965636,
2023-08-29,1.4043,1.4956,1.3626,1.4806,955821.83834886,1381647.58867441,
2023-08-30,1.4808,1.492,1.4218,1.4473,487659.75983245,707241.02958543,
2023-08-31,1.4465,1.4571,1.344,1.3727,623983.98487551,871754.05859153,
2023-09-01,1.3724,1.3823,1.2931,1.3413,536752.12719508,714093.28278785,
2023-09-02,1.3424,1.3458,1.3127,1.3394,200714.46593761,267104.02961220,
2023-09-03,1.3398,1.3668,1.3249,1.3584,306728.18070798,413178.84247423,
2023-09-04,1.3582,1.3984,1.3314,1.3518,363795.68216160,496725.88969872,
2023-09-05,1.3542,1.3687,1.3324,1.361,233512.00732553,315528.10454375,
2023-09-06,1.3617,1.3996,1.3503,1.399,289903.67085637,397631.24293743,
2023-09-07,1.3977,1.4898,1.3885,1.4853,873056.63374442,1260564.35744998,
2023-09-08,1.4853,1.5136,1.4283,1.4564,698890.95999923,1027534.47610062,
2023-09-09,1.4557,1.4988,1.4403,1.4988,312446.28719062,459233.45955294,
2023-09-10,1.4977,1.5283,1.4392,1.4787,751338.18245131,1109474.92112399,
2023-09-11,1.4768,1.5215,1.3861,1.4507,1128871.36092227,1632939.60901258,
2023-09-12,1.4517,1.5894,1.4517,1.4985,1622103.00777478,2468732.69950711,
2023-09-13,1.4987,1.5507,1.4596,1.5232,892353.41546438,1343064.06720083,
2023-09-14,1.5229,1.5704,1.503,1.5328,631641.52710838,970975.36601637,
2023-09-15,1.5337,1.6195,1.5132,1.6071,628188.56303126,983691.43840759,
2023-09-16,1.6061,1.6285,1.574,1.6152,463067.02557541,741027.82208416,
2023-09-17,1.6151,1.6167,1.5427,1.5679,422106.64719992,666698.96182346,
2023-09-18,1.5667,1.6354,1.5382,1.5705,1037996.41068348,1649584.67918281,
2023-09-19,1.5721,1.6268,1.557,1.6032,502849.41545845,805162.86926909,
2023-09-20,1.604,1.6327,1.5787,1.6218,590359.05363161,947478.59391763,
2023-09-21,1.621,1.6597,1.59,1.6008,732899.52065857,1188140.09905735,
2023-09-22,1.5988,1.6544,1.5627,1.6028,752353.25028215,1215107.57885735,
2023-09-23,1.6027,1.6125,1.541,1.5711,372065.08515549,584177.33102391,
2023-09-24,1.5712,1.5756,1.5383,1.551,240883.91678120,374691.01592648,
2023-09-25,1.5498,1.5657,1.4805,1.4858,577664.44467231,875864.68216768,
2023-09-26,1.4858,1.5141,1.4628,1.4876,446429.63219338,663531.97059399,
2023-09-27,1.4849,1.5151,1.4634,1.4857,418178.94090528,621950.34587815,
2023-09-28,1.4844,1.5512,1.4809,1.5212,463133.90257268,702902.54608063,
2023-09-29,1.5212,1.5525,1.5096,1.5385,285055.15484099,436578.37437876,
2023-09-30,1.5376,1.5531,1.5174,1.5335,203106.21336100,311306.15385220,
2023-10-01,1.5344,1.7299,1.5321,1.6925,748547.55476266,1222670.74927556,
2023-10-02,1.6941,1.7986,1.6784,1.6939,1267066.56803463,2199123.51271596,
2023-10-03,1.6939,1.7848,1.6536,1.6666,952852.79724271,1636486.48252085,
2023-10-04,1.6636,1.7447,1.6113,1.7235,784297.06650843,1309349.59411291,
2023-10-05,1.7261,1.7583,1.6615,1.7252,939435.16596321,1612918.16439045,
2023-10-06,1.7283,1.847,1.7192,1.8231,1058548.83528595,1880342.35914914,
2023-10-07,1.8221,1.8958,1.7926,1.831,1016012.51537541,1873440.50670187,
2023-10-08,1.8343,1.86,1.8083,1.8315,699917.15417337,1284066.44761653,
2023-10-09,1.8307,1.8483,1.7306,1.7609,1266505.67542447,2248107.02101964,
2023-10-10,1.7626,1.8178,1.6989,1.7949,901572.61038251,1589403.43149900,
2023-10-11,1.7936,1.8496,1.7439,1.796,1238436.07737726,2220837.15986961,
2023-10-12,1.7958,1.8078,1.7119,1.7203,1220730.56966829,2140467.20550434,
2023-10-13,1.7198,1.782,1.7103,1.7489,1023225.29151266,1780403.34795854,
2023-10-14,1.75,1.7667,1.7176,1.7381,489342.03933332,851336.68270667,
2023-10-15,1.7383,1.7667,1.7034,1.7303,586564.86602819,1014531.42440729,
2023-10-16,1.729,1.9825,1.723,1.8379,1931433.86503087,3592332.21358945,
2023-10-17,1.8379,1.9131,1.8225,1.8688,915193.25983240,1706614.68224259,
2023-10-18,1.8686,1.9494,1.8663,1.928,808814.03131776,1538781.71396019,
2023-10-19,1.9273,1.9765,1.8926,1.9255,844127.09537394,1634539.29416319,
2023-10-20,1.9255,1.9955,1.9206,1.9551,703582.28365708,1379695.53472529,
2023-10-21,1.9558,2.039,1.9385,1.9771,712341.22003467,1410776.26875969,
2023-10-22,1.978,2.0438,1.9231,1.9587,806359.66745982,1596100.99019217,
2023-10-23,1.9573,2.1736,1.947,2.0836,1318210.37428398,2689416.80600634,
2023-10-24,2.0834,2.1953,2.0246,2.0386,1654387.86910761,3493514.49267479,
2023-10-25,2.0372,2.1371,2.0067,2.0786,1229045.98748313,2547946.57791002,
2023-10-26,2.0797,2.1935,2.0642,2.1497,1386995.48588946,2965243.45483949,
2023-10-27,2.152,2.2721,2.1068,2.2624,1401636.19776640,3097441.13041019,
2023-10-28,2.2607,2.4632,2.2517,2.3952,1550886.41501712,3695682.29145544,
2023-10-29,2.3956,2.6531,2.377,2.55,1605098.48048149,4115051.96625044,
2023-10-30,2.5499,2.68,2.4255,2.4846,1493089.50454831,3829148.86455169,
2023-10-31,2.4835,2.5611,2.2949,2.3825,1859936.48203569,4461917.75815194,
2023-11-01,2.3839,2.4649,2.2542,2.4174,1897000.42281625,4479619.66158067,
2023-11-02,2.4209,2.5481,2.2222,2.2424,1818028.08767870,4328532.25555829,
2023-11-03,2.2413,2.3049,2.1291,2.2668,1571808.74451219,3478716.39662559,
2023-11-04,2.2675,2.374,2.2297,2.327,828943.99090202,1904974.19052213,
2023-11-05,2.328,2.415,2.292,2.369,662662.77973832,1556684.34110919,
2023-11-06,2.369,2.5,2.349,2.469,875100.66115497,2128243.39758828,
2023-11-07,2.4666,2.504,2.252,2.3318,744430.90368424,1752191.15343169,
2023-11-08,2.332,2.431,2.301,2.329,446007.40550931,1055130.08190319,
2023-11-09,2.331,2.484,1.934,2.278,2126627.79462162,4839779.09254390,
2023-11-10,2.278,2.432,2.196,2.425,915354.91994106,2100845.70890699,
2023-11-11,2.425,2.617,2.292,2.508,1743648.39493856,4297921.87222269,
2023-11-12,2.511,2.547,2.352,2.415,1043282.31050480,2565255.35471716,
2023-11-13,2.41,2.529,2.277,2.3,1373200.77180054,3288615.50969899,
2023-11-14,2.303,2.31,2.095,2.25,1163075.11654837,2603352.34835889,
2023-11-15,2.256,2.877,2.216,2.848,3922432.08891021,10275916.56320287,
2023-11-16,2.848,3.334,2.809,3.01,6005907.70290928,18498673.46654957,
2023-11-17,3.012,3.155,2.764,3.052,2793176.51413798,8275948.32708599,
2023-11-18,3.051,3.495,2.854,3.384,3809996.23148176,12211067.90980605,
2023-11-19,3.383,3.64,3.278,3.362,1988412.12943749,6834294.55630464,
2023-11-20,3.363,3.74,3.232,3.412,2513641.70987000,8810230.33923251,
2023-11-21,3.412,3.562,3.058,3.058,2893717.46998320,9683229.95710439,
2023-11-22,3.059,3.461,3.027,3.349,1711827.47838090,5639658.44794799,
2023-11-23,3.352,3.455,3.196,3.219,876665.63614156,2909493.55906988,
2023-11-24,3.218,3.572,3.211,3.387,1484793.97828122,5122663.92080700,
2023-11-25,3.394,3.562,3.354,3.462,762990.53526029,2633964.53401899,
2023-11-26,3.464,3.483,3.206,3.306,694781.05033630,2314947.62173069,
2023-11-27,3.31,3.339,3.093,3.167,1030603.20009208,3267205.01974799,
2023-11-28,3.166,3.353,3.075,3.309,862407.58947548,2769264.22205299,
2023-11-29,3.309,3.392,3.179,3.243,634118.44119125,2072091.45891487,
2023-11-30,3.243,3.496,3.21,3.431,982012.13483466,3329160.67303999,
2023-12-01,3.432,3.624,3.412,3.551,619766.95831945,2193715.31220339,
2023-12-02,3.552,3.645,3.48,3.636,599345.88044674,2139898.11305499,
2023-12-03,3.632,3.933,3.547,3.871,1150372.77411457,4292412.41511359,
2023-12-04,3.873,4.017,3.6,3.731,9889962.92827604,37303399.36596469,
2023-12-05,3.73,3.752,3.487,3.689,1052562.47094990,3792789.10330499,
2023-12-06,3.689,3.931,3.616,3.649,2159412.80751654,8211114.36814838,
2023-12-07,3.641,3.76,3.542,3.642,1463531.62901848,5311715.11315099,
2023-12-08,3.645,4.083,3.599,3.854,1792341.55816774,6852198.86398266,
2023-12-09,3.855,3.933,3.659,3.729,1436721.66489852,5465688.36794580,
2023-12-10,3.73,3.856,3.688,3.791,1186941.04227345,4487322.57961499,
2023-12-11,3.797,3.956,3.294,3.931,3363286.38545004,12593438.05403355,
2023-12-12,3.93,4.26,3.905,4.167,3171030.44866191,12888862.49205159,
2023-12-13,4.17,4.335,3.865,4.139,2445786.21592070,10047091.31228114,
2023-12-14,4.142,4.895,4.132,4.596,2613254.29014070,12061189.82213250,
2023-12-15,4.596,4.728,4.336,4.36,1305307.55400815,5952369.45369238,
2023-12-16,4.361,4.849,4.336,4.409,1199365.35057456,5469436.52072160,
2023-12-17,4.407,4.429,4.165,4.204,835151.71605788,3579018.45324605,
2023-12-18,4.202,4.454,3.917,4.429,1505072.45382808,6316910.41957468,
2023-12-19,4.431,4.545,4.157,4.189,1127664.56999103,4904354.02131399,
2023-12-20,4.186,4.623,4.12,4.491,1228641.41836308,5433669.10697940,
2023-12-21,4.491,4.561,4.218,4.29,1037263.41432216,4520275.91515814,
2023-12-22,4.294,4.547,4.272,4.472,1279655.44870082,5648928.36610199,
2023-12-23,4.473,4.981,4.28,4.781,1639271.03296437,7623938.54409959,
2023-12-24,4.78,4.855,4.494,4.603,1239847.26197904,5833787.43412469,
2023-12-25,4.606,4.768,4.53,4.626,805889.23601776,3748737.21046804,
2023-12-26,4.629,5.277,4.563,5.174,3452564.72235468,16904862.28899032,
2023-12-27,5.176,5.274,4.845,4.991,1771536.47008212,8905097.63446440,
2023-12-28,4.994,5.02,4.505,4.556,1165265.16455688,5505908.21048633,
2023-12-29,4.558,4.791,4.421,4.607,1028421.59411855,4713251.80393875,
2023-12-30,4.607,4.767,4.48,4.55,555918.61474104,2558932.68342379,
2023-12-31,4.55,4.667,4.364,4.468,546319.92741533,2490621.66144299,
2024-01-01,4.472,4.82,4.427,4.742,611397.26369392,2839638.81539423,
2024-01-02,4.743,5.075,4.632,4.653,867761.11355562,4226385.18769363,
2024-01-03,4.655,4.778,3.551,4.422,1715562.02728078,7573590.04134162,
2024-01-04,4.422,4.662,4.319,4.375,834476.78991270,3735299.54228999,
2024-01-05,4.377,4.413,3.868,4.011,1451953.16587891,5928080.78059099,
2024-01-06,4.011,4.013,3.687,3.814,913020.21301898,3480977.83841911,
2024-01-07,3.815,3.875,3.565,3.636,723257.20739459,2715446.80268628,
2024-01-08,3.637,4.135,3.368,4.061,2345049.72897052,8877043.52315774,
2024-01-09,4.058,4.182,3.739,3.867,1771181.08440512,6942084.11742499,
2024-01-10,3.86,4.368,3.66,4.237,1559325.89332271,6135233.43919783,
2024-01-11,4.239,4.4,4.014,4.068,1270277.07057964,5314969.42104920,
2024-01-12,4.072,4.085,3.667,3.828,1167423.98228192,4562546.79398299,
2024-01-13,3.829,3.931,3.688,3.893,484023.06684547,1864713.84610099,
2024-01-14,3.891,3.94,3.759,3.762,549840.36138432,2125854.56522000,
2024-01-15,3.763,3.901,3.712,3.76,487514.08202338,1864961.01007599,
2024-01-16,3.768,4.081,3.711,3.975,819613.91082292,3191424.15977699,
2024-01-17,3.976,4.365,3.969,4.197,1708195.70933543,7185399.70613016,
2024-01-18,4.197,4.376,3.95,4.324,1566594.20848816,6519909.87931952,
2024-01-19,4.325,4.344,3.804,4.128,1772813.71159046,7302626.40070799,
2024-01-20,4.126,4.159,3.912,4.007,570799.24225949,2297596.87880990,
2024-01-21,4.004,4.069,3.93,3.977,421576.09132517,1686746.31385631,
2024-01-22,3.977,4.004,3.724,3.747,870405.44600818,3342579.02667508,
2024-01-23,3.757,3.909,3.511,3.749,1312822.55593813,4820778.35643215,
2024-01-24,3.748,3.897,3.649,3.858,713961.60272736,2707947.52724099,
2024-01-25,3.859,3.909,3.66,3.713,719924.24656716,2732898.88887528,
2024-01-26,3.713,4.031,3.66,3.921,638818.82010234,2483222.48681899,
2024-01-27,3.923,4.097,3.877,4.085,440425.07927949,1743266.82247199,
2024-01-28,4.086,4.273,3.935,3.972,836500.96799844,3450109.75933580,
2024-01-29,3.973,4.365,3.942,4.283,947007.97367535,3929557.55213699,
2024-01-30,4.286,4.845,4.25,4.607,1843780.96612409,8411752.81948701,
2024-01-31,4.606,4.743,4.28,4.323,1290765.01517125,5842487.14741099,
2024-02-01,4.324,4.832,4.256,4.596,1308507.59344988,6020292.01689699,
2024-02-02,4.595,4.775,4.529,4.588,820909.00938547,3816201.28596687,
2024-02-03,4.59,5.017,4.578,4.721,928494.51179983,4501300.13676559,
2024-02-04,4.724,5,4.633,4.641,937319.57488489,4499060.58375480,
2024-02-05,4.645,4.672,4.306,4.406,1069423.13742289,4778845.69679847,
2024-02-06,4.409,4.502,4.262,4.264,518046.59563335,2271665.60266621,
2024-02-07,4.265,4.599,4.253,4.464,452918.13861169,1988583.29445899,
2024-02-08,4.47,4.58,4.393,4.434,452723.33158883,2030507.28242006,
2024-02-09,4.439,4.736,4.439,4.703,599597.29597892,2761290.33081799,
2024-02-10,4.707,4.815,4.585,4.658,486746.26197336,2298331.57373917,
2024-02-11,4.658,4.793,4.581,4.619,380568.91683147,1781168.92273276,
2024-02-12,4.62,4.804,4.447,4.801,482952.23053699,2243958.95572959,
2024-02-13,4.802,5.158,4.732,4.899,1358627.19637285,6753605.63862647,
2024-02-14,4.9,5.102,4.835,5.006,887890.63913685,4426805.80661105,
2024-02-15,5.007,5.361,4.799,5.293,1294736.03143080,6513258.40193379,
2024-02-16,5.295,5.706,5.191,5.288,1709987.55482037,9275344.21916109,
2024-02-17,5.289,5.7515,5.054,5.673,1260268.25743690,6778522.76346599,
2024-02-18,5.674,5.898,5.49,5.869,1253689.80576079,7099625.06754599,
2024-02-19,5.871,6.41,5.851,6.315,1603050.73552472,9874717.57676990,
2024-02-20,6.315,6.507,5.76,6.472,1588180.81580703,9728642.79696470,
2024-02-21,6.472,6.999,5.9,6.925,1996461.66123924,12772599.71146421,
2024-02-22,6.922,7.85,6.745,7.391,2724592.16002878,20073749.52491822,
2024-02-23,7.392,8.125,7.132,7.363,2658386.52229773,20229731.81196730,
2024-02-24,7.363,7.583,6.875,7.227,1563695.81264944,11224761.86884901,
2024-02-25,7.228,7.745,7.127,7.213,1575281.39328264,11737762.48136803,
2024-02-26,7.216,7.683,7.05,7.59,1622206.25602429,11897407.78666899,
2024-02-27,7.59,7.643,7.074,7.185,1265276.05000000,9356860.79466200,
2024-02-28,7.186,8.066,6.8,8.004,3332320.61115639,25123373.29412981,
2024-02-29,8.006,8.284,7.255,7.526,2050981.79259994,15874114.42128965,
2024-03-01,7.526,8.241,7.409,7.843,2138249.95333864,16653961.10549137,
2024-03-02,7.844,7.974,7.507,7.644,996354.16789347,7638422.91525979,
2024-03-03,7.653,8.066,7.21,7.558,1600773.20501675,12338989.03419811,
2024-03-04,7.556,7.67,7.152,7.378,1212833.07590484,9015798.60077104,
2024-03-05,7.375,7.454,5.8,6.899,3212667.98113888,22316570.30996165,
2024-03-06,6.896,9.763,6.585,9.307,4203650.80083309,34619924.48116813,
2024-03-07,9.306,10.782,9.2,9.967,4539974.96088748,45017499.01454311,
2024-03-08,9.977,10.99,9.253,10.443,3140967.48964509,31699887.29159548,
2024-03-09,10.451,12.711,10.284,12.403,3613756.35886200,41539978.75499220,
2024-03-10,12.404,12.522,11.129,11.349,1761656.15802800,20747609.31694820,
2024-03-11,11.361,12.7,10.794,11.474,2310840.23326800,27424865.13150427,
2024-03-12,11.483,11.747,10.549,11.393,1289651.84907528,14519482.06470642,
2024-03-13,11.398,11.774,11.016,11.334,1039069.57470200,11790719.53966583,
2024-03-14,11.344,11.932,10.624,11.838,1676087.47878200,18802747.71194536,
2024-03-15,11.842,11.97,9.936,11.071,1522386.80297046,16546810.09914276,
2024-03-16,11.076,11.895,9.93,10.298,1817211.53379204,19892438.96780601,
2024-03-17,10.293,13.644,10.185,13.15,3729492.02011586,44988785.26440031,
2024-03-18,13.147,13.513,11.628,11.758,2195854.82387500,27339113.43279400,
2024-03-19,11.757,11.887,10.305,10.697,2355813.38912494,25914017.95558203,
2024-03-20,10.684,12.309,10.43,11.713,2304214.78281748,26189842.74966503,
2024-03-21,11.701,11.704,10.665,10.762,1363609.35297946,15089897.60666029,
2024-03-22,10.76,11.389,10.327,10.696,1546925.30000000,16647742.33635000,
2024-03-23,10.697,11.042,10.439,10.669,1018927.61457307,11020387.81824762,
2024-03-24,10.664,11.107,10.435,10.923,1011495.43610700,10862098.30215190,
2024-03-25,10.926,11.377,10.792,11.045,1648411.85220500,18262334.41061073,
2024-03-26,11.045,11.743,10.832,11.111,1287804.50305087,14580348.72965877,
2024-03-27,11.109,12.024,10.637,11.223,1847209.58713500,20946471.98588668,
2024-03-28,11.231,11.729,10.906,11.169,945217.49223504,10684121.92031493,
2024-03-29,11.17,11.216,10.809,10.948,815853.04667900,8950595.11665008,
2024-03-30,10.948,11.047,10.674,10.675,938548.87156000,10250358.13065630,
2024-03-31,10.677,10.909,10.422,10.648,1031188.28000000,10989997.33720000,
2024-04-01,10.648,10.687,9.672,10.075,1896037.62017580,19254474.26893631,
2024-04-02,10.077,10.077,9.064,9.443,1861347.29128006,17571099.40076355,
2024-04-03,9.444,9.894,9.122,9.355,1590536.35493100,15187088.70199804,
2024-04-04,9.355,9.895,9.21,9.61,998050.53290000,9571409.80950210,
2024-04-05,9.61,9.651,8.763,9.229,1026859.09900000,9385579.19507600,
2024-04-06,9.229,9.704,9.15,9.536,607187.89853000,5753683.50203500,
2024-04-07,9.541,9.876,9.497,9.763,510177.04967000,4941851.67262380,
2024-04-08,9.765,10.399,9.498,10.306,727332.83000000,7260418.14237000,
2024-04-09,10.312,10.54,9.301,9.417,732582.73857700,7198627.15836406,
2024-04-10,9.416,9.469,8.793,9.224,718143.56013700,6553387.77273106,
2024-04-11,9.227,9.435,8.8,9.028,709580.65417900,6461925.70118384,
2024-04-12,9.031,9.239,6.567,8.186,2464596.45290090,19588034.63042695,
2024-04-13,8.186,8.356,6.104,7.482,4237223.87241483,31355461.74843766,
2024-04-14,7.481,9.01,7.13,8.973,4532343.60926405,35454021.77662061,
2024-04-15,8.976,9.478,8.008,8.279,3373991.43779196,29952464.51888588,
2024-04-16,8.279,8.6,7.745,8.278,1681787.51000000,13785431.78745000,
2024-04-17,8.278,8.328,7.441,7.66,1839857.93000000,14385252.60382000,
2024-04-18,7.659,8.102,7.45,7.893,1019515.21000000,7969536.28053000,
2024-04-19,7.897,8.292,7.14,7.903,1655840.80000000,13027437.79145000,
2024-04-20,7.91,9.066,7.781,8.978,771902.29000000,6520025.93031000,
2024-04-21,8.98,9.274,8.657,9.097,703810.50730000,6307604.02135980,
2024-04-22,9.09,9.458,8.945,9.276,868149.12620000,8019600.47599760,
2024-04-23,9.276,9.742,8.872,8.982,841017.72200000,7766419.18195800,
2024-04-24,8.981,9.356,8.343,8.476,1189892.25000000,10545076.69476000,
2024-04-25,8.484,8.87,8.23,8.617,812273.75000000,6893323.03091000,
2024-04-26,8.616,8.694,8.062,8.129,562167.82000000,4697204.17380000,
2024-04-27,8.134,8.229,7.752,8.072,549061.41000000,4380652.43007000,
2024-04-28,8.075,8.434,7.878,7.965,384279.09900000,3144761.26232400,
2024-04-29,7.966,8.1,7.578,7.881,625535.21000000,4868026.52296000,
2024-04-30,7.887,8,6.989,7.34,1002906.55032300,7348222.09159111,
2024-05-01,7.342,7.869,6.887,7.663,2072516.61908135,15056229.52922938,
2024-05-02,7.663,7.954,7.313,7.825,820696.16000000,6293073.89278000,
2024-05-03,7.826,8.383,7.623,8.24,802858.78000000,6442732.66936000,
2024-05-04,8.242,9.1,8.229,8.96,696980.23559700,6071167.65585553,
2024-05-05,8.956,9.998,8.77,9.869,1546387.91794000,14670710.60695874,
2024-05-06,9.868,10.227,9.587,9.945,1750682.18705000,17382712.42723400,
2024-05-07,9.947,10.867,9.947,10.29,2262816.94000000,23799321.78555000,
2024-05-08,10.289,10.555,9.418,9.893,1671426.35346800,16821985.16529289,
2024-05-09,9.89,11.377,9.884,10.836,3049636.83900400,32674728.32208833,
2024-05-10,10.837,11.581,10.713,10.953,3194403.21305800,35613297.42250838,
2024-05-11,10.955,11.29,10.629,10.946,1428928.30000000,15668251.25267000,
2024-05-12,10.962,11.098,10.765,10.817,702860.92627500,7718658.12392392,
2024-05-13,10.819,11.485,10.272,11.254,2910747.42716100,32162780.12217138,
2024-05-14,11.258,11.399,9.811,10.035,2446122.88000000,25612494.18042000,
2024-05-15,10.036,11.139,9.765,10.64,2034467.18284005,21593859.66387758,
2024-05-16,10.638,10.791,9.835,10.044,883243.39000000,9023492.04355000,
2024-05-17,10.048,10.373,9.907,10.077,851879.51000000,8622598.31746000,
2024-05-18,10.078,10.366,9.799,10.331,664548.14000000,6685507.12847000,
2024-05-19,10.333,10.648,10.015,10.048,763288.05261100,7876108.69383518,
2024-05-20,10.048,10.923,9.808,10.874,1459380.04033200,15270680.11347390,
2024-05-21,10.875,11.268,10.607,11.195,1062158.42800000,11670112.36283400,
2024-05-22,11.2,11.888,10.624,10.657,4230101.37038696,47640202.90786913,
2024-05-23,10.659,10.796,9.767,10.233,2808743.66200000,28953443.82069600,
2024-05-24,10.233,10.325,9.748,10.114,771851.92831000,7784851.33493384,
2024-05-25,10.111,10.445,10.032,10.083,371663.20000000,3797256.72103000,
2024-05-26,10.084,10.178,9.87,9.987,360051.14000000,3605871.30367000,
2024-05-27,9.989,10.379,9.972,10.161,508818.58000000,5181671.48385000,
2024-05-28,10.161,10.262,9.885,10.222,653739.71000000,6548890.05465000,
2024-05-29,10.224,10.649,10.097,10.29,1968811.36000000,20341241.72965000,
2024-05-30,10.291,10.598,9.991,10.023,875321.96830700,8975715.06446085,
2024-05-31,10.023,10.281,9.824,10.124,551597.75940700,5548775.93739908,
2024-06-01,10.126,10.157,9.977,10.049,248705.09400000,2495222.43609200,
2024-06-02,10.049,10.111,9.745,9.932,291770.55000000,2897354.87105000,
2024-06-03,9.932,10.16,9.81,10.008,374803.47000000,3756085.70955000,
2024-06-04,10.003,10.477,9.953,10.337,467842.77000000,4790688.21106000,
2024-06-05,10.337,10.776,10.295,10.702,666518.27069900,7024219.83717634,
2024-06-06,10.702,10.889,10.314,10.374,357830.43000000,3797740.53861000,
2024-06-07,10.373,10.475,8.462,9.578,1010381.45529919,9766031.51473023,
2024-06-08,9.577,9.719,9,9.153,508280.60000000,4712229.98921000,
2024-06-09,9.133,9.258,8.93,9.215,293175.67000000,2669695.98693000,
2024-06-10,9.218,9.346,8.59,8.642,1039825.05000000,9314101.84604000,
2024-06-11,8.642,8.669,7.975,8.2,1565571.05243587,12967896.91718730,
2024-06-12,8.2,9.479,7.992,9.269,1774002.03000000,15989930.71786000,
2024-06-13,9.272,9.299,8.224,8.318,1339668.95000000,11600731.09541000,
2024-06-14,8.318,8.453,7.625,7.93,890272.23114420,7119785.87572895,
2024-06-15,7.932,8.179,7.892,7.939,272869.00000000,2186229.33151000,
2024-06-16,7.94,8.508,7.753,8.397,367516.42000000,2984338.20536000,
2024-06-17,8.401,8.48,7.431,7.702,892639.81535000,7042922.74448828,
2024-06-18,7.701,7.74,6.609,7.408,1619251.51878920,11543845.33158068,
2024-06-19,7.409,7.951,7.307,7.733,710953.18000000,5499374.08208000,
2024-06-20,7.737,8.275,7.514,7.563,894987.76000000,7068751.99230000,
2024-06-21,7.568,7.668,7.319,7.495,466482.17000000,3481857.26288000,
2024-06-22,7.496,7.664,7.326,7.34,277489.54000000,2069025.60459000,
2024-06-23,7.342,7.476,6.968,7.015,373153.12000000,2678377.99324000,
2024-06-24,7.016,7.6,6.692,7.53,1324635.87311413,9426939.79039352,
2024-06-25,7.531,7.929,7.466,7.67,539977.97000000,4164209.99070000,
2024-06-26,7.669,7.817,7.356,7.445,420811.36000000,3188163.10720000,
2024-06-27,7.448,7.912,7.263,7.732,323503.05000000,2470625.49338000,
2024-06-28,7.734,7.856,7.296,7.371,444785.27000000,3361832.08676000,
2024-06-29,7.371,7.47,7.156,7.161,166727.12000000,1218506.01943000,
2024-06-30,7.165,7.767,7.083,7.695,265283.97000000,1957973.65038000,
2024-07-01,7.696,7.964,7.463,7.538,403925.17000000,3114814.33492000,
2024-07-02,7.537,7.79,7.47,7.659,362041.61000000,2770936.43915000,
2024-07-03,7.662,7.727,6.951,7.047,601540.33000000,4370014.77533000,
2024-07-04,7.048,7.208,6.511,6.562,1180202.23000000,8036036.00044000,
2024-07-05,6.562,6.676,5.654,6.371,3046034.10537568,18916940.59402789,
2024-07-06,6.384,7.063,6.333,6.991,454349.31000000,3035955.97975000,
2024-07-07,6.992,6.996,6.326,6.358,523802.60280000,3466802.32141040,
2024-07-08,6.358,6.802,6.049,6.351,1035886.75000000,6648845.61030000,
2024-07-09,6.35,6.543,6.23,6.475,956107.18000000,6113256.81448000,
2024-07-10,6.475,6.908,6.335,6.494,577535.99000000,3830284.91819000,
2024-07-11,6.492,6.679,5.93,5.972,955624.14969100,6024826.92098798,
2024-07-12,5.973,6.238,5.686,6.121,973671.62000000,5792054.52513000,
2024-07-13,6.122,6.24,5.951,6.009,526745.72000000,3225690.96574000,
2024-07-14,6.013,6.265,6.003,6.181,704581.41000000,4341203.14120000,
2024-07-15,6.18,6.783,6.128,6.716,2424431.60400000,15760005.00002600,
2024-07-16,6.716,6.821,6.407,6.45,348638.13830215,2318272.87235889,
2024-07-17,6.45,6.45,6.45,6.45,0.0,0.0,
2024-07-18,6.45,6.45,6.45,6.45,0.0,0.0,
2024-07-19,6.45,6.45,6.45,6.45,0.0,0.0,
2024-07-20,6.45,6.45,6.45,6.45,0.0,0.0,
2024-07-21,6.45,6.45,6.45,6.45,0.0,0.0,
2024-07-22,6.45,6.45,6.45,6.45,0.0,0.0,
2024-07-23,6.45,6.45,6.45,6.45,0.0,0.0,
2024-07-24,6.45,6.45,6.45,6.45,0.0,0.0,
2024-07-25,6.13,6.242,5.9,6.149,117651.72000000,710749.73983000,
2024-07-26,6.142,7.033,6.035,6.779,1995433.81000000,13609861.78698000,
2024-07-27,6.777,6.854,6.347,6.466,2128521.57000000,14129787.04324000,
2024-07-28,6.464,6.545,6.158,6.266,759996.43000000,4842345.07257000,
2024-07-29,6.262,6.649,6.121,6.155,788798.80000000,5030607.42693000,
2024-07-30,6.15,6.308,5.928,6.015,684482.97950112,4190917.64605761,
2024-07-31,6.016,6.177,5.699,5.74,1335616.43352408,7908863.95069389,
2024-08-01,5.745,5.884,5.11,5.602,2337414.82204504,12708684.10262980,
2024-08-02,5.601,5.644,4.835,4.935,1487150.18349575,7663200.61000968,
2024-08-03,4.938,5.331,4.76,4.95,1471287.03940955,7341006.75854961,
2024-08-04,4.941,5.076,4.309,4.529,1609063.45724090,7594711.27987961,
2024-08-05,4.533,4.6,3.421,4.127,9608118.16635107,38623620.95287596,
2024-08-06,4.12,4.887,4.119,4.684,4357731.87554690,20143487.74936155,
2024-08-07,4.679,4.981,4.294,4.375,5046810.96253942,23587747.24839989,
2024-08-08,4.373,5.078,4.262,5.044,2429376.50337969,11250810.20714986,
2024-08-09,5.042,5.122,4.803,4.851,1485140.73567282,7287575.81377986,
2024-08-10,4.845,4.949,4.747,4.893,470622.71800395,2287816.52492991,
2024-08-11,4.901,5.116,4.469,4.482,622608.68246988,2991746.58491991,
2024-08-12,4.483,4.776,4.428,4.71,734735.81885609,3402868.94745992,
2024-08-13,4.706,4.879,4.524,4.826,1040655.66023477,4896621.59133982,
2024-08-14,4.824,4.958,4.631,4.7,991197.19830315,4766706.24745988,
2024-08-15,4.698,4.758,4.458,4.544,1586078.11581262,7323703.91892980,
2024-08-16,4.546,4.622,4.305,4.504,730968.26603814,3268073.25261939,
2024-08-17,4.501,4.565,4.393,4.515,418438.52306674,1874468.52201985,
2024-08-18,4.517,4.637,4.463,4.497,607593.77805157,2767477.97239982,
2024-08-19,4.497,4.614,4.314,4.613,1089063.17904329,4838115.26814985,
2024-08-20,4.613,4.718,4.369,4.492,777979.84599720,3562969.57830986,
2024-08-21,4.493,4.855,4.401,4.784,818427.54726109,3773876.64898993,
2024-08-22,4.788,5.092,4.715,5.052,1237905.71000000,6133646.86958000,
2024-08-23,5.054,5.761,5.047,5.595,1837138.90000000,9959963.13959000,
2024-08-24,5.597,6.356,5.45,6.2,1868794.70999999,11213155.46418994,
2024-08-25,6.193,6.498,6.093,6.316,2429064.29000000,15168551.46725000,
2024-08-26,6.312,6.419,5.958,6.157,1474055.36000000,9106598.18112000,
2024-08-27,6.154,6.582,5.567,5.715,2696276.77000000,16401258.88197000,
2024-08-28,5.716,6.139,5.432,5.516,2785459.93000000,16109934.66842000,
2024-08-29,5.523,5.815,5.174,5.243,2301783.40000000,12792772.11068000,
2024-08-30,5.246,5.324,4.9,5.236,1118237.74000000,5758742.57935000,
2024-08-31,5.241,5.335,4.955,4.998,663807.19000000,3383552.00645000,
2024-09-01,4.998,5.165,4.8,4.827,1057759.55000000,5280490.10200000,
2024-09-02,4.823,5.157,4.777,5.088,1093877.42000000,5437796.98455000,
2024-09-03,5.086,5.204,4.702,4.706,987205.92000000,4866326.52495000,
2024-09-04,4.71,5.05,4.531,4.921,1543611.09000000,7430927.11249000,
2024-09-05,4.917,4.96,4.628,4.678,1326835.20000000,6367759.96854000,
2024-09-06,4.681,4.939,4.45,4.679,1606231.15000000,7559066.77826000,
2024-09-07,4.681,4.894,4.666,4.718,300576.16000000,1433881.48503000,
2024-09-08,4.717,4.946,4.706,4.87,258406.59000000,1245825.25487000,
2024-09-09,4.871,5.26,4.797,5.161,1533195.36000000,7641132.95337000,
2024-09-10,5.169,5.349,5.001,5.266,1508801.69000000,7849118.90094000,
2024-09-11,5.268,5.287,4.818,5.087,2020549.17000000,10161348.02955000,
2024-09-12,5.089,5.322,5.089,5.247,1338811.67000000,6964618.91634000,
2024-09-13,5.246,5.31,4.997,5.232,1230762.04000000,6369798.06249000,
2024-09-14,5.233,5.386,5.183,5.234,529855.13999999,2797219.33108994,
2024-09-15,5.235,5.315,4.897,4.945,929492.83000000,4798685.27659000,
2024-09-16,4.944,4.998,4.674,4.739,607961.12000000,2933696.50535000,
2024-09-17,4.738,4.964,4.659,4.766,2099375.17000000,10127738.14693000,
2024-09-18,4.766,4.992,4.596,4.987,1477267.19000000,7021959.94961000,
2024-09-19,4.991,5.279,4.982,5.127,1491289.54000000,7678634.45796000,
2024-09-20,5.127,5.452,5.044,5.28,1481349.00000000,7827345.88569000,
2024-09-21,5.283,5.639,5.163,5.605,829126.49000000,4453054.58058000,
2024-09-22,5.611,5.741,5.383,5.629,1794504.26000000,10021118.45166000,
2024-09-23,5.629,6.323,5.497,6.223,2950684.24000000,17975927.52265000,
2024-09-24,6.205,6.321,5.957,6.26,1389057.58000000,8533004.95136000,
2024-09-25,6.26,6.292,5.88,5.915,1443240.10000000,8869271.55075000,
2024-09-26,5.916,6.499,5.832,6.313,1623288.93000000,10127610.24450000,
2024-09-27,6.314,6.823,6.28,6.695,698051.53000000,4543510.43826000,
2024-09-28,6.694,6.784,6.38,6.537,433372.01000000,2834283.58576000,
2024-09-29,6.543,6.819,6.339,6.677,814942.78000000,5370388.66222000,
2024-09-30,6.669,6.786,6.33,6.443,1886747.63000000,12369381.02768000,
2024-10-01,6.443,6.707,5.579,5.806,1776392.45000000,10863975.54166000,
2024-10-02,5.801,6.065,5.358,5.431,1732564.45000000,9860165.94987000,
2024-10-03,5.432,5.628,5.031,5.255,1515999.12000000,8003840.45454000,
2024-10-04,5.256,5.882,5.217,5.677,1267907.35000000,7124263.37629000,
2024-10-05,5.677,5.782,5.354,5.446,414479.66000000,2311348.41510000,
2024-10-06,5.447,5.625,5.302,5.433,969898.40000000,5294294.10230000,
2024-10-07,5.434,5.678,5.238,5.247,1774690.70000000,9721198.63842000,
2024-10-08,5.247,5.377,5.158,5.348,1054454.99000000,5551637.55963000,
2024-10-09,5.348,5.432,4.99,5.069,820557.63000000,4260336.17688000,
2024-10-10,5.07,5.21,4.902,5.089,707532.14000000,3573355.22957000,
2024-10-11,5.09,5.44,5.048,5.397,454705.49000000,2409372.89920000,
2024-10-12,5.398,5.615,5.392,5.447,406958.48000000,2241286.80070000,
2024-10-13,5.448,5.481,5.184,5.387,331399.93000000,1768334.03697000,
2024-10-14,5.388,5.739,5.332,5.593,880920.72000000,4929304.24952000,
2024-10-15,5.594,5.784,5.335,5.484,2098302.16000000,11575902.01398000,
2024-10-16,5.484,5.562,5.269,5.366,729057.22000000,3952757.30455000,
2024-10-17,5.367,5.42,5.104,5.22,436145.54000000,2286819.91833000,
2024-10-18,5.221,5.45,5.179,5.408,441857.84000000,2364353.85888000,
2024-10-19,5.409,5.481,5.281,5.363,229443.71000000,1231136.80307000,
2024-10-20,5.364,5.558,5.259,5.516,400023.50000000,2167113.67620000,
2024-10-21,5.517,5.601,5.195,5.236,604513.11000000,3260354.31365000,
2024-10-22,5.236,5.338,5.094,5.216,557731.92000000,2904485.83013000,
2024-10-23,5.217,5.228,4.921,5.1,500200.75000000,2534367.08806000,
2024-10-24,5.1,5.283,5.046,5.205,403642.83000000,2090731.34766000,
2024-10-25,5.205,5.237,4.36,4.614,984891.68000000,4725691.68054000,
2024-10-26,4.614,4.889,4.543,4.792,487138.81000000,2304180.69002000,
2024-10-27,4.792,4.951,4.766,4.873,192243.92000000,932128.03205000,
2024-10-28,4.873,4.991,4.634,4.91,557346.85000000,2694579.48224000,
2024-10-29,4.911,5.209,4.893,5.148,1138335.02000000,5786830.43391000,
2024-10-30,5.146,5.158,4.943,4.974,921581.97000000,4628138.05654000,
2024-10-31,4.974,5.002,4.663,4.778,1744581.24000000,8380776.40554000,
2024-11-01,4.776,4.962,4.625,4.695,1620171.25000000,7725853.68715000,
2024-11-02,4.694,4.74,4.526,4.6,344594.64000000,1586075.40955000,
2024-11-03,4.601,4.62,4.197,4.448,2016867.95000000,8825444.68625000,
2024-11-04,4.448,4.516,4.119,4.221,995848.00000000,4295121.53374000,
2024-11-05,4.221,4.547,4.221,4.42,1559662.97000000,6865702.78469000,
2024-11-06,4.422,5.154,4.421,5.051,8418617.14000000,40882322.40148000,
2024-11-07,5.051,5.258,4.919,5.029,1874460.44000000,9547088.63318000,
2024-11-08,5.031,5.136,4.789,4.971,1581562.45000000,7830908.50889000,
2024-11-09,4.973,5.425,4.863,5.307,1368078.37437894,7048731.67969124,
2024-11-10,5.307,5.961,5.252,5.636,8888085.10000000,49851646.79923000,
2024-11-11,5.636,7.104,5.613,6.925,12128195.84000000,74176295.16727000,
2024-11-12,6.925,7.586,6.475,7.208,8640028.61000000,60520563.41864000,
2024-11-13,7.2,7.5,6.345,6.998,5213242.16000000,36199285.93608000,
2024-11-14,6.998,7.266,6.49,6.569,4019373.17000000,27862998.88542000,
2024-11-15,6.568,7.145,6.371,6.915,2379544.15000000,15935928.24274000,
2024-11-16,6.914,7.461,6.749,7.037,2247672.50000000,15800138.79849000,
2024-11-17,7.039,7.35,6.627,7.083,2431921.50000000,17082604.29098000,
2024-11-18,7.083,8.098,7.039,7.663,4823661.40000000,37127676.38543000,
2024-11-19,7.664,8.302,7.392,7.878,2728210.05000000,21698468.52764000,
2024-11-20,7.875,8.212,7.322,7.349,2555350.01000000,20003363.68080000,
2024-11-21,7.351,7.647,7.061,7.342,2647885.10000000,19492200.47278000,
2024-11-22,7.343,7.584,6.965,7.58,1744772.03000000,12674037.19825000,
2024-11-23,7.582,8.208,7.488,7.667,3306336.12000000,25788525.72295000,
2024-11-24,7.67,8.125,7.242,8.04,4107275.01000000,31515755.69389000,
2024-11-25,8.048,8.289,7.35,7.503,2539125.70000000,19962251.96507000,
2024-11-26,7.503,7.76,7.099,7.437,1530594.42000000,11296108.09252000,
2024-11-27,7.435,7.991,7.323,7.913,1017656.24000000,7799469.93329000,
2024-11-28,7.91,8.801,7.899,8.544,2471235.65000000,20558296.11283000,
2024-11-29,8.545,8.987,8.366,8.731,1901035.64000000,16624018.31175000,
2024-11-30,8.731,9.144,8.653,8.887,1392966.11000000,12307379.72105000,
2024-12-01,8.885,8.944,8.625,8.716,734007.10000000,6443554.28210000,
2024-12-02,8.72,8.836,8.047,8.747,1610771.46000000,13563472.56086000,
2024-12-03,8.748,9.29,8.205,8.92,2194695.23000000,19237887.15701000,
2024-12-04,8.924,9.113,8.447,8.675,1557847.58000000,13739001.90351000,
2024-12-05,8.674,11.834,8.18,10.094,5761710.56000000,58339796.94325000,
2024-12-06,10.094,11,9.817,10.471,2312104.96000000,24055316.17805000,
2024-12-07,10.472,10.555,10.163,10.27,284483.09000000,2937146.24968000,
2024-12-08,10.277,10.517,9.948,10.27,298139.78000000,3042317.96153000,
2024-12-09,10.271,10.271,7.605,8.912,1082962.07000000,10020331.37238000,
2024-12-10,8.911,9.106,8.072,8.729,2450495.91000000,20838215.63073000,
2024-12-11,8.724,10.012,8.353,9.611,976445.53000000,9177203.31409000,
2024-12-12,9.613,10.1,9.375,9.493,775977.38000000,7542118.43356000,
2024-12-13,9.496,9.632,9.093,9.411,419016.04000000,3911633.13824000,
2024-12-14,9.413,9.527,8.804,9.084,309024.93000000,2830423.34781000,
2024-12-15,9.063,9.385,8.826,9.318,204904.78000000,1870579.47030000,
2024-12-16,9.329,9.697,8.788,8.903,561708.51000000,5119470.48706000,
2024-12-17,8.902,9.052,8.425,8.512,456566.24000000,4015676.40901000,
2024-12-18,8.534,8.587,7.628,7.781,810000.64000000,6589967.78410000,
2024-12-19,7.768,8.014,6.866,7.239,1875906.92000000,13836610.16803000,
2024-12-20,7.244,7.505,6.088,7.377,2404464.42000000,16156650.76836000,
2024-12-21,7.373,8.057,6.965,7.106,946489.30000000,6980390.12439000,
2024-12-22,7.112,7.373,6.829,7.035,484758.38000000,3420482.80383000,
2024-12-23,7.036,7.771,6.848,7.665,566164.91000000,4102753.59529000,
2024-12-24,7.663,7.997,7.516,7.815,392402.88000000,3050210.59594000,
2024-12-25,7.815,7.85,7.427,7.545,210877.95000000,1611278.50181000,
2024-12-26,7.546,7.659,7.006,7.116,296847.28000000,2139819.22907000,
2024-12-27,7.115,7.529,6.954,7.003,290467.59000000,2088323.19181000,
2024-12-28,7.005,7.231,6.826,7.152,184450.39000000,1301721.78811000,
2024-12-29,7.152,7.179,6.745,6.852,133160.32000000,930544.78544000,
2024-12-30,6.84,7.105,6.62,6.838,372291.39000000,2557130.68194000,
2024-12-31,6.838,7.125,6.684,6.789,270753.08000000,1867686.93860000,
2025-01-01,6.789,7.264,6.633,7.177,135413.55000000,935867.42822000,
2025-01-02,7.179,7.878,7.157,7.63,471349.89000000,3586369.01100000,
2025-01-03,7.631,8.143,7.477,8.063,417574.34000000,3294690.97764000,
2025-01-04,8.064,8.25,7.925,8.058,250179.07000000,2018171.41258000,
2025-01-05,8.061,8.447,7.913,8.278,210924.53000000,1716557.02730000,
2025-01-06,8.281,9.025,8.089,8.908,788450.67000000,6848286.23659000,
2025-01-07,8.907,8.916,8.03,8.094,817151.26000000,6878096.22215000,
2025-01-08,8.099,8.244,7.111,7.57,986888.46000000,7512657.57546000,
2025-01-09,7.567,7.639,6.897,7.026,670424.80000000,4813409.24930000,
2025-01-10,7.025,7.747,7.025,7.29,734520.03000000,5410844.52493000,
2025-01-11,7.291,7.534,7.069,7.356,191939.36000000,1387975.84924000,
2025-01-12,7.36,7.379,7.011,7.114,98219.64000000,708568.08153000,
2025-01-13,7.118,7.314,6.374,6.964,641817.47000000,4316215.76205000,
2025-01-14,6.967,7.284,6.876,7.021,385970.16872466,2731908.36774738,
2025-01-15,7.027,7.69,6.761,7.675,562606.56681840,4033097.27458350,
2025-01-16,7.681,7.719,7.277,7.491,436126.46786910,3264918.46692544,
2025-01-17,7.497,8.048,7.456,7.961,316765.09000000,2485976.61530000,
2025-01-18,7.966,8.216,7.308,7.47,697973.25000000,5294135.75286000,
2025-01-19,7.468,7.635,6.531,6.7,1326165.10000000,9358531.63313000,
2025-01-20,6.701,7.525,6.446,6.733,1914257.79000000,13080077.90021000,
2025-01-21,6.727,7.383,6.447,7.244,770130.57000000,5345885.10666000,
2025-01-22,7.233,7.37,7.006,7.053,500462.55000000,3580329.69053000,
2025-01-23,7.052,7.121,6.734,7.062,559567.83000000,3862726.90513000,
2025-01-24,7.072,7.282,6.783,6.882,321358.57000000,2270685.24808000,
2025-01-25,6.882,7.045,6.717,6.962,280517.86000000,1940323.07454000,
2025-01-26,6.973,7.172,6.725,6.732,231698.41000000,1617099.75290000,
2025-01-27,6.73,6.768,5.805,6.224,1122448.43000000,6901776.20421000,
2025-01-28,6.227,6.321,5.461,5.539,629471.51000000,3641678.67145000,
2025-01-29,5.539,5.964,5.308,5.478,927197.39000000,5226080.30847000,
2025-01-30,5.48,6.039,5.416,5.874,411955.26000000,2388849.63965000,
2025-01-31,5.878,6.194,5.755,5.848,438776.95000000,2618925.75267000,
2025-02-01,5.846,6.026,5.325,5.381,352927.68000000,1987517.12152000,
2025-02-02,5.375,5.493,4.403,4.697,2044424.08000000,9989739.61478000,
2025-02-03,4.704,5.212,3.28,5.048,5014655.60000000,21553049.28399000,
2025-02-04,5.054,5.077,4.463,4.616,1526390.60000000,7179681.35265000,
2025-02-05,4.617,4.756,4.412,4.463,486555.66000000,2228756.06661000,
2025-02-06,4.464,4.638,4.143,4.189,615826.61000000,2711832.17063000,
2025-02-07,4.189,4.558,3.991,4.133,698375.04000000,3010789.67949000,
2025-02-08,4.131,4.3,4.008,4.256,370227.68000000,1524862.97835000,
2025-02-09,4.259,4.423,4.014,4.245,407884.32000000,1724648.28171000,
2025-02-10,4.24,4.531,4.097,4.454,349910.36000000,1529542.82846000,
2025-02-11,4.46,4.774,4.363,4.457,395467.08000000,1807358.43643000,
2025-02-12,4.456,4.726,4.213,4.65,733049.19000000,3245734.05400000,
2025-02-13,4.65,4.727,4.359,4.5,268844.04000000,1208765.61210000,
2025-02-14,4.506,4.834,4.497,4.728,359152.50000000,1685426.47882000,
2025-02-15,4.727,4.831,4.509,4.576,150369.78000000,699570.18985000,
2025-02-16,4.571,4.603,4.45,4.471,205452.57000000,930616.17546000,
2025-02-17,4.471,4.683,4.271,4.385,464748.57000000,2066949.55942000,
2025-02-18,4.38,4.396,3.962,4.173,434913.72000000,1792294.57715000,
2025-02-19,4.181,4.284,4.084,4.243,216991.32000000,914352.27168000,
2025-02-20,4.242,4.459,4.208,4.444,378264.03000000,1631886.57655000,
2025-02-21,4.445,4.633,4.051,4.169,609869.42000000,2645202.19543000,
2025-02-22,4.166,4.383,4.135,4.266,331837.09000000,1418625.74585000,
2025-02-23,4.266,4.303,4.091,4.163,212688.68000000,887276.75727000,
2025-02-24,4.163,4.207,3.588,3.636,1239247.45000000,4743691.50658000,
2025-02-25,3.634,3.747,3.35,3.661,1840420.34000000,6482000.53528000,
2025-02-26,3.662,3.869,3.571,3.772,1108102.10000000,4116024.96579000,
2025-02-27,3.774,3.901,3.626,3.736,447193.40000000,1688414.47490000,
2025-02-28,3.737,3.861,3.424,3.817,1240739.69000000,4499969.89623000,
2025-03-01,3.817,3.878,3.666,3.807,280903.60000000,1063853.74310000,
2025-03-02,3.802,4.473,3.723,4.425,1722803.75000000,7176822.94302000,
2025-03-03,4.424,4.483,3.698,3.724,1334082.00000000,5344283.91378000,
2025-03-04,3.723,3.731,3.254,3.528,1482687.08004400,5173914.86912369,
2025-03-05,3.527,3.795,3.468,3.726,528163.01000000,1935472.40930000,
2025-03-06,3.724,4.174,3.685,3.807,778555.62000000,3083886.83158000,
2025-03-07,3.81,3.859,3.552,3.592,1375266.56000000,5134928.38375000,
2025-03-08,3.592,3.613,3.436,3.494,227993.31000000,802211.63698000,
2025-03-09,3.496,3.525,3.003,3.025,528508.34000000,1685340.60616000,
2025-03-10,3.03,3.23,2.643,2.73,1145511.26000000,3357067.48710000,
2025-03-11,2.738,3.055,2.521,2.957,1491796.79000000,4208827.64456000,
2025-03-12,2.959,3.183,2.851,3.08,1443900.29000000,4394116.75088000,
2025-03-13,3.081,3.124,2.836,2.963,434002.50000000,1289121.34681000,
2025-03-14,2.966,3.23,2.948,3.156,468845.11000000,1454736.26203000,
2025-03-15,3.159,3.337,3.152,3.259,193680.45000000,626342.13467000,
2025-03-16,3.26,3.29,3.069,3.106,206054.08000000,654245.58250000,
2025-03-17,3.107,3.325,3.106,3.222,342948.21000000,1104752.64796000,
2025-03-18,3.221,3.25,3.06,3.23,246088.52000000,771525.76593000,
2025-03-19,3.229,3.434,3.202,3.429,614577.58000000,2041017.51496000,
2025-03-20,3.431,3.474,3.218,3.318,372257.00000000,1240632.20737000,
2025-03-21,3.317,3.332,3.145,3.213,371325.54000000,1200941.45752000,
2025-03-22,3.212,3.368,3.209,3.316,243994.62000000,803691.01784000,
2025-03-23,3.314,3.471,3.281,3.471,122666.64000000,411420.63485000,
2025-03-24,3.472,3.965,3.463,3.788,604686.14000000,2286768.61662000,
2025-03-25,3.789,4.138,3.747,4.038,509581.20000000,2043193.58369000,
2025-03-26,4.038,4.212,3.89,3.919,408717.49000000,1659717.29796000,
2025-03-27,3.924,4.042,3.87,3.923,241137.78000000,953524.61317000,
2025-03-28,3.926,3.976,3.59,3.728,534253.54000000,2004613.67335000,
2025-03-29,3.727,3.822,3.45,3.506,342811.44000000,1239066.38128000,
2025-03-30,3.508,3.609,3.387,3.409,289231.57000000,1015368.26562000,
2025-03-31,3.415,3.559,3.29,3.406,655511.32000000,2255142.28457000,
2025-04-01,3.404,3.793,3.383,3.692,473731.43000000,1717158.41761000,
2025-04-02,3.692,3.826,3.26,3.311,3013274.05000000,10976126.19464000,
2025-04-03,3.31,3.419,3.084,3.302,1011165.25000000,3276925.16194000,
2025-04-04,3.304,3.328,3.105,3.231,1346073.05000000,4329582.46450000,
2025-04-05,3.232,3.255,3.101,3.166,327322.43000000,1041003.17974000,
2025-04-06,3.167,3.181,2.715,2.783,1210888.47000000,3493215.23730000,
2025-04-07,2.783,3.052,2.505,2.963,5148674.78000000,14487838.86277000,
2025-04-08,2.962,3.178,2.8,2.824,1343162.23000000,4037774.29904000,
2025-04-09,2.825,3.48,2.719,3.38,3585253.24000000,11363939.17158000,
2025-04-10,3.38,3.476,3.232,3.464,1399041.68000000,4684629.01295000,
2025-04-11,3.463,3.819,3.463,3.717,1646568.26000000,6058194.51956000,
2025-04-12,3.716,3.987,3.708,3.956,835090.20000000,3237489.06735000,
2025-04-13,3.956,4.065,3.692,3.778,588748.57000000,2288449.32735000,
2025-04-14,3.778,4.006,3.769,3.93,1031006.05000000,4023638.41355000,
2025-04-15,3.93,4.032,3.718,3.723,831539.91000000,3246009.63878000,
2025-04-16,3.723,3.791,3.574,3.635,1023540.19000000,3766016.30296000,
2025-04-17,3.634,4.102,3.625,4.023,872715.23000000,3438980.70811000,
2025-04-18,4.026,4.091,3.887,3.889,411218.61000000,1640361.84325000,
2025-04-19,3.887,4.266,3.885,4.224,455035.92000000,1865344.43177000,
2025-04-20,4.222,4.477,4.208,4.348,769009.65000000,3324024.89820000,
2025-04-21,4.349,4.673,4.212,4.384,880084.99000000,3894886.12238000,
2025-04-22,4.384,4.597,4.32,4.505,783608.86000000,3490138.58987000,
2025-04-23,4.508,4.78,4.455,4.479,1147492.98000000,5269137.94698000,
2025-04-24,4.483,4.736,4.258,4.493,863433.70000000,3883945.43175000,
2025-04-25,4.496,4.627,4.362,4.416,630756.31000000,2836775.70742000,
2025-04-26,4.418,4.627,4.333,4.502,317543.29000000,1424438.01721000,
2025-04-27,4.503,4.537,4.231,4.26,275604.70000000,1207655.90708000,
2025-04-28,4.26,4.519,4.102,4.456,456328.83000000,1992197.47530000,
2025-04-29,4.459,4.583,4.385,4.441,353172.94000000,1585529.99820000,
2025-04-30,4.439,4.564,4.127,4.459,416610.82000000,1825458.36189000,
2025-05-01,4.458,4.728,4.458,4.627,515560.16000000,2374913.56196000,
2025-05-02,4.626,4.897,4.517,4.844,507338.41000000,2402267.05117000,
2025-05-03,4.839,4.839,4.556,4.572,254575.30000000,1188928.81090000,
2025-05-04,4.573,4.625,4.247,4.3,409650.71000000,1791721.36880000,
2025-05-05,4.3,4.491,4.24,4.377,387102.74000000,1689313.14149000,
2025-05-06,4.379,4.449,4.097,4.31,382807.76000000,1629851.97761000,
2025-05-07,4.311,4.44,4.022,4.208,534254.62000000,2234373.46070000,
2025-05-08,4.209,4.78,4.192,4.718,544536.40000000,2478668.79389000,
2025-05-09,4.716,5.076,4.666,4.978,716351.43000000,3516046.87625000,
2025-05-10,4.979,5.522,4.905,5.467,596900.21000000,3093886.39591000,
2025-05-11,5.465,5.511,5.036,5.208,597768.35000000,3148341.78351000,
2025-05-12,5.21,5.515,4.858,5.167,861643.00000000,4524716.16910000,
2025-05-13,5.168,5.435,4.849,5.31,602970.47000000,3108147.28556000,
2025-05-14,5.309,5.369,5.022,5.098,490921.72000000,2555120.28503000,
2025-05-15,5.1,5.155,4.657,4.767,622522.71000000,3025955.89391000,
2025-05-16,4.766,4.96,4.591,4.631,389758.45000000,1877957.76424000,
2025-05-17,4.63,4.63,4.432,4.535,451133.98000000,2042766.00693000,
2025-05-18,4.536,4.849,4.365,4.68,441825.46000000,2038392.80082000,
2025-05-19,4.679,4.723,4.306,4.574,454905.99000000,2045038.51941000,
2025-05-20,4.576,4.765,4.497,4.646,373819.32000000,1729771.72826000,
2025-05-21,4.649,4.901,4.572,4.776,577819.12000000,2728927.41599000,
2025-05-22,4.777,5.239,4.774,5.175,641469.18000000,3232060.19713000,
2025-05-23,5.176,5.341,4.625,4.665,871041.39000000,4391201.12488000,
2025-05-24,4.667,4.828,4.611,4.687,290952.14000000,1377143.08634000,
2025-05-25,4.685,4.787,4.458,4.783,317705.50000000,1468112.34896000,
2025-05-26,4.784,4.963,4.672,4.744,438289.40000000,2117304.74353000,
2025-05-27,4.748,4.917,4.555,4.563,602110.80000000,2854408.32496000,
2025-05-28,4.563,4.568,4.308,4.448,1017639.16000000,4506512.47179000,
2025-05-29,4.45,4.535,4.169,4.207,663165.82000000,2889758.54680000,
2025-05-30,4.206,4.237,3.754,3.806,942066.25000000,3783825.78032000,
2025-05-31,3.806,3.93,3.631,3.877,583307.67000000,2197609.40634000,
2025-06-01,3.88,3.991,3.774,3.927,493288.23000000,1922718.07967000,
2025-06-02,3.929,4.007,3.783,3.953,307177.36000000,1189899.11440000,
2025-06-03,3.955,4.149,3.855,3.863,434692.90000000,1747877.87181000,
2025-06-04,3.866,4.03,3.718,3.747,377889.42000000,1462062.48801000,
2025-06-05,3.745,3.848,3.476,3.549,422835.68000000,1550779.67491000,
2025-06-06,3.55,3.86,3.522,3.755,279302.97000000,1040664.98261000,
2025-06-07,3.756,3.934,3.745,3.874,194503.83000000,750929.22922000,
2025-06-08,3.877,3.932,3.778,3.857,177378.46000000,683839.78634000,
2025-06-09,3.855,4.071,3.789,4.063,317731.00000000,1252370.12321000,
2025-06-10,4.063,4.189,3.954,4.16,447638.91000000,1821874.78457000,
2025-06-11,4.161,4.178,3.815,3.86,401187.78000000,1605934.37619000,
2025-06-12,3.861,3.861,3.528,3.528,517657.78000000,1912779.23963000,
2025-06-13,3.529,3.534,3.271,3.453,753653.76000000,2554046.33350000,
2025-06-14,3.454,3.481,3.304,3.38,214832.77000000,731843.49043000,
2025-06-15,3.382,3.49,3.354,3.465,207699.51000000,710307.95545000,
2025-06-16,3.464,3.628,3.402,3.405,379294.54000000,1344580.13304000,
2025-06-17,3.412,3.479,3.159,3.216,647643.32000000,2137387.39987000,
2025-06-18,3.22,3.298,3.062,3.26,407948.66000000,1301567.59558000,
2025-06-19,3.26,3.317,3.153,3.177,235303.10000000,759945.74485000,
2025-06-20,3.177,3.233,2.96,3.055,295312.77000000,911860.40762000,
2025-06-21,3.056,3.104,2.826,2.951,450947.54000000,1344323.56792000,
2025-06-22,2.952,3.007,2.604,2.798,707292.29000000,1977977.70509000,
2025-06-23,2.797,3.224,2.728,3.204,682388.98000000,2003625.37687000,
2025-06-24,3.208,3.355,3.166,3.194,633276.73000000,2051487.88363000,
2025-06-25,3.195,3.276,3.059,3.094,519088.23000000,1654256.43306000,
2025-06-26,3.094,3.188,2.947,2.978,373145.97000000,1139692.91425000,
2025-06-27,2.981,3.267,2.945,3.124,381320.34000000,1184582.18317000,
2025-06-28,3.125,3.258,3.12,3.237,211150.23000000,673865.35764000,
2025-06-29,3.24,3.438,3.188,3.377,230968.45000000,761398.24549000,
2025-06-30,3.377,3.404,3.139,3.216,369833.34000000,1197128.72228000,
2025-07-01,3.215,3.219,3.029,3.078,192258.16000000,596450.00692000,
2025-07-02,3.076,3.354,3.038,3.272,320365.92000000,1036310.05789000,
2025-07-03,3.271,3.428,3.237,3.306,305947.97000000,1018979.00576000,
2025-07-04,3.308,3.344,3.093,3.152,298678.45000000,951936.87080000,
2025-07-05,3.154,3.181,3.107,3.167,202254.40000000,636048.96776000,
2025-07-06,3.165,3.283,3.14,3.227,198696.25000000,634552.30691000,
2025-07-07,3.231,3.277,3.114,3.155,148769.26000000,474106.54055000,
2025-07-08,3.154,3.23,3.108,3.205,161110.32000000,510637.05549000,
2025-07-09,3.205,3.384,3.183,3.355,385450.50000000,1262641.28456000,
2025-07-10,3.356,3.687,3.322,3.668,458804.84000000,1589792.33031000,
2025-07-11,3.668,3.899,3.567,3.645,789068.31000000,2971778.02202000,
2025-07-12,3.649,3.717,3.467,3.599,471616.19000000,1703842.97585000,
2025-07-13,3.6,3.847,3.594,3.763,504261.59000000,1875451.75705000,
2025-07-14,3.763,3.942,3.679,3.776,570607.35000000,2182958.20022000,
2025-07-15,3.775,3.924,3.628,3.921,431198.55000000,1625084.66830000,
2025-07-16,3.92,4.143,3.796,4.024,516221.26000000,2054698.56291000,
2025-07-17,4.024,4.209,3.914,4.165,770164.17000000,3135964.67712000,
2025-07-18,4.164,4.391,3.921,4.044,699335.66000000,2932491.43575000,
2025-07-19,4.042,4.228,3.941,4.168,281083.75000000,1146209.14334000,
2025-07-20,4.168,4.509,4.134,4.354,721882.97000000,3121962.94757000,
2025-07-21,4.352,4.715,4.268,4.573,770067.22000000,3495336.64803000,
2025-07-22,4.572,4.632,4.279,4.59,1113876.99000000,4943146.17496000,
2025-07-23,4.592,4.598,4.021,4.154,1007732.19000000,4312945.68035000,
2025-07-24,4.151,4.229,3.829,4.056,1023066.28000000,4158174.06408000,
2025-07-25,4.058,4.213,3.9,4.212,723049.35000000,2920274.95783000,
2025-07-26,4.213,4.29,4.19,4.213,344757.92000000,1460071.45318000,
2025-07-27,4.216,4.379,4.203,4.331,319460.19000000,1368984.97918000,
2025-07-28,4.331,4.44,4.022,4.066,549092.17000000,2328701.96808000,
2025-07-29,4.066,4.208,3.856,3.923,564249.29000000,2261176.12648000,
2025-07-30,3.922,3.936,3.626,3.876,682135.84000000,2594973.85067000,
2025-07-31,3.873,4.051,3.7,3.726,485472.33000000,1895923.85407000,
2025-08-01,3.725,3.733,3.418,3.531,840090.72000000,3014608.13829000,
2025-08-02,3.531,3.599,3.343,3.416,340032.59000000,1177337.98645000,
2025-08-03,3.416,3.602,3.362,3.57,244303.83000000,856489.30862000,
2025-08-04,3.574,3.722,3.532,3.701,236922.16000000,857849.67628000,
2025-08-05,3.7,3.719,3.444,3.535,285675.30000000,1021590.89962000,
2025-08-06,3.537,3.637,3.428,3.593,172360.57000000,611147.62851000,
2025-08-07,3.592,3.799,3.562,3.796,205076.36000000,753994.54176000,
2025-08-08,3.796,3.948,3.764,3.855,380389.41000000,1457229.11307000,
2025-08-09,3.856,4.052,3.845,3.974,300543.95000000,1195963.71530000,
2025-08-10,3.974,4.066,3.816,3.95,324924.46000000,1275993.09318000,
2025-08-11,3.95,4.057,3.697,3.743,358270.79000000,1397946.52329000,
2025-08-12,3.743,4.119,3.694,4.053,311936.78000000,1218106.90405000,
2025-08-13,4.053,4.27,4.009,4.174,421286.98000000,1751339.43334000,
2025-08-14,4.172,4.211,3.727,3.83,711574.74000000,2827992.89334000,
2025-08-15,3.83,3.974,3.709,3.852,302132.22000000,1160454.89889000,
2025-08-16,3.852,3.97,3.822,3.931,157308.76000000,614774.17259000,
2025-08-17,3.931,4.102,3.919,3.949,279662.56000000,1115912.10872000,
2025-08-18,3.948,3.953,3.696,3.746,611915.04000000,2304179.46904000,
2025-08-19,3.746,3.791,3.528,3.545,409424.20000000,1494133.48331000,
2025-08-20,3.544,3.727,3.506,3.683,222516.51000000,803903.28253000,
2025-08-21,3.685,3.71,3.515,3.54,94730.09000000,339717.40902000,
2025-08-22,3.541,3.934,3.399,3.881,589157.82000000,2170668.82240000,
2025-08-23,3.882,3.922,3.737,3.839,120382.25000000,460435.22982000,
2025-08-24,3.84,3.942,3.656,3.757,416577.42000000,1570968.99758000,
2025-08-25,3.758,3.805,3.365,3.398,380670.76000000,1340811.63184000,
2025-08-26,3.399,3.643,3.368,3.585,275956.66000000,966911.25980000,
2025-08-27,3.587,3.691,3.545,3.571,345651.42000000,1255813.52706000,
2025-08-28,3.571,3.711,3.541,3.666,354959.12000000,1293111.80574000,
2025-08-29,3.665,3.708,3.374,3.463,400070.21000000,1401065.61144000,
2025-08-30,3.463,3.526,3.384,3.486,166301.82000000,578013.58339000,
2025-08-31,3.493,3.542,3.415,3.421,79660.39000000,277910.00094000,
2025-09-01,3.419,3.489,3.24,3.329,293086.10000000,981738.74260000,
2025-09-02,3.33,3.475,3.311,3.457,194364.03000000,662300.78249000,
2025-09-03,3.457,3.524,3.404,3.48,163546.59000000,565121.60168000,
2025-09-04,3.481,3.499,3.317,3.359,154130.42000000,520716.36480000,
2025-09-05,3.359,3.53,3.359,3.458,262373.73000000,906026.95232000,
2025-09-06,3.458,3.485,3.39,3.413,89392.84000000,306096.65176000,
2025-09-07,3.413,3.51,3.404,3.477,58897.40000000,204263.54415000,
2025-09-08,3.476,3.74,3.468,3.711,305418.39000000,1114250.20051000,
2025-09-09,3.712,4.052,3.71,3.792,694586.11000000,2684048.95933000,
2025-09-10,3.791,3.96,3.758,3.925,441161.58000000,1712447.49643000,
2025-09-11,3.925,4.011,3.883,3.994,329877.19000000,1300697.37576000,
2025-09-12,3.994,4.071,3.902,4.03,252986.39000000,1009621.59326000,
2025-09-13,4.028,4.143,3.945,4.055,316310.64000000,1277720.79804000,
2025-09-14,4.055,4.059,3.842,3.896,248594.74000000,976230.87999000,
2025-09-15,3.895,3.98,3.676,3.787,428024.05000000,1621921.39813000,
2025-09-16,3.785,3.908,3.728,3.874,190913.71000000,730348.39626000,
2025-09-17,3.875,4.031,3.767,4.001,364062.07000000,1403677.94788000,
2025-09-18,4.004,4.129,3.944,4.089,286384.81000000,1156350.93306000,
2025-09-19,4.091,4.162,3.876,3.912,279190.70000000,1115548.45168000,
2025-09-20,3.91,4.025,3.87,3.982,155958.52000000,617753.57969000,
2025-09-21,3.982,4.04,3.9,3.915,255824.42000000,1016167.97241000,
2025-09-22,3.914,3.981,3.575,3.67,640349.90000000,2394881.05106000,
2025-09-23,3.669,3.701,3.539,3.589,464026.00000000,1674459.46700000,
2025-09-24,3.59,3.698,3.505,3.636,247210.27000000,889836.37494000,
2025-09-25,3.636,3.641,3.311,3.341,480878.90000000,1655491.86607000,
2025-09-26,3.342,3.495,3.307,3.442,223356.91000000,756873.56361000,
2025-09-27,3.443,3.443,3.363,3.38,82297.44000000,279868.29321000,
2025-09-28,3.381,3.474,3.256,3.452,152180.37000000,509807.76979000,
2025-09-29,3.453,3.486,3.349,3.408,111843.22000000,382966.81033000,
2025-09-30,3.408,3.423,3.238,3.335,220156.05000000,731622.00090000,
2025-10-01,3.337,3.556,3.294,3.555,283402.43000000,980127.26439000,
2025-10-02,3.555,3.71,3.524,3.65,285730.65000000,1031347.27044000,
2025-10-03,3.65,3.741,3.533,3.611,285061.36000000,1034936.57555000,
2025-10-04,3.61,3.61,3.425,3.499,130640.24000000,456175.67840000,
2025-10-05,3.498,3.651,3.445,3.483,173721.22000000,615619.27502000,
2025-10-06,3.483,3.669,3.455,3.599,157940.07000000,566083.03250000,
2025-10-07,3.601,3.612,3.352,3.369,433023.30000000,1497086.35498000,
2025-10-08,3.365,3.438,3.322,3.351,179771.24000000,605942.96715000,
2025-10-09,3.352,3.366,3.184,3.238,318292.93000000,1034522.15950000,
2025-10-10,3.239,3.336,0.5,2.282,3079136.27000000,7238545.41023243,
2025-10-11,2.283,2.646,2.274,2.367,1866096.61000000,4508895.28740000,
2025-10-12,2.367,2.798,2.306,2.73,882246.81000000,2235051.08015000,
2025-10-13,2.73,3.093,2.701,3.046,1553555.48000000,4438383.42063000,
2025-10-14,3.046,3.061,2.678,2.852,1250309.74000000,3516845.13354000,
2025-10-15,2.852,2.92,2.629,2.679,439806.69000000,1208861.90241000,
2025-10-16,2.679,2.762,2.5,2.525,658500.65000000,1733200.13293000,
2025-10-17,2.521,2.566,2.296,2.453,1453460.98000000,3486843.30200000,
2025-10-18,2.453,2.519,2.426,2.481,204964.96000000,507015.51962000,
2025-10-19,2.482,2.59,2.424,2.533,289439.46000000,728980.14025000,
2025-10-20,2.532,2.652,2.468,2.563,280990.63000000,725014.40606000,
2025-10-21,2.563,2.698,2.437,2.469,401562.47000000,1034303.19968000,
2025-10-22,2.469,2.508,2.321,2.384,396572.35000000,959910.70329000,
2025-10-23,2.386,2.508,2.373,2.461,287169.43000000,699402.85720000,
2025-10-24,2.463,2.533,2.398,2.465,223672.91000000,550032.18783000,
2025-10-25,2.464,2.501,2.398,2.472,115246.58000000,282339.86628000,
2025-10-26,2.474,2.596,2.427,2.576,166412.76000000,421163.88552000,
2025-10-27,2.578,2.626,2.476,2.497,226995.36000000,576915.28943000,
2025-10-28,2.497,2.574,2.383,2.426,265409.35000000,657102.31127000,
2025-10-29,2.424,2.491,2.358,2.39,358048.22000000,869743.86860000,
2025-10-30,2.39,2.43,2.156,2.232,480850.57000000,1090809.58197000,
2025-10-31,2.233,2.305,2.187,2.229,182104.98000000,409083.59843000,
2025-11-01,2.231,2.351,2.201,2.332,435821.97000000,1001029.94353000,
2025-11-02,2.332,2.369,2.209,2.292,276068.33000000,632561.72561000,
2025-11-03,2.291,2.298,1.928,2,660133.07000000,1352360.03567000,
2025-11-04,2.001,2.046,1.741,1.862,1644012.82000000,3152702.96048000,
2025-11-05,1.862,2.033,1.73,2.023,603070.44000000,1143171.15213000,
2025-11-06,2.024,2.024,1.862,1.944,394903.41000000,767223.06934000,
2025-11-07,1.944,2.933,1.94,2.441,3154627.13000000,7703521.54592000,
2025-11-08,2.443,2.499,2.255,2.32,896072.32000000,2151680.34270000,
2025-11-09,2.319,2.49,2.188,2.406,330960.41000000,776160.12130000,
2025-11-10,2.407,2.771,2.383,2.521,1021578.57000000,2645396.73672000,
2025-11-11,2.524,2.537,2.315,2.323,462283.12000000,1124882.38386000,
2025-11-12,2.324,2.615,2.274,2.326,778916.38000000,1881114.14625000,
2025-11-13,2.324,2.495,2.175,2.328,885553.30000000,2066696.67228000,
2025-11-14,2.326,2.353,2.049,2.099,807152.03000000,1760494.09795000,
2025-11-15,2.097,2.245,2.076,2.135,338872.11000000,734850.97328000,
2025-11-16,2.133,2.179,1.96,2.014,618444.76000000,1262558.72702000,
2025-11-17,2.014,2.1,1.898,1.932,815555.19000000,1627775.70854000,
2025-11-18,1.933,2.154,1.887,2.063,1180766.61000000,2377045.90564000,
2025-11-19,2.064,2.096,1.893,2.038,777579.73000000,1556889.45230000,
2025-11-20,2.04,2.114,1.875,1.905,777939.48000000,1550053.37584000,
2025-11-21,1.904,1.93,1.632,1.693,1318205.30000000,2305619.81011000,
2025-11-22,1.695,1.747,1.642,1.735,464877.08000000,781134.07840000,
2025-11-23,1.735,1.774,1.708,1.715,452743.11000000,788207.47531000,
2025-11-24,1.712,1.861,1.681,1.838,629858.37000000,1105581.36008000,
2025-11-25,1.839,1.856,1.737,1.818,476897.47000000,858558.26480000,
2025-11-26,1.817,1.845,1.745,1.826,284438.31000000,511805.84023000,
2025-11-27,1.826,1.858,1.772,1.798,264892.67000000,480196.71243000,
2025-11-28,1.796,1.887,1.747,1.796,259296.20000000,467649.06062000,
2025-11-29,1.795,1.803,1.748,1.761,158893.59000000,282013.06527000,
2025-11-30,1.761,1.793,1.708,1.711,244408.06000000,431949.48733000,
2025-12-01,1.711,1.716,1.517,1.566,627280.38000000,1002688.17843000,
2025-12-02,1.568,1.77,1.554,1.709,325402.16000000,536871.46870000,
2025-12-03,1.71,1.779,1.694,1.757,334110.92000000,580995.73101000,
2025-12-04,1.758,1.79,1.68,1.712,225293.23000000,395143.86366000,
2025-12-05,1.712,1.727,1.577,1.605,247403.72000000,408815.64903000,
2025-12-06,1.605,1.627,1.589,1.6,113135.39000000,181491.63882000,
2025-12-07,1.601,1.655,1.531,1.577,323962.97000000,512835.95798000,
2025-12-08,1.576,1.668,1.568,1.638,328546.28000000,533255.81014000,
2025-12-09,1.638,1.78,1.61,1.705,571586.34000000,949777.04380000,
2025-12-10,1.705,1.748,1.632,1.645,418387.47000000,704147.58000000,
2025-12-11,1.643,1.644,1.553,1.606,387659.91000000,616707.85348000,
2025-12-12,1.607,1.634,1.511,1.548,347815.13000000,548205.13178000,
2025-12-13,1.549,1.57,1.54,1.554,479455.63000000,745208.01140000,
2025-12-14,1.554,1.557,1.458,1.476,455099.89000000,691021.11057000,
2025-12-15,1.477,1.529,1.357,1.405,894736.57000000,1301119.54988000,
2025-12-16,1.405,1.442,1.377,1.403,900449.12000000,1266322.42272000,
2025-12-17,1.401,1.435,1.29,1.293,674009.51000000,914488.25422000,
2025-12-18,1.292,1.339,1.191,1.21,867597.93000000,1099960.43816000,
2025-12-19,1.209,1.362,1.179,1.312,1161597.61000000,1481006.39408000,
2025-12-20,1.313,1.313,1.277,1.29,508031.90000000,656498.43233000,
2025-12-21,1.289,1.301,1.235,1.272,586529.48000000,744188.19936000,
2025-12-22,1.273,1.353,1.259,1.286,816392.04000000,1062727.83651000,
2025-12-23,1.286,1.301,1.239,1.274,501647.14000000,636743.92300000,
2025-12-24,1.275,1.29,1.217,1.262,312100.92000000,390268.32288000,
2025-12-25,1.262,1.295,1.225,1.231,511208.33000000,650951.74873000,
2025-12-26,1.231,1.296,1.224,1.273,359005.02000000,454498.28598000,
2025-12-27,1.272,1.349,1.269,1.333,311485.30000000,408100.49662000,
2025-12-28,1.335,1.343,1.303,1.322,260730.78000000,345106.86249000,
2025-12-29,1.322,1.372,1.293,1.295,271344.90000000,359532.00220000,
2025-12-30,1.295,1.314,1.2875,1.301,354541.86000000,460000.77922900,
2025-12-31,1.2991,1.3057,1.2766,1.2867,666136.20000000,859064.19106900,
2026-01-01,1.2883,1.3885,1.2828,1.3827,521886.40000000,688268.38001600,
2026-01-02,1.383,1.5862,1.3825,1.5174,3356549.70000000,4980333.69015200,
2026-01-03,1.5173,1.8919,1.4915,1.8401,3192135.67000000,5350815.87424400,
2026-01-04,1.8375,2.0103,1.7617,1.9925,3323392.44000000,6214421.22567600,
2026-01-05,1.9919,2.3102,1.9451,2.2071,3953866.33000000,8435103.62580400,
2026-01-06,2.2067,2.5795,2.1729,2.3798,4777930.92000000,11471836.11359300,
2026-01-07,2.3799,2.4569,2.234,2.2455,3014808.98000000,7041639.01896900,
2026-01-08,2.2477,2.3463,2.0669,2.1627,2834321.83000000,6265071.23920000,
2026-01-09,2.1678,2.4517,2.1193,2.3486,2315097.94000000,5280501.54192000,
2026-01-10,2.3494,2.3765,2.2354,2.2843,1176392.37000000,2709857.74177400,
2026-01-11,2.2828,2.7112,2.2695,2.5837,2514454.91000000,6297124.03532300,
2026-01-12,2.583,2.6508,2.3465,2.3713,2379023.47000000,5910647.54481600,
2026-01-13,2.3699,2.45,2.3317,2.3587,2094790.57000000,4984363.34970500,
2026-01-14,2.3588,2.4591,2.2539,2.2565,2295668.66000000,5446942.45333500,
2026-01-15,2.2572,2.3476,2.1666,2.2222,1676243.48000000,3746793.57055300,
2026-01-16,2.2231,2.2985,2.1547,2.2392,1027138.31000000,2285667.86682000,
2026-01-17,2.2396,2.3061,2.1868,2.207,673531.49000000,1504864.70810000,
2026-01-18,2.2061,2.23,2.0686,2.0738,970325.46000000,2109362.03501300,
2026-01-19,2.0719,2.1541,1.8731,2.0763,2769444.53000000,5671706.40802800,
2026-01-20,2.0733,2.0804,1.8859,1.9043,1869506.55000000,3688815.44035000,
2026-01-21,1.9047,2.1514,1.8857,1.9803,3885940.92000000,7756155.76698900,
2026-01-22,1.9798,2.1092,1.9694,2.0277,2925386.67000000,5948649.12413000,
2026-01-23,2.028,2.1153,2.0029,2.0173,2713536.72000000,5594955.69402100,
2026-01-24,2.0167,2.0378,1.9852,2.013,663803.02000000,1334928.92197000,
2026-01-25,2.0133,2.0212,1.825,1.8725,1991329.70000000,3826674.02161100,
2026-01-26,1.8728,1.9762,1.8527,1.9012,1739738.27000000,3340799.83946000,
2026-01-27,1.8998,1.9204,1.7949,1.8668,1203571.55000000,2236654.89502900,
2026-01-28,1.8678,2.0083,1.8494,1.9661,1874549.15000000,3632792.54894700,
2026-01-29,1.9667,2.0041,1.7132,1.7549,2728077.11000000,4955093.98028900,
2026-01-30,1.7549,1.7575,1.631,1.6794,2055629.38000000,3481075.83015400,
2026-01-31,1.68,1.7277,1.3848,1.55,3321551.16000000,5165612.44252000,
2026-02-01,1.5502,1.6004,1.462,1.4969,1789049.52000000,2758157.23324000,
2026-02-02,1.4985,1.6601,1.4541,1.5898,2205652.29000000,3435468.16941500,
2026-02-03,1.5896,1.6525,1.478,1.5486,1990128.65000000,3100610.79785500,
2026-02-04,1.5484,1.5946,1.4767,1.5073,1468456.01000000,2247582.33208100,
2026-02-05,1.5069,1.5225,1.2357,1.2529,2623076.17000000,3571284.64297300,
2026-02-06,1.2557,1.5125,1.1219,1.4323,3225835.68000000,4305049.17358400,
2026-02-07,1.4322,1.4393,1.3231,1.3772,1499996.59000000,2058898.43393200,
2026-02-08,1.3759,1.4078,1.3351,1.3505,271071.64000000,370300.71849200,
2026-02-09,1.3497,1.3837,1.2892,1.3548,682503.70000000,915503.86829700,
2026-02-10,1.3568,1.3662,1.2861,1.2988,193059.66000000,253546.03877800,
2026-02-11,1.2991,1.3251,1.2338,1.2747,563736.46000000,720113.35487600,
2026-02-12,1.2762,1.3468,1.2661,1.3131,310075.10000000,403747.30292900,
2026-02-13,1.3114,1.3964,1.2741,1.3758,392457.88000000,528707.64534400,
2026-02-14,1.3751,1.5477,1.3686,1.5117,265340.50000000,391704.90486600,
2026-02-15,1.5118,1.5232,1.3843,1.4344,388346.03000000,558904.16360800,
2026-02-16,1.4329,1.4961,1.4135,1.452,356453.74000000,515375.99314500,
2026-02-17,1.4522,1.4924,1.4222,1.447,265023.32000000,385888.17252600,
2026-02-18,1.4476,1.4845,1.3987,1.4188,283582.98000000,413143.26298600,
2026-02-19,1.4183,1.4918,1.3562,1.4002,317885.55000000,455156.01187900,
2026-02-20,1.3992,1.5278,1.3989,1.5062,589313.38000000,870129.30641600,
2026-02-21,1.5062,1.5448,1.4588,1.4633,160197.87000000,238613.21191100,
2026-02-22,1.461,1.461,1.3872,1.4179,91923.21000000,130805.21954300,
2026-02-23,1.4158,1.4309,1.3502,1.3758,410174.56000000,565890.16480700,
2026-02-24,1.3771,1.4075,1.3265,1.3571,301569.20000000,412605.81632000,
2026-02-25,1.3568,1.5516,1.3438,1.4878,395238.68000000,573662.47725300,
2026-02-26,1.4878,1.5022,1.3988,1.4362,359186.00000000,520481.18576500,
2026-02-27,1.4358,1.5019,1.3853,1.4138,256633.64000000,368547.43248200,
2026-02-28,1.4132,1.4319,1.2967,1.4071,731147.20000000,985411.86237300,
2026-03-01,1.4148,1.4653,1.3097,1.3372,457946.43000000,634115.42178700,
2026-03-02,1.3404,1.4387,1.3283,1.3648,853047.47000000,1187114.98051400,
2026-03-03,1.366,1.3728,1.3115,1.3402,332375.92000000,445365.56549800,
2026-03-04,1.3434,1.4543,1.3149,1.4142,448286.95000000,628892.32688000,
2026-03-05,1.4132,1.4182,1.3334,1.3959,280547.72000000,389570.74457900,
2026-03-06,1.3992,1.4236,1.332,1.3512,210577.62000000,290580.93633500,
2026-03-07,1.3521,1.4045,1.334,1.3601,113582.30000000,155493.88909500,
2026-03-08,1.3618,1.3992,1.3448,1.3498,286733.49000000,392856.16980000,
2026-03-09,1.3522,1.4244,1.35,1.3952,204862.38000000,283435.10543900,
2026-03-10,1.3948,1.5978,1.3942,1.4725,664616.94000000,1004565.65484700,
2026-03-11,1.4735,1.5815,1.4557,1.5275,735785.82000000,1115235.03793300,
2026-03-12,1.5279,1.7015,1.4879,1.6915,1140283.21000000,1829777.55466900,
2026-03-13,1.6958,1.9495,1.6748,1.7945,2474921.23000000,4524599.77835100,
2026-03-14,1.7937,1.9061,1.7381,1.8794,933279.39000000,1686884.39287400,
2026-03-15,1.8784,1.95,1.8082,1.8965,1393696.17000000,2608502.30546800,
2026-03-16,1.8965,1.9906,1.8249,1.9345,1435270.47000000,2704436.04041700,
2026-03-17,1.9346,1.9511,1.7815,1.8037,981615.00000000,1829119.54036000,
2026-03-18,1.8045,1.8475,1.6972,1.7505,873653.86000000,1538020.89925200,
2026-03-19,1.7525,1.7583,1.6255,1.6777,447145.09000000,747087.69722600,
2026-03-20,1.6748,1.8091,1.6738,1.7117,593695.26000000,1027062.73676200,
2026-03-21,1.714,1.7274,1.6413,1.6527,163384.08000000,277775.17416700,
2026-03-22,1.6499,1.6929,1.5987,1.6097,311238.97000000,511722.52607700,
2026-03-23,1.6115,1.7113,1.5717,1.6867,651563.37000000,1085427.20257800,
2026-03-24,1.6914,1.802,1.6812,1.7517,741235.20000000,1281827.55525200,
2026-03-25,1.7521,1.9168,1.742,1.8586,457809.20000000,840737.60712300,
2026-03-26,1.8616,1.8802,1.7367,1.7673,288567.22000000,513671.80628400,
2026-03-27,1.7673,1.8264,1.6387,1.6593,250165.80000000,434097.54748900,
2026-03-28,1.6612,1.7397,1.6154,1.6547,189911.14000000,319913.24423400,
2026-03-29,1.6537,1.6898,1.6055,1.6512,154908.06000000,256615.95738300,
2026-03-30,1.6542,1.7705,1.6498,1.6827,184352.21000000,315695.15199200,
2026-03-31,1.6905,1.7477,1.6593,1.7407,198841.21000000,338292.70135900,
2026-04-01,1.7428,1.8347,1.7426,1.763,356177.66000000,639465.44403100,
2026-04-02,1.7653,1.8911,1.6963,1.8715,360894.69000000,642692.48138700,
2026-04-03,1.872,1.9657,1.8432,1.9404,329018.56000000,627523.31006800,
2026-04-04,1.9374,1.9461,1.8581,1.8764,123954.93000000,234451.88249200,
2026-04-05,1.8754,1.9099,1.8213,1.9044,232377.14000000,431472.55076500,
2026-04-06,1.9069,1.9995,1.8474,1.8629,376492.75000000,729086.83629900,
2026-04-07,1.8615,2.121,1.8473,2.0515,596380.15000000,1184595.11786200,
2026-04-08,2.0512,2.123,1.9894,1.9986,645810.40000000,1343107.31789500,
2026-04-09,1.9987,2.1055,1.9762,2.0355,352681.68000000,723665.72285200,
2026-04-10,2.0355,2.0675,1.9889,2.0071,389742.61000000,791665.35280900,
2026-04-11,2.0065,2.0795,1.9704,2.0155,258066.57000000,522892.67748600,
2026-04-12,2.0175,2.0206,1.867,1.8864,337153.78000000,648502.36728100,
2026-04-13,1.8848,1.9414,1.8483,1.9251,353893.42000000,673207.08849600,
2026-04-14,1.9189,1.9393,1.8211,1.8331,412636.21000000,775451.49731700,
2026-04-15,1.8306,1.9196,1.8234,1.8876,569321.40000000,1068795.05531200,
2026-04-16,1.8884,1.9071,1.807,1.8754,634544.42000000,1184934.60565300,
2026-04-17,1.8782,1.9632,1.8332,1.8693,434791.05000000,824585.94633100,
2026-04-18,1.8665,1.8789,1.7704,1.7731,147803.69000000,269589.98856400,
2026-04-19,1.7754,1.8167,1.7167,1.7277,2214864.42000000,3894229.98408200,
2026-04-20,1.7283,1.7994,1.7264,1.7905,2976160.79000000,5268725.82127300,
2026-04-21,1.7902,1.8131,1.7487,1.7936,1366101.68000000,2441220.87338700,
2026-04-22,1.794,1.8712,1.7875,1.8114,1093622.58000000,2006010.74095000,
2026-04-23,1.8141,1.8224,1.7666,1.8056,425190.61000000,764510.20872500,
2026-04-24,1.8079,1.828,1.7803,1.7878,82462.61000000,148553.02406200,
2026-04-25,1.7916,1.8224,1.7715,1.805,98367.55000000,176380.21085900,
2026-04-26,1.8049,1.8477,1.7934,1.8264,164838.29000000,300232.86133400,
2026-04-27,1.8224,1.8645,1.7446,1.7893,242611.11000000,437230.97172700,
2026-04-28,1.789,1.789,1.7373,1.746,73068.86000000,128159.41953900,
2026-04-29,1.7448,1.7956,1.6555,1.7194,165655.32000000,284407.39546100,
2026-04-30,1.7173,1.7173,1.6676,1.6762,125861.48000000,213062.59126900,
2026-05-01,1.6761,1.7263,1.6718,1.7025,141394.74000000,240826.02259300,
2026-05-02,1.7058,1.8034,1.697,1.7828,60845.94000000,106297.04705100,
2026-05-03,1.7862,1.8594,1.7566,1.8264,147219.41000000,265659.62244200,
2026-05-04,1.8303,1.8964,1.8078,1.82,289956.61000000,534963.43203600,
2026-05-05,1.822,1.9231,1.8156,1.8948,263435.15000000,495405.17775800,
2026-05-06,1.8991,1.994,1.8808,1.9594,558013.00000000,1082899.46537300,
2026-05-07,1.9556,2.0289,1.9046,1.9476,220129.22000000,434707.82431400,
2026-05-08,1.9519,2.0685,1.9357,2.0515,297059.50000000,590974.93825200,
2026-05-09,2.0483,2.0815,1.9741,2.0037,159208.54000000,320680.46062300,
2026-05-10,1.9984,2.08,1.9589,2.0153,160629.99000000,324467.14792900,
2026-05-11,2.0174,2.0196,1.9376,1.9584,166671.09000000,330705.35829600,
2026-05-12,1.9577,1.9577,1.8504,1.9048,264814.60000000,504559.73875000,
2026-05-13,1.9046,1.9555,1.8247,1.8754,264283.91000000,496195.69745700,
2026-05-14,1.8676,1.9485,1.834,1.8993,182382.63000000,346233.16426700,
2026-05-15,1.9012,1.9331,1.7945,1.8814,189279.67000000,350656.43748100,
2026-05-16,1.8807,1.922,1.7783,1.8285,174345.03000000,317985.17657300,
2026-05-17,1.8291,1.8536,1.7403,1.7935,111950.63000000,202594.10055300,
2026-05-18,1.7892,1.824,1.7323,1.8146,116076.18000000,205827.74641700,
2026-05-19,1.8214,1.8596,1.7836,1.82,131973.99000000,240685.95019700,
2026-05-20,1.8231,1.9481,1.8032,1.9025,150357.61000000,284000.42813000,
2026-05-21,1.9064,1.9644,1.8896,1.9365,204294.55000000,394999.34704500,
2026-05-22,1.9356,2.104,1.8354,1.85,341042.92000000,675303.77659300,
2026-05-23,1.8501,1.9855,1.765,1.9396,174688.65000000,327665.98502000,
2026-05-24,1.9448,2.0286,1.9018,2.0224,201062.71000000,397316.36725300,
2026-05-25,2.0205,2.2786,1.9741,2.1824,1648897.19000000,3605813.99625900,
2026-05-26,2.1824,2.436,2.1387,2.2909,3499122.26000000,8111957.47742100,
2026-05-27,2.2928,2.3489,2.112,2.1195,2132411.96000000,4739364.76978000,
2026-05-28,2.1204,2.1343,1.9326,1.9995,2268074.02000000,4558428.86363200,
2026-05-29,1.9992,2.0985,1.9448,1.9654,3171509.50000000,6411703.85738600,
2026-05-30,1.965,2.1536,1.9346,2.1086,4226996.25000000,8513913.35326000,
2026-05-31,2.1106,2.1516,2.0067,2.0891,998229.88000000,2085492.35460000,
2026-06-01,2.0881,2.1678,1.9572,2.1225,2121458.34000000,4387837.74908900,
2026-06-02,2.1258,2.2576,1.992,2.0342,3364600.06000000,7198710.45962700,
2026-06-03,2.0375,2.2694,2.0316,2.1499,3516255.82000000,7658737.21111800,
2026-06-04,2.1496,2.212,1.8279,1.8868,3439554.21000000,6773995.18538900,
2026-06-05,1.8846,1.8894,1.5599,1.683,3411039.94000000,5809235.64535300,
2026-06-06,1.6845,1.7001,1.548,1.5954,1057468.68000000,1707218.75842500,
2026-06-07,1.5955,1.7212,1.5917,1.6806,519346.47000000,859415.29949700,
2026-06-08,1.6807,1.7007,1.624,1.643,338433.19000000,564849.44873800,
2026-06-09,1.6426,1.6593,1.5657,1.6118,243865.93000000,395017.00372400,
2026-06-10,1.6163,1.625,1.4822,1.5168,315499.61000000,489977.79336200,
2026-06-11,1.5162,1.6736,1.5159,1.63,260201.87000000,410374.92216300,
2026-06-12,1.6307,1.7063,1.6077,1.6537,153126.35000000,253650.67712800,
2026-06-13,1.6529,1.8161,1.6524,1.7723,376756.19000000,661535.16231400,
2026-06-14,1.7738,1.8154,1.7073,1.8079,223202.55000000,393806.16200200,
2026-06-15,1.8068,1.8694,1.7759,1.7934,269613.61000000,493649.23198900,
2026-06-16,1.7931,1.8256,1.7082,1.7293,262673.63000000,461365.00712600,
2026-06-17,1.7314,1.7712,1.6567,1.6943,213786.78000000,367111.68446100,
2026-06-18,1.6967,1.7375,1.6207,1.6781,191164.81000000,321039.51602900,
2026-06-19,1.6772,1.7631,1.6521,1.7597,293419.63000000,503279.28341400,
2026-06-20,1.7608,1.773,1.7027,1.7217,137487.73000000,238818.13070400,
2026-06-21,1.7209,1.7209,1.6478,1.6527,135072.76000000,227862.11438200,
2026-06-22,1.6544,1.7173,1.6229,1.6317,127859.12000000,214341.32914700,
2026-06-23,1.6287,1.6304,1.5279,1.5852,226815.42000000,357855.85153500,
2026-06-24,1.5875,1.6238,1.481,1.5821,275794.99000000,432197.93051300,
2026-06-25,1.5825,1.5892,1.4488,1.5222,374005.58000000,566024.84001800,
2026-06-26,1.5257,1.574,1.4548,1.5719,232033.59000000,352700.13187100,
2026-06-27,1.5734,1.6383,1.5567,1.5572,161121.42000000,258187.20234400,
2026-06-28,1.5574,1.5793,1.5162,1.5443,83402.82000000,128975.63413700,
2026-06-29,1.5389,1.6053,1.5142,1.5623,177248.26000000,276771.63022100,
2026-06-30,1.5621,1.5839,1.4919,1.5096,268306.60000000,408883.33008700,
2026-07-01,1.5094,1.5577,1.4704,1.5012,267944.02000000,405781.85405100,
2026-07-02,1.5023,1.6363,1.4943,1.5913,200616.17000000,315356.48145200,
2026-07-03,1.5914,1.6284,1.5889,1.6113,161949.79000000,260432.16745500,
2026-07-04,1.6077,1.6413,1.5792,1.6103,137153.39000000,220454.51752700,
2026-07-05,1.6113,1.6283,1.5678,1.6173,146469.30000000,234532.22769200,
2026-07-06,1.6183,1.6393,1.5488,1.6163,251628.61000000,402048.05081500,
2026-07-07,1.6163,1.6349,1.5582,1.5623,263236.44000000,420792.04844200,
2026-07-08,1.5624,1.5733,1.5112,1.5394,147687.41000000,227184.27555000,
2026-07-09,1.5396,1.5713,1.5276,1.5537,81365.73000000,126188.27415200,
2026-07-10,1.552,1.5818,1.5374,1.5685,78706.69000000,122856.82830900,
2026-07-11,1.5703,1.5908,1.5447,1.5447,92050.35000000,144852.03345600,
2026-07-12,1.5445,1.5608,1.5261,1.5275,126071.82000000,194412.53915400,
2026-07-13,1.527,1.5522,1.4692,1.4908,86033.73000000,130148.26602700,
2026-07-14,1.4927,1.5268,1.4768,1.5261,127196.53000000,191031.59037700,
2026-07-15,1.5262,1.5568,1.5131,1.5267,99939.21000000,153115.63679800,
2026-07-16,1.5265,1.5383,1.4678,1.4752,81278.77000000,122749.37714600,
2026-07-17,1.4756,1.4936,1.4478,1.4778,104965.58000000,154618.88003400,
2026-07-18,1.4785,1.4832,1.4558,1.4808,45959.26000000,67694.01561500,
2026-07-19,1.4827,1.4925,1.4695,1.4821,88624.40000000,131244.62191900,
2026-07-20,1.4818,1.5222,1.4687,1.5178,102338.48000000,153044.89439700,
2026-07-21,1.5211,1.5656,1.52,1.535,94318.72000000,145345.16917300,
2026-07-22,1.5349,1.5373,1.5005,1.5099,51332.40000000,78025.76955600,
2026-07-23,1.5092,1.5189,1.4697,1.4753,67894.54000000,101619.72158300,
2026-07-24,1.474,1.4976,1.4462,1.4568,83012.57000000,122166.41701200,
2026-07-25,1.4561,1.4692,1.4392,1.4642,47700.73000000,69403.76974700,
2026-07-26,1.4651,1.4922,1.4589,1.4882,129419.70000000,191118.21066900,
2026-07-27,1.4883,1.4987,1.4083,1.4122,132453.07000000,194066.54978800,
2026-07-28,1.4123,1.4357,1.3888,1.423,128425.31000000,181647.82892300,
2026-07-29,1.425,1.431,1.3668,1.4001,288343.08000000,401937.98483700,
2026-07-30,1.4012,1.4307,1.3862,1.4168,120851.37000000,170552.45118900,
2026-07-31,1.4167,1.427,1.3577,1.3732,105213.89000000,146251.69968000,
2026-08-01,1.3773,1.3939,1.34,1.3498,144432.99000000,197576.17836900,
2026-08-02,1.3513,1.3883,1.3513,1.3849,224353.32000000,307060.94161200,
2026-08-03,1.3866,1.3867,1.3458,1.3618,105595.95000000,143803.40476500,
2026-08-04,1.3628,1.3729,1.3331,1.3404,140344.99000000,189430.00716400,
2026-08-05,1.3406,1.3692,1.32,1.3259,111675.60000000,150128.17552900,
2026-08-06,1.3268,1.3551,1.3159,1.3409,138182.65000000,184204.71304300,
2026-08-07,1.3389,1.3525,1.3049,1.3119,117834.97000000,156857.56115600,
2026-08-08,1.3118,1.3335,1.3071,1.3231,58955.77000000,77904.29579900,
2026-08-09,1.3234,1.3422,1.2962,1.2979,137741.45000000,182463.78575300,
2026-08-10,1.2974,1.3134,1.257,1.2589,182578.48000000,235881.92483600,
2026-08-11,1.2629,1.2704,1.2269,1.2643,187962.36000000,235444.57462800,
2026-08-12,1.2636,1.2823,1.2341,1.2549,240673.16000000,303224.88316500,
2026-08-13,1.2551,1.2763,1.2465,1.2598,176552.51000000,223222.14058500,
2026-08-14,1.26,1.2661,1.2406,1.2624,134927.39000000,169064.66053000,
2026-08-15,1.2628,1.2841,1.26,1.2645,84171.53000000,106778.29201700,
2026-08-16,1.2651,1.2738,1.2428,1.2567,62778.01000000,79074.07631800,
2026-08-17,1.2572,1.2795,1.2535,1.2741,109025.97000000,138340.73951000,
2026-08-18,1.2748,1.2763,1.2468,1.2629,152151.83000000,192475.97019900,
2026-08-19,1.2623,1.4018,1.2563,1.3705,413427.53000000,544221.72245200,
2026-08-20,1.3726,1.4263,1.3555,1.4033,494336.40000000,690411.62701200,
2026-08-21,1.4031,1.5368,1.3958,1.5247,1590711.27000000,2356316.71939100,
2026-08-22,1.5244,1.6371,1.3897,1.4613,1831012.07000000,2756632.88507000,
2026-08-23,1.4624,1.5441,1.3771,1.5132,1673748.83000000,2474509.95759100,
2026-08-24,1.5142,1.5569,1.456,1.4868,1602750.84000000,2398047.32135600,
2026-08-25,1.4864,1.5758,1.4693,1.5031,2202140.21000000,3350107.77692100,
2026-08-26,1.5032,1.5392,1.4628,1.5346,594575.00000000,896836.17363600,
2026-08-27,1.5342,1.585,1.4973,1.5331,314646.22000000,486208.88506100,
2026-08-28,1.5335,1.5545,1.4282,1.4467,204384.53000000,303026.37353200,
2026-08-29,1.4461,1.4751,1.4058,1.4563,114782.87000000,164159.29534300,
2026-08-30,1.4582,1.4809,1.382,1.4008,242861.71000000,351929.92951100,
2026-08-31,1.3974,1.4297,1.3842,1.4256,64337.13000000,90872.06507300,
2026-09-01,1.4265,1.4658,1.4072,1.4238,95258.38000000,137002.95687100,
2026-09-02,1.4239,1.4422,1.3888,1.4112,87949.33000000,124008.61049200,
2026-09-03,1.4099,1.4915,1.3994,1.4702,151669.10000000,221240.75501500,
2026-09-04,1.4712,1.481,1.4044,1.4278,183644.54000000,264297.05159400,
2026-09-05,1.4256,1.4988,1.4216,1.4652,145844.60000000,214210.51798800,
2026-09-06,1.4661,1.5764,1.4618,1.5633,360956.45000000,546599.86402900,
2026-09-07,1.5638,1.5744,1.5048,1.5459,357510.86000000,552471.23993100,
2026-09-08,1.546,1.6023,1.4796,1.5052,367606.37000000,562512.13628000,
2026-09-09,1.5067,1.5703,1.4499,1.4678,448032.40000000,678572.04463400,
2026-09-10,1.4675,1.4683,1.3804,1.3932,309981.40000000,439533.76275900,
2026-09-11,1.3941,1.4602,1.3479,1.391,365007.60000000,508207.86733300,
2026-09-12,1.3908,1.4052,1.377,1.3822,68479.95000000,95485.25806600,
2026-09-13,1.382,1.4084,1.3591,1.3659,76346.10000000,105418.32992100,
2026-09-14,1.3662,1.415,1.3651,1.3822,125946.50000000,175400.44673600,
2026-09-15,1.3825,1.3882,1.291,1.32,161595.70000000,216296.78981400,
2026-09-16,1.3188,1.3722,1.2853,1.3684,225749.92000000,295924.03878800,
2026-09-17,1.3662,1.4415,1.3629,1.4372,158652.11000000,221440.70641000,
2026-09-18,1.439,1.56,1.439,1.5462,328336.42000000,499024.17684500,
2026-09-19,1.549,1.6339,1.5343,1.5758,303746.73000000,479186.10825700,
2026-09-20,1.5749,1.7576,1.5053,1.7323,421112.55000000,688084.05726500,
2026-09-21,1.733,1.8811,1.6692,1.8722,1121516.70000000,2012056.38212200,
2026-09-22,1.8724,1.9096,1.7837,1.8529,994462.08000000,1826546.81900600,
2026-09-23,1.8526,1.8806,1.6783,1.734,789423.49000000,1409106.15588300,
2026-09-24,1.7331,1.8974,1.7204,1.8559,921887.93000000,1679863.98971200,
2026-09-25,1.8549,1.9847,1.8211,1.9466,1012733.52000000,1945815.78071800,
2026-09-26,1.9474,2.0651,1.903,1.9901,918565.59000000,1824428.34304900,
2026-09-27,1.9888,2.0944,1.9849,2.0547,685828.53000000,1395594.39937000,
2026-09-28,2.056,2.0908,1.8822,1.9486,1106744.55000000,2167876.74237300,
2026-09-29,1.9498,1.9839,1.862,1.9094,444108.90000000,854828.42197300,
2026-09-30,1.9104,1.9964,1.893,1.9129,182163.08000000,353108.91087700,
2026-10-01,1.914,1.9476,1.8858,1.9097,139787.34000000,267286.68708200,
2026-10-02,1.909,2.0095,1.8616,1.9744,177719.11000000,344991.32578900,
2026-10-03,1.9753,2.0235,1.925,1.9874,111627.90000000,221017.52044000,
2026-10-04,1.9873,1.9915,1.9394,1.9747,86468.34000000,170216.67333300,
2026-10-05,1.975,2.1125,1.9569,2.0658,224503.16000000,453266.75316200,
2026-10-06,2.0667,2.1998,2.0157,2.1443,294030.16000000,625041.74775000,
