date,open,high,low,close,volume,quote_volume,trades
2021-04-16,0.17558600,0.24555000,0.15721500,0.23448500,6188637152.10000000,1235045716.64890000,1519159
2021-04-17,0.23448500,0.27982900,0.21408700,0.22642500,6811815475.00000000,1628380958.44819800,1971196
2021-04-18,0.22646200,0.25500000,0.16950000,0.25332100,5306548344.00000000,1175484924.56009100,1475472
2021-04-19,0.25356800,0.26868000,0.22140100,0.22821500,4317072517.00000000,1060997930.87436100,1210163
2021-04-20,0.22838300,0.26600000,0.20522200,0.25123700,3715124901.00000000,888862901.03660900,1061478
2021-04-21,0.25099500,0.25536300,0.22138500,0.22627100,2342115780.00000000,559751762.83638300,673514
2021-04-22,0.22598300,0.23579900,0.17600000,0.19017400,4327661640.00000000,919612177.20906800,1081932
2021-04-23,0.19011500,0.20673000,0.13100000,0.20208600,8126640803.00000000,1444332643.04457800,1616113
2021-04-24,0.20186200,0.20600000,0.17720000,0.17842500,3125905802.00000000,590135054.78686700,637399
2021-04-25,0.17842400,0.18826000,0.15476000,0.16830000,2562597271.90000000,445316019.37315770,577325
2021-04-26,0.16830000,0.19920000,0.16453000,0.18849000,3351483407.00000000,622695112.15995400,801427
2021-04-27,0.18849000,0.22390000,0.18487000,0.20810000,3163964933.70000000,652258580.31388840,887430
2021-04-28,0.20796000,0.21500000,0.18702000,0.19840000,2307445618.80000000,460931681.74836600,648605
2021-04-29,0.19849000,0.20061000,0.18133000,0.19127000,1781485869.90000000,340733064.42682000,499213
2021-04-30,0.19129000,0.20362000,0.18638000,0.20098000,1494034640.00000000,293469658.57239200,420947
2021-05-01,0.20110000,0.20805000,0.19227000,0.20422000,1191292657.50000000,237528254.20205000,360424
2021-05-02,0.20430000,0.22505000,0.19706000,0.21488000,2655545961.70000000,564129204.71775200,798770
2021-05-03,0.21488000,0.22241000,0.20600000,0.21084000,1578067439.80000000,339234388.12039600,511758
2021-05-04,0.21087000,0.21137000,0.18456000,0.18753000,2565446817.60000000,501289849.40227900,766053
2021-05-05,0.18752000,0.20888000,0.18600000,0.20705000,1859705729.50000000,368832931.66772700,550237
2021-05-06,0.20706000,0.22360000,0.20074000,0.21584000,2327072959.70000000,492687716.77064300,766532
2021-05-07,0.21574000,0.25000000,0.21328000,0.23060000,3948011812.20000000,933420423.88323300,1264773
2021-05-08,0.23050000,0.23666000,0.21858000,0.22340000,1258764406.00000000,286597578.43142400,430378
2021-05-09,0.22330000,0.23744000,0.20800000,0.23386000,1659540511.60000000,370915542.25563200,589750
2021-05-10,0.23380000,0.23943000,0.18750000,0.20262000,1748580413.60000000,379507053.23639400,606992
2021-05-11,0.20278000,0.21354000,0.19521000,0.21269000,1434142949.50000000,294487072.55313400,442614
2021-05-12,0.21269000,0.21496000,0.16161000,0.16660000,1788810247.60000000,352136391.05374800,586943
2021-05-13,0.16697000,0.18999000,0.15571000,0.18222000,3429911605.60000000,605266975.23195200,947612
2021-05-14,0.18225000,0.19287000,0.17728000,0.18674000,1359413440.30000000,252272087.94086300,389534
2021-05-15,0.18663000,0.18813000,0.16972000,0.17254000,1506771797.50000000,268978559.14915300,409135
2021-05-16,0.17254000,0.19272000,0.16019000,0.17646000,2266154448.20000000,401938944.72292600,588439
2021-05-17,0.17652000,0.17752000,0.14888000,0.15775000,2666779589.80000000,430005830.46115400,634789
2021-05-18,0.15773000,0.17144000,0.15603000,0.16183000,1913643240.20000000,314159682.26679900,425438
2021-05-19,0.16185000,0.16448000,0.05200000,0.10533000,8296040530.80000000,991191498.97816800,1510932
2021-05-20,0.10533000,0.14600000,0.09000000,0.13077000,5532101820.00000000,669246577.96766700,1076762
2021-05-21,0.13074000,0.13923000,0.09000000,0.10813000,5337110951.80000000,607162682.11577500,907780
2021-05-22,0.10820000,0.11182000,0.09280000,0.09944000,3500176289.00000000,360433461.98899700,602738
2021-05-23,0.09953000,0.10564000,0.06560000,0.08638000,6261832023.40000000,523968693.29967400,938990
2021-05-24,0.08626000,0.11783000,0.08500000,0.11240000,5282694200.80000000,549580963.25932900,845513
2021-05-25,0.11244000,0.12054000,0.10431000,0.11267000,3441286725.90000000,384197688.29276400,605992
2021-05-26,0.11260000,0.14120000,0.10960000,0.13306000,4144591085.20000000,536112773.41203000,725954
2021-05-27,0.13298000,0.13595000,0.11866000,0.12380000,2659115741.50000000,336849371.81266500,449899
2021-05-28,0.12380000,0.12545000,0.10213000,0.10815000,3457240118.90000000,384672422.13589200,589613
2021-05-29,0.10812000,0.11400000,0.09250000,0.09896000,2641195002.70000000,270568184.89674200,380465
2021-05-30,0.09896000,0.11475000,0.09230000,0.10752000,2592725414.60000000,277216424.79790700,380873
2021-05-31,0.10741000,0.12626000,0.10203000,0.12588000,2486990006.30000000,284722677.35024100,415647
2021-06-01,0.12592000,0.12973000,0.11775000,0.12068000,2135264727.90000000,261702195.93606400,360008
2021-06-02,0.12063000,0.13199000,0.11703000,0.12573000,1643652027.80000000,206419966.40347500,310411
2021-06-03,0.12565000,0.14509000,0.12305000,0.14323000,2329521871.10000000,314069409.37240700,457431
2021-06-04,0.14323000,0.15285000,0.11971000,0.12902000,4259089209.70000000,574325359.93555600,740949
2021-06-05,0.12908000,0.14189000,0.12000000,0.12534000,2588768201.70000000,341330104.66144300,420421
2021-06-06,0.12533000,0.13399000,0.12445000,0.12766000,1593745131.20000000,206511913.54116600,261647
2021-06-07,0.12766000,0.13650000,0.11280000,0.11458000,2210084147.90000000,279547382.00053100,366915
2021-06-08,0.11460000,0.11846000,0.09900000,0.11285000,3698318136.90000000,405320584.55665600,504331
2021-06-09,0.11287000,0.12000000,0.10557000,0.11996000,2757252229.90000000,312395653.98918000,381119
2021-06-10,0.11998000,0.12267000,0.10892000,0.11204000,2033141517.50000000,234558949.79188800,301091
2021-06-11,0.11205000,0.11467000,0.10341000,0.10482000,1752724258.30000000,193348418.79102900,252204
2021-06-12,0.10482000,0.10792000,0.09654000,0.10624000,1862749647.60000000,190292268.13099800,259701
2021-06-13,0.10624000,0.11550000,0.09985000,0.11244000,1479262301.40000000,157920618.98129200,232253
2021-06-14,0.11244000,0.11654000,0.10827000,0.11334000,1353761539.00000000,151781939.71417000,220147
2021-06-15,0.11328000,0.11552000,0.11000000,0.11135000,990084203.20000000,111689133.91670000,155771
2021-06-16,0.11134000,0.11445000,0.10567000,0.10752000,884683659.80000000,96526107.68583300,142446
2021-06-17,0.10752000,0.11150000,0.10488000,0.10726000,599751647.10000000,64958281.79223700,97010
2021-06-18,0.10731000,0.10759000,0.09613000,0.09957000,853017181.90000000,86341064.11303900,131933
2021-06-19,0.09957000,0.10204000,0.09636000,0.09639000,656262172.90000000,65359866.98976200,94495
2021-06-20,0.09641000,0.10077000,0.08816000,0.09840000,1031915885.30000000,97344701.58301500,153923
2021-06-21,0.09837000,0.09881000,0.07301000,0.07332000,2223182586.90000000,187175666.52787700,309221
2021-06-22,0.07330000,0.08108000,0.05955000,0.07176000,4714450003.80000000,334648427.94746600,519937
2021-06-23,0.07172000,0.08447000,0.06793000,0.07614000,3150782283.60000000,243331641.91751500,387009
2021-06-24,0.07614000,0.08327000,0.07224000,0.08077000,1758052234.10000000,137140319.81531200,212575
2021-06-25,0.08074000,0.08323000,0.07116000,0.07209000,1780897549.90000000,136220194.52027100,225512
2021-06-26,0.07207000,0.07591000,0.06900000,0.07400000,1401930984.10000000,101230683.28599400,165050
2021-06-27,0.07399000,0.07842000,0.07130000,0.07806000,889825732.40000000,65676922.67933200,116806
2021-06-28,0.07805000,0.08184000,0.07568000,0.07942000,957312777.10000000,75284655.87773200,137448
2021-06-29,0.07943000,0.09504000,0.07895000,0.09008000,1890978743.20000000,167047921.70667600,294274
2021-06-30,0.09001000,0.09442000,0.08172000,0.09134000,1738170586.10000000,151979277.24991100,260859
2021-07-01,0.09133000,0.09133000,0.08248000,0.08424000,1227504580.60000000,105005493.22436200,171849
2021-07-02,0.08425000,0.08770000,0.08198000,0.08655000,1133495193.30000000,95875904.71904200,145898
2021-07-03,0.08656000,0.09023000,0.08423000,0.08736000,913099649.70000000,79826079.66802500,126724
2021-07-04,0.08732000,0.09006000,0.08484000,0.08778000,857726403.20000000,75209579.12221100,141569
2021-07-05,0.08780000,0.08786000,0.08131000,0.08342000,1009140828.90000000,85372039.04482400,141525
2021-07-06,0.08345000,0.08715000,0.08294000,0.08446000,796252433.90000000,67492823.08103500,112722
2021-07-07,0.08446000,0.08611000,0.08320000,0.08340000,635110376.10000000,53901103.78338200,103477
2021-07-08,0.08337000,0.08366000,0.07511000,0.07607000,1013992503.70000000,79388307.51911100,149284
2021-07-09,0.07605000,0.07824000,0.07233000,0.07703000,817633056.00000000,61678141.22666200,114938
2021-07-10,0.07701000,0.07879000,0.07450000,0.07597000,513741559.50000000,39320067.29293500,76111
2021-07-11,0.07599000,0.07910000,0.07493000,0.07768000,396751737.10000000,30630314.67269300,61815
2021-07-12,0.07768000,0.07901000,0.07378000,0.07495000,485047192.50000000,36931872.51355300,69706
2021-07-13,0.07495000,0.07573000,0.07158000,0.07294000,522685098.10000000,38478070.07328000,77191
2021-07-14,0.07297000,0.07370000,0.06839000,0.07256000,719807940.10000000,51256896.69930700,100291
2021-07-15,0.07256000,0.07396000,0.06760000,0.06904000,689990562.20000000,48304818.65666100,88072
2021-07-16,0.06899000,0.07049000,0.06501000,0.06521000,724702951.40000000,48877718.38028900,92739
2021-07-17,0.06523000,0.06659000,0.06342000,0.06550000,599977171.40000000,38912284.50829700,71698
2021-07-18,0.06550000,0.06886000,0.06494000,0.06755000,633980705.80000000,42559148.45336700,77463
2021-07-19,0.06758000,0.06773000,0.06147000,0.06180000,706226626.30000000,45293574.48588600,86605
2021-07-20,0.06180000,0.06285000,0.05603000,0.05773000,1066995893.80000000,62297809.42125500,125000
2021-07-21,0.05776000,0.06833000,0.05598000,0.06605000,1520542309.50000000,96776369.30569700,180182
2021-07-22,0.06605000,0.06900000,0.06409000,0.06777000,878820265.00000000,58784832.41094400,122232
2021-07-23,0.06777000,0.07103000,0.06414000,0.07099000,795338860.20000000,53471150.26705400,105424
2021-07-24,0.07100000,0.07343000,0.06963000,0.07219000,740146961.80000000,53037417.61553900,118026
2021-07-25,0.07221000,0.07440000,0.06930000,0.07438000,611924366.90000000,43762608.26166300,97261
2021-07-26,0.07439000,0.08982000,0.07367000,0.07754000,2583820456.10000000,214224910.96364700,475181
2021-07-27,0.07759000,0.08750000,0.07468000,0.08396000,1569354217.80000000,127289017.88124900,256412
2021-07-28,0.08393000,0.08631000,0.08034000,0.08283000,1081703275.40000000,89952773.67620400,162787
2021-07-29,0.08280000,0.08395000,0.08066000,0.08266000,539258500.60000000,44272919.43180400,92918
2021-07-30,0.08267000,0.08600000,0.08003000,0.08596000,811964038.80000000,67517793.82619400,140458
2021-07-31,0.08596000,0.09038000,0.08445000,0.08962000,915201259.60000000,80311797.28326400,160187
2021-08-01,0.08963000,0.09300000,0.08517000,0.08574000,928339477.90000000,83202545.60563100,169721
2021-08-02,0.08574000,0.08898000,0.08400000,0.08606000,675123471.20000000,58310138.54460200,112594
2021-08-03,0.08606000,0.08727000,0.08223000,0.08540000,603351695.70000000,50959464.71993900,99872
2021-08-04,0.08544000,0.09039000,0.08385000,0.08841000,663535631.20000000,57818418.24346700,120182
2021-08-05,0.08835000,0.09200000,0.08519000,0.09082000,780437003.70000000,69338571.06391900,142842
2021-08-06,0.09085000,0.09760000,0.08935000,0.09665000,910015916.40000000,85337663.43641300,184756
2021-08-07,0.09664000,0.10886000,0.09514000,0.10371000,1655607717.90000000,171158226.33321100,367677
2021-08-08,0.10360000,0.11069000,0.09854000,0.10130000,1214018929.30000000,127016615.63922800,249982
2021-08-09,0.10125000,0.10780000,0.09700000,0.10574000,1115257010.20000000,115350138.04208100,202971
2021-08-10,0.10574000,0.10845000,0.10243000,0.10633000,846210731.90000000,89286416.18534100,167941
2021-08-11,0.10637000,0.11786000,0.10601000,0.11096000,1327428987.40000000,149518475.94524700,326338
2021-08-12,0.11096000,0.11703000,0.10314000,0.10725000,1193419847.20000000,130327992.30490800,230313
2021-08-13,0.10725000,0.12100000,0.10606000,0.12083000,917895208.90000000,105471683.12945300,243882
2021-08-14,0.12082000,0.13330000,0.11919000,0.13014000,1726620116.30000000,217669445.13759400,462515
2021-08-15,0.13012000,0.14198000,0.12413000,0.13937000,1619776849.20000000,213949578.10093400,433101
2021-08-16,0.13938000,0.14420000,0.12700000,0.12869000,1596159421.20000000,217596273.05775700,384007
2021-08-17,0.12869000,0.13578000,0.11603000,0.11816000,1826918374.60000000,231149159.66120000,369778
2021-08-18,0.11819000,0.12800000,0.11250000,0.11955000,1791847981.30000000,214514240.86295000,315132
2021-08-19,0.11960000,0.13028000,0.11406000,0.13013000,1474034228.50000000,178477002.27757200,299430
2021-08-20,0.13020000,0.13790000,0.12811000,0.13295000,1502469975.20000000,199587729.64642400,332239
2021-08-21,0.13295000,0.13490000,0.12734000,0.12822000,1059117438.00000000,139319924.32502000,213466
2021-08-22,0.12822000,0.13280000,0.12325000,0.12817000,1013853893.90000000,129798086.38058400,188916
2021-08-23,0.12819000,0.13480000,0.12712000,0.13164000,1229867138.30000000,162090631.97937700,262187
2021-08-24,0.13165000,0.13718000,0.11979000,0.12128000,1644827527.70000000,211731751.21355700,367308
2021-08-25,0.12128000,0.12999000,0.11752000,0.12750000,1317963671.00000000,163710528.89302700,265866
2021-08-26,0.12750000,0.12945000,0.11502000,0.11591000,1167425254.40000000,140100335.75119600,220891
2021-08-27,0.11591000,0.12840000,0.11359000,0.12803000,1069906072.40000000,128263217.47704800,220776
2021-08-28,0.12810000,0.12831000,0.12121000,0.12328000,596426975.60000000,73878040.13641000,124362
2021-08-29,0.12330000,0.12584000,0.11914000,0.12352000,661901101.00000000,80937321.02841500,133102
2021-08-30,0.12354000,0.12402000,0.11662000,0.11709000,924907785.10000000,111270968.20221100,178308
2021-08-31,0.11710000,0.12730000,0.11627000,0.12282000,1331488101.00000000,162281324.06527800,276416
2021-09-01,0.12279000,0.13975000,0.11914000,0.13728000,2139151837.10000000,283847597.71508100,557273
2021-09-02,0.13728000,0.14836000,0.13443000,0.14307000,2010473348.90000000,287035516.70393700,531708
2021-09-03,0.14309000,0.14777000,0.13900000,0.14294000,1328475330.60000000,190350740.61502000,341332
2021-09-04,0.14294000,0.15288000,0.14200000,0.14477000,1127744000.90000000,166722041.52293500,377713
2021-09-05,0.14480000,0.15418000,0.14380000,0.15391000,926403941.60000000,138117238.06580600,296660
2021-09-06,0.15392000,0.15722000,0.14583000,0.14998000,1102349030.70000000,167127239.57178400,326707
2021-09-07,0.14998000,0.15300000,0.09800000,0.12286000,2942688763.90000000,378130695.47468500,720755
2021-09-08,0.12281000,0.12643000,0.10614000,0.11837000,1823695710.70000000,214248115.09688700,378461
2021-09-09,0.11837000,0.12766000,0.11705000,0.12163000,1409062825.50000000,172620711.55448400,300971
2021-09-10,0.12167000,0.12700000,0.11023000,0.11252000,1198535707.90000000,141095236.04654300,256064
2021-09-11,0.11249000,0.11936000,0.11117000,0.11549000,815100036.70000000,94085688.47522900,173915
2021-09-12,0.11553000,0.12441000,0.11281000,0.11984000,906954285.10000000,107742225.84343800,215195
2021-09-13,0.11991000,0.12211000,0.10850000,0.11245000,1017177341.30000000,114977347.80560500,208711
2021-09-14,0.11243000,0.11837000,0.11166000,0.11764000,630518090.70000000,72872416.63633600,140961
2021-09-15,0.11762000,0.12337000,0.11519000,0.12206000,731169770.50000000,87300505.72155200,175146
2021-09-16,0.12206000,0.12343000,0.11414000,0.11669000,695066647.60000000,82498552.22155200,172871
2021-09-17,0.11665000,0.11788000,0.11046000,0.11145000,556161796.30000000,63326592.28061700,124160
2021-09-18,0.11142000,0.11613000,0.11018000,0.11297000,448075447.20000000,50870255.86227600,100959
2021-09-19,0.11297000,0.11407000,0.10660000,0.10824000,423097365.20000000,46838098.54336800,104007
2021-09-20,0.10824000,0.10845000,0.08823000,0.09176000,1744245996.50000000,168014219.30571000,329632
2021-09-21,0.09175000,0.09756000,0.08443000,0.08610000,1405983090.20000000,128725519.43505000,241732
2021-09-22,0.08609000,0.09960000,0.08483000,0.09956000,1136637522.50000000,105709984.38848500,207678
2021-09-23,0.09950000,0.10324000,0.09719000,0.10202000,949473163.70000000,95499979.16408700,180984
2021-09-24,0.10203000,0.10314000,0.08776000,0.09229000,1326106456.40000000,124445496.58006400,235538
2021-09-25,0.09229000,0.09400000,0.08860000,0.08994000,708967337.60000000,64842860.29006100,135122
2021-09-26,0.08995000,0.09326000,0.08405000,0.09149000,794105906.10000000,70841060.10851300,147034
2021-09-27,0.09146000,0.09426000,0.08628000,0.08634000,635697107.10000000,57596845.89983200,123648
2021-09-28,0.08634000,0.08871000,0.08161000,0.08173000,717372260.20000000,61172446.08335000,125068
2021-09-29,0.08173000,0.08762000,0.08157000,0.08468000,638812653.50000000,54236376.64439800,114867
2021-09-30,0.08466000,0.09600000,0.08426000,0.09598000,1011138225.20000000,91066798.25270700,197612
2021-10-01,0.09600000,0.11146000,0.09510000,0.10825000,1912290556.60000000,200613036.55812300,472246
2021-10-02,0.10825000,0.11666000,0.10596000,0.11131000,997348499.60000000,111631412.34829000,262665
2021-10-03,0.11134000,0.11460000,0.10814000,0.11042000,863059480.20000000,96202105.12482900,209048
2021-10-04,0.11042000,0.11292000,0.10406000,0.10939000,1044351376.20000000,113482900.96151500,253952
2021-10-05,0.10944000,0.11600000,0.10853000,0.11342000,855595237.00000000,96271163.62546100,245946
2021-10-06,0.11345000,0.11497000,0.10514000,0.11231000,941453507.80000000,104722881.62912900,260684
2021-10-07,0.11228000,0.11789000,0.10912000,0.11169000,892109485.70000000,101089248.06052400,263917
2021-10-08,0.11172000,0.11541000,0.11052000,0.11152000,592834510.90000000,67074149.94793600,167306
2021-10-09,0.11157000,0.12311000,0.10951000,0.11892000,1012231002.90000000,119249584.49029600,343836
2021-10-10,0.11897000,0.11929000,0.10976000,0.11031000,571058896.00000000,65809775.86295000,157035
2021-10-11,0.11026000,0.11537000,0.10639000,0.10911000,628407085.30000000,69801017.30059300,161758
2021-10-12,0.10911000,0.10916000,0.10057000,0.10675000,890416526.80000000,93324276.15843200,202359
2021-10-13,0.10671000,0.11647000,0.10453000,0.11553000,1193867433.80000000,132601953.57924700,302769
2021-10-14,0.11553000,0.12300000,0.11552000,0.11916000,1124809167.80000000,134916018.56294600,295267
2021-10-15,0.11918000,0.12520000,0.11222000,0.11987000,1331142722.60000000,158193854.03294600,365355
2021-10-16,0.11985000,0.12452000,0.11841000,0.11990000,654896552.80000000,78953939.52076900,201189
2021-10-17,0.11989000,0.12777000,0.11623000,0.12223000,1257324801.60000000,153641211.89628600,387763
2021-10-18,0.12222000,0.12383000,0.11680000,0.11844000,697328889.90000000,83464844.91147800,181866
2021-10-19,0.11850000,0.11941000,0.11466000,0.11608000,555759490.90000000,65049828.44300700,133986
2021-10-20,0.11611000,0.12307000,0.11509000,0.12223000,679513468.30000000,81166815.55080400,206792
2021-10-21,0.12223000,0.13603000,0.12188000,0.12953000,1873058055.00000000,242304601.40387700,638944
2021-10-22,0.12960000,0.13700000,0.12646000,0.13015000,1082557721.20000000,142434297.68233300,351799
2021-10-23,0.13015000,0.13860000,0.12866000,0.13596000,854522534.40000000,115325154.99898900,299472
2021-10-24,0.13597000,0.13944000,0.12845000,0.13237000,797875175.50000000,106605978.64895900,254766
2021-10-25,0.13241000,0.14334000,0.13123000,0.14248000,892115979.70000000,123386453.95213000,368278
2021-10-26,0.14251000,0.14785000,0.13900000,0.14029000,986800373.40000000,141449845.02155700,401449
2021-10-27,0.14027000,0.14328000,0.11692000,0.12415000,1584863168.60000000,205069071.29070400,494274
2021-10-28,0.12421000,0.13390000,0.12325000,0.13007000,1151515825.40000000,148212771.25810200,331383
2021-10-29,0.13014000,0.14000000,0.12923000,0.13746000,768804432.10000000,103209591.77836100,274557
2021-10-30,0.13747000,0.13866000,0.12699000,0.13058000,670562848.40000000,88925486.98329900,238195
2021-10-31,0.13058000,0.13559000,0.12600000,0.13311000,702179993.60000000,92039768.00977200,232374
2021-11-01,0.13310000,0.13785000,0.12750000,0.13658000,821528423.80000000,110214554.78962900,316860
2021-11-02,0.13661000,0.14300000,0.13332000,0.14015000,881909025.10000000,122428730.70577900,358647
2021-11-03,0.14013000,0.14107000,0.13201000,0.13722000,883031201.50000000,121018404.07797800,290278
2021-11-04,0.13725000,0.15352000,0.13537000,0.15264000,1832737770.40000000,265132798.13503500,944507
2021-11-05,0.15266000,0.16438000,0.14521000,0.15810000,2331463789.10000000,364645953.60100600,1127585
2021-11-06,0.15811000,0.16400000,0.14917000,0.16057000,1252365731.20000000,197248239.19283700,614545
2021-11-07,0.16056000,0.16209000,0.15414000,0.15506000,665628121.80000000,104893340.24981300,312327
2021-11-08,0.15502000,0.17606000,0.15117000,0.17603000,1678982932.10000000,277725327.90473200,942520
2021-11-09,0.17605000,0.18755000,0.17011000,0.17095000,2082374885.50000000,372111474.97465600,1114172
2021-11-10,0.17094000,0.18276000,0.14817000,0.16257000,1852610223.90000000,312075530.07898800,814484
2021-11-11,0.16254000,0.16942000,0.15843000,0.16513000,906307830.90000000,149161371.70030400,399427
2021-11-12,0.16515000,0.16564000,0.15118000,0.15866000,890280029.60000000,141049413.56234500,384165
2021-11-13,0.15866000,0.16500000,0.15488000,0.16039000,662202272.80000000,105566131.44115500,272156
2021-11-14,0.16038000,0.16345000,0.15366000,0.16169000,575148381.80000000,91365210.69677700,249919
2021-11-15,0.16175000,0.17749000,0.16160000,0.16292000,1402778438.80000000,236582040.12252500,724487
2021-11-16,0.16292000,0.16296000,0.13500000,0.14428000,2099202292.10000000,314513871.12271800,701731
2021-11-17,0.14419000,0.14793000,0.13660000,0.14514000,1433775017.50000000,204529292.05030500,439649
2021-11-18,0.14509000,0.14711000,0.12300000,0.12889000,1696526974.40000000,227030828.48785100,500604
2021-11-19,0.12876000,0.14175000,0.12537000,0.13927000,1120012247.20000000,150580325.13312600,325299
2021-11-20,0.13933000,0.14169000,0.13252000,0.13952000,839556940.90000000,115666040.04722200,268590
2021-11-21,0.13953000,0.13974000,0.13155000,0.13252000,738806359.30000000,100320142.03012300,243463
2021-11-22,0.13253000,0.13315000,0.12450000,0.12656000,1007693578.90000000,129945899.31221500,316725
2021-11-23,0.12656000,0.13222000,0.12413000,0.13097000,943138988.40000000,120865894.53157200,287170
2021-11-24,0.13094000,0.13207000,0.11959000,0.12210000,953192637.50000000,117928853.70072700,302815
2021-11-25,0.12210000,0.13329000,0.12104000,0.12782000,1044368983.50000000,132686461.95569600,359361
2021-11-26,0.12780000,0.12844000,0.11050000,0.11336000,1535563161.90000000,178628821.26386500,461340
2021-11-27,0.11344000,0.11853000,0.11270000,0.11412000,601112833.20000000,69780711.98827400,172121
2021-11-28,0.11413000,0.11656000,0.10400000,0.11639000,1033886239.90000000,114090371.67200500,286771
2021-11-29,0.11633000,0.12227000,0.11408000,0.12130000,855067064.60000000,100923646.84419600,266732
2021-11-30,0.12128000,0.12550000,0.11551000,0.11917000,1041448006.90000000,125482093.41145200,391668
2021-12-01,0.11921000,0.12545000,0.11683000,0.11820000,797751138.80000000,96611771.55916500,283384
2021-12-02,0.11821000,0.11917000,0.11369000,0.11582000,604764925.20000000,70494213.99217600,217118
2021-12-03,0.11580000,0.11946000,0.10430000,0.10858000,1007626412.00000000,113548019.04062100,360690
2021-12-04,0.10857000,0.10890000,0.07000000,0.09656000,2552184447.30000000,231783071.47099900,739740
2021-12-05,0.09656000,0.09809000,0.08613000,0.08979000,1118282105.40000000,101889965.66478700,286012
2021-12-06,0.08979000,0.09387000,0.07928000,0.09339000,1502575405.40000000,128908694.00069000,333293
2021-12-07,0.09342000,0.09800000,0.08983000,0.09151000,974981863.50000000,91561575.00918100,258067
2021-12-08,0.09151000,0.09610000,0.08801000,0.09448000,925525372.40000000,85377061.60698400,230542
2021-12-09,0.09447000,0.09592000,0.08534000,0.08553000,803444938.50000000,72122388.22481700,192100
2021-12-10,0.08548000,0.08896000,0.08017000,0.08056000,800238149.60000000,68212279.56209400,194112
2021-12-11,0.08057000,0.08648000,0.07912000,0.08617000,551351942.30000000,45962441.09476600,136510
2021-12-12,0.08616000,0.08811000,0.08277000,0.08698000,446687971.60000000,38299695.52365700,110239
2021-12-13,0.08696000,0.08845000,0.07533000,0.07717000,921744582.50000000,74177458.11667800,216583
2021-12-14,0.07719000,0.08099000,0.07491000,0.07969000,706833212.00000000,55343915.12355700,173745
2021-12-15,0.07969000,0.08448000,0.07452000,0.08306000,839531148.90000000,67038142.09380300,226402
2021-12-16,0.08307000,0.08779000,0.08111000,0.08158000,641220341.80000000,54112787.03095100,185103
2021-12-17,0.08156000,0.08432000,0.07768000,0.08008000,657364326.90000000,53165552.93863100,179748
2021-12-18,0.08008000,0.08472000,0.07887000,0.08413000,490543288.00000000,40370399.32881100,139378
2021-12-19,0.08411000,0.08495000,0.08002000,0.08026000,451096520.50000000,37252831.55235000,112730
2021-12-20,0.08030000,0.08133000,0.07610000,0.07950000,573887974.50000000,45239539.12540700,133390
2021-12-21,0.07951000,0.08376000,0.07844000,0.08326000,486424516.10000000,39607734.32995000,121681
2021-12-22,0.08325000,0.08895000,0.08270000,0.08684000,762805460.00000000,65492479.59610900,240259
2021-12-23,0.08686000,0.09426000,0.08460000,0.09299000,792475294.70000000,70880647.36258800,284501
2021-12-24,0.09301000,0.09605000,0.09082000,0.09185000,646616980.60000000,60779974.79636900,260844
2021-12-25,0.09186000,0.09540000,0.09113000,0.09468000,376032001.70000000,35089729.90467500,115430
2021-12-26,0.09468000,0.09514000,0.09130000,0.09447000,482904501.30000000,45235656.13441600,160641
2021-12-27,0.09446000,0.10298000,0.09446000,0.09773000,880924819.10000000,87853282.33474500,378431
2021-12-28,0.09771000,0.09776000,0.08699000,0.08762000,966550699.60000000,89460459.83137100,318807
2021-12-29,0.08765000,0.09013000,0.08189000,0.08258000,704362667.10000000,60612924.57823600,197358
2021-12-30,0.08258000,0.08655000,0.08065000,0.08461000,512838970.50000000,43209295.19350200,140320
2021-12-31,0.08462000,0.08739000,0.08086000,0.08267000,484161274.60000000,40858327.61612600,138922
2022-01-01,0.08266000,0.08690000,0.08264000,0.08658000,302321094.10000000,25595154.72653700,89587
2022-01-02,0.08662000,0.08884000,0.08466000,0.08714000,330214486.60000000,28633966.17333500,108966
2022-01-03,0.08712000,0.08890000,0.08428000,0.08587000,526544835.50000000,45589317.46855800,151535
2022-01-04,0.08589000,0.08980000,0.08367000,0.08590000,634447337.30000000,55276110.59053200,182472
2022-01-05,0.08589000,0.09600000,0.07855000,0.08461000,1756726493.90000000,157435378.94731000,513681
2022-01-06,0.08462000,0.08494000,0.08034000,0.08257000,880427597.10000000,72610828.05873600,214618
2022-01-07,0.08253000,0.08295000,0.07621000,0.07861000,892450651.90000000,70735518.91024300,232880
2022-01-08,0.07862000,0.08080000,0.07188000,0.07545000,664419206.20000000,50824075.54286800,171022
2022-01-09,0.07549000,0.07899000,0.07450000,0.07663000,484046371.00000000,37170852.90383000,123447
2022-01-10,0.07661000,0.07769000,0.06890000,0.07302000,767725424.70000000,55916518.58723600,189392
2022-01-11,0.07303000,0.07692000,0.07207000,0.07661000,516427699.90000000,38524804.33655100,120881
2022-01-12,0.07668000,0.08256000,0.07665000,0.08238000,605834341.40000000,48540853.37982400,154240
2022-01-13,0.08238000,0.08314000,0.07674000,0.07777000,686404974.50000000,54935370.24601700,176868
2022-01-14,0.07777000,0.07980000,0.07542000,0.07898000,453753455.20000000,35298270.18324600,117914
2022-01-15,0.07901000,0.08013000,0.07746000,0.07851000,309481916.60000000,24397383.37910800,76903
2022-01-16,0.07851000,0.07979000,0.07710000,0.07844000,309592034.40000000,24300919.28506700,81900
2022-01-17,0.07843000,0.07859000,0.07371000,0.07519000,457631641.70000000,34659443.07432000,109649
2022-01-18,0.07523000,0.07605000,0.07210000,0.07414000,461742766.00000000,34032331.46401700,114970
2022-01-19,0.07413000,0.07476000,0.07018000,0.07073000,417930420.50000000,30139146.28573300,111895
2022-01-20,0.07073000,0.07481000,0.06703000,0.06760000,545805279.00000000,39028394.64410900,140980
2022-01-21,0.06759000,0.06889000,0.05556000,0.05746000,1459868061.20000000,90953831.13951100,323633
2022-01-22,0.05741000,0.05922000,0.04482000,0.05163000,2201946906.00000000,113802780.52692900,364822
2022-01-23,0.05162000,0.05463000,0.05000000,0.05314000,1134085780.00000000,59335676.22277400,175102
2022-01-24,0.05315000,0.05315000,0.04385000,0.05142000,2041211328.90000000,97365520.02121900,263929
2022-01-25,0.05138000,0.05430000,0.04954000,0.05363000,930026501.60000000,48596994.08769800,153591
2022-01-26,0.05363000,0.05888000,0.05153000,0.05337000,1352063306.10000000,74570023.04290000,242331
2022-01-27,0.05337000,0.05461000,0.05003000,0.05237000,866205445.50000000,45206421.87332800,134092
2022-01-28,0.05236000,0.05416000,0.05070000,0.05392000,652784304.60000000,34243977.35899400,113985
2022-01-29,0.05388000,0.05553000,0.05327000,0.05449000,533858726.50000000,29019264.46605700,89421
2022-01-30,0.05451000,0.05561000,0.05150000,0.05256000,509682117.80000000,27341588.29829300,85317
2022-01-31,0.05257000,0.05398000,0.05035000,0.05385000,572059942.10000000,29875673.71326100,90072
2022-02-01,0.05385000,0.05550000,0.05341000,0.05452000,478230598.50000000,26063779.67525900,88339
2022-02-02,0.05455000,0.05641000,0.05149000,0.05192000,655835301.00000000,35403565.62004500,113991
2022-02-03,0.05197000,0.05263000,0.05050000,0.05248000,586199389.00000000,30241255.92922800,90979
2022-02-04,0.05245000,0.05864000,0.05202000,0.05862000,915645320.70000000,50649092.41026200,171099
2022-02-05,0.05862000,0.06121000,0.05759000,0.05909000,758927830.70000000,45170996.34293700,166423
2022-02-06,0.05909000,0.06139000,0.05793000,0.06128000,598533978.80000000,35566305.35285800,112107
2022-02-07,0.06126000,0.06800000,0.05992000,0.06781000,1057985484.60000000,67854383.74942500,302484
2022-02-08,0.06776000,0.06944000,0.06206000,0.06430000,1052316562.50000000,68728979.74532900,254134
2022-02-09,0.06430000,0.06820000,0.06300000,0.06701000,589057223.40000000,38712827.65305700,130743
2022-02-10,0.06700000,0.06848000,0.06246000,0.06283000,856872827.70000000,56150447.62510500,194810
2022-02-11,0.06281000,0.06458000,0.05662000,0.05791000,744703422.70000000,45835646.37736000,165779
2022-02-12,0.05792000,0.05920000,0.05560000,0.05757000,614860130.00000000,35203053.02910500,126801
2022-02-13,0.05755000,0.05851000,0.05512000,0.05628000,433191669.00000000,24661732.58222300,87136
2022-02-14,0.05627000,0.05740000,0.05425000,0.05618000,657779511.90000000,36685068.36710200,111589
2022-02-15,0.05619000,0.06113000,0.05558000,0.06107000,576576291.80000000,33981109.80648700,117218
2022-02-16,0.06108000,0.06198000,0.05821000,0.06029000,538012828.50000000,32356823.93245200,128383
2022-02-17,0.06032000,0.06151000,0.05430000,0.05456000,718817803.40000000,41590349.44570200,143552
2022-02-18,0.05458000,0.05611000,0.05248000,0.05317000,660823618.80000000,35925921.09891200,132474
2022-02-19,0.05318000,0.05459000,0.05143000,0.05256000,454235234.50000000,24028990.61466800,85006
2022-02-20,0.05255000,0.05270000,0.04827000,0.04920000,732506719.40000000,36603609.83765200,119615
2022-02-21,0.04923000,0.05166000,0.04488000,0.04522000,1215114479.90000000,59134159.58809700,198384
2022-02-22,0.04522000,0.04737000,0.04374000,0.04728000,945275899.80000000,43207224.81719000,136706
2022-02-23,0.04728000,0.05000000,0.04533000,0.04549000,878044886.50000000,42041422.73914300,129984
2022-02-24,0.04550000,0.04600000,0.03905000,0.04460000,2390877595.00000000,100286428.71473300,305721
2022-02-25,0.04460000,0.04820000,0.04350000,0.04753000,926436704.40000000,42441906.46982400,138383
2022-02-26,0.04754000,0.04938000,0.04717000,0.04827000,718710668.10000000,34716736.50934600,112860
2022-02-27,0.04828000,0.04920000,0.04448000,0.04552000,858249183.30000000,40205527.99678900,135877
2022-02-28,0.04553000,0.05218000,0.04427000,0.05209000,1143496383.70000000,54359199.30986500,176711
2022-03-01,0.05207000,0.05448000,0.05114000,0.05291000,1154190067.30000000,60898338.35603800,209074
2022-03-02,0.05292000,0.05404000,0.05120000,0.05296000,952686557.70000000,50154732.79967000,172906
2022-03-03,0.05296000,0.05729000,0.05163000,0.05459000,1759743936.50000000,95811737.90402500,318219
2022-03-04,0.05458000,0.05527000,0.04819000,0.04911000,1268902685.80000000,65237624.67192100,188504
2022-03-05,0.04911000,0.05085000,0.04751000,0.05039000,699894130.50000000,34631137.26874400,101342
2022-03-06,0.05039000,0.05089000,0.04718000,0.04768000,738669601.80000000,36245573.42241100,103331
2022-03-07,0.04768000,0.04897000,0.04467000,0.04596000,1097901022.30000000,51384250.17864200,142035
2022-03-08,0.04596000,0.04759000,0.04540000,0.04660000,820321280.40000000,38147824.78191000,111036
2022-03-09,0.04661000,0.04998000,0.04650000,0.04852000,1012199119.90000000,49391150.33914100,126224
2022-03-10,0.04851000,0.04881000,0.04522000,0.04696000,905492618.10000000,42104660.39723600,123106
2022-03-11,0.04696000,0.04857000,0.04536000,0.04622000,694782807.30000000,32630348.73180000,95745
2022-03-12,0.04622000,0.04748000,0.04613000,0.04625000,426772621.90000000,19967687.47449800,56096
2022-03-13,0.04624000,0.04716000,0.04406000,0.04454000,604691159.60000000,27767297.98730300,77915
2022-03-14,0.04454000,0.04618000,0.04428000,0.04582000,689592967.80000000,31217122.59036400,81906
2022-03-15,0.04583000,0.04663000,0.04423000,0.04585000,592642684.90000000,26953200.13358500,78265
2022-03-16,0.04586000,0.04861000,0.04544000,0.04831000,921310942.20000000,43142399.85025900,141710
2022-03-17,0.04830000,0.04975000,0.04764000,0.04835000,578314408.00000000,28119803.99666200,80988
2022-03-18,0.04835000,0.04990000,0.04706000,0.04946000,472606185.70000000,22863478.86361100,70950
2022-03-19,0.04947000,0.05172000,0.04947000,0.05129000,601724911.30000000,30451259.47195100,93950
2022-03-20,0.05127000,0.05280000,0.04882000,0.04998000,647772848.00000000,32886511.64669600,113867
2022-03-21,0.04998000,0.05196000,0.04876000,0.05063000,667660446.90000000,33796614.62713000,90891
2022-03-22,0.05061000,0.05388000,0.05039000,0.05320000,827374172.50000000,43541291.44736700,131561
2022-03-23,0.05324000,0.05618000,0.05262000,0.05596000,870086753.10000000,47337952.62829400,159701
2022-03-24,0.05597000,0.05843000,0.05497000,0.05757000,888478221.60000000,50777123.46651000,170385
2022-03-25,0.05756000,0.05898000,0.05497000,0.05562000,786622526.80000000,44983416.94502200,160965
2022-03-26,0.05562000,0.06569000,0.05541000,0.06436000,1293081323.10000000,78941653.90257400,357397
2022-03-27,0.06437000,0.08004000,0.06334000,0.07471000,5634023601.70000000,405187203.66735000,1618845
2022-03-28,0.07470000,0.08161000,0.07000000,0.07091000,3308808087.80000000,253275503.11121900,925937
2022-03-29,0.07091000,0.07521000,0.07027000,0.07246000,1249307958.10000000,91202101.82392600,309641
2022-03-30,0.07245000,0.08733000,0.06863000,0.08522000,4039022065.40000000,328378378.38883800,1268452
2022-03-31,0.08522000,0.08936000,0.07617000,0.07803000,2695162967.00000000,224278423.18003300,792262
2022-04-01,0.07802000,0.08307000,0.07464000,0.08108000,1695859715.30000000,135190267.21162900,474757
2022-04-02,0.08107000,0.08374000,0.07661000,0.07716000,1057700428.60000000,85097046.41117900,298989
2022-04-03,0.07715000,0.08295000,0.07500000,0.08262000,850702192.50000000,67232715.34925300,225718
2022-04-04,0.08260000,0.08288000,0.07435000,0.07890000,977661454.60000000,76774855.88506600,249455
2022-04-05,0.07892000,0.08071000,0.07566000,0.07584000,669699103.10000000,52636266.49826500,197532
2022-04-06,0.07589000,0.07627000,0.06527000,0.06582000,1325449255.90000000,93178176.74034600,332107
2022-04-07,0.06582000,0.07089000,0.06482000,0.07026000,742906115.00000000,50993663.63976900,202193
2022-04-08,0.07025000,0.07199000,0.06409000,0.06475000,739241897.20000000,50331619.32601100,182824
2022-04-09,0.06476000,0.06742000,0.06432000,0.06710000,403993781.70000000,26596990.41271100,86767
2022-04-10,0.06712000,0.06850000,0.06461000,0.06492000,442055062.60000000,29382241.49432100,98184
2022-04-11,0.06489000,0.06566000,0.05683000,0.05776000,953544184.40000000,58154731.36859200,190281
2022-04-12,0.05774000,0.06199000,0.05721000,0.06023000,810806207.40000000,48282470.92387200,167841
2022-04-13,0.06025000,0.06222000,0.05864000,0.06154000,629196230.90000000,38121949.08846900,122974
2022-04-14,0.06154000,0.06390000,0.05938000,0.06139000,783302349.10000000,48488650.25707900,178151
2022-04-15,0.06139000,0.06226000,0.06035000,0.06160000,389442213.00000000,23886551.52289000,68563
2022-04-16,0.06161000,0.06268000,0.06008000,0.06131000,372022958.70000000,22823707.10514400,71357
2022-04-17,0.06132000,0.06150000,0.05765000,0.05792000,462994632.10000000,27957036.19515100,85709
2022-04-18,0.05792000,0.05966000,0.05501000,0.05960000,723780586.30000000,41556579.70169200,147231
2022-04-19,0.05960000,0.06191000,0.05897000,0.06160000,585484714.80000000,35485492.23243600,111559
2022-04-20,0.06160000,0.06345000,0.05906000,0.06076000,718391917.10000000,43942382.64030400,153487
2022-04-21,0.06075000,0.06386000,0.05736000,0.05872000,855054417.10000000,51962663.56581300,180486
2022-04-22,0.05871000,0.06018000,0.05706000,0.05779000,554401012.10000000,32476467.12224700,110179
2022-04-23,0.05780000,0.05900000,0.05680000,0.05745000,427342248.50000000,24816661.50159300,76036
2022-04-24,0.05744000,0.05808000,0.05537000,0.05592000,376799061.40000000,21348567.27865700,73990
2022-04-25,0.05592000,0.05700000,0.05175000,0.05633000,878911176.10000000,47479486.07528800,167385
2022-04-26,0.05633000,0.05691000,0.05033000,0.05117000,793954609.50000000,42391558.58920900,149421
2022-04-27,0.05117000,0.05297000,0.05045000,0.05202000,533384281.50000000,27631261.18666100,97013
2022-04-28,0.05201000,0.05330000,0.05038000,0.05158000,617319669.20000000,31935540.08039100,109112
2022-04-29,0.05157000,0.05199000,0.04735000,0.04851000,657536450.60000000,32664910.29606300,101323
2022-04-30,0.04850000,0.04968000,0.04440000,0.04530000,806930064.80000000,38109313.82934200,119940
2022-05-01,0.04532000,0.04953000,0.04420000,0.04849000,926003337.50000000,43565242.60795600,141222
2022-05-02,0.04848000,0.04986000,0.04574000,0.04750000,787624706.30000000,37553722.57396100,121428
2022-05-03,0.04751000,0.04875000,0.04576000,0.04681000,597405229.20000000,28278002.78810400,88752
2022-05-04,0.04681000,0.05403000,0.04656000,0.05392000,1527332051.00000000,76575240.04233000,260617
2022-05-05,0.05392000,0.05475000,0.04585000,0.04758000,1517922711.90000000,75996919.46415100,255113
2022-05-06,0.04757000,0.04797000,0.04532000,0.04703000,970500440.70000000,45348306.61438500,156570
2022-05-07,0.04701000,0.04729000,0.04436000,0.04552000,580388323.60000000,26831955.79991800,90763
2022-05-08,0.04554000,0.04608000,0.04366000,0.04448000,818844916.90000000,36814355.85543700,126029
2022-05-09,0.04448000,0.04528000,0.03760000,0.03790000,1914449167.40000000,78572206.68582700,297273
2022-05-10,0.03789000,0.04368000,0.03666000,0.03879000,2391827212.30000000,95989851.83437600,369978
2022-05-11,0.03878000,0.04020000,0.02840000,0.03044000,3704932946.90000000,128802066.02630700,463065
2022-05-12,0.03042000,0.03230000,0.02400000,0.02767000,3488942494.00000000,96027446.73826700,351314
2022-05-13,0.02767000,0.03430000,0.02723000,0.03057000,2150333178.70000000,68694030.32159000,237259
2022-05-14,0.03057000,0.03267000,0.02850000,0.03175000,1342088540.50000000,40899826.18622900,153255
2022-05-15,0.03177000,0.03367000,0.03038000,0.03353000,854067771.80000000,27053622.22632300,100991
2022-05-16,0.03353000,0.03353000,0.02995000,0.03103000,1091221485.30000000,33961364.92209000,128851
2022-05-17,0.03104000,0.03332000,0.03080000,0.03286000,790805578.80000000,25326857.16894800,87694
2022-05-18,0.03286000,0.03319000,0.02896000,0.02920000,873122692.20000000,26839450.17240300,89371
2022-05-19,0.02920000,0.03165000,0.02826000,0.03150000,861117236.80000000,25950063.03380100,94091
2022-05-20,0.03148000,0.03204000,0.02936000,0.03007000,807140947.50000000,24762111.25838300,81615
2022-05-21,0.03009000,0.03120000,0.02959000,0.03080000,535075124.40000000,16308200.15979800,52565
2022-05-22,0.03080000,0.03281000,0.03058000,0.03198000,751373201.90000000,23826848.24669100,69537
2022-05-23,0.03196000,0.03495000,0.03062000,0.03120000,1163794783.30000000,38356569.82462400,120284
2022-05-24,0.03122000,0.03218000,0.02956000,0.03168000,850806703.30000000,26468655.32026500,82149
2022-05-25,0.03168000,0.03252000,0.03037000,0.03133000,887457434.30000000,27812920.30734400,79081
2022-05-26,0.03133000,0.03216000,0.02809000,0.02948000,1471374689.80000000,44036010.11801300,150679
2022-05-27,0.02948000,0.03053000,0.02840000,0.02907000,1423020573.50000000,41798296.19963200,153745
2022-05-28,0.02908000,0.03011000,0.02862000,0.02972000,611053039.10000000,18009383.64585600,55216
2022-05-29,0.02973000,0.03020000,0.02894000,0.03017000,507150696.70000000,15025112.50510300,46361
2022-05-30,0.03016000,0.03312000,0.03001000,0.03294000,921383094.80000000,29192525.83823200,87146
2022-05-31,0.03294000,0.03382000,0.03183000,0.03283000,1000585124.70000000,32924573.70117200,109162
2022-06-01,0.03284000,0.03418000,0.02998000,0.03051000,937691750.80000000,30296461.56418400,110111
2022-06-02,0.03052000,0.03172000,0.03001000,0.03144000,577253108.20000000,17806287.74728500,60820
2022-06-03,0.03144000,0.03177000,0.02978000,0.03022000,477056049.10000000,14532482.52580200,48280
2022-06-04,0.03020000,0.03074000,0.02957000,0.03055000,333473728.90000000,10091883.18937600,34940
2022-06-05,0.03055000,0.03092000,0.02999000,0.03044000,321180365.80000000,9774829.04776000,31860
2022-06-06,0.03043000,0.03275000,0.03032000,0.03174000,608304673.20000000,19327682.96720800,65516
2022-06-07,0.03173000,0.03185000,0.02952000,0.03066000,732375464.10000000,22281278.61492900,74748
2022-06-08,0.03066000,0.03128000,0.03001000,0.03026000,447962022.70000000,13676426.80076500,46657
2022-06-09,0.03027000,0.03316000,0.02988000,0.03184000,1112336484.00000000,35377341.33028000,116255
2022-06-10,0.03184000,0.03236000,0.02918000,0.02948000,836128959.50000000,25629455.92293800,88224
2022-06-11,0.02949000,0.03019000,0.02709000,0.02762000,743311222.30000000,21116404.48307600,79992
2022-06-12,0.02763000,0.02800000,0.02563000,0.02569000,1022484547.70000000,27302735.20905400,105048
2022-06-13,0.02569000,0.02630000,0.02223000,0.02384000,2193282310.10000000,52059508.97359500,234224
2022-06-14,0.02385000,0.02487000,0.02194000,0.02393000,1652413923.80000000,39114722.23137900,166750
2022-06-15,0.02393000,0.02561000,0.02145000,0.02556000,1887122386.40000000,43323720.14654000,197954
2022-06-16,0.02556000,0.02590000,0.02227000,0.02270000,1162164531.20000000,27470606.08773400,107380
2022-06-17,0.02270000,0.02394000,0.02250000,0.02332000,628942193.10000000,14657347.70548500,58774
2022-06-18,0.02333000,0.02370000,0.02003000,0.02167000,1718212255.60000000,37016437.48930600,133620
2022-06-19,0.02165000,0.02330000,0.02073000,0.02305000,1275391854.30000000,28111182.07328400,105254
2022-06-20,0.02306000,0.02386000,0.02194000,0.02354000,1010706835.50000000,23239946.62258800,83581
2022-06-21,0.02353000,0.02519000,0.02306000,0.02368000,1112327960.90000000,26879616.32202700,98965
2022-06-22,0.02369000,0.02376000,0.02255000,0.02274000,802070929.00000000,18537371.92513600,74319
2022-06-23,0.02275000,0.02428000,0.02264000,0.02415000,805667867.90000000,18980866.01179300,64902
2022-06-24,0.02416000,0.02595000,0.02393000,0.02540000,923142041.10000000,23012804.96280500,76149
2022-06-25,0.02540000,0.02642000,0.02448000,0.02620000,724413060.40000000,18453829.68910700,63256
2022-06-26,0.02620000,0.02672000,0.02420000,0.02428000,837505818.30000000,21355218.40282100,72205
2022-06-27,0.02428000,0.02550000,0.02411000,0.02458000,742164531.10000000,18399737.51384100,66179
2022-06-28,0.02458000,0.02537000,0.02330000,0.02343000,771674102.90000000,18888512.40412400,68302
2022-06-29,0.02343000,0.02377000,0.02237000,0.02277000,898996197.00000000,20704572.10072000,70206
2022-06-30,0.02277000,0.02293000,0.02122000,0.02277000,878169206.30000000,19313168.80830400,70860
2022-07-01,0.02278000,0.02332000,0.02175000,0.02226000,894025092.80000000,20014117.97517100,72729
2022-07-02,0.02227000,0.02264000,0.02181000,0.02235000,433993542.20000000,9638128.69950600,36691
2022-07-03,0.02235000,0.02284000,0.02180000,0.02257000,434094736.30000000,9661338.71377500,35424
2022-07-04,0.02258000,0.02342000,0.02194000,0.02332000,576325884.70000000,13083391.63006400,45217
2022-07-05,0.02331000,0.02352000,0.02196000,0.02269000,696035613.90000000,15844150.15765200,53692
2022-07-06,0.02270000,0.02388000,0.02225000,0.02357000,781425274.20000000,18101430.97622600,60123
2022-07-07,0.02355000,0.02438000,0.02310000,0.02407000,607658537.10000000,14440705.28940800,45320
2022-07-08,0.02408000,0.02479000,0.02353000,0.02374000,747493550.30000000,18015189.89735500,55780
2022-07-09,0.02373000,0.02453000,0.02373000,0.02408000,368970714.20000000,8926321.61350000,34062
2022-07-10,0.02408000,0.02423000,0.02321000,0.02338000,356600730.70000000,8438820.91632300,27803
2022-07-11,0.02339000,0.02341000,0.02193000,0.02204000,471484139.70000000,10719302.29866300,38753
2022-07-12,0.02203000,0.02229000,0.02139000,0.02149000,502861036.10000000,11014884.51069900,34188
2022-07-13,0.02148000,0.02235000,0.02073000,0.02225000,691614502.90000000,14924607.01898600,52258
2022-07-14,0.02226000,0.02303000,0.02151000,0.02281000,601749897.20000000,13356878.18729100,44670
2022-07-15,0.02282000,0.02349000,0.02253000,0.02297000,539393539.40000000,12414307.67740800,40789
2022-07-16,0.02297000,0.02385000,0.02253000,0.02370000,472922911.30000000,10986388.62963700,35586
2022-07-17,0.02370000,0.02416000,0.02313000,0.02319000,512583881.10000000,12081114.75330200,42976
2022-07-18,0.02320000,0.02498000,0.02305000,0.02473000,957144068.30000000,23222631.91462200,83157
2022-07-19,0.02472000,0.02640000,0.02400000,0.02611000,1055897939.70000000,26656189.03431100,96806
2022-07-20,0.02611000,0.02739000,0.02523000,0.02532000,1089161738.80000000,28955698.84309400,106520
2022-07-21,0.02531000,0.02569000,0.02432000,0.02533000,723773395.70000000,18127911.35046800,65358
2022-07-22,0.02533000,0.02683000,0.02512000,0.02526000,695573468.00000000,18120941.51742100,68503
2022-07-23,0.02526000,0.02586000,0.02440000,0.02502000,475999448.30000000,11931667.73903700,46063
2022-07-24,0.02502000,0.02575000,0.02481000,0.02506000,416135610.60000000,10551475.31921000,41753
2022-07-25,0.02504000,0.02518000,0.02327000,0.02333000,610150419.70000000,14776002.13905900,57482
2022-07-26,0.02333000,0.02339000,0.02251000,0.02332000,469249158.30000000,10765748.83368000,43400
2022-07-27,0.02332000,0.02519000,0.02287000,0.02519000,598927753.60000000,14343842.13020100,55567
2022-07-28,0.02519000,0.02676000,0.02477000,0.02634000,799457363.30000000,20649836.43911900,81614
2022-07-29,0.02635000,0.02755000,0.02591000,0.02668000,751573213.70000000,20160259.90750800,83843
2022-07-30,0.02668000,0.02853000,0.02637000,0.02742000,831069145.90000000,22922275.78695500,81998
2022-07-31,0.02740000,0.02865000,0.02693000,0.02711000,739160085.60000000,20682424.07462500,80271
2022-08-01,0.02710000,0.02813000,0.02682000,0.02758000,589364820.00000000,16109964.13246300,59857
2022-08-02,0.02758000,0.02938000,0.02620000,0.02779000,1220167081.30000000,33830166.76446200,140787
2022-08-03,0.02779000,0.03082000,0.02709000,0.02934000,1197496770.50000000,35231432.81722300,143389
2022-08-04,0.02934000,0.03034000,0.02882000,0.02954000,690693960.90000000,20354157.52805700,80403
2022-08-05,0.02954000,0.03152000,0.02925000,0.03142000,757893101.80000000,23390237.33544000,87410
2022-08-06,0.03142000,0.03192000,0.03076000,0.03087000,390051141.90000000,12296064.91639600,46187
2022-08-07,0.03087000,0.03178000,0.03050000,0.03127000,316228183.70000000,9881514.75973300,38223
2022-08-08,0.03127000,0.03279000,0.03121000,0.03150000,479053846.70000000,15338668.44400700,58293
2022-08-09,0.03151000,0.03188000,0.02963000,0.03020000,437026807.50000000,13416942.13469100,52167
2022-08-10,0.03020000,0.03306000,0.02929000,0.03270000,820497323.40000000,25907474.23454000,101400
2022-08-11,0.03270000,0.03360000,0.03239000,0.03270000,647251335.90000000,21307859.99954500,75417
2022-08-12,0.03272000,0.03375000,0.03230000,0.03336000,496215671.00000000,16392273.06382900,60274
2022-08-13,0.03335000,0.03370000,0.03268000,0.03297000,301921722.30000000,10031978.46014000,40236
2022-08-14,0.03297000,0.03387000,0.03202000,0.03225000,410921318.70000000,13596580.56784600,55328
2022-08-15,0.03225000,0.03321000,0.03088000,0.03137000,443473036.00000000,14125320.47606500,58962
2022-08-16,0.03137000,0.03160000,0.03052000,0.03068000,310449655.30000000,9622400.92366700,40943
2022-08-17,0.03068000,0.03201000,0.02896000,0.02928000,541903959.50000000,16366129.85303100,67036
2022-08-18,0.02928000,0.02988000,0.02814000,0.02816000,342162702.10000000,10007105.31911000,43698
2022-08-19,0.02816000,0.02819000,0.02540000,0.02568000,794740887.10000000,21052446.74522300,85445
2022-08-20,0.02569000,0.02656000,0.02517000,0.02576000,475258647.40000000,12339726.49287300,49825
2022-08-21,0.02576000,0.02701000,0.02561000,0.02655000,434455498.70000000,11435637.87174300,42387
2022-08-22,0.02656000,0.02657000,0.02499000,0.02615000,486904449.60000000,12509256.64610700,47414
2022-08-23,0.02615000,0.02668000,0.02527000,0.02645000,399533877.10000000,10428496.35622800,41706
2022-08-24,0.02645000,0.02696000,0.02565000,0.02623000,379402224.80000000,10012216.49915300,41480
2022-08-25,0.02622000,0.02719000,0.02620000,0.02673000,259935123.10000000,6942187.31277600,29869
2022-08-26,0.02673000,0.02727000,0.02411000,0.02445000,596645743.10000000,15342189.86389600,68406
2022-08-27,0.02444000,0.02485000,0.02399000,0.02443000,344480455.70000000,8414518.36495600,34917
2022-08-28,0.02444000,0.02489000,0.02357000,0.02367000,288724016.30000000,7037453.17489300,29072
2022-08-29,0.02368000,0.02495000,0.02340000,0.02486000,350640337.00000000,8499507.35118000,34355
2022-08-30,0.02486000,0.02538000,0.02373000,0.02435000,385033096.20000000,9484159.47015900,38438
2022-08-31,0.02436000,0.02513000,0.02407000,0.02422000,399290088.60000000,9871001.96541300,33204
2022-09-01,0.02422000,0.02443000,0.02333000,0.02431000,360556689.80000000,8636277.95216200,35116
2022-09-02,0.02431000,0.02490000,0.02376000,0.02412000,300271095.50000000,7305543.62697400,29254
2022-09-03,0.02411000,0.02431000,0.02373000,0.02424000,186880155.90000000,4498972.60003500,16215
2022-09-04,0.02424000,0.02521000,0.02406000,0.02501000,246195893.30000000,6079926.90182900,24479
2022-09-05,0.02501000,0.02516000,0.02398000,0.02448000,235548294.20000000,5742480.17830800,23726
2022-09-06,0.02448000,0.02530000,0.02272000,0.02294000,521977651.20000000,12516929.38360600,52880
2022-09-07,0.02294000,0.02400000,0.02257000,0.02380000,362105041.90000000,8436399.93305500,34070
2022-09-08,0.02381000,0.02440000,0.02344000,0.02425000,312612290.70000000,7470169.34471200,30479
2022-09-09,0.02426000,0.02595000,0.02421000,0.02564000,468653845.40000000,11850943.83443700,44953
2022-09-10,0.02565000,0.02605000,0.02531000,0.02569000,304034580.80000000,7808713.58190200,32739
2022-09-11,0.02568000,0.02606000,0.02520000,0.02573000,299813869.60000000,7695974.47384300,27575
2022-09-12,0.02574000,0.02657000,0.02524000,0.02570000,474823628.80000000,12290559.23332800,49644
2022-09-13,0.02570000,0.02580000,0.02339000,0.02353000,723729471.90000000,17662682.82143500,64351
2022-09-14,0.02353000,0.02424000,0.02334000,0.02400000,402103850.30000000,9588145.31809800,39855
2022-09-15,0.02400000,0.02415000,0.02291000,0.02321000,510460146.40000000,12005333.97648900,45793
2022-09-16,0.02322000,0.02358000,0.02292000,0.02338000,371967271.20000000,8652232.70586500,32931
2022-09-17,0.02338000,0.02439000,0.02335000,0.02434000,288805935.00000000,6873117.93634400,26217
2022-09-18,0.02434000,0.02436000,0.02232000,0.02242000,534549941.70000000,12521365.08877900,49041
2022-09-19,0.02242000,0.02301000,0.02183000,0.02284000,564289929.60000000,12644336.80039000,46187
2022-09-20,0.02283000,0.02319000,0.02229000,0.02267000,422528529.80000000,9604528.00216600,31732
2022-09-21,0.02267000,0.02345000,0.02154000,0.02191000,713801575.60000000,16051386.98949000,60391
2022-09-22,0.02191000,0.02311000,0.02183000,0.02288000,500580244.70000000,11293686.32279500,37686
2022-09-23,0.02289000,0.02368000,0.02223000,0.02324000,461220196.70000000,10600912.17118300,45134
2022-09-24,0.02325000,0.02378000,0.02280000,0.02286000,297205115.60000000,6934463.66032000,28978
2022-09-25,0.02286000,0.02320000,0.02208000,0.02240000,293359732.80000000,6667861.65224800,26443
2022-09-26,0.02239000,0.02285000,0.02189000,0.02271000,416064458.10000000,9354850.12327000,37751
2022-09-27,0.02272000,0.02400000,0.02242000,0.02261000,554000656.50000000,12910344.51108400,56089
2022-09-28,0.02261000,0.02309000,0.02180000,0.02288000,438298241.60000000,9837094.24992000,36680
2022-09-29,0.02289000,0.02351000,0.02267000,0.02346000,354781557.50000000,8170904.50943100,31159
2022-09-30,0.02346000,0.02389000,0.02274000,0.02308000,348002148.30000000,8097228.22300900,32445
2022-10-01,0.02307000,0.02342000,0.02292000,0.02333000,187477284.80000000,4339727.33060200,16148
2022-10-02,0.02333000,0.02351000,0.02253000,0.02257000,267793085.10000000,6156316.94793400,20486
2022-10-03,0.02257000,0.02364000,0.02233000,0.02352000,277547178.30000000,6412096.89175300,24534
2022-10-04,0.02352000,0.02430000,0.02336000,0.02394000,343500705.80000000,8201659.33724100,26585
2022-10-05,0.02394000,0.02397000,0.02322000,0.02388000,237360802.40000000,5615256.54696800,21592
2022-10-06,0.02389000,0.02418000,0.02328000,0.02342000,235243702.00000000,5589374.18491900,24450
2022-10-07,0.02341000,0.02357000,0.02284000,0.02316000,244469553.20000000,5669889.52944200,20934
2022-10-08,0.02317000,0.02338000,0.02278000,0.02293000,160106610.40000000,3702356.93102300,12796
2022-10-09,0.02293000,0.02328000,0.02290000,0.02310000,148177155.90000000,3424725.23956600,11047
2022-10-10,0.02310000,0.02361000,0.02272000,0.02277000,287641671.50000000,6686545.71453200,23502
2022-10-11,0.02276000,0.02289000,0.02208000,0.02275000,307859114.90000000,6955667.70613500,24980
2022-10-12,0.02275000,0.02307000,0.02251000,0.02276000,142070614.20000000,3243867.74824000,14904
2022-10-13,0.02277000,0.02345000,0.02122000,0.02303000,536299751.00000000,11893469.85545900,48799
2022-10-14,0.02303000,0.02356000,0.02264000,0.02282000,225817774.30000000,5222261.02672600,21703
2022-10-15,0.02281000,0.02303000,0.02254000,0.02276000,122659618.40000000,2802374.92640300,11832
2022-10-16,0.02277000,0.02316000,0.02275000,0.02294000,110115482.70000000,2532800.18792200,13941
2022-10-17,0.02293000,0.02344000,0.02270000,0.02331000,202255328.30000000,4673487.80781000,18400
2022-10-18,0.02332000,0.02362000,0.02260000,0.02302000,246749419.60000000,5692211.29344800,23273
2022-10-19,0.02302000,0.02310000,0.02219000,0.02235000,185953432.40000000,4197789.05064500,17781
2022-10-20,0.02235000,0.02263000,0.02171000,0.02183000,216759754.30000000,4810854.77527900,20417
2022-10-21,0.02184000,0.02256000,0.02144000,0.02246000,175768585.50000000,3867507.17585800,20409
2022-10-22,0.02246000,0.02268000,0.02219000,0.02260000,89705589.50000000,2015377.65738400,10086
2022-10-23,0.02261000,0.02300000,0.02212000,0.02280000,159740254.60000000,3605224.27128600,14085
2022-10-24,0.02280000,0.02288000,0.02220000,0.02247000,150952854.50000000,3388674.39518500,16949
2022-10-25,0.02247000,0.02340000,0.02217000,0.02286000,312719753.40000000,7122842.28192700,28660
2022-10-26,0.02286000,0.02358000,0.02283000,0.02336000,263859058.30000000,6144910.27312200,27833
2022-10-27,0.02335000,0.02403000,0.02281000,0.02291000,294505542.80000000,6891149.51810300,34902
2022-10-28,0.02291000,0.02376000,0.02263000,0.02349000,251011540.70000000,5814312.83642000,27825
2022-10-29,0.02350000,0.02437000,0.02349000,0.02405000,327950492.60000000,7847194.56439700,38594
2022-10-30,0.02404000,0.02447000,0.02323000,0.02356000,240932565.70000000,5768837.56092800,29036
2022-10-31,0.02356000,0.02413000,0.02333000,0.02394000,247445742.30000000,5884446.78426700,29550
2022-11-01,0.02394000,0.02430000,0.02341000,0.02352000,209174587.00000000,4980801.03437600,25304
2022-11-02,0.02352000,0.02404000,0.02286000,0.02315000,333969607.70000000,7801828.38749700,37029
2022-11-03,0.02315000,0.02394000,0.02310000,0.02366000,229126464.80000000,5428443.42270700,28795
2022-11-04,0.02366000,0.02552000,0.02361000,0.02541000,504338686.40000000,12484982.74168200,55597
2022-11-05,0.02540000,0.02598000,0.02524000,0.02597000,328818280.80000000,8415492.16195100,37493
2022-11-06,0.02597000,0.02661000,0.02460000,0.02467000,445507042.20000000,11459572.26575500,55112
2022-11-07,0.02467000,0.02773000,0.02450000,0.02677000,824295691.70000000,21650529.47017700,96444
2022-11-08,0.02678000,0.02846000,0.02100000,0.02342000,1911480785.20000000,48971005.91897700,231625
2022-11-09,0.02341000,0.02400000,0.01890000,0.01949000,1371447960.40000000,29946992.44617800,153345
2022-11-10,0.01950000,0.02270000,0.01909000,0.02216000,1151979140.40000000,24412219.07075400,121974
2022-11-11,0.02215000,0.02252000,0.02048000,0.02144000,574840867.30000000,12306945.83474600,63161
2022-11-12,0.02144000,0.02146000,0.01990000,0.02009000,315141004.00000000,6434844.89962900,35952
2022-11-13,0.02010000,0.02049000,0.01900000,0.01920000,428197031.80000000,8402214.34838300,49456
2022-11-14,0.01920000,0.01976000,0.01795000,0.01917000,764837791.10000000,14419093.03317500,83122
2022-11-15,0.01917000,0.02035000,0.01892000,0.01973000,425530029.90000000,8354746.22542500,46162
2022-11-16,0.01973000,0.02085000,0.01938000,0.01988000,435904392.50000000,8712862.38775500,48727
2022-11-17,0.01988000,0.02018000,0.01893000,0.01931000,375486936.80000000,7308773.97166500,36822
2022-11-18,0.01931000,0.01966000,0.01894000,0.01921000,189012481.00000000,3649534.63385900,22404
2022-11-19,0.01921000,0.01951000,0.01870000,0.01918000,161996690.20000000,3103150.49634000,17604
2022-11-20,0.01918000,0.01931000,0.01783000,0.01800000,237791811.00000000,4445509.42047900,26992
2022-11-21,0.01800000,0.01842000,0.01744000,0.01775000,417508635.80000000,7474774.93444600,43318
2022-11-22,0.01774000,0.01822000,0.01727000,0.01817000,236211008.50000000,4203038.21172600,27628
2022-11-23,0.01817000,0.01904000,0.01804000,0.01902000,284309975.10000000,5281715.57487000,31152
2022-11-24,0.01903000,0.01931000,0.01865000,0.01910000,229720444.00000000,4364104.39729500,26946
2022-11-25,0.01910000,0.01924000,0.01853000,0.01900000,234456114.90000000,4437967.49847400,23539
2022-11-26,0.01900000,0.01937000,0.01876000,0.01890000,181476961.20000000,3469674.12159500,18793
2022-11-27,0.01890000,0.01937000,0.01867000,0.01878000,154450588.40000000,2942889.69469400,19181
2022-11-28,0.01878000,0.01894000,0.01797000,0.01823000,286927478.00000000,5242969.16373000,27694
2022-11-29,0.01822000,0.01873000,0.01809000,0.01853000,158704588.60000000,2935547.22180700,18857
2022-11-30,0.01853000,0.01934000,0.01853000,0.01923000,264632583.70000000,5046418.26784900,26072
2022-12-01,0.01923000,0.01934000,0.01900000,0.01906000,160898271.20000000,3074028.23226800,15811
2022-12-02,0.01906000,0.01945000,0.01881000,0.01942000,170324635.80000000,3267217.94007000,17461
2022-12-03,0.01942000,0.01960000,0.01898000,0.01902000,209701726.00000000,4062758.48911000,16828
2022-12-04,0.01902000,0.01937000,0.01902000,0.01931000,119174697.10000000,2291898.44706800,11743
2022-12-05,0.01932000,0.01960000,0.01911000,0.01916000,151301044.90000000,2925877.34982900,15261
2022-12-06,0.01916000,0.01939000,0.01902000,0.01922000,107075542.70000000,2051842.32717700,12690
2022-12-07,0.01922000,0.01932000,0.01839000,0.01867000,152149731.90000000,2849441.59040800,18103
2022-12-08,0.01868000,0.01914000,0.01854000,0.01910000,120381278.80000000,2266456.13773500,14721
2022-12-09,0.01910000,0.01933000,0.01887000,0.01899000,129227694.50000000,2470187.93861200,14429
2022-12-10,0.01899000,0.01964000,0.01899000,0.01920000,158514050.30000000,3067103.40827100,18967
2022-12-11,0.01919000,0.01952000,0.01900000,0.01902000,111276743.50000000,2146470.42829400,13203
2022-12-12,0.01902000,0.01902000,0.01850000,0.01892000,137579426.90000000,2576050.37926900,17091
2022-12-13,0.01892000,0.01936000,0.01816000,0.01909000,254585751.70000000,4791413.72260300,27592
2022-12-14,0.01909000,0.01916000,0.01852000,0.01874000,184287310.30000000,3486825.12946100,19668
2022-12-15,0.01873000,0.01877000,0.01808000,0.01815000,177835053.60000000,3264689.66399000,18375
2022-12-16,0.01816000,0.01864000,0.01666000,0.01688000,364482410.00000000,6485447.64740000,38457
2022-12-17,0.01689000,0.01704000,0.01628000,0.01688000,245423069.40000000,4114544.51525100,25750
2022-12-18,0.01689000,0.01692000,0.01650000,0.01664000,150280705.80000000,2506472.84728100,17889
2022-12-19,0.01664000,0.01680000,0.01562000,0.01579000,261367872.90000000,4254935.84685600,25412
2022-12-20,0.01580000,0.01655000,0.01575000,0.01628000,150592329.80000000,2454591.68274200,16882
2022-12-21,0.01628000,0.01648000,0.01596000,0.01639000,144485776.50000000,2344988.68533900,14993
2022-12-22,0.01638000,0.01641000,0.01584000,0.01638000,194241131.70000000,3141688.99978000,18423
2022-12-23,0.01639000,0.01654000,0.01621000,0.01627000,95860226.00000000,1570374.51764300,10775
2022-12-24,0.01627000,0.01637000,0.01614000,0.01626000,62169330.40000000,1009166.56793200,7364
2022-12-25,0.01626000,0.01628000,0.01593000,0.01616000,88537705.90000000,1427263.67555300,9492
2022-12-26,0.01615000,0.01618000,0.01590000,0.01618000,112339284.40000000,1801348.32336600,11892
2022-12-27,0.01618000,0.01624000,0.01570000,0.01599000,136379415.90000000,2179742.08262500,12582
2022-12-28,0.01600000,0.01604000,0.01542000,0.01563000,215569035.00000000,3384575.47820000,18354
2022-12-29,0.01563000,0.01584000,0.01540000,0.01572000,154645829.10000000,2415707.44431600,14866
2022-12-30,0.01571000,0.01580000,0.01533000,0.01568000,121207004.40000000,1883049.31802300,13369
2022-12-31,0.01568000,0.01584000,0.01553000,0.01580000,97836335.30000000,1535869.77944000,8838
2023-01-01,0.01580000,0.01606000,0.01569000,0.01605000,103740108.60000000,1649463.61188200,8629
2023-01-02,0.01605000,0.01635000,0.01578000,0.01616000,148657767.60000000,2392164.44482100,13266
2023-01-03,0.01615000,0.01626000,0.01582000,0.01609000,165271151.50000000,2654897.26388100,13510
2023-01-04,0.01610000,0.01663000,0.01600000,0.01660000,199563825.20000000,3273432.03790700,19189
2023-01-05,0.01660000,0.01671000,0.01611000,0.01624000,158426140.90000000,2606139.58195100,17897
2023-01-06,0.01624000,0.01650000,0.01575000,0.01642000,234414324.00000000,3772281.24986100,19624
2023-01-07,0.01642000,0.01654000,0.01626000,0.01637000,106700854.10000000,1749817.35937400,9191
2023-01-08,0.01637000,0.01719000,0.01616000,0.01710000,220223123.80000000,3668752.96769400,17912
2023-01-09,0.01711000,0.01824000,0.01697000,0.01747000,460687085.50000000,8156507.27529900,40618
2023-01-10,0.01747000,0.01834000,0.01714000,0.01817000,346500712.80000000,6137035.07978500,30134
2023-01-11,0.01816000,0.01840000,0.01740000,0.01839000,244358051.90000000,4351101.78717200,23122
2023-01-12,0.01838000,0.01893000,0.01803000,0.01884000,416278552.40000000,7730313.25550900,39207
2023-01-13,0.01884000,0.02018000,0.01868000,0.02012000,354762261.80000000,6827173.35665000,36676
2023-01-14,0.02012000,0.02169000,0.01983000,0.02074000,585634254.70000000,12117972.46892900,68412
2023-01-15,0.02074000,0.02136000,0.02012000,0.02110000,353889504.40000000,7343967.12350900,38578
2023-01-16,0.02111000,0.02183000,0.02038000,0.02134000,363831752.50000000,7694314.00570200,41873
2023-01-17,0.02134000,0.02177000,0.02092000,0.02128000,284546433.20000000,6075657.47654800,33362
2023-01-18,0.02127000,0.02165000,0.01955000,0.01970000,470111026.00000000,9667784.69418800,50875
2023-01-19,0.01970000,0.02045000,0.01966000,0.02031000,190934324.30000000,3834045.79876600,23500
2023-01-20,0.02031000,0.02247000,0.02002000,0.02236000,298113358.60000000,6322264.59389700,35308
2023-01-21,0.02237000,0.02254000,0.02150000,0.02180000,408425820.30000000,9008801.96513500,42799
2023-01-22,0.02180000,0.02292000,0.02167000,0.02219000,339740491.50000000,7569312.31953300,38208
2023-01-23,0.02220000,0.02310000,0.02190000,0.02289000,341191314.20000000,7663344.18608400,36627
2023-01-24,0.02289000,0.02346000,0.02155000,0.02185000,366893182.20000000,8369997.56236900,40076
2023-01-25,0.02184000,0.02334000,0.02122000,0.02299000,349761886.80000000,7742722.17248200,41754
2023-01-26,0.02300000,0.02406000,0.02286000,0.02383000,407981308.60000000,9556644.99882600,44543
2023-01-27,0.02383000,0.02513000,0.02314000,0.02488000,404400550.50000000,9765525.18017200,46041
2023-01-28,0.02488000,0.02504000,0.02380000,0.02414000,236115903.10000000,5736887.56199700,26456
2023-01-29,0.02414000,0.02481000,0.02393000,0.02459000,245848359.50000000,6028005.41101100,27708
2023-01-30,0.02458000,0.02466000,0.02252000,0.02305000,464030579.50000000,10863476.01457900,48209
2023-01-31,0.02305000,0.02350000,0.02284000,0.02312000,287048858.80000000,6654870.78313300,29121
2023-02-01,0.02312000,0.02525000,0.02215000,0.02478000,605230490.90000000,14320958.67019000,63809
2023-02-02,0.02479000,0.02522000,0.02371000,0.02410000,407237606.70000000,10056174.45294300,44645
2023-02-03,0.02410000,0.02495000,0.02400000,0.02483000,309981662.10000000,7623906.51103600,37365
2023-02-04,0.02482000,0.02527000,0.02439000,0.02491000,243371275.20000000,6065061.28697200,27827
2023-02-05,0.02492000,0.02500000,0.02381000,0.02420000,364143493.00000000,8890888.81869500,40305
2023-02-06,0.02420000,0.02466000,0.02347000,0.02391000,258850908.70000000,6234955.37616300,30131
2023-02-07,0.02392000,0.02607000,0.02385000,0.02595000,431224323.30000000,10707075.93487100,49239
2023-02-08,0.02595000,0.02672000,0.02502000,0.02580000,511150833.80000000,13293521.89322200,54235
2023-02-09,0.02580000,0.02656000,0.02280000,0.02329000,689573333.20000000,17138752.87515000,79238
2023-02-10,0.02329000,0.02446000,0.02309000,0.02357000,373852938.10000000,8873630.17275400,44016
2023-02-11,0.02357000,0.02420000,0.02327000,0.02388000,188967563.40000000,4461508.23300100,21397
2023-02-12,0.02388000,0.02456000,0.02330000,0.02358000,224419066.20000000,5392745.00804900,25306
2023-02-13,0.02358000,0.02367000,0.02212000,0.02298000,339492554.30000000,7749983.71212900,37599
2023-02-14,0.02299000,0.02402000,0.02234000,0.02384000,370506054.90000000,8615063.67641200,40212
2023-02-15,0.02384000,0.02568000,0.02339000,0.02567000,406613153.10000000,9973892.02539900,47001
2023-02-16,0.02567000,0.02614000,0.02430000,0.02432000,637902365.50000000,16275044.58806500,71666
2023-02-17,0.02433000,0.02856000,0.02421000,0.02761000,1137637449.70000000,30569711.97048600,126369
2023-02-18,0.02760000,0.02843000,0.02683000,0.02714000,467346300.50000000,12862070.26351700,58309
2023-02-19,0.02713000,0.03098000,0.02708000,0.02871000,1460062740.40000000,42985220.01594800,171719
2023-02-20,0.02872000,0.03255000,0.02831000,0.03186000,1507627630.20000000,46860428.42455200,204008
2023-02-21,0.03185000,0.03230000,0.02935000,0.03014000,942878905.50000000,29103186.40054300,129718
2023-02-22,0.03014000,0.03038000,0.02815000,0.02957000,576585134.50000000,16734289.75322800,83664
2023-02-23,0.02957000,0.03132000,0.02918000,0.02974000,517873814.80000000,15611543.63053000,73039
2023-02-24,0.02975000,0.02990000,0.02724000,0.02775000,460051032.50000000,13077029.48126100,68289
2023-02-25,0.02775000,0.02800000,0.02614000,0.02695000,338576383.10000000,9144465.21277700,45758
2023-02-26,0.02696000,0.02867000,0.02664000,0.02823000,333818423.80000000,9217593.78989000,42892
2023-02-27,0.02822000,0.02930000,0.02752000,0.02811000,521070069.50000000,14760244.87842000,70847
2023-02-28,0.02812000,0.02818000,0.02668000,0.02695000,284440014.90000000,7827012.60756200,41696
2023-03-01,0.02696000,0.02864000,0.02672000,0.02809000,296693964.50000000,8298303.32619100,39754
2023-03-02,0.02810000,0.02828000,0.02633000,0.02727000,364023046.70000000,9839866.19788100,45841
2023-03-03,0.02727000,0.02739000,0.02380000,0.02542000,493109082.70000000,12483728.42957700,65672
2023-03-04,0.02542000,0.02585000,0.02401000,0.02444000,294753473.00000000,7332314.22696200,32914
2023-03-05,0.02443000,0.02497000,0.02407000,0.02433000,273505826.60000000,6732106.42968200,30615
2023-03-06,0.02432000,0.02479000,0.02356000,0.02461000,248238010.90000000,5996631.62480900,32472
2023-03-07,0.02461000,0.02495000,0.02288000,0.02360000,363266399.70000000,8649221.21992000,43318
2023-03-08,0.02361000,0.02369000,0.02191000,0.02211000,312077657.30000000,7087096.07837400,39137
2023-03-09,0.02210000,0.02263000,0.01992000,0.02028000,664767146.30000000,14141963.44070900,69067
2023-03-10,0.02028000,0.02116000,0.01955000,0.02062000,646905315.20000000,13186302.84856000,66824
2023-03-11,0.02062000,0.02114000,0.01940000,0.02033000,437076162.90000000,8791704.67486200,50939
2023-03-12,0.02033000,0.02209000,0.01993000,0.02197000,368264389.90000000,7637760.16137800,42105
2023-03-13,0.02196000,0.02365000,0.02130000,0.02344000,669600244.60000000,15029601.81582600,75943
2023-03-14,0.02344000,0.02531000,0.02264000,0.02390000,915443696.00000000,21975995.14812300,112272
2023-03-15,0.02391000,0.02425000,0.02154000,0.02183000,755859338.10000000,17288105.40873700,89444
2023-03-16,0.02181000,0.02296000,0.02167000,0.02234000,585591280.50000000,13089603.81883000,70548
2023-03-17,0.02234000,0.02431000,0.02202000,0.02425000,784093659.00000000,18183530.71019200,90734
2023-03-18,0.02425000,0.02452000,0.02275000,0.02302000,661352762.30000000,15736013.89916500,81515
2023-03-19,0.02301000,0.02475000,0.02289000,0.02443000,574281007.20000000,13761345.64728600,69449
2023-03-20,0.02444000,0.02489000,0.02281000,0.02295000,727751549.10000000,17422348.19222100,91344
2023-03-21,0.02295000,0.02398000,0.02203000,0.02377000,565598208.90000000,13109427.88642500,70742
2023-03-22,0.02377000,0.02384000,0.02174000,0.02247000,626456054.50000000,14400543.20896900,83193
2023-03-23,0.02248000,0.02387000,0.02241000,0.02358000,384413581.10000000,8942637.83023200,49646
2023-03-24,0.02357000,0.02418000,0.02235000,0.02280000,373783381.80000000,8694919.72833100,50625
2023-03-25,0.02280000,0.02333000,0.02236000,0.02270000,234248980.00000000,5355971.79296200,35728
2023-03-26,0.02270000,0.02322000,0.02253000,0.02287000,175197675.20000000,4009458.35030100,27460
2023-03-27,0.02287000,0.02297000,0.02144000,0.02200000,349153890.60000000,7775409.58809000,53623
2023-03-28,0.02200000,0.02248000,0.02156000,0.02242000,257519332.80000000,5655080.21819800,44556
2023-03-29,0.02243000,0.02336000,0.02239000,0.02321000,298090650.20000000,6874699.53304000,46647
2023-03-30,0.02322000,0.02360000,0.02235000,0.02287000,351914286.00000000,8081899.35576800,56580
2023-03-31,0.02286000,0.02363000,0.02251000,0.02346000,332618672.80000000,7699427.49147200,45109
2023-04-01,0.02346000,0.02364000,0.02305000,0.02355000,235664336.30000000,5495415.32991500,32445
2023-04-02,0.02355000,0.02390000,0.02277000,0.02329000,260085691.90000000,6053750.23146900,37887
2023-04-03,0.02330000,0.02361000,0.02240000,0.02310000,455364053.70000000,10555997.80364500,61771
2023-04-04,0.02310000,0.02430000,0.02294000,0.02415000,354668907.70000000,8406411.88959900,48623
2023-04-05,0.02414000,0.02500000,0.02377000,0.02438000,287114511.10000000,6972322.78226500,40405
2023-04-06,0.02436000,0.02513000,0.02365000,0.02461000,449616205.70000000,10908937.01435600,60727
2023-04-07,0.02460000,0.02468000,0.02378000,0.02415000,257433988.00000000,6219483.73265500,34774
2023-04-08,0.02414000,0.02456000,0.02387000,0.02398000,174003422.10000000,4219405.62521800,23183
2023-04-09,0.02398000,0.02453000,0.02365000,0.02433000,211402806.20000000,5079099.63624200,28012
2023-04-10,0.02434000,0.02505000,0.02413000,0.02499000,242062331.10000000,5935034.26053900,32507
2023-04-11,0.02499000,0.02543000,0.02470000,0.02492000,327276360.40000000,8169232.93056900,41437
2023-04-12,0.02492000,0.02493000,0.02387000,0.02445000,322152172.80000000,7840940.43550900,42871
2023-04-13,0.02445000,0.02560000,0.02431000,0.02533000,260558115.50000000,6502890.58930200,37491
2023-04-14,0.02533000,0.02640000,0.02517000,0.02586000,399775734.20000000,10325298.04670100,58919
2023-04-15,0.02585000,0.02587000,0.02539000,0.02570000,207587092.30000000,5326160.19867900,27934
2023-04-16,0.02569000,0.02659000,0.02529000,0.02618000,289528018.00000000,7566100.63372500,40483
2023-04-17,0.02618000,0.02623000,0.02525000,0.02547000,263485811.70000000,6735308.28193700,36235
2023-04-18,0.02547000,0.02659000,0.02525000,0.02659000,343037994.90000000,8939831.32310800,43868
2023-04-19,0.02659000,0.02660000,0.02301000,0.02382000,540527971.50000000,13343382.78661000,68930
2023-04-20,0.02382000,0.02430000,0.02287000,0.02313000,380778926.80000000,8959049.98820700,47852
2023-04-21,0.02312000,0.02328000,0.02188000,0.02217000,374356778.50000000,8496401.38261300,47611
2023-04-22,0.02216000,0.02271000,0.02202000,0.02271000,183239414.10000000,4097080.94356900,22207
2023-04-23,0.02271000,0.02272000,0.02162000,0.02213000,221820372.60000000,4932422.69651900,28279
2023-04-24,0.02212000,0.02252000,0.02165000,0.02209000,213549811.10000000,4716311.17514500,28568
2023-04-25,0.02210000,0.02275000,0.02152000,0.02264000,227900471.80000000,5010052.54157000,33067
2023-04-26,0.02264000,0.02338000,0.02110000,0.02203000,406740401.50000000,9123923.97833000,52314
2023-04-27,0.02203000,0.02282000,0.02197000,0.02256000,321750547.90000000,7204474.44531100,40209
2023-04-28,0.02256000,0.02268000,0.02214000,0.02241000,182814325.70000000,4102258.70851600,24492
2023-04-29,0.02241000,0.02280000,0.02233000,0.02272000,130142504.90000000,2941816.24499300,19217
2023-04-30,0.02272000,0.02292000,0.02202000,0.02218000,159478045.40000000,3591240.85826800,23395
2023-05-01,0.02219000,0.02230000,0.02116000,0.02149000,226180248.40000000,4913155.82270000,31769
2023-05-02,0.02148000,0.02154000,0.02068000,0.02118000,596855087.90000000,12580452.30282500,50655
2023-05-03,0.02119000,0.02119000,0.01999000,0.02095000,742170895.90000000,15251744.87284500,58703
2023-05-04,0.02094000,0.02112000,0.02054000,0.02074000,169834206.90000000,3540138.22547700,23054
2023-05-05,0.02074000,0.02138000,0.02054000,0.02115000,219386389.60000000,4604930.27376300,27687
2023-05-06,0.02114000,0.02132000,0.02002000,0.02024000,223933450.60000000,4603301.74457700,31379
2023-05-07,0.02025000,0.02053000,0.02005000,0.02009000,153359879.50000000,3117966.85662800,20701
2023-05-08,0.02010000,0.02030000,0.01866000,0.01930000,467466672.10000000,9076752.36696000,61110
2023-05-09,0.01929000,0.01960000,0.01906000,0.01941000,252497873.10000000,4876959.94267500,26451
2023-05-10,0.01941000,0.01977000,0.01898000,0.01959000,369784147.30000000,7181697.91967700,41051
2023-05-11,0.01959000,0.01961000,0.01862000,0.01897000,277467385.30000000,5285155.60047300,32143
2023-05-12,0.01897000,0.01921000,0.01852000,0.01917000,213941973.30000000,4024360.45349400,29012
2023-05-13,0.01918000,0.01925000,0.01899000,0.01913000,117918448.60000000,2254758.45774100,16782
2023-05-14,0.01913000,0.01936000,0.01899000,0.01922000,111171925.10000000,2132414.47522500,14956
2023-05-15,0.01922000,0.01969000,0.01899000,0.01945000,155635376.30000000,3025811.82307300,20965
2023-05-16,0.01944000,0.01984000,0.01925000,0.01944000,148638901.30000000,2902125.21376600,23222
2023-05-17,0.01945000,0.02000000,0.01932000,0.01996000,196492252.10000000,3864303.73346100,31730
2023-05-18,0.01996000,0.02006000,0.01921000,0.01950000,173864176.20000000,3414359.90578100,22507
2023-05-19,0.01949000,0.01980000,0.01939000,0.01958000,144668649.80000000,2830724.21784200,19144
2023-05-20,0.01957000,0.01959000,0.01930000,0.01940000,88192461.10000000,1710638.41847500,14074
2023-05-21,0.01940000,0.01944000,0.01881000,0.01895000,111770330.80000000,2138459.65134000,17039
2023-05-22,0.01894000,0.01945000,0.01872000,0.01928000,147352280.40000000,2823222.86114200,18651
2023-05-23,0.01927000,0.01970000,0.01924000,0.01940000,134394528.70000000,2619857.07359800,20009
2023-05-24,0.01939000,0.01953000,0.01882000,0.01944000,209358222.60000000,4011095.03434600,27101
2023-05-25,0.01945000,0.01949000,0.01900000,0.01928000,162867537.50000000,3131616.44034200,24192
2023-05-26,0.01928000,0.01933000,0.01898000,0.01924000,154621556.00000000,2961702.31449600,17531
2023-05-27,0.01925000,0.02018000,0.01923000,0.02012000,225946379.40000000,4430581.40428800,23302
2023-05-28,0.02012000,0.02053000,0.02001000,0.02043000,310770835.90000000,6293427.24118200,38235
2023-05-29,0.02044000,0.02058000,0.02011000,0.02048000,236864385.70000000,4829327.71341900,29930
2023-05-30,0.02048000,0.02100000,0.02036000,0.02086000,228581820.00000000,4741871.56530700,33278
2023-05-31,0.02087000,0.02095000,0.02019000,0.02033000,191865530.60000000,3922958.57821900,27420
2023-06-01,0.02034000,0.02044000,0.01958000,0.01974000,222293497.70000000,4442605.31437400,26673
2023-06-02,0.01974000,0.02006000,0.01949000,0.01977000,227418020.60000000,4519508.68368900,26503
2023-06-03,0.01976000,0.02011000,0.01963000,0.01996000,172901212.50000000,3436409.24022800,19944
2023-06-04,0.01996000,0.02010000,0.01967000,0.01976000,155469608.30000000,3101177.08463700,17396
2023-06-05,0.01976000,0.01983000,0.01797000,0.01852000,452064273.10000000,8523021.52862200,52347
2023-06-06,0.01851000,0.01910000,0.01811000,0.01888000,279723261.10000000,5193976.63261700,30265
2023-06-07,0.01888000,0.01889000,0.01762000,0.01773000,353301130.70000000,6445226.21868900,37139
2023-06-08,0.01773000,0.01801000,0.01738000,0.01779000,219079307.40000000,3880879.72701400,23060
2023-06-09,0.01778000,0.01781000,0.01692000,0.01706000,408226197.40000000,7066441.79198300,37335
2023-06-10,0.01706000,0.01708000,0.01318000,0.01557000,1024894222.30000000,15369108.44992200,104859
2023-06-11,0.01557000,0.01596000,0.01538000,0.01581000,220507334.40000000,3440558.02864900,24331
2023-06-12,0.01581000,0.01598000,0.01536000,0.01591000,236974368.40000000,3726046.13755200,27768
2023-06-13,0.01590000,0.01642000,0.01575000,0.01603000,292294382.10000000,4698130.98314100,32913
2023-06-14,0.01604000,0.01628000,0.01516000,0.01539000,241078170.10000000,3814744.57444700,29707
2023-06-15,0.01539000,0.01573000,0.01466000,0.01499000,469995417.30000000,7122136.38205400,50237
2023-06-16,0.01499000,0.01499000,0.01436000,0.01470000,782934606.00000000,11502943.99008300,66418
2023-06-17,0.01471000,0.01530000,0.01463000,0.01501000,282329697.60000000,4248163.16802800,23218
2023-06-18,0.01501000,0.01514000,0.01472000,0.01486000,198655987.00000000,2978732.52170500,19086
2023-06-19,0.01486000,0.01525000,0.01465000,0.01516000,244626356.90000000,3646752.82119400,21353
2023-06-20,0.01517000,0.01561000,0.01468000,0.01559000,280199803.20000000,4248499.04014800,28128
2023-06-21,0.01560000,0.01650000,0.01551000,0.01642000,387505087.20000000,6225038.65311100,41276
2023-06-22,0.01643000,0.01726000,0.01620000,0.01686000,578691180.70000000,9707573.08193600,59774
2023-06-23,0.01686000,0.01980000,0.01679000,0.01876000,1709201158.60000000,31535774.53405200,186186
2023-06-24,0.01875000,0.01890000,0.01783000,0.01812000,457508344.50000000,8380525.65044500,48203
2023-06-25,0.01812000,0.01877000,0.01795000,0.01838000,356546869.30000000,6529563.28052900,41219
2023-06-26,0.01837000,0.01932000,0.01771000,0.01832000,658586295.80000000,12121308.85673000,78569
2023-06-27,0.01832000,0.01902000,0.01806000,0.01898000,332141023.40000000,6134759.67637600,36487
2023-06-28,0.01898000,0.01985000,0.01758000,0.01797000,805521329.90000000,15293920.84063600,97071
2023-06-29,0.01797000,0.01941000,0.01791000,0.01876000,368702350.20000000,6960037.28392000,49973
2023-06-30,0.01877000,0.02035000,0.01814000,0.01970000,650261711.60000000,12580709.78251800,81908
2023-07-01,0.01971000,0.02126000,0.01970000,0.02049000,565574203.00000000,11684101.77207500,75129
2023-07-02,0.02049000,0.02070000,0.01985000,0.02041000,308825122.70000000,6277346.47516400,42997
2023-07-03,0.02041000,0.02091000,0.02022000,0.02044000,291080768.40000000,5975758.53762100,43898
2023-07-04,0.02044000,0.02061000,0.01965000,0.01985000,289223032.20000000,5823093.95983400,42295
2023-07-05,0.01986000,0.02014000,0.01888000,0.01921000,323627969.90000000,6303315.29668500,42768
2023-07-06,0.01920000,0.01976000,0.01832000,0.01834000,341773450.10000000,6475197.57631400,42247
2023-07-07,0.01833000,0.01879000,0.01802000,0.01866000,274914400.50000000,5085058.71988800,33927
2023-07-08,0.01867000,0.01897000,0.01849000,0.01881000,189977704.80000000,3554016.07643300,23052
2023-07-09,0.01880000,0.01891000,0.01845000,0.01858000,156915648.00000000,2936515.00419100,19764
2023-07-10,0.01859000,0.01885000,0.01788000,0.01868000,271013627.70000000,4984004.69917400,34414
2023-07-11,0.01868000,0.01883000,0.01840000,0.01880000,182184614.70000000,3385836.13431500,23506
2023-07-12,0.01881000,0.01927000,0.01860000,0.01899000,212296604.80000000,4023583.90271700,29743
2023-07-13,0.01899000,0.02035000,0.01872000,0.02022000,522549597.70000000,10280535.95851000,68353
2023-07-14,0.02023000,0.02041000,0.01891000,0.01951000,478814025.60000000,9491405.43402300,65533
2023-07-15,0.01951000,0.02020000,0.01941000,0.01965000,230241474.10000000,4562920.70466500,26839
2023-07-16,0.01966000,0.01993000,0.01926000,0.01939000,238552161.60000000,4682211.81811400,29801
2023-07-17,0.01939000,0.01969000,0.01890000,0.01942000,274248954.70000000,5302905.89993000,40955
2023-07-18,0.01943000,0.01974000,0.01870000,0.01909000,244638783.70000000,4725150.97309800,36033
2023-07-19,0.01909000,0.01950000,0.01895000,0.01909000,246978742.20000000,4751818.04855400,31181
2023-07-20,0.01910000,0.01971000,0.01888000,0.01910000,226459910.60000000,4370606.40848100,29866
2023-07-21,0.01910000,0.01951000,0.01895000,0.01925000,158695083.20000000,3055468.60302600,21571
2023-07-22,0.01925000,0.01992000,0.01903000,0.01929000,244427901.70000000,4776367.60125800,32766
2023-07-23,0.01928000,0.01987000,0.01918000,0.01962000,167363887.10000000,3280455.24270700,21586
2023-07-24,0.01962000,0.01968000,0.01813000,0.01869000,301412356.10000000,5675544.53427400,37617
2023-07-25,0.01868000,0.01870000,0.01830000,0.01855000,156636410.10000000,2897842.94623600,21643
2023-07-26,0.01854000,0.01873000,0.01829000,0.01865000,175419096.50000000,3247141.36586700,24973
2023-07-27,0.01865000,0.01879000,0.01834000,0.01856000,138715683.40000000,2580444.57364100,17199
2023-07-28,0.01855000,0.01917000,0.01830000,0.01867000,161943269.40000000,3006167.63146600,18063
2023-07-29,0.01867000,0.01892000,0.01863000,0.01887000,114000781.40000000,2138783.43636800,11175
2023-07-30,0.01888000,0.01901000,0.01833000,0.01872000,153690050.10000000,2877933.56559100,19185
2023-07-31,0.01871000,0.01895000,0.01844000,0.01862000,147575448.90000000,2760277.03993500,18457
2023-08-01,0.01862000,0.01891000,0.01803000,0.01890000,211401520.10000000,3913218.30840000,26063
2023-08-02,0.01889000,0.01899000,0.01818000,0.01826000,150835291.50000000,2802997.36207500,19964
2023-08-03,0.01826000,0.01844000,0.01783000,0.01797000,221814692.50000000,4010061.80960400,25387
2023-08-04,0.01796000,0.01808000,0.01768000,0.01790000,139826265.20000000,2505442.48433400,17589
2023-08-05,0.01790000,0.01796000,0.01773000,0.01787000,84412543.30000000,1506913.87215100,10988
2023-08-06,0.01787000,0.01805000,0.01767000,0.01772000,121515954.20000000,2170735.68872700,13598
2023-08-07,0.01772000,0.01797000,0.01725000,0.01771000,142114442.70000000,2510667.16665300,19649
2023-08-08,0.01771000,0.01823000,0.01741000,0.01791000,171473362.00000000,3052519.34789900,20055
2023-08-09,0.01791000,0.01810000,0.01771000,0.01779000,124201255.50000000,2222698.44657700,14689
2023-08-10,0.01779000,0.01820000,0.01772000,0.01808000,141109761.30000000,2534124.10981900,15380
2023-08-11,0.01808000,0.01825000,0.01800000,0.01810000,101387630.90000000,1836509.02480800,11607
2023-08-12,0.01811000,0.01814000,0.01781000,0.01792000,72324192.90000000,1298626.33506800,8462
2023-08-13,0.01791000,0.01838000,0.01791000,0.01808000,167189392.20000000,3035380.55503600,17152
2023-08-14,0.01808000,0.01884000,0.01802000,0.01861000,201664536.10000000,3720678.31016700,19922
2023-08-15,0.01861000,0.01866000,0.01734000,0.01763000,246629779.70000000,4441313.37723800,29457
2023-08-16,0.01762000,0.01766000,0.01663000,0.01689000,379005637.00000000,6552920.75346300,35122
2023-08-17,0.01689000,0.01714000,0.01475000,0.01567000,480265659.20000000,7779862.33255800,60699
2023-08-18,0.01567000,0.01614000,0.01552000,0.01601000,320671604.10000000,5093376.48342500,33709
2023-08-19,0.01601000,0.01616000,0.01575000,0.01604000,147732255.00000000,2356323.66316800,14127
2023-08-20,0.01605000,0.01647000,0.01599000,0.01636000,152983871.70000000,2478822.52950000,12427
2023-08-21,0.01636000,0.01647000,0.01555000,0.01613000,231173900.30000000,3717684.77528900,21708
2023-08-22,0.01613000,0.01615000,0.01545000,0.01598000,164271926.00000000,2605038.08415600,19129
2023-08-23,0.01598000,0.01655000,0.01583000,0.01633000,147976078.80000000,2397221.36026200,18162
2023-08-24,0.01634000,0.01643000,0.01559000,0.01589000,169730072.20000000,2712917.77817100,20448
2023-08-25,0.01588000,0.01609000,0.01570000,0.01604000,146912644.10000000,2330614.02183600,17379
2023-08-26,0.01604000,0.01616000,0.01581000,0.01585000,88809963.80000000,1420098.54617300,10465
2023-08-27,0.01585000,0.01605000,0.01578000,0.01598000,90241767.60000000,1435847.80154700,11592
2023-08-28,0.01599000,0.01623000,0.01552000,0.01597000,260981073.30000000,4145438.66054200,24725
2023-08-29,0.01598000,0.01680000,0.01557000,0.01663000,276425064.60000000,4499773.04403900,30899
2023-08-30,0.01664000,0.01670000,0.01608000,0.01625000,164041965.30000000,2675332.75232500,18110
2023-08-31,0.01624000,0.01652000,0.01550000,0.01576000,232403597.20000000,3728671.84028500,26357
2023-09-01,0.01576000,0.01586000,0.01517000,0.01552000,177912191.70000000,2765069.73804500,19202
2023-09-02,0.01552000,0.01564000,0.01539000,0.01549000,96743334.10000000,1499923.63355800,10797
2023-09-03,0.01549000,0.01580000,0.01530000,0.01552000,245344423.00000000,3811850.86055500,25044
2023-09-04,0.01553000,0.01574000,0.01526000,0.01550000,116797865.40000000,1812930.58281000,13356
2023-09-05,0.01549000,0.01568000,0.01538000,0.01565000,115869300.80000000,1799642.35596500,12872
2023-09-06,0.01566000,0.01583000,0.01524000,0.01563000,335659236.60000000,5234323.42263700,31066
2023-09-07,0.01563000,0.01583000,0.01538000,0.01578000,136378609.90000000,2126302.51621400,13246
2023-09-08,0.01579000,0.01593000,0.01543000,0.01569000,134766081.70000000,2108342.25248400,13984
2023-09-09,0.01568000,0.01574000,0.01551000,0.01556000,79927151.20000000,1247902.43630800,8577
2023-09-10,0.01557000,0.01559000,0.01501000,0.01523000,206978841.80000000,3165227.03724200,23448
2023-09-11,0.01523000,0.01526000,0.01460000,0.01476000,302579068.70000000,4516081.74058600,33160
2023-09-12,0.01477000,0.01668000,0.01468000,0.01647000,1542916210.00000000,24508302.58212900,137599
2023-09-13,0.01647000,0.01697000,0.01585000,0.01657000,1143601518.20000000,18762174.80144400,106020
2023-09-14,0.01657000,0.01718000,0.01620000,0.01707000,446290839.80000000,7382558.49275200,40325
2023-09-15,0.01707000,0.01793000,0.01695000,0.01787000,468550885.50000000,8082164.32816700,44818
2023-09-16,0.01786000,0.01848000,0.01759000,0.01768000,484020302.70000000,8713810.67984300,39215
2023-09-17,0.01769000,0.01776000,0.01695000,0.01712000,254049736.10000000,4408675.55817600,29387
2023-09-18,0.01713000,0.01785000,0.01695000,0.01735000,348841426.40000000,6077158.20227500,33885
2023-09-19,0.01735000,0.01787000,0.01727000,0.01768000,224105932.30000000,3964426.83539200,24452
2023-09-20,0.01769000,0.01780000,0.01733000,0.01773000,201492636.60000000,3533787.68261500,25202
2023-09-21,0.01773000,0.01799000,0.01700000,0.01711000,207177947.40000000,3603760.89968500,24676
2023-09-22,0.01711000,0.01723000,0.01695000,0.01703000,153309943.90000000,2618695.24493300,16356
2023-09-23,0.01702000,0.01711000,0.01688000,0.01701000,119130289.50000000,2023649.43802100,11784
2023-09-24,0.01702000,0.01702000,0.01646000,0.01652000,142974415.80000000,2398030.45069400,13989
2023-09-25,0.01652000,0.01685000,0.01639000,0.01675000,252528272.50000000,4198530.87489900,24053
2023-09-26,0.01675000,0.01679000,0.01640000,0.01656000,145885822.80000000,2425357.28902100,14752
2023-09-27,0.01655000,0.01685000,0.01628000,0.01639000,177218252.00000000,2929935.75061400,21028
2023-09-28,0.01639000,0.01695000,0.01638000,0.01693000,148066187.50000000,2471866.94098200,17716
2023-09-29,0.01693000,0.01708000,0.01668000,0.01705000,181255622.30000000,3061817.90754000,18045
2023-09-30,0.01705000,0.01760000,0.01695000,0.01741000,262133874.20000000,4543500.37062500,24579
2023-10-01,0.01742000,0.01757000,0.01703000,0.01748000,241677110.50000000,4184494.95531600,27393
2023-10-02,0.01749000,0.01773000,0.01672000,0.01690000,291943330.50000000,5063506.94958700,27884
2023-10-03,0.01690000,0.01729000,0.01683000,0.01687000,164669554.20000000,2805293.62398300,19127
2023-10-04,0.01687000,0.01689000,0.01631000,0.01676000,259476531.30000000,4322386.74865800,26400
2023-10-05,0.01675000,0.01684000,0.01655000,0.01663000,124985026.80000000,2084503.39547400,16435
2023-10-06,0.01663000,0.01700000,0.01655000,0.01684000,118881908.20000000,1991351.15568500,13441
2023-10-07,0.01684000,0.01708000,0.01667000,0.01702000,115777200.30000000,1952675.02734800,12062
2023-10-08,0.01702000,0.01719000,0.01686000,0.01716000,145522172.00000000,2480604.09858700,15593
2023-10-09,0.01716000,0.01717000,0.01614000,0.01651000,239627499.10000000,3975239.39610100,25794
2023-10-10,0.01651000,0.01696000,0.01648000,0.01661000,225015805.60000000,3758142.47662300,24105
2023-10-11,0.01662000,0.01670000,0.01602000,0.01620000,217516849.40000000,3557984.06668000,22990
2023-10-12,0.01621000,0.01648000,0.01604000,0.01637000,243841671.30000000,3970271.67292400,21896
2023-10-13,0.01638000,0.01656000,0.01623000,0.01638000,145275558.20000000,2380221.13976300,13923
2023-10-14,0.01639000,0.01654000,0.01633000,0.01638000,152515296.40000000,2510034.61013500,12302
2023-10-15,0.01638000,0.01666000,0.01633000,0.01647000,213895262.50000000,3541306.74679600,14961
2023-10-16,0.01648000,0.01739000,0.01643000,0.01671000,290635123.70000000,4899469.17556100,28972
2023-10-17,0.01671000,0.01673000,0.01632000,0.01656000,192931480.20000000,3193232.85115800,19040
2023-10-18,0.01656000,0.01673000,0.01612000,0.01621000,261900416.30000000,4302774.19897300,24197
2023-10-19,0.01621000,0.01630000,0.01597000,0.01629000,304319071.40000000,4910432.90164500,24113
2023-10-20,0.01628000,0.01679000,0.01610000,0.01654000,290348166.90000000,4783796.09103300,23894
2023-10-21,0.01655000,0.01728000,0.01643000,0.01705000,230472750.10000000,3903504.72275600,22855
2023-10-22,0.01705000,0.01761000,0.01674000,0.01759000,848958686.70000000,14588473.26771800,66199
2023-10-23,0.01759000,0.01878000,0.01751000,0.01859000,1201720390.40000000,21613628.26482300,99966
2023-10-24,0.01859000,0.01937000,0.01815000,0.01847000,1532096382.60000000,28777777.67161900,136140
2023-10-25,0.01848000,0.01928000,0.01830000,0.01913000,1104202376.30000000,20793751.19162700,91502
2023-10-26,0.01913000,0.01965000,0.01830000,0.01874000,889516410.30000000,16914825.39949400,80217
2023-10-27,0.01874000,0.01899000,0.01814000,0.01855000,421892791.20000000,7832622.88440700,47522
2023-10-28,0.01854000,0.01935000,0.01853000,0.01893000,180509459.80000000,3433244.90577300,24646
2023-10-29,0.01893000,0.01933000,0.01876000,0.01907000,215838041.70000000,4114128.57847000,27603
2023-10-30,0.01907000,0.01929000,0.01869000,0.01905000,279770993.70000000,5316305.66481200,34726
2023-10-31,0.01906000,0.01930000,0.01817000,0.01887000,556597345.90000000,10505436.52739100,60363
2023-11-01,0.01887000,0.01953000,0.01830000,0.01948000,551404043.20000000,10383826.06078500,60893
2023-11-02,0.01948000,0.01975000,0.01866000,0.01923000,322923391.50000000,6227907.85309800,49195
2023-11-03,0.01923000,0.01930000,0.01863000,0.01926000,233855622.10000000,4440629.25318100,37927
2023-11-04,0.01926000,0.02035000,0.01915000,0.02030000,374924082.40000000,7439054.59842900,46516
2023-11-05,0.02031000,0.02090000,0.01998000,0.02053000,417257914.70000000,8534992.67385800,52591
2023-11-06,0.02053000,0.02196000,0.02030000,0.02179000,565452789.20000000,11956905.47127900,73624
2023-11-07,0.02179000,0.02181000,0.02041000,0.02167000,420357194.30000000,8852973.10100000,61700
2023-11-08,0.02166000,0.02298000,0.02139000,0.02255000,575594691.50000000,12773029.67156700,71984
2023-11-09,0.02255000,0.02305000,0.02045000,0.02205000,874773438.80000000,19346487.34873300,114043
2023-11-10,0.02205000,0.02290000,0.02174000,0.02281000,532583769.30000000,11902007.37161300,76116
2023-11-11,0.02282000,0.02295000,0.02183000,0.02230000,441578243.40000000,9926338.24923500,65278
2023-11-12,0.02230000,0.02255000,0.02150000,0.02227000,407736900.40000000,9035551.80026400,53904
2023-11-13,0.02229000,0.02278000,0.02119000,0.02129000,539373383.30000000,11875705.67891400,71591
2023-11-14,0.02129000,0.02168000,0.01978000,0.02071000,441200560.20000000,9234024.48334700,68677
2023-11-15,0.02070000,0.02194000,0.02068000,0.02190000,357301252.70000000,7653647.00911800,52492
2023-11-16,0.02191000,0.02208000,0.02053000,0.02088000,540867992.90000000,11612501.42587700,73708
2023-11-17,0.02088000,0.02144000,0.02012000,0.02108000,409184375.50000000,8514240.93660400,57842
2023-11-18,0.02108000,0.02116000,0.02022000,0.02100000,241867849.10000000,5021265.09489700,34268
2023-11-19,0.02101000,0.02158000,0.02052000,0.02144000,221959909.60000000,4658514.10780100,31127
2023-11-20,0.02143000,0.02200000,0.02110000,0.02134000,434989399.90000000,9341205.27463900,56352
2023-11-21,0.02133000,0.02155000,0.01924000,0.01929000,610734797.50000000,12378787.46138300,80591
2023-11-22,0.01927000,0.02130000,0.01920000,0.02100000,361441101.20000000,7351353.91458200,42814
2023-11-23,0.02100000,0.02129000,0.02070000,0.02125000,244631114.10000000,5145999.30045700,30473
2023-11-24,0.02126000,0.02164000,0.02106000,0.02127000,261144437.50000000,5563045.98389500,33866
2023-11-25,0.02127000,0.02238000,0.02116000,0.02230000,236386310.30000000,5112222.44242900,30745
2023-11-26,0.02230000,0.02374000,0.02201000,0.02243000,967156974.00000000,22210223.40073400,118554
2023-11-27,0.02243000,0.02248000,0.02101000,0.02152000,413263763.00000000,8956755.54436400,53089
2023-11-28,0.02152000,0.02191000,0.02078000,0.02162000,383940017.40000000,8195581.34716100,56936
2023-11-29,0.02162000,0.02187000,0.02125000,0.02178000,343085366.50000000,7402048.94143900,47236
2023-11-30,0.02178000,0.02178000,0.02126000,0.02136000,188763269.90000000,4055104.65842900,29377
2023-12-01,0.02136000,0.02256000,0.02115000,0.02254000,297240289.00000000,6520628.87492400,37311
2023-12-02,0.02254000,0.02318000,0.02243000,0.02290000,281220947.30000000,6395905.45851400,41204
2023-12-03,0.02290000,0.02333000,0.02226000,0.02264000,326009750.20000000,7413401.25156200,45056
2023-12-04,0.02266000,0.02425000,0.02255000,0.02409000,727393632.70000000,17147589.66673800,105542
2023-12-05,0.02409000,0.02500000,0.02320000,0.02481000,588098581.60000000,14292973.80599700,86974
2023-12-06,0.02482000,0.02584000,0.02399000,0.02532000,624935299.60000000,15627822.48813700,87288
2023-12-07,0.02532000,0.02568000,0.02419000,0.02523000,442386426.80000000,11026161.78819800,69874
2023-12-08,0.02523000,0.02734000,0.02493000,0.02693000,589954633.00000000,15519177.21831700,91182
2023-12-09,0.02694000,0.02836000,0.02670000,0.02717000,521125927.70000000,14354832.85960100,87861
2023-12-10,0.02717000,0.02813000,0.02619000,0.02780000,361429496.40000000,9837683.73194400,59558
2023-12-11,0.02780000,0.02871000,0.02509000,0.02717000,1144946099.30000000,31022956.56557400,177849
2023-12-12,0.02717000,0.03064000,0.02697000,0.02927000,1245364353.80000000,36411268.69272600,186434
2023-12-13,0.02928000,0.03167000,0.02846000,0.03105000,1004892911.70000000,30175428.54280300,170533
2023-12-14,0.03105000,0.03170000,0.02930000,0.03082000,529978884.80000000,16228081.02738300,86321
2023-12-15,0.03082000,0.03083000,0.02875000,0.02887000,355834395.70000000,10573846.41598400,61131
2023-12-16,0.02887000,0.03145000,0.02851000,0.02988000,527157455.20000000,16103163.42880100,92411
2023-12-17,0.02989000,0.03027000,0.02911000,0.02915000,290179089.70000000,8615540.67102700,50505
2023-12-18,0.02915000,0.03200000,0.02641000,0.03196000,1080454817.40000000,31598855.73574700,168933
2023-12-19,0.03198000,0.03355000,0.03154000,0.03291000,1166066963.80000000,38076926.21969900,174771
2023-12-20,0.03291000,0.03700000,0.03213000,0.03474000,1419907138.30000000,50002095.92061200,250128
2023-12-21,0.03475000,0.03595000,0.03433000,0.03488000,660592472.50000000,23175856.20753600,109916
2023-12-22,0.03488000,0.03632000,0.03383000,0.03601000,725304021.50000000,25511554.90219400,118824
2023-12-23,0.03601000,0.03611000,0.03456000,0.03551000,297267418.00000000,10452273.40527700,51578
2023-12-24,0.03552000,0.03650000,0.03378000,0.03454000,538780387.20000000,19124738.54813000,90059
2023-12-25,0.03452000,0.03860000,0.03418000,0.03806000,769692269.00000000,28612228.20092600,153884
2023-12-26,0.03807000,0.03877000,0.03401000,0.03741000,697754883.10000000,25727180.57222400,120090
2023-12-27,0.03741000,0.03770000,0.03580000,0.03684000,364690372.50000000,13552734.47587200,72451
2023-12-28,0.03684000,0.03746000,0.03504000,0.03549000,363726319.90000000,13117213.39482600,73681
2023-12-29,0.03552000,0.03650000,0.03424000,0.03504000,340727342.30000000,12020824.02876500,72758
2023-12-30,0.03504000,0.03820000,0.03383000,0.03562000,523530482.90000000,18874125.33514800,126962
2023-12-31,0.03562000,0.03582000,0.03341000,0.03432000,297429884.70000000,10374453.51162200,57286
2024-01-01,0.03433000,0.03664000,0.03384000,0.03655000,313912947.50000000,11080462.85461600,62908
2024-01-02,0.03654000,0.03703000,0.03468000,0.03499000,323146126.90000000,11631012.26029900,67944
2024-01-03,0.03500000,0.03567000,0.02901000,0.03209000,768882867.60000000,24697611.55923700,140462
2024-01-04,0.03209000,0.03312000,0.03128000,0.03274000,342201139.50000000,11046243.55548200,64269
2024-01-05,0.03279000,0.03283000,0.02981000,0.03114000,356777895.90000000,11081722.95866200,64779
2024-01-06,0.03113000,0.03113000,0.02877000,0.02978000,301768024.20000000,8971514.03250600,62651
2024-01-07,0.02979000,0.03106000,0.02820000,0.02867000,335124392.20000000,9930836.53950000,67380
2024-01-08,0.02867000,0.03205000,0.02700000,0.03114000,1124970538.20000000,33876192.59953600,203871
2024-01-09,0.03115000,0.03123000,0.02850000,0.03001000,468414439.10000000,14063696.14248600,89072
2024-01-10,0.03000000,0.03364000,0.02873000,0.03268000,502599256.80000000,15467624.30655200,100603
2024-01-11,0.03265000,0.03440000,0.03153000,0.03305000,499992741.20000000,16493681.97543100,95927
2024-01-12,0.03305000,0.03346000,0.02973000,0.03082000,427993076.90000000,13646808.08258700,83055
2024-01-13,0.03081000,0.03149000,0.03003000,0.03101000,179040281.10000000,5546189.75965600,33565
2024-01-14,0.03102000,0.03102000,0.02933000,0.02936000,236195054.30000000,7159560.79927500,43465
2024-01-15,0.02936000,0.03076000,0.02930000,0.03023000,195621543.50000000,5907746.67085700,34866
2024-01-16,0.03022000,0.03071000,0.02976000,0.03050000,227649940.40000000,6927059.29582500,33857
2024-01-17,0.03050000,0.03080000,0.02931000,0.03010000,198316064.30000000,5937279.70178600,35429
2024-01-18,0.03010000,0.03028000,0.02792000,0.02853000,264854234.70000000,7711775.33312600,44255
2024-01-19,0.02853000,0.02885000,0.02683000,0.02859000,271698933.70000000,7608089.08746700,46886
2024-01-20,0.02859000,0.02869000,0.02800000,0.02851000,110658089.90000000,3136831.80336800,20593
2024-01-21,0.02851000,0.02872000,0.02792000,0.02797000,97719220.90000000,2776014.64538700,17863
2024-01-22,0.02798000,0.02813000,0.02603000,0.02612000,285534317.70000000,7689057.45491200,43925
2024-01-23,0.02612000,0.02662000,0.02506000,0.02661000,499723020.00000000,12810057.06363200,65210
2024-01-24,0.02661000,0.02740000,0.02645000,0.02715000,237705853.90000000,6406721.50660600,40432
2024-01-25,0.02714000,0.02732000,0.02635000,0.02707000,182944941.60000000,4908799.29360200,31760
2024-01-26,0.02708000,0.02811000,0.02676000,0.02799000,294576045.50000000,8125950.39467300,35090
2024-01-27,0.02799000,0.02841000,0.02757000,0.02831000,147120975.40000000,4128944.12072000,24020
2024-01-28,0.02831000,0.02899000,0.02789000,0.02799000,241009825.00000000,6859643.06093600,36923
2024-01-29,0.02799000,0.02931000,0.02777000,0.02905000,191698430.90000000,5473809.35212000,29302
2024-01-30,0.02904000,0.02985000,0.02842000,0.02858000,238491816.80000000,6952886.79385900,35938
2024-01-31,0.02858000,0.02871000,0.02767000,0.02823000,225136021.50000000,6360765.38674500,37212
2024-02-01,0.02823000,0.02849000,0.02750000,0.02847000,148411101.60000000,4142162.95261800,27004
2024-02-02,0.02847000,0.02936000,0.02836000,0.02934000,157319838.30000000,4545299.28347900,28301
2024-02-03,0.02934000,0.02960000,0.02850000,0.02854000,120465179.50000000,3488239.57876200,20819
2024-02-04,0.02855000,0.02874000,0.02756000,0.02767000,115799172.40000000,3254215.41851400,18751
2024-02-05,0.02767000,0.02833000,0.02715000,0.02782000,139230614.40000000,3878960.02249800,24928
2024-02-06,0.02783000,0.02832000,0.02768000,0.02799000,136156962.30000000,3815331.68005900,21897
2024-02-07,0.02799000,0.02885000,0.02762000,0.02878000,135783319.20000000,3822836.60966900,25174
2024-02-08,0.02878000,0.02924000,0.02860000,0.02886000,183784702.80000000,5327243.52387100,28741
2024-02-09,0.02887000,0.02993000,0.02886000,0.02977000,250566324.00000000,7396689.66629100,35405
2024-02-10,0.02978000,0.03010000,0.02908000,0.02968000,168049611.70000000,4994252.33728100,24008
2024-02-11,0.02969000,0.03107000,0.02958000,0.03023000,271444703.50000000,8215342.88032700,41602
2024-02-12,0.03024000,0.03176000,0.02964000,0.03148000,308740057.10000000,9506904.26963700,50769
2024-02-13,0.03148000,0.03279000,0.03085000,0.03264000,334172574.70000000,10613146.34758100,57215
2024-02-14,0.03263000,0.03622000,0.03206000,0.03582000,797165985.90000000,27703540.82214600,145009
2024-02-15,0.03582000,0.04882000,0.03533000,0.04585000,3448995404.70000000,150663282.22227600,675724
2024-02-16,0.04586000,0.05145000,0.04394000,0.04629000,2184834208.20000000,104517802.20491500,446508
2024-02-17,0.04628000,0.04788000,0.04314000,0.04539000,944864976.50000000,42704353.45486000,202446
2024-02-18,0.04540000,0.04609000,0.04357000,0.04553000,697454954.70000000,31321070.55773500,141221
2024-02-19,0.04554000,0.04814000,0.04460000,0.04476000,543989739.80000000,24864145.70677900,129453
2024-02-20,0.04477000,0.04533000,0.04111000,0.04422000,559510066.30000000,24390010.47999900,130704
2024-02-21,0.04422000,0.04485000,0.04103000,0.04340000,421427924.50000000,17891595.51813800,89128
2024-02-22,0.04340000,0.04687000,0.04153000,0.04485000,706641959.50000000,31678999.95800000,138650
2024-02-23,0.04485000,0.04667000,0.04306000,0.04356000,501027418.30000000,22432019.38618000,107039
2024-02-24,0.04357000,0.04498000,0.04228000,0.04444000,301478732.50000000,13140751.68583300,63506
2024-02-25,0.04445000,0.04594000,0.04408000,0.04502000,308125993.70000000,13840552.00150700,66975
2024-02-26,0.04502000,0.05150000,0.04497000,0.05065000,1281922956.70000000,62399002.82948800,267547
2024-02-27,0.05067000,0.05186000,0.04757000,0.04886000,786384709.20000000,38747565.28791300,157004
2024-02-28,0.04887000,0.05500000,0.04344000,0.04861000,1733326633.00000000,87404303.24706500,368467
2024-02-29,0.04861000,0.05030000,0.04621000,0.04776000,815223398.40000000,39704148.62181400,160609
2024-03-01,0.04776000,0.04895000,0.04718000,0.04877000,400476787.10000000,19337099.26827200,81100
2024-03-02,0.04877000,0.05143000,0.04850000,0.05134000,611215647.70000000,30502403.71480600,126473
2024-03-03,0.05133000,0.05143000,0.04548000,0.04909000,600153669.10000000,29273052.71044100,127897
2024-03-04,0.04908000,0.05328000,0.04793000,0.04950000,935668906.10000000,46880045.59811400,197030
2024-03-05,0.04950000,0.04985000,0.03960000,0.04430000,1465620092.50000000,67546054.19196600,295747
2024-03-06,0.04430000,0.04743000,0.04277000,0.04695000,736949306.70000000,33465070.04743200,149603
2024-03-07,0.04696000,0.04858000,0.04609000,0.04835000,599888908.70000000,28533762.26832200,141016
2024-03-08,0.04834000,0.04870000,0.04526000,0.04733000,477597900.60000000,22508626.54074000,108309
2024-03-09,0.04732000,0.05065000,0.04706000,0.04934000,663972787.20000000,32521855.56034200,134753
2024-03-10,0.04934000,0.04967000,0.04679000,0.04794000,458020863.00000000,22127972.86216500,108695
2024-03-11,0.04794000,0.05054000,0.04550000,0.05040000,736555944.40000000,35968368.20448100,153661
2024-03-12,0.05040000,0.05137000,0.04600000,0.04873000,730024555.10000000,35551235.99586400,166462
2024-03-13,0.04873000,0.05032000,0.04783000,0.04912000,584604967.40000000,28725597.17915900,108880
2024-03-14,0.04911000,0.04940000,0.04473000,0.04730000,698780996.40000000,33123751.07602800,140068
2024-03-15,0.04730000,0.04769000,0.04109000,0.04462000,909692032.70000000,39964103.11413600,186253
2024-03-16,0.04464000,0.04525000,0.03939000,0.04046000,606552772.00000000,25688515.22774000,115662
2024-03-17,0.04045000,0.04295000,0.03818000,0.04209000,560841558.80000000,22938488.68171400,100588
2024-03-18,0.04209000,0.04250000,0.03900000,0.04073000,614761370.70000000,25001873.78913100,109747
2024-03-19,0.04073000,0.04173000,0.03663000,0.03797000,1040835177.00000000,40472362.57254700,221185
2024-03-20,0.03794000,0.04252000,0.03667000,0.04242000,669411943.80000000,26437534.40078800,158540
2024-03-21,0.04242000,0.04281000,0.04047000,0.04157000,415704394.00000000,17325441.07928000,98119
2024-03-22,0.04157000,0.04243000,0.03923000,0.04040000,401293356.40000000,16375574.35471500,86627
2024-03-23,0.04041000,0.04209000,0.03979000,0.04108000,197060923.20000000,8098157.61367100,41399
2024-03-24,0.04107000,0.04278000,0.04085000,0.04255000,215312091.30000000,8995083.26490800,45419
2024-03-25,0.04256000,0.04566000,0.04227000,0.04470000,426960338.60000000,18738601.34397600,83987
2024-03-26,0.04470000,0.04640000,0.04358000,0.04500000,438448475.50000000,19698470.28631400,95488
2024-03-27,0.04500000,0.04653000,0.04306000,0.04429000,692862899.90000000,31032760.96303800,147930
2024-03-28,0.04430000,0.04798000,0.04288000,0.04672000,586338447.00000000,26724789.85841200,126554
2024-03-29,0.04672000,0.04750000,0.04501000,0.04704000,429976512.10000000,19823625.64579200,95066
2024-03-30,0.04705000,0.04711000,0.04456000,0.04488000,261794140.20000000,11969444.17443300,51691
2024-03-31,0.04487000,0.04694000,0.04447000,0.04611000,242375629.40000000,11094058.50955700,53339
2024-04-01,0.04610000,0.04751000,0.04300000,0.04432000,502137593.90000000,22697217.31396800,109604
2024-04-02,0.04432000,0.04432000,0.04015000,0.04101000,446734394.60000000,18565570.33288000,95889
2024-04-03,0.04102000,0.04308000,0.03990000,0.04081000,350808695.20000000,14564045.03132000,65239
2024-04-04,0.04080000,0.04300000,0.03977000,0.04178000,283965922.30000000,11811572.74779000,50180
2024-04-05,0.04175000,0.04209000,0.03872000,0.04034000,333768725.30000000,13397501.69229800,57798
2024-04-06,0.04034000,0.04198000,0.04007000,0.04152000,146247595.90000000,5970936.52752700,29203
2024-04-07,0.04152000,0.04363000,0.04113000,0.04253000,205113311.60000000,8715933.40730200,41455
2024-04-08,0.04253000,0.04780000,0.04141000,0.04681000,747234322.10000000,34098087.48795100,151119
2024-04-09,0.04681000,0.04704000,0.04329000,0.04355000,411992775.80000000,18551421.03546700,88802
2024-04-10,0.04356000,0.04662000,0.04203000,0.04647000,512653247.10000000,22808790.38945400,119034
2024-04-11,0.04648000,0.04928000,0.04539000,0.04810000,706827337.20000000,33669675.39798700,172527
2024-04-12,0.04810000,0.05155000,0.04034000,0.04300000,1599830468.20000000,74882393.02512800,337817
2024-04-13,0.04297000,0.04715000,0.03500000,0.04010000,1845344740.50000000,76529777.33826500,454891
2024-04-14,0.04010000,0.04372000,0.03758000,0.04303000,939149043.60000000,38046224.13077800,227040
2024-04-15,0.04303000,0.04750000,0.04000000,0.04136000,1094217135.90000000,48060870.50388600,254354
2024-04-16,0.04135000,0.04144000,0.03792000,0.03985000,792211984.00000000,31309537.96192500,158015
2024-04-17,0.03986000,0.04090000,0.03691000,0.03798000,550820376.20000000,21455457.80775900,110318
2024-04-18,0.03796000,0.04019000,0.03698000,0.03966000,417116059.30000000,16120583.42076800,86925
2024-04-19,0.03966000,0.04140000,0.03657000,0.04050000,648317956.40000000,25791871.64056400,146832
2024-04-20,0.04049000,0.04261000,0.03987000,0.04239000,328098650.10000000,13582768.55604500,70583
2024-04-21,0.04238000,0.04290000,0.04092000,0.04124000,286832003.70000000,12024441.36395800,69069
2024-04-22,0.04123000,0.04308000,0.04111000,0.04259000,268595830.40000000,11309670.36262400,60004
2024-04-23,0.04258000,0.04340000,0.04141000,0.04157000,267998384.00000000,11289868.16238000,61096
2024-04-24,0.04156000,0.04331000,0.03921000,0.03977000,452483138.30000000,18716024.88409600,84891
2024-04-25,0.03976000,0.04053000,0.03853000,0.03978000,334189073.20000000,13213558.87934100,61715
2024-04-26,0.03979000,0.03999000,0.03863000,0.03928000,261325327.80000000,10291758.88745700,50800
2024-04-27,0.03930000,0.03971000,0.03759000,0.03929000,247512156.60000000,9605462.39333000,49287
2024-04-28,0.03929000,0.04059000,0.03919000,0.03940000,180070328.90000000,7193627.78991900,36533
2024-04-29,0.03941000,0.04041000,0.03795000,0.03949000,356676470.10000000,13926645.05997400,80122
2024-04-30,0.03951000,0.04036000,0.03510000,0.03607000,393701570.30000000,14516391.97362800,77067
2024-05-01,0.03607000,0.03614000,0.03300000,0.03522000,505298694.20000000,17458605.88290100,100767
2024-05-02,0.03522000,0.03557000,0.03390000,0.03510000,234493547.30000000,8176581.89421700,50271
2024-05-03,0.03510000,0.03764000,0.03466000,0.03722000,293263663.10000000,10636779.96034000,60893
2024-05-04,0.03722000,0.03791000,0.03666000,0.03714000,176555544.10000000,6577222.96356200,38341
2024-05-05,0.03714000,0.03766000,0.03631000,0.03733000,158196305.90000000,5861489.10004100,35803
2024-05-06,0.03735000,0.03869000,0.03591000,0.03593000,305284067.90000000,11349405.38093700,68041
2024-05-07,0.03594000,0.03692000,0.03540000,0.03551000,239229259.90000000,8637390.15884400,47640
2024-05-08,0.03551000,0.03617000,0.03478000,0.03509000,274077432.30000000,9686778.98044100,50360
2024-05-09,0.03509000,0.03586000,0.03427000,0.03565000,188446944.50000000,6619340.10984600,41522
2024-05-10,0.03566000,0.03640000,0.03425000,0.03463000,266391583.70000000,9371871.47395000,55527
2024-05-11,0.03464000,0.03532000,0.03426000,0.03440000,154105500.80000000,5367420.88577200,32465
2024-05-12,0.03440000,0.03516000,0.03408000,0.03434000,139744515.60000000,4824138.48459500,28350
2024-05-13,0.03435000,0.03459000,0.03261000,0.03368000,298166764.60000000,10055254.66755700,56110
2024-05-14,0.03368000,0.03425000,0.03292000,0.03335000,174884481.90000000,5861715.64420300,47007
2024-05-15,0.03334000,0.03558000,0.03314000,0.03540000,236939658.60000000,8186841.00114500,55780
2024-05-16,0.03540000,0.03642000,0.03481000,0.03525000,249629556.90000000,8879234.94709100,56225
2024-05-17,0.03525000,0.03669000,0.03479000,0.03596000,172669128.70000000,6200851.99975400,37225
2024-05-18,0.03595000,0.03629000,0.03521000,0.03527000,149297223.80000000,5338461.03908300,33674
2024-05-19,0.03527000,0.03554000,0.03388000,0.03427000,170626788.30000000,5932092.39658100,34851
2024-05-20,0.03428000,0.03690000,0.03361000,0.03684000,301230802.50000000,10628672.54752200,62146
2024-05-21,0.03685000,0.03750000,0.03600000,0.03653000,345710931.80000000,12715028.02584700,75423
2024-05-22,0.03651000,0.03678000,0.03529000,0.03587000,257503207.40000000,9302792.10723300,67402
2024-05-23,0.03587000,0.03669000,0.03344000,0.03513000,390369028.80000000,13754069.66698200,80043
2024-05-24,0.03513000,0.03543000,0.03406000,0.03534000,163709063.00000000,5717830.25922300,36975
2024-05-25,0.03534000,0.03577000,0.03512000,0.03558000,104357439.20000000,3695589.70034200,23026
2024-05-26,0.03558000,0.03619000,0.03490000,0.03560000,209213478.90000000,7421612.58766300,40036
2024-05-27,0.03561000,0.03728000,0.03507000,0.03661000,293578688.30000000,10647587.11738600,55397
2024-05-28,0.03662000,0.03666000,0.03516000,0.03580000,237470996.00000000,8498623.83133100,51700
2024-05-29,0.03581000,0.03636000,0.03508000,0.03516000,208725060.70000000,7443210.30902900,43374
2024-05-30,0.03516000,0.03552000,0.03404000,0.03432000,154156559.40000000,5361388.85013500,37024
2024-05-31,0.03432000,0.03461000,0.03336000,0.03394000,189840740.00000000,6449880.02379400,44972
2024-06-01,0.03394000,0.03399000,0.03354000,0.03370000,82723149.40000000,2789270.35003600,23753
2024-06-02,0.03370000,0.03403000,0.03316000,0.03331000,127746821.50000000,4290696.51806900,30018
2024-06-03,0.03330000,0.03458000,0.03311000,0.03369000,273958682.10000000,9317345.63924900,58427
2024-06-04,0.03368000,0.03451000,0.03324000,0.03428000,194316546.80000000,6599502.11026200,40913
2024-06-05,0.03429000,0.03578000,0.03425000,0.03555000,266331444.90000000,9353272.07783500,48865
2024-06-06,0.03556000,0.03662000,0.03501000,0.03578000,247955644.00000000,8859838.07567600,50477
2024-06-07,0.03578000,0.03647000,0.03006000,0.03285000,522362889.70000000,17511328.63271100,114267
2024-06-08,0.03284000,0.03292000,0.03113000,0.03161000,288405727.30000000,9232375.40681500,45118
2024-06-09,0.03161000,0.03224000,0.03115000,0.03191000,140788494.40000000,4463427.17623400,25069
2024-06-10,0.03192000,0.03193000,0.03073000,0.03108000,182093408.20000000,5707507.07213400,36589
2024-06-11,0.03108000,0.03111000,0.02899000,0.02983000,330003290.10000000,9885980.97816000,63449
2024-06-12,0.02983000,0.03210000,0.02911000,0.03131000,271155479.90000000,8397225.99032900,58419
2024-06-13,0.03131000,0.03134000,0.02938000,0.02959000,191499559.80000000,5782724.82180700,52482
2024-06-14,0.02959000,0.02996000,0.02780000,0.02854000,220951952.80000000,6379523.98261300,50413
2024-06-15,0.02853000,0.02915000,0.02819000,0.02863000,130563957.70000000,3755484.74375700,29279
2024-06-16,0.02863000,0.02975000,0.02825000,0.02950000,90818588.70000000,2628628.83185100,21667
2024-06-17,0.02951000,0.02973000,0.02660000,0.02738000,257276969.90000000,7169162.07524200,54897
2024-06-18,0.02737000,0.02746000,0.02381000,0.02552000,667247272.30000000,16844408.46121600,120256
2024-06-19,0.02551000,0.02680000,0.02522000,0.02604000,221969330.30000000,5794663.53881100,46504
2024-06-20,0.02604000,0.02759000,0.02589000,0.02673000,181286297.30000000,4869577.92636200,40365
2024-06-21,0.02673000,0.02710000,0.02603000,0.02614000,240684508.30000000,6384695.64674300,54732
2024-06-22,0.02614000,0.02628000,0.02567000,0.02570000,67686499.90000000,1758238.35693700,16551
2024-06-23,0.02571000,0.02609000,0.02488000,0.02503000,87806791.60000000,2242164.19244200,19897
2024-06-24,0.02503000,0.02537000,0.02381000,0.02531000,279448085.10000000,6880271.69688000,60435
2024-06-25,0.02532000,0.02682000,0.02526000,0.02642000,174189036.40000000,4554004.42173000,35115
2024-06-26,0.02642000,0.02673000,0.02574000,0.02595000,140594222.90000000,3686373.91795400,29988
2024-06-27,0.02596000,0.02675000,0.02560000,0.02669000,137578069.10000000,3598110.47121800,33124
2024-06-28,0.02669000,0.02750000,0.02578000,0.02665000,357389211.40000000,9450449.91906700,70655
2024-06-29,0.02665000,0.02731000,0.02591000,0.02594000,136442903.20000000,3633339.31821100,28320
2024-06-30,0.02596000,0.02685000,0.02558000,0.02678000,128741858.80000000,3368658.41722400,25980
2024-07-01,0.02679000,0.02730000,0.02613000,0.02680000,157287228.40000000,4216498.41857000,40003
2024-07-02,0.02678000,0.02689000,0.02615000,0.02650000,108189022.20000000,2867961.26282400,28103
2024-07-03,0.02650000,0.02670000,0.02478000,0.02490000,183883575.10000000,4687601.78401000,38256
2024-07-04,0.02490000,0.02504000,0.02252000,0.02270000,379740428.40000000,8972978.16838900,70252
2024-07-05,0.02270000,0.02397000,0.02016000,0.02352000,769678552.00000000,16880374.60470200,125163
2024-07-06,0.02351000,0.02492000,0.02310000,0.02430000,206409275.30000000,4964558.51236000,33389
2024-07-07,0.02432000,0.02438000,0.02248000,0.02265000,153650101.10000000,3625302.71425100,31383
2024-07-08,0.02265000,0.02483000,0.02161000,0.02464000,356877234.70000000,8422042.92406300,64361
2024-07-09,0.02465000,0.02606000,0.02451000,0.02558000,318920371.00000000,8119145.59876500,55142
2024-07-10,0.02557000,0.02628000,0.02522000,0.02616000,115998624.10000000,2987790.79893100,27527
2024-07-11,0.02616000,0.02779000,0.02585000,0.02654000,194942018.10000000,5244152.08210800,44026
2024-07-12,0.02654000,0.02718000,0.02575000,0.02718000,204077175.20000000,5391523.68469700,47882
2024-07-13,0.02718000,0.02952000,0.02689000,0.02931000,199306383.00000000,5650757.07582000,47674
2024-07-14,0.02931000,0.03200000,0.02850000,0.03120000,425904404.20000000,12800549.17238200,89858
2024-07-15,0.03119000,0.03386000,0.03092000,0.03226000,386514299.30000000,12432252.53264400,93631
2024-07-16,0.03225000,0.03274000,0.03106000,0.03165000,227824110.80000000,7243535.62644000,63327
2024-07-17,0.03165000,0.03283000,0.03097000,0.03111000,182949485.00000000,5831428.97798500,50699
2024-07-18,0.03112000,0.03190000,0.02988000,0.03036000,148587677.00000000,4587327.20774700,38796
2024-07-19,0.03036000,0.03174000,0.02961000,0.03133000,166866176.40000000,5147378.60591000,44199
2024-07-20,0.03133000,0.03146000,0.03043000,0.03057000,137035963.90000000,4252003.95689900,38342
2024-07-21,0.03057000,0.03107000,0.02905000,0.03078000,205704403.10000000,6217294.01908100,50260
2024-07-22,0.03078000,0.03093000,0.02925000,0.02938000,137616237.80000000,4133580.56517400,39794
2024-07-23,0.02937000,0.02984000,0.02833000,0.02880000,205731002.40000000,5990024.15713300,49342
2024-07-24,0.02880000,0.02949000,0.02753000,0.02769000,173600168.60000000,4973907.13036800,41507
2024-07-25,0.02768000,0.02779000,0.02640000,0.02734000,221004762.70000000,5978435.99739200,50712
2024-07-26,0.02732000,0.02855000,0.02731000,0.02851000,117128627.90000000,3270968.53026400,27308
2024-07-27,0.02851000,0.02887000,0.02746000,0.02814000,132951396.30000000,3763491.12075300,33579
2024-07-28,0.02815000,0.02818000,0.02712000,0.02737000,91653968.80000000,2528845.79545100,22210
2024-07-29,0.02738000,0.02877000,0.02709000,0.02715000,153228562.70000000,4278972.48895100,35738
2024-07-30,0.02716000,0.02751000,0.02618000,0.02659000,122487625.00000000,3305766.32073600,28057
2024-07-31,0.02659000,0.02754000,0.02608000,0.02625000,130182475.70000000,3500314.62071200,36471
2024-08-01,0.02625000,0.02657000,0.02485000,0.02638000,229144999.90000000,5907853.32462500,53825
2024-08-02,0.02639000,0.02649000,0.02428000,0.02449000,206224390.80000000,5187235.37556600,51987
2024-08-03,0.02448000,0.02510000,0.02297000,0.02369000,181146435.90000000,4333279.86821900,45864
2024-08-04,0.02369000,0.02397000,0.02180000,0.02237000,221252134.40000000,5035946.58295800,49668
2024-08-05,0.02238000,0.02259000,0.01890000,0.02155000,814812837.30000000,16800747.44227100,234398
2024-08-06,0.02156000,0.02315000,0.02152000,0.02269000,191715881.20000000,4313028.90169500,55955
2024-08-07,0.02269000,0.02332000,0.02174000,0.02199000,190605023.70000000,4287647.81850000,55176
2024-08-08,0.02200000,0.02420000,0.02163000,0.02408000,175081704.20000000,4064833.17020400,38662
2024-08-09,0.02408000,0.02420000,0.02308000,0.02349000,134201035.70000000,3158757.66197300,22095
2024-08-10,0.02350000,0.02391000,0.02316000,0.02374000,54306866.50000000,1280998.34759500,12732
2024-08-11,0.02376000,0.02437000,0.02235000,0.02242000,121828633.30000000,2845899.04381500,23137
2024-08-12,0.02241000,0.02360000,0.02220000,0.02327000,172915542.10000000,3966396.00231800,32559
2024-08-13,0.02326000,0.02368000,0.02268000,0.02361000,95271669.30000000,2210126.69846700,19343
2024-08-14,0.02362000,0.02366000,0.02262000,0.02281000,139619817.90000000,3229924.70189200,36039
2024-08-15,0.02281000,0.02316000,0.02177000,0.02194000,127120619.30000000,2855867.18585100,29094
2024-08-16,0.02193000,0.02234000,0.02138000,0.02197000,165658010.40000000,3635004.28548500,41431
2024-08-17,0.02197000,0.02245000,0.02176000,0.02245000,57474054.90000000,1273784.71452100,19060
2024-08-18,0.02245000,0.02285000,0.02215000,0.02223000,74716802.60000000,1681749.81107500,26047
2024-08-19,0.02223000,0.02297000,0.02214000,0.02291000,130071690.20000000,2936311.02271900,39126
2024-08-20,0.02291000,0.02400000,0.02279000,0.02325000,148942806.90000000,3493017.32685900,40431
2024-08-21,0.02325000,0.02435000,0.02293000,0.02410000,115570009.30000000,2733157.37342800,38875
2024-08-22,0.02411000,0.02444000,0.02371000,0.02413000,99376391.10000000,2397241.17532900,31053
2024-08-23,0.02414000,0.02606000,0.02411000,0.02582000,201064319.20000000,5062124.00424900,59578
2024-08-24,0.02582000,0.02638000,0.02540000,0.02596000,134033646.90000000,3473658.75610600,45075
2024-08-25,0.02595000,0.02610000,0.02487000,0.02504000,128642556.30000000,3270766.60538000,50650
2024-08-26,0.02505000,0.02532000,0.02375000,0.02389000,253301990.80000000,6227490.20027800,64743
2024-08-27,0.02389000,0.02456000,0.02230000,0.02288000,242721500.80000000,5742994.51090800,64202
2024-08-28,0.02288000,0.02358000,0.02215000,0.02268000,178525603.00000000,4070831.00703000,43381
2024-08-29,0.02268000,0.02333000,0.02203000,0.02234000,119195995.50000000,2701041.32746800,21958
2024-08-30,0.02233000,0.02259000,0.02141000,0.02235000,145869650.10000000,3226172.71293300,30618
2024-08-31,0.02235000,0.02243000,0.02164000,0.02182000,81480259.10000000,1786399.09679600,17478
2024-09-01,0.02183000,0.02189000,0.02067000,0.02088000,176000575.90000000,3734121.32492300,33809
2024-09-02,0.02088000,0.02183000,0.02060000,0.02178000,137836904.50000000,2921142.44828400,30109
2024-09-03,0.02177000,0.02225000,0.02077000,0.02078000,152031261.30000000,3264588.16166200,29996
2024-09-04,0.02083000,0.02189000,0.01984000,0.02142000,191574573.10000000,4000923.97258600,32330
2024-09-05,0.02142000,0.02151000,0.02047000,0.02064000,113482818.00000000,2368046.98707300,20930
2024-09-06,0.02062000,0.02115000,0.01938000,0.01998000,238178431.50000000,4814338.69682800,31805
2024-09-07,0.01998000,0.02050000,0.01995000,0.02019000,87591345.60000000,1772706.21985400,12754
2024-09-08,0.02020000,0.02096000,0.02005000,0.02073000,85235609.50000000,1747288.40381100,12714
2024-09-09,0.02074000,0.02193000,0.02056000,0.02160000,132850619.00000000,2826335.23810300,20076
2024-09-10,0.02160000,0.02220000,0.02140000,0.02193000,130755672.00000000,2854316.88484800,16852
2024-09-11,0.02193000,0.02196000,0.02082000,0.02164000,150750562.60000000,3237756.99879700,40382
2024-09-12,0.02164000,0.02235000,0.02141000,0.02233000,154294718.10000000,3376075.58172700,42506
2024-09-13,0.02233000,0.02283000,0.02194000,0.02273000,140298549.50000000,3146549.63530600,40457
2024-09-14,0.02273000,0.02282000,0.02209000,0.02230000,84451955.30000000,1897509.08350500,27809
2024-09-15,0.02230000,0.02247000,0.02114000,0.02142000,104844082.40000000,2294253.41600200,34438
2024-09-16,0.02139000,0.02180000,0.02072000,0.02093000,173250486.80000000,3667031.52032700,49642
2024-09-17,0.02092000,0.02165000,0.02072000,0.02120000,176220845.40000000,3742365.19809200,50583
2024-09-18,0.02120000,0.02194000,0.02089000,0.02192000,182715652.40000000,3900097.51648000,48935
2024-09-19,0.02192000,0.02300000,0.02191000,0.02268000,272475609.10000000,6102798.49204500,54383
2024-09-20,0.02268000,0.02440000,0.02245000,0.02389000,386522980.40000000,9148907.36544700,99038
2024-09-21,0.02388000,0.02435000,0.02354000,0.02426000,160424381.20000000,3846199.00200800,55249
2024-09-22,0.02427000,0.02429000,0.02308000,0.02374000,148747804.40000000,3509188.03224600,54730
2024-09-23,0.02375000,0.02429000,0.02319000,0.02400000,163387867.10000000,3913157.71837400,31776
2024-09-24,0.02401000,0.02496000,0.02373000,0.02476000,289391119.40000000,7083677.51687300,38543
2024-09-25,0.02476000,0.02554000,0.02434000,0.02458000,215256230.40000000,5378726.41466100,35398
2024-09-26,0.02458000,0.02568000,0.02419000,0.02552000,243051391.60000000,6114352.30607000,39752
2024-09-27,0.02550000,0.02698000,0.02547000,0.02662000,322895728.30000000,8535909.02053700,43794
2024-09-28,0.02663000,0.02702000,0.02551000,0.02580000,149268335.80000000,3893871.69579700,26753
2024-09-29,0.02580000,0.02608000,0.02521000,0.02576000,164358869.70000000,4211433.13266800,28759
2024-09-30,0.02576000,0.02584000,0.02408000,0.02430000,200872957.50000000,5027193.39213500,39733
2024-10-01,0.02429000,0.02513000,0.02212000,0.02268000,423748652.10000000,9990514.11878700,110873
2024-10-02,0.02267000,0.02332000,0.02201000,0.02235000,242555420.20000000,5506804.13065700,39936
2024-10-03,0.02234000,0.02283000,0.02151000,0.02213000,240381706.40000000,5301573.35996200,52060
2024-10-04,0.02213000,0.02293000,0.02190000,0.02282000,147847956.70000000,3325843.90320300,26429
2024-10-05,0.02282000,0.02304000,0.02227000,0.02264000,82291378.20000000,1869758.63665000,17190
2024-10-06,0.02265000,0.02334000,0.02252000,0.02326000,88030051.50000000,2023195.69928900,24353
2024-10-07,0.02327000,0.02425000,0.02200000,0.02291000,260187307.90000000,6124836.52526200,73952
2024-10-08,0.02291000,0.02330000,0.02227000,0.02241000,182108584.40000000,4139300.84687600,39805
2024-10-09,0.02241000,0.02274000,0.02170000,0.02200000,166234795.00000000,3697042.21886300,28153
2024-10-10,0.02200000,0.02217000,0.02132000,0.02198000,165992800.00000000,3611604.88116200,25679
2024-10-11,0.02196000,0.02278000,0.02194000,0.02261000,154057345.30000000,3449436.13161600,23358
2024-10-12,0.02261000,0.02301000,0.02259000,0.02269000,109084623.30000000,2488013.02316500,19107
2024-10-13,0.02269000,0.02276000,0.02185000,0.02232000,152049252.10000000,3395240.76985600,23140
2024-10-14,0.02233000,0.02350000,0.02205000,0.02331000,239174533.00000000,5493138.67273400,35162
2024-10-15,0.02331000,0.02394000,0.02242000,0.02348000,320929690.60000000,7469611.32754100,46471
2024-10-16,0.02350000,0.02370000,0.02287000,0.02310000,237391261.90000000,5514573.25630800,30720
2024-10-17,0.02310000,0.02329000,0.02216000,0.02250000,158695373.30000000,3595491.34435500,26577
2024-10-18,0.02249000,0.02337000,0.02232000,0.02317000,146254285.10000000,3353129.49152600,23339
2024-10-19,0.02318000,0.02364000,0.02299000,0.02323000,112949319.70000000,2633997.85716400,22113
2024-10-20,0.02323000,0.02447000,0.02293000,0.02440000,180200945.90000000,4269792.20158700,30286
2024-10-21,0.02441000,0.02476000,0.02329000,0.02345000,222044039.50000000,5315580.57776900,30812
2024-10-22,0.02346000,0.02382000,0.02313000,0.02339000,159810123.70000000,3739226.98448100,23908
2024-10-23,0.02339000,0.02344000,0.02198000,0.02251000,171050629.40000000,3875742.11168600,27453
2024-10-24,0.02250000,0.02333000,0.02220000,0.02322000,166796760.10000000,3794709.99286300,26789
2024-10-25,0.02322000,0.02331000,0.02085000,0.02158000,241374894.80000000,5373040.14020600,35371
2024-10-26,0.02157000,0.02188000,0.02117000,0.02185000,145345684.30000000,3132910.05749000,23173
2024-10-27,0.02185000,0.02246000,0.02172000,0.02207000,93589841.00000000,2059905.32822400,15690
2024-10-28,0.02207000,0.02218000,0.02122000,0.02191000,190033915.60000000,4133306.80632600,29845
2024-10-29,0.02192000,0.02282000,0.02186000,0.02267000,199036973.50000000,4463010.81103300,34753
2024-10-30,0.02266000,0.02272000,0.02198000,0.02223000,164993932.90000000,3691431.54744100,24923
2024-10-31,0.02224000,0.02233000,0.02090000,0.02116000,189157606.10000000,4077875.65992200,28699
2024-11-01,0.02115000,0.02130000,0.02050000,0.02069000,194354666.20000000,4062754.91747100,29137
2024-11-02,0.02068000,0.02090000,0.02014000,0.02038000,99888297.80000000,2049361.90868600,15515
2024-11-03,0.02039000,0.02043000,0.01919000,0.01976000,214002694.50000000,4222611.19714700,27199
2024-11-04,0.01976000,0.02005000,0.01907000,0.01939000,161746139.90000000,3169514.20929800,19722
2024-11-05,0.01939000,0.02035000,0.01927000,0.02013000,172141798.10000000,3404329.51461100,21060
2024-11-06,0.02012000,0.02199000,0.02011000,0.02176000,324660349.90000000,6947950.72351000,45757
2024-11-07,0.02177000,0.02238000,0.02142000,0.02174000,239557191.30000000,5237596.29820600,35507
2024-11-08,0.02175000,0.02258000,0.02148000,0.02232000,254741697.00000000,5609456.93627700,34275
2024-11-09,0.02231000,0.02325000,0.02191000,0.02315000,249171649.90000000,5607090.45259300,33557
2024-11-10,0.02316000,0.02656000,0.02267000,0.02531000,993186283.00000000,25075709.02385600,135452
2024-11-11,0.02532000,0.02845000,0.02483000,0.02844000,928155295.30000000,24625219.36129500,118014
2024-11-12,0.02843000,0.02985000,0.02559000,0.02702000,1166158230.70000000,32006898.52926700,164401
2024-11-13,0.02703000,0.02744000,0.02462000,0.02587000,738341267.70000000,19125690.73272600,102391
2024-11-14,0.02587000,0.02726000,0.02396000,0.02426000,619734881.10000000,15828594.45807300,85530
2024-11-15,0.02426000,0.02637000,0.02360000,0.02635000,465637728.50000000,11611513.08719700,63177
2024-11-16,0.02635000,0.03254000,0.02625000,0.03151000,1358642299.30000000,39796037.19286400,187152
2024-11-17,0.03151000,0.03314000,0.02810000,0.02866000,699453966.90000000,20849722.35244600,98263
2024-11-18,0.02867000,0.03409000,0.02850000,0.03240000,1231099194.50000000,39346383.29154200,177979
2024-11-19,0.03240000,0.03470000,0.03134000,0.03364000,992207379.40000000,32872570.02342300,158205
2024-11-20,0.03363000,0.03450000,0.03087000,0.03150000,598053509.60000000,19335790.44082700,81727
2024-11-21,0.03151000,0.03398000,0.03067000,0.03214000,837749866.70000000,26963386.40242200,113969
2024-11-22,0.03214000,0.03597000,0.03143000,0.03559000,1141888493.80000000,38027999.55108400,155028
2024-11-23,0.03560000,0.04747000,0.03532000,0.04258000,3735170971.70000000,158477836.65056000,767523
2024-11-24,0.04257000,0.04549000,0.03897000,0.04533000,1451132716.10000000,61500337.44737200,282032
2024-11-25,0.04535000,0.04539000,0.03996000,0.04047000,870034883.90000000,36872767.92026700,169823
2024-11-26,0.04047000,0.04214000,0.03750000,0.04146000,900743782.10000000,36089705.21884200,151968
2024-11-27,0.04145000,0.04395000,0.03989000,0.04307000,755730446.70000000,31835311.20026800,119366
2024-11-28,0.04306000,0.04308000,0.04033000,0.04179000,453878776.90000000,18836772.67603900,71278
2024-11-29,0.04178000,0.04550000,0.04137000,0.04537000,643963518.80000000,28058628.97134400,101470
2024-11-30,0.04538000,0.04832000,0.04359000,0.04590000,896717162.10000000,40954705.49239000,157071
2024-12-01,0.04590000,0.04700000,0.04389000,0.04609000,769608193.90000000,35050619.34482800,132760
2024-12-02,0.04610000,0.05823000,0.04587000,0.05764000,3253455103.00000000,166099524.49672600,616864
2024-12-03,0.05765000,0.08000000,0.05565000,0.07790000,5902041198.60000000,388545182.27098600,1688013
2024-12-04,0.07781000,0.07790000,0.06543000,0.06793000,2452088715.30000000,172099515.13735700,586035
2024-12-05,0.06795000,0.07401000,0.06227000,0.06508000,2045072661.80000000,141810882.54344100,525514
2024-12-06,0.06508000,0.06878000,0.06202000,0.06733000,1254339087.60000000,81885111.76603000,295926
2024-12-07,0.06733000,0.07140000,0.06611000,0.06666000,910232004.20000000,61888743.96884100,263943
2024-12-08,0.06666000,0.07032000,0.06502000,0.06794000,686403376.00000000,46298833.57253100,198571
2024-12-09,0.06794000,0.06866000,0.05040000,0.05635000,1816544086.00000000,108173130.27532400,468064
2024-12-10,0.05634000,0.05952000,0.05090000,0.05569000,1844492589.60000000,101987012.83496700,445243
2024-12-11,0.05568000,0.06044000,0.05268000,0.05935000,1224921131.80000000,69601062.86172500,247665
2024-12-12,0.05938000,0.06412000,0.05815000,0.05993000,1252263010.80000000,76940808.13601800,272264
2024-12-13,0.05994000,0.06092000,0.05716000,0.06004000,862796880.50000000,51041811.48209300,201382
2024-12-14,0.06002000,0.06069000,0.05551000,0.05706000,559443531.40000000,32369734.63225100,130166
2024-12-15,0.05707000,0.05920000,0.05501000,0.05877000,611000143.70000000,34924609.58940800,148977
2024-12-16,0.05878000,0.05957000,0.05377000,0.05546000,780640674.10000000,44058073.86516000,189993
2024-12-17,0.05545000,0.06099000,0.05407000,0.05677000,1150598373.20000000,66069065.88433000,269858
2024-12-18,0.05678000,0.05727000,0.04910000,0.05032000,1185733880.30000000,63501073.25521100,288439
2024-12-19,0.05033000,0.05239000,0.04380000,0.04496000,1500946300.20000000,72228549.43241900,337573
2024-12-20,0.04497000,0.04862000,0.03835000,0.04810000,1812265601.70000000,78921107.27701600,327427
2024-12-21,0.04809000,0.05096000,0.04449000,0.04516000,725345279.90000000,34253672.55714100,160953
2024-12-22,0.04517000,0.04755000,0.04407000,0.04591000,708542790.10000000,32406333.37770000,140363
2024-12-23,0.04591000,0.04983000,0.04425000,0.04878000,746055028.30000000,34798810.43887900,164513
2024-12-24,0.04876000,0.05430000,0.04676000,0.05291000,830373790.90000000,42395005.49265700,179090
2024-12-25,0.05290000,0.05379000,0.05072000,0.05133000,520822206.50000000,27126686.26773200,123666
2024-12-26,0.05133000,0.05194000,0.04611000,0.04669000,512139280.70000000,24670366.28956700,113501
2024-12-27,0.04670000,0.04877000,0.04537000,0.04576000,524479167.50000000,24665015.26372500,111039
2024-12-28,0.04577000,0.04833000,0.04523000,0.04760000,331628391.00000000,15357635.79743900,63453
2024-12-29,0.04761000,0.04808000,0.04467000,0.04511000,301828061.40000000,13975333.72030900,62619
2024-12-30,0.04511000,0.04664000,0.04252000,0.04390000,453211739.40000000,20110578.05915700,96948
2024-12-31,0.04390000,0.04555000,0.04236000,0.04314000,413951695.70000000,18093034.78882500,91303
2025-01-01,0.04315000,0.04739000,0.04223000,0.04665000,467705114.00000000,21081378.63203100,97027
2025-01-02,0.04665000,0.04930000,0.04663000,0.04831000,562469334.10000000,27009721.42375400,130857
2025-01-03,0.04832000,0.05325000,0.04766000,0.05271000,691412758.20000000,34977949.23348800,154806
2025-01-04,0.05270000,0.05317000,0.05012000,0.05095000,419180204.80000000,21542160.59895100,98991
2025-01-05,0.05096000,0.05184000,0.04937000,0.05102000,387643023.90000000,19594521.06553800,87837
2025-01-06,0.05102000,0.05436000,0.04965000,0.05273000,495462625.40000000,25903743.56579500,120844
2025-01-07,0.05272000,0.05275000,0.04672000,0.04680000,672725046.30000000,33246662.26948700,170943
2025-01-08,0.04681000,0.04774000,0.04270000,0.04496000,587306778.70000000,26552228.26452800,131942
2025-01-09,0.04494000,0.04613000,0.04314000,0.04447000,485571465.30000000,21752308.83043300,121454
2025-01-10,0.04448000,0.04678000,0.04378000,0.04522000,498471070.30000000,22534876.46792000,117334
2025-01-11,0.04522000,0.04653000,0.04384000,0.04529000,320268657.90000000,14353086.70467700,85900
2025-01-12,0.04528000,0.04594000,0.04383000,0.04466000,286407766.30000000,12864063.96704200,67259
2025-01-13,0.04467000,0.04698000,0.04017000,0.04319000,662276684.50000000,28223958.59534000,151266
2025-01-14,0.04320000,0.04540000,0.04277000,0.04518000,406035056.80000000,17997501.50371000,105595
2025-01-15,0.04520000,0.04915000,0.04456000,0.04900000,657098233.70000000,30631011.91553900,179238
2025-01-16,0.04901000,0.05281000,0.04717000,0.05118000,894955920.30000000,44720252.30328200,233898
2025-01-17,0.05118000,0.05789000,0.05118000,0.05610000,1121342853.00000000,62046090.18398300,305002
2025-01-18,0.05611000,0.05675000,0.05038000,0.05165000,764252860.30000000,40116269.75826200,190850
2025-01-19,0.05166000,0.05435000,0.04440000,0.04535000,1254630892.80000000,61587526.46455900,349385
2025-01-20,0.04537000,0.05169000,0.04384000,0.04606000,1148372967.30000000,54492218.20955900,381783
2025-01-21,0.04606000,0.05318000,0.04388000,0.04917000,1853195936.10000000,90369711.84997800,503045
2025-01-22,0.04917000,0.05319000,0.04752000,0.04780000,1063296883.80000000,52987050.34259800,468056
2025-01-23,0.04780000,0.05055000,0.04650000,0.04896000,762194744.10000000,36748895.33251400,383050
2025-01-24,0.04896000,0.04997000,0.04664000,0.04770000,512395366.90000000,24930674.61097200,282211
2025-01-25,0.04769000,0.04894000,0.04706000,0.04761000,444610184.90000000,21383880.36503900,191958
2025-01-26,0.04762000,0.04857000,0.04517000,0.04522000,465629440.20000000,22067125.02069100,180124
2025-01-27,0.04522000,0.04552000,0.04156000,0.04471000,769068175.40000000,33497441.25942400,345683
2025-01-28,0.04470000,0.04576000,0.04187000,0.04236000,458842731.70000000,20369520.85131500,173766
2025-01-29,0.04237000,0.04507000,0.04150000,0.04329000,539539825.50000000,23283559.74812700,235542
2025-01-30,0.04330000,0.04817000,0.04289000,0.04641000,587953084.60000000,27155680.24787700,234450
2025-01-31,0.04642000,0.04894000,0.04518000,0.04669000,639648375.50000000,29981454.42261700,254990
2025-02-01,0.04669000,0.04847000,0.04315000,0.04341000,596767512.70000000,27613708.05449300,252331
2025-02-02,0.04342000,0.04441000,0.03560000,0.03773000,1202265919.60000000,48288281.23282300,459218
2025-02-03,0.03774000,0.03967000,0.02706000,0.03904000,2497886887.20000000,84221668.64838200,617853
2025-02-04,0.03903000,0.04007000,0.03466000,0.03597000,968267099.70000000,35433857.46407700,407963
2025-02-05,0.03598000,0.03657000,0.03410000,0.03454000,570168193.40000000,20250052.71811100,231398
2025-02-06,0.03454000,0.03589000,0.03221000,0.03265000,525021433.70000000,17815135.80607500,217913
2025-02-07,0.03265000,0.03536000,0.03154000,0.03244000,580830073.50000000,19334884.36649300,246472
2025-02-08,0.03243000,0.03324000,0.03187000,0.03299000,417623916.10000000,13596392.48514700,162577
2025-02-09,0.03298000,0.03388000,0.03045000,0.03190000,444672461.80000000,14462974.05374700,164211
2025-02-10,0.03191000,0.03396000,0.03087000,0.03368000,459048634.50000000,15084192.43162900,157505
2025-02-11,0.03368000,0.03572000,0.03275000,0.03318000,455919688.00000000,15638673.85759600,143082
2025-02-12,0.03317000,0.03596000,0.03184000,0.03546000,540433964.30000000,18074869.73655300,162271
2025-02-13,0.03547000,0.03594000,0.03364000,0.03443000,401633098.60000000,13859569.57086100,110610
2025-02-14,0.03443000,0.03648000,0.03421000,0.03524000,397511638.90000000,13991554.99611200,113098
2025-02-15,0.03525000,0.03581000,0.03370000,0.03404000,236069173.90000000,8176462.64788900,68230
2025-02-16,0.03403000,0.03421000,0.03290000,0.03310000,228090737.40000000,7634109.82006300,63500
2025-02-17,0.03310000,0.03449000,0.03221000,0.03290000,327213164.60000000,10885864.45992000,94163
2025-02-18,0.03290000,0.03328000,0.03049000,0.03167000,355378708.40000000,11282193.81475700,106804
2025-02-19,0.03167000,0.03249000,0.03107000,0.03181000,259850019.80000000,8262758.07770100,79430
2025-02-20,0.03181000,0.03309000,0.03166000,0.03279000,267235339.70000000,8654508.79784200,86993
2025-02-21,0.03278000,0.03428000,0.03059000,0.03116000,466264431.00000000,15235945.53837700,138136
2025-02-22,0.03117000,0.03274000,0.03097000,0.03245000,216417275.40000000,6911258.08953200,75007
2025-02-23,0.03245000,0.03261000,0.03151000,0.03220000,227020613.80000000,7269884.90804200,69261
2025-02-24,0.03221000,0.03253000,0.02778000,0.02807000,486528701.70000000,14533721.03092200,136538
2025-02-25,0.02806000,0.02919000,0.02585000,0.02867000,837615254.90000000,22960112.17065700,229277
2025-02-26,0.02868000,0.02924000,0.02706000,0.02800000,470418442.90000000,13309496.58396000,128442
2025-02-27,0.02801000,0.02938000,0.02738000,0.02819000,352825044.40000000,10070339.11850300,94543
2025-02-28,0.02820000,0.02850000,0.02546000,0.02804000,607385461.30000000,16337167.42622800,165313
2025-03-01,0.02803000,0.02890000,0.02722000,0.02846000,332690988.30000000,9326987.39817600,86937
2025-03-02,0.02847000,0.03303000,0.02786000,0.03217000,869330448.60000000,26657293.77480100,266170
2025-03-03,0.03217000,0.03349000,0.02669000,0.02694000,884721351.20000000,26333142.40267100,233841
2025-03-04,0.02694000,0.02760000,0.02463000,0.02715000,863209225.30000000,22584001.49473900,219055
2025-03-05,0.02714000,0.02942000,0.02695000,0.02893000,501509650.30000000,14236495.86962600,108438
2025-03-06,0.02894000,0.02980000,0.02745000,0.02800000,345825006.90000000,9926382.59618800,96858
2025-03-07,0.02800000,0.03026000,0.02646000,0.02783000,699714732.00000000,20044982.16019100,176437
2025-03-08,0.02782000,0.02819000,0.02697000,0.02714000,339494376.30000000,9364021.21685700,74585
2025-03-09,0.02714000,0.02742000,0.02441000,0.02469000,497736508.60000000,12832096.81249000,91519
2025-03-10,0.02470000,0.02601000,0.02243000,0.02262000,718547484.30000000,17334650.36152000,132703
2025-03-11,0.02263000,0.02465000,0.02124000,0.02396000,758036908.90000000,17540159.40799200,134471
2025-03-12,0.02395000,0.02517000,0.02305000,0.02434000,547677028.10000000,13218472.66879200,92121
2025-03-13,0.02433000,0.02470000,0.02294000,0.02376000,470202820.00000000,11202088.23040400,92375
2025-03-14,0.02376000,0.02511000,0.02367000,0.02469000,331561087.60000000,8061364.36739900,62318
2025-03-15,0.02469000,0.02552000,0.02453000,0.02533000,299510172.90000000,7515899.85433400,56018
2025-03-16,0.02533000,0.02535000,0.02389000,0.02424000,356528576.80000000,8785518.27024000,62653
2025-03-17,0.02424000,0.02589000,0.02424000,0.02532000,381029415.90000000,9578023.64403300,69128
2025-03-18,0.02532000,0.02532000,0.02400000,0.02529000,366954716.40000000,9004611.76347700,65755
2025-03-19,0.02528000,0.02716000,0.02528000,0.02716000,630224543.70000000,16489961.61865000,110146
2025-03-20,0.02715000,0.02725000,0.02558000,0.02611000,339671934.70000000,8950302.03056800,57591
2025-03-21,0.02611000,0.02638000,0.02511000,0.02519000,317397732.40000000,8142286.87000500,57892
2025-03-22,0.02519000,0.02595000,0.02494000,0.02531000,253740376.70000000,6463536.97186900,45352
2025-03-23,0.02532000,0.02558000,0.02473000,0.02510000,186190542.40000000,4686345.09799000,34949
2025-03-24,0.02509000,0.02694000,0.02476000,0.02629000,490137955.80000000,12856353.78762500,70842
2025-03-25,0.02629000,0.02699000,0.02586000,0.02666000,377095800.10000000,9978293.95604400,59424
2025-03-26,0.02666000,0.02760000,0.02601000,0.02636000,370661564.90000000,9920198.37486700,58631
2025-03-27,0.02636000,0.02678000,0.02561000,0.02618000,285271994.30000000,7479221.37525700,52166
2025-03-28,0.02617000,0.02633000,0.02378000,0.02413000,502523877.50000000,12398796.36884900,79459
2025-03-29,0.02413000,0.02422000,0.02238000,0.02281000,340047721.60000000,7879556.28563800,51593
2025-03-30,0.02282000,0.02345000,0.02236000,0.02274000,303042401.90000000,6958543.25280200,44455
2025-03-31,0.02276000,0.02301000,0.02194000,0.02243000,503726156.90000000,11336573.63268900,77139
2025-04-01,0.02245000,0.02376000,0.02231000,0.02342000,442039096.40000000,10247754.85929700,72786
2025-04-02,0.02343000,0.02399000,0.02129000,0.02159000,593726459.60000000,13503664.05022400,96023
2025-04-03,0.02159000,0.02233000,0.02073000,0.02174000,443726511.40000000,9554252.45619200,68980
2025-04-04,0.02175000,0.02252000,0.02129000,0.02208000,296863086.50000000,6507431.14465100,57912
2025-04-05,0.02208000,0.02227000,0.02148000,0.02178000,191309252.50000000,4179571.96442600,37576
2025-04-06,0.02179000,0.02206000,0.01927000,0.01973000,445550638.20000000,9152967.41021400,66050
2025-04-07,0.01974000,0.02097000,0.01771000,0.02027000,1109045987.60000000,21556039.93316500,178174
2025-04-08,0.02028000,0.02126000,0.01953000,0.01974000,505049825.80000000,10266206.54539400,83653
2025-04-09,0.01975000,0.02278000,0.01899000,0.02218000,768999990.30000000,16140424.18580700,124661
2025-04-10,0.02217000,0.02227000,0.02065000,0.02121000,398822247.00000000,8543844.55480000,73735
2025-04-11,0.02121000,0.02244000,0.02117000,0.02210000,431072553.70000000,9431903.61883400,66638
2025-04-12,0.02208000,0.02351000,0.02186000,0.02342000,403282398.60000000,9197424.68709100,75560
2025-04-13,0.02342000,0.02421000,0.02239000,0.02272000,476685702.80000000,11067899.91974500,115342
2025-04-14,0.02272000,0.02473000,0.02235000,0.02339000,758557987.70000000,17822446.97090000,189779
2025-04-15,0.02339000,0.02431000,0.02241000,0.02256000,501529418.70000000,11703295.95979600,120321
2025-04-16,0.02256000,0.02282000,0.02175000,0.02212000,388128919.80000000,8678218.17005000,105833
2025-04-17,0.02212000,0.02315000,0.02199000,0.02277000,226450802.60000000,5135192.92615700,61059
2025-04-18,0.02277000,0.02355000,0.02248000,0.02318000,207196717.40000000,4779044.99088800,54622
2025-04-19,0.02318000,0.02365000,0.02310000,0.02352000,164749485.70000000,3851001.06756400,50536
2025-04-20,0.02353000,0.02392000,0.02292000,0.02363000,189682179.70000000,4450805.47372500,55598
2025-04-21,0.02363000,0.02465000,0.02339000,0.02350000,308462377.10000000,7430528.80180200,88652
2025-04-22,0.02350000,0.02553000,0.02308000,0.02547000,352943239.20000000,8583072.11321000,100376
2025-04-23,0.02548000,0.02650000,0.02524000,0.02610000,406197442.90000000,10561025.76272600,135953
2025-04-24,0.02610000,0.02698000,0.02483000,0.02671000,396377607.60000000,10292598.72809200,117900
2025-04-25,0.02671000,0.02732000,0.02636000,0.02701000,355612938.20000000,9576851.63469400,119488
2025-04-26,0.02702000,0.02796000,0.02668000,0.02721000,327303734.20000000,8959630.15277700,130673
2025-04-27,0.02721000,0.02773000,0.02624000,0.02643000,319344546.90000000,8565592.73026200,122997
2025-04-28,0.02644000,0.02799000,0.02569000,0.02733000,366224692.50000000,9894639.54768200,135624
2025-04-29,0.02734000,0.02840000,0.02645000,0.02674000,395808374.90000000,10949715.92113900,139098
2025-04-30,0.02673000,0.02713000,0.02553000,0.02623000,212661818.90000000,5622788.33487700,79471
2025-05-01,0.02623000,0.02750000,0.02621000,0.02720000,193017127.50000000,5205128.55494900,68366
2025-05-02,0.02719000,0.02788000,0.02685000,0.02742000,203622149.90000000,5567994.61501600,78735
2025-05-03,0.02743000,0.02752000,0.02576000,0.02608000,156525517.10000000,4137523.66234700,50784
2025-05-04,0.02609000,0.02628000,0.02486000,0.02502000,160880819.70000000,4111974.78412000,58708
2025-05-05,0.02503000,0.02563000,0.02454000,0.02503000,179725863.10000000,4509525.75076500,62258
2025-05-06,0.02503000,0.02524000,0.02389000,0.02487000,309063109.10000000,7569275.32381900,84530
2025-05-07,0.02488000,0.02547000,0.02429000,0.02487000,312487625.90000000,7783999.26401700,78851
2025-05-08,0.02487000,0.02871000,0.02479000,0.02869000,430835251.70000000,11564434.85933200,150003
2025-05-09,0.02868000,0.03030000,0.02849000,0.03002000,565697244.30000000,16620827.10200700,223390
2025-05-10,0.03002000,0.03231000,0.02971000,0.03227000,437083275.50000000,13466144.74221200,161592
2025-05-11,0.03226000,0.03254000,0.03010000,0.03120000,359062662.70000000,11216088.09131900,156430
2025-05-12,0.03120000,0.03398000,0.02991000,0.03089000,728630249.70000000,23381367.29895300,311594
2025-05-13,0.03088000,0.03244000,0.02925000,0.03189000,450482962.90000000,13790104.54578700,165979
2025-05-14,0.03190000,0.03301000,0.03007000,0.03031000,380288174.70000000,11978096.41164000,180337
2025-05-15,0.03032000,0.03083000,0.02798000,0.02880000,410703976.80000000,11938805.15799400,181306
2025-05-16,0.02881000,0.02994000,0.02829000,0.02853000,239999976.00000000,7028651.18935400,116815
2025-05-17,0.02853000,0.02865000,0.02723000,0.02769000,225840305.00000000,6287236.96448100,99694
2025-05-18,0.02769000,0.02949000,0.02712000,0.02903000,283038795.30000000,8017718.15299300,108903
2025-05-19,0.02904000,0.02919000,0.02673000,0.02804000,243748862.30000000,6731797.75994300,111847
2025-05-20,0.02804000,0.02895000,0.02724000,0.02850000,259476131.70000000,7247870.86490000,106190
2025-05-21,0.02851000,0.02969000,0.02793000,0.02915000,334331091.40000000,9577269.06336400,156679
2025-05-22,0.02915000,0.03069000,0.02912000,0.03066000,283840472.20000000,8548670.35249900,111239
2025-05-23,0.03067000,0.03139000,0.02778000,0.02796000,537942719.70000000,15947047.97769100,199510
2025-05-24,0.02797000,0.02839000,0.02725000,0.02745000,227317535.20000000,6352160.98564900,86878
2025-05-25,0.02746000,0.02757000,0.02615000,0.02737000,246644794.80000000,6617160.52122700,85600
2025-05-26,0.02738000,0.02824000,0.02719000,0.02747000,241201374.50000000,6684365.26057200,73196
2025-05-27,0.02747000,0.02864000,0.02677000,0.02758000,251645324.00000000,7021279.31512100,88536
2025-05-28,0.02758000,0.02819000,0.02638000,0.02719000,266071042.40000000,7276529.36197400,93504
2025-05-29,0.02721000,0.02768000,0.02591000,0.02600000,310521751.60000000,8311549.59218600,77535
2025-05-30,0.02599000,0.02616000,0.02370000,0.02393000,469191651.50000000,11658315.24551700,126989
2025-05-31,0.02393000,0.02447000,0.02310000,0.02415000,289729496.80000000,6883666.10799000,75689
2025-06-01,0.02416000,0.02443000,0.02356000,0.02432000,162663617.60000000,3909886.76286900,45845
2025-06-02,0.02433000,0.02487000,0.02380000,0.02484000,177710858.20000000,4297813.98545900,25701
2025-06-03,0.02483000,0.02545000,0.02444000,0.02465000,212401524.20000000,5293066.88115800,25634
2025-06-04,0.02464000,0.02510000,0.02357000,0.02373000,175091406.00000000,4275505.46900200,21713
2025-06-05,0.02374000,0.02436000,0.02225000,0.02261000,377125480.60000000,8807676.36224900,46266
2025-06-06,0.02261000,0.02399000,0.02253000,0.02350000,253675015.70000000,5906562.07156200,35309
2025-06-07,0.02351000,0.02449000,0.02343000,0.02409000,159658392.40000000,3854307.58816000,22315
2025-06-08,0.02409000,0.02452000,0.02372000,0.02410000,179906944.80000000,4346541.19793100,22429
2025-06-09,0.02410000,0.02525000,0.02360000,0.02520000,241596360.90000000,5854010.28717000,32845
2025-06-10,0.02520000,0.02627000,0.02472000,0.02626000,389579100.30000000,9917375.27452800,48478
2025-06-11,0.02627000,0.02630000,0.02467000,0.02498000,321477179.30000000,8232649.83917300,52979
2025-06-12,0.02498000,0.02506000,0.02332000,0.02342000,254089414.10000000,6159196.18431000,40530
2025-06-13,0.02341000,0.02342000,0.02180000,0.02260000,449599101.30000000,10031823.63666200,68699
2025-06-14,0.02260000,0.02262000,0.02164000,0.02206000,132838960.10000000,2942735.20675700,21675
2025-06-15,0.02206000,0.02248000,0.02185000,0.02226000,129454002.00000000,2869702.40963800,17980
2025-06-16,0.02226000,0.02329000,0.02200000,0.02221000,183643358.40000000,4179783.82958900,24203
2025-06-17,0.02221000,0.02261000,0.02106000,0.02143000,226841839.30000000,4959140.39144500,29997
2025-06-18,0.02144000,0.02197000,0.02087000,0.02180000,162624598.20000000,3486817.63895400,27343
2025-06-19,0.02180000,0.02200000,0.02124000,0.02171000,139468806.40000000,3016663.53518300,23568
2025-06-20,0.02170000,0.02208000,0.02053000,0.02084000,241027777.10000000,5151724.11325600,29341
2025-06-21,0.02085000,0.02129000,0.01942000,0.02001000,230052596.20000000,4682902.31108200,25264
2025-06-22,0.02003000,0.02019000,0.01820000,0.01930000,330209041.00000000,6336615.96406000,43039
2025-06-23,0.01930000,0.02152000,0.01913000,0.02146000,346782425.30000000,6954106.80705900,43341
2025-06-24,0.02146000,0.02199000,0.02121000,0.02158000,286537112.80000000,6180843.04777200,33427
2025-06-25,0.02158000,0.02167000,0.02091000,0.02102000,181100941.90000000,3859591.73587400,22715
2025-06-26,0.02103000,0.02160000,0.02032000,0.02035000,239922919.30000000,4991888.94910000,26988
2025-06-27,0.02035000,0.02068000,0.02007000,0.02044000,191501385.70000000,3896452.68071300,28390
2025-06-28,0.02045000,0.02141000,0.02033000,0.02122000,150934192.30000000,3131786.13671600,16958
2025-06-29,0.02123000,0.02200000,0.02076000,0.02179000,148210267.90000000,3152960.73016000,19280
2025-06-30,0.02180000,0.02186000,0.02082000,0.02124000,192778726.50000000,4097203.52431600,24064
2025-07-01,0.02124000,0.02137000,0.02006000,0.02031000,203953729.80000000,4206863.16142100,26730
2025-07-02,0.02030000,0.02222000,0.02006000,0.02182000,237161663.40000000,5031475.93721300,39357
2025-07-03,0.02181000,0.02247000,0.02168000,0.02197000,208795071.80000000,4612355.68578400,30973
2025-07-04,0.02198000,0.02214000,0.02061000,0.02080000,167527935.20000000,3553734.72386700,24639
2025-07-05,0.02081000,0.02104000,0.02040000,0.02071000,115132009.00000000,2388737.67174300,17504
2025-07-06,0.02071000,0.02119000,0.02033000,0.02086000,154393449.00000000,3197277.52904500,22077
2025-07-07,0.02086000,0.02114000,0.02018000,0.02043000,190490047.80000000,3933878.70876500,27291
2025-07-08,0.02042000,0.02095000,0.02016000,0.02090000,171374796.90000000,3520697.49079400,26135
2025-07-09,0.02091000,0.02254000,0.02071000,0.02241000,298685416.90000000,6459986.10999300,38472
2025-07-10,0.02240000,0.02425000,0.02218000,0.02405000,364627333.80000000,8377245.20432800,58839
2025-07-11,0.02406000,0.02553000,0.02366000,0.02402000,598854145.50000000,14811027.76885500,97293
2025-07-12,0.02402000,0.02466000,0.02307000,0.02363000,296392303.30000000,7089376.85323400,60335
2025-07-13,0.02364000,0.02525000,0.02353000,0.02465000,374919738.50000000,9177150.97107500,66676
2025-07-14,0.02465000,0.02577000,0.02397000,0.02432000,424486770.90000000,10623421.91304400,73715
2025-07-15,0.02431000,0.02520000,0.02342000,0.02520000,437962019.10000000,10626387.29543300,74149
2025-07-16,0.02520000,0.02625000,0.02470000,0.02557000,476524862.10000000,12069979.61748900,57733
2025-07-17,0.02556000,0.02677000,0.02484000,0.02641000,494770784.20000000,12734013.95181200,69073
2025-07-18,0.02641000,0.02919000,0.02615000,0.02705000,896214999.90000000,24879958.62700800,113304
2025-07-19,0.02706000,0.02802000,0.02633000,0.02782000,357924826.20000000,9760269.02546900,53060
2025-07-20,0.02782000,0.02942000,0.02758000,0.02837000,497297339.00000000,14182896.20545100,71616
2025-07-21,0.02837000,0.02955000,0.02786000,0.02836000,454651011.80000000,13030291.56447300,62791
2025-07-22,0.02836000,0.02850000,0.02686000,0.02811000,502444825.90000000,13846284.09443500,64939
2025-07-23,0.02810000,0.02810000,0.02452000,0.02535000,621070811.50000000,16233054.01816000,94410
2025-07-24,0.02536000,0.02594000,0.02361000,0.02478000,498356474.40000000,12432307.37285700,73674
2025-07-25,0.02479000,0.02579000,0.02407000,0.02577000,350184669.80000000,8743818.20263600,56011
2025-07-26,0.02576000,0.02625000,0.02544000,0.02579000,249603485.50000000,6451590.89128000,33223
2025-07-27,0.02579000,0.02646000,0.02555000,0.02633000,246642261.00000000,6407545.30194500,33308
2025-07-28,0.02634000,0.02668000,0.02452000,0.02473000,437300801.00000000,11173120.94558000,58918
2025-07-29,0.02473000,0.02559000,0.02430000,0.02525000,579599583.60000000,14486997.79329000,107131
2025-07-30,0.02525000,0.02544000,0.02330000,0.02448000,501886088.80000000,12246187.54158700,77600
2025-07-31,0.02449000,0.02499000,0.02300000,0.02308000,453870451.40000000,10944643.21206300,72991
2025-08-01,0.02309000,0.02349000,0.02213000,0.02264000,665549956.00000000,15226380.01370200,104404
2025-08-02,0.02263000,0.02314000,0.02170000,0.02220000,329455804.80000000,7389829.02147900,44135
2025-08-03,0.02220000,0.02336000,0.02189000,0.02304000,223949291.70000000,5124896.63164000,29802
2025-08-04,0.02304000,0.02400000,0.02282000,0.02370000,290055370.60000000,6783541.24131500,36309
2025-08-05,0.02371000,0.02378000,0.02248000,0.02297000,263150211.30000000,6074414.71733500,34661
2025-08-06,0.02297000,0.02358000,0.02247000,0.02349000,237523156.30000000,5495837.27598400,27516
2025-08-07,0.02348000,0.02448000,0.02317000,0.02444000,315540387.80000000,7531087.18417800,41489
2025-08-08,0.02444000,0.02472000,0.02387000,0.02457000,357044926.70000000,8712041.62834000,46897
2025-08-09,0.02458000,0.02550000,0.02454000,0.02518000,320097768.90000000,8034432.23007900,45431
2025-08-10,0.02518000,0.02557000,0.02458000,0.02514000,370959401.70000000,9318093.08874200,57399
2025-08-11,0.02514000,0.02595000,0.02409000,0.02470000,565150671.40000000,14047700.90093200,84400
2025-08-12,0.02470000,0.02592000,0.02394000,0.02570000,385509942.90000000,9651198.50152800,57596
2025-08-13,0.02570000,0.02666000,0.02533000,0.02651000,483661912.70000000,12614087.12689300,63183
2025-08-14,0.02653000,0.02697000,0.02412000,0.02463000,738434578.60000000,18786442.55760700,103477
2025-08-15,0.02463000,0.02519000,0.02377000,0.02433000,380869148.50000000,9322760.93754000,56926
2025-08-16,0.02434000,0.02486000,0.02423000,0.02464000,190837764.60000000,4692575.43175200,30594
2025-08-17,0.02464000,0.02570000,0.02445000,0.02476000,284884458.90000000,7142747.93043400,43304
2025-08-18,0.02476000,0.02480000,0.02332000,0.02385000,429053986.20000000,10211223.64061200,57406
2025-08-19,0.02385000,0.02412000,0.02292000,0.02296000,408905178.50000000,9586801.27376100,75239
2025-08-20,0.02296000,0.02402000,0.02283000,0.02388000,320946050.30000000,7504729.16592900,48238
2025-08-21,0.02387000,0.02441000,0.02353000,0.02364000,291838407.10000000,7001425.48465200,38884
2025-08-22,0.02366000,0.02549000,0.02294000,0.02534000,665498987.70000000,16164424.88476000,91834
2025-08-23,0.02535000,0.02650000,0.02515000,0.02558000,546673234.40000000,14069981.70641700,90968
2025-08-24,0.02558000,0.02712000,0.02479000,0.02604000,735439348.30000000,18959558.16500600,117597
2025-08-25,0.02605000,0.02725000,0.02397000,0.02424000,1438887688.30000000,37156943.03363100,183786
2025-08-26,0.02424000,0.02535000,0.02375000,0.02515000,453339697.10000000,11115453.78353800,60471
2025-08-27,0.02516000,0.02542000,0.02457000,0.02487000,388804063.70000000,9703448.54970400,55504
2025-08-28,0.02488000,0.02587000,0.02459000,0.02561000,362110170.80000000,9187447.87269900,56058
2025-08-29,0.02562000,0.02568000,0.02394000,0.02425000,411060096.60000000,10113689.40371300,54633
2025-08-30,0.02424000,0.02477000,0.02415000,0.02471000,191258210.80000000,4685773.19115600,22460
2025-08-31,0.02471000,0.02493000,0.02413000,0.02414000,196808142.30000000,4844231.15393700,20486
2025-09-01,0.02413000,0.02468000,0.02303000,0.02353000,377676125.90000000,9009571.70277000,53518
2025-09-02,0.02354000,0.02395000,0.02313000,0.02389000,266380179.40000000,6289123.21912400,33791
2025-09-03,0.02389000,0.02419000,0.02351000,0.02392000,231877153.80000000,5541006.83406100,25849
2025-09-04,0.02393000,0.02406000,0.02294000,0.02313000,218947957.80000000,5107320.72576100,24216
2025-09-05,0.02312000,0.02403000,0.02307000,0.02358000,295348795.70000000,6957525.31529000,37809
2025-09-06,0.02358000,0.02372000,0.02311000,0.02331000,121950607.00000000,2848121.67547600,17188
2025-09-07,0.02331000,0.02370000,0.02328000,0.02352000,105332229.90000000,2474285.37626900,16847
2025-09-08,0.02353000,0.02456000,0.02340000,0.02436000,350533436.20000000,8424143.46771900,49320
2025-09-09,0.02435000,0.02489000,0.02382000,0.02421000,299142970.80000000,7281761.23171000,54913
2025-09-10,0.02420000,0.02469000,0.02393000,0.02441000,234629257.80000000,5704712.86656100,35590
2025-09-11,0.02441000,0.02508000,0.02409000,0.02495000,230308275.50000000,5654790.07303300,35282
2025-09-12,0.02496000,0.02539000,0.02447000,0.02536000,261659552.60000000,6525180.05258800,32334
2025-09-13,0.02536000,0.02595000,0.02511000,0.02566000,388359529.20000000,9915883.86578700,45406
2025-09-14,0.02567000,0.02567000,0.02444000,0.02461000,255619824.70000000,6368847.77064200,44067
2025-09-15,0.02461000,0.02497000,0.02385000,0.02412000,294506723.80000000,7166651.81930800,44298
2025-09-16,0.02412000,0.02467000,0.02380000,0.02449000,241639590.50000000,5859585.14581400,31215
2025-09-17,0.02450000,0.02549000,0.02391000,0.02528000,359810060.00000000,8787174.06830800,45660
2025-09-18,0.02528000,0.02613000,0.02499000,0.02595000,383502938.50000000,9810239.60220000,53706
2025-09-19,0.02595000,0.02637000,0.02478000,0.02492000,439040875.10000000,11269024.95126100,58895
2025-09-20,0.02493000,0.02520000,0.02457000,0.02468000,183606862.70000000,4560545.46024100,30177
2025-09-21,0.02468000,0.02482000,0.02421000,0.02432000,158030491.70000000,3871123.45975600,26149
2025-09-22,0.02432000,0.02446000,0.02224000,0.02290000,521734518.20000000,12110066.97668300,85016
2025-09-23,0.02291000,0.02311000,0.02243000,0.02252000,301463713.70000000,6849773.30783500,51268
2025-09-24,0.02252000,0.02314000,0.02216000,0.02263000,256553087.80000000,5817953.34538300,31693
2025-09-25,0.02263000,0.02270000,0.02117000,0.02142000,360122900.20000000,7900470.46200000,52510
2025-09-26,0.02144000,0.02248000,0.02129000,0.02227000,391811323.90000000,8529549.21508600,44152
2025-09-27,0.02227000,0.02236000,0.02178000,0.02181000,132815745.40000000,2923782.96320400,17465
2025-09-28,0.02182000,0.02224000,0.02131000,0.02212000,176615112.20000000,3829513.18082000,21311
2025-09-29,0.02212000,0.02241000,0.02158000,0.02205000,192756095.00000000,4240986.11516100,25670
2025-09-30,0.02205000,0.02215000,0.02133000,0.02172000,198659503.30000000,4305171.17871200,29254
2025-10-01,0.02172000,0.02319000,0.02152000,0.02318000,268217027.60000000,6027981.64609400,32851
2025-10-02,0.02319000,0.02383000,0.02304000,0.02373000,323120167.20000000,7572562.97305600,38892
2025-10-03,0.02373000,0.02420000,0.02320000,0.02370000,352794182.70000000,8351387.15576000,48742
2025-10-04,0.02370000,0.02370000,0.02271000,0.02297000,231660366.10000000,5351344.11881100,34411
2025-10-05,0.02297000,0.02387000,0.02279000,0.02285000,264226233.90000000,6159906.65962400,28221
2025-10-06,0.02285000,0.02410000,0.02266000,0.02366000,263116336.40000000,6153739.69048200,36667
2025-10-07,0.02366000,0.02382000,0.02242000,0.02251000,319905443.00000000,7359339.94098400,52525
2025-10-08,0.02251000,0.02314000,0.02235000,0.02275000,205226608.60000000,4661166.90110600,30338
2025-10-09,0.02276000,0.02279000,0.02172000,0.02204000,223906442.00000000,4961505.66543300,32217
2025-10-10,0.02204000,0.02243000,0.00982000,0.01586000,1795837565.80000000,29999685.89439000,289993
2025-10-11,0.01584000,0.01777000,0.01463000,0.01674000,2065763766.90000000,33520924.97453500,237427
2025-10-12,0.01674000,0.01949000,0.01654000,0.01921000,525715462.10000000,9515809.39930000,66634
2025-10-13,0.01920000,0.02022000,0.01881000,0.01989000,492095732.10000000,9588337.64759800,69943
2025-10-14,0.01989000,0.01997000,0.01799000,0.01912000,526260036.50000000,9892973.09803100,64251
2025-10-15,0.01913000,0.01946000,0.01801000,0.01831000,341203553.30000000,6363243.53023600,41526
2025-10-16,0.01831000,0.01863000,0.01703000,0.01734000,451647230.00000000,8109606.79029300,74928
2025-10-17,0.01734000,0.01762000,0.01614000,0.01716000,499675787.90000000,8458382.80062900,77063
2025-10-18,0.01716000,0.01748000,0.01686000,0.01713000,171230163.00000000,2941619.72713200,24029
2025-10-19,0.01714000,0.01804000,0.01695000,0.01764000,204475912.80000000,3580450.29617000,26208
2025-10-20,0.01764000,0.01827000,0.01731000,0.01782000,180029390.90000000,3233574.98752800,27123
2025-10-21,0.01782000,0.01822000,0.01710000,0.01720000,404935388.90000000,7099522.21125800,47099
2025-10-22,0.01719000,0.01735000,0.01650000,0.01697000,277704001.50000000,4721115.86428500,42032
2025-10-23,0.01697000,0.01752000,0.01689000,0.01719000,142544398.30000000,2447757.46491100,16864
2025-10-24,0.01720000,0.01779000,0.01699000,0.01736000,190647348.10000000,3290458.32943000,24240
2025-10-25,0.01736000,0.01741000,0.01709000,0.01733000,96684491.90000000,1667595.86134400,13775
2025-10-26,0.01734000,0.01803000,0.01716000,0.01789000,125676955.20000000,2217786.06521500,20973
2025-10-27,0.01791000,0.01811000,0.01719000,0.01729000,301372217.60000000,5314009.46468300,34185
2025-10-28,0.01727000,0.01752000,0.01650000,0.01676000,283495250.60000000,4849059.01360900,39252
2025-10-29,0.01675000,0.01733000,0.01656000,0.01680000,193119235.20000000,3265419.90285400,30298
2025-10-30,0.01681000,0.01699000,0.01510000,0.01558000,428062159.00000000,6803475.67601700,58345
2025-10-31,0.01558000,0.01598000,0.01528000,0.01559000,192174114.30000000,3014729.43309600,22043
2025-11-01,0.01560000,0.01635000,0.01549000,0.01632000,171933036.10000000,2764405.27149900,23387
2025-11-02,0.01632000,0.01635000,0.01565000,0.01633000,164796725.10000000,2643898.27911700,19051
2025-11-03,0.01633000,0.01636000,0.01423000,0.01464000,523111012.90000000,7821017.80709600,48640
2025-11-04,0.01465000,0.01498000,0.01319000,0.01402000,511452991.10000000,7251203.50100700,47010
2025-11-05,0.01402000,0.01532000,0.01329000,0.01513000,391362396.10000000,5714466.87778300,29566
2025-11-06,0.01512000,0.01541000,0.01418000,0.01468000,356033198.80000000,5247765.88790400,39352
2025-11-07,0.01468000,0.01781000,0.01463000,0.01692000,708903749.30000000,11455830.43252700,79327
2025-11-08,0.01693000,0.01771000,0.01664000,0.01734000,402133306.50000000,6901381.76163700,62002
2025-11-09,0.01734000,0.01744000,0.01637000,0.01714000,328587635.10000000,5555260.14445700,39278
2025-11-10,0.01713000,0.01801000,0.01694000,0.01737000,364604756.70000000,6355242.46253000,43493
2025-11-11,0.01738000,0.01870000,0.01686000,0.01690000,782308407.90000000,13840043.62014500,77142
2025-11-12,0.01691000,0.01771000,0.01632000,0.01644000,384784061.90000000,6519232.55757900,38140
2025-11-13,0.01644000,0.01728000,0.01562000,0.01598000,365598697.90000000,6018930.28199500,51698
2025-11-14,0.01600000,0.01612000,0.01522000,0.01547000,317580741.20000000,4980515.94972700,42192
2025-11-15,0.01548000,0.01616000,0.01545000,0.01565000,165864726.20000000,2627107.54030000,20066
2025-11-16,0.01565000,0.01593000,0.01461000,0.01506000,248771180.20000000,3789354.84986900,28469
2025-11-17,0.01507000,0.01556000,0.01411000,0.01445000,324039378.90000000,4812271.76450900,41500
2025-11-18,0.01444000,0.01519000,0.01411000,0.01489000,278169682.70000000,4057466.93572500,30468
2025-11-19,0.01488000,0.01492000,0.01360000,0.01435000,268052318.50000000,3800346.86427700,33010
2025-11-20,0.01435000,0.01455000,0.01318000,0.01338000,359231998.40000000,4980745.62768700,49561
2025-11-21,0.01338000,0.01374000,0.01228000,0.01280000,571996844.30000000,7402058.83408000,57885
2025-11-22,0.01280000,0.01298000,0.01245000,0.01279000,199884969.50000000,2542348.54569600,19249
2025-11-23,0.01279000,0.01325000,0.01276000,0.01295000,207314886.50000000,2697960.30155200,17575
2025-11-24,0.01296000,0.01396000,0.01277000,0.01372000,350269586.70000000,4634793.19684000,26195
2025-11-25,0.01372000,0.01378000,0.01315000,0.01362000,197238788.70000000,2655019.82981400,17879
2025-11-26,0.01362000,0.01419000,0.01318000,0.01389000,242358759.90000000,3317730.29136600,17611
2025-11-27,0.01388000,0.01403000,0.01370000,0.01380000,156566264.20000000,2168742.97223700,16136
2025-11-28,0.01380000,0.01417000,0.01352000,0.01362000,178914171.10000000,2470729.48877000,13987
2025-11-29,0.01362000,0.01368000,0.01326000,0.01339000,110239416.80000000,1482989.91615600,13335
2025-11-30,0.01339000,0.01354000,0.01304000,0.01306000,101094898.90000000,1351263.38762400,10722
2025-12-01,0.01305000,0.01309000,0.01199000,0.01242000,421362084.50000000,5175278.87285600,29541
2025-12-02,0.01243000,0.01348000,0.01220000,0.01332000,294594618.70000000,3783633.60767100,20628
2025-12-03,0.01332000,0.01380000,0.01309000,0.01367000,187260447.10000000,2512859.33922800,17689
2025-12-04,0.01367000,0.01383000,0.01290000,0.01300000,215520581.00000000,2877087.62635900,22312
2025-12-05,0.01300000,0.01318000,0.01230000,0.01263000,266280015.50000000,3400658.03555800,31945
2025-12-06,0.01263000,0.01279000,0.01248000,0.01264000,144335954.20000000,1822315.95424200,13658
2025-12-07,0.01263000,0.01282000,0.01213000,0.01233000,212094566.10000000,2654433.40324400,20111
2025-12-08,0.01233000,0.01277000,0.01219000,0.01257000,241228139.50000000,3030863.08706300,20325
2025-12-09,0.01256000,0.01334000,0.01234000,0.01277000,237179013.90000000,3024383.89935900,29903
2025-12-10,0.01277000,0.01299000,0.01221000,0.01230000,321660722.50000000,4026482.21768200,30457
2025-12-11,0.01230000,0.01231000,0.01154000,0.01205000,343605895.10000000,4077389.05980800,35330
2025-12-12,0.01204000,0.01215000,0.01138000,0.01159000,254019865.30000000,2988105.77826300,16779
2025-12-13,0.01159000,0.01190000,0.01150000,0.01165000,166352739.00000000,1944671.59471200,12798
2025-12-14,0.01166000,0.01194000,0.01109000,0.01123000,215829160.60000000,2481384.44302100,16008
2025-12-15,0.01124000,0.01150000,0.01033000,0.01073000,344054755.10000000,3759834.08186800,25119
2025-12-16,0.01073000,0.01098000,0.01037000,0.01086000,280616866.40000000,2995588.09343600,23970
2025-12-17,0.01086000,0.01119000,0.01016000,0.01026000,315450127.00000000,3343661.97285500,24863
2025-12-18,0.01027000,0.01054000,0.00953000,0.00980000,386717670.20000000,3894315.86607300,24872
2025-12-19,0.00980000,0.01088000,0.00963000,0.01074000,390392851.80000000,4005963.24522300,26333
2025-12-20,0.01073000,0.01085000,0.01061000,0.01064000,131443804.00000000,1404210.76800700,8629
2025-12-21,0.01064000,0.01087000,0.01030000,0.01051000,234846549.70000000,2480359.86461400,17295
2025-12-22,0.01052000,0.01088000,0.01038000,0.01062000,438496486.50000000,4652260.55421800,21842
2025-12-23,0.01062000,0.01071000,0.01027000,0.01052000,210736062.00000000,2210605.23872600,12562
2025-12-24,0.01053000,0.01068000,0.01022000,0.01059000,187822235.40000000,1954462.93672300,11723
2025-12-25,0.01060000,0.01073000,0.01033000,0.01039000,138858677.20000000,1470686.04026700,11684
2025-12-26,0.01037000,0.01081000,0.01033000,0.01056000,163876027.20000000,1736764.59557700,13053
2025-12-27,0.01055000,0.01153000,0.01053000,0.01145000,338908255.70000000,3688300.76388200,19313
2025-12-28,0.01145000,0.01153000,0.01102000,0.01114000,186506866.30000000,2102771.34195900,15672
2025-12-29,0.01112000,0.01143000,0.01086000,0.01089000,183955568.00000000,2056867.46924500,18265
2025-12-30,0.01089000,0.01110000,0.01070000,0.01085000,158893347.40000000,1730717.42814100,12874
2025-12-31,0.01084000,0.01092000,0.01030000,0.01043000,195163368.10000000,2079739.13958200,15885
2026-01-01,0.01043000,0.01116000,0.01033000,0.01108000,163247004.90000000,1754515.59537100,15405
2026-01-02,0.01109000,0.01179000,0.01093000,0.01169000,260046880.10000000,2930087.13843700,20484
2026-01-03,0.01170000,0.01199000,0.01151000,0.01170000,189293489.30000000,2218528.36705800,15318
2026-01-04,0.01170000,0.01224000,0.01168000,0.01214000,182759009.40000000,2185712.39611300,15934
2026-01-05,0.01214000,0.01271000,0.01185000,0.01260000,269387530.00000000,3293009.85364100,22946
2026-01-06,0.01259000,0.01319000,0.01226000,0.01285000,275060310.30000000,3500997.16928300,27452
2026-01-07,0.01286000,0.01288000,0.01201000,0.01214000,196799775.40000000,2435399.70084500,20414
2026-01-08,0.01214000,0.01224000,0.01148000,0.01179000,243480229.20000000,2876965.42977300,21819
2026-01-09,0.01180000,0.01210000,0.01153000,0.01175000,182428095.30000000,2147480.57457000,18994
2026-01-10,0.01175000,0.01196000,0.01164000,0.01171000,125069390.40000000,1473950.40943700,11216
2026-01-11,0.01170000,0.01184000,0.01127000,0.01152000,135823393.00000000,1577685.89823500,12689
2026-01-12,0.01153000,0.01190000,0.01120000,0.01130000,213185903.50000000,2444169.96128300,19889
2026-01-13,0.01131000,0.01243000,0.01123000,0.01220000,251147161.00000000,2985781.93156900,35470
2026-01-14,0.01220000,0.01256000,0.01203000,0.01211000,304964821.10000000,3747179.56154300,31105
2026-01-15,0.01212000,0.01216000,0.01139000,0.01153000,321120579.10000000,3795551.15571800,27473
2026-01-16,0.01153000,0.01197000,0.01123000,0.01179000,239214158.20000000,2755575.89454800,19957
2026-01-17,0.01180000,0.01222000,0.01172000,0.01179000,208060132.40000000,2487978.61137100,19707
2026-01-18,0.01180000,0.01195000,0.01101000,0.01103000,194374741.70000000,2254116.35410800,21220
2026-01-19,0.01103000,0.01107000,0.01007000,0.01083000,388339730.20000000,4151504.29020500,35335
2026-01-20,0.01084000,0.01086000,0.00995000,0.01009000,378387818.90000000,3936071.76990400,27425
2026-01-21,0.01009000,0.01071000,0.00997000,0.01044000,329381629.50000000,3420003.31790400,33458
2026-01-22,0.01045000,0.01068000,0.01010000,0.01022000,166569030.60000000,1725504.20240800,12890
2026-01-23,0.01023000,0.01060000,0.01009000,0.01026000,220863753.20000000,2278752.33323200,16245
2026-01-24,0.01026000,0.01040000,0.01018000,0.01030000,147539271.20000000,1518740.31914800,8816
2026-01-25,0.01031000,0.01047000,0.00974000,0.00991000,346678727.40000000,3505402.10189600,26813
2026-01-26,0.00990000,0.01029000,0.00988000,0.01013000,268067680.50000000,2709902.86711800,19437
2026-01-27,0.01013000,0.01037000,0.00995000,0.01029000,232521999.40000000,2353639.38538700,17212
2026-01-28,0.01029000,0.01032000,0.01005000,0.01022000,171694559.90000000,1750360.65400700,15972
2026-01-29,0.01022000,0.01026000,0.00922000,0.00937000,448551364.90000000,4321512.15954800,32653
2026-01-30,0.00938000,0.00944000,0.00897000,0.00925000,378791764.80000000,3476214.39483700,24581
2026-01-31,0.00925000,0.00930000,0.00759000,0.00843000,724184209.10000000,6034728.82968500,38290
2026-02-01,0.00843000,0.00861000,0.00798000,0.00817000,321562868.40000000,2681118.24240100,15657
2026-02-02,0.00817000,0.00878000,0.00790000,0.00862000,446398442.60000000,3723279.60826200,24229
2026-02-03,0.00862000,0.00887000,0.00800000,0.00845000,408269218.20000000,3455978.48521000,25453
2026-02-04,0.00844000,0.00878000,0.00811000,0.00833000,339589823.50000000,2862863.16854300,22785
2026-02-05,0.00834000,0.00839000,0.00711000,0.00730000,872448571.20000000,6702972.89268900,54151
2026-02-06,0.00730000,0.00844000,0.00658000,0.00828000,748006129.80000000,5588884.50410700,33992
2026-02-07,0.00828000,0.00831000,0.00786000,0.00808000,350730113.30000000,2840971.74930500,18166
2026-02-08,0.00808000,0.00821000,0.00791000,0.00802000,196698888.20000000,1584901.10712900,9478
2026-02-09,0.00803000,0.00814000,0.00769000,0.00793000,213757602.60000000,1700715.34127600,11415
2026-02-10,0.00793000,0.00795000,0.00765000,0.00770000,201659988.30000000,1567149.19442400,9940
2026-02-11,0.00770000,0.00780000,0.00740000,0.00756000,274232616.10000000,2072593.32265400,13668
2026-02-12,0.00757000,0.00818000,0.00757000,0.00790000,282146554.20000000,2224121.66925000,12451
2026-02-13,0.00790000,0.00831000,0.00774000,0.00821000,287432316.30000000,2300254.34736300,12908
2026-02-14,0.00822000,0.00893000,0.00820000,0.00884000,338870524.30000000,2897106.15339400,15292
2026-02-15,0.00885000,0.00895000,0.00819000,0.00837000,359456598.80000000,3090924.08897100,16539
2026-02-16,0.00836000,0.00848000,0.00809000,0.00831000,201599324.10000000,1670072.41114400,9964
2026-02-17,0.00831000,0.00833000,0.00798000,0.00812000,210301059.60000000,1715272.22419100,8925
2026-02-18,0.00811000,0.00819000,0.00779000,0.00783000,215234158.00000000,1724141.53310800,8137
2026-02-19,0.00783000,0.00794000,0.00760000,0.00774000,274093890.50000000,2121929.13277100,9753
2026-02-20,0.00773000,0.00799000,0.00757000,0.00782000,267502290.00000000,2085530.14820300,12761
2026-02-21,0.00783000,0.00794000,0.00765000,0.00766000,167352686.30000000,1307330.58746600,8123
2026-02-22,0.00765000,0.00770000,0.00741000,0.00746000,230263004.10000000,1735187.09233200,9527
2026-02-23,0.00745000,0.00757000,0.00710000,0.00732000,313089597.50000000,2284317.91149400,10988
2026-02-24,0.00733000,0.00737000,0.00707000,0.00709000,329448401.80000000,2365917.98799200,20251
2026-02-25,0.00710000,0.00826000,0.00708000,0.00782000,498378779.90000000,3813284.19583600,34427
2026-02-26,0.00783000,0.00787000,0.00739000,0.00759000,360727812.50000000,2760883.33528100,20695
2026-02-27,0.00760000,0.00776000,0.00721000,0.00736000,268621313.00000000,2015743.10143200,12456
2026-02-28,0.00735000,0.00739000,0.00680000,0.00730000,442599100.20000000,3111356.69479000,21671
2026-03-01,0.00730000,0.00754000,0.00698000,0.00714000,336035021.70000000,2433065.37271900,16107
2026-03-02,0.00714000,0.00749000,0.00706000,0.00726000,399596611.90000000,2904272.16821400,16443
2026-03-03,0.00727000,0.00728000,0.00697000,0.00713000,385663452.30000000,2746358.65145400,15898
2026-03-04,0.00713000,0.00766000,0.00701000,0.00746000,363958540.80000000,2672712.15534200,19099
2026-03-05,0.00745000,0.00753000,0.00716200,0.00730000,278776358.70000000,2055227.11769250,25975
2026-03-06,0.00730100,0.00739000,0.00697600,0.00711000,206410630.50000000,1480503.04333260,23602
2026-03-07,0.00711000,0.00712900,0.00689100,0.00693500,134360257.10000000,942590.39088510,14520
2026-03-08,0.00693400,0.00695400,0.00670600,0.00677700,187154055.40000000,1282363.76393620,22876
2026-03-09,0.00678000,0.00715700,0.00678000,0.00696700,168709894.00000000,1180422.42873300,12016
2026-03-10,0.00696200,0.00729900,0.00695800,0.00701200,235290090.40000000,1672348.76262760,28344
2026-03-11,0.00701100,0.00722000,0.00697100,0.00709700,250536395.10000000,1776743.27895010,29681
2026-03-12,0.00709800,0.00721300,0.00699000,0.00719200,172722385.60000000,1225717.28147800,21359
2026-03-13,0.00719200,0.00757100,0.00717700,0.00723000,301929181.80000000,2223502.81602910,37824
2026-03-14,0.00722700,0.00725900,0.00706200,0.00714500,103097496.80000000,737033.31809610,12138
2026-03-15,0.00714100,0.00748300,0.00709900,0.00738100,241749399.20000000,1769519.11204980,25653
2026-03-16,0.00738300,0.00783900,0.00735700,0.00779500,187963502.50000000,1433036.98617580,21446
2026-03-17,0.00779600,0.00784300,0.00751900,0.00758700,215921181.30000000,1649133.31954720,30924
2026-03-18,0.00758600,0.00766700,0.00715700,0.00730600,256056073.20000000,1882383.56051160,35769
2026-03-19,0.00730800,0.00737400,0.00709600,0.00725600,154290483.50000000,1113675.34445870,21930
2026-03-20,0.00725500,0.00741600,0.00717200,0.00725100,214591977.70000000,1567537.28087520,24069
2026-03-21,0.00725100,0.00729000,0.00699000,0.00703500,113996830.20000000,818783.78867370,16171
2026-03-22,0.00703400,0.00712700,0.00679000,0.00687000,165792497.00000000,1155766.71188590,21321
2026-03-23,0.00687000,0.00719400,0.00680900,0.00706400,156733992.80000000,1100809.67530660,11112
2026-03-24,0.00706300,0.00722600,0.00694400,0.00719500,192920436.10000000,1364709.34022160,14119
2026-03-25,0.00719700,0.00724800,0.00705700,0.00710100,194269253.10000000,1392585.85880330,22904
2026-03-26,0.00710100,0.00710600,0.00674600,0.00680000,243776051.70000000,1672958.87920400,27676
2026-03-27,0.00679900,0.00690900,0.00662500,0.00665900,289779797.10000000,1949523.94947080,26423
2026-03-28,0.00666000,0.00687500,0.00658800,0.00666800,135033710.30000000,905949.65749220,19501
2026-03-29,0.00666800,0.00670800,0.00640600,0.00654200,194158301.30000000,1281099.44683070,21660
2026-03-30,0.00654200,0.00685000,0.00653300,0.00666700,139269106.80000000,937081.93503770,18499
2026-03-31,0.00666800,0.00678900,0.00658400,0.00677000,223289319.20000000,1498800.09873000,26879
2026-04-01,0.00677100,0.00698200,0.00674700,0.00689100,167783938.60000000,1155016.92226050,21134
2026-04-02,0.00689200,0.00698700,0.00660000,0.00674300,159387095.70000000,1076282.84239570,22108
2026-04-03,0.00674300,0.00710900,0.00672400,0.00698900,216301929.80000000,1505425.59762730,29456
2026-04-04,0.00699000,0.00771900,0.00697000,0.00747700,781820018.60000000,5841802.11486910,79757
2026-04-05,0.00747900,0.00755900,0.00728100,0.00743900,386409952.60000000,2869205.37692740,35657
2026-04-06,0.00744000,0.00754600,0.00710800,0.00714200,232845910.80000000,1722239.31173260,27492
2026-04-07,0.00714200,0.00749700,0.00697100,0.00745700,281717353.10000000,2012863.31102520,30870
2026-04-08,0.00745800,0.00758600,0.00718000,0.00718500,232087700.00000000,1714600.38144480,24514
2026-04-09,0.00718400,0.00730200,0.00704500,0.00712500,189080654.90000000,1354156.20311020,18837
2026-04-10,0.00712600,0.00755500,0.00698200,0.00707700,284770066.50000000,2030949.23360380,27476
2026-04-11,0.00707800,0.00716300,0.00694900,0.00699900,231510406.70000000,1628850.28375980,18882
2026-04-12,0.00700200,0.00705400,0.00670300,0.00673700,199039751.10000000,1360877.59208500,19217
2026-04-13,0.00673700,0.00709700,0.00670300,0.00709500,231341076.10000000,1579921.84229190,22181
2026-04-14,0.00709600,0.00711300,0.00682700,0.00689000,214490917.20000000,1493892.73117120,22442
2026-04-15,0.00689100,0.00709200,0.00687000,0.00706900,143595685.50000000,1001256.09039820,16147
2026-04-16,0.00707000,0.00750200,0.00700700,0.00742100,339061331.90000000,2458861.93762190,35630
2026-04-17,0.00742300,0.00752700,0.00718900,0.00734000,251627577.10000000,1852476.07363390,16031
2026-04-18,0.00734000,0.00738900,0.00705800,0.00706800,227293692.20000000,1637907.74395110,34063
2026-04-19,0.00706800,0.00732500,0.00692400,0.00694500,271830938.50000000,1931427.64244860,28650
2026-04-20,0.00694600,0.00725000,0.00693300,0.00709100,169198976.40000000,1198830.53596580,19170
2026-04-21,0.00709100,0.00724700,0.00698100,0.00716100,177817527.40000000,1263012.27890180,21893
2026-04-22,0.00716100,0.00736000,0.00711000,0.00714300,175609200.50000000,1275988.74541620,21686
2026-04-23,0.00714400,0.00743300,0.00703000,0.00724800,261930032.50000000,1889614.86289150,29971
2026-04-24,0.00724900,0.00738500,0.00717600,0.00726700,169749030.70000000,1237514.09551590,21642
2026-04-25,0.00726600,0.00747100,0.00724100,0.00736500,155672442.80000000,1146012.08597870,24308
2026-04-26,0.00736500,0.00744400,0.00728500,0.00737000,107277858.50000000,792047.83453090,13037
2026-04-27,0.00737100,0.00744800,0.00713800,0.00722800,153947190.00000000,1117509.33302370,19030
2026-04-28,0.00722600,0.00723200,0.00708500,0.00714000,103718422.00000000,742092.00072530,8742
2026-04-29,0.00714000,0.00728000,0.00691800,0.00699600,191823980.90000000,1357943.81562030,24708
2026-04-30,0.00699700,0.00712100,0.00692700,0.00699200,102099875.80000000,717005.60531730,10631
2026-05-01,0.00699500,0.00725800,0.00698800,0.00716600,123847564.30000000,883363.74932020,15442
2026-05-02,0.00716400,0.00727100,0.00713900,0.00721800,79297834.40000000,570017.59226120,9810
2026-05-03,0.00721800,0.00726900,0.00714600,0.00721100,73385939.30000000,528555.32168040,6032
2026-05-04,0.00721100,0.00743500,0.00707000,0.00716400,188362191.20000000,1365485.74194320,13486
2026-05-05,0.00716400,0.00765600,0.00716000,0.00750800,243762691.40000000,1798801.80309340,21296
2026-05-06,0.00750700,0.00777700,0.00746500,0.00771800,279333080.70000000,2135582.32834160,41837
2026-05-07,0.00771900,0.00797500,0.00753700,0.00761900,354286794.20000000,2735840.23865030,47182
2026-05-08,0.00762400,0.00812900,0.00748900,0.00796400,421475051.90000000,3227403.88822580,52202
2026-05-09,0.00796000,0.00812100,0.00742200,0.00758400,615680215.60000000,4759848.13809040,74496
2026-05-10,0.00758400,0.00805300,0.00750000,0.00791800,319555596.70000000,2492542.60819960,44588
2026-05-11,0.00791800,0.00795600,0.00763600,0.00776000,285182278.50000000,2208242.99608440,34509
2026-05-12,0.00776000,0.00785400,0.00738200,0.00748200,214930010.30000000,1629547.23763850,32786
2026-05-13,0.00748200,0.00774900,0.00722000,0.00729600,197342044.60000000,1470093.48719560,32633
2026-05-14,0.00729400,0.00752300,0.00717000,0.00735000,239331822.90000000,1762147.23085870,28728
2026-05-15,0.00735100,0.00745100,0.00686900,0.00703000,231848286.60000000,1648781.30890600,34689
2026-05-16,0.00703000,0.00707200,0.00674500,0.00683700,223912773.40000000,1537296.24364750,24329
2026-05-17,0.00683800,0.00687300,0.00649000,0.00666600,211102195.90000000,1423575.29424300,24377
2026-05-18,0.00666900,0.00680200,0.00661000,0.00676800,176523462.80000000,1179688.66014850,27622
2026-05-19,0.00676800,0.00681300,0.00639900,0.00654700,382899641.30000000,2519113.58288930,20051
2026-05-20,0.00654600,0.00672500,0.00648000,0.00661900,137013149.90000000,906578.67503110,18320
2026-05-21,0.00661800,0.00674500,0.00652100,0.00670300,236497932.10000000,1570583.68531630,35814
2026-05-22,0.00670400,0.00682300,0.00646200,0.00652200,189639920.00000000,1266667.14573540,26671
2026-05-23,0.00652300,0.00697300,0.00637900,0.00677400,292969263.60000000,1942447.00543910,37653
2026-05-24,0.00677400,0.00680400,0.00652600,0.00663000,156637476.80000000,1049027.31965960,19221
2026-05-25,0.00663100,0.00677400,0.00660500,0.00665000,103378997.80000000,691775.41326840,14352
2026-05-26,0.00665100,0.00674200,0.00624200,0.00631100,630593618.80000000,4103424.80731450,52543
2026-05-27,0.00631400,0.00638000,0.00606300,0.00610100,379300147.80000000,2360098.12578300,27963
2026-05-28,0.00610000,0.00614200,0.00583800,0.00597500,352906575.90000000,2110378.27460980,48222
2026-05-29,0.00597500,0.00600000,0.00561600,0.00586200,291204205.40000000,1704608.75170690,38766
2026-05-30,0.00586200,0.00645300,0.00584000,0.00611100,701108665.70000000,4376700.89886940,89267
2026-05-31,0.00611100,0.00617800,0.00595200,0.00608800,223280205.80000000,1357416.69781730,24769
2026-06-01,0.00608900,0.00613800,0.00582700,0.00596400,200962942.30000000,1194446.04054100,32111
2026-06-02,0.00596600,0.00597300,0.00543500,0.00553000,297266956.00000000,1690510.86545880,50578
2026-06-03,0.00553100,0.00590000,0.00545100,0.00559600,302102070.70000000,1713397.01886850,43555
2026-06-04,0.00559500,0.00564600,0.00515300,0.00534600,358694293.70000000,1928278.58328230,51942
2026-06-05,0.00534500,0.00534500,0.00458700,0.00476700,539180953.40000000,2664231.54619630,70092
2026-06-06,0.00476800,0.00483800,0.00446900,0.00475400,282509378.40000000,1321543.31210560,17210
2026-06-07,0.00475500,0.00500200,0.00472200,0.00494300,175605305.10000000,850240.10864300,12525
2026-06-08,0.00494700,0.00503000,0.00481100,0.00494600,148543741.60000000,734240.19077840,13864
2026-06-09,0.00494500,0.00494700,0.00472500,0.00482200,128344545.50000000,622615.83891540,11830
2026-06-10,0.00482200,0.00484900,0.00461900,0.00469800,149232816.60000000,706007.45030600,11544
2026-06-11,0.00470000,0.00499000,0.00469800,0.00498700,150792718.00000000,729765.63111790,12796
2026-06-12,0.00499100,0.00512000,0.00489400,0.00501100,177429712.10000000,888927.51494570,13907
2026-06-13,0.00501100,0.00517000,0.00500300,0.00511200,123067977.70000000,626900.47579380,8415
2026-06-14,0.00511200,0.00514500,0.00487300,0.00509100,107410276.40000000,538979.83637420,9098
2026-06-15,0.00509100,0.00553000,0.00503200,0.00527300,227564159.60000000,1197992.51904800,16563
2026-06-16,0.00526900,0.00536200,0.00511600,0.00521400,150460062.90000000,788990.87038230,11688
2026-06-17,0.00521500,0.00525100,0.00495700,0.00504400,181360794.60000000,923388.19084140,22255
2026-06-18,0.00504500,0.00509600,0.00472100,0.00483800,149954508.90000000,730064.58157510,10069
2026-06-19,0.00483600,0.00495700,0.00476000,0.00492300,105700964.30000000,512931.48928440,7432
2026-06-20,0.00491900,0.00507700,0.00483800,0.00507100,87582464.50000000,431017.10295640,5763
2026-06-21,0.00507400,0.00507900,0.00485000,0.00485300,69133799.40000000,342265.75246930,4281
2026-06-22,0.00484900,0.00509900,0.00481600,0.00485900,108532286.50000000,536096.84292290,6477
2026-06-23,0.00485700,0.00490400,0.00460500,0.00470900,144190819.30000000,679526.60873030,9616
2026-06-24,0.00470800,0.00472300,0.00438500,0.00458800,199605848.30000000,908499.81978590,11223
2026-06-25,0.00459000,0.00463500,0.00425600,0.00445300,186008690.90000000,828772.48965820,10963
2026-06-26,0.00445700,0.00460500,0.00431500,0.00449500,171263406.40000000,767020.98309700,13214
2026-06-27,0.00449900,0.00460000,0.00437300,0.00450900,171793253.40000000,769698.08360680,12398
2026-06-28,0.00450800,0.00470700,0.00446500,0.00452200,206596194.60000000,951611.72730260,14131
2026-06-29,0.00451200,0.00458200,0.00443700,0.00448800,138471337.90000000,624170.21087380,10221
2026-06-30,0.00448500,0.00450100,0.00430700,0.00437600,151123742.20000000,664103.82422560,18712
2026-07-01,0.00437400,0.00459400,0.00428600,0.00446700,192222717.00000000,859644.62200730,11043
2026-07-02,0.00446800,0.00467400,0.00443700,0.00465100,113432302.60000000,518216.31263660,6037
2026-07-03,0.00464900,0.00483500,0.00460600,0.00476200,134354369.50000000,632877.08696800,7461
2026-07-04,0.00475800,0.00491200,0.00468800,0.00480000,108927984.40000000,522981.43908040,7190
2026-07-05,0.00480000,0.00482400,0.00468200,0.00477700,88013215.40000000,416991.22721050,4935
2026-07-06,0.00477700,0.00507700,0.00463000,0.00497600,187219598.50000000,912735.75803620,10010
2026-07-07,0.00498400,0.00504600,0.00471000,0.00474300,112597433.40000000,548485.62660400,6059
2026-07-08,0.00475100,0.00477800,0.00461100,0.00468800,121205487.10000000,567990.82693280,7224
2026-07-09,0.00468900,0.00479600,0.00467500,0.00472800,93457667.80000000,442381.31584970,6135
2026-07-10,0.00472800,0.00480200,0.00469100,0.00476100,74020388.40000000,351651.48824730,4109
2026-07-11,0.00476100,0.00507600,0.00474600,0.00493300,221213140.90000000,1095387.02828430,13955
2026-07-12,0.00493100,0.00500200,0.00484000,0.00485400,68505824.10000000,337028.85441850,4585
2026-07-13,0.00485500,0.00491300,0.00470900,0.00476700,93496763.00000000,447752.92433640,9666
2026-07-14,0.00476700,0.00490100,0.00473300,0.00483700,79990254.40000000,384659.14452640,4958
2026-07-15,0.00483500,0.00490700,0.00476600,0.00486100,82521114.90000000,398967.35549950,5121
2026-07-16,0.00486300,0.00490300,0.00471900,0.00473400,76377606.20000000,366160.52036020,4933
2026-07-17,0.00473000,0.00478300,0.00461300,0.00472100,75065918.10000000,352026.70418550,4759
2026-07-18,0.00472300,0.00476200,0.00462200,0.00474800,65627745.80000000,307808.61029170,4237
2026-07-19,0.00475000,0.00480000,0.00462800,0.00465800,51038255.80000000,240507.04606330,3974
2026-07-20,0.00465000,0.00484300,0.00460500,0.00472000,98037243.60000000,462037.18215710,6357
2026-07-21,0.00471900,0.00501400,0.00471000,0.00496100,210629493.40000000,1032019.54872330,21069
2026-07-22,0.00495900,0.00497000,0.00483600,0.00487600,109218996.90000000,534822.77288070,10590
2026-07-23,0.00487700,0.00489500,0.00477400,0.00478100,63444104.20000000,306475.76957400,6174
2026-07-24,0.00477800,0.00482700,0.00464800,0.00470300,102670297.80000000,486600.25287780,7276
2026-07-25,0.00470400,0.00474100,0.00452900,0.00468100,298941114.20000000,1389320.50925510,18003
2026-07-26,0.00468300,0.00474700,0.00464800,0.00474100,68152746.20000000,319782.65637100,5186
2026-07-27,0.00474000,0.00476900,0.00451200,0.00453700,95335748.10000000,441051.34082910,9682
2026-07-28,0.00452900,0.00458900,0.00446300,0.00457000,192634803.80000000,870178.92591140,9312
2026-07-29,0.00457000,0.00461700,0.00440800,0.00449100,111677735.60000000,503651.93715400,5996
2026-07-30,0.00449300,0.00489000,0.00447200,0.00471000,183466978.00000000,866007.77223190,10889
2026-07-31,0.00470600,0.00484400,0.00461300,0.00475400,134648988.80000000,639740.93752410,9805
2026-08-01,0.00475200,0.00479300,0.00458800,0.00465200,80284230.70000000,377302.57828760,6327
2026-08-02,0.00464700,0.00477400,0.00463900,0.00470700,113771422.60000000,533970.24268880,8266
2026-08-03,0.00470500,0.00485100,0.00462600,0.00473600,78887552.60000000,371676.39931130,6616
2026-08-04,0.00473500,0.00476400,0.00465500,0.00466000,64802197.40000000,304450.65730930,4537
2026-08-05,0.00465900,0.00469000,0.00462000,0.00464100,53644416.40000000,249740.98897240,4567
2026-08-06,0.00463600,0.00470500,0.00460000,0.00463800,58822367.30000000,273535.60333110,4229
2026-08-07,0.00463500,0.00469500,0.00458800,0.00468800,64145475.50000000,297629.86812390,5117
2026-08-08,0.00468800,0.00475000,0.00468100,0.00474000,45224369.50000000,213235.26581200,4591
2026-08-09,0.00474000,0.00483900,0.00470700,0.00471000,81789593.80000000,391116.35170150,7499
2026-08-10,0.00470500,0.00474200,0.00462200,0.00463700,55476327.60000000,260075.11766690,4859
2026-08-11,0.00463300,0.00472400,0.00457200,0.00462700,101561664.10000000,472946.29597060,8234
2026-08-12,0.00462700,0.00466200,0.00434000,0.00441500,149266472.20000000,676217.35073840,12597
2026-08-13,0.00441700,0.00462000,0.00436900,0.00453500,143258963.10000000,642032.13714440,11268
2026-08-14,0.00453400,0.00454700,0.00444200,0.00450200,58271286.30000000,261184.15146750,4259
2026-08-15,0.00450200,0.00455100,0.00448500,0.00449600,45915520.60000000,207308.57188130,3975
2026-08-16,0.00449400,0.00450300,0.00434300,0.00440500,66706996.90000000,295857.41334010,6448
2026-08-17,0.00440600,0.00447200,0.00439500,0.00444300,57933144.40000000,257043.57819640,4843
2026-08-18,0.00444500,0.00453500,0.00436500,0.00443000,76449580.30000000,337682.56458070,6621
2026-08-19,0.00442900,0.00490000,0.00436900,0.00483900,193738966.80000000,893423.10462160,15402
2026-08-20,0.00484200,0.00536500,0.00481700,0.00517000,322348052.40000000,1626895.73687080,31235
2026-08-21,0.00517000,0.00578000,0.00517000,0.00571700,291514035.90000000,1583579.80511700,40146
2026-08-22,0.00571800,0.00618000,0.00546700,0.00565800,364988730.40000000,2114695.20398930,62322
2026-08-23,0.00565700,0.00586900,0.00535500,0.00577300,215276376.30000000,1222479.13632140,37266
2026-08-24,0.00577400,0.00577700,0.00555100,0.00566200,192618031.50000000,1089108.06703420,42423
2026-08-25,0.00566400,0.00598900,0.00561100,0.00569100,236402753.60000000,1370614.60959110,49515
2026-08-26,0.00569100,0.00675900,0.00553300,0.00671200,483278925.80000000,2947764.89244950,55846
2026-08-27,0.00671700,0.00762800,0.00636700,0.00713900,1884088753.70000000,13280007.50224050,222723
2026-08-28,0.00713900,0.00745100,0.00656300,0.00691400,638310085.30000000,4448298.88718110,73089
2026-08-29,0.00691400,0.00708700,0.00657300,0.00708300,214836742.30000000,1456115.65704860,27541
2026-08-30,0.00708200,0.00742100,0.00661400,0.00671900,428125070.20000000,3025752.46237230,55338
2026-08-31,0.00670600,0.00700000,0.00667900,0.00671300,230034275.20000000,1570820.21429220,26415
2026-09-01,0.00671200,0.00689500,0.00656700,0.00663300,205143290.30000000,1377610.26941720,25057
2026-09-02,0.00663300,0.00674000,0.00648000,0.00651800,131819731.80000000,867841.99318390,19364
2026-09-03,0.00651700,0.00690000,0.00644000,0.00677100,186569623.20000000,1251957.52465780,20773
2026-09-04,0.00677400,0.00687100,0.00653600,0.00683700,125823586.50000000,844341.75651640,16740
2026-09-05,0.00683700,0.00699400,0.00682000,0.00693500,127567442.30000000,882815.74697680,18021
2026-09-06,0.00693800,0.00717300,0.00686300,0.00708000,139241978.60000000,977556.57445480,21636
2026-09-07,0.00708400,0.00735800,0.00699600,0.00718400,183004546.30000000,1313186.46389010,23827
2026-09-08,0.00717800,0.00809400,0.00717300,0.00806300,663342427.20000000,5175753.44962950,82271
2026-09-09,0.00806700,0.00820000,0.00738000,0.00747000,402645279.80000000,3151980.62386030,55806
2026-09-10,0.00746600,0.00849000,0.00741600,0.00762000,752340967.40000000,5992532.12578760,95741
2026-09-11,0.00762100,0.00765800,0.00718700,0.00730300,379330990.70000000,2820893.89073730,55366
2026-09-12,0.00730100,0.00788500,0.00729200,0.00751900,197103591.70000000,1508204.41242910,21938
2026-09-13,0.00751500,0.00801600,0.00751100,0.00767900,256779814.60000000,1985323.59413180,35534
2026-09-14,0.00768600,0.00813000,0.00763500,0.00764100,263387297.50000000,2065136.25558800,37144
2026-09-15,0.00764800,0.00770700,0.00700100,0.00707000,252596898.80000000,1859823.93622700,32113
2026-09-16,0.00707400,0.00734000,0.00680000,0.00718000,236129682.20000000,1664066.33934180,28850
2026-09-17,0.00717800,0.00744100,0.00703700,0.00736600,161232268.50000000,1170207.54510290,21583
2026-09-18,0.00736400,0.00798900,0.00731500,0.00786900,262870148.60000000,2022739.11986630,30825
2026-09-19,0.00787500,0.00890000,0.00778300,0.00880600,658356251.90000000,5580503.55468790,105593
2026-09-20,0.00880500,0.00881700,0.00804000,0.00844200,270279735.30000000,2269943.55228900,39674
2026-09-21,0.00844600,0.00936000,0.00823400,0.00932400,396505405.30000000,3488379.56509740,56454
2026-09-22,0.00932100,0.00936700,0.00887000,0.00929500,244283691.60000000,2225025.39246560,32577
2026-09-23,0.00928900,0.00991400,0.00873700,0.00879700,404368236.50000000,3797549.19062240,58895
2026-09-24,0.00879900,0.00952000,0.00867400,0.00927900,204353737.10000000,1874288.70737940,37936
2026-09-25,0.00927700,0.00965100,0.00910000,0.00952400,221671188.70000000,2077075.86932110,37626
2026-09-26,0.00952100,0.00991800,0.00916800,0.00932100,325030403.80000000,3105022.69787090,46317
2026-09-27,0.00931700,0.00952000,0.00902200,0.00921100,194965483.40000000,1805608.03994510,33986
2026-09-28,0.00920800,0.00926800,0.00862200,0.00888900,206324782.80000000,1829585.24550500,33181
2026-09-29,0.00888900,0.00911800,0.00860700,0.00875800,197334053.10000000,1749419.13011420,28487
2026-09-30,0.00876300,0.00923500,0.00870700,0.00885800,147191048.20000000,1311552.07915920,29458
2026-10-01,0.00886000,0.00910800,0.00855700,0.00881500,159816088.80000000,1406459.19585930,26981
2026-10-02,0.00881600,0.00908300,0.00826900,0.00856200,209752338.10000000,1839879.28921380,29037
2026-10-03,0.00856400,0.00877100,0.00846400,0.00874100,109368967.70000000,942137.41895670,15455
2026-10-04,0.00873800,0.00890000,0.00853500,0.00885600,155793909.00000000,1352930.49631850,28544
2026-10-05,0.00885200,0.00890600,0.00856800,0.00876700,162894361.60000000,1426474.60663320,24557
