date,open,high,low,close,volume,quote_volume,trades
2019-03-15,51.99000000,52.22000000,48.67000000,52.10000000,4908.53770000,251775.94656010,1107
2019-03-16,52.10000000,54.89000000,52.10000000,53.35000000,8103.46093000,432998.05445270,1587
2019-03-17,53.56000000,53.57000000,51.54000000,52.36000000,3314.97426000,173492.74467680,971
2019-03-18,52.38000000,53.01000000,51.27000000,52.06000000,4037.80163000,209795.98022070,1000
2019-03-19,51.93000000,54.00000000,51.61000000,52.90000000,6567.87086000,344520.65829000,1410
2019-03-20,52.83000000,54.60000000,52.41000000,54.19000000,8340.92803000,447668.24858880,1798
2019-03-21,54.29000000,54.29000000,50.00000000,52.28000000,7047.37704000,371805.33773180,1763
2019-03-22,52.22000000,53.25000000,51.83000000,52.66000000,3488.38037000,183605.80532610,743
2019-03-23,52.90000000,53.25000000,51.93000000,52.67000000,4902.64719000,257458.99241690,817
2019-03-24,52.56000000,52.89000000,52.20000000,52.64000000,3765.42597000,197653.20720110,806
2019-03-25,52.57000000,52.92000000,50.00000000,51.21000000,8674.60473000,447639.34624340,1456
2019-03-26,51.28000000,52.05000000,49.76000000,51.74000000,5716.81669000,290559.36437960,1007
2019-03-27,51.81000000,53.60000000,51.67000000,53.48000000,4570.70984000,241078.63409050,1238
2019-03-28,53.27000000,53.35000000,52.18000000,52.80000000,8971.55712000,474048.24183920,1756
2019-03-29,52.57000000,54.15000000,52.18000000,53.72000000,6652.54724000,354685.52343200,1770
2019-03-30,53.58000000,54.00000000,53.01000000,53.53000000,3337.90650000,178789.14069830,816
2019-03-31,53.50000000,56.83000000,50.56000000,56.07000000,12798.87428000,702655.95392370,2517
2019-04-01,56.01000000,60.50000000,55.66000000,60.13000000,16485.98216000,959685.12527010,3647
2019-04-02,60.05000000,70.00000000,58.87000000,68.94000000,31894.06812000,2024025.22622430,7583
2019-04-03,68.83000000,72.90000000,60.01000000,65.88000000,36232.35681000,2486613.93903080,8219
2019-04-04,65.88000000,66.77000000,61.15000000,63.57000000,14457.30872000,930955.14066670,4107
2019-04-05,63.77000000,69.08000000,63.22000000,69.08000000,16267.28020000,1087178.44968900,3721
2019-04-06,68.93000000,69.97000000,66.32000000,67.82000000,16698.18642000,1137581.91563230,4563
2019-04-07,67.87000000,70.09000000,67.63000000,69.34000000,6695.73288000,461679.21453250,2548
2019-04-08,69.35000000,72.27000000,67.40000000,70.47000000,17181.60679000,1204390.67149800,5011
2019-04-09,70.42000000,70.55000000,66.82000000,67.75000000,14689.79196000,1002093.00727400,3797
2019-04-10,67.75000000,72.00000000,67.49000000,70.86000000,13288.04389000,928244.58585180,3604
2019-04-11,70.64000000,71.17000000,61.51000000,65.97000000,17040.10943000,1116819.18727610,4843
2019-04-12,66.10000000,68.50000000,64.36000000,65.73000000,12377.68428000,824414.31641610,3868
2019-04-13,65.39000000,67.36000000,63.07000000,64.92000000,9722.91175000,625782.99942190,2658
2019-04-14,64.82000000,67.00000000,63.81000000,66.25000000,9393.30988000,614941.04841380,2370
2019-04-15,66.32000000,66.82000000,63.27000000,63.91000000,6987.37941000,458831.20998040,2611
2019-04-16,63.81000000,69.66000000,63.41000000,68.16000000,10606.91949000,703025.67865010,3936
2019-04-17,68.16000000,69.40000000,66.23000000,67.01000000,8379.57723000,565536.88389040,2888
2019-04-18,67.02000000,69.88000000,67.02000000,68.74000000,8005.32478000,547657.64218620,2829
2019-04-19,68.71000000,69.40000000,67.03000000,68.27000000,6030.19858000,412528.70004380,2339
2019-04-20,68.29000000,69.96000000,67.12000000,69.35000000,9803.32069000,674526.59557780,3092
2019-04-21,69.19000000,69.99000000,66.45000000,68.29000000,5720.06413000,388365.27484230,2225
2019-04-22,68.18000000,69.05000000,67.19000000,68.17000000,11642.48789000,793763.18718810,2538
2019-04-23,68.22000000,70.75000000,67.44000000,68.29000000,16321.11545000,1133686.36490030,4229
2019-04-24,68.29000000,70.45000000,64.36000000,67.31000000,21241.36650000,1422343.20411440,6219
2019-04-25,67.37000000,67.48000000,61.49000000,61.49000000,12369.12256000,799299.27429210,3435
2019-04-26,61.70000000,65.42000000,60.03000000,62.50000000,13292.24296000,835631.24308700,3939
2019-04-27,62.45000000,64.58000000,62.00000000,63.12000000,11767.77602000,743656.22625830,2609
2019-04-28,63.00000000,63.54000000,61.42000000,62.07000000,3725.81523000,233076.81496640,1451
2019-04-29,61.92000000,62.56000000,60.11000000,61.08000000,5090.66645000,312348.46987180,1302
2019-04-30,61.08000000,62.78000000,60.69000000,62.55000000,7116.48954000,440965.87523680,1705
2019-05-01,62.66000000,65.64000000,62.66000000,65.64000000,6909.20936000,442896.13306310,2442
2019-05-02,65.48000000,66.50000000,63.92000000,65.10000000,7072.43933000,460406.45379750,2205
2019-05-03,65.10000000,68.58000000,64.59000000,67.46000000,7737.58686000,517808.44440570,2735
2019-05-04,67.50000000,68.97000000,65.70000000,68.40000000,8906.19039000,596677.77224280,2756
2019-05-05,68.50000000,68.99000000,65.98000000,66.52000000,7426.58798000,500103.71721000,2107
2019-05-06,66.71000000,68.29000000,64.67000000,67.50000000,9994.15459000,666584.49231290,2800
2019-05-07,67.50000000,71.21000000,65.83000000,65.93000000,15408.82311000,1060742.72737350,4930
2019-05-08,65.93000000,68.29000000,65.12000000,67.93000000,3580.67708000,238837.92605600,1257
2019-05-09,68.06000000,69.19000000,64.26000000,65.61000000,5488.80394000,367056.16137130,1874
2019-05-10,65.79000000,69.33000000,64.97000000,68.84000000,4925.69109000,332508.54573830,1732
2019-05-11,68.87000000,81.72000000,68.87000000,77.73000000,16162.74421000,1202928.70201810,6274
2019-05-12,77.50000000,81.40000000,71.60000000,75.66000000,15792.30652000,1214177.34452700,5659
2019-05-13,75.45000000,82.67000000,74.86000000,79.53000000,9969.95875000,790982.14976090,4473
2019-05-14,79.51000000,84.91000000,72.00000000,83.46000000,10703.24128000,875750.66088640,5889
2019-05-15,83.46000000,95.03000000,82.37000000,94.00000000,12453.84595000,1115166.88372890,4490
2019-05-16,94.01000000,97.27000000,84.51000000,87.20000000,19593.50079000,1763578.75442250,7726
2019-05-17,87.10000000,87.79000000,76.25000000,82.61000000,14493.81658000,1172382.89571030,6105
2019-05-18,82.61000000,83.00000000,78.95000000,79.75000000,10043.79016000,817276.87187550,3636
2019-05-19,79.55000000,90.60000000,79.39000000,90.09000000,15529.76599000,1338656.21226810,6160
2019-05-20,89.72000000,90.30000000,84.00000000,87.19000000,11784.15685000,1025526.27714510,5705
2019-05-21,87.14000000,92.50000000,87.06000000,88.51000000,16885.20812000,1509649.34727360,6387
2019-05-22,88.51000000,91.27000000,80.18000000,83.07000000,17803.41345000,1561979.06673360,5986
2019-05-23,83.19000000,85.34000000,80.66000000,84.69000000,8565.13740000,715170.78928130,3098
2019-05-24,84.81000000,86.93000000,83.36000000,85.44000000,9096.99016000,778608.70930810,3336
2019-05-25,85.32000000,87.31000000,85.02000000,86.80000000,5615.95591000,484005.89798230,2109
2019-05-26,86.67000000,92.39000000,85.00000000,91.30000000,12335.57747000,1091675.80175290,4754
2019-05-27,91.22000000,98.84000000,91.22000000,97.43000000,13539.46342000,1291150.85892210,5863
2019-05-28,97.31000000,98.47000000,95.28000000,95.93000000,7523.91455000,728268.37892860,3291
2019-05-29,95.63000000,95.91000000,90.00000000,93.81000000,9949.82174000,931838.68453710,4723
2019-05-30,93.77000000,98.99000000,88.28000000,91.61000000,15633.51120000,1479581.12200980,7474
2019-05-31,91.69000000,93.66000000,89.07000000,93.25000000,8083.30206000,742662.62113400,3306
2019-06-01,93.25000000,93.93000000,91.07000000,92.96000000,11483.95396000,1060713.42765050,3979
2019-06-02,92.82000000,96.14000000,92.56000000,94.77000000,4403.96219000,416719.89662520,3004
2019-06-03,94.77000000,96.00000000,88.83000000,88.85000000,8904.17858000,827452.82540960,4605
2019-06-04,88.81000000,89.00000000,81.17000000,83.65000000,11825.09013000,1012864.34926380,4669
2019-06-05,83.65000000,87.00000000,82.87000000,84.65000000,8431.71469000,716080.14195210,2647
2019-06-06,84.63000000,87.14000000,82.78000000,86.69000000,9642.17190000,822840.05387710,2356
2019-06-07,86.73000000,89.52000000,85.09000000,88.00000000,10052.83018000,878084.12929310,3228
2019-06-08,87.64000000,88.52000000,85.89000000,87.32000000,4056.75701000,353943.79821560,1871
2019-06-09,87.29000000,87.89000000,82.07000000,83.38000000,9455.74156000,802047.99938330,2541
2019-06-10,83.04000000,87.36000000,82.29000000,86.72000000,6575.96616000,559260.60226410,2409
2019-06-11,86.72000000,87.50000000,85.28000000,86.13000000,6339.17915000,548686.46987450,2042
2019-06-12,86.19000000,90.14000000,85.38000000,90.10000000,10887.79337000,961639.82319940,4140
2019-06-13,90.10000000,91.98000000,89.01000000,89.26000000,10717.84928000,970222.71687920,3733
2019-06-14,89.35000000,90.70000000,87.00000000,90.29000000,10244.47299000,910203.34029510,3637
2019-06-15,90.52000000,95.23000000,89.78000000,94.72000000,14677.60094000,1368170.31051580,5460
2019-06-16,94.85000000,97.82000000,93.80000000,95.99000000,10278.45841000,984168.76524130,5215
2019-06-17,95.99000000,99.68000000,95.99000000,98.71000000,13294.61980000,1306493.21450190,5104
2019-06-18,98.30000000,98.98000000,95.03000000,96.49000000,9353.88194000,907555.12353350,3432
2019-06-19,96.49000000,102.31000000,95.81000000,100.19000000,17807.59049000,1774377.81546660,5598
2019-06-20,100.37000000,109.01000000,99.73000000,105.07000000,30271.81513000,3156384.50221240,8920
2019-06-21,105.24000000,110.09000000,105.24000000,109.54000000,20466.16925000,2208151.76363760,7376
2019-06-22,109.50000000,119.07000000,107.57000000,115.48000000,26341.54906000,3018809.54007880,10608
2019-06-23,115.65000000,121.55000000,114.21000000,116.01000000,14517.91873000,1704411.41573630,6577
2019-06-24,115.68000000,119.98000000,112.64000000,117.86000000,12161.42684000,1412563.24987470,5525
2019-06-25,117.87000000,118.39000000,111.43000000,112.30000000,20565.13464000,2361396.61482060,13829
2019-06-26,112.33000000,114.43000000,99.51000000,105.00000000,79140.38783000,8500300.17358830,25809
2019-06-27,105.00000000,106.91000000,89.31000000,96.38000000,45856.10467000,4414092.66938970,17981
2019-06-28,96.39000000,103.00000000,94.28000000,102.06000000,23897.83876000,2361660.75787670,8460
2019-06-29,102.00000000,102.09000000,93.20000000,99.93000000,14519.59403000,1418226.22422920,6688
2019-06-30,100.27000000,100.96000000,87.80000000,88.71000000,19417.20628000,1818803.07405440,7387
2019-07-01,88.74000000,94.80000000,84.14000000,88.96000000,25094.33496000,2246094.27407790,8590
2019-07-02,88.96000000,89.60000000,82.43000000,86.73000000,21375.88579000,1824426.35019170,7254
2019-07-03,86.78000000,92.40000000,85.59000000,89.84000000,22812.01135000,2018766.78631770,7111
2019-07-04,89.93000000,92.90000000,87.14000000,87.65000000,14815.03405000,1333405.31897880,4971
2019-07-05,87.63000000,92.65000000,86.18000000,89.45000000,10878.13902000,965623.38261760,4245
2019-07-06,89.40000000,98.98000000,89.39000000,94.65000000,25713.19329000,2451872.07823340,8548
2019-07-07,94.58000000,107.07000000,93.00000000,106.99000000,19828.44100000,2007717.79274800,8339
2019-07-08,106.78000000,107.40000000,99.93000000,101.15000000,21365.03046000,2203341.92233460,8621
2019-07-09,101.16000000,104.67000000,97.42000000,99.35000000,11394.17689000,1153119.18870260,5532
2019-07-10,99.35000000,101.82000000,92.47000000,95.00000000,15019.71232000,1465835.98243110,5441
2019-07-11,95.00000000,95.37000000,87.30000000,89.75000000,14751.40184000,1341112.41718610,5317
2019-07-12,89.76000000,98.41000000,86.13000000,98.08000000,10804.74301000,998203.09760480,4233
2019-07-13,98.08000000,98.08000000,89.03000000,93.49000000,11241.95235000,1045680.64648210,6493
2019-07-14,93.39000000,94.74000000,85.01000000,86.23000000,21528.00180000,1924045.47681100,13720
2019-07-15,85.94000000,90.52000000,76.01000000,88.84000000,29400.01419000,2465455.33378130,14814
2019-07-16,88.84000000,89.37000000,73.50000000,74.22000000,21284.51313000,1687834.25180740,11020
2019-07-17,74.25000000,80.60000000,71.80000000,76.59000000,22498.26880000,1729507.97597970,10094
2019-07-18,76.80000000,85.70000000,74.82000000,84.06000000,18391.31879000,1490884.01365350,6887
2019-07-19,83.83000000,84.66000000,80.18000000,82.05000000,17515.48937000,1438260.74847720,13718
2019-07-20,82.05000000,87.73000000,81.37000000,85.35000000,14521.37357000,1223593.22703400,9974
2019-07-21,84.89000000,88.14000000,83.12000000,84.10000000,7252.22705000,617907.84420090,3392
2019-07-22,84.23000000,85.57000000,81.06000000,83.48000000,8944.73245000,748777.02296950,2977
2019-07-23,83.43000000,84.03000000,80.16000000,81.09000000,6902.22492000,566162.93037780,3059
2019-07-24,81.01000000,82.18000000,78.39000000,80.44000000,6680.75108000,537677.55100490,3032
2019-07-25,80.32000000,83.67000000,80.25000000,81.04000000,5326.45088000,436383.55297840,2393
2019-07-26,80.95000000,81.37000000,78.48000000,80.20000000,7363.37644000,588541.45349110,2379
2019-07-27,80.10000000,83.19000000,77.43000000,78.89000000,7304.96189000,581925.66201120,2736
2019-07-28,78.85000000,83.66000000,77.18000000,80.18000000,5220.13327000,418461.08729380,2882
2019-07-29,80.31000000,81.69000000,77.73000000,78.28000000,4605.32411000,366166.67240290,1999
2019-07-30,78.00000000,80.83000000,77.47000000,78.24000000,5545.15821000,435571.04516040,1813
2019-07-31,78.09000000,82.67000000,77.84000000,80.46000000,6797.22768000,546183.25550960,2394
2019-08-01,80.64000000,82.71000000,79.65000000,82.15000000,4331.68600000,350878.38241930,2242
2019-08-02,82.18000000,85.21000000,81.49000000,83.93000000,5608.98580000,469316.47905670,2608
2019-08-03,84.10000000,88.14000000,83.95000000,88.03000000,6127.24771000,530409.17261370,2912
2019-08-04,87.90000000,88.90000000,85.39000000,87.76000000,8305.22644000,724853.46871760,3063
2019-08-05,87.66000000,95.00000000,87.63000000,93.55000000,12038.27369000,1112908.73248580,5484
2019-08-06,93.51000000,96.70000000,88.00000000,89.90000000,9765.31877000,908612.19169630,4533
2019-08-07,89.64000000,98.10000000,88.99000000,97.43000000,11463.55455000,1072285.19960780,4364
2019-08-08,97.43000000,97.92000000,91.44000000,95.55000000,10203.96016000,962505.69878740,4024
2019-08-09,95.55000000,96.00000000,91.01000000,93.40000000,7928.63379000,738201.37209460,2734
2019-08-10,93.62000000,95.00000000,90.07000000,90.78000000,4971.03447000,459739.57043570,2338
2019-08-11,90.74000000,93.12000000,88.70000000,92.30000000,6248.07281000,570882.91460100,2650
2019-08-12,92.30000000,92.49000000,89.50000000,91.21000000,2740.82502000,249361.95413940,1325
2019-08-13,91.14000000,92.00000000,84.75000000,85.78000000,11248.43171000,990694.02339190,4007
2019-08-14,85.57000000,85.78000000,78.10000000,78.90000000,7671.97468000,629532.01015860,3678
2019-08-15,79.04000000,82.88000000,78.11000000,82.44000000,4279.06584000,343132.19301830,1845
2019-08-16,82.44000000,83.50000000,78.00000000,82.25000000,7031.69180000,564613.25309010,2899
2019-08-17,81.69000000,83.84000000,80.82000000,81.52000000,3782.16973000,312691.14491450,1640
2019-08-18,81.90000000,87.92000000,81.54000000,87.75000000,4544.88268000,382799.76455440,2245
2019-08-19,87.75000000,91.28000000,84.18000000,89.32000000,7044.43488000,616176.36790950,3056
2019-08-20,89.50000000,91.02000000,84.28000000,85.61000000,7415.67288000,644049.00866490,2843
2019-08-21,85.84000000,86.51000000,78.81000000,80.84000000,7850.57487000,643461.14791700,3173
2019-08-22,81.00000000,83.36000000,78.22000000,82.02000000,4453.88440000,360851.14035590,2353
2019-08-23,82.02000000,83.50000000,80.91000000,82.08000000,4933.07119000,406211.48523410,2327
2019-08-24,82.08000000,82.20000000,78.06000000,80.52000000,4830.64267000,386197.07098170,2385
2019-08-25,80.46000000,82.33000000,79.00000000,80.60000000,4828.89092000,388595.98583750,2037
2019-08-26,80.75000000,83.91000000,79.04000000,79.75000000,5254.40179000,427151.76341110,2271
2019-08-27,79.70000000,80.08000000,77.56000000,78.50000000,4241.47133000,333564.72351230,2049
2019-08-28,78.50000000,79.77000000,71.41000000,72.10000000,9797.75944000,736159.92121060,3528
2019-08-29,72.10000000,72.10000000,66.71000000,66.90000000,7727.18429000,538622.22079920,2788
2019-08-30,66.90000000,68.32000000,65.70000000,67.82000000,6732.76183000,452127.83949990,2369
2019-08-31,67.85000000,68.34000000,66.07000000,67.34000000,3275.36729000,219467.22831760,1043
2019-09-01,67.31000000,74.61000000,66.63000000,71.34000000,6897.75312000,478936.28464190,2049
2019-09-02,71.32000000,74.06000000,69.67000000,73.05000000,11150.06436000,795211.62045250,3150
2019-09-03,73.25000000,75.75000000,72.87000000,74.78000000,10246.19674000,761386.27741100,3187
2019-09-04,74.78000000,75.01000000,71.41000000,73.79000000,8002.09041000,583622.27066140,2496
2019-09-05,73.98000000,78.00000000,73.52000000,75.97000000,11876.04647000,895214.21122320,3028
2019-09-06,76.07000000,79.71000000,74.83000000,75.22000000,9994.84598000,771813.71555440,3681
2019-09-07,75.02000000,78.59000000,73.78000000,78.00000000,4684.55932000,357337.52350320,1595
2019-09-08,77.97000000,78.98000000,75.55000000,77.15000000,4943.06239000,381765.19765650,1870
2019-09-09,77.03000000,77.55000000,70.20000000,74.94000000,7966.79299000,601565.49339940,2731
2019-09-10,74.98000000,76.00000000,71.50000000,72.27000000,11768.49972000,860204.77074850,3327
2019-09-11,72.05000000,74.19000000,69.43000000,74.18000000,11528.42894000,834475.81640280,3764
2019-09-12,74.18000000,75.42000000,71.52000000,74.88000000,8008.42901000,584372.87350050,2651
2019-09-13,74.89000000,76.79000000,72.68000000,76.79000000,5678.04398000,422852.62077890,2177
2019-09-14,76.79000000,76.82000000,73.58000000,76.10000000,6202.47124000,465482.84798820,2295
2019-09-15,76.08000000,76.50000000,73.99000000,75.45000000,5712.93481000,428537.88812550,1885
2019-09-16,75.45000000,76.47000000,71.23000000,75.37000000,15821.29553000,1163378.56634360,4165
2019-09-17,75.37000000,75.47000000,73.05000000,73.73000000,15428.06594000,1144854.89212290,4551
2019-09-18,73.86000000,82.18000000,73.63000000,80.99000000,33312.43735000,2597894.88844590,8945
2019-09-19,80.89000000,81.58000000,72.50000000,75.77000000,29841.27483000,2235630.92804480,8507
2019-09-20,75.66000000,77.98000000,72.53000000,73.78000000,16026.20962000,1207129.89384120,4543
2019-09-21,73.78000000,73.91000000,71.95000000,72.33000000,12318.68095000,898073.26560120,3390
2019-09-22,72.34000000,74.20000000,70.80000000,73.00000000,19604.14881000,1423678.84662250,4916
2019-09-23,73.00000000,73.18000000,68.11000000,68.49000000,13191.44974000,929349.74623340,4340
2019-09-24,68.37000000,70.18000000,55.28000000,58.63000000,27972.03968000,1771400.20008840,9512
2019-09-25,58.70000000,61.35000000,57.30000000,59.59000000,25481.22867000,1510471.95428820,7837
2019-09-26,59.86000000,77.90000000,54.23000000,57.30000000,66266.17284000,3912915.16912740,14914
2019-09-27,57.17000000,70.00000000,54.06000000,57.48000000,181284.59618000,10428984.71911800,34545
2019-09-28,57.56000000,58.28000000,56.08000000,57.60000000,15462.06724000,885559.24213050,4423
2019-09-29,57.66000000,57.81000000,54.49000000,55.82000000,14057.42727000,784243.83761450,5096
2019-09-30,55.89000000,57.54000000,53.36000000,56.83000000,23050.43683000,1274049.25206740,8393
2019-10-01,56.81000000,58.28000000,50.00000000,55.50000000,22828.08566000,1293853.44443770,7241
2019-10-02,55.52000000,56.80000000,54.30000000,55.88000000,19011.50167000,1055327.77266680,6073
2019-10-03,55.93000000,57.23000000,54.07000000,56.13000000,26089.73413000,1451740.52572650,7365
2019-10-04,56.16000000,57.77000000,53.84000000,57.11000000,42074.23987000,2363741.46109480,9181
2019-10-05,57.11000000,57.62000000,55.17000000,56.41000000,34751.91933000,1951390.01648930,7368
2019-10-06,56.40000000,56.58000000,54.20000000,54.71000000,22196.37827000,1230387.13234880,5713
2019-10-07,54.68000000,57.08000000,54.19000000,56.11000000,34525.09543000,1938172.81687310,8048
2019-10-08,56.12000000,56.95000000,55.00000000,55.46000000,24302.37882000,1358146.97567350,6151
2019-10-09,55.37000000,57.45000000,54.88000000,57.00000000,34997.88113000,1969426.96678600,8957
2019-10-10,57.00000000,57.45000000,55.00000000,55.69000000,35639.72283000,2005578.95117360,6804
2019-10-11,55.69000000,56.63000000,53.82000000,53.93000000,29618.79508000,1630755.43434470,8343
2019-10-12,53.86000000,54.82000000,53.35000000,53.58000000,22033.77463000,1191075.18394500,6344
2019-10-13,53.55000000,54.05000000,52.32000000,53.25000000,23259.59336000,1241394.54136180,6740
2019-10-14,53.26000000,53.66000000,52.36000000,53.06000000,17580.43293000,932544.05909840,5585
2019-10-15,53.06000000,53.90000000,51.65000000,52.10000000,31782.19135000,1682900.05155530,7715
2019-10-16,52.05000000,55.30000000,51.64000000,54.79000000,72445.62978000,3888326.24306480,16245
2019-10-17,54.80000000,60.61000000,54.51000000,55.92000000,127581.79113000,7314233.32764000,22702
2019-10-18,55.93000000,58.37000000,55.10000000,55.23000000,57033.68523000,3232504.77653770,11645
2019-10-19,55.22000000,55.30000000,53.33000000,54.42000000,43917.80151000,2382108.33977940,10110
2019-10-20,54.35000000,57.27000000,53.67000000,56.40000000,28168.48761000,1566207.99439610,6500
2019-10-21,56.34000000,59.37000000,55.57000000,57.51000000,36324.38140000,2095921.15202780,8787
2019-10-22,57.43000000,58.65000000,55.83000000,56.67000000,33645.81046000,1921907.90418690,8777
2019-10-23,56.60000000,57.28000000,52.00000000,53.27000000,48014.63450000,2612637.60211520,11642
2019-10-24,53.28000000,54.49000000,50.86000000,53.32000000,33496.47281000,1767817.01122540,7861
2019-10-25,53.38000000,60.00000000,52.24000000,59.05000000,55520.64087000,3084204.25647020,13865
2019-10-26,59.11000000,67.01000000,55.15000000,56.77000000,90818.13440000,5388665.87389580,23077
2019-10-27,56.69000000,61.24000000,55.44000000,59.67000000,39774.94386000,2325872.42899080,11436
2019-10-28,59.75000000,61.63000000,58.55000000,59.29000000,32090.22783000,1935096.26275430,9716
2019-10-29,59.29000000,63.12000000,58.92000000,59.49000000,42988.00685000,2613255.95891620,10721
2019-10-30,59.53000000,59.54000000,57.16000000,58.42000000,35488.18050000,2078555.89807980,9314
2019-10-31,58.41000000,60.05000000,56.94000000,59.01000000,25163.28079000,1474370.99128070,7238
2019-11-01,59.01000000,61.20000000,58.23000000,60.62000000,23164.86460000,1379526.02019250,6404
2019-11-02,60.65000000,63.08000000,60.43000000,62.15000000,24087.82555000,1496293.89102680,5700
2019-11-03,62.15000000,65.00000000,61.02000000,63.25000000,34905.52542000,2198441.07518930,8748
2019-11-04,63.32000000,64.16000000,62.27000000,62.98000000,35662.71544000,2244556.33038520,8777
2019-11-05,62.96000000,63.65000000,61.68000000,62.80000000,22296.70089000,1399077.32496690,7167
2019-11-06,62.73000000,64.50000000,62.37000000,64.00000000,30877.42167000,1966282.70187990,8571
2019-11-07,64.01000000,67.49000000,62.76000000,63.07000000,64175.83086000,4144214.75732370,15361
2019-11-08,63.04000000,63.61000000,59.88000000,60.77000000,26622.82769000,1639779.39179720,8115
2019-11-09,60.72000000,62.36000000,60.42000000,61.83000000,13929.55795000,855222.18158520,4856
2019-11-10,61.91000000,64.67000000,61.65000000,63.78000000,22749.41617000,1441917.48983700,7467
2019-11-11,63.84000000,63.93000000,60.86000000,61.72000000,24227.04202000,1504312.74565900,7045
2019-11-12,61.71000000,66.00000000,61.46000000,62.26000000,49701.37797000,3136218.97314600,12110
2019-11-13,62.28000000,65.48000000,61.79000000,65.25000000,27483.80338000,1754638.41804690,7587
2019-11-14,65.33000000,65.55000000,63.72000000,65.02000000,26492.23632000,1717341.27488720,7548
2019-11-15,65.02000000,65.79000000,61.81000000,61.90000000,28631.69389000,1833654.85416070,9225
2019-11-16,61.84000000,62.88000000,61.05000000,61.38000000,26314.51277000,1629663.53186050,6311
2019-11-17,61.38000000,63.11000000,61.34000000,61.73000000,47674.08280000,2957055.45522940,10064
2019-11-18,61.66000000,61.94000000,57.73000000,58.41000000,35615.10120000,2158158.47145970,9372
2019-11-19,58.41000000,59.73000000,57.75000000,58.53000000,32747.87554000,1920655.76124040,8236
2019-11-20,58.49000000,59.21000000,57.61000000,57.90000000,36788.41511000,2140727.01584650,8066
2019-11-21,57.87000000,58.64000000,53.06000000,54.11000000,37649.79299000,2088517.58103670,9430
2019-11-22,54.11000000,54.92000000,47.50000000,50.99000000,78467.51356000,4019886.44225650,19269
2019-11-23,50.95000000,51.99000000,49.85000000,51.58000000,72611.87395000,3684000.11710810,13861
2019-11-24,51.56000000,51.86000000,47.16000000,47.44000000,39731.82631000,1983746.35468370,9640
2019-11-25,47.44000000,52.50000000,45.44000000,49.87000000,47607.65021000,2331391.81558000,11352
2019-11-26,49.87000000,52.11000000,49.53000000,51.18000000,45328.93584000,2316838.19956190,8341
2019-11-27,51.15000000,57.18000000,49.85000000,55.79000000,51583.90909000,2726088.32568290,10283
2019-11-28,55.73000000,58.89000000,53.57000000,53.81000000,45613.66414000,2522523.29795680,9142
2019-11-29,53.78000000,56.12000000,53.70000000,55.77000000,25600.45925000,1412598.35125270,5952
2019-11-30,55.72000000,56.05000000,53.58000000,54.86000000,12013.90841000,658508.52886890,3432
2019-12-01,54.77000000,54.77000000,52.30000000,53.38000000,15930.67931000,846143.49312990,4256
2019-12-02,53.48000000,54.58000000,52.25000000,53.88000000,20531.80360000,1097411.09713930,5073
2019-12-03,53.91000000,55.52000000,53.23000000,53.35000000,30911.36370000,1686683.29110150,6814
2019-12-04,53.28000000,57.30000000,51.65000000,52.61000000,47724.54256000,2558505.70094510,9842
2019-12-05,52.66000000,54.20000000,51.98000000,53.78000000,48664.38709000,2572176.54270560,8918
2019-12-06,53.74000000,55.50000000,52.82000000,54.03000000,34846.48127000,1890361.46162670,7718
2019-12-07,54.11000000,55.01000000,53.33000000,54.38000000,34153.67036000,1846074.03008700,7150
2019-12-08,54.25000000,54.82000000,53.47000000,53.68000000,18950.19183000,1025956.87011520,4181
2019-12-09,53.70000000,54.57000000,53.01000000,54.41000000,30648.33654000,1645035.11001200,7774
2019-12-10,54.43000000,54.72000000,52.12000000,52.70000000,27527.24797000,1476263.45357820,7205
2019-12-11,52.68000000,53.48000000,52.48000000,52.95000000,21749.40657000,1153413.38416560,4155
2019-12-12,53.00000000,53.97000000,51.01000000,52.93000000,34317.94080000,1817169.79515720,8687
2019-12-13,52.98000000,53.34000000,52.21000000,52.49000000,24866.74845000,1315418.33696960,4993
2019-12-14,52.44000000,52.72000000,50.90000000,51.31000000,22694.45701000,1178125.68242140,5216
2019-12-15,51.23000000,52.09000000,50.64000000,50.80000000,21132.45510000,1079104.50212340,5029
2019-12-16,50.81000000,51.10000000,48.28000000,49.11000000,23216.15568000,1160952.25064070,6367
2019-12-17,49.15000000,49.40000000,44.51000000,45.04000000,44462.38259000,2095758.22414200,9845
2019-12-18,45.08000000,49.19000000,43.75000000,47.76000000,63959.04777000,2941986.16284200,13131
2019-12-19,47.94000000,49.85000000,46.05000000,47.45000000,61832.58416000,2938043.97286770,11462
2019-12-20,47.40000000,47.54000000,46.48000000,46.64000000,40614.58241000,1905919.33220220,8149
2019-12-21,46.69000000,46.71000000,44.91000000,44.97000000,54748.36588000,2504690.05676440,10266
2019-12-22,44.99000000,47.97000000,44.96000000,47.34000000,109575.06435000,5098746.36017240,16292
2019-12-23,47.39000000,48.61000000,46.89000000,47.18000000,95648.58438000,4575119.24567530,14164
2019-12-24,47.18000000,47.94000000,45.55000000,45.82000000,80341.52655000,3766392.08089480,12010
2019-12-25,45.81000000,46.78000000,45.10000000,45.99000000,52884.28497000,2426825.41741800,7765
2019-12-26,45.99000000,46.55000000,44.85000000,45.31000000,44184.96061000,2027320.67533570,6953
2019-12-27,45.34000000,46.10000000,44.53000000,45.11000000,43084.37401000,1947366.97381580,7830
2019-12-28,45.11000000,45.85000000,44.92000000,45.43000000,32982.98393000,1497285.99772320,6059
2019-12-29,45.44000000,47.13000000,45.23000000,46.50000000,40830.83508000,1890919.37316280,8401
2019-12-30,46.53000000,46.72000000,45.62000000,46.17000000,31217.06684000,1442417.45417900,6895
2019-12-31,46.21000000,46.26000000,44.57000000,44.69000000,25352.09538000,1150952.65093450,6744
2020-01-01,44.67000000,45.89000000,44.54000000,45.82000000,18743.63854000,851007.02223040,5062
2020-01-02,45.82000000,46.14000000,44.31000000,45.50000000,25354.44426000,1148577.39796840,7004
2020-01-03,45.54000000,51.77000000,45.45000000,50.93000000,156643.20919000,7730197.40801220,33174
2020-01-04,50.96000000,51.37000000,49.74000000,50.37000000,35053.35816000,1768279.56533010,8543
2020-01-05,50.35000000,54.26000000,50.34000000,53.69000000,54781.36550000,2882100.14558200,12052
2020-01-06,53.68000000,59.27000000,53.67000000,58.91000000,68723.76894000,3847471.47643700,15722
2020-01-07,58.89000000,60.17000000,55.40000000,58.36000000,76443.13328000,4422669.88764950,18906
2020-01-08,58.36000000,60.33000000,55.23000000,59.44000000,67288.71434000,3899515.14727220,19932
2020-01-09,59.46000000,59.53000000,56.76000000,58.68000000,62202.80563000,3623187.65411790,19070
2020-01-10,58.68000000,59.65000000,56.77000000,58.42000000,84463.61102000,4930046.48035040,24160
2020-01-11,58.43000000,64.25000000,57.90000000,58.25000000,144805.88890000,8788178.44980020,36142
2020-01-12,58.17000000,59.99000000,57.26000000,59.19000000,43850.34602000,2577097.31209700,12244
2020-01-13,59.21000000,59.22000000,56.66000000,57.72000000,53718.20923000,3095884.94683200,12428
2020-01-14,57.79000000,63.05000000,57.69000000,62.55000000,124253.45431000,7547581.33727130,26446
2020-01-15,62.47000000,69.36000000,61.81000000,68.47000000,176475.93404000,11635349.65480000,41667
2020-01-16,68.48000000,69.00000000,62.58000000,65.63000000,68525.82618000,4456663.57133490,18660
2020-01-17,65.65000000,72.00000000,64.05000000,68.95000000,90653.31089000,6181069.28201450,24627
2020-01-18,68.92000000,70.94000000,66.15000000,67.00000000,56225.67664000,3871721.76930780,14972
2020-01-19,67.00000000,69.47000000,62.74000000,65.17000000,48682.74962000,3225748.07707450,12819
2020-01-20,65.23000000,66.53000000,62.17000000,64.96000000,32916.73105000,2127222.08109780,9304
2020-01-21,64.98000000,66.88000000,64.07000000,65.87000000,25334.44886000,1663664.78167570,8029
2020-01-22,65.97000000,66.55000000,64.35000000,65.00000000,25926.81677000,1694325.95693360,7978
2020-01-23,65.09000000,65.09000000,61.15000000,62.55000000,24642.65790000,1544354.17337150,8116
2020-01-24,62.57000000,62.99000000,58.00000000,61.67000000,56646.65159000,3439268.24251570,14626
2020-01-25,61.65000000,62.57000000,59.87000000,61.35000000,20249.99616000,1238409.11144270,6469
2020-01-26,61.25000000,64.82000000,60.79000000,63.97000000,27159.87227000,1717391.23644630,9892
2020-01-27,64.02000000,66.32000000,63.41000000,65.44000000,38301.33204000,2480929.27885140,11163
2020-01-28,65.48000000,67.90000000,65.13000000,67.71000000,42159.48327000,2791365.42972410,12422
2020-01-29,67.87000000,70.84000000,67.34000000,70.02000000,55474.21068000,3820870.11525580,20928
2020-01-30,69.93000000,75.02000000,68.44000000,74.83000000,76932.17855000,5432694.84473670,19263
2020-01-31,74.90000000,76.02000000,69.37000000,72.16000000,95888.31180000,6897611.88021920,19247
2020-02-01,72.16000000,73.90000000,71.20000000,73.22000000,45816.64286000,3334697.86643700,11906
2020-02-02,73.25000000,77.86000000,70.99000000,74.89000000,89080.24342000,6557316.62451460,18114
2020-02-03,74.86000000,78.23000000,74.28000000,76.74000000,105463.12310000,8099261.25914440,44927
2020-02-04,76.77000000,77.39000000,73.70000000,75.17000000,51998.90241000,3911248.61879080,28461
2020-02-05,75.22000000,79.19000000,74.58000000,77.84000000,60236.11875000,4637039.15926770,28044
2020-02-06,77.83000000,80.11000000,76.38000000,78.30000000,52575.27104000,4121957.42031900,18295
2020-02-07,78.26000000,80.96000000,78.21000000,79.48000000,57073.62710000,4553568.13186220,21749
2020-02-08,79.47000000,81.59000000,76.85000000,80.64000000,48845.04025000,3890439.74385260,19382
2020-02-09,80.64000000,87.82000000,80.44000000,87.59000000,77002.14410000,6494516.81046100,46074
2020-02-10,87.63000000,87.90000000,83.22000000,84.53000000,61795.19253000,5253033.14953830,40035
2020-02-11,84.53000000,89.52000000,82.65000000,89.36000000,67868.15486000,5787863.57587870,23627
2020-02-12,89.45000000,94.67000000,89.10000000,94.29000000,103240.12183000,9473066.95829050,39104
2020-02-13,94.37000000,95.20000000,89.44000000,92.25000000,87832.38479000,8122256.18500650,45433
2020-02-14,92.25000000,95.20000000,90.75000000,95.16000000,49133.26383000,4588243.31755000,19031
2020-02-15,95.12000000,96.86000000,86.42000000,89.10000000,69017.88285000,6375687.11139520,35828
2020-02-16,89.17000000,92.15000000,79.51000000,87.80000000,89824.40075000,7800509.46485050,52035
2020-02-17,87.77000000,89.03000000,79.19000000,82.59000000,86651.76670000,7237756.25407030,40985
2020-02-18,82.65000000,87.26000000,81.12000000,86.34000000,67346.84381000,5669325.24965270,26111
2020-02-19,86.34000000,86.81000000,76.04000000,77.69000000,58141.47534000,4819413.32256610,28832
2020-02-20,77.71000000,79.13000000,74.97000000,76.39000000,109683.14036000,8484373.90229740,37180
2020-02-21,76.53000000,82.13000000,75.65000000,80.29000000,64280.53192000,5106750.55264710,29305
2020-02-22,80.27000000,82.82000000,78.00000000,78.90000000,90729.44324000,7278746.77380720,27407
2020-02-23,78.89000000,85.59000000,78.82000000,85.05000000,64150.70253000,5312471.36338480,25976
2020-02-24,85.13000000,86.30000000,76.89000000,79.20000000,80931.93110000,6580655.59033080,25062
2020-02-25,79.19000000,82.07000000,75.34000000,76.49000000,70490.55843000,5528700.04588070,23348
2020-02-26,76.48000000,77.94000000,68.38000000,70.61000000,94766.06591000,6876894.46623240,32207
2020-02-27,70.62000000,72.66000000,66.71000000,70.26000000,102439.36647000,7163747.29834980,35228
2020-02-28,70.26000000,71.55000000,66.05000000,68.41000000,67880.89100000,4643230.71728320,16834
2020-02-29,68.41000000,69.17000000,65.91000000,65.92000000,46744.02251000,3166023.95606960,17604
2020-03-01,65.90000000,67.75000000,63.26000000,64.53000000,51748.53249000,3397339.49691670,16957
2020-03-02,64.39000000,69.25000000,64.25000000,68.78000000,56632.41582000,3798102.53779120,18535
2020-03-03,68.87000000,69.00000000,65.00000000,65.89000000,50168.48198000,3353112.26944090,16948
2020-03-04,65.90000000,67.99000000,64.71000000,65.68000000,44799.42047000,2972555.46812100,14024
2020-03-05,65.72000000,70.05000000,65.72000000,68.46000000,38793.22803000,2659839.62324560,13007
2020-03-06,68.46000000,69.78000000,67.56000000,69.13000000,55041.31234000,3770718.40192420,17546
2020-03-07,69.12000000,69.58000000,65.15000000,65.71000000,64801.88028000,4335586.16108080,15934
2020-03-08,65.71000000,65.71000000,55.78000000,56.44000000,108856.47094000,6613472.89491240,24870
2020-03-09,56.38000000,57.71000000,52.23000000,55.77000000,119547.55597000,6589965.80032860,23234
2020-03-10,55.81000000,57.05000000,53.59000000,54.82000000,74260.92422000,4104534.90668740,17664
2020-03-11,54.87000000,56.04000000,50.97000000,54.20000000,71365.42885000,3852758.48708670,21071
2020-03-12,54.28000000,54.38000000,30.34000000,31.81000000,300131.32910000,12230435.89191040,73667
2020-03-13,31.83000000,40.45000000,25.08000000,36.92000000,267765.28941000,9073892.50074820,72296
2020-03-14,36.94000000,40.15000000,35.35000000,36.21000000,109242.17365000,4128416.64752160,35589
2020-03-15,36.18000000,41.25000000,35.68000000,38.01000000,138659.77134000,5197136.67594190,41341
2020-03-16,38.01000000,38.77000000,29.20000000,34.00000000,216900.34329000,7170551.42838940,43480
2020-03-17,34.05000000,37.47000000,33.49000000,36.26000000,110119.72250000,3969666.26683130,22979
2020-03-18,36.27000000,37.57000000,33.95000000,37.12000000,140960.94656000,5042630.14374240,29057
2020-03-19,37.12000000,42.88000000,36.05000000,40.87000000,162254.59273000,6385185.38497420,32116
2020-03-20,40.82000000,45.44000000,36.48000000,40.33000000,175376.25564000,7352111.28561920,40933
2020-03-21,40.35000000,45.46000000,38.41000000,41.23000000,200887.51854000,8158843.35703280,40998
2020-03-22,41.21000000,42.61000000,37.77000000,38.21000000,168994.43805000,6884010.34994470,28071
2020-03-23,38.19000000,46.75000000,37.59000000,44.45000000,151242.69515000,6214170.41447120,28622
2020-03-24,44.45000000,48.08000000,43.22000000,47.26000000,174599.77016000,7947109.82683530,33770
2020-03-25,47.13000000,48.14000000,45.06000000,47.15000000,118935.52705000,5527713.86874070,20695
2020-03-26,47.18000000,51.03000000,47.18000000,50.28000000,164697.75207000,8130538.11074370,29745
2020-03-27,50.28000000,51.44000000,47.37000000,47.70000000,104502.64593000,5200374.90689530,23354
2020-03-28,47.69000000,48.48000000,44.89000000,47.11000000,130406.93778000,6091056.76042110,26916
2020-03-29,47.13000000,47.31000000,43.96000000,44.04000000,72229.07183000,3289474.29434520,14152
2020-03-30,44.04000000,47.66000000,43.85000000,46.41000000,110255.71745000,5134921.03760180,18137
2020-03-31,46.48000000,48.55000000,46.36000000,47.60000000,104684.11339000,4954292.65694140,16464
2020-04-01,47.59000000,48.89000000,46.43000000,48.47000000,94140.72078000,4451102.24083800,15024
2020-04-02,48.47000000,53.00000000,47.92000000,50.75000000,127460.02239000,6340184.02955950,23979
2020-04-03,50.68000000,54.35000000,50.23000000,52.96000000,135822.79731000,7190209.44077760,35072
2020-04-04,52.98000000,55.30000000,52.12000000,54.11000000,133614.30853000,7211182.29898620,29855
2020-04-05,54.14000000,54.32000000,52.60000000,53.15000000,69488.98755000,3725595.76339960,16718
2020-04-06,53.15000000,59.23000000,53.14000000,58.93000000,122788.89810000,6976267.02114480,30545
2020-04-07,58.89000000,60.58000000,54.76000000,55.94000000,124691.67781000,7194116.26011170,29420
2020-04-08,55.97000000,58.28000000,55.55000000,57.88000000,82257.55004000,4710708.47220430,18821
2020-04-09,57.85000000,58.93000000,56.09000000,58.40000000,70792.84374000,4094808.94170000,16399
2020-04-10,58.37000000,58.48000000,52.43000000,53.70000000,99510.99145000,5449526.46199750,25915
2020-04-11,53.70000000,54.82000000,52.49000000,53.86000000,64901.31719000,3485287.50130990,16917
2020-04-12,53.84000000,55.64000000,52.81000000,53.68000000,76041.20897000,4114281.71503680,17752
2020-04-13,53.67000000,53.68000000,51.01000000,52.98000000,98275.00270000,5132659.89417040,23238
2020-04-14,53.04000000,55.22000000,52.65000000,54.09000000,78544.54869000,4245995.50982390,17241
2020-04-15,54.08000000,55.12000000,53.11000000,53.12000000,105132.30664000,5693421.85858700,24844
2020-04-16,53.11000000,57.65000000,51.56000000,56.90000000,133570.03403000,7363588.74269140,36425
2020-04-17,56.98000000,57.28000000,56.00000000,56.21000000,62431.75786000,3534905.61448310,14334
2020-04-18,56.20000000,58.80000000,55.96000000,58.04000000,61439.81283000,3528135.46701910,15524
2020-04-19,57.98000000,58.49000000,56.38000000,57.05000000,64000.51113000,3683860.53052880,15453
2020-04-20,57.02000000,58.38000000,53.96000000,54.69000000,68620.33465000,3871292.49551150,19015
2020-04-21,54.64000000,55.90000000,54.00000000,55.14000000,54194.16674000,2982727.47825430,16103
2020-04-22,55.14000000,57.35000000,54.73000000,56.95000000,54030.38594000,3040022.90476510,14769
2020-04-23,56.98000000,61.06000000,56.14000000,59.27000000,74876.13115000,4407586.66835860,20914
2020-04-24,59.27000000,62.45000000,59.18000000,60.68000000,72897.21584000,4431607.99201080,18334
2020-04-25,60.72000000,62.39000000,60.04000000,60.55000000,53175.29274000,3250663.65443630,13842
2020-04-26,60.55000000,62.00000000,59.84000000,61.33000000,61648.23511000,3772279.28932530,13832
2020-04-27,61.36000000,62.48000000,60.91000000,62.36000000,56186.86538000,3466977.14364640,15937
2020-04-28,62.40000000,63.83000000,61.22000000,62.07000000,81842.32202000,5110428.34061010,21563
2020-04-29,62.05000000,66.89000000,61.63000000,66.32000000,125685.27454000,8139745.97217800,33533
2020-04-30,66.31000000,68.42000000,61.11000000,62.28000000,125526.44439000,8079876.03161750,33267
2020-05-01,62.26000000,65.00000000,62.20000000,63.45000000,49802.91724000,3180942.80644530,16333
2020-05-02,63.45000000,64.97000000,63.29000000,64.54000000,27670.26567000,1774873.19233160,11035
2020-05-03,64.55000000,65.12000000,61.73000000,62.37000000,51250.93487000,3258470.55910270,14748
2020-05-04,62.42000000,62.61000000,58.53000000,61.06000000,73522.35412000,4416256.16110110,16707
2020-05-05,61.09000000,62.02000000,59.70000000,60.31000000,57308.97616000,3486237.03934080,13582
2020-05-06,60.33000000,62.06000000,57.36000000,57.85000000,126465.45997000,7637067.84416540,43763
2020-05-07,57.80000000,64.98000000,57.20000000,64.60000000,172064.24404000,10521424.01373490,39732
2020-05-08,64.59000000,65.93000000,63.06000000,63.39000000,146156.29752000,9437875.47179770,39858
2020-05-09,63.43000000,64.92000000,62.62000000,63.05000000,67357.01938000,4315810.96768030,20653
2020-05-10,62.97000000,63.15000000,53.25000000,58.85000000,134564.75291000,7754991.19824590,39798
2020-05-11,58.77000000,61.98000000,55.70000000,59.36000000,139601.77309000,8266283.64965510,28003
2020-05-12,59.41000000,62.37000000,59.16000000,61.50000000,67381.49689000,4107566.12092980,15628
2020-05-13,61.54000000,66.23000000,61.41000000,65.00000000,116846.55614000,7499186.02385690,28045
2020-05-14,65.03000000,65.77000000,62.66000000,65.28000000,100135.35976000,6445025.59037070,25102
2020-05-15,65.24000000,65.72000000,62.34000000,62.77000000,81238.96785000,5226798.11636050,17921
2020-05-16,62.73000000,65.88000000,62.03000000,65.42000000,62814.41423000,4027759.58197550,13809
2020-05-17,65.43000000,67.15000000,64.73000000,65.22000000,54596.30641000,3585687.90094410,14443
2020-05-18,65.21000000,67.78000000,65.01000000,66.96000000,59379.16460000,3952354.89736620,16895
2020-05-19,67.02000000,67.61000000,64.89000000,66.70000000,55491.29068000,3683226.14358820,12180
2020-05-20,66.71000000,67.09000000,63.01000000,64.66000000,66764.83721000,4374835.77885910,16518
2020-05-21,64.69000000,65.14000000,59.96000000,61.65000000,65248.26749000,4081257.43104780,13389
2020-05-22,61.65000000,63.54000000,61.00000000,62.89000000,61318.05756000,3825054.08527860,14549
2020-05-23,62.89000000,65.00000000,62.57000000,63.46000000,43248.60649000,2754514.31267350,10382
2020-05-24,63.46000000,63.71000000,60.58000000,60.64000000,54021.43623000,3386464.01993150,14645
2020-05-25,60.65000000,62.40000000,60.02000000,61.54000000,42997.96878000,2636730.16501680,9744
2020-05-26,61.58000000,62.36000000,60.79000000,61.91000000,41870.14645000,2585155.28152990,10588
2020-05-27,61.91000000,65.57000000,61.34000000,64.47000000,56913.08644000,3638101.36642540,19004
2020-05-28,64.50000000,67.56000000,63.16000000,67.15000000,77866.95229000,5079994.37253050,17321
2020-05-29,67.13000000,67.89000000,65.88000000,66.05000000,51959.26670000,3463353.21026740,12202
2020-05-30,66.07000000,68.80000000,65.33000000,68.36000000,70693.19836000,4753976.99945830,22872
2020-05-31,68.36000000,68.70000000,63.75000000,64.94000000,71165.38539000,4761858.37090110,23350
2020-06-01,64.92000000,68.47000000,63.30000000,67.72000000,79408.30500000,5226192.80559840,20404
2020-06-02,67.72000000,70.31000000,63.61000000,66.66000000,78751.55303000,5317036.13551470,25524
2020-06-03,66.59000000,68.21000000,66.03000000,67.16000000,37779.18493000,2538802.24085520,10664
2020-06-04,67.17000000,68.75000000,65.58000000,68.14000000,61016.61846000,4118763.23586080,14672
2020-06-05,68.13000000,69.21000000,67.17000000,67.45000000,37004.31975000,2520881.92287690,10478
2020-06-06,67.43000000,68.12000000,66.96000000,67.70000000,38534.43775000,2606879.70933980,8540
2020-06-07,67.65000000,68.14000000,64.64000000,66.39000000,66950.26871000,4433187.85764350,17747
2020-06-08,66.40000000,68.34000000,66.22000000,68.28000000,44730.64637000,3008585.19659180,14586
2020-06-09,68.28000000,68.79000000,67.08000000,67.99000000,38852.99283000,2642676.00828420,10162
2020-06-10,68.06000000,69.71000000,67.42000000,69.67000000,60364.50507000,4141731.30770620,14185
2020-06-11,69.69000000,70.07000000,63.00000000,63.71000000,66936.74356000,4470792.30496900,15857
2020-06-12,63.72000000,66.58000000,62.91000000,65.69000000,42444.52690000,2766922.08395390,9357
2020-06-13,65.70000000,66.58000000,65.03000000,66.58000000,26907.53083000,1774165.91475570,6708
2020-06-14,66.54000000,66.60000000,64.50000000,65.39000000,32749.56722000,2148840.76854620,7529
2020-06-15,65.40000000,65.66000000,61.87000000,64.53000000,60095.55967000,3810299.79616300,14738
2020-06-16,64.52000000,66.00000000,64.27000000,66.00000000,30699.42907000,2004156.35098510,7916
2020-06-17,66.01000000,66.96000000,64.63000000,65.09000000,40350.45225000,2655167.76026490,11096
2020-06-18,65.10000000,65.93000000,58.06000000,64.93000000,53662.26687000,3488397.89869140,13331
2020-06-19,64.86000000,65.34000000,63.44000000,64.09000000,50851.69336000,3277506.64440300,10150
2020-06-20,64.13000000,64.64000000,63.38000000,64.06000000,38798.89490000,2483043.28957080,6995
2020-06-21,64.09000000,65.06000000,63.84000000,64.48000000,32703.55262000,2109006.87035260,6143
2020-06-22,64.48000000,66.93000000,64.46000000,66.16000000,59815.29234000,3917087.03235770,11819
2020-06-23,66.16000000,67.33000000,65.36000000,66.87000000,60325.62158000,4015037.04298460,11619
2020-06-24,66.87000000,67.41000000,63.98000000,64.83000000,56430.93555000,3712061.77909450,11752
2020-06-25,64.88000000,65.12000000,63.08000000,64.30000000,43956.74942000,2833963.24992950,8172
2020-06-26,64.28000000,64.62000000,63.00000000,64.00000000,48994.17029000,3136321.47790930,8902
2020-06-27,64.02000000,64.34000000,60.26000000,62.08000000,56791.01934000,3543490.63302260,16119
2020-06-28,62.14000000,63.62000000,61.76000000,63.29000000,40556.06977000,2545923.63447100,8775
2020-06-29,63.31000000,64.87000000,62.47000000,64.19000000,42987.61591000,2734037.54063810,8934
2020-06-30,64.18000000,64.60000000,63.27000000,63.48000000,48284.17093000,3084775.84320350,9592
2020-07-01,63.50000000,64.86000000,63.22000000,64.52000000,53259.37691000,3409657.82667410,10361
2020-07-02,64.51000000,66.72000000,62.38000000,65.20000000,99637.90342000,6437117.63734380,23840
2020-07-03,65.20000000,67.50000000,62.41000000,62.66000000,109839.46029000,7067032.10272120,20334
2020-07-04,62.62000000,64.85000000,62.46000000,64.22000000,87714.30112000,5571701.94867880,20353
2020-07-05,64.23000000,64.64000000,61.34000000,63.33000000,115618.84926000,7312186.00926070,34033
2020-07-06,63.23000000,65.04000000,62.80000000,64.95000000,71963.24004000,4607655.12161640,18179
2020-07-07,64.91000000,65.14000000,63.71000000,64.59000000,37895.55614000,2441112.96339610,9672
2020-07-08,64.64000000,67.37000000,64.09000000,66.27000000,98759.86722000,6518137.31622680,25268
2020-07-09,66.23000000,69.32000000,65.00000000,67.28000000,111020.00235000,7442682.73046040,26608
2020-07-10,67.28000000,68.32000000,65.11000000,67.25000000,119226.91481000,7960450.13816040,22551
2020-07-11,67.29000000,69.82000000,67.12000000,68.74000000,99714.96027000,6813547.63326400,21974
2020-07-12,68.74000000,70.35000000,68.00000000,69.22000000,118954.66430000,8245690.11675520,26042
2020-07-13,69.26000000,70.08000000,67.60000000,69.26000000,87607.61178000,6072473.21459660,21025
2020-07-14,69.18000000,69.18000000,66.75000000,67.81000000,67397.34686000,4577538.60636600,14268
2020-07-15,67.84000000,72.57000000,67.38000000,70.63000000,143365.96353000,10020157.15622140,31078
2020-07-16,70.56000000,71.55000000,66.56000000,67.70000000,127159.85073000,8752079.72636510,25654
2020-07-17,67.69000000,68.36000000,67.00000000,67.64000000,55782.76937000,3775999.28214520,10455
2020-07-18,67.62000000,69.24000000,66.96000000,68.39000000,63492.09267000,4317207.13591000,12996
2020-07-19,68.38000000,69.07000000,67.64000000,68.91000000,50175.52466000,3433115.07168630,9586
2020-07-20,68.91000000,70.32000000,68.68000000,69.31000000,61706.15630000,4279777.21431130,13378
2020-07-21,69.32000000,71.67000000,69.08000000,69.63000000,91784.55089000,6480807.57884560,19424
2020-07-22,69.68000000,71.50000000,69.28000000,71.48000000,70904.47560000,4976067.03806080,14898
2020-07-23,71.45000000,74.08000000,70.72000000,73.02000000,96122.80963000,6939946.57198010,20075
2020-07-24,72.99000000,73.03000000,71.32000000,71.54000000,66123.78995000,4763363.85521960,14487
2020-07-25,71.60000000,73.96000000,71.48000000,73.61000000,60379.89890000,4410984.87366690,14424
2020-07-26,73.62000000,78.21000000,73.00000000,78.16000000,106938.84373000,8141257.59393180,30838
2020-07-27,78.15000000,79.50000000,75.03000000,78.43000000,137809.77046000,10662882.33500440,40806
2020-07-28,78.44000000,83.33000000,78.36000000,81.20000000,203136.31945000,16523614.29008930,47746
2020-07-29,81.20000000,82.78000000,78.95000000,79.11000000,103575.69790000,8440244.66452250,26063
2020-07-30,79.12000000,82.54000000,78.44000000,80.92000000,70729.34542000,5714291.30434440,19976
2020-07-31,80.92000000,84.64000000,80.27000000,84.55000000,77189.51886000,6339961.35388160,24491
2020-08-01,84.49000000,90.10000000,83.39000000,89.64000000,121998.23347000,10561384.96920390,36546
2020-08-02,89.59000000,91.04000000,77.77000000,85.00000000,177537.25147000,15105487.95218060,48968
2020-08-03,84.97000000,89.68000000,83.95000000,89.06000000,90141.46134000,7876664.21416550,24080
2020-08-04,89.06000000,89.96000000,85.30000000,87.24000000,102073.67799000,8939117.02670340,25267
2020-08-05,87.30000000,90.62000000,86.13000000,90.39000000,81935.42610000,7249691.94772350,21612
2020-08-06,90.39000000,96.52000000,88.32000000,95.49000000,129605.19828000,11967775.37629620,32512
2020-08-07,95.45000000,95.65000000,90.60000000,94.01000000,111836.08048000,10463095.22682760,31635
2020-08-08,94.01000000,95.23000000,91.71000000,94.87000000,53280.50949000,5003571.11394130,15483
2020-08-09,94.84000000,94.99000000,92.16000000,92.90000000,59988.61546000,5597060.06318920,14113
2020-08-10,92.91000000,94.50000000,88.04000000,93.76000000,77069.76802000,7155143.91253490,23649
2020-08-11,93.76000000,94.88000000,84.16000000,87.25000000,101082.26550000,9095188.22498880,28017
2020-08-12,87.33000000,89.86000000,84.07000000,89.54000000,63829.66797000,5581923.05974400,17462
2020-08-13,89.45000000,92.26000000,85.53000000,92.03000000,92458.86300000,8232099.01136970,26861
2020-08-14,92.02000000,93.63000000,89.82000000,91.42000000,102347.93680000,9359679.13092340,28449
2020-08-15,91.43000000,92.04000000,88.97000000,89.76000000,82519.65634000,7480752.77162840,20210
2020-08-16,89.81000000,91.42000000,87.98000000,91.20000000,64581.33925000,5814934.94186410,15374
2020-08-17,91.22000000,95.04000000,89.40000000,93.49000000,97863.25740000,9050189.62566980,25293
2020-08-18,93.45000000,97.26000000,91.44000000,93.43000000,139230.33581000,13039587.43792950,38007
2020-08-19,93.42000000,94.49000000,88.84000000,91.31000000,121114.37435000,11113997.71668130,38245
2020-08-20,91.27000000,101.73000000,91.23000000,101.56000000,181335.31510000,17512628.65958600,49300
2020-08-21,101.61000000,106.00000000,92.10000000,92.21000000,231350.61953000,23236663.20833160,59971
2020-08-22,92.23000000,95.03000000,88.67000000,94.50000000,87794.02814000,8061071.07853200,24574
2020-08-23,94.58000000,94.93000000,90.50000000,91.26000000,63583.77699000,5836393.57309280,17811
2020-08-24,91.25000000,94.34000000,90.25000000,93.64000000,69353.29332000,6448173.93804260,20352
2020-08-25,93.61000000,94.00000000,85.78000000,88.63000000,78507.89071000,7043873.18810730,22910
2020-08-26,88.53000000,89.81000000,87.17000000,88.93000000,62150.57896000,5513920.62413800,17193
2020-08-27,88.91000000,90.69000000,85.57000000,89.66000000,75690.58693000,6669445.23880870,23455
2020-08-28,89.71000000,95.58000000,88.66000000,94.43000000,96663.35620000,8890501.09562980,27759
2020-08-29,94.44000000,95.84000000,92.33000000,92.65000000,89693.80092000,8457066.07443620,24619
2020-08-30,92.65000000,96.36000000,92.65000000,96.25000000,73926.95650000,6982999.18519090,22281
2020-08-31,96.24000000,96.74000000,93.05000000,93.10000000,61803.60686000,5854015.81553580,18108
2020-09-01,93.14000000,97.74000000,91.50000000,96.99000000,100106.62348000,9575905.98053840,31594
2020-09-02,96.96000000,97.36000000,88.00000000,91.07000000,108991.25095000,9993579.51645120,30890
2020-09-03,91.10000000,91.59000000,75.51000000,77.10000000,112692.99628000,9539281.86206580,39679
2020-09-04,77.11000000,83.50000000,76.04000000,82.08000000,122965.94513000,9936828.41244080,39207
2020-09-05,82.08000000,83.60000000,73.93000000,77.71000000,125666.23363000,9838219.15570210,41488
2020-09-06,77.71000000,81.24000000,75.11000000,80.15000000,77662.35402000,6122568.42609430,24854
2020-09-07,80.14000000,82.99000000,76.51000000,82.56000000,85441.17199000,6798879.33129310,27563
2020-09-08,82.56000000,84.89000000,78.62000000,84.19000000,134249.50508000,11011218.42852930,37870
2020-09-09,84.11000000,85.87000000,82.20000000,84.26000000,81912.87014000,6902408.24225220,20931
2020-09-10,84.27000000,86.44000000,83.90000000,85.61000000,71822.28887000,6113936.20013980,18177
2020-09-11,85.61000000,85.92000000,83.00000000,83.95000000,52768.45523000,4429503.36693930,12938
2020-09-12,84.02000000,87.15000000,82.97000000,86.70000000,61834.59049000,5230241.67226430,18356
2020-09-13,86.72000000,90.10000000,85.04000000,86.18000000,105709.03828000,9247751.28170820,28493
2020-09-14,86.17000000,95.20000000,84.31000000,91.68000000,94332.20567000,8360081.83920850,27345
2020-09-15,91.68000000,93.17000000,88.01000000,91.16000000,105692.90687000,9553810.55318870,30822
2020-09-16,91.18000000,92.76000000,87.11000000,88.27000000,80232.14920000,7230637.02123800,24462
2020-09-17,88.21000000,94.04000000,87.38000000,92.82000000,105027.98421000,9575928.82547730,29533
2020-09-18,92.83000000,95.14000000,91.24000000,92.47000000,70538.07630000,6564913.91393530,19551
2020-09-19,92.49000000,95.39000000,91.39000000,94.61000000,45674.94371000,4279096.13058830,12588
2020-09-20,94.55000000,94.86000000,90.47000000,92.63000000,46679.77399000,4331336.11143560,12975
2020-09-21,92.65000000,94.51000000,85.58000000,89.13000000,108979.82079000,9766526.70053470,33760
2020-09-22,89.08000000,97.00000000,87.13000000,92.56000000,88291.06303000,8122469.31414830,28505
2020-09-23,92.56000000,94.17000000,86.35000000,87.17000000,63910.22929000,5783520.28326600,18349
2020-09-24,87.20000000,92.15000000,86.56000000,91.84000000,89982.59084000,8095850.32804960,22694
2020-09-25,91.81000000,94.22000000,90.23000000,92.93000000,94929.66302000,8758369.01201150,19821
2020-09-26,92.97000000,95.47000000,92.24000000,94.63000000,61474.28290000,5767964.79705190,13982
2020-09-27,94.55000000,100.00000000,93.51000000,97.09000000,127456.86482000,12356112.58545810,29434
2020-09-28,97.14000000,98.77000000,94.43000000,95.12000000,91779.64988000,8900730.06746260,21229
2020-09-29,95.11000000,101.25000000,94.25000000,100.51000000,111246.74874000,10832388.47133170,23984
2020-09-30,100.47000000,110.47000000,97.68000000,108.60000000,209871.01799000,21760190.38184410,44767
2020-10-01,108.60000000,113.36000000,101.43000000,103.74000000,270245.94694000,29186053.52484450,66600
2020-10-02,103.86000000,105.43000000,93.52000000,101.61000000,184975.12765000,18356732.55221030,54716
2020-10-03,101.66000000,103.99000000,100.62000000,103.58000000,70280.38961000,7198479.68772500,17853
2020-10-04,103.56000000,109.45000000,101.23000000,105.46000000,95787.39913000,10114679.03230540,24368
2020-10-05,105.46000000,114.52000000,104.11000000,112.73000000,145697.92787000,15711163.79597570,40032
2020-10-06,112.78000000,113.89000000,105.31000000,106.43000000,180700.12474000,19980392.06528780,44446
2020-10-07,106.44000000,112.89000000,102.15000000,110.29000000,182143.74304000,19683864.65434500,46966
2020-10-08,110.27000000,112.93000000,107.49000000,111.36000000,168156.87447000,18553399.49026650,42499
2020-10-09,111.30000000,118.14000000,108.35000000,115.92000000,190546.75779000,21672929.30586050,43768
2020-10-10,115.91000000,118.79000000,115.06000000,115.88000000,107677.61125000,12611220.35436260,26540
2020-10-11,115.81000000,129.30000000,115.39000000,125.81000000,169285.44181000,20670746.91291870,48075
2020-10-12,125.81000000,147.41000000,125.04000000,129.00000000,295707.60391000,38736606.99771000,83565
2020-10-13,129.00000000,131.91000000,123.48000000,127.97000000,143964.68321000,18324057.83116360,41345
2020-10-14,127.90000000,133.80000000,125.00000000,128.41000000,152115.52296000,19698081.07758190,41594
2020-10-15,128.44000000,132.45000000,123.55000000,130.22000000,120962.85721000,15464919.82581230,36124
2020-10-16,130.22000000,135.01000000,119.01000000,120.62000000,155249.71658000,19189677.07595880,44908
2020-10-17,120.62000000,122.84000000,118.92000000,120.10000000,65370.14601000,7876856.66749480,21833
2020-10-18,120.09000000,124.51000000,119.91000000,124.44000000,53838.03846000,6567168.63951690,19174
2020-10-19,124.37000000,130.32000000,122.48000000,125.77000000,129739.70769000,16427398.76452030,42842
2020-10-20,125.74000000,127.24000000,117.15000000,118.25000000,136324.66780000,16651864.66705430,44774
2020-10-21,118.25000000,126.35000000,116.55000000,121.24000000,137501.44444000,16814742.23867590,45118
2020-10-22,121.23000000,129.68000000,119.20000000,127.60000000,124422.52619000,15581926.82727160,42916
2020-10-23,127.62000000,127.66000000,122.41000000,127.47000000,79621.90336000,9959959.65798870,27449
2020-10-24,127.47000000,130.00000000,125.26000000,129.31000000,70316.55393000,8997573.62984770,24057
2020-10-25,129.30000000,134.24000000,127.83000000,131.08000000,90654.93906000,11869133.11783750,30566
2020-10-26,131.14000000,139.38000000,129.00000000,131.42000000,153558.89948000,20725087.84673170,56845
2020-10-27,131.35000000,138.03000000,131.18000000,133.83000000,114573.51339000,15506380.00074190,41137
2020-10-28,133.91000000,135.46000000,123.43000000,126.32000000,113742.98700000,14737968.47128210,38346
2020-10-29,126.32000000,128.65000000,121.69000000,124.38000000,117544.60749000,14758036.46656290,40801
2020-10-30,124.38000000,125.33000000,117.95000000,122.98000000,125530.60142000,15233422.39692820,39761
2020-10-31,122.96000000,128.30000000,121.29000000,126.52000000,114364.92277000,14220412.22112970,34115
2020-11-01,126.53000000,127.27000000,123.61000000,127.08000000,46154.30346000,5782422.74900940,16617
2020-11-02,127.08000000,128.30000000,115.57000000,118.82000000,116504.99356000,14069539.52371280,37617
2020-11-03,118.82000000,121.47000000,116.00000000,121.13000000,95292.37729000,11307213.64791160,36920
2020-11-04,121.18000000,121.82000000,113.60000000,115.67000000,121984.35128000,14400842.76715270,41105
2020-11-05,115.77000000,125.00000000,110.50000000,119.56000000,155407.85216000,17974506.45947130,56390
2020-11-06,119.51000000,124.26000000,116.29000000,119.37000000,127649.03125000,15418723.37652790,48056
2020-11-07,119.34000000,126.04000000,109.62000000,110.96000000,165912.07807000,19623367.47784510,60199
2020-11-08,111.03000000,120.98000000,109.61000000,120.33000000,80211.84229000,9310276.77492190,30316
2020-11-09,120.26000000,122.10000000,114.04000000,115.89000000,116465.70322000,13633350.59245660,41292
2020-11-10,115.89000000,117.94000000,114.05000000,115.54000000,57758.17237000,6703667.42455980,22795
2020-11-11,115.55000000,118.00000000,113.12000000,113.13000000,83359.02436000,9660854.33015300,28339
2020-11-12,113.12000000,115.06000000,110.09000000,112.16000000,94916.88949000,10656646.99384190,35301
2020-11-13,112.16000000,115.00000000,111.52000000,114.09000000,72394.10452000,8205422.94402750,28745
2020-11-14,114.10000000,117.63000000,113.15000000,116.89000000,82724.29824000,9528313.28257530,33528
2020-11-15,116.92000000,117.98000000,112.86000000,114.60000000,60211.76256000,6989560.32069970,23100
2020-11-16,114.62000000,119.97000000,113.49000000,118.52000000,93076.75528000,11005235.38372240,32912
2020-11-17,118.45000000,125.71000000,117.79000000,125.55000000,106174.35002000,12843681.66559090,40255
2020-11-18,125.48000000,126.50000000,118.83000000,123.51000000,143792.70839000,17674990.37109620,51149
2020-11-19,123.55000000,123.80000000,116.94000000,118.49000000,107567.94501000,12899352.24021700,37654
2020-11-20,118.44000000,123.02000000,117.95000000,121.04000000,118458.69929000,14352005.59049320,40754
2020-11-21,121.01000000,129.53000000,119.51000000,128.46000000,138732.15351000,17337159.37145860,57485
2020-11-22,128.49000000,129.72000000,119.17000000,123.65000000,146364.09470000,18206496.26844030,61428
2020-11-23,123.67000000,131.00000000,122.40000000,129.88000000,152118.50765000,19220884.45315750,69949
2020-11-24,129.86000000,142.85000000,126.32000000,135.15000000,309909.03792000,41392599.84390320,130071
2020-11-25,135.07000000,138.72000000,125.16000000,128.80000000,180359.32150000,24145151.86849390,82518
2020-11-26,128.85000000,132.37000000,108.07000000,119.98000000,280579.01746000,32917166.95319430,104759
2020-11-27,119.97000000,122.17000000,111.53000000,117.32000000,113857.03218000,13188053.83777210,47378
2020-11-28,117.33000000,124.99000000,114.32000000,122.03000000,84091.39691000,10120762.91500820,37215
2020-11-29,122.03000000,125.94000000,119.19000000,123.94000000,89194.22132000,10944573.43238560,38672
2020-11-30,123.97000000,130.77000000,121.50000000,130.65000000,92935.77272000,11698665.76347140,41882
2020-12-01,130.65000000,132.72000000,120.50000000,125.79000000,129097.47739000,16436755.08628340,61750
2020-12-02,125.79000000,129.27000000,123.70000000,127.92000000,80009.02266000,10181080.22758360,35429
2020-12-03,127.82000000,133.72000000,126.41000000,133.54000000,72157.98175000,9356886.34011570,31985
2020-12-04,133.39000000,135.65000000,126.35000000,126.57000000,106738.55076000,14090550.22760700,42841
2020-12-05,126.57000000,133.91000000,124.26000000,133.49000000,61239.57256000,7941154.46606920,25412
2020-12-06,133.47000000,134.71000000,128.20000000,134.33000000,76285.14568000,10034477.13990250,28246
2020-12-07,134.37000000,144.11000000,133.93000000,138.61000000,177805.88755000,24813247.28216470,60416
2020-12-08,138.61000000,143.26000000,132.68000000,135.87000000,117089.96113000,16120807.23219550,49724
2020-12-09,135.80000000,136.01000000,127.00000000,132.46000000,99010.87271000,13043620.59946290,37609
2020-12-10,132.45000000,135.06000000,129.30000000,133.60000000,76095.94348000,10072584.37924530,28950
2020-12-11,133.70000000,142.25000000,130.00000000,141.43000000,130284.06743000,17570224.28105430,47133
2020-12-12,141.43000000,150.00000000,141.02000000,146.82000000,199705.27348000,29064046.85331670,69190
2020-12-13,146.75000000,152.40000000,143.81000000,152.12000000,107916.24720000,15945871.69765800,43240
2020-12-14,152.01000000,157.65000000,150.49000000,152.52000000,171876.95912000,26456575.38738880,57294
2020-12-15,152.53000000,155.61000000,150.44000000,150.50000000,92104.87520000,14100900.41145830,32080
2020-12-16,150.50000000,159.29000000,147.33000000,158.93000000,143545.97912000,21927106.80090050,49821
2020-12-17,158.81000000,163.95000000,153.80000000,160.42000000,193932.29184000,30717081.78549040,67277
2020-12-18,160.39000000,160.48000000,153.06000000,154.44000000,94632.13838000,14805546.55242630,32978
2020-12-19,154.61000000,158.76000000,153.70000000,154.60000000,69815.64370000,10898314.69518660,27401
2020-12-20,154.58000000,156.96000000,151.00000000,152.42000000,69065.04122000,10632441.86651420,29830
2020-12-21,152.27000000,153.67000000,142.64000000,145.66000000,72514.00597000,10717874.25173860,33402
2020-12-22,145.66000000,157.53000000,143.75000000,156.56000000,88144.81008000,13285964.00171370,41041
2020-12-23,156.57000000,169.04000000,147.93000000,150.92000000,242140.81770000,38841287.40689100,93465
2020-12-24,150.73000000,158.79000000,146.35000000,156.86000000,127817.97842000,19463806.54741650,52825
2020-12-25,156.72000000,161.00000000,152.44000000,159.14000000,92747.62363000,14522626.12339240,39838
2020-12-26,159.21000000,168.34000000,158.79000000,168.21000000,115049.58171000,18896838.26856780,51724
2020-12-27,168.24000000,171.32000000,155.90000000,156.99000000,148301.77178000,24288857.93179820,64517
2020-12-28,156.99000000,168.60000000,156.35000000,166.64000000,83798.08903000,13704756.15440310,41372
2020-12-29,166.47000000,167.48000000,155.00000000,161.54000000,94332.08499000,15136517.51691650,45913
2020-12-30,161.54000000,164.26000000,157.50000000,159.55000000,83783.64252000,13450076.23575000,43812
2020-12-31,159.55000000,161.66000000,155.36000000,156.22000000,69130.22602000,10931913.42939910,32011
2021-01-01,156.20000000,169.09000000,130.23000000,135.81000000,361562.69100000,52710191.07952970,145031
2021-01-02,135.73000000,145.56000000,128.32000000,143.52000000,378478.37786000,51728853.89394040,124133
2021-01-03,143.52000000,145.08000000,131.00000000,138.26000000,231236.74832000,31853549.68283160,73326
2021-01-04,138.24000000,143.90000000,128.72000000,133.79000000,222339.61750000,30472017.58878510,80916
2021-01-05,133.76000000,139.60000000,129.04000000,136.00000000,176543.99308000,23522559.89208920,65469
2021-01-06,136.00000000,142.37000000,132.53000000,142.31000000,152929.80342000,20977699.59361120,54649
2021-01-07,142.37000000,153.10000000,139.30000000,142.90000000,270122.85833000,39432081.68664270,88369
2021-01-08,142.95000000,150.28000000,135.37000000,142.11000000,220252.53289000,31515933.46682680,75296
2021-01-09,142.13000000,149.05000000,139.07000000,147.40000000,146593.42187000,21200571.51509190,48166
2021-01-10,147.36000000,190.00000000,147.36000000,184.89000000,516930.37464000,85126930.52490300,169027
2021-01-11,185.03000000,186.42000000,142.00000000,157.96000000,674009.48764000,106824269.14556230,217955
2021-01-12,157.94000000,174.24000000,153.69000000,159.09000000,286848.82637000,47049722.18183560,97864
2021-01-13,159.16000000,173.26000000,152.29000000,171.55000000,161045.00438000,26209628.63745930,59293
2021-01-14,171.20000000,171.87000000,160.61000000,163.81000000,139646.04048000,23244616.87206210,52233
2021-01-15,163.86000000,167.82000000,147.47000000,156.98000000,152092.38865000,24288007.31076290,48525
2021-01-16,156.99000000,162.00000000,152.49000000,155.56000000,96580.18228000,15275361.77885490,38424
2021-01-17,155.57000000,164.49000000,149.77000000,159.65000000,141244.30475000,22137586.94382770,41299
2021-01-18,159.61000000,160.81000000,150.22000000,156.98000000,146966.50805000,22680405.16235060,42772
2021-01-19,156.93000000,165.62000000,152.54000000,157.27000000,206048.40928000,32569632.26510760,57863
2021-01-20,157.14000000,161.58000000,146.02000000,152.77000000,131646.46540000,20057325.76613230,46109
2021-01-21,152.78000000,153.14000000,128.02000000,130.53000000,221398.52587000,30909981.19312650,62796
2021-01-22,130.54000000,141.22000000,121.82000000,135.79000000,156728.55625000,20641524.32110210,45863
2021-01-23,135.78000000,141.76000000,133.74000000,139.03000000,90972.28570000,12558803.52105780,30672
2021-01-24,139.06000000,143.06000000,134.07000000,138.03000000,88779.35680000,12370089.52680880,29090
2021-01-25,138.04000000,145.55000000,136.80000000,137.16000000,107565.03753000,15147931.13239770,36927
2021-01-26,137.14000000,141.00000000,133.20000000,137.85000000,121047.07044000,16642984.69923580,36031
2021-01-27,137.86000000,138.18000000,125.06000000,125.45000000,146810.79287000,19293813.66003820,49853
2021-01-28,125.41000000,140.21000000,123.55000000,135.43000000,216338.01303000,28968217.21537520,72680
2021-01-29,135.51000000,150.00000000,132.07000000,140.31000000,180825.51866000,25283089.13134280,71204
2021-01-30,140.34000000,142.18000000,136.16000000,139.43000000,84838.81419000,11748599.61993290,34300
2021-01-31,139.44000000,140.45000000,132.17000000,137.73000000,81249.04002000,11058953.58360850,33395
2021-02-01,137.73000000,146.29000000,135.64000000,143.36000000,142330.81570000,20186291.21511640,52135
2021-02-02,143.32000000,151.97000000,142.75000000,151.19000000,98757.06911000,14468666.73878510,42875
2021-02-03,151.20000000,155.24000000,150.15000000,154.60000000,107458.32209000,16471450.88222970,48094
2021-02-04,154.65000000,155.51000000,147.68000000,148.04000000,97493.70597000,14735755.48570410,43238
2021-02-05,148.09000000,156.43000000,147.41000000,155.40000000,105835.81866000,16074789.04979830,42507
2021-02-06,155.46000000,158.16000000,152.00000000,152.06000000,98267.18616000,15275517.69727210,43944
2021-02-07,152.11000000,156.08000000,147.21000000,150.31000000,108689.49578000,16468590.08093110,49324
2021-02-08,150.30000000,163.84000000,147.22000000,163.21000000,131063.01992000,20417322.01011070,63258
2021-02-09,163.09000000,178.00000000,158.50000000,169.14000000,154738.08161000,25553481.56393330,64415
2021-02-10,169.09000000,183.00000000,165.00000000,175.60000000,171067.85337000,29703120.61611990,74451
2021-02-11,175.50000000,192.55000000,170.55000000,190.49000000,216880.77219000,39727033.92927420,81934
2021-02-12,190.48000000,215.80000000,190.28000000,200.64000000,284477.16557000,57676936.01103770,114105
2021-02-13,200.57000000,255.32000000,196.39000000,240.99000000,395012.93590000,88133544.77765640,165963
2021-02-14,241.10000000,243.20000000,223.01000000,230.14000000,195501.77804000,45465031.57418490,88953
2021-02-15,230.13000000,234.15000000,200.83000000,228.21000000,224464.36218000,49054648.70951150,98135
2021-02-16,228.24000000,237.00000000,210.22000000,221.48000000,145693.52089000,32528260.05361710,70601
2021-02-17,221.43000000,275.00000000,220.73000000,272.25000000,283425.73720000,70191961.79015840,137974
2021-02-18,272.11000000,276.69000000,246.33000000,260.94000000,159588.32269000,41997811.91439300,80432
2021-02-19,261.17000000,283.94000000,252.50000000,282.51000000,167163.83879000,45016655.30249560,90117
2021-02-20,282.21000000,288.80000000,245.55000000,255.11000000,220107.16037000,58840206.77926320,117373
2021-02-21,255.02000000,261.26000000,243.46000000,247.28000000,159592.20158000,40399931.21647890,79294
2021-02-22,247.37000000,248.66000000,186.95000000,224.22000000,283427.71478000,63564779.68017060,141607
2021-02-23,224.29000000,225.57000000,170.15000000,220.85000000,340782.27824000,67722191.62599620,153760
2021-02-24,221.04000000,225.61000000,197.80000000,204.27000000,212105.58419000,45436289.52044230,87367
2021-02-25,204.52000000,218.58000000,196.00000000,198.98000000,131498.34269000,27196851.24468290,59415
2021-02-26,198.61000000,217.92000000,193.51000000,204.20000000,177306.27464000,36190053.09681210,72159
2021-02-27,204.16000000,223.20000000,203.54000000,209.26000000,124307.97213000,26778120.49660310,58883
2021-02-28,209.34000000,227.50000000,198.24000000,219.18000000,199009.46387000,42257355.02717230,79748
2021-03-01,219.23000000,230.72000000,209.92000000,230.40000000,114755.59135000,25233423.53371450,57230
2021-03-02,230.56000000,232.51000000,211.00000000,220.04000000,99961.51740000,22234093.34086230,50772
2021-03-03,220.14000000,228.99000000,215.65000000,218.70000000,125359.45832000,27825452.30179500,50836
2021-03-04,218.82000000,223.93000000,209.66000000,217.52000000,101341.12347000,21847799.52295300,48702
2021-03-05,217.31000000,217.58000000,202.69000000,205.84000000,88002.69962000,18247636.14031150,40400
2021-03-06,205.83000000,208.13000000,198.15000000,204.35000000,115437.07406000,23428276.97293630,42166
2021-03-07,204.51000000,210.27000000,202.17000000,208.99000000,73427.75486000,15171397.98723390,35729
2021-03-08,209.07000000,221.24000000,204.00000000,221.08000000,104651.61369000,22235950.39147780,49577
2021-03-09,221.02000000,228.99000000,218.04000000,225.16000000,101112.21848000,22582850.42923380,55111
2021-03-10,224.98000000,227.39000000,214.70000000,220.19000000,90560.90849000,20012430.98943450,44310
2021-03-11,220.16000000,226.34000000,212.76000000,221.11000000,88910.63827000,19578946.34291500,46594
2021-03-12,221.06000000,226.02000000,214.90000000,222.85000000,80249.23799000,17728896.02928390,43427
2021-03-13,222.89000000,239.46000000,218.10000000,239.46000000,101280.98881000,23396836.26979210,59546
2021-03-14,239.44000000,241.00000000,229.21000000,232.25000000,90506.24317000,21278353.21591750,54973
2021-03-15,232.21000000,238.19000000,215.39000000,221.88000000,126952.33310000,28301100.62497370,62914
2021-03-16,221.93000000,229.99000000,211.08000000,229.92000000,102570.64095000,22679561.94464440,50336
2021-03-17,229.92000000,237.37000000,225.61000000,236.20000000,103403.79291000,23990486.21272310,55563
2021-03-18,235.87000000,240.33000000,227.53000000,228.04000000,99810.52231000,23465610.92924320,54305
2021-03-19,228.03000000,236.01000000,223.28000000,231.43000000,87290.07264000,20205283.21484770,47535
2021-03-20,231.42000000,237.31000000,230.21000000,231.95000000,55535.75692000,13013810.32552890,37128
2021-03-21,231.99000000,238.88000000,225.79000000,231.66000000,76229.70607000,17665399.23618240,43412
2021-03-22,231.71000000,233.27000000,217.00000000,217.08000000,97236.62201000,22135788.62245760,50265
2021-03-23,217.11000000,225.13000000,211.46000000,218.02000000,99344.82440000,21793194.42398920,48343
2021-03-24,217.94000000,230.00000000,206.58000000,210.67000000,96133.42596000,21193070.56440820,57802
2021-03-25,210.75000000,221.48000000,204.59000000,214.33000000,96580.57907000,20848615.81281970,53057
2021-03-26,214.45000000,225.93000000,214.20000000,221.70000000,75708.88941000,16747628.25881200,47179
2021-03-27,221.68000000,223.90000000,214.03000000,221.27000000,63852.42557000,14056689.05477320,40780
2021-03-28,221.25000000,233.00000000,217.51000000,232.66000000,108768.14933000,24528436.63647320,61988
2021-03-29,232.64000000,241.90000000,230.55000000,233.80000000,108484.63539000,25576536.63249260,69162
2021-03-30,233.80000000,247.50000000,232.28000000,244.39000000,103504.67258000,24900737.57093270,64703
2021-03-31,244.37000000,264.00000000,242.22000000,245.80000000,178369.52639000,45124697.47614860,105603
2021-04-01,245.82000000,255.55000000,244.42000000,250.65000000,110224.84804000,27601624.05930850,69132
2021-04-02,250.65000000,261.40000000,249.00000000,257.70000000,126702.70643000,32439255.39247080,76582
2021-04-03,257.72000000,267.22000000,253.18000000,257.23000000,109072.31411000,28336831.43438450,75624
2021-04-04,257.20000000,272.50000000,247.12000000,263.60000000,159614.35177000,41523794.31587500,90764
2021-04-05,263.49000000,270.00000000,260.00000000,265.37000000,118545.24642000,31337840.34083660,66451
2021-04-06,265.56000000,277.20000000,261.58000000,270.68000000,123865.71576000,33391933.25435420,84297
2021-04-07,270.73000000,280.00000000,252.68000000,257.44000000,186019.49264000,50025255.97085080,111175
2021-04-08,257.26000000,271.88000000,250.54000000,269.69000000,112446.41379000,29518889.83027270,75697
2021-04-09,269.69000000,290.00000000,265.94000000,273.37000000,126545.26566000,35319745.07123130,85047
2021-04-10,273.37000000,299.00000000,272.98000000,291.72000000,181166.11218000,52326427.29097030,121071
2021-04-11,291.79000000,329.51000000,291.35000000,328.90000000,182394.78305000,56389563.73455790,139323
2021-04-12,328.93000000,345.00000000,313.67000000,314.32000000,221086.95365000,72872725.87004980,150531
2021-04-13,314.29000000,331.38000000,307.00000000,327.43000000,156125.65899000,49415791.05437930,113904
2021-04-14,327.62000000,331.10000000,308.29000000,320.65000000,126806.44872000,40782080.55341190,91510
2021-04-15,320.71000000,347.88000000,318.40000000,344.40000000,121789.11963000,40464747.71901980,107751
2021-04-16,344.20000000,347.00000000,313.49000000,340.66000000,151851.51493000,50595886.37353600,115756
2021-04-17,340.61000000,375.40000000,340.58000000,363.77000000,214569.34882000,76889859.31923490,175385
2021-04-18,363.69000000,376.24000000,281.00000000,338.48000000,283448.87370000,92416224.44704950,186658
2021-04-19,338.45000000,366.25000000,305.12000000,358.07000000,266251.51766000,90671587.50967930,188037
2021-04-20,357.45000000,415.40000000,328.01000000,404.34000000,453203.21601000,172150432.00525780,323019
2021-04-21,404.49000000,426.47000000,372.50000000,375.44000000,358054.95445000,143555042.75865020,254467
2021-04-22,375.39000000,390.99000000,343.32000000,346.68000000,217278.20616000,81420960.51656920,155943
2021-04-23,346.77000000,355.00000000,300.47000000,354.37000000,303931.55487000,99719373.75227950,191162
2021-04-24,354.73000000,397.28000000,338.01000000,381.18000000,209628.37482000,77566164.49352780,160118
2021-04-25,381.45000000,406.45000000,334.65000000,355.44000000,198016.52708000,74377548.51219110,144439
2021-04-26,355.35000000,406.14000000,340.04000000,405.46000000,208448.37907000,78444727.69929700,174675
2021-04-27,405.43000000,413.00000000,384.78000000,401.60000000,132782.10155000,53110656.22148490,117257
2021-04-28,401.65000000,440.00000000,399.15000000,413.54000000,223848.53162000,94434399.00506230,186537
2021-04-29,413.28000000,426.04000000,399.00000000,407.32000000,126240.60080000,51965499.77611250,99883
2021-04-30,407.32000000,423.01000000,403.10000000,421.78000000,137253.18848000,56500892.18116620,100912
2021-05-01,421.67000000,434.56000000,415.50000000,425.76000000,112349.41376000,47624609.52339870,94179
2021-05-02,425.77000000,427.00000000,400.00000000,404.46000000,85980.83970000,35369088.07024460,71971
2021-05-03,404.28000000,426.49000000,399.16000000,411.31000000,140824.84729000,58169723.46470110,110057
2021-05-04,411.46000000,411.95000000,378.28000000,379.54000000,179530.18136000,70954502.83990830,128999
2021-05-05,379.53000000,418.00000000,375.69000000,417.16000000,137891.45801000,55435648.90384760,120623
2021-05-06,417.11000000,435.99000000,404.25000000,422.45000000,190139.20309000,79788009.22202450,172733
2021-05-07,422.42000000,519.13000000,422.20000000,454.81000000,491677.66960000,235802647.32806060,467704
2021-05-08,454.74000000,488.98000000,451.24000000,475.59000000,179011.98516000,84037125.41161390,163433
2021-05-09,475.95000000,486.67000000,446.08000000,484.00000000,139892.38562000,65214770.19350480,146288
2021-05-10,484.29000000,497.55000000,422.22000000,441.03000000,160293.84112000,75118925.55446110,159876
2021-05-11,441.56000000,454.67000000,420.10000000,453.41000000,155338.82386000,67900255.47952920,126113
2021-05-12,453.42000000,480.00000000,385.30000000,396.06000000,196103.83430000,87610595.49549760,175116
2021-05-13,395.47000000,420.97000000,369.78000000,402.34000000,201834.77761000,79738292.56551340,154500
2021-05-14,402.43000000,422.28000000,394.30000000,412.91000000,112687.68010000,46203294.37063040,96822
2021-05-15,412.84000000,441.99000000,381.05000000,382.38000000,224708.68969000,92815182.33387480,184225
2021-05-16,382.47000000,404.47000000,371.00000000,390.65000000,158043.70334000,61775414.65156480,128410
2021-05-17,390.55000000,390.57000000,329.95000000,339.87000000,210847.14119000,74462079.40382270,157884
2021-05-18,339.80000000,360.88000000,326.23000000,341.02000000,138408.52483000,47547507.76265430,106486
2021-05-19,340.89000000,347.00000000,124.69000000,197.34000000,541247.34555000,133335934.07869870,324525
2021-05-20,197.58000000,289.99000000,180.00000000,280.79000000,443567.52211000,106895446.76624160,256406
2021-05-21,280.70000000,329.99000000,227.02000000,256.20000000,805091.39058000,229114311.60577090,491343
2021-05-22,256.18000000,262.59000000,222.46000000,231.12000000,399180.83523000,95881461.07194620,221666
2021-05-23,231.03000000,261.24000000,174.33000000,225.50000000,474782.73527000,103152018.72450980,235253
2021-05-24,225.81000000,256.94000000,214.66000000,256.22000000,279996.57079000,66123328.85352730,170736
2021-05-25,256.39000000,265.50000000,226.55000000,246.62000000,198293.23228000,48420921.87359360,132326
2021-05-26,246.66000000,275.00000000,242.63000000,268.53000000,189377.88116000,49137807.78194180,125290
2021-05-27,268.55000000,269.20000000,242.89000000,252.84000000,155071.73981000,39662005.76825810,98802
2021-05-28,252.81000000,267.22000000,218.99000000,262.10000000,244055.00517000,59834385.79492930,163587
2021-05-29,262.30000000,297.40000000,229.15000000,243.16000000,376103.62903000,100785501.19953280,319821
2021-05-30,243.13000000,268.45000000,226.02000000,261.90000000,144914.38730000,36756602.12164240,106948
2021-05-31,261.88000000,275.86000000,242.45000000,272.21000000,138570.24074000,35718595.31951260,121588
2021-06-01,272.11000000,276.50000000,252.50000000,266.37000000,136533.41927000,35799687.62636470,109307
2021-06-02,266.40000000,295.00000000,262.50000000,294.63000000,131447.47903000,36662087.25321500,114034
2021-06-03,294.63000000,316.23000000,285.67000000,309.57000000,177007.95518000,53669627.13249740,160010
2021-06-04,309.62000000,312.24000000,267.65000000,287.36000000,156030.11142000,44809798.72660610,147525
2021-06-05,287.41000000,295.14000000,256.91000000,264.01000000,166798.80051000,46291895.55949570,128302
2021-06-06,263.91000000,276.90000000,262.34000000,272.50000000,103782.64721000,27951825.65716400,67062
2021-06-07,272.50000000,282.16000000,247.00000000,249.02000000,117987.97191000,31911515.69703970,72649
2021-06-08,248.96000000,255.73000000,222.27000000,253.61000000,157186.22259000,38139523.36370100,95657
2021-06-09,253.59000000,275.31000000,237.22000000,274.87000000,155100.84230000,40189123.60462350,97572
2021-06-10,274.77000000,283.00000000,254.30000000,255.60000000,143655.24170000,38754112.60722640,109101
2021-06-11,255.62000000,258.61000000,240.33000000,242.89000000,93280.82417000,23510997.20101970,67195
2021-06-12,242.90000000,251.80000000,232.00000000,243.04000000,97936.08283000,23706865.82789270,60513
2021-06-13,243.06000000,262.29000000,237.45000000,260.75000000,71157.77901000,17687042.22731700,46168
2021-06-14,260.79000000,275.59000000,258.44000000,275.57000000,109891.70905000,29243761.77364750,80467
2021-06-15,275.51000000,285.50000000,272.10000000,278.15000000,124525.83183000,34711705.53492960,96046
2021-06-16,278.14000000,288.66000000,259.35000000,262.94000000,106485.21447000,29282083.94349250,107214
2021-06-17,262.90000000,281.95000000,261.77000000,277.12000000,95468.77049000,26252804.63056570,92097
2021-06-18,277.17000000,280.00000000,260.88000000,265.77000000,172250.17329000,46783414.37594470,135571
2021-06-19,265.88000000,282.15000000,263.07000000,267.90000000,125224.15244000,34333458.05019600,111169
2021-06-20,267.96000000,271.36000000,247.66000000,264.53000000,119084.38746000,31090304.89314030,94917
2021-06-21,264.56000000,265.71000000,200.17000000,203.05000000,227728.00656000,52739857.60928650,123490
2021-06-22,202.98000000,225.94000000,180.07000000,201.81000000,326674.32575000,65995945.53960140,143368
2021-06-23,201.81000000,224.14000000,192.59000000,218.51000000,179935.74855000,38340437.74856500,91381
2021-06-24,218.66000000,227.26000000,204.25000000,225.74000000,145645.61889000,31659852.66492500,68443
2021-06-25,225.76000000,227.76000000,192.64000000,194.95000000,174432.91431000,35917261.80494790,85689
2021-06-26,194.85000000,202.95000000,185.13000000,202.84000000,130234.09925000,25249805.24168250,68355
2021-06-27,202.83000000,212.05000000,195.51000000,211.92000000,85327.16509000,17213243.12925470,47369
2021-06-28,211.92000000,217.59000000,205.91000000,213.17000000,110639.16637000,23490651.94039240,63862
2021-06-29,213.25000000,227.04000000,212.17000000,217.89000000,119238.18174000,26204270.63604180,73139
2021-06-30,217.81000000,223.84000000,208.81000000,223.06000000,118266.61867000,25698554.09126120,70379
2021-07-01,223.09000000,223.37000000,203.18000000,205.44000000,124184.65086000,26072138.76137050,67450
2021-07-02,205.52000000,211.86000000,199.30000000,211.35000000,84529.23072000,17423156.55345030,51660
2021-07-03,211.35000000,216.35000000,206.70000000,214.86000000,68396.11770000,14565181.49388750,41924
2021-07-04,214.83000000,225.30000000,212.88000000,219.92000000,85565.30008000,18901446.68022680,52009
2021-07-05,219.87000000,220.55000000,205.63000000,214.47000000,101846.00844000,21683489.60084170,57328
2021-07-06,214.45000000,222.34000000,211.77000000,221.75000000,96336.92290000,20866157.55911050,52911
2021-07-07,221.74000000,231.61000000,214.21000000,215.17000000,106321.98914000,23781045.32662130,59691
2021-07-08,215.01000000,215.77000000,201.82000000,205.23000000,108787.59766000,22603877.41042750,49735
2021-07-09,205.27000000,215.00000000,199.69000000,212.87000000,78935.16088000,16348534.70828940,39391
2021-07-10,212.86000000,217.63000000,206.74000000,209.70000000,71042.41830000,15126069.73574220,38415
2021-07-11,209.66000000,214.68000000,207.88000000,211.52000000,59523.51120000,12580156.53209190,31979
2021-07-12,211.88000000,216.81000000,203.04000000,206.25000000,80874.38255000,16920249.94734040,39532
2021-07-13,206.17000000,211.58000000,200.39000000,203.83000000,82552.12103000,16986686.74129530,42767
2021-07-14,203.80000000,205.04000000,192.24000000,203.38000000,89484.68420000,17885135.82082470,44717
2021-07-15,203.42000000,205.56000000,190.17000000,196.71000000,96234.28883000,18899416.79112540,46029
2021-07-16,196.67000000,200.00000000,191.33000000,192.95000000,88632.01419000,17309166.15429140,44405
2021-07-17,192.89000000,199.72000000,191.00000000,197.56000000,69494.96323000,13528417.89018590,34553
2021-07-18,197.61000000,205.00000000,196.87000000,199.41000000,69717.77611000,14008776.31689090,36977
2021-07-19,199.51000000,200.40000000,187.56000000,189.02000000,104598.70387000,20296325.05660040,49156
2021-07-20,189.10000000,191.63000000,178.60000000,182.89000000,129942.42816000,23885810.11072910,62051
2021-07-21,182.89000000,200.41000000,178.92000000,196.77000000,123449.12482000,23726299.97843560,58610
2021-07-22,196.77000000,202.54000000,190.02000000,197.70000000,79271.28115000,15518997.53489720,47203
2021-07-23,197.70000000,203.96000000,194.29000000,203.96000000,64892.43527000,12871219.83540040,40384
2021-07-24,203.92000000,210.77000000,201.76000000,208.52000000,65329.56765000,13456420.67016110,41245
2021-07-25,208.49000000,214.67000000,203.96000000,212.91000000,62907.91275000,13180919.47450780,39460
2021-07-26,212.87000000,234.97000000,212.50000000,218.07000000,147828.05282000,33281159.09488710,98380
2021-07-27,218.07000000,226.65000000,214.00000000,225.59000000,107501.40675000,23664385.73638270,61751
2021-07-28,225.64000000,235.50000000,222.19000000,235.44000000,100130.16552000,22885537.22323940,60568
2021-07-29,235.35000000,248.12000000,230.70000000,241.67000000,94610.20565000,22829669.47989840,68195
2021-07-30,241.67000000,245.44000000,230.00000000,242.01000000,94946.19867000,22511996.45850220,58869
2021-07-31,242.01000000,249.06000000,234.29000000,239.86000000,110571.68197000,26640236.87826100,63555
2021-08-01,239.87000000,249.47000000,232.00000000,235.45000000,99286.66861000,24201200.88003180,66424
2021-08-02,235.57000000,244.63000000,228.18000000,232.58000000,96306.98945000,22736429.57308100,55848
2021-08-03,232.68000000,236.83000000,223.53000000,226.02000000,87241.24625000,20063790.66375460,48813
2021-08-04,225.93000000,245.71000000,223.00000000,244.38000000,87333.68020000,20244255.87833600,57957
2021-08-05,244.27000000,254.04000000,237.26000000,252.84000000,123186.59051000,30298519.13898980,87771
2021-08-06,252.91000000,267.75000000,250.51000000,263.09000000,119600.81536000,31093779.40648600,86587
2021-08-07,263.18000000,275.92000000,258.79000000,271.83000000,107894.54117000,28823372.43208320,86242
2021-08-08,271.86000000,274.79000000,256.00000000,257.12000000,121945.94812000,32630022.81658240,84256
2021-08-09,257.23000000,271.99000000,253.64000000,269.31000000,103405.03362000,27296054.85254960,71711
2021-08-10,269.30000000,271.08000000,260.14000000,266.34000000,92781.63147000,24581251.57198560,57401
2021-08-11,266.51000000,279.38000000,265.72000000,268.03000000,108037.41405000,29530780.09195320,80104
2021-08-12,268.04000000,276.62000000,252.24000000,257.42000000,101149.86177000,26571468.12772960,67916
2021-08-13,257.50000000,273.45000000,254.81000000,272.89000000,77292.38831000,20572587.12365330,53504
2021-08-14,273.00000000,279.39000000,264.69000000,271.60000000,84299.86573000,22844203.64140610,66326
2021-08-15,271.53000000,275.00000000,261.52000000,271.86000000,85488.44583000,22870250.07886350,54284
2021-08-16,271.80000000,285.00000000,266.11000000,266.50000000,110111.97887000,30435234.49460860,96981
2021-08-17,266.65000000,278.06000000,255.31000000,256.23000000,94669.40781000,25325058.79199640,74914
2021-08-18,256.40000000,262.07000000,245.66000000,252.51000000,104687.31298000,26723011.00769780,65500
2021-08-19,252.56000000,264.36000000,247.02000000,264.19000000,84771.38526000,21704820.74469650,55669
2021-08-20,264.18000000,283.29000000,262.00000000,282.06000000,132069.25514000,36008524.30324170,109772
2021-08-21,282.06000000,293.42000000,272.50000000,287.98000000,128307.88338000,36158735.43957070,113778
2021-08-22,287.96000000,306.77000000,275.03000000,306.38000000,159147.03919000,46119677.34025070,133671
2021-08-23,306.30000000,334.41000000,301.81000000,318.17000000,174067.87106000,55894940.54485780,176999
2021-08-24,318.05000000,339.72000000,302.67000000,307.33000000,184572.94434000,59033114.31795110,171031
2021-08-25,307.33000000,325.14000000,297.45000000,314.29000000,144898.54460000,45082973.95937800,109636
2021-08-26,314.21000000,317.75000000,286.10000000,291.40000000,115659.10583000,34496081.98195390,85630
2021-08-27,291.40000000,316.70000000,285.70000000,315.00000000,93122.31979000,28360161.37737550,73662
2021-08-28,314.80000000,316.60000000,298.20000000,300.50000000,65929.26900000,20121391.91710000,51939
2021-08-29,300.60000000,306.80000000,287.10000000,291.40000000,90748.11500000,26682307.13760000,61503
2021-08-30,291.40000000,295.10000000,280.10000000,281.80000000,104991.53114000,30269873.86933660,56393
2021-08-31,281.90000000,292.70000000,279.20000000,285.80000000,86153.62113000,24627840.54872440,51535
2021-09-01,285.80000000,303.60000000,280.00000000,302.90000000,103799.74700000,30709622.42560000,72242
2021-09-02,302.80000000,309.50000000,297.50000000,302.50000000,92049.36300000,27989242.59300000,71323
2021-09-03,302.50000000,309.70000000,296.60000000,304.10000000,84262.60200000,25673265.20400000,64837
2021-09-04,304.20000000,311.40000000,298.50000000,305.10000000,69896.16100000,21353417.76430000,59884
2021-09-05,305.20000000,319.60000000,299.60000000,315.40000000,104246.54624000,32287365.00297870,95482
2021-09-06,315.40000000,321.70000000,300.30000000,314.80000000,116946.45259000,36549155.14372130,99042
2021-09-07,314.80000000,316.30000000,232.00000000,263.20000000,255180.90384000,70306976.18960570,166042
2021-09-08,263.30000000,271.10000000,245.00000000,257.10000000,176421.28300000,45772885.21280000,92796
2021-09-09,257.20000000,267.00000000,253.50000000,261.80000000,137862.40200000,36033566.17030000,74464
2021-09-10,261.70000000,268.30000000,244.20000000,249.20000000,113032.06000000,29211136.08540000,65685
2021-09-11,249.20000000,258.80000000,247.20000000,249.80000000,80660.83500000,20472982.21010000,48897
2021-09-12,249.80000000,258.50000000,246.20000000,256.20000000,88817.46800000,22444094.24130000,55530
2021-09-13,256.30000000,270.70000000,241.10000000,263.30000000,228138.79600000,58635458.25230000,163264
2021-09-14,263.40000000,275.50000000,255.80000000,269.10000000,177878.85800000,46796795.13250000,98642
2021-09-15,269.10000000,275.00000000,265.30000000,269.30000000,100897.72600000,27205795.09680000,64190
2021-09-16,269.40000000,273.30000000,259.60000000,264.00000000,102061.36200000,27234629.20940000,63712
2021-09-17,263.90000000,267.70000000,256.90000000,262.70000000,72689.95000000,19088381.02690000,43566
2021-09-18,262.70000000,272.00000000,259.90000000,271.70000000,67880.32900000,18195255.88920000,43317
2021-09-19,271.80000000,276.50000000,258.10000000,259.80000000,83890.53100000,22462790.39880000,60085
2021-09-20,259.90000000,261.60000000,225.90000000,232.70000000,183120.75668000,44238824.59124980,98133
2021-09-21,232.70000000,237.50000000,212.00000000,218.00000000,150502.66975000,34057457.24179340,79145
2021-09-22,218.20000000,245.50000000,214.40000000,245.10000000,108780.76200000,25093069.75240000,52386
2021-09-23,245.00000000,255.60000000,243.20000000,249.10000000,92112.90100000,22814845.63280000,47826
2021-09-24,248.90000000,254.60000000,222.70000000,233.60000000,169465.96500000,40127996.80960000,71337
2021-09-25,233.50000000,242.40000000,229.80000000,235.80000000,102763.57600000,24365802.72580000,51770
2021-09-26,235.70000000,237.10000000,221.70000000,234.20000000,138917.99700000,32274126.14630000,65213
2021-09-27,234.10000000,248.10000000,233.70000000,234.30000000,112243.20100000,27075349.85210000,57390
2021-09-28,234.30000000,243.70000000,228.20000000,229.60000000,108966.89300000,25607940.83670000,51313
2021-09-29,229.60000000,240.70000000,228.80000000,233.60000000,84941.99600000,20019348.78410000,42713
2021-09-30,233.60000000,254.30000000,232.80000000,251.10000000,99198.01300000,24430333.35190000,60576
2021-10-01,251.00000000,261.60000000,243.00000000,257.50000000,135878.42700000,34499020.03990000,76501
2021-10-02,257.60000000,262.50000000,251.30000000,252.80000000,95213.20200000,24441595.80630000,55720
2021-10-03,252.80000000,263.80000000,250.10000000,259.30000000,91600.90100000,23577890.12470000,56100
2021-10-04,259.40000000,267.30000000,251.20000000,264.80000000,99294.55400000,25703773.14400000,65637
2021-10-05,265.00000000,275.90000000,261.10000000,270.80000000,136475.86900000,36681530.33800000,86571
2021-10-06,270.80000000,294.90000000,262.30000000,286.50000000,177874.14200000,49792202.62924450,129950
2021-10-07,286.50000000,296.80000000,275.70000000,277.80000000,149360.85100000,42560897.54070000,104395
2021-10-08,277.90000000,286.80000000,275.90000000,277.90000000,114299.67800000,32126838.76370000,75391
2021-10-09,278.00000000,282.30000000,273.50000000,278.40000000,78453.80700000,21770027.63740000,48960
2021-10-10,278.40000000,282.60000000,269.20000000,270.00000000,67879.57600000,18840563.41680000,47763
2021-10-11,270.10000000,280.00000000,265.20000000,276.70000000,113796.89300000,31117872.08920000,66371
2021-10-12,276.70000000,281.00000000,268.10000000,277.20000000,110990.41900000,30548760.46830000,75386
2021-10-13,277.30000000,283.40000000,269.20000000,274.30000000,88679.26000000,24376969.62030000,61784
2021-10-14,274.50000000,274.80000000,264.00000000,266.80000000,82726.82800000,22369209.35510000,52715
2021-10-15,266.80000000,279.20000000,260.90000000,274.10000000,125756.91200000,34303827.89040000,84408
2021-10-16,274.10000000,274.80000000,265.00000000,268.00000000,93570.06500000,25244448.05870000,63116
2021-10-17,268.00000000,268.40000000,253.10000000,261.10000000,80307.88200000,21012142.39660000,55062
2021-10-18,261.20000000,264.50000000,252.40000000,256.50000000,75956.27400000,19610987.84940000,48996
2021-10-19,256.50000000,260.50000000,251.40000000,255.00000000,71420.44400000,18211397.97380000,45156
2021-10-20,255.00000000,265.90000000,253.20000000,260.00000000,89428.99400000,23211671.63550000,60535
2021-10-21,260.30000000,275.60000000,257.50000000,271.00000000,142658.61200000,37898977.75400000,120155
2021-10-22,271.00000000,275.30000000,263.80000000,266.30000000,94430.58500000,25508972.19490000,62769
2021-10-23,266.40000000,269.80000000,261.10000000,267.30000000,50666.77900000,13483746.36180000,40534
2021-10-24,267.40000000,295.30000000,266.50000000,289.30000000,173343.88700000,48634506.27510000,174433
2021-10-25,289.30000000,299.00000000,283.90000000,286.60000000,149746.81900000,43369889.31730000,120381
2021-10-26,286.70000000,295.00000000,269.60000000,279.90000000,197648.88500000,56859859.96370000,172707
2021-10-27,280.00000000,283.50000000,247.80000000,255.60000000,194732.83300000,51789605.21470000,149410
2021-10-28,255.60000000,271.10000000,252.80000000,267.20000000,157374.60400000,41473217.07900000,87058
2021-10-29,267.20000000,271.30000000,264.80000000,269.00000000,91097.60300000,24418726.88450000,53477
2021-10-30,268.90000000,270.00000000,260.50000000,263.30000000,71348.00500000,18929628.69830000,45126
2021-10-31,263.30000000,276.20000000,262.70000000,274.90000000,94958.94400000,25617365.58310000,79815
2021-11-01,275.00000000,283.00000000,267.00000000,271.10000000,95192.49200000,25965092.96390000,78902
2021-11-02,271.00000000,277.60000000,267.80000000,275.00000000,69536.09700000,18961755.46320000,53328
2021-11-03,275.20000000,275.30000000,263.60000000,266.10000000,84756.58000000,22881327.85690000,61206
2021-11-04,266.10000000,267.00000000,256.00000000,260.70000000,70814.13900000,18518405.94000000,53082
2021-11-05,260.70000000,263.00000000,253.30000000,255.00000000,84430.21400000,21777867.58550000,61539
2021-11-06,254.90000000,262.70000000,249.00000000,259.90000000,59908.99400000,15372922.21210000,51101
2021-11-07,259.90000000,266.90000000,258.90000000,266.80000000,65333.50400000,17152775.76940000,42796
2021-11-08,266.70000000,275.20000000,261.70000000,275.00000000,116618.81700000,31292076.13030000,91337
2021-11-09,274.90000000,294.10000000,268.90000000,289.40000000,170016.06200000,47359324.78080000,165299
2021-11-10,289.40000000,292.90000000,260.00000000,267.10000000,178580.12700000,50114828.67920000,150305
2021-11-11,267.10000000,271.20000000,261.00000000,263.80000000,132324.95400000,35211204.25060000,96152
2021-11-12,263.80000000,267.00000000,252.00000000,260.70000000,96648.96500000,25121156.85380000,74387
2021-11-13,260.70000000,275.00000000,258.10000000,270.70000000,74891.31900000,19876194.44320000,56969
2021-11-14,270.70000000,281.80000000,266.60000000,275.00000000,89539.02800000,24532093.91490000,71942
2021-11-15,275.00000000,279.00000000,265.10000000,268.10000000,96046.61400000,26286567.06960000,64491
2021-11-16,268.00000000,268.20000000,200.00000000,240.70000000,190978.88933000,47168917.38342880,128414
2021-11-17,240.90000000,244.70000000,230.70000000,241.60000000,114701.74000000,27376701.00840000,74960
2021-11-18,241.70000000,244.30000000,223.90000000,226.40000000,146910.50300000,34408880.42780000,89023
2021-11-19,226.40000000,239.90000000,224.20000000,238.30000000,81697.54300000,19062604.39150000,43755
2021-11-20,238.40000000,251.90000000,237.00000000,247.20000000,88434.43700000,21663968.05830000,52395
2021-11-21,247.30000000,253.70000000,241.80000000,250.50000000,66985.16900000,16536529.65140000,39980
2021-11-22,250.50000000,251.20000000,229.00000000,231.70000000,104736.76200000,24938641.37690000,55922
2021-11-23,231.80000000,241.00000000,225.70000000,237.40000000,101664.59000000,23610582.61860000,53431
2021-11-24,237.40000000,247.00000000,233.10000000,243.90000000,154930.17400000,37457271.06300000,83857
2021-11-25,243.90000000,251.00000000,241.50000000,248.20000000,110662.28400000,27282677.84610000,57881
2021-11-26,248.30000000,249.60000000,216.60000000,226.90000000,133065.84500000,30377630.27030000,66110
2021-11-27,226.90000000,233.80000000,219.00000000,228.10000000,82960.11800000,18992298.62430000,39072
2021-11-28,228.10000000,239.40000000,219.90000000,239.10000000,94642.07200000,21733022.04170000,53390
2021-11-29,239.10000000,240.30000000,233.30000000,235.80000000,101679.28500000,24078085.82820000,53255
2021-11-30,235.70000000,256.60000000,228.10000000,238.00000000,147281.87200000,35587340.84530000,87789
2021-12-01,238.10000000,243.00000000,227.20000000,230.60000000,108049.63500000,25533199.53080000,59872
2021-12-02,230.70000000,241.90000000,225.50000000,239.50000000,101544.40000000,23831836.52190000,55636
2021-12-03,239.40000000,244.00000000,217.30000000,223.40000000,125709.41900000,29360965.44920000,77216
2021-12-04,223.30000000,225.50000000,177.50000000,204.70000000,205902.83534000,41257159.79979170,106106
2021-12-05,204.50000000,206.60000000,193.10000000,201.30000000,84553.03200000,16910137.44230000,57264
2021-12-06,201.40000000,204.00000000,185.90000000,201.00000000,107091.97600000,20927922.23710000,59154
2021-12-07,200.70000000,208.80000000,199.50000000,207.00000000,100540.42400000,20441044.29310000,52520
2021-12-08,207.00000000,214.20000000,200.50000000,209.70000000,93771.40400000,19580468.25360000,60775
2021-12-09,209.80000000,210.70000000,187.80000000,189.10000000,98925.92300000,19556884.73560000,55271
2021-12-10,189.00000000,204.00000000,185.50000000,189.90000000,132204.12500000,25512325.17350000,68282
2021-12-11,189.70000000,199.90000000,187.20000000,198.70000000,78236.52700000,15232306.81590000,44919
2021-12-12,198.70000000,203.00000000,191.50000000,197.90000000,79351.22100000,15660658.97660000,40914
2021-12-13,197.80000000,199.20000000,181.40000000,183.80000000,90382.57200000,17139406.51650000,46718
2021-12-14,183.90000000,188.40000000,179.80000000,186.70000000,72585.29300000,13314816.67260000,38578
2021-12-15,186.80000000,190.80000000,178.90000000,188.10000000,84613.76900000,15703952.89820000,44307
2021-12-16,188.20000000,206.00000000,184.80000000,187.10000000,117445.49300000,22509158.77640000,54954
2021-12-17,187.20000000,188.80000000,176.50000000,181.60000000,74745.72600000,13713678.01228960,36570
2021-12-18,181.60000000,188.00000000,178.00000000,181.20000000,54406.32700000,9921600.02250000,26423
2021-12-19,181.20000000,186.10000000,178.00000000,184.00000000,65497.60300000,11931462.27680000,30618
2021-12-20,183.90000000,194.70000000,179.30000000,189.00000000,127090.21000000,23566887.29710000,59123
2021-12-21,189.10000000,198.00000000,187.20000000,189.10000000,116119.96200000,22287567.11580000,55078
2021-12-22,189.10000000,194.60000000,186.20000000,190.60000000,82783.47000000,15767663.89530000,48447
2021-12-23,190.60000000,215.40000000,187.50000000,209.80000000,149215.60400000,30461812.83240000,88333
2021-12-24,209.80000000,210.60000000,200.10000000,204.30000000,70390.18800000,14503302.20860000,43024
2021-12-25,204.40000000,218.40000000,203.00000000,211.10000000,79247.35500000,16854048.37420000,50625
2021-12-26,211.00000000,217.50000000,206.10000000,217.10000000,62400.01100000,13158916.96970000,36423
2021-12-27,217.10000000,236.90000000,215.60000000,220.70000000,159290.81900000,36333398.27910000,95360
2021-12-28,220.90000000,221.20000000,207.00000000,208.80000000,97205.42300000,20943353.62200000,53762
2021-12-29,208.60000000,219.00000000,202.70000000,214.70000000,75846.68700000,15917664.78620000,44342
2021-12-30,214.70000000,229.20000000,208.60000000,225.40000000,106077.27700000,23471181.98370000,68521
2021-12-31,225.30000000,235.70000000,223.00000000,228.70000000,87680.87000000,20156024.30780000,64950
2022-01-01,228.50000000,255.30000000,228.50000000,250.10000000,127610.75900000,31276597.10920000,111217
2022-01-02,250.10000000,255.00000000,236.40000000,239.70000000,90050.41000000,22138635.14520000,73231
2022-01-03,239.70000000,239.90000000,223.50000000,231.50000000,91828.90500000,21353713.39440000,76102
2022-01-04,231.50000000,233.70000000,220.00000000,222.10000000,83491.13000000,18929071.42510000,55786
2022-01-05,222.00000000,225.30000000,200.70000000,206.50000000,87849.52200000,19083607.64060000,64712
2022-01-06,206.50000000,206.50000000,193.80000000,204.40000000,90650.39100000,18141510.91160000,58831
2022-01-07,204.50000000,209.00000000,191.80000000,194.70000000,124417.03800000,24776849.93320000,70432
2022-01-08,194.80000000,197.80000000,179.10000000,183.90000000,96940.22400000,18384422.09760000,50675
2022-01-09,183.90000000,195.60000000,183.00000000,191.00000000,99503.82200000,18972481.83690000,48497
2022-01-10,191.00000000,194.50000000,175.00000000,182.40000000,97440.27800000,18108663.71190020,65761
2022-01-11,182.40000000,195.00000000,181.20000000,192.90000000,109879.48800000,20659857.27550000,52676
2022-01-12,192.90000000,201.30000000,192.70000000,199.10000000,70516.19900000,13915889.36950000,41499
2022-01-13,199.00000000,230.00000000,198.00000000,223.60000000,247661.83900000,53972119.44170000,155997
2022-01-14,223.60000000,238.90000000,217.00000000,229.80000000,160561.27100000,36015302.12630000,98050
2022-01-15,229.80000000,231.20000000,217.00000000,217.70000000,72202.65600000,16146827.48310000,50528
2022-01-16,217.70000000,228.30000000,213.10000000,224.10000000,64171.98100000,14065584.21090000,58325
2022-01-17,224.10000000,230.70000000,209.40000000,214.40000000,137316.69000000,30485957.32540000,80108
2022-01-18,214.50000000,222.40000000,199.50000000,204.10000000,97886.26500000,20253327.53680000,58948
2022-01-19,204.00000000,213.10000000,199.10000000,201.40000000,96928.78600000,19986508.78020000,58560
2022-01-20,201.30000000,210.00000000,187.70000000,188.60000000,70143.96600000,14143876.07780000,47472
2022-01-21,188.50000000,192.30000000,167.20000000,173.00000000,144845.65722000,26231346.91098270,82221
2022-01-22,172.60000000,175.50000000,140.10000000,152.20000000,197370.32659000,30638512.05955660,95170
2022-01-23,151.90000000,158.90000000,148.00000000,157.00000000,104277.47300000,15944221.78940000,50503
2022-01-24,156.80000000,156.80000000,134.30000000,146.70000000,159872.14603000,22829826.52302600,68407
2022-01-25,146.80000000,147.90000000,139.40000000,144.80000000,187566.55800000,26975629.44700000,88080
2022-01-26,144.80000000,158.80000000,142.80000000,148.20000000,145776.63600000,21973677.67710000,66725
2022-01-27,148.20000000,149.90000000,139.20000000,144.70000000,111453.96600000,16034097.58510000,53425
2022-01-28,144.80000000,149.70000000,140.80000000,149.00000000,70739.18300000,10230876.71770000,37687
2022-01-29,149.10000000,155.60000000,148.70000000,153.70000000,59540.43900000,9058419.50590000,27142
2022-01-30,153.50000000,155.00000000,145.60000000,147.90000000,72118.86600000,10889420.72270000,32273
2022-01-31,147.70000000,148.10000000,140.40000000,147.10000000,87609.09100000,12594585.25320000,36085
2022-02-01,147.20000000,148.20000000,143.10000000,146.10000000,81974.21200000,11915221.55560000,39208
2022-02-02,146.10000000,150.30000000,143.90000000,144.90000000,84731.17200000,12465860.48350000,43103
2022-02-03,144.80000000,147.00000000,140.30000000,146.90000000,68719.04900000,9899805.88710000,31777
2022-02-04,146.90000000,166.00000000,146.50000000,165.20000000,132574.31900000,20755186.80120000,59408
2022-02-05,165.20000000,170.10000000,161.60000000,168.50000000,81783.65800000,13611938.56230000,42786
2022-02-06,168.40000000,174.40000000,166.40000000,173.60000000,56709.73200000,9626819.17390000,27911
2022-02-07,173.50000000,185.30000000,170.90000000,184.90000000,107354.90400000,19172601.31120000,50769
2022-02-08,184.80000000,188.00000000,174.30000000,178.70000000,98514.81700000,17817669.23190000,50221
2022-02-09,178.70000000,186.00000000,175.50000000,186.00000000,71665.38700000,13003522.00100000,33408
2022-02-10,186.00000000,187.30000000,176.80000000,179.10000000,79638.92400000,14580181.85220000,45688
2022-02-11,179.10000000,181.50000000,165.80000000,169.30000000,72362.44700000,12754233.32730000,38758
2022-02-12,169.30000000,175.10000000,164.00000000,173.80000000,61676.54200000,10485153.82180000,33132
2022-02-13,173.80000000,175.30000000,170.10000000,173.70000000,44129.19500000,7627096.06360000,22575
2022-02-14,173.90000000,177.50000000,167.80000000,176.10000000,52005.53200000,8999504.96350000,27829
2022-02-15,176.10000000,183.40000000,174.50000000,182.50000000,88686.00900000,15827732.66960000,39149
2022-02-16,182.50000000,183.80000000,177.80000000,179.10000000,53746.81200000,9730057.92700000,31011
2022-02-17,179.00000000,181.00000000,163.00000000,163.70000000,72969.55700000,12609926.34590000,39682
2022-02-18,163.60000000,167.20000000,158.90000000,160.10000000,75841.72100000,12343390.58980000,39031
2022-02-19,160.20000000,165.60000000,158.10000000,161.10000000,75555.45700000,12244976.26010000,35136
2022-02-20,161.00000000,161.60000000,151.00000000,153.70000000,62983.40300000,9757238.94880000,29880
2022-02-21,153.80000000,162.10000000,147.10000000,147.80000000,107435.56500000,16796428.35540000,47337
2022-02-22,147.90000000,151.50000000,140.40000000,150.90000000,92666.05100000,13509004.84110000,46882
2022-02-23,150.90000000,156.20000000,147.90000000,148.70000000,56618.40300000,8626195.88670000,27357
2022-02-24,148.80000000,152.20000000,132.10000000,147.00000000,135585.41300000,18993523.82590000,64524
2022-02-25,147.10000000,156.10000000,145.10000000,153.90000000,87359.78300000,13093001.26070000,38977
2022-02-26,153.90000000,159.90000000,151.70000000,157.80000000,62181.08500000,9681033.41590000,33438
2022-02-27,157.80000000,159.70000000,148.30000000,150.60000000,78036.48100000,12084095.18080000,41896
2022-02-28,150.60000000,171.00000000,148.50000000,170.40000000,99977.82800000,16013657.36950000,47018
2022-03-01,170.30000000,179.70000000,170.20000000,177.50000000,81134.11300000,14182434.99890000,53264
2022-03-02,177.60000000,181.20000000,172.70000000,177.70000000,81818.71900000,14516113.89360000,41557
2022-03-03,177.60000000,181.30000000,170.30000000,171.90000000,82667.76400000,14614299.53380000,38849
2022-03-04,172.00000000,179.30000000,156.00000000,159.90000000,124552.31600000,21078460.67150000,57057
2022-03-05,159.80000000,166.00000000,155.70000000,166.00000000,52279.23000000,8337468.26120000,25369
2022-03-06,166.00000000,173.70000000,158.70000000,158.90000000,131838.86800000,22060375.23180000,55308
2022-03-07,158.90000000,163.00000000,153.40000000,157.80000000,90999.02600000,14403636.80490000,34454
2022-03-08,157.80000000,278.00000000,157.10000000,203.10000000,330865.08700000,60090167.53970000,155764
2022-03-09,203.20000000,208.10000000,185.40000000,188.50000000,408028.72600000,80952959.00500000,206561
2022-03-10,188.50000000,192.50000000,165.20000000,178.60000000,219213.08600000,38520953.92260000,117742
2022-03-11,178.60000000,178.60000000,166.70000000,170.60000000,134645.37400000,23154661.47880000,64584
2022-03-12,170.60000000,186.90000000,169.50000000,185.40000000,143653.50700000,25871619.22770000,75392
2022-03-13,185.40000000,194.60000000,174.00000000,175.60000000,175340.03400000,32591184.03530000,92404
2022-03-14,175.60000000,186.50000000,173.70000000,185.90000000,112903.14600000,20475272.20370000,55655
2022-03-15,185.80000000,191.60000000,176.70000000,183.00000000,147211.04800000,27252516.73640000,70353
2022-03-16,183.10000000,193.30000000,182.20000000,189.30000000,154716.81700000,29279203.16860000,78870
2022-03-17,189.30000000,192.00000000,185.40000000,187.60000000,78835.17500000,14871151.57880000,41162
2022-03-18,187.80000000,196.80000000,185.80000000,195.10000000,93270.81300000,17801291.66360000,47137
2022-03-19,195.10000000,202.10000000,190.90000000,197.40000000,112391.22700000,22119239.94620000,53938
2022-03-20,197.30000000,205.00000000,193.90000000,194.80000000,92841.60900000,18431270.56870000,52615
2022-03-21,194.70000000,195.60000000,188.10000000,191.50000000,89742.12100000,17248728.92400000,45283
2022-03-22,191.40000000,198.20000000,189.50000000,193.80000000,72617.58800000,14197516.61090000,38818
2022-03-23,193.80000000,197.50000000,190.80000000,197.00000000,47640.27600000,9250635.28040000,25612
2022-03-24,197.10000000,204.50000000,193.70000000,203.70000000,85495.99200000,17137633.45280000,42038
2022-03-25,203.80000000,205.20000000,198.60000000,199.60000000,85739.10700000,17301103.24490000,37320
2022-03-26,199.60000000,210.00000000,199.20000000,206.80000000,72481.22700000,14912934.67770000,40093
2022-03-27,206.80000000,216.10000000,205.10000000,215.60000000,82324.46500000,17331530.77590000,52500
2022-03-28,215.50000000,221.80000000,212.60000000,214.80000000,83938.46900000,18336372.76620000,58063
2022-03-29,214.70000000,227.10000000,214.40000000,222.10000000,80372.35800000,17817075.63890000,56344
2022-03-30,222.00000000,223.90000000,215.70000000,221.20000000,80139.59400000,17643091.23710000,45750
2022-03-31,221.20000000,223.50000000,210.50000000,212.70000000,75730.10000000,16435693.15790000,52098
2022-04-01,212.70000000,222.00000000,208.60000000,218.40000000,87275.48100000,18908539.31490000,58168
2022-04-02,218.30000000,223.70000000,211.70000000,212.60000000,81797.07600000,17893318.64550000,48665
2022-04-03,212.60000000,219.10000000,209.00000000,217.30000000,47642.23700000,10201756.34400000,32875
2022-04-04,217.40000000,224.20000000,211.40000000,222.10000000,75282.50500000,16319742.51830000,51808
2022-04-05,222.20000000,228.70000000,217.80000000,222.40000000,108471.60400000,24333619.60730000,60154
2022-04-06,222.30000000,224.90000000,211.20000000,213.10000000,123540.23000000,26903516.21270000,70811
2022-04-07,213.10000000,228.30000000,212.40000000,226.00000000,116860.52900000,25782610.27700000,65679
2022-04-08,225.90000000,227.80000000,214.90000000,217.20000000,91833.05900000,20490556.12060000,44031
2022-04-09,217.20000000,245.00000000,215.90000000,239.80000000,217505.31600000,50961204.24430000,117735
2022-04-10,239.80000000,244.80000000,228.40000000,235.80000000,142834.68700000,33873566.50820000,79522
2022-04-11,235.60000000,244.20000000,215.20000000,226.20000000,293540.02400000,66357131.60530000,151052
2022-04-12,226.20000000,275.00000000,224.60000000,232.60000000,345563.67100000,83006026.86780000,204136
2022-04-13,232.70000000,239.00000000,227.30000000,237.10000000,95750.89900000,22348074.91810000,53682
2022-04-14,237.10000000,240.80000000,223.40000000,229.30000000,85644.06500000,19928868.26070000,47425
2022-04-15,229.20000000,240.50000000,228.00000000,239.40000000,82844.01000000,19488159.11870000,43469
2022-04-16,239.50000000,239.70000000,227.90000000,236.20000000,70713.00400000,16513811.89430000,36216
2022-04-17,236.10000000,244.00000000,234.70000000,241.40000000,68743.81600000,16392699.32210000,34549
2022-04-18,241.30000000,272.00000000,233.50000000,266.20000000,256320.09300000,64517818.08610000,178757
2022-04-19,266.30000000,268.90000000,250.00000000,253.90000000,156862.75500000,40374515.13820000,86122
2022-04-20,253.90000000,271.80000000,251.00000000,267.00000000,183808.75400000,48086349.14070000,124458
2022-04-21,267.00000000,289.50000000,266.10000000,278.50000000,255302.85600000,71047686.14820000,214437
2022-04-22,278.50000000,289.50000000,261.10000000,268.50000000,169658.78200000,46520314.21080000,125889
2022-04-23,268.30000000,279.10000000,262.50000000,266.60000000,95025.01800000,25793704.24410000,68133
2022-04-24,266.60000000,269.20000000,247.50000000,252.70000000,109215.15000000,28119151.44520000,75933
2022-04-25,252.60000000,260.00000000,237.10000000,254.30000000,140622.17600000,34721237.62560000,95744
2022-04-26,254.20000000,264.60000000,227.10000000,230.00000000,151914.87700000,37884206.93750000,100333
2022-04-27,230.00000000,236.20000000,221.50000000,229.40000000,130224.80100000,29713630.05940000,79426
2022-04-28,229.50000000,238.00000000,223.50000000,227.50000000,110074.48600000,25415507.07270000,68586
2022-04-29,227.40000000,236.20000000,216.70000000,220.50000000,127117.22200000,28971939.18830000,81085
2022-04-30,220.50000000,234.20000000,212.00000000,214.10000000,144669.60000000,32568383.14660000,82452
2022-05-01,214.10000000,228.20000000,208.20000000,211.90000000,138441.09300000,29998073.91330000,82072
2022-05-02,212.00000000,216.60000000,196.10000000,199.60000000,156613.91400000,32322872.31830000,94533
2022-05-03,199.50000000,216.10000000,198.70000000,207.20000000,145612.84000000,30230869.21720000,94049
2022-05-04,207.20000000,225.80000000,206.10000000,225.30000000,129304.54800000,27789926.47170000,75221
2022-05-05,225.30000000,229.80000000,197.30000000,206.60000000,149383.58700000,31959510.96030000,87116
2022-05-06,206.50000000,219.00000000,200.20000000,218.80000000,131606.70100000,27393535.81180000,77584
2022-05-07,218.90000000,223.60000000,199.00000000,204.90000000,123410.64300000,26424408.27660000,74989
2022-05-08,205.00000000,222.30000000,199.70000000,217.00000000,213132.12200000,45086563.71750000,101059
2022-05-09,217.10000000,221.00000000,172.10000000,173.50000000,243673.99400000,48294184.19510000,149249
2022-05-10,173.40000000,189.60000000,150.70000000,163.00000000,261661.92600000,45577108.88600000,143005
2022-05-11,162.90000000,180.00000000,137.80000000,140.80000000,335681.77200000,53030249.97920000,198178
2022-05-12,140.70000000,157.00000000,119.00000000,137.80000000,315846.02813000,42473796.54338420,158683
2022-05-13,137.70000000,155.80000000,135.30000000,144.10000000,146483.00000000,21646004.14260000,78147
2022-05-14,143.90000000,155.30000000,133.00000000,153.50000000,108817.89200000,15773635.40050000,70332
2022-05-15,153.40000000,178.00000000,150.80000000,172.10000000,135008.13100000,21781292.33090000,63619
2022-05-16,172.20000000,176.00000000,160.00000000,162.50000000,133862.17800000,22495026.13330000,63634
2022-05-17,162.40000000,177.90000000,162.00000000,172.80000000,103479.19000000,17774272.31560000,48242
2022-05-18,172.80000000,176.00000000,154.30000000,155.10000000,107518.35300000,17814990.45960000,45934
2022-05-19,155.10000000,170.30000000,150.70000000,166.00000000,124933.19600000,20224366.40520000,67507
2022-05-20,165.80000000,181.80000000,163.20000000,174.10000000,212635.12000000,36732877.71750000,98198
2022-05-21,174.00000000,181.10000000,170.30000000,175.90000000,105014.32200000,18435006.11720000,49210
2022-05-22,175.80000000,188.60000000,172.40000000,187.00000000,95082.18400000,17074904.33090000,44476
2022-05-23,187.10000000,205.40000000,165.00000000,185.30000000,263353.06000000,50457843.07580000,117781
2022-05-24,185.40000000,197.00000000,183.70000000,193.10000000,159986.06300000,30562744.50140000,71304
2022-05-25,193.00000000,205.90000000,191.40000000,204.20000000,195514.02300000,39094777.12940000,113194
2022-05-26,204.20000000,207.20000000,184.80000000,189.30000000,180425.74200000,35107820.50760000,91746
2022-05-27,189.30000000,190.90000000,176.10000000,180.90000000,139713.47800000,25723468.08960000,64894
2022-05-28,180.80000000,184.40000000,174.10000000,176.00000000,73638.29300000,13156615.25970000,37470
2022-05-29,175.90000000,188.30000000,167.50000000,186.00000000,102369.69000000,18181133.08940000,49394
2022-05-30,185.90000000,209.70000000,182.80000000,204.10000000,136562.32900000,26852186.85860000,72080
2022-05-31,204.00000000,208.60000000,190.10000000,198.60000000,196414.43800000,38978934.70000000,84237
2022-06-01,198.50000000,203.80000000,192.80000000,198.80000000,130273.76600000,25714241.50260000,73926
2022-06-02,198.80000000,204.50000000,192.20000000,201.40000000,93930.04900000,18626535.10210000,56849
2022-06-03,201.30000000,203.00000000,187.40000000,193.60000000,93746.21000000,18206745.26780000,43436
2022-06-04,193.60000000,196.10000000,188.00000000,189.10000000,71316.25800000,13728493.34910000,32548
2022-06-05,189.10000000,191.90000000,185.70000000,187.90000000,60566.65700000,11426529.88950000,27009
2022-06-06,187.90000000,195.80000000,187.70000000,189.20000000,76052.02400000,14568528.63550000,38074
2022-06-07,189.20000000,195.40000000,180.00000000,187.50000000,78043.21400000,14619924.87630000,40930
2022-06-08,187.40000000,189.60000000,182.10000000,186.50000000,48568.63000000,9017449.61900000,28829
2022-06-09,186.50000000,189.90000000,182.10000000,185.90000000,49760.66400000,9252383.80820000,24063
2022-06-10,185.80000000,186.70000000,172.10000000,174.30000000,80062.05300000,14331667.46910000,41769
2022-06-11,174.40000000,178.60000000,160.70000000,166.50000000,83515.17300000,14154040.81770000,40476
2022-06-12,166.70000000,167.20000000,152.40000000,158.20000000,94953.10200000,15224037.61750000,52844
2022-06-13,158.20000000,160.40000000,127.80000000,132.80000000,243975.27200000,34538540.01670000,103164
2022-06-14,132.70000000,134.30000000,115.80000000,118.30000000,322236.90900000,39755058.79035170,123457
2022-06-15,118.40000000,119.50000000,104.00000000,118.50000000,329512.58512000,36994846.83107470,118967
2022-06-16,118.50000000,121.10000000,104.00000000,106.70000000,150464.90900000,16573368.03390000,57771
2022-06-17,106.70000000,116.40000000,105.90000000,114.50000000,149352.46900000,16818127.52550000,47019
2022-06-18,114.30000000,115.70000000,96.70000000,104.40000000,190659.80429000,20081074.23211500,63977
2022-06-19,104.40000000,115.30000000,100.00000000,114.40000000,129557.93600000,14013425.67110000,44740
2022-06-20,114.50000000,118.00000000,108.50000000,117.30000000,105293.42800000,11999712.45400000,39008
2022-06-21,117.20000000,125.40000000,115.70000000,119.00000000,113643.83100000,13779407.12830000,40443
2022-06-22,118.90000000,118.90000000,110.90000000,111.20000000,78960.90700000,9081620.74670000,28789
2022-06-23,111.20000000,123.00000000,110.70000000,122.70000000,61630.63700000,7254917.80020000,24648
2022-06-24,122.70000000,128.90000000,122.50000000,126.60000000,80778.31300000,10165449.45250000,30062
2022-06-25,126.60000000,128.30000000,121.00000000,127.40000000,56355.30800000,7025086.33950000,20805
2022-06-26,127.40000000,134.20000000,124.70000000,125.30000000,81204.13800000,10532918.42000000,30573
2022-06-27,125.30000000,131.40000000,119.70000000,120.40000000,89605.03000000,11176176.00440000,31909
2022-06-28,120.50000000,123.30000000,116.00000000,117.60000000,82380.30900000,9868376.66600000,28709
2022-06-29,117.60000000,125.10000000,116.80000000,119.00000000,106704.54000000,12830494.34820000,37763
2022-06-30,119.00000000,119.70000000,108.00000000,113.10000000,85513.58300000,9585562.19290000,30790
2022-07-01,113.20000000,117.60000000,110.80000000,115.40000000,80110.97000000,9095032.71430000,31210
2022-07-02,115.50000000,119.20000000,113.20000000,116.00000000,88343.86100000,10316045.48040000,30336
2022-07-03,116.10000000,117.90000000,113.50000000,116.60000000,59238.92400000,6858275.84600000,20208
2022-07-04,116.50000000,124.50000000,115.00000000,124.00000000,82904.67900000,9973523.95140000,28165
2022-07-05,124.00000000,125.50000000,118.60000000,122.60000000,91636.65300000,11200334.75990000,33661
2022-07-06,122.60000000,126.90000000,121.00000000,125.60000000,75684.05400000,9414444.19640000,29607
2022-07-07,125.50000000,131.50000000,125.20000000,130.40000000,91731.30000000,11818551.93120000,30385
2022-07-08,130.40000000,133.80000000,125.00000000,125.30000000,79658.70600000,10331373.80660000,29262
2022-07-09,125.20000000,129.20000000,124.80000000,127.20000000,50922.19100000,6445601.49660000,23794
2022-07-10,127.10000000,129.80000000,120.60000000,129.80000000,79923.95600000,9952862.91420000,31287
2022-07-11,129.70000000,133.00000000,125.60000000,127.00000000,165930.58800000,21552584.58570000,70184
2022-07-12,126.90000000,129.40000000,122.80000000,123.10000000,77227.82100000,9747265.81840000,30050
2022-07-13,123.10000000,126.00000000,117.60000000,124.20000000,73515.81000000,8998642.22740000,30433
2022-07-14,124.20000000,135.00000000,123.20000000,134.00000000,74734.36600000,9610156.22510000,31784
2022-07-15,134.10000000,141.50000000,132.50000000,138.80000000,121146.96800000,16502453.30700000,48226
2022-07-16,138.90000000,145.00000000,135.50000000,138.90000000,111834.23700000,15578218.65040000,41546
2022-07-17,138.90000000,142.20000000,134.10000000,136.00000000,68752.11100000,9503985.17330000,32032
2022-07-18,136.00000000,149.00000000,135.70000000,146.90000000,117408.74300000,16919058.25560000,52287
2022-07-19,146.90000000,149.00000000,139.80000000,146.30000000,150812.79200000,21822173.10130000,60853
2022-07-20,146.30000000,153.50000000,143.00000000,151.50000000,149618.70600000,22206978.42160000,64345
2022-07-21,151.50000000,153.20000000,145.80000000,151.10000000,170211.11000000,25469498.54340000,64664
2022-07-22,151.00000000,154.00000000,148.20000000,149.00000000,111201.22200000,16761431.73310000,41567
2022-07-23,149.10000000,151.30000000,142.10000000,146.30000000,68451.18200000,10043899.74110000,27250
2022-07-24,146.40000000,154.00000000,146.40000000,151.40000000,53554.16800000,8052168.13810000,27860
2022-07-25,151.40000000,152.30000000,143.10000000,143.40000000,68099.96100000,10014399.45050000,31124
2022-07-26,143.50000000,151.40000000,137.90000000,151.00000000,123700.35800000,17850646.54940000,50706
2022-07-27,151.00000000,163.00000000,149.80000000,161.70000000,125734.49200000,19509148.40140000,58786
2022-07-28,161.50000000,166.60000000,156.60000000,162.40000000,105027.87000000,16930055.28960000,50947
2022-07-29,162.30000000,166.40000000,158.70000000,159.90000000,86702.57100000,14072642.17250000,43154
2022-07-30,160.00000000,164.00000000,154.50000000,155.90000000,66526.91700000,10665455.45230000,32607
2022-07-31,156.00000000,159.80000000,153.70000000,154.80000000,51091.45000000,8016789.40690000,25606
2022-08-01,154.70000000,161.40000000,152.00000000,160.70000000,66668.64100000,10412377.69200000,28855
2022-08-02,160.70000000,161.80000000,153.70000000,156.90000000,94565.19100000,14905153.86640000,40008
2022-08-03,156.80000000,164.30000000,155.10000000,156.70000000,82592.03600000,13153689.80280000,38047
2022-08-04,156.60000000,163.10000000,156.20000000,159.40000000,67991.70400000,10824837.65580000,32305
2022-08-05,159.30000000,162.50000000,156.50000000,161.60000000,62871.08900000,10043682.55730000,29484
2022-08-06,161.60000000,165.10000000,160.20000000,160.60000000,50207.52200000,8146433.80630000,21253
2022-08-07,160.70000000,171.00000000,158.20000000,164.60000000,115632.18200000,19301025.03890000,53270
2022-08-08,164.70000000,170.00000000,162.20000000,166.90000000,86786.67900000,14449787.11570000,38993
2022-08-09,166.90000000,172.00000000,155.10000000,157.70000000,92256.27600000,14956600.92430000,42426
2022-08-10,157.70000000,169.60000000,154.00000000,167.40000000,109677.69600000,17966428.11330000,50706
2022-08-11,167.50000000,168.60000000,156.10000000,158.50000000,152112.03400000,25026204.65020000,47960
2022-08-12,158.50000000,166.00000000,156.10000000,165.20000000,81694.32500000,13229103.72620000,38669
2022-08-13,165.20000000,167.90000000,163.40000000,165.00000000,73791.03700000,12213547.16100000,26606
2022-08-14,165.00000000,168.40000000,162.20000000,164.10000000,44820.49200000,7426645.65020000,20352
2022-08-15,164.10000000,168.60000000,161.10000000,163.10000000,94765.17600000,15598915.28920000,35993
2022-08-16,163.20000000,174.20000000,161.80000000,169.10000000,111423.67100000,18887595.42050000,46240
2022-08-17,169.20000000,170.80000000,158.40000000,168.60000000,155040.86600000,25560348.37910000,53446
2022-08-18,168.70000000,170.80000000,158.80000000,161.10000000,130033.33200000,21489140.20630000,43887
2022-08-19,161.10000000,161.20000000,141.70000000,142.30000000,186346.44500000,28290361.52400000,63962
2022-08-20,142.20000000,149.80000000,142.10000000,148.80000000,68937.78000000,10073203.16360000,25620
2022-08-21,148.80000000,157.90000000,148.70000000,154.30000000,84962.65000000,13047239.30210000,29072
2022-08-22,154.40000000,155.00000000,150.30000000,153.80000000,72725.58100000,11096506.17120000,26166
2022-08-23,153.80000000,156.00000000,150.20000000,154.30000000,65131.09800000,10036967.72860000,21738
2022-08-24,154.40000000,154.90000000,150.20000000,150.60000000,55117.05900000,8415437.30310000,23729
2022-08-25,150.60000000,155.50000000,150.20000000,154.10000000,53751.47800000,8238069.72750000,20138
2022-08-26,154.10000000,155.50000000,141.20000000,142.70000000,93075.13800000,13921438.89740000,35309
2022-08-27,142.60000000,146.20000000,141.60000000,145.10000000,65688.25100000,9450475.79410000,22321
2022-08-28,144.90000000,149.30000000,143.90000000,146.40000000,64122.77100000,9387427.71800000,21863
2022-08-29,146.40000000,153.10000000,144.70000000,152.70000000,79996.07100000,11897179.27360000,28463
2022-08-30,152.60000000,152.90000000,147.10000000,148.70000000,77826.81300000,11712458.79930000,28138
2022-08-31,149.00000000,152.60000000,148.30000000,149.30000000,71483.73400000,10773206.15870000,23270
2022-09-01,149.10000000,154.80000000,148.40000000,154.60000000,102266.92300000,15550155.83900000,30308
2022-09-02,154.60000000,154.80000000,150.20000000,153.30000000,85283.35900000,12999195.49230000,25483
2022-09-03,153.20000000,155.00000000,151.50000000,154.40000000,43764.19900000,6719689.88890000,15197
2022-09-04,154.40000000,156.30000000,153.60000000,155.60000000,53466.62800000,8289656.31400000,14174
2022-09-05,155.50000000,158.00000000,154.70000000,157.60000000,67998.35900000,10652017.90190000,21587
2022-09-06,157.50000000,160.00000000,144.40000000,145.00000000,99503.16900000,15227394.90950000,35341
2022-09-07,145.00000000,152.50000000,141.60000000,149.40000000,86785.80600000,12680513.55240000,30157
2022-09-08,149.40000000,152.70000000,147.60000000,152.20000000,68465.41800000,10290651.98300000,25558
2022-09-09,152.20000000,161.60000000,151.70000000,161.40000000,77877.97500000,12134088.99000000,32375
2022-09-10,161.50000000,161.90000000,157.00000000,157.80000000,54333.63400000,8642092.90280000,22947
2022-09-11,157.80000000,159.60000000,154.40000000,159.20000000,48571.98600000,7623964.84160000,22374
2022-09-12,159.30000000,167.00000000,158.10000000,164.10000000,96258.88500000,15522827.00140000,46977
2022-09-13,164.00000000,165.70000000,145.20000000,145.20000000,124241.96000000,19420097.93750000,52297
2022-09-14,145.40000000,151.80000000,144.50000000,149.90000000,88475.83500000,13124903.11710000,33358
2022-09-15,149.80000000,151.80000000,143.80000000,145.70000000,89991.78600000,13277178.12550000,32582
2022-09-16,145.70000000,149.50000000,143.90000000,149.20000000,71194.89800000,10464016.43460000,24121
2022-09-17,149.20000000,152.00000000,147.20000000,147.60000000,64953.60500000,9754564.68460000,19230
2022-09-18,147.60000000,149.10000000,137.80000000,140.70000000,87024.91700000,12663219.57890000,28726
2022-09-19,140.70000000,141.90000000,135.10000000,140.60000000,90295.48000000,12537446.69090000,31952
2022-09-20,140.50000000,143.40000000,139.00000000,142.40000000,77120.29900000,10911762.24920000,27108
2022-09-21,142.30000000,145.80000000,134.20000000,135.00000000,76480.64900000,10778705.40110000,34432
2022-09-22,135.10000000,144.40000000,134.00000000,144.30000000,66206.83000000,9235959.96750000,27245
2022-09-23,144.30000000,146.40000000,137.50000000,141.50000000,64247.70800000,9111126.06970000,26844
2022-09-24,141.60000000,144.00000000,140.50000000,141.70000000,46361.34500000,6597874.56220000,18621
2022-09-25,141.80000000,144.70000000,139.70000000,141.00000000,34815.08900000,4954547.79690000,15138
2022-09-26,141.00000000,146.30000000,139.50000000,145.70000000,52010.48100000,7475530.24890000,22244
2022-09-27,145.80000000,153.10000000,142.80000000,144.30000000,84333.85100000,12585163.29840000,35359
2022-09-28,144.20000000,148.20000000,140.20000000,147.10000000,64086.21600000,9225697.87150000,27974
2022-09-29,147.10000000,149.40000000,146.10000000,148.50000000,67511.54200000,9973920.49600000,23968
2022-09-30,148.40000000,150.80000000,146.30000000,147.40000000,47143.75300000,7020056.22650000,19686
2022-10-01,147.30000000,150.40000000,140.60000000,141.10000000,47056.62300000,6906060.07710000,18643
2022-10-02,141.10000000,141.90000000,136.20000000,136.90000000,54482.86700000,7638595.95590000,19304
2022-10-03,137.00000000,141.80000000,136.40000000,141.80000000,60847.08100000,8507121.50390000,22261
2022-10-04,141.70000000,147.90000000,141.70000000,146.80000000,64839.63100000,9444413.91230000,23843
2022-10-05,146.80000000,148.40000000,143.70000000,146.20000000,53736.75200000,7839642.18030000,18544
2022-10-06,146.30000000,153.80000000,143.40000000,149.20000000,122410.74900000,18130778.82360000,38208
2022-10-07,149.10000000,149.70000000,143.70000000,146.50000000,67824.46500000,9952884.35960000,24591
2022-10-08,146.60000000,148.30000000,145.10000000,147.60000000,37600.63300000,5532350.17150000,14964
2022-10-09,147.60000000,149.00000000,145.10000000,145.70000000,40256.99400000,5934259.77000000,14602
2022-10-10,145.60000000,147.90000000,141.70000000,142.20000000,55775.45600000,8103827.18040000,20191
2022-10-11,142.30000000,145.30000000,140.00000000,144.80000000,66384.91500000,9506433.41800000,21940
2022-10-12,144.90000000,146.80000000,142.50000000,144.80000000,59069.52400000,8549653.83780000,19496
2022-10-13,144.70000000,145.40000000,134.60000000,142.90000000,100771.29200000,14137268.65220000,35839
2022-10-14,142.90000000,146.00000000,139.70000000,140.60000000,53063.03700000,7585607.36710000,19356
2022-10-15,140.70000000,142.00000000,139.10000000,139.50000000,56583.15500000,7944471.38210000,17402
2022-10-16,139.60000000,143.50000000,139.60000000,143.10000000,35205.56100000,4993260.76500000,12908
2022-10-17,143.20000000,145.10000000,142.30000000,143.70000000,56387.91100000,8115119.68540000,19558
2022-10-18,143.70000000,148.20000000,142.50000000,146.10000000,112703.76500000,16420006.18100000,36553
2022-10-19,146.10000000,148.70000000,144.40000000,145.00000000,63379.23900000,9320726.26450000,22029
2022-10-20,145.00000000,148.60000000,140.00000000,141.10000000,75181.33100000,10818614.94380000,26886
2022-10-21,141.10000000,143.40000000,137.00000000,140.70000000,55317.69400000,7761603.76670000,22763
2022-10-22,140.70000000,143.10000000,139.60000000,142.80000000,41036.40600000,5809749.07450000,16864
2022-10-23,142.70000000,145.00000000,142.00000000,144.60000000,52741.39200000,7568761.24420000,16994
2022-10-24,144.60000000,144.80000000,141.30000000,143.20000000,56413.04900000,8058717.01470000,18339
2022-10-25,143.20000000,146.50000000,142.80000000,143.80000000,63480.01600000,9166339.08670000,23758
2022-10-26,143.90000000,148.10000000,143.70000000,146.90000000,61247.67800000,8951676.86640000,24146
2022-10-27,146.90000000,150.00000000,145.00000000,145.80000000,75145.31000000,11084855.60970000,28171
2022-10-28,145.70000000,148.30000000,143.70000000,146.80000000,72175.44400000,10506869.06790000,24720
2022-10-29,146.80000000,149.40000000,145.80000000,149.00000000,49535.95600000,7321106.00650000,21764
2022-10-30,148.90000000,150.70000000,145.80000000,147.50000000,42468.84100000,6310485.95380000,20311
2022-10-31,147.50000000,150.80000000,146.00000000,149.60000000,67036.05900000,9958830.48840000,28558
2022-11-01,149.60000000,151.30000000,148.30000000,149.70000000,55520.56900000,8315541.61820000,22813
2022-11-02,149.70000000,155.00000000,144.80000000,146.90000000,74728.03400000,11138461.99190000,28669
2022-11-03,146.90000000,150.40000000,146.50000000,149.40000000,44521.44900000,6630131.71390000,18740
2022-11-04,149.20000000,158.70000000,148.80000000,158.60000000,58000.08000000,8882624.29950000,27933
2022-11-05,158.60000000,162.10000000,152.00000000,157.30000000,74511.50800000,11887651.28530000,29808
2022-11-06,157.30000000,160.50000000,154.30000000,154.90000000,49411.90300000,7812477.54320000,21122
2022-11-07,154.90000000,159.50000000,146.20000000,155.20000000,65130.94000000,10172028.03330000,27765
2022-11-08,155.20000000,157.20000000,127.00000000,138.20000000,117847.88100000,16919947.89710000,65610
2022-11-09,138.50000000,144.40000000,115.30000000,119.10000000,117949.24800000,15403748.57600000,58930
2022-11-10,119.20000000,135.00000000,117.70000000,133.30000000,115669.89300000,14821037.49830000,54795
2022-11-11,133.30000000,134.90000000,122.10000000,128.40000000,112657.14500000,14576555.35770000,42195
2022-11-12,128.50000000,130.60000000,124.80000000,128.50000000,50037.19200000,6368074.28180000,18104
2022-11-13,128.60000000,131.60000000,126.30000000,127.20000000,67299.85100000,8672774.79290000,22599
2022-11-14,127.10000000,130.80000000,121.80000000,129.80000000,85377.97500000,10838560.57980000,26298
2022-11-15,129.80000000,132.80000000,127.60000000,129.10000000,65122.11000000,8493391.35560000,21749
2022-11-16,129.10000000,132.80000000,126.70000000,132.10000000,69366.93200000,9001257.93970000,22031
2022-11-17,132.10000000,133.40000000,129.90000000,133.20000000,78844.19200000,10400742.84240000,23919
2022-11-18,133.20000000,134.90000000,130.90000000,133.30000000,66340.25600000,8838304.17150000,19738
2022-11-19,133.20000000,134.70000000,131.90000000,134.40000000,54075.57200000,7200036.94200000,18662
2022-11-20,134.40000000,134.90000000,128.70000000,129.70000000,60791.01100000,8067025.18720000,20504
2022-11-21,129.70000000,138.40000000,125.90000000,126.10000000,176951.61700000,23195084.51360000,51592
2022-11-22,126.10000000,134.20000000,125.20000000,134.10000000,89326.40800000,11547483.36660000,28826
2022-11-23,134.10000000,137.00000000,133.00000000,135.10000000,117682.29000000,15867289.76540000,40603
2022-11-24,135.10000000,137.50000000,133.10000000,136.70000000,89906.26800000,12163803.65020000,26675
2022-11-25,136.70000000,138.30000000,133.70000000,136.30000000,76140.48700000,10363173.81960000,22935
2022-11-26,136.40000000,139.60000000,135.50000000,138.80000000,62622.36700000,8626507.07640000,20063
2022-11-27,138.80000000,139.80000000,136.10000000,136.50000000,50306.42100000,6945054.87950000,19141
2022-11-28,136.30000000,137.20000000,132.80000000,134.90000000,56402.05400000,7598601.89170000,20745
2022-11-29,134.80000000,146.60000000,134.10000000,137.40000000,106219.11000000,14662401.78810000,33226
2022-11-30,137.30000000,143.10000000,137.30000000,142.20000000,93507.34200000,13102083.25140000,34395
2022-12-01,142.20000000,145.00000000,141.20000000,144.40000000,105405.06900000,15062397.82990000,33459
2022-12-02,144.40000000,146.60000000,142.90000000,145.60000000,72557.22300000,10486369.15090000,26395
2022-12-03,145.50000000,150.00000000,143.20000000,145.30000000,93645.17600000,13723864.42580000,28706
2022-12-04,145.20000000,147.50000000,142.10000000,142.20000000,98878.69800000,14260662.99640000,31750
2022-12-05,142.20000000,146.00000000,141.40000000,145.10000000,87300.35200000,12589755.16660000,30447
2022-12-06,145.00000000,146.10000000,141.90000000,143.40000000,79056.83000000,11365107.70350000,26156
2022-12-07,143.40000000,144.40000000,141.10000000,143.90000000,63295.14700000,9040593.76660000,24487
2022-12-08,143.90000000,148.80000000,142.90000000,147.60000000,78557.40700000,11459997.96570000,28050
2022-12-09,147.60000000,149.50000000,146.30000000,149.20000000,74752.07000000,11030184.53340000,21845
2022-12-10,149.20000000,151.10000000,148.40000000,149.70000000,39909.96800000,5977201.99370000,15369
2022-12-11,149.60000000,152.40000000,149.20000000,150.60000000,48695.60200000,7331774.02720000,15549
2022-12-12,150.60000000,152.60000000,148.00000000,150.60000000,111731.27700000,16795991.91950000,30004
2022-12-13,150.60000000,153.10000000,148.30000000,151.60000000,84460.99800000,12723622.02320000,26428
2022-12-14,151.50000000,152.40000000,145.50000000,148.80000000,120554.06800000,17916131.76200000,33186
2022-12-15,148.90000000,150.00000000,146.30000000,149.10000000,72434.16600000,10723969.83540000,22952
2022-12-16,149.20000000,149.50000000,140.40000000,142.00000000,77558.52000000,11331507.98660000,27673
2022-12-17,142.00000000,144.40000000,138.50000000,143.40000000,48808.78200000,6929610.67740000,20812
2022-12-18,143.40000000,146.10000000,142.70000000,144.00000000,39832.12400000,5741800.72920000,16983
2022-12-19,143.90000000,145.70000000,142.90000000,143.80000000,42985.20100000,6222001.38440000,17831
2022-12-20,143.80000000,147.60000000,143.70000000,146.80000000,48279.89500000,7048503.25700000,19576
2022-12-21,146.80000000,148.80000000,146.20000000,147.20000000,58795.80800000,8681668.15910000,17910
2022-12-22,147.20000000,147.90000000,143.40000000,145.30000000,59802.48700000,8746033.58090000,17870
2022-12-23,145.30000000,147.00000000,138.60000000,143.10000000,74793.16900000,10648788.79950000,26078
2022-12-24,143.10000000,144.20000000,140.60000000,143.40000000,40425.21700000,5766780.94160000,13063
2022-12-25,143.30000000,145.60000000,143.10000000,145.10000000,38492.11400000,5549539.42760000,13816
2022-12-26,145.10000000,147.40000000,144.20000000,146.70000000,64104.85700000,9366536.66330000,19313
2022-12-27,146.80000000,147.60000000,143.60000000,145.60000000,90577.72400000,13182548.29520000,20678
2022-12-28,145.60000000,147.00000000,143.60000000,146.80000000,64561.43100000,9372355.78310000,22733
2022-12-29,146.80000000,147.00000000,144.00000000,145.60000000,76369.53800000,11147282.44490000,21908
2022-12-30,145.50000000,146.50000000,144.00000000,145.90000000,63508.28600000,9230562.89290000,18047
2022-12-31,146.00000000,148.50000000,145.00000000,147.30000000,55671.93900000,8173259.24600000,14902
2023-01-01,147.20000000,149.40000000,146.30000000,148.50000000,37332.81200000,5512441.12480000,11860
2023-01-02,148.60000000,150.00000000,147.50000000,147.80000000,50478.38800000,7512825.19830000,16259
2023-01-03,147.80000000,149.20000000,147.40000000,148.40000000,60687.50400000,9007538.01150000,18211
2023-01-04,148.30000000,152.80000000,148.20000000,150.90000000,89423.63900000,13486724.60150000,26892
2023-01-05,150.90000000,157.80000000,150.70000000,156.10000000,82059.71200000,12531671.41220000,27918
2023-01-06,156.10000000,159.20000000,152.60000000,154.80000000,87436.37300000,13568860.77730000,34389
2023-01-07,154.70000000,156.20000000,153.50000000,155.90000000,58763.27500000,9107597.43140000,19276
2023-01-08,156.00000000,159.00000000,154.00000000,155.30000000,130414.82400000,20389630.96810000,33682
2023-01-09,155.40000000,160.80000000,155.10000000,158.70000000,138280.33400000,21925908.02050000,40204
2023-01-10,158.70000000,163.30000000,157.50000000,161.20000000,127297.19500000,20317115.18330000,35861
2023-01-11,161.20000000,171.60000000,160.10000000,168.70000000,139055.60900000,22631383.12550000,40914
2023-01-12,168.70000000,171.20000000,163.70000000,166.60000000,159535.98000000,26735081.28030000,47987
2023-01-13,166.60000000,170.70000000,163.90000000,170.60000000,78444.83000000,13048043.33220000,32931
2023-01-14,170.60000000,187.70000000,170.10000000,175.10000000,139306.57500000,24896300.15580000,68778
2023-01-15,175.20000000,177.30000000,171.50000000,174.40000000,94416.65400000,16507506.08370000,35631
2023-01-16,174.50000000,176.90000000,165.20000000,168.00000000,81899.52100000,13942760.69730000,38915
2023-01-17,168.00000000,174.90000000,165.30000000,171.70000000,69981.76800000,12001519.69980000,39644
2023-01-18,171.70000000,175.00000000,160.60000000,162.90000000,81804.31700000,13819989.64160000,46296
2023-01-19,162.90000000,166.40000000,156.60000000,165.80000000,128873.06600000,20673998.05680000,65253
2023-01-20,165.80000000,173.90000000,164.80000000,173.30000000,67174.70300000,11294988.28480000,35277
2023-01-21,173.30000000,182.30000000,171.20000000,172.90000000,100871.04300000,17709255.42440000,52297
2023-01-22,172.80000000,181.40000000,172.40000000,177.20000000,45460.05400000,8078639.64010000,24869
2023-01-23,177.00000000,180.30000000,174.50000000,179.00000000,60780.81700000,10779033.60370000,30641
2023-01-24,178.90000000,180.20000000,168.40000000,172.10000000,73569.88300000,12964916.69320000,35985
2023-01-25,172.10000000,176.10000000,166.10000000,173.20000000,65235.42600000,11151390.17410000,34377
2023-01-26,173.30000000,178.50000000,170.80000000,172.00000000,81496.98900000,14230164.62040000,39684
2023-01-27,171.80000000,180.70000000,167.00000000,179.90000000,98323.02600000,17201444.65200000,51429
2023-01-28,180.00000000,186.60000000,178.10000000,184.20000000,83970.47500000,15312947.71380000,43581
2023-01-29,184.20000000,187.10000000,182.10000000,186.30000000,53176.99700000,9822540.45020000,30126
2023-01-30,186.10000000,186.90000000,174.40000000,175.90000000,67407.34000000,12236142.69420000,42197
2023-01-31,175.90000000,180.50000000,171.80000000,177.50000000,73655.49700000,12969655.92180000,40584
2023-02-01,177.50000000,178.70000000,172.50000000,177.70000000,64007.81700000,11270342.15540000,33059
2023-02-02,177.70000000,180.80000000,171.50000000,173.10000000,83586.12600000,14851090.46570000,39507
2023-02-03,173.10000000,175.80000000,170.20000000,171.80000000,86658.66100000,14980599.77170000,35144
2023-02-04,171.90000000,175.00000000,170.70000000,172.30000000,39439.92700000,6820101.57370000,20868
2023-02-05,172.20000000,173.80000000,165.00000000,166.60000000,78950.67700000,13393797.89550000,41454
2023-02-06,166.60000000,168.70000000,163.30000000,164.50000000,60569.82100000,10062946.52980000,34358
2023-02-07,164.50000000,168.40000000,163.50000000,168.20000000,65750.85600000,10961426.78800000,33959
2023-02-08,168.20000000,169.40000000,162.70000000,165.60000000,84989.77500000,14146057.45080000,41744
2023-02-09,165.60000000,168.30000000,150.00000000,152.60000000,98538.12700000,15933344.33890000,57251
2023-02-10,152.60000000,158.70000000,151.30000000,154.70000000,83722.98900000,12947569.52790000,46575
2023-02-11,154.70000000,161.80000000,153.60000000,161.40000000,78630.23400000,12497443.68010000,35603
2023-02-12,161.30000000,163.30000000,157.90000000,159.50000000,71267.18200000,11491680.35630000,28459
2023-02-13,159.40000000,161.90000000,153.30000000,155.90000000,109842.82500000,17330606.03340000,53335
2023-02-14,156.00000000,159.40000000,153.60000000,158.50000000,114333.31700000,17931802.76730000,51863
2023-02-15,158.40000000,165.70000000,156.70000000,165.50000000,90677.44700000,14565358.68660000,45213
2023-02-16,165.50000000,167.20000000,155.30000000,155.70000000,90657.11200000,14784927.03270000,48261
2023-02-17,155.70000000,162.30000000,154.90000000,159.60000000,82599.18300000,13154288.56610000,41003
2023-02-18,159.60000000,163.80000000,158.80000000,161.60000000,53596.90900000,8650094.72550000,26460
2023-02-19,161.70000000,166.50000000,159.30000000,162.30000000,79804.47100000,13021124.53180000,36387
2023-02-20,162.20000000,169.00000000,160.40000000,161.70000000,106187.65400000,17561967.65410000,47368
2023-02-21,161.70000000,163.30000000,156.30000000,159.60000000,70539.39700000,11342860.18430000,35650
2023-02-22,159.50000000,159.90000000,155.60000000,157.70000000,54797.65700000,8621760.91070000,26693
2023-02-23,157.80000000,159.60000000,150.00000000,151.90000000,83324.68900000,12854659.14260000,34083
2023-02-24,151.90000000,154.60000000,148.60000000,150.40000000,47410.45200000,7190611.81350000,28529
2023-02-25,150.40000000,151.70000000,145.00000000,149.00000000,51819.39900000,7728346.36100000,27858
2023-02-26,149.10000000,152.50000000,148.20000000,151.30000000,52568.82200000,7904847.39700000,24580
2023-02-27,151.30000000,152.30000000,146.20000000,149.80000000,50603.22800000,7593494.66170000,27999
2023-02-28,149.90000000,152.40000000,148.90000000,150.30000000,61702.80900000,9282215.81090000,27590
2023-03-01,150.30000000,153.80000000,150.10000000,152.70000000,71544.99700000,10866538.59330000,35995
2023-03-02,152.70000000,153.30000000,148.60000000,151.10000000,67075.29900000,10144265.92400000,34020
2023-03-03,151.10000000,151.40000000,140.40000000,145.00000000,61248.28200000,8893836.19060000,35579
2023-03-04,145.00000000,147.90000000,144.10000000,146.70000000,36031.85600000,5280072.39620000,19811
2023-03-05,146.70000000,150.40000000,146.20000000,149.60000000,37020.60700000,5501475.59300000,19162
2023-03-06,149.50000000,154.40000000,148.30000000,154.00000000,57682.40600000,8734068.62670000,26761
2023-03-07,154.10000000,155.70000000,148.20000000,150.30000000,70785.83200000,10693538.43010000,32625
2023-03-08,150.20000000,151.50000000,143.10000000,143.30000000,76888.07200000,11391759.10010000,31375
2023-03-09,143.20000000,152.40000000,140.30000000,142.30000000,84913.73900000,12489498.60240000,35149
2023-03-10,142.30000000,142.80000000,132.00000000,135.20000000,95480.17700000,13006495.40940000,37706
2023-03-11,135.10000000,142.00000000,132.30000000,140.00000000,94416.10200000,13006061.19460000,40436
2023-03-12,139.90000000,150.40000000,139.10000000,149.90000000,89426.77100000,12897613.37570000,41458
2023-03-13,149.90000000,155.10000000,145.40000000,152.30000000,89809.36200000,13528620.01990000,48191
2023-03-14,152.30000000,157.40000000,146.70000000,149.60000000,113811.03000000,17377955.80470000,58991
2023-03-15,149.60000000,152.00000000,142.20000000,146.20000000,86447.54900000,12746500.76620000,50733
2023-03-16,146.30000000,149.80000000,144.20000000,149.00000000,68389.62200000,10094368.54730000,40107
2023-03-17,149.00000000,154.30000000,148.80000000,153.70000000,75781.53800000,11493292.18780000,41797
2023-03-18,153.60000000,154.30000000,146.20000000,149.30000000,78896.79600000,11996360.15130000,39817
2023-03-19,149.40000000,158.60000000,148.50000000,153.30000000,96663.67500000,14947176.86340000,41312
2023-03-20,153.20000000,155.90000000,149.40000000,151.80000000,82696.10200000,12663568.10840000,44141
2023-03-21,151.70000000,157.40000000,149.00000000,153.10000000,120646.51900000,18451526.00580000,57137
2023-03-22,153.20000000,154.90000000,145.30000000,148.60000000,159804.82500000,24218515.48260000,73016
2023-03-23,148.40000000,156.80000000,148.30000000,156.50000000,149564.27600000,22946981.93380000,59673
2023-03-24,156.40000000,163.50000000,154.90000000,162.00000000,119321.33800000,19018854.47290000,58018
2023-03-25,162.00000000,165.00000000,159.50000000,159.70000000,89083.06600000,14438075.06520000,42827
2023-03-26,159.60000000,165.90000000,158.60000000,161.50000000,68588.76700000,11170247.20450000,31841
2023-03-27,161.50000000,165.00000000,151.40000000,151.70000000,125243.00100000,19871458.46260000,59728
2023-03-28,151.70000000,160.00000000,149.70000000,154.00000000,87152.27600000,13394287.67340000,45574
2023-03-29,154.00000000,160.10000000,153.60000000,158.90000000,78463.56100000,12345570.90480000,41476
2023-03-30,158.90000000,163.30000000,154.40000000,155.30000000,95702.94900000,15201532.38020000,48732
2023-03-31,155.30000000,158.50000000,154.70000000,157.60000000,58221.88800000,9118630.99570000,32701
2023-04-01,157.70000000,157.80000000,153.90000000,157.00000000,41961.02200000,6551561.58750000,23486
2023-04-02,157.10000000,160.90000000,156.10000000,160.20000000,58079.34100000,9233434.01000000,31718
2023-04-03,160.10000000,161.90000000,155.40000000,156.50000000,81292.34400000,12938811.75350000,42586
2023-04-04,156.50000000,159.70000000,155.80000000,158.60000000,67246.82100000,10616487.57690000,30961
2023-04-05,158.60000000,160.30000000,156.00000000,158.00000000,62648.15700000,9904620.94760000,28240
2023-04-06,158.10000000,158.80000000,156.10000000,156.30000000,51881.69900000,8168481.96820000,25079
2023-04-07,156.30000000,157.90000000,155.10000000,156.70000000,45769.14700000,7170513.55770000,23366
2023-04-08,156.70000000,159.20000000,156.70000000,158.30000000,44853.18800000,7102449.38190000,21934
2023-04-09,158.30000000,160.50000000,157.60000000,160.20000000,35210.92500000,5593376.19830000,18133
2023-04-10,160.30000000,160.90000000,155.20000000,159.20000000,87760.17100000,13888217.03100000,37697
2023-04-11,159.10000000,162.80000000,158.60000000,162.20000000,80536.32400000,12947233.16260000,36792
2023-04-12,162.20000000,162.90000000,158.80000000,162.10000000,79835.23700000,12839406.88870000,41078
2023-04-13,162.00000000,163.90000000,161.20000000,161.80000000,55496.00200000,9027958.00210000,28036
2023-04-14,161.80000000,164.40000000,158.90000000,162.00000000,65916.87300000,10693335.34620000,32770
2023-04-15,162.00000000,163.70000000,161.10000000,162.30000000,50039.29100000,8141845.60500000,25201
2023-04-16,162.20000000,164.10000000,160.50000000,163.80000000,34643.09800000,5643066.89430000,17650
2023-04-17,163.70000000,164.00000000,159.30000000,159.40000000,68753.62000000,11114327.46370000,33541
2023-04-18,159.30000000,163.50000000,158.20000000,162.80000000,45208.41900000,7305971.68820000,24211
2023-04-19,162.90000000,162.90000000,151.50000000,153.00000000,65858.09600000,10387414.98730000,36912
2023-04-20,152.80000000,156.20000000,150.90000000,153.50000000,55690.23800000,8569195.57180000,31024
2023-04-21,153.40000000,155.60000000,149.20000000,151.10000000,53399.62900000,8172438.00420000,28984
2023-04-22,151.20000000,157.60000000,150.30000000,157.40000000,41447.45300000,6378405.60630000,19447
2023-04-23,157.40000000,159.40000000,153.50000000,157.50000000,54583.75900000,8615700.34230000,25955
2023-04-24,157.50000000,159.00000000,156.10000000,157.60000000,48567.25800000,7651205.20350000,25171
2023-04-25,157.60000000,160.00000000,154.20000000,159.70000000,50305.99600000,7894013.27680000,25115
2023-04-26,159.70000000,162.60000000,151.90000000,156.90000000,87491.29600000,13937118.49130000,42429
2023-04-27,156.90000000,159.10000000,153.50000000,153.80000000,76851.94600000,12025763.03510000,36866
2023-04-28,153.80000000,156.80000000,152.30000000,153.20000000,65016.33200000,10025412.70730000,31163
2023-04-29,153.20000000,156.20000000,152.30000000,154.50000000,38518.64200000,5959970.48800000,20578
2023-04-30,154.50000000,157.10000000,153.70000000,155.40000000,32313.59400000,5008514.37310000,16595
2023-05-01,155.50000000,156.00000000,150.80000000,152.70000000,61469.16200000,9392314.37950000,30933
2023-05-02,152.70000000,154.90000000,152.30000000,152.70000000,47123.91900000,7239231.75320000,25799
2023-05-03,152.80000000,155.30000000,151.10000000,155.20000000,74445.41000000,11379006.24420000,31775
2023-05-04,155.10000000,156.80000000,154.50000000,155.50000000,57558.46500000,8969191.66140000,29060
2023-05-05,155.50000000,158.90000000,154.60000000,158.30000000,67287.93800000,10550814.18100000,35289
2023-05-06,158.20000000,159.20000000,153.70000000,156.20000000,57568.72200000,9014757.21420000,32645
2023-05-07,156.30000000,158.70000000,155.70000000,156.90000000,44670.08600000,7037056.09600000,22523
2023-05-08,156.80000000,157.50000000,149.30000000,153.50000000,71569.56600000,10958871.56680000,33298
2023-05-09,153.60000000,155.40000000,152.10000000,155.00000000,50434.45900000,7758256.45820000,23372
2023-05-10,155.00000000,156.30000000,150.50000000,153.80000000,59043.63700000,9110659.87150000,30953
2023-05-11,153.80000000,155.50000000,151.10000000,152.60000000,60589.00200000,9306366.96110000,30391
2023-05-12,152.50000000,155.00000000,149.90000000,153.80000000,46809.41000000,7113616.24360000,25307
2023-05-13,153.80000000,154.00000000,152.40000000,153.00000000,28645.12900000,4385101.51530000,14440
2023-05-14,153.00000000,154.20000000,151.70000000,154.10000000,40175.95400000,6159026.58070000,17052
2023-05-15,154.00000000,154.60000000,152.00000000,152.00000000,40521.19900000,6227674.07290000,16847
2023-05-16,152.00000000,153.00000000,150.50000000,151.70000000,41859.44900000,6349807.18620000,18131
2023-05-17,151.70000000,152.50000000,150.80000000,151.30000000,40742.44600000,6178115.17930000,20072
2023-05-18,151.20000000,152.10000000,149.10000000,151.10000000,41120.88000000,6206923.62100000,25391
2023-05-19,151.20000000,152.40000000,149.50000000,150.50000000,41720.67500000,6306939.96200000,20464
2023-05-20,150.50000000,151.60000000,149.70000000,150.40000000,36945.73200000,5559778.37960000,12767
2023-05-21,150.40000000,150.90000000,149.00000000,150.10000000,36785.88500000,5526063.10080000,13172
2023-05-22,150.10000000,152.90000000,149.10000000,151.50000000,52706.55500000,7980690.71850000,23558
2023-05-23,151.60000000,153.10000000,150.80000000,151.70000000,47564.39200000,7221830.78870000,21639
2023-05-24,151.70000000,152.00000000,148.10000000,150.10000000,49100.44400000,7363452.10080000,19944
2023-05-25,150.10000000,151.80000000,149.00000000,151.10000000,57063.07500000,8601329.30200000,20859
2023-05-26,151.10000000,151.90000000,150.40000000,150.60000000,38147.35000000,5764746.06170000,13938
2023-05-27,150.60000000,151.60000000,150.30000000,151.20000000,25998.40200000,3925523.76640000,10142
2023-05-28,151.30000000,156.60000000,151.00000000,155.10000000,60779.72900000,9348353.86250000,24014
2023-05-29,155.10000000,156.80000000,152.70000000,154.00000000,66149.12200000,10246336.90140000,27147
2023-05-30,154.00000000,154.80000000,152.10000000,153.00000000,69137.21100000,10599410.44950000,27300
2023-05-31,153.00000000,153.60000000,144.60000000,145.90000000,89670.18900000,13345250.19480000,35905
2023-06-01,145.90000000,148.70000000,144.80000000,146.40000000,65754.76300000,9689406.24860000,25202
2023-06-02,146.30000000,147.60000000,144.70000000,146.00000000,73572.12500000,10739746.28670000,30002
2023-06-03,146.00000000,148.70000000,145.50000000,148.30000000,46652.38400000,6859099.85200000,16512
2023-06-04,148.30000000,150.20000000,147.90000000,148.10000000,49822.55100000,7431543.27310000,15921
2023-06-05,148.10000000,148.50000000,137.00000000,141.10000000,70147.87300000,10076572.71640000,30197
2023-06-06,141.00000000,147.60000000,138.70000000,147.10000000,73649.06700000,10533742.85650000,46293
2023-06-07,147.00000000,148.40000000,143.30000000,145.20000000,58324.42100000,8488603.92100000,25738
2023-06-08,145.20000000,146.20000000,142.10000000,142.50000000,64606.76600000,9304916.13570000,22814
2023-06-09,142.40000000,143.60000000,140.70000000,143.10000000,50583.45200000,7199594.41390000,22219
2023-06-10,143.20000000,144.00000000,126.00000000,137.70000000,95689.74100000,12971481.91680000,46272
2023-06-11,137.70000000,139.10000000,135.50000000,137.90000000,34767.50200000,4774539.11390000,16384
2023-06-12,138.00000000,141.00000000,135.70000000,140.20000000,85500.91300000,11896649.38700000,30253
2023-06-13,140.20000000,141.80000000,136.40000000,136.50000000,87289.48100000,12169331.48130000,36349
2023-06-14,136.60000000,137.40000000,131.10000000,133.90000000,80526.41000000,10863366.13790000,29574
2023-06-15,134.00000000,135.20000000,131.60000000,134.30000000,85000.92100000,11344803.38430000,29889
2023-06-16,134.40000000,137.60000000,132.50000000,134.70000000,56350.29500000,7624520.98840000,26404
2023-06-17,134.70000000,137.00000000,134.30000000,136.50000000,35564.11700000,4840619.41830000,12684
2023-06-18,136.60000000,141.40000000,136.00000000,137.30000000,49234.96100000,6840320.90600000,18093
2023-06-19,137.30000000,139.60000000,136.10000000,138.30000000,49562.75300000,6831271.56030000,22451
2023-06-20,138.30000000,143.00000000,137.20000000,141.80000000,65508.74100000,9215519.53140000,30998
2023-06-21,141.80000000,145.90000000,141.10000000,145.00000000,85816.05900000,12358506.65710000,35663
2023-06-22,145.10000000,153.30000000,144.80000000,149.90000000,88287.46800000,13084133.69080000,38576
2023-06-23,149.90000000,155.50000000,148.90000000,154.60000000,93653.35700000,14266005.51070000,38956
2023-06-24,154.50000000,159.90000000,153.20000000,156.60000000,98897.15100000,15452060.69960000,43328
2023-06-25,156.60000000,166.40000000,155.80000000,163.40000000,85680.89500000,13894317.86670000,40815
2023-06-26,163.30000000,166.00000000,158.40000000,163.70000000,112915.35700000,18470830.43930000,49930
2023-06-27,163.70000000,170.90000000,163.40000000,167.60000000,102333.91300000,17173239.79280000,39939
2023-06-28,167.70000000,170.90000000,162.40000000,164.70000000,87159.07900000,14537382.65500000,41015
2023-06-29,164.70000000,167.70000000,160.50000000,163.90000000,49302.33400000,8102513.78510000,21990
2023-06-30,163.90000000,169.80000000,160.20000000,168.40000000,105252.94200000,17573348.76620000,46950
2023-07-01,168.40000000,169.20000000,166.60000000,167.00000000,40209.61900000,6762385.45870000,17751
2023-07-02,167.10000000,168.80000000,162.60000000,168.70000000,46327.13400000,7649179.60930000,22827
2023-07-03,168.70000000,172.70000000,167.30000000,169.00000000,81356.77600000,13810513.13780000,32881
2023-07-04,168.90000000,171.30000000,165.90000000,165.90000000,57096.39300000,9643574.02860000,24435
2023-07-05,166.00000000,169.60000000,161.60000000,166.80000000,60197.48200000,9950605.39030000,29438
2023-07-06,166.90000000,170.00000000,163.70000000,165.60000000,52527.75400000,8793287.97500000,25878
2023-07-07,165.60000000,168.80000000,163.60000000,165.50000000,53950.71300000,8933243.03790000,23271
2023-07-08,165.50000000,168.90000000,165.10000000,167.40000000,57202.98200000,9557199.48780000,19622
2023-07-09,167.40000000,168.90000000,165.10000000,165.90000000,51066.31300000,8554708.89940000,20123
2023-07-10,165.90000000,167.00000000,163.00000000,163.60000000,60816.13900000,10045486.55690000,27485
2023-07-11,163.50000000,165.80000000,162.90000000,165.30000000,53016.16400000,8696552.69610000,23292
2023-07-12,165.30000000,165.50000000,163.00000000,163.50000000,44704.39700000,7339301.97090000,22310
2023-07-13,163.50000000,167.70000000,161.70000000,165.20000000,60102.58100000,9868427.37450000,31482
2023-07-14,165.20000000,166.80000000,155.50000000,160.70000000,72737.69100000,11865869.77350000,33952
2023-07-15,160.70000000,166.30000000,158.70000000,164.70000000,48145.19600000,7844318.40760000,18495
2023-07-16,164.80000000,166.40000000,162.90000000,165.50000000,33620.46400000,5545804.92860000,15121
2023-07-17,165.50000000,169.00000000,162.90000000,168.10000000,53994.98400000,8948681.34890000,26342
2023-07-18,168.10000000,168.70000000,164.00000000,166.90000000,41863.48100000,6964525.51940000,21069
2023-07-19,166.90000000,171.10000000,165.20000000,165.80000000,62369.41600000,10498483.57020000,24128
2023-07-20,165.80000000,168.30000000,163.10000000,165.80000000,42980.85700000,7111864.87020000,17967
2023-07-21,165.80000000,166.30000000,160.60000000,161.90000000,49888.60600000,8124679.54210000,20160
2023-07-22,161.90000000,163.90000000,161.00000000,162.30000000,33519.09800000,5446720.18500000,16536
2023-07-23,162.30000000,166.40000000,161.40000000,163.80000000,39675.12000000,6535216.66290000,17134
2023-07-24,163.80000000,164.80000000,159.70000000,161.10000000,46136.76700000,7484851.42130000,22537
2023-07-25,161.00000000,163.30000000,159.90000000,162.90000000,34039.27000000,5510027.31320000,16812
2023-07-26,163.00000000,163.80000000,161.20000000,163.00000000,49073.38400000,7972551.88270000,20876
2023-07-27,163.00000000,164.20000000,161.20000000,162.10000000,51820.71200000,8441845.77340000,20874
2023-07-28,162.20000000,164.60000000,161.90000000,163.00000000,56684.06000000,9252673.98730000,21933
2023-07-29,163.00000000,164.30000000,161.90000000,163.10000000,36834.18600000,6007324.80250000,11809
2023-07-30,163.10000000,163.80000000,158.10000000,160.30000000,38366.02200000,6197751.49000000,15301
2023-07-31,160.30000000,161.90000000,159.50000000,161.20000000,56399.77600000,9073535.07610000,19514
2023-08-01,161.20000000,163.80000000,157.20000000,160.30000000,149028.04600000,23925220.71170000,38577
2023-08-02,160.30000000,161.00000000,158.60000000,160.10000000,51833.05000000,8285649.34060000,18584
2023-08-03,160.00000000,161.90000000,159.60000000,160.40000000,50864.35500000,8174058.25310000,16923
2023-08-04,160.40000000,162.30000000,157.30000000,158.60000000,102326.06500000,16332961.26500000,24469
2023-08-05,158.60000000,161.50000000,157.90000000,159.70000000,65703.92800000,10473550.15650000,18380
2023-08-06,159.80000000,161.20000000,159.10000000,159.80000000,47614.81600000,7625133.54370000,14587
2023-08-07,159.80000000,161.00000000,157.20000000,158.40000000,52819.05400000,8396106.39850000,19068
2023-08-08,158.50000000,160.30000000,157.80000000,158.90000000,48637.74200000,7732492.93500000,18834
2023-08-09,158.90000000,159.70000000,156.50000000,157.30000000,49143.69600000,7775916.05750000,16412
2023-08-10,157.30000000,157.60000000,154.40000000,156.10000000,59814.86900000,9308973.19720000,17876
2023-08-11,156.20000000,158.20000000,155.90000000,156.90000000,44922.06600000,7054077.18440000,13832
2023-08-12,157.00000000,158.30000000,156.40000000,158.00000000,48186.86800000,7583124.53070000,11589
2023-08-13,158.00000000,159.80000000,157.00000000,158.20000000,47182.15600000,7484919.88470000,12450
2023-08-14,158.30000000,160.10000000,158.00000000,158.60000000,57185.25900000,9097083.04840000,14941
2023-08-15,158.60000000,158.90000000,154.90000000,155.40000000,41430.99500000,6515092.45540000,13437
2023-08-16,155.50000000,156.60000000,152.60000000,154.00000000,66212.55900000,10277051.06090000,19320
2023-08-17,154.10000000,154.80000000,136.20000000,141.60000000,73392.08500000,10834584.92570000,30791
2023-08-18,141.70000000,145.40000000,140.80000000,143.50000000,52429.91400000,7519145.41110000,16929
2023-08-19,143.60000000,145.30000000,143.00000000,144.40000000,27867.31400000,4018718.69600000,10200
2023-08-20,144.40000000,149.30000000,143.50000000,147.30000000,40502.91600000,5969562.17820000,13409
2023-08-21,147.30000000,149.90000000,144.60000000,149.60000000,56445.63300000,8342924.75890000,15286
2023-08-22,149.70000000,149.90000000,143.40000000,145.50000000,50646.83500000,7485038.59510000,17131
2023-08-23,145.50000000,146.40000000,142.60000000,143.00000000,60952.37000000,8780952.11030000,22231
2023-08-24,143.10000000,143.20000000,135.60000000,138.60000000,93503.18900000,12982542.72290000,40946
2023-08-25,138.60000000,140.30000000,137.10000000,140.10000000,62354.20700000,8669888.70830000,26929
2023-08-26,140.20000000,145.20000000,139.90000000,143.00000000,86316.66200000,12337373.74230000,33579
2023-08-27,143.10000000,145.90000000,142.70000000,145.40000000,53561.57400000,7747266.16080000,18904
2023-08-28,145.50000000,146.90000000,142.40000000,145.20000000,72692.15300000,10545515.27160000,26141
2023-08-29,145.30000000,148.50000000,142.90000000,146.70000000,75141.51700000,10937101.46540000,26919
2023-08-30,146.80000000,148.40000000,140.60000000,142.10000000,75206.08800000,10828680.57480000,31731
2023-08-31,142.00000000,144.90000000,139.40000000,143.10000000,67970.58200000,9752403.18010000,26153
2023-09-01,143.20000000,144.90000000,138.90000000,140.80000000,53400.23400000,7612829.62150000,21475
2023-09-02,140.80000000,141.90000000,139.00000000,140.10000000,36406.64200000,5113230.54220000,16210
2023-09-03,140.10000000,141.50000000,139.10000000,140.60000000,36709.60900000,5159997.53530000,13489
2023-09-04,140.80000000,144.10000000,140.70000000,141.10000000,53219.12100000,7570969.64100000,20351
2023-09-05,141.20000000,141.40000000,137.30000000,137.70000000,54842.27300000,7659397.57030000,16822
2023-09-06,137.70000000,142.80000000,137.50000000,142.20000000,64388.55500000,8987043.96620000,20471
2023-09-07,142.10000000,143.40000000,140.90000000,143.30000000,70374.95000000,10017501.91870000,27353
2023-09-08,143.40000000,144.30000000,140.40000000,143.90000000,43494.13200000,6204154.00760000,21580
2023-09-09,144.00000000,144.10000000,142.20000000,143.40000000,30261.36900000,4335864.10130000,11540
2023-09-10,143.50000000,143.90000000,141.60000000,142.90000000,28796.73300000,4108069.30030000,14895
2023-09-11,143.00000000,143.90000000,137.90000000,139.90000000,52345.73100000,7356375.90970000,24468
2023-09-12,140.00000000,143.10000000,139.20000000,140.80000000,54545.13400000,7710996.99210000,23456
2023-09-13,140.80000000,144.70000000,140.40000000,143.00000000,60203.18000000,8635058.80470000,20777
2023-09-14,143.00000000,147.20000000,142.00000000,146.50000000,43486.99500000,6304185.69180000,20417
2023-09-15,146.60000000,150.00000000,146.00000000,147.80000000,64644.21400000,9542252.88490000,24180
2023-09-16,147.80000000,148.20000000,143.90000000,144.30000000,31247.89100000,4551826.17160000,12892
2023-09-17,144.40000000,146.30000000,143.00000000,145.80000000,33799.14900000,4896543.55790000,13268
2023-09-18,145.80000000,148.00000000,144.90000000,145.70000000,40829.87600000,5976026.36300000,16722
2023-09-19,145.80000000,148.50000000,145.60000000,147.60000000,32002.20700000,4713231.85410000,18730
2023-09-20,147.60000000,148.50000000,145.80000000,148.20000000,41122.75600000,6057516.47900000,18025
2023-09-21,148.20000000,148.40000000,145.00000000,145.10000000,39995.34900000,5868604.19300000,17766
2023-09-22,145.20000000,147.10000000,144.40000000,145.00000000,39100.58800000,5697747.26590000,14944
2023-09-23,145.10000000,145.60000000,141.40000000,141.70000000,29333.64300000,4212016.10090000,12155
2023-09-24,141.70000000,144.60000000,141.50000000,143.80000000,34682.93700000,4967802.90780000,15088
2023-09-25,143.80000000,145.50000000,142.90000000,144.50000000,50055.29700000,7218778.66700000,19141
2023-09-26,144.50000000,145.40000000,143.20000000,144.80000000,48675.91400000,7018520.36100000,17426
2023-09-27,144.70000000,146.80000000,144.20000000,146.60000000,59252.73000000,8615073.02470000,16141
2023-09-28,146.50000000,147.70000000,145.30000000,146.00000000,38105.53400000,5583475.52540000,13717
2023-09-29,146.00000000,146.90000000,144.70000000,146.80000000,35062.27000000,5106442.68480000,12988
2023-09-30,146.90000000,148.20000000,145.10000000,146.60000000,35622.82600000,5214406.40930000,12601
2023-10-01,146.60000000,150.00000000,145.30000000,149.10000000,69424.45400000,10243312.51710000,20194
2023-10-02,149.10000000,150.00000000,145.30000000,146.00000000,62807.37900000,9311743.14490000,18962
2023-10-03,146.00000000,148.00000000,144.80000000,147.20000000,43648.81100000,6397230.74840000,15549
2023-10-04,147.20000000,150.80000000,145.50000000,150.40000000,58009.90500000,8610624.70220000,17240
2023-10-05,150.30000000,151.60000000,148.20000000,149.60000000,48783.80100000,7317882.94060000,16981
2023-10-06,149.50000000,152.70000000,148.40000000,151.80000000,41822.23300000,6291680.49350000,15804
2023-10-07,151.80000000,155.70000000,150.80000000,155.40000000,67625.48900000,10343773.80090000,21669
2023-10-08,155.30000000,156.80000000,152.60000000,156.30000000,66716.03800000,10344627.25150000,18742
2023-10-09,156.20000000,156.40000000,151.70000000,153.70000000,62275.91400000,9584365.52930000,21845
2023-10-10,153.80000000,154.60000000,151.90000000,152.20000000,42351.45500000,6481833.90870000,14960
2023-10-11,152.20000000,154.00000000,150.90000000,154.00000000,40053.64100000,6095259.88880000,17016
2023-10-12,154.00000000,154.60000000,150.90000000,152.50000000,53996.38500000,8240856.81070000,20682
2023-10-13,152.40000000,154.90000000,150.80000000,153.60000000,49127.75000000,7494124.31390000,21349
2023-10-14,153.50000000,154.50000000,151.60000000,152.80000000,28552.71200000,4377502.29560000,11294
2023-10-15,152.80000000,153.50000000,151.80000000,152.30000000,29734.26800000,4537825.15210000,12726
2023-10-16,152.30000000,154.00000000,150.90000000,152.40000000,63899.64100000,9712431.91720000,27536
2023-10-17,152.40000000,152.40000000,149.30000000,150.50000000,49704.24500000,7509634.59200000,19254
2023-10-18,150.50000000,152.50000000,149.60000000,149.70000000,44790.58200000,6763168.40140000,18165
2023-10-19,149.70000000,152.60000000,146.70000000,152.50000000,58854.25800000,8858837.07240000,28626
2023-10-20,152.50000000,157.40000000,151.70000000,154.80000000,66368.43600000,10268842.49050000,26109
2023-10-21,154.80000000,158.20000000,154.10000000,157.80000000,40236.68300000,6289335.11870000,17323
2023-10-22,157.80000000,160.00000000,156.20000000,159.00000000,50712.02400000,8019479.62700000,24638
2023-10-23,159.00000000,162.30000000,156.80000000,160.90000000,86577.57600000,13763509.91090000,35310
2023-10-24,160.90000000,163.80000000,155.50000000,158.00000000,122627.98100000,19544763.73280000,53689
2023-10-25,158.00000000,160.60000000,154.40000000,160.10000000,90088.47600000,14210874.61870000,31473
2023-10-26,160.10000000,162.60000000,156.60000000,159.60000000,80942.50800000,12955713.49870000,32663
2023-10-27,159.50000000,161.30000000,156.70000000,160.70000000,52700.00500000,8417922.36730000,23406
2023-10-28,160.80000000,162.90000000,159.50000000,161.90000000,52846.45100000,8537837.19420000,20205
2023-10-29,161.90000000,175.00000000,159.90000000,174.10000000,127114.12000000,21073319.29870000,48445
2023-10-30,174.10000000,175.40000000,164.40000000,172.70000000,120040.04800000,20505573.52030000,60074
2023-10-31,172.60000000,173.90000000,168.30000000,172.20000000,65175.47200000,11167013.74100000,36900
2023-11-01,172.20000000,172.90000000,169.30000000,171.50000000,82640.84000000,14125813.64300000,36486
2023-11-02,171.50000000,172.60000000,167.50000000,171.00000000,96073.00000000,16376534.53800000,44413
2023-11-03,171.00000000,173.20000000,168.50000000,170.70000000,58202.45900000,9966495.69540000,32056
2023-11-04,170.80000000,171.70000000,165.20000000,168.10000000,51012.33300000,8608696.34690000,26244
2023-11-05,168.10000000,170.90000000,167.00000000,169.20000000,53477.33800000,9044442.86390000,28543
2023-11-06,169.30000000,169.60000000,164.40000000,165.20000000,81043.09600000,13481544.25970000,31853
2023-11-07,165.20000000,168.40000000,161.50000000,166.10000000,91321.42800000,15093956.45020000,34432
2023-11-08,166.10000000,167.90000000,164.00000000,167.30000000,66188.45400000,10988548.21590000,27576
2023-11-09,167.20000000,171.30000000,157.90000000,170.30000000,108719.70500000,18093347.59280000,53708
2023-11-10,170.20000000,173.80000000,166.40000000,170.80000000,83370.89500000,14258260.82850000,39829
2023-11-11,170.80000000,172.60000000,167.60000000,169.30000000,67225.36100000,11455535.25850000,35343
2023-11-12,169.30000000,171.80000000,166.40000000,171.20000000,49692.70600000,8407887.93080000,22147
2023-11-13,171.20000000,172.90000000,162.50000000,162.60000000,76836.79200000,12906025.19000000,32897
2023-11-14,162.70000000,166.50000000,158.90000000,163.30000000,65585.10000000,10716740.95640000,27741
2023-11-15,163.30000000,166.60000000,157.80000000,161.10000000,118145.61600000,19207313.17910000,38943
2023-11-16,161.10000000,162.90000000,157.20000000,160.80000000,80410.49300000,12916893.52340000,30285
2023-11-17,160.90000000,167.20000000,160.40000000,162.90000000,90997.61600000,14910399.58690000,34524
2023-11-18,162.90000000,162.90000000,159.00000000,160.80000000,34533.95600000,5541095.08580000,15148
2023-11-19,160.70000000,164.20000000,159.30000000,163.90000000,37687.52200000,6086501.02330000,16497
2023-11-20,164.00000000,165.00000000,161.60000000,163.00000000,56039.68000000,9177592.09960000,26016
2023-11-21,162.90000000,166.00000000,158.10000000,158.80000000,74536.63600000,12185426.49950000,34425
2023-11-22,158.90000000,164.10000000,158.00000000,163.10000000,82420.11600000,13392884.34520000,33061
2023-11-23,163.00000000,167.90000000,162.90000000,165.80000000,81381.83400000,13499072.57190000,30481
2023-11-24,165.90000000,171.60000000,165.80000000,170.40000000,67667.84700000,11426486.05810000,34235
2023-11-25,170.30000000,173.00000000,169.60000000,172.00000000,50145.29900000,8588631.17830000,26255
2023-11-26,172.00000000,173.30000000,167.80000000,169.40000000,42144.32700000,7207710.52440000,21690
2023-11-27,169.50000000,170.60000000,164.50000000,165.50000000,68999.38000000,11541861.44620000,32144
2023-11-28,165.60000000,168.00000000,164.00000000,167.60000000,48829.85700000,8106132.91720000,26300
2023-11-29,167.70000000,167.90000000,164.90000000,165.90000000,63385.79500000,10558114.42590000,28404
2023-11-30,166.00000000,170.50000000,165.90000000,169.90000000,54926.46200000,9252153.69350000,28216
2023-12-01,169.90000000,171.90000000,169.10000000,171.70000000,60686.97100000,10364193.61410000,33020
2023-12-02,171.80000000,173.90000000,170.20000000,172.60000000,60878.68600000,10479617.07750000,28520
2023-12-03,172.70000000,173.50000000,170.50000000,172.30000000,44223.62100000,7622471.48360000,25291
2023-12-04,172.40000000,174.30000000,166.60000000,170.60000000,88588.79600000,15088878.79180000,48487
2023-12-05,170.60000000,172.60000000,167.60000000,171.10000000,76848.56000000,13063891.73780000,35992
2023-12-06,171.10000000,174.00000000,170.00000000,170.70000000,76362.18000000,13142885.10800000,36511
2023-12-07,170.70000000,177.10000000,170.10000000,172.90000000,82230.41700000,14303857.32800000,45418
2023-12-08,172.90000000,175.70000000,171.80000000,174.00000000,100308.44300000,17391062.86980000,43490
2023-12-09,174.00000000,177.10000000,173.80000000,175.10000000,69166.69300000,12141967.65930000,33910
2023-12-10,174.90000000,178.60000000,174.60000000,176.00000000,65369.10300000,11555104.56070000,32497
2023-12-11,176.00000000,176.70000000,162.00000000,171.80000000,114003.83500000,19396871.26580000,60862
2023-12-12,171.90000000,173.30000000,167.90000000,170.80000000,84274.68900000,14411339.68630000,41593
2023-12-13,170.90000000,171.10000000,166.70000000,169.00000000,83901.70700000,14157342.29190000,32999
2023-12-14,169.10000000,169.30000000,166.00000000,168.00000000,75047.63400000,12605596.91560000,30272
2023-12-15,167.90000000,173.00000000,167.70000000,168.10000000,99106.20900000,16856543.51490000,38794
2023-12-16,168.10000000,172.40000000,167.10000000,168.80000000,58761.24400000,10011787.54700000,24463
2023-12-17,168.70000000,170.50000000,167.10000000,168.00000000,50374.39800000,8493283.42950000,26503
2023-12-18,168.10000000,174.10000000,166.20000000,173.70000000,97945.68300000,16684935.06950000,45797
2023-12-19,173.70000000,176.00000000,167.90000000,171.20000000,88667.16700000,15289572.09440000,38780
2023-12-20,171.30000000,175.00000000,170.60000000,174.70000000,67426.86700000,11692969.87640000,31240
2023-12-21,174.80000000,176.30000000,172.20000000,173.30000000,61648.76100000,10753290.60320000,30432
2023-12-22,173.30000000,177.00000000,170.80000000,176.80000000,82373.46400000,14287502.08810000,41358
2023-12-23,176.80000000,179.00000000,173.60000000,178.50000000,53160.32600000,9375230.64360000,28470
2023-12-24,178.50000000,179.20000000,170.40000000,171.20000000,54425.01200000,9567739.18610000,33272
2023-12-25,171.20000000,175.00000000,170.30000000,174.30000000,47660.05100000,8258792.95220000,30894
2023-12-26,174.40000000,176.60000000,170.70000000,174.20000000,64317.69000000,11212021.75630000,38996
2023-12-27,174.10000000,176.50000000,172.50000000,175.50000000,68468.66600000,11952377.13900000,42445
2023-12-28,175.50000000,180.70000000,172.50000000,174.40000000,103712.67100000,18310171.68370000,60597
2023-12-29,174.50000000,175.70000000,162.00000000,166.40000000,140535.28600000,23702782.61300000,68381
2023-12-30,166.40000000,169.20000000,162.30000000,165.80000000,72150.61900000,11923081.88610000,31667
2023-12-31,165.90000000,168.70000000,163.30000000,164.90000000,47738.95700000,7917453.90200000,24772
2024-01-01,164.90000000,169.70000000,163.20000000,169.50000000,36632.17200000,6086309.21360000,19732
2024-01-02,169.60000000,174.30000000,167.00000000,167.40000000,93331.95100000,15915018.30400000,41887
2024-01-03,167.40000000,169.80000000,146.80000000,154.10000000,151519.84100000,24293654.32020000,76160
2024-01-04,154.00000000,165.00000000,149.00000000,164.80000000,151118.45100000,23757495.63720000,76656
2024-01-05,164.80000000,165.10000000,151.20000000,155.80000000,111404.35000000,17742525.59510000,59460
2024-01-06,155.70000000,158.80000000,150.00000000,152.60000000,86556.97800000,13327957.82280000,45465
2024-01-07,152.60000000,155.30000000,144.60000000,146.10000000,80321.40600000,12151528.23580000,42923
2024-01-08,146.10000000,154.40000000,143.20000000,147.80000000,150972.16500000,22706024.13210000,85518
2024-01-09,147.70000000,148.80000000,142.70000000,144.40000000,104763.23400000,15321772.91710000,63565
2024-01-10,144.40000000,151.70000000,143.50000000,149.00000000,90985.01000000,13475647.70960000,51202
2024-01-11,149.10000000,154.70000000,148.10000000,152.70000000,131778.93700000,20042982.88970000,59810
2024-01-12,152.60000000,162.40000000,149.00000000,152.00000000,130060.26500000,20275936.77560000,75912
2024-01-13,151.90000000,156.80000000,148.20000000,155.80000000,55113.73200000,8477733.51050000,31458
2024-01-14,155.80000000,160.00000000,153.00000000,154.10000000,62341.98200000,9826462.74580000,31131
2024-01-15,154.20000000,159.00000000,152.60000000,157.20000000,81148.82100000,12638851.01900000,41211
2024-01-16,157.30000000,160.20000000,153.60000000,157.40000000,78187.30400000,12302419.94460000,38098
2024-01-17,157.40000000,160.90000000,155.00000000,157.80000000,94994.56600000,15009098.06130000,44525
2024-01-18,157.80000000,165.00000000,151.80000000,153.20000000,94672.44000000,14977680.92940000,37752
2024-01-19,153.20000000,159.00000000,149.90000000,158.40000000,60195.23500000,9255031.40500000,30054
2024-01-20,158.40000000,159.60000000,155.90000000,156.70000000,47049.09800000,7407605.83660000,22426
2024-01-21,156.60000000,163.50000000,155.10000000,157.60000000,95544.51400000,15223865.77080000,43035
2024-01-22,157.60000000,160.30000000,149.10000000,150.70000000,109556.05800000,17001611.32720000,47382
2024-01-23,150.70000000,154.90000000,146.50000000,150.50000000,72101.27500000,10796569.75050000,32244
2024-01-24,150.40000000,155.90000000,148.80000000,152.60000000,72021.63300000,11023855.62660000,31743
2024-01-25,152.60000000,158.00000000,152.00000000,157.20000000,78114.83000000,12147054.28110000,30751
2024-01-26,157.30000000,162.40000000,155.80000000,159.30000000,92297.50200000,14667874.25940000,36695
2024-01-27,159.40000000,162.40000000,157.40000000,160.40000000,55022.26600000,8803626.95470000,21939
2024-01-28,160.30000000,162.80000000,158.60000000,160.70000000,54781.69200000,8796885.84570000,23002
2024-01-29,160.70000000,169.90000000,159.80000000,168.00000000,103717.09500000,17153554.00360000,45773
2024-01-30,168.00000000,172.20000000,159.70000000,160.30000000,100642.17600000,16747310.60850000,43879
2024-01-31,160.30000000,167.00000000,158.30000000,163.70000000,98756.56300000,16134170.30800000,48437
2024-02-01,163.70000000,170.00000000,163.50000000,166.30000000,94067.09200000,15745882.67500000,45802
2024-02-02,166.30000000,171.30000000,165.30000000,169.00000000,74599.79300000,12548403.46850000,40038
2024-02-03,169.00000000,170.00000000,162.40000000,165.50000000,53371.29900000,8902649.70310000,29981
2024-02-04,165.50000000,168.00000000,164.90000000,165.90000000,39681.34800000,6593285.48690000,23413
2024-02-05,165.80000000,168.20000000,163.40000000,165.40000000,56093.03100000,9290520.58010000,29271
2024-02-06,165.40000000,166.80000000,100.40000000,105.40000000,749041.48000000,91163967.50400000,309327
2024-02-07,105.40000000,135.00000000,103.40000000,129.60000000,464226.09400000,56847643.60340000,204295
2024-02-08,129.50000000,132.00000000,117.70000000,128.70000000,166551.91900000,20712145.81970000,86670
2024-02-09,128.70000000,129.40000000,119.60000000,121.50000000,123612.89400000,15240251.41400000,51764
2024-02-10,121.60000000,123.80000000,115.00000000,119.30000000,124814.49100000,14898474.27310000,52800
2024-02-11,119.30000000,123.20000000,115.00000000,120.70000000,122450.94300000,14726928.96800000,47313
2024-02-12,120.60000000,128.90000000,118.00000000,126.30000000,119313.87300000,14591899.56400000,45533
2024-02-13,126.30000000,129.20000000,122.10000000,127.80000000,139732.43100000,17531813.02730000,58206
2024-02-14,127.80000000,131.90000000,126.20000000,128.10000000,101081.92600000,13033187.64820000,40854
2024-02-15,128.00000000,129.20000000,123.30000000,125.70000000,104032.34400000,13195042.22650000,41347
2024-02-16,125.70000000,129.20000000,120.20000000,122.50000000,71072.94500000,8895695.60250000,26792
2024-02-17,122.60000000,122.70000000,118.00000000,121.30000000,52344.93600000,6281712.23810000,16165
2024-02-18,121.20000000,123.40000000,118.70000000,121.90000000,49290.17600000,5963489.25740000,15749
2024-02-19,122.10000000,123.40000000,108.50000000,112.50000000,96765.61000000,11229209.45410000,42477
2024-02-20,112.40000000,119.60000000,110.40000000,118.70000000,7079.91700000,807211.61670000,5865
