date,open,high,low,close,volume,quote_volume,trades
2021-04-17,1.54805000,1.74163000,1.52991000,1.53896000,1108826379.50000000,1795844763.13543600,1726909
2021-04-18,1.53988000,1.56505000,1.16000000,1.40797000,2048345301.60000000,2726554646.23082200,2556310
2021-04-19,1.40797000,1.53390000,1.25100000,1.30945000,1608073829.40000000,2226346359.83780700,1996347
2021-04-20,1.30941000,1.44796000,1.18000000,1.38501000,1522196293.50000000,1998260575.19701800,1757479
2021-04-21,1.38500000,1.46450000,1.27545000,1.29097000,1301403506.40000000,1787718096.86620600,1605075
2021-04-22,1.29110000,1.41947000,1.08590000,1.15489000,1771540957.60000000,2272197864.67999500,1927528
2021-04-23,1.15489000,1.19724000,0.88601000,1.17073000,2651341963.50000000,2842229471.52724500,2328769
2021-04-24,1.17019000,1.17200000,1.01753000,1.04833000,1120813592.20000000,1223943584.74104800,1014696
2021-04-25,1.04971000,1.15600000,0.94180000,1.03510000,1026066203.52000000,1083686710.54089770,961195
2021-04-26,1.03530000,1.37500000,1.01330000,1.36290000,1871916062.93000000,2295854108.11513100,1945810
2021-04-27,1.36290000,1.46200000,1.32840000,1.40170000,1510880106.82000000,2118259481.89309100,1761603
2021-04-28,1.40170000,1.44920000,1.28140000,1.35760000,1092879174.17000000,1485523114.70869500,1315064
2021-04-29,1.35760000,1.42000000,1.32630000,1.39780000,824625421.08000000,1140421598.27003900,1032010
2021-04-30,1.39780000,1.63970000,1.37450000,1.59880000,1429394131.02000000,2214906822.01599100,1930398
2021-05-01,1.59890000,1.66660000,1.52260000,1.65100000,701328204.71000000,1113456410.58029100,1023624
2021-05-02,1.65100000,1.65800000,1.52500000,1.56050000,602425194.39000000,951116358.69054300,864202
2021-05-03,1.56050000,1.62160000,1.47000000,1.55460000,670988111.68000000,1056220070.62532100,967335
2021-05-04,1.55460000,1.55800000,1.32000000,1.38770000,1375223308.72000000,1969497041.49512700,1713307
2021-05-05,1.38780000,1.62400000,1.36600000,1.61330000,1261641294.96000000,1919965081.16477600,1700958
2021-05-06,1.61370000,1.76580000,1.52100000,1.60280000,1507415092.61000000,2502923635.43261400,2269649
2021-05-07,1.60280000,1.69500000,1.50500000,1.57930000,894697893.67000000,1424596624.88069300,1310586
2021-05-08,1.57950000,1.62770000,1.54040000,1.56110000,514586255.38000000,813345139.86720900,795157
2021-05-09,1.56110000,1.59680000,1.42490000,1.53450000,726954201.32000000,1101438306.38842100,1079947
2021-05-10,1.53430000,1.62700000,1.21400000,1.39060000,1154086820.05000000,1710822393.28145500,1632861
2021-05-11,1.39100000,1.49050000,1.35550000,1.47860000,724101053.89000000,1034939727.84330300,991833
2021-05-12,1.47880000,1.54700000,1.23500000,1.26910000,1028881609.00000000,1466457937.99885500,1353513
2021-05-13,1.26900000,1.38900000,1.20000000,1.36400000,1308704814.37000000,1704562073.98385200,1598396
2021-05-14,1.36440000,1.44880000,1.32100000,1.40000000,772801586.76000000,1068218575.67433400,1034406
2021-05-15,1.39980000,1.58690000,1.32110000,1.49040000,1495464769.52000000,2182427860.64272800,1978749
2021-05-16,1.49110000,1.61310000,1.33730000,1.44960000,1498147985.65000000,2246034545.92751300,2174991
2021-05-17,1.44960000,1.56500000,1.32420000,1.49460000,1560737399.70000000,2285970917.95522700,2069831
2021-05-18,1.49520000,1.70500000,1.46980000,1.58890000,1813933407.63000000,2869966240.90470300,2485498
2021-05-19,1.58930000,1.64480000,0.85000000,1.05680000,3180237280.29000000,4014465848.07541600,3550130
2021-05-20,1.05650000,1.26640000,0.90000000,1.17950000,1974341688.46000000,2249207333.90962000,2316148
2021-05-21,1.18020000,1.21940000,0.86410000,1.00620000,1813489499.17000000,1910760508.20179200,1950848
2021-05-22,1.00620000,1.01620000,0.81600000,0.90520000,1478148766.91000000,1344592320.99863000,1504686
2021-05-23,0.90520000,0.96790000,0.65000000,0.78980000,1976494217.20000000,1525740498.70461400,1911010
2021-05-24,0.78990000,0.99700000,0.75370000,0.99300000,1613054853.94000000,1380671268.94531000,1605890
2021-05-25,0.99340000,1.07000000,0.87910000,0.97460000,1654728049.91000000,1594338433.67652200,1732593
2021-05-26,0.97470000,1.06980000,0.94610000,1.03160000,1160288119.63000000,1170818020.83828900,1373206
2021-05-27,1.03160000,1.04230000,0.93220000,0.97470000,997129594.42000000,986757435.57075200,1160125
2021-05-28,0.97470000,0.98470000,0.84450000,0.89850000,1220369622.06000000,1098606646.15190200,1226594
2021-05-29,0.89850000,0.94130000,0.79110000,0.83180000,980984330.42000000,845941030.51091200,966749
2021-05-30,0.83190000,0.93370000,0.79740000,0.90580000,837581783.30000000,730804950.58208000,843922
2021-05-31,0.90580000,1.04950000,0.87890000,1.04090000,1221688769.45000000,1196677931.14853700,1454233
2021-06-01,1.04090000,1.10000000,0.97420000,1.01080000,1130390772.85000000,1161830746.20794000,1184801
2021-06-02,1.01080000,1.04980000,0.97930000,1.02410000,673790276.52000000,686061395.10479200,709591
2021-06-03,1.02410000,1.07890000,1.00690000,1.04500000,701176435.11000000,727545023.97135000,702600
2021-06-04,1.04530000,1.04660000,0.91560000,0.96830000,814525376.26000000,785851513.11717100,883279
2021-06-05,0.96830000,0.99730000,0.89210000,0.92300000,621966894.80000000,590664198.31932000,618854
2021-06-06,0.92300000,0.94930000,0.91700000,0.94700000,395443235.74000000,369842230.84566100,354292
2021-06-07,0.94690000,0.97600000,0.83800000,0.86180000,673906993.46000000,623660636.68184100,566030
2021-06-08,0.86190000,0.88610000,0.78380000,0.87310000,989287175.65000000,838984629.18794200,771117
2021-06-09,0.87300000,0.92180000,0.83000000,0.92180000,798994471.70000000,695183593.04739400,726532
2021-06-10,0.92180000,0.92980000,0.85220000,0.86860000,592646634.43000000,524032840.28969800,445025
2021-06-11,0.86860000,0.88000000,0.83350000,0.84710000,384826199.07000000,330610541.78005100,321493
2021-06-12,0.84690000,0.84790000,0.80540000,0.83260000,375425465.13000000,309940575.85470800,298000
2021-06-13,0.83250000,0.88830000,0.81700000,0.88320000,344882480.06000000,292933567.32407300,288434
2021-06-14,0.88330000,0.93000000,0.86280000,0.89060000,441724628.58000000,391647479.28625000,400977
2021-06-15,0.89050000,0.90170000,0.85510000,0.86630000,367733719.97000000,323448196.77728300,333139
2021-06-16,0.86630000,0.87330000,0.82590000,0.83200000,380134518.73000000,321967166.65300300,312734
2021-06-17,0.83190000,0.86120000,0.82340000,0.84190000,315642616.21000000,266502679.94735900,252780
2021-06-18,0.84190000,0.84500000,0.76870000,0.79720000,389494745.89000000,315203423.84953900,341621
2021-06-19,0.79710000,0.80550000,0.75570000,0.75820000,317290687.13000000,250165846.01754800,257132
2021-06-20,0.75830000,0.78500000,0.69680000,0.77410000,589364804.52000000,434933509.58257300,425781
2021-06-21,0.77410000,0.78030000,0.60370000,0.60670000,1073284195.87000000,726811232.21099300,654721
2021-06-22,0.60680000,0.65000000,0.50900000,0.54680000,1611548012.73000000,924711210.06098600,911507
2021-06-23,0.54680000,0.66550000,0.52030000,0.63830000,1167774271.66000000,718902393.38462600,670601
2021-06-24,0.63830000,0.69280000,0.61630000,0.67310000,633338243.16000000,414531256.97780000,444331
2021-06-25,0.67310000,0.68890000,0.60190000,0.61110000,795450033.45000000,507757434.41094500,524875
2021-06-26,0.61100000,0.63290000,0.58140000,0.61620000,548990505.59000000,331034642.86033500,343602
2021-06-27,0.61630000,0.65230000,0.59630000,0.64840000,472483880.77000000,291546469.95975600,304252
2021-06-28,0.64830000,0.65830000,0.62380000,0.64440000,460033268.30000000,295080578.94146900,295354
2021-06-29,0.64440000,0.73400000,0.64170000,0.70630000,718445315.27000000,499125657.53511200,525011
2021-06-30,0.70620000,0.71450000,0.64770000,0.70630000,634287485.15000000,430338352.85371300,427023
2021-07-01,0.70620000,0.70640000,0.64400000,0.65910000,463328799.28000000,308347617.58659600,341155
2021-07-02,0.65920000,0.66760000,0.63290000,0.65560000,387562387.59000000,250197212.45150900,247107
2021-07-03,0.65570000,0.68490000,0.64330000,0.67320000,329367273.74000000,220039385.46802600,275661
2021-07-04,0.67330000,0.70910000,0.66550000,0.69600000,334071078.78000000,231043551.51970300,285278
2021-07-05,0.69600000,0.69700000,0.64440000,0.65260000,407839477.88000000,272157623.91114500,279063
2021-07-06,0.65260000,0.68000000,0.65110000,0.66480000,356111895.89000000,237002304.26021900,232942
2021-07-07,0.66480000,0.67400000,0.65000000,0.65220000,284356433.42000000,189337257.93810700,195887
2021-07-08,0.65210000,0.65450000,0.61080000,0.62150000,430925669.18000000,270371824.23376100,270825
2021-07-09,0.62140000,0.64570000,0.59170000,0.63690000,358836803.69000000,222783584.32488400,247826
2021-07-10,0.63690000,0.64890000,0.61200000,0.62460000,279711260.06000000,175168807.39941400,179676
2021-07-11,0.62460000,0.64490000,0.61690000,0.63640000,201320995.42000000,126735758.28965600,148859
2021-07-12,0.63630000,0.65750000,0.61720000,0.62880000,356848391.96000000,227368047.08718900,407660
2021-07-13,0.62880000,0.64260000,0.60860000,0.61920000,315648113.80000000,197239801.14856700,295025
2021-07-14,0.61930000,0.62500000,0.58510000,0.61970000,352306488.76000000,214004345.43956700,290966
2021-07-15,0.61960000,0.62690000,0.58740000,0.59790000,339655984.05000000,205379901.26593100,214760
2021-07-16,0.59790000,0.62110000,0.58740000,0.58930000,282511701.89000000,169475844.83316600,238460
2021-07-17,0.58930000,0.59770000,0.56000000,0.58210000,263418042.14000000,153250260.95061700,223027
2021-07-18,0.58220000,0.60160000,0.57100000,0.58660000,241849135.65000000,142185627.41345600,170689
2021-07-19,0.58670000,0.58890000,0.55330000,0.55700000,294780945.07000000,167395788.72537200,189183
2021-07-20,0.55700000,0.56990000,0.51570000,0.52840000,393704657.61000000,209159245.71698900,252212
2021-07-21,0.52840000,0.58400000,0.51930000,0.57190000,493423679.61000000,274778745.31262600,291766
2021-07-22,0.57180000,0.60330000,0.56090000,0.59200000,409238764.36000000,237900523.66243800,244332
2021-07-23,0.59200000,0.61010000,0.57530000,0.60910000,359561806.43000000,213508431.98435500,266005
2021-07-24,0.60920000,0.62050000,0.59960000,0.60850000,319684922.30000000,194417445.84922100,212798
2021-07-25,0.60850000,0.61180000,0.59060000,0.60690000,259034501.15000000,155812116.92614900,161240
2021-07-26,0.60690000,0.67930000,0.60480000,0.62340000,803413949.18000000,521065033.90778200,610823
2021-07-27,0.62340000,0.65280000,0.61210000,0.64510000,427078091.95000000,270446381.79115600,300243
2021-07-28,0.64500000,0.75490000,0.63080000,0.73270000,1172622702.04000000,832092412.28138100,1330280
2021-07-29,0.73270000,0.76650000,0.69700000,0.74880000,513356476.87000000,368115400.85282300,732692
2021-07-30,0.74880000,0.76970000,0.71150000,0.75210000,604445794.90000000,447185226.73487000,903944
2021-07-31,0.75220000,0.75910000,0.73670000,0.74600000,377281828.25000000,282409913.79614500,478625
2021-08-01,0.74610000,0.77780000,0.70420000,0.72420000,469477766.36000000,354676880.56225000,439727
2021-08-02,0.72420000,0.77400000,0.71500000,0.73800000,410656081.94000000,305390858.78513600,541511
2021-08-03,0.73800000,0.74500000,0.70080000,0.71360000,398158150.61000000,285457695.68797900,451148
2021-08-04,0.71360000,0.73980000,0.69520000,0.73100000,330543019.03000000,237584357.63953800,286411
2021-08-05,0.73100000,0.73890000,0.70100000,0.73270000,331894003.59000000,239492318.47107400,287364
2021-08-06,0.73270000,0.75300000,0.72190000,0.74740000,304988991.92000000,225134914.54784800,288053
2021-08-07,0.74740000,0.81890000,0.74110000,0.81620000,589624594.72000000,463343332.66484400,632865
2021-08-08,0.81630000,0.84130000,0.77170000,0.77880000,556138875.77000000,447885548.57686500,538544
2021-08-09,0.77880000,0.82790000,0.75960000,0.81700000,474908832.08000000,382110622.31956200,557017
2021-08-10,0.81690000,0.86220000,0.80000000,0.85110000,503252613.21000000,417292098.62383300,615024
2021-08-11,0.85110000,1.09060000,0.84800000,1.01050000,1131344973.99000000,1082107505.91932300,1598959
2021-08-12,1.01060000,1.04500000,0.92220000,0.96600000,990869466.08000000,974967199.76355000,1718713
2021-08-13,0.96610000,1.09680000,0.95010000,1.09010000,674407528.31000000,696016979.97003500,1180489
2021-08-14,1.09010000,1.31000000,1.06910000,1.27910000,1408060485.32000000,1665378192.29243700,2375959
2021-08-15,1.27880000,1.35000000,1.22520000,1.28390000,1155282513.71000000,1485993854.11007200,2070793
2021-08-16,1.28380000,1.32880000,1.14320000,1.18550000,912003805.45000000,1134779963.99443900,1451282
2021-08-17,1.18550000,1.24790000,1.08500000,1.09780000,893360572.36000000,1044647325.97202600,1163150
2021-08-18,1.09800000,1.19630000,1.05010000,1.14310000,870414538.26000000,973083353.96218400,1064942
2021-08-19,1.14300000,1.23550000,1.08950000,1.23470000,723276976.29000000,833027094.55843100,1007708
2021-08-20,1.23470000,1.28970000,1.19920000,1.26290000,594584554.01000000,740518731.26192900,909672
2021-08-21,1.26290000,1.28350000,1.20000000,1.21580000,394160040.58000000,489884887.64970000,736383
2021-08-22,1.21580000,1.25570000,1.17760000,1.22600000,360176161.72000000,439116952.71153500,494834
2021-08-23,1.22580000,1.30460000,1.20240000,1.24570000,661403795.74000000,830621615.34462700,1009456
2021-08-24,1.24560000,1.26580000,1.12120000,1.13530000,637760055.93000000,762644112.68995200,820305
2021-08-25,1.13530000,1.17790000,1.10730000,1.17350000,530858362.99000000,610817777.12818400,636609
2021-08-26,1.17350000,1.18660000,1.06360000,1.07120000,569965192.92000000,633927173.72468700,655176
2021-08-27,1.07130000,1.19260000,1.05010000,1.19180000,565739468.35000000,630214549.74149600,645262
2021-08-28,1.19180000,1.19800000,1.13290000,1.14590000,314618250.83000000,364699164.61561100,357705
2021-08-29,1.14580000,1.16830000,1.11200000,1.14080000,313294895.00000000,357866960.94840000,357272
2021-08-30,1.14080000,1.14880000,1.09460000,1.10020000,364996870.00000000,411809728.90240000,404186
2021-08-31,1.10050000,1.24410000,1.09070000,1.18560000,709823003.30000000,826987896.93263100,933085
2021-09-01,1.18560000,1.23840000,1.15800000,1.23620000,469917987.00000000,563037891.08480000,811808
2021-09-02,1.23620000,1.29500000,1.22160000,1.25330000,501596506.82000000,632172811.38600100,864194
2021-09-03,1.25330000,1.32350000,1.21890000,1.29070000,526413570.07000000,674112638.88039900,931021
2021-09-04,1.29060000,1.29720000,1.23520000,1.25480000,355870711.00000000,451197569.75240000,543380
2021-09-05,1.25480000,1.31250000,1.23610000,1.30760000,335187953.00000000,427279713.97350000,598420
2021-09-06,1.30750000,1.41510000,1.30650000,1.38940000,710855257.92000000,967534789.84796200,1501496
2021-09-07,1.38940000,1.39220000,0.95240000,1.12920000,1297978123.89000000,1530457369.03501800,2046088
2021-09-08,1.12900000,1.14800000,1.01330000,1.09980000,794455994.00000000,865948220.49020000,1185159
2021-09-09,1.09990000,1.13770000,1.06190000,1.08680000,604426508.00000000,668447113.24990000,761515
2021-09-10,1.08680000,1.24500000,1.03000000,1.05520000,901671116.00000000,1007065760.52720000,1396357
2021-09-11,1.05520000,1.12000000,1.05030000,1.07870000,336502704.00000000,364352999.40190000,547449
2021-09-12,1.07880000,1.12760000,1.05760000,1.11810000,324049191.00000000,355164242.87650000,474119
2021-09-13,1.11810000,1.12660000,1.02500000,1.06430000,510682363.00000000,542699043.42660000,664695
2021-09-14,1.06440000,1.09780000,1.05660000,1.09630000,275908113.00000000,296824863.02490000,370467
2021-09-15,1.09620000,1.13000000,1.07840000,1.12070000,289063987.00000000,318565154.10350000,416645
2021-09-16,1.12070000,1.13000000,1.06620000,1.09020000,302954441.00000000,334126208.15120000,425073
2021-09-17,1.09030000,1.10250000,1.05090000,1.06610000,297933223.00000000,320042162.73330000,352627
2021-09-18,1.06630000,1.09520000,1.05620000,1.07510000,195352031.00000000,210969782.08480000,249856
2021-09-19,1.07520000,1.08370000,1.03830000,1.04830000,211015299.00000000,224922100.16700000,278563
2021-09-20,1.04830000,1.04970000,0.87380000,0.92160000,837287959.74000000,792700101.40144700,1114773
2021-09-21,0.92160000,0.95930000,0.85820000,0.87430000,632313366.81000000,577784882.95354000,840319
2021-09-22,0.87400000,1.00940000,0.86790000,1.00330000,606417695.00000000,574463634.29470000,843137
2021-09-23,1.00330000,1.01700000,0.96760000,1.00160000,409673892.00000000,406888652.87010000,494376
2021-09-24,1.00160000,1.00270000,0.88580000,0.94400000,605329486.00000000,566743451.81600000,679646
2021-09-25,0.94420000,0.95770000,0.91630000,0.94000000,347043937.00000000,326093439.84150000,373109
2021-09-26,0.93990000,0.95670000,0.89150000,0.94360000,384081774.00000000,356582690.40280000,430585
2021-09-27,0.94360000,0.98180000,0.91940000,0.92180000,350234819.00000000,334311153.36250000,400924
2021-09-28,0.92170000,0.94310000,0.89030000,0.89280000,313521537.00000000,289321906.21270000,312017
2021-09-29,0.89280000,0.99410000,0.88610000,0.92680000,459660796.00000000,430499983.89900000,542812
2021-09-30,0.92660000,0.96400000,0.92170000,0.95330000,332911904.00000000,314656116.13350000,347699
2021-10-01,0.95350000,1.06950000,0.94430000,1.04220000,644378881.00000000,652127951.26520000,937418
2021-10-02,1.04220000,1.07330000,1.00790000,1.03590000,398398944.00000000,413036443.68570000,545451
2021-10-03,1.03590000,1.08840000,1.02100000,1.05520000,410176280.00000000,433656250.15380000,569147
2021-10-04,1.05520000,1.05960000,1.00590000,1.04250000,416467677.00000000,431530625.35310000,497468
2021-10-05,1.04290000,1.08800000,1.03800000,1.08390000,429469278.00000000,456101439.37920000,648561
2021-10-06,1.08400000,1.10810000,1.01710000,1.07650000,509214129.00000000,543208784.67360000,804618
2021-10-07,1.07660000,1.09420000,1.04230000,1.06780000,410868906.00000000,440046088.39410000,559231
2021-10-08,1.06770000,1.09270000,1.05390000,1.06360000,335486636.00000000,359658964.09980000,409482
2021-10-09,1.06360000,1.20890000,1.05650000,1.16040000,678027224.72000000,774368159.19448000,1367053
2021-10-10,1.16040000,1.23000000,1.12620000,1.13520000,647048690.00000000,763401930.31500000,1265003
2021-10-11,1.13520000,1.18200000,1.10170000,1.13640000,429676031.00000000,493219103.82970000,577925
2021-10-12,1.13630000,1.13640000,1.06340000,1.10180000,455399313.00000000,498806214.91170000,648862
2021-10-13,1.10170000,1.13870000,1.07500000,1.12750000,403291632.00000000,444999640.50000000,558957
2021-10-14,1.12770000,1.16000000,1.11740000,1.13360000,353714419.00000000,400855761.58990000,523592
2021-10-15,1.13350000,1.16560000,1.09140000,1.14130000,573654581.00000000,648102623.43150000,762420
2021-10-16,1.14150000,1.18690000,1.13000000,1.13430000,339530696.00000000,390396344.31350000,522648
2021-10-17,1.13430000,1.14070000,1.01720000,1.09440000,384414867.00000000,422600928.32370000,589139
2021-10-18,1.09430000,1.10640000,1.06420000,1.08270000,321174243.00000000,349574306.15560000,461516
2021-10-19,1.08270000,1.10090000,1.06610000,1.09110000,235324664.00000000,255777828.08280000,302779
2021-10-20,1.09110000,1.15290000,1.08680000,1.14550000,346122480.00000000,388488239.27220000,627045
2021-10-21,1.14510000,1.16400000,1.08510000,1.08860000,442288500.00000000,498949022.27230000,725724
2021-10-22,1.08850000,1.12880000,1.07390000,1.08850000,333619107.00000000,366473886.89150000,508180
2021-10-23,1.08850000,1.10180000,1.07630000,1.09340000,189644449.00000000,206632213.85130000,265247
2021-10-24,1.09350000,1.09610000,1.05220000,1.08210000,234286648.00000000,253010407.25520000,373923
2021-10-25,1.08210000,1.10340000,1.07780000,1.09510000,218666074.00000000,238965157.44060000,299781
2021-10-26,1.09510000,1.16060000,1.09050000,1.10750000,439499263.00000000,491588833.51560000,860622
2021-10-27,1.10760000,1.12480000,0.94830000,0.99500000,914728059.00000000,948155132.43700000,1213205
2021-10-28,0.99510000,1.08160000,0.98100000,1.05790000,686113717.00000000,714218398.51760000,1044936
2021-10-29,1.05800000,1.09030000,1.04090000,1.08250000,357777322.00000000,383066388.46380000,520339
2021-10-30,1.08250000,1.11690000,1.06110000,1.08460000,372223050.00000000,403826768.17720000,664712
2021-10-31,1.08450000,1.15440000,1.06890000,1.11280000,659007943.00000000,727992493.54450000,1143479
2021-11-01,1.11280000,1.13210000,1.06900000,1.09150000,381430430.00000000,417467396.25560000,643669
2021-11-02,1.09160000,1.14680000,1.08510000,1.13490000,398377412.00000000,444398509.34500000,625969
2021-11-03,1.13480000,1.23630000,1.12550000,1.21010000,838803472.00000000,995581269.66260000,1836581
2021-11-04,1.21000000,1.25740000,1.16040000,1.20040000,553456246.00000000,666720493.37130000,1205090
2021-11-05,1.20040000,1.20150000,1.13110000,1.15810000,318649692.00000000,372181223.32500000,561420
2021-11-06,1.15810000,1.18280000,1.10000000,1.15100000,260339849.00000000,297442023.91520000,482403
2021-11-07,1.15110000,1.23740000,1.14510000,1.21980000,371235010.00000000,444359161.87660000,746460
2021-11-08,1.21980000,1.29600000,1.21920000,1.28150000,606055941.00000000,766012117.34615000,1311350
2021-11-09,1.28150000,1.28840000,1.22450000,1.25710000,465127517.00000000,584938595.73140000,786811
2021-11-10,1.25720000,1.34930000,1.11740000,1.19020000,932520826.00000000,1175404692.79390000,1912107
2021-11-11,1.19020000,1.25440000,1.17640000,1.21420000,475284132.00000000,577096707.37460000,805740
2021-11-12,1.21420000,1.23320000,1.15420000,1.18830000,446863355.00000000,531437316.55950000,641731
2021-11-13,1.18840000,1.20390000,1.16700000,1.18920000,240083101.00000000,284873053.12990000,353269
2021-11-14,1.18940000,1.19950000,1.16750000,1.18790000,192023307.00000000,227345320.60900000,295787
2021-11-15,1.18790000,1.21980000,1.16510000,1.17200000,266793400.00000000,319547494.85970000,410956
2021-11-16,1.17200000,1.17210000,1.04180000,1.08770000,599544174.00000000,662858882.20380000,853020
2021-11-17,1.08770000,1.11300000,1.05880000,1.09530000,383487232.00000000,416331389.15180000,503502
2021-11-18,1.09530000,1.17000000,1.01500000,1.04060000,698664651.00000000,762250060.67700000,965158
2021-11-19,1.04060000,1.10300000,1.01740000,1.08920000,349087574.00000000,370490515.56230000,481533
2021-11-20,1.08920000,1.10150000,1.05940000,1.09650000,251779916.00000000,273011333.84250000,388598
2021-11-21,1.09650000,1.09740000,1.05440000,1.05690000,228064131.00000000,245324674.69240000,343512
2021-11-22,1.05710000,1.07100000,1.02510000,1.03540000,307140428.00000000,320708762.39900000,456389
2021-11-23,1.03540000,1.07150000,1.01920000,1.06610000,341407597.00000000,357152586.70840000,445652
2021-11-24,1.06620000,1.07350000,1.00680000,1.03260000,344750680.00000000,356216660.77300000,439717
2021-11-25,1.03250000,1.06470000,1.02150000,1.04380000,312211526.00000000,325685350.57210000,428975
2021-11-26,1.04390000,1.04670000,0.91080000,0.93940000,659982617.00000000,635807297.33880000,818224
2021-11-27,0.93920000,0.96560000,0.93360000,0.94520000,224846313.00000000,214040812.97270000,285945
2021-11-28,0.94530000,0.96920000,0.88250000,0.96870000,336336729.00000000,310943922.61420000,432672
2021-11-29,0.96870000,1.00190000,0.96310000,0.98980000,303393405.00000000,297699683.62720000,419716
2021-11-30,0.98990000,1.03040000,0.97000000,0.99830000,340017409.00000000,339684740.18310000,507111
2021-12-01,0.99840000,1.01730000,0.97990000,0.98990000,250291608.00000000,250962192.99210000,329435
2021-12-02,0.98980000,0.99010000,0.95450000,0.97160000,213172250.00000000,207549885.51610000,308304
2021-12-03,0.97150000,0.98380000,0.89000000,0.92110000,297172193.00000000,282383779.98320000,429873
2021-12-04,0.92110000,0.92450000,0.60000000,0.84490000,1357965897.04000000,1041408385.91463400,1465086
2021-12-05,0.84520000,0.86200000,0.76900000,0.80450000,518767360.00000000,420563233.47640000,675094
2021-12-06,0.80450000,0.83030000,0.74850000,0.82550000,508644255.00000000,398532303.19070000,580484
2021-12-07,0.82560000,0.84670000,0.80420000,0.81540000,319504545.00000000,264723351.77630000,376292
2021-12-08,0.81540000,0.88440000,0.80260000,0.86220000,415004580.00000000,349152928.93310000,506377
2021-12-09,0.86230000,0.93610000,0.83190000,0.85830000,684730305.00000000,605671793.45320000,876270
2021-12-10,0.85830000,0.88290000,0.79140000,0.79920000,496512579.00000000,416778024.23230000,594580
2021-12-11,0.79920000,0.84450000,0.78440000,0.83920000,284945414.00000000,234938185.35940000,445769
2021-12-12,0.83910000,0.85720000,0.80880000,0.83930000,224450903.00000000,186434002.29610000,433672
2021-12-13,0.83940000,0.84440000,0.76010000,0.78180000,378446930.00000000,303448083.67110000,453192
2021-12-14,0.78200000,0.82140000,0.77170000,0.81030000,352693472.00000000,280765038.70790000,436376
2021-12-15,0.81020000,0.84000000,0.77700000,0.82620000,354116180.00000000,286906700.21170000,436330
2021-12-16,0.82620000,0.83640000,0.80280000,0.80510000,206133176.00000000,169655788.85230000,263603
2021-12-17,0.80530000,0.83220000,0.77540000,0.79660000,260108143.00000000,208935917.94350000,331215
2021-12-18,0.79670000,0.83470000,0.79100000,0.82620000,170671362.00000000,139512176.99310000,237029
2021-12-19,0.82630000,0.84850000,0.81900000,0.83500000,163876270.00000000,136403589.88450000,238026
2021-12-20,0.83500000,0.91500000,0.82410000,0.87980000,555435824.00000000,482473462.17030000,717607
2021-12-21,0.87990000,0.96100000,0.85270000,0.94670000,471318013.00000000,423894867.73810000,626112
2021-12-22,0.94660000,0.97380000,0.92300000,0.95370000,401407051.00000000,382128111.34910000,628940
2021-12-23,0.95380000,1.01670000,0.93720000,0.99410000,479436230.00000000,472937211.26790000,732032
2021-12-24,0.99410000,0.99660000,0.89640000,0.91150000,567234092.00000000,537703509.63100000,787038
2021-12-25,0.91140000,0.93500000,0.89810000,0.92520000,250074945.00000000,230230296.37100000,379781
2021-12-26,0.92520000,0.93340000,0.90520000,0.92000000,163438501.00000000,149939963.33850000,258963
2021-12-27,0.92000000,0.95600000,0.91410000,0.92690000,236282371.00000000,220092028.79250000,337687
2021-12-28,0.92690000,0.92690000,0.84560000,0.85150000,321266081.00000000,283419211.70080000,410901
2021-12-29,0.85160000,0.86450000,0.81000000,0.81710000,306520880.00000000,257232945.22120000,347814
2021-12-30,0.81720000,0.86000000,0.80200000,0.83860000,262671659.00000000,219272099.33470000,305744
2021-12-31,0.83850000,0.85450000,0.80250000,0.82970000,239829934.00000000,200227347.45950000,284049
2022-01-01,0.82980000,0.85570000,0.82970000,0.85070000,136976730.00000000,115507460.37520000,178238
2022-01-02,0.85080000,0.86670000,0.83720000,0.85860000,129688032.00000000,110265575.84580000,176940
2022-01-03,0.85860000,0.85870000,0.82130000,0.83240000,178618617.00000000,149876148.10590000,232484
2022-01-04,0.83240000,0.84560000,0.77940000,0.82280000,214415744.00000000,177691936.99220000,270966
2022-01-05,0.82270000,0.83720000,0.70920000,0.77260000,370612510.00000000,294783762.29870000,482373
2022-01-06,0.77250000,0.79090000,0.73770000,0.77910000,307202277.00000000,234402002.09060000,415169
2022-01-07,0.77900000,0.78080000,0.72870000,0.76340000,372926762.00000000,281919749.21780000,511973
2022-01-08,0.76340000,0.77680000,0.72220000,0.74520000,253028571.00000000,190213053.80150000,347309
2022-01-09,0.74520000,0.76670000,0.73810000,0.75300000,151521399.00000000,113888420.53690000,211515
2022-01-10,0.75300000,0.75890000,0.69670000,0.73990000,313080154.00000000,228730493.47380000,359880
2022-01-11,0.73990000,0.77680000,0.73060000,0.77030000,254065075.00000000,190447525.44920000,285391
2022-01-12,0.77020000,0.81600000,0.75700000,0.79870000,295701910.00000000,231115520.77390000,330205
2022-01-13,0.79860000,0.80240000,0.76040000,0.76800000,227833834.00000000,178544935.22660000,247605
2022-01-14,0.76770000,0.80000000,0.75130000,0.77320000,221104212.00000000,170797410.13730000,242416
2022-01-15,0.77330000,0.79000000,0.76800000,0.77910000,138443019.00000000,107785186.26760000,159163
2022-01-16,0.77910000,0.78840000,0.76800000,0.77840000,125068081.00000000,97287674.58340000,157210
2022-01-17,0.77850000,0.78050000,0.74980000,0.76170000,181653025.00000000,138537212.05760000,205250
2022-01-18,0.76160000,0.76860000,0.73520000,0.75090000,188367099.00000000,141172279.38000000,209700
2022-01-19,0.75100000,0.75330000,0.72310000,0.73810000,190555142.00000000,140704196.39300000,214504
2022-01-20,0.73810000,0.76220000,0.71610000,0.71990000,205931050.00000000,153121537.08210000,218718
2022-01-21,0.71990000,0.72850000,0.61120000,0.63680000,612944841.00000000,410698993.89040000,579921
2022-01-22,0.63680000,0.65420000,0.54890000,0.59660000,769947907.12000000,460971551.62332400,714427
2022-01-23,0.59660000,0.63520000,0.59000000,0.62830000,331234207.00000000,202062551.64780000,347609
2022-01-24,0.62840000,0.62860000,0.55240000,0.61180000,513343471.00000000,300019737.62390000,520142
2022-01-25,0.61180000,0.62430000,0.58720000,0.61800000,319618429.00000000,192980719.10920000,298398
2022-01-26,0.61780000,0.65860000,0.60470000,0.61930000,466864710.00000000,293046543.43720000,425965
2022-01-27,0.61930000,0.62470000,0.58930000,0.60880000,292543906.00000000,176630359.01270000,264351
2022-01-28,0.60890000,0.61400000,0.59160000,0.61110000,221009653.00000000,133208703.75990000,215447
2022-01-29,0.61120000,0.62550000,0.60830000,0.61740000,154572094.00000000,95192596.38400000,157630
2022-01-30,0.61750000,0.62320000,0.59730000,0.60130000,146491081.00000000,89634415.73160000,155232
2022-01-31,0.60120000,0.62420000,0.58030000,0.61740000,213749309.00000000,127444698.19010000,202749
2022-02-01,0.61740000,0.63080000,0.61070000,0.62840000,174300620.00000000,108325641.37910000,179180
2022-02-02,0.62840000,0.63140000,0.59550000,0.60060000,186608762.00000000,114856317.49680000,195159
2022-02-03,0.60060000,0.61160000,0.58860000,0.61020000,168129675.00000000,100903909.16220000,166019
2022-02-04,0.61010000,0.65890000,0.60440000,0.65550000,263927174.00000000,164697317.05470000,234991
2022-02-05,0.65570000,0.68690000,0.65000000,0.66560000,310296779.00000000,207432932.93090000,296990
2022-02-06,0.66560000,0.68800000,0.65890000,0.68250000,157303166.00000000,105499040.73990000,163540
2022-02-07,0.68250000,0.83900000,0.67120000,0.83140000,640917209.00000000,491875684.79330000,773279
2022-02-08,0.83140000,0.91420000,0.80340000,0.87630000,1048879447.00000000,896908628.40320000,1336231
2022-02-09,0.87630000,0.91680000,0.84130000,0.86970000,626331950.00000000,549165655.71570000,803724
2022-02-10,0.86990000,0.89750000,0.82100000,0.82530000,495010890.00000000,427414739.41700000,540824
2022-02-11,0.82530000,0.83390000,0.75000000,0.75910000,482432190.00000000,388566707.06260000,519699
2022-02-12,0.75900000,0.85320000,0.74650000,0.82230000,477906804.00000000,383669503.46210000,526512
2022-02-13,0.82230000,0.84760000,0.79200000,0.80570000,351589704.00000000,288439676.85390000,411195
2022-02-14,0.80570000,0.81270000,0.77910000,0.80120000,304006647.00000000,241701354.45640000,298362
2022-02-15,0.80120000,0.85990000,0.79610000,0.85150000,279317316.00000000,231323680.23610000,292838
2022-02-16,0.85140000,0.85320000,0.80860000,0.83660000,252745706.00000000,210175363.60460000,272890
2022-02-17,0.83670000,0.84480000,0.75350000,0.76900000,375190546.00000000,300624314.14740000,377795
2022-02-18,0.76890000,0.80550000,0.75600000,0.78400000,417945743.00000000,326120877.67890000,423084
2022-02-19,0.78410000,0.85470000,0.76960000,0.82150000,492929500.00000000,400613754.21860000,594162
2022-02-20,0.82150000,0.82340000,0.76430000,0.77690000,495454770.00000000,391269443.43180000,521656
2022-02-21,0.77690000,0.80200000,0.69530000,0.70180000,621650777.00000000,474629850.51650000,558755
2022-02-22,0.70180000,0.72660000,0.66860000,0.72090000,597541290.00000000,417027236.62890000,503146
2022-02-23,0.72090000,0.74410000,0.69240000,0.69670000,438023003.00000000,315158238.64330000,352974
2022-02-24,0.69670000,0.72260000,0.62150000,0.69630000,986343826.00000000,649336702.19890000,776546
2022-02-25,0.69620000,0.78070000,0.68260000,0.76990000,557343038.00000000,397739663.43220000,483216
2022-02-26,0.76980000,0.79550000,0.74030000,0.75080000,520451349.00000000,398290215.79720000,518766
2022-02-27,0.75080000,0.76770000,0.70320000,0.72150000,441252224.00000000,324122751.32690000,380063
2022-02-28,0.72160000,0.79380000,0.70750000,0.78090000,444617964.00000000,331004684.91040000,411864
2022-03-01,0.78090000,0.80390000,0.75740000,0.78390000,392126769.00000000,305309246.79250000,396934
2022-03-02,0.78400000,0.78480000,0.75620000,0.76870000,377602100.00000000,290891663.05990000,306050
2022-03-03,0.76880000,0.78970000,0.73360000,0.75150000,339295156.00000000,257664904.54850000,298359
2022-03-04,0.75140000,0.75500000,0.69420000,0.71270000,382831997.00000000,279450790.84820000,325418
2022-03-05,0.71270000,0.76930000,0.70490000,0.75400000,358200609.00000000,265951379.14690000,360890
2022-03-06,0.75390000,0.75890000,0.72110000,0.72510000,304732286.00000000,225032012.60740000,275079
2022-03-07,0.72520000,0.75440000,0.70330000,0.71970000,496407111.00000000,363052083.96850000,413298
2022-03-08,0.71960000,0.73130000,0.71350000,0.72070000,293749434.00000000,212291889.88450000,231723
2022-03-09,0.72080000,0.77500000,0.71990000,0.76580000,397032109.00000000,298577935.72990000,342087
2022-03-10,0.76590000,0.77970000,0.72150000,0.73610000,397850898.00000000,294933673.02310000,350437
2022-03-11,0.73610000,0.81400000,0.72500000,0.80290000,526984782.00000000,402055677.02880000,515649
2022-03-12,0.80280000,0.84900000,0.77830000,0.78570000,589059126.00000000,474559889.92240000,662771
2022-03-13,0.78570000,0.80570000,0.75080000,0.76020000,311279578.00000000,244669480.07420000,304239
2022-03-14,0.76020000,0.77790000,0.74500000,0.77480000,326606464.00000000,249607534.83290000,277062
2022-03-15,0.77470000,0.77680000,0.74130000,0.76570000,243756136.00000000,185554830.19510000,224551
2022-03-16,0.76580000,0.79450000,0.75690000,0.79190000,350641035.00000000,270905161.10040000,338101
2022-03-17,0.79190000,0.80200000,0.78300000,0.79350000,264101320.00000000,209115111.73250000,239087
2022-03-18,0.79360000,0.80070000,0.77620000,0.79650000,222661984.00000000,175564924.19900000,202346
2022-03-19,0.79640000,0.82680000,0.79150000,0.81940000,248947590.00000000,202388188.42080000,265739
2022-03-20,0.81950000,0.82200000,0.79500000,0.80570000,185090508.00000000,149611235.74750000,177909
2022-03-21,0.80570000,0.85490000,0.78750000,0.83730000,316427663.00000000,259592940.38880000,362667
2022-03-22,0.83720000,0.86530000,0.82730000,0.83660000,305184306.00000000,257893273.73830000,340957
2022-03-23,0.83660000,0.84600000,0.81710000,0.83760000,235024475.00000000,195140355.59460000,230168
2022-03-24,0.83760000,0.85000000,0.82720000,0.84280000,282122073.00000000,236615079.78980000,280263
2022-03-25,0.84280000,0.84590000,0.81850000,0.82390000,214450998.00000000,178986690.64110000,194835
2022-03-26,0.82390000,0.83490000,0.82060000,0.83270000,122433652.00000000,101517227.94210000,108590
2022-03-27,0.83260000,0.85820000,0.82750000,0.85800000,198619688.00000000,167118139.62120000,199174
2022-03-28,0.85790000,0.93000000,0.85280000,0.86410000,479199201.00000000,422637754.21670000,540963
2022-03-29,0.86400000,0.88570000,0.83890000,0.85770000,264756291.00000000,230020279.93140000,293027
2022-03-30,0.85760000,0.87180000,0.84550000,0.86130000,201046259.00000000,173039224.50480000,224285
2022-03-31,0.86130000,0.87370000,0.77940000,0.81480000,366939277.00000000,305824263.88920000,400216
2022-04-01,0.81490000,0.83430000,0.80700000,0.82770000,254001232.00000000,208774877.56530000,251817
2022-04-02,0.82770000,0.84990000,0.81850000,0.82400000,210041825.00000000,175623270.31370000,208651
2022-04-03,0.82400000,0.85190000,0.81430000,0.84320000,159520162.00000000,133117452.91720000,156976
2022-04-04,0.84320000,0.84400000,0.80410000,0.82600000,216740017.00000000,179165135.24210000,215429
2022-04-05,0.82610000,0.83660000,0.81450000,0.81640000,174779509.00000000,144156926.24180000,158487
2022-04-06,0.81640000,0.81840000,0.75550000,0.75950000,348686323.00000000,274381875.70230000,364137
2022-04-07,0.75940000,0.79110000,0.75230000,0.78710000,196211648.00000000,152188903.52170000,203495
2022-04-08,0.78700000,0.79440000,0.74630000,0.75490000,210639194.00000000,162771256.50490000,208204
2022-04-09,0.75500000,0.76680000,0.75310000,0.76220000,102131244.00000000,77625116.22990000,107344
2022-04-10,0.76230000,0.77310000,0.75240000,0.75430000,123028708.00000000,93662860.13360000,127125
2022-04-11,0.75430000,0.75580000,0.68020000,0.69480000,354459252.00000000,253488704.68940000,328030
2022-04-12,0.69490000,0.73400000,0.69240000,0.71520000,263088987.00000000,185940902.03630000,260994
2022-04-13,0.71510000,0.72520000,0.70170000,0.72320000,217937566.00000000,156097770.26430000,205229
2022-04-14,0.72320000,0.74130000,0.70830000,0.72620000,239629937.00000000,173590844.06360000,217510
2022-04-15,0.72620000,0.79750000,0.72610000,0.78580000,439676502.00000000,340018971.27680000,490660
2022-04-16,0.78590000,0.79990000,0.76580000,0.78080000,206493032.00000000,161483053.80880000,195172
2022-04-17,0.78080000,0.78610000,0.74770000,0.75190000,188468510.00000000,145499726.04620000,176462
2022-04-18,0.75190000,0.76990000,0.72660000,0.76990000,257757252.00000000,192473959.50380000,258339
2022-04-19,0.76980000,0.78600000,0.75880000,0.77490000,199132020.00000000,153428708.36250000,191968
2022-04-20,0.77490000,0.77530000,0.74200000,0.75170000,220246970.00000000,167656195.87770000,192462
2022-04-21,0.75170000,0.76860000,0.71800000,0.73280000,241310449.00000000,180731787.39060000,241040
2022-04-22,0.73280000,0.73870000,0.71420000,0.71790000,220757625.00000000,160328204.81800000,216443
2022-04-23,0.71780000,0.72670000,0.70230000,0.70570000,163036743.00000000,116203898.73680000,154364
2022-04-24,0.70570000,0.71190000,0.69440000,0.69810000,144945400.00000000,102084222.50700000,137510
2022-04-25,0.69800000,0.69980000,0.64510000,0.69310000,399434752.00000000,267285979.65940000,354207
2022-04-26,0.69310000,0.70650000,0.62760000,0.64200000,355964613.00000000,237444379.89660000,311924
2022-04-27,0.64200000,0.66300000,0.63610000,0.65220000,277994630.00000000,180637616.85300000,241976
2022-04-28,0.65220000,0.65770000,0.63330000,0.64280000,242145728.00000000,156497699.41270000,195259
2022-04-29,0.64280000,0.64640000,0.59920000,0.61160000,322263629.00000000,200206773.40920000,234208
2022-04-30,0.61150000,0.62880000,0.56630000,0.58450000,354754733.00000000,214938073.85450000,274288
2022-05-01,0.58450000,0.61250000,0.57600000,0.60700000,279653905.00000000,166027183.23120000,253008
2022-05-02,0.60700000,0.63120000,0.59840000,0.61430000,332748235.00000000,204458052.86530000,255037
2022-05-03,0.61430000,0.62800000,0.59610000,0.60470000,284044788.00000000,174187576.73460000,192989
2022-05-04,0.60470000,0.65000000,0.60390000,0.64590000,345607731.00000000,214781739.89200000,250260
2022-05-05,0.64600000,0.65720000,0.58010000,0.59810000,446938464.00000000,275475127.52750000,326425
2022-05-06,0.59810000,0.61640000,0.58750000,0.60220000,363872112.00000000,218917267.89230000,281104
2022-05-07,0.60220000,0.60440000,0.56920000,0.58080000,243420987.00000000,144029120.13940000,162836
2022-05-08,0.58080000,0.58330000,0.55720000,0.56620000,335981906.00000000,191966430.33330000,204020
2022-05-09,0.56630000,0.57890000,0.47000000,0.48730000,841979616.33000000,440258885.07892200,614982
2022-05-10,0.48720000,0.53710000,0.47220000,0.51300000,900790302.00000000,459950527.42000000,637387
2022-05-11,0.51300000,0.52530000,0.36460000,0.41720000,1598443681.35000000,731722915.31470500,1259135
2022-05-12,0.41720000,0.42960000,0.33610000,0.38560000,1567507931.50000000,594186113.52636500,1276059
2022-05-13,0.38560000,0.46590000,0.38130000,0.42280000,698396767.00000000,301967793.82100000,550622
2022-05-14,0.42290000,0.44100000,0.39550000,0.42620000,442845171.00000000,185744367.71240000,346940
2022-05-15,0.42620000,0.45000000,0.41490000,0.44810000,267739238.00000000,114744354.51960000,215477
2022-05-16,0.44810000,0.44810000,0.40870000,0.42310000,433909248.00000000,183880284.58740000,305356
2022-05-17,0.42310000,0.44030000,0.41700000,0.43800000,376428299.00000000,162168648.85970000,251858
2022-05-18,0.43800000,0.44280000,0.40370000,0.40560000,370954228.00000000,155713298.61080000,236704
2022-05-19,0.40560000,0.42420000,0.39080000,0.42050000,285465302.00000000,116869173.75990000,199622
2022-05-20,0.42050000,0.44070000,0.40160000,0.41010000,358049438.00000000,150932151.75710000,221270
2022-05-21,0.41010000,0.41830000,0.40300000,0.41450000,144232225.00000000,59372483.58250000,92445
2022-05-22,0.41440000,0.42550000,0.41010000,0.42180000,143783091.00000000,60032697.60840000,93691
2022-05-23,0.42170000,0.42870000,0.40020000,0.40520000,301434382.00000000,126188136.56090000,179962
2022-05-24,0.40520000,0.41380000,0.39080000,0.40860000,309724750.00000000,125344682.66550000,147275
2022-05-25,0.40870000,0.41380000,0.39480000,0.40600000,414339536.00000000,167969372.21930000,161858
2022-05-26,0.40610000,0.41090000,0.37530000,0.39200000,626704757.00000000,246729969.60500000,251980
2022-05-27,0.39210000,0.40320000,0.37640000,0.38190000,549974246.00000000,214888250.22710000,235251
2022-05-28,0.38200000,0.38900000,0.38050000,0.38630000,232996058.00000000,89731706.81050000,101729
2022-05-29,0.38630000,0.39080000,0.37940000,0.38910000,190159222.00000000,73294559.50390000,80104
2022-05-30,0.38910000,0.41970000,0.38660000,0.41870000,371239281.00000000,149384767.03210000,167873
2022-05-31,0.41880000,0.43420000,0.40650000,0.42170000,422313633.00000000,176780178.82010000,207019
2022-06-01,0.42170000,0.42660000,0.38870000,0.39800000,436983828.00000000,178928611.57630000,200731
2022-06-02,0.39810000,0.40720000,0.39070000,0.40550000,350695114.00000000,139400566.45110000,147596
2022-06-03,0.40540000,0.41050000,0.38390000,0.39040000,283788604.00000000,112542326.36650000,148952
2022-06-04,0.39030000,0.39440000,0.38460000,0.39250000,134031506.00000000,52239259.27910000,77118
2022-06-05,0.39250000,0.39950000,0.38950000,0.39530000,134209649.00000000,52902644.56820000,73022
2022-06-06,0.39540000,0.40990000,0.39400000,0.40260000,253767142.00000000,102110040.33700000,130186
2022-06-07,0.40270000,0.41750000,0.38460000,0.40760000,418785041.00000000,166280541.38170000,220088
2022-06-08,0.40760000,0.41040000,0.39470000,0.40060000,307076296.00000000,123154505.04330000,165487
2022-06-09,0.40070000,0.40410000,0.39650000,0.40020000,253775318.00000000,101687547.29320000,108685
2022-06-10,0.40020000,0.41180000,0.37620000,0.38150000,399808206.00000000,157089536.93000000,194473
2022-06-11,0.38150000,0.38870000,0.35570000,0.35990000,335176735.00000000,124317447.96890000,162752
2022-06-12,0.35980000,0.36540000,0.33940000,0.34330000,427316144.00000000,149735662.36400000,211927
2022-06-13,0.34330000,0.35070000,0.30120000,0.31180000,1028751993.07000000,328637316.32500200,508115
2022-06-14,0.31170000,0.32670000,0.29360000,0.32140000,778418633.00000000,243464785.14198500,342614
2022-06-15,0.32150000,0.34690000,0.29800000,0.34360000,865192872.00000000,271227096.24170000,404846
2022-06-16,0.34360000,0.34750000,0.30730000,0.31320000,589816543.00000000,190349169.85710000,238916
2022-06-17,0.31320000,0.33970000,0.31050000,0.32100000,430655102.00000000,140271381.55950000,198729
2022-06-18,0.32100000,0.32630000,0.28720000,0.30750000,555977925.71000000,170366179.89538100,283907
2022-06-19,0.30740000,0.33300000,0.29810000,0.32640000,393395495.00000000,123246578.66740000,201014
2022-06-20,0.32620000,0.32890000,0.31350000,0.32270000,356161086.00000000,114351278.52380000,181160
2022-06-21,0.32260000,0.33740000,0.31870000,0.32940000,379691157.00000000,124852730.71560000,187784
2022-06-22,0.32940000,0.32970000,0.31900000,0.32230000,315095128.00000000,101794452.02250000,152486
2022-06-23,0.32230000,0.33710000,0.32130000,0.33580000,293426615.00000000,96235892.65720000,133928
2022-06-24,0.33570000,0.38710000,0.33480000,0.36720000,610286919.00000000,223815201.86900000,364031
2022-06-25,0.36720000,0.37410000,0.35420000,0.36760000,216676025.00000000,79123639.77190000,134079
2022-06-26,0.36770000,0.37510000,0.35760000,0.35920000,194186812.00000000,71039962.39620000,118676
2022-06-27,0.35910000,0.36710000,0.34800000,0.35370000,274516503.00000000,98508600.88050000,140953
2022-06-28,0.35370000,0.35570000,0.33530000,0.33750000,316153206.00000000,109315246.46890000,155206
2022-06-29,0.33750000,0.34170000,0.32010000,0.32960000,329827694.00000000,108924493.26000000,163468
2022-06-30,0.32960000,0.33330000,0.30560000,0.33210000,463148646.00000000,147393644.66800000,245378
2022-07-01,0.33200000,0.33630000,0.31000000,0.31390000,373042743.00000000,118587656.95980000,184586
2022-07-02,0.31420000,0.31810000,0.30890000,0.31560000,179482724.00000000,56221451.44240000,88251
2022-07-03,0.31570000,0.32580000,0.30850000,0.32150000,194701668.00000000,61533546.21190000,107856
2022-07-04,0.32160000,0.33000000,0.31460000,0.32870000,276890244.00000000,88994114.96570000,126096
2022-07-05,0.32870000,0.33100000,0.31280000,0.32520000,332749123.00000000,107262278.45290000,146859
2022-07-06,0.32520000,0.33400000,0.32000000,0.33240000,295359140.00000000,95886316.44820000,132366
2022-07-07,0.33240000,0.34560000,0.32690000,0.34220000,261063763.00000000,87266153.13030000,126050
2022-07-08,0.34230000,0.35900000,0.33590000,0.34020000,383269941.00000000,133000861.91340000,213155
2022-07-09,0.34030000,0.34770000,0.33920000,0.34480000,131799232.00000000,45267170.31630000,80709
2022-07-10,0.34480000,0.34490000,0.31970000,0.32550000,240237163.00000000,79468929.00350000,124569
2022-07-11,0.32560000,0.32920000,0.31080000,0.31520000,246538517.00000000,79546363.02400000,133558
2022-07-12,0.31520000,0.31820000,0.30780000,0.31160000,234067778.00000000,73193935.24270000,126411
2022-07-13,0.31170000,0.32600000,0.30200000,0.32370000,354463864.00000000,111462870.56330000,176989
2022-07-14,0.32360000,0.33400000,0.31220000,0.33380000,323459383.00000000,103892845.09040000,146897
2022-07-15,0.33380000,0.34900000,0.32730000,0.33420000,392883643.00000000,132631266.87460000,200294
2022-07-16,0.33410000,0.35650000,0.33130000,0.35050000,271487176.00000000,93541230.76020000,176489
2022-07-17,0.35040000,0.36140000,0.34130000,0.34330000,203255685.00000000,71308820.20370000,155405
2022-07-18,0.34340000,0.37010000,0.34290000,0.36530000,404237689.00000000,145950885.01270000,247021
2022-07-19,0.36520000,0.37670000,0.35150000,0.37290000,372635897.00000000,135433770.49090000,240551
2022-07-20,0.37280000,0.38170000,0.35720000,0.36350000,329852165.00000000,122555674.29130000,219247
2022-07-21,0.36350000,0.36850000,0.34850000,0.36690000,276798269.00000000,99082317.91360000,176891
2022-07-22,0.36680000,0.37160000,0.35410000,0.35780000,231304449.00000000,84039196.25950000,153583
2022-07-23,0.35780000,0.36280000,0.34980000,0.35920000,140472336.00000000,50073528.36480000,106298
2022-07-24,0.35920000,0.36670000,0.35580000,0.35860000,154710249.00000000,55971080.82090000,111641
2022-07-25,0.35850000,0.36020000,0.33500000,0.33620000,250777496.00000000,86676259.48280000,151193
2022-07-26,0.33620000,0.33850000,0.32520000,0.33720000,248516564.00000000,82443390.94870000,153532
2022-07-27,0.33730000,0.35970000,0.33040000,0.35940000,270820690.00000000,92730683.93190000,173274
2022-07-28,0.35940000,0.37920000,0.34890000,0.37390000,338381188.00000000,122379884.68850000,214156
2022-07-29,0.37380000,0.37990000,0.35960000,0.36790000,276456259.00000000,102455414.67480000,186833
2022-07-30,0.36790000,0.40990000,0.36290000,0.38790000,388154871.00000000,151212668.98870000,285884
2022-07-31,0.38800000,0.39890000,0.37820000,0.37920000,231814092.00000000,90300223.10050000,174085
2022-08-01,0.37910000,0.38600000,0.37100000,0.37910000,215729685.00000000,81602011.26590000,146825
2022-08-02,0.37910000,0.39460000,0.36670000,0.37140000,261343324.00000000,97712462.13010000,184337
2022-08-03,0.37140000,0.37750000,0.36310000,0.36950000,212254602.00000000,78676859.40570000,137130
2022-08-04,0.36950000,0.37500000,0.36430000,0.37100000,170860294.00000000,63183203.38370000,107315
2022-08-05,0.37100000,0.37850000,0.36730000,0.37640000,178170072.00000000,66561027.32240000,117145
2022-08-06,0.37640000,0.37800000,0.37030000,0.37150000,88658479.00000000,33182898.94530000,66502
2022-08-07,0.37150000,0.37720000,0.36820000,0.37220000,94432362.00000000,35204727.09330000,65502
2022-08-08,0.37230000,0.38470000,0.37100000,0.37870000,221476216.00000000,83979590.97220000,128662
2022-08-09,0.37870000,0.38010000,0.36060000,0.36720000,168358813.00000000,62324528.94080000,110373
2022-08-10,0.36720000,0.38150000,0.35830000,0.38140000,218617309.00000000,81068105.44070000,142208
2022-08-11,0.38140000,0.38600000,0.37700000,0.38020000,212303676.00000000,80900073.12050000,124815
2022-08-12,0.38010000,0.38060000,0.36990000,0.37960000,169377982.00000000,63609314.08490000,102798
2022-08-13,0.37970000,0.38760000,0.37630000,0.37800000,122728952.00000000,46708311.96240000,85925
2022-08-14,0.37790000,0.39220000,0.37380000,0.37570000,184744299.00000000,70663793.93130000,125664
2022-08-15,0.37560000,0.38520000,0.36580000,0.37510000,231352894.00000000,86406258.68630000,141003
2022-08-16,0.37500000,0.37840000,0.36660000,0.37700000,196904975.00000000,73556611.68930000,121180
2022-08-17,0.37700000,0.39230000,0.36800000,0.37950000,333525617.00000000,126759099.11760000,222987
2022-08-18,0.37960000,0.38150000,0.36910000,0.37040000,206448429.00000000,77574097.08430000,132439
2022-08-19,0.37030000,0.37070000,0.33090000,0.33440000,437831008.00000000,151469808.29240000,252658
2022-08-20,0.33450000,0.34280000,0.33210000,0.33680000,206218319.00000000,69893445.41860000,118265
2022-08-21,0.33680000,0.34850000,0.33550000,0.34490000,185595697.00000000,63540311.13800000,103455
2022-08-22,0.34480000,0.34530000,0.33130000,0.34400000,259125051.00000000,87411174.77060000,139631
2022-08-23,0.34400000,0.34800000,0.33260000,0.34720000,224844843.00000000,76705168.20900000,120750
2022-08-24,0.34730000,0.35250000,0.33890000,0.34560000,190760736.00000000,65685897.52460000,112208
2022-08-25,0.34560000,0.35220000,0.34350000,0.34910000,200831070.00000000,69764352.31400000,114924
2022-08-26,0.34910000,0.37120000,0.33250000,0.33930000,439211758.00000000,153665419.44020000,269092
2022-08-27,0.33930000,0.34470000,0.32830000,0.33460000,175871454.00000000,58855369.86050000,116416
2022-08-28,0.33460000,0.33730000,0.32130000,0.32240000,148984590.00000000,49504782.34360000,90560
2022-08-29,0.32230000,0.33420000,0.31860000,0.33370000,268856257.00000000,87361744.46920000,136287
2022-08-30,0.33370000,0.33590000,0.32000000,0.32670000,213879108.00000000,70259688.58380000,127485
2022-08-31,0.32680000,0.33390000,0.32300000,0.32770000,195043842.00000000,64322459.05180000,117716
2022-09-01,0.32760000,0.33340000,0.32150000,0.33310000,183564987.00000000,59848811.89490000,113186
2022-09-02,0.33320000,0.33550000,0.32530000,0.33140000,179601436.00000000,59352103.37020000,104285
2022-09-03,0.33150000,0.33500000,0.32650000,0.32970000,103317904.00000000,34043843.12170000,63442
2022-09-04,0.32960000,0.33280000,0.32750000,0.33170000,95913393.00000000,31682221.18520000,58005
2022-09-05,0.33180000,0.33380000,0.32250000,0.33290000,178320876.00000000,58525355.80910000,91431
2022-09-06,0.33290000,0.34310000,0.31540000,0.32120000,337153895.00000000,111776654.51370000,191387
2022-09-07,0.32120000,0.33860000,0.31200000,0.33690000,267709589.00000000,86968475.70500000,141016
2022-09-08,0.33690000,0.34340000,0.32820000,0.33960000,234589959.00000000,78333843.99860000,136630
2022-09-09,0.33960000,0.35970000,0.33940000,0.35680000,334849027.00000000,117071573.76530000,187293
2022-09-10,0.35680000,0.36220000,0.35140000,0.35730000,186010258.00000000,66220220.81860000,116583
2022-09-11,0.35740000,0.36040000,0.34850000,0.35520000,146159090.00000000,51919619.53780000,86088
2022-09-12,0.35510000,0.36020000,0.34780000,0.35980000,243143764.00000000,86092131.72740000,132001
2022-09-13,0.35980000,0.36030000,0.33080000,0.33260000,364278378.00000000,125815020.31020000,198832
2022-09-14,0.33260000,0.34420000,0.33120000,0.34150000,308604961.00000000,103931939.65450000,168172
2022-09-15,0.34150000,0.34290000,0.32410000,0.32610000,406236125.00000000,135422916.20150000,181640
2022-09-16,0.32610000,0.35810000,0.32160000,0.35520000,370003740.00000000,124260288.71890000,162183
2022-09-17,0.35520000,0.38100000,0.34640000,0.37620000,443007880.00000000,162050300.78600000,247164
2022-09-18,0.37620000,0.39810000,0.35560000,0.35760000,680858418.00000000,258614760.40640000,444651
2022-09-19,0.35780000,0.39320000,0.34010000,0.38480000,737172977.00000000,265844871.89510000,451339
2022-09-20,0.38470000,0.42420000,0.37040000,0.41400000,1113792429.00000000,442009185.26860000,628936
2022-09-21,0.41390000,0.43400000,0.38000000,0.39360000,925735817.00000000,372966189.37860000,643141
2022-09-22,0.39360000,0.50000000,0.39330000,0.48620000,1322834928.00000000,590174749.67290000,791009
2022-09-23,0.48610000,0.55900000,0.45640000,0.50690000,1820625745.00000000,917768864.50430000,1330406
2022-09-24,0.50690000,0.51950000,0.47170000,0.48780000,711158721.00000000,352715614.32050000,593855
2022-09-25,0.48790000,0.52150000,0.47570000,0.49170000,738162563.00000000,366984733.48150000,573784
2022-09-26,0.49160000,0.50200000,0.45760000,0.46830000,626520230.00000000,296847521.53900000,415486
2022-09-27,0.46820000,0.48820000,0.43500000,0.44570000,628394011.00000000,292038620.55160000,410125
2022-09-28,0.44580000,0.45580000,0.41680000,0.44890000,595920283.00000000,257517246.63340000,367581
2022-09-29,0.44910000,0.51090000,0.42660000,0.48770000,788666701.00000000,365979762.78790000,516418
2022-09-30,0.48760000,0.49920000,0.46670000,0.47990000,683028303.00000000,330105163.39810000,499348
2022-10-01,0.47990000,0.48650000,0.46670000,0.47540000,332745201.00000000,158398722.63910000,232022
2022-10-02,0.47530000,0.47850000,0.44300000,0.44850000,331325448.00000000,152945188.20560000,252363
2022-10-03,0.44850000,0.46940000,0.43720000,0.46210000,393625435.00000000,177658038.66680000,251290
2022-10-04,0.46220000,0.48580000,0.45150000,0.47950000,528294804.00000000,248921030.55710000,302972
2022-10-05,0.47950000,0.50200000,0.47160000,0.48870000,582675616.00000000,283275013.68590000,356443
2022-10-06,0.48880000,0.50630000,0.48830000,0.49340000,412623504.00000000,204870809.10330000,271931
2022-10-07,0.49340000,0.53390000,0.48000000,0.51770000,523500800.00000000,262944156.62850000,364491
2022-10-08,0.51770000,0.52920000,0.51110000,0.51700000,340783746.00000000,177286870.93840000,257256
2022-10-09,0.51710000,0.54900000,0.50600000,0.53250000,366379188.00000000,193058849.26650000,264444
2022-10-10,0.53250000,0.53800000,0.49270000,0.49390000,519737735.00000000,269405146.74500000,415923
2022-10-11,0.49390000,0.50250000,0.47680000,0.48610000,445279743.00000000,218448308.56530000,353731
2022-10-12,0.48600000,0.49600000,0.48200000,0.48810000,245221984.00000000,119808283.83650000,177528
2022-10-13,0.48810000,0.48980000,0.44010000,0.47910000,601751609.00000000,280980866.21660000,414916
2022-10-14,0.47910000,0.51250000,0.47820000,0.48830000,457259209.00000000,227388021.96600000,305648
2022-10-15,0.48820000,0.49000000,0.47740000,0.48180000,155163123.00000000,75131086.24980000,103097
2022-10-16,0.48180000,0.48760000,0.46800000,0.47660000,220894101.00000000,105829602.91260000,128741
2022-10-17,0.47650000,0.48250000,0.46270000,0.48040000,266511552.00000000,126134721.51910000,185876
2022-10-18,0.48040000,0.48430000,0.45710000,0.46580000,289689721.00000000,136197440.44610000,183992
2022-10-19,0.46570000,0.46670000,0.44710000,0.45040000,330327507.00000000,151199222.07780000,194462
2022-10-20,0.45040000,0.46460000,0.42240000,0.44650000,396744045.00000000,178394403.39260000,269299
2022-10-21,0.44650000,0.46170000,0.43360000,0.46140000,362000551.00000000,161784866.17820000,209686
2022-10-22,0.46130000,0.47080000,0.45610000,0.46530000,168922503.00000000,78201141.13540000,112690
2022-10-23,0.46530000,0.47260000,0.45180000,0.46880000,201619037.00000000,93094955.43160000,124146
2022-10-24,0.46880000,0.47300000,0.44780000,0.45290000,269189993.00000000,123072922.49540000,142859
2022-10-25,0.45300000,0.47280000,0.44340000,0.46050000,350361399.00000000,160081457.73490000,215880
2022-10-26,0.46060000,0.47150000,0.45620000,0.46890000,308800077.00000000,143488385.63240000,196965
2022-10-27,0.46890000,0.48240000,0.45840000,0.46150000,386147200.00000000,181953642.35730000,238788
2022-10-28,0.46150000,0.47550000,0.45640000,0.47440000,258511622.00000000,120199098.10850000,157002
2022-10-29,0.47430000,0.48370000,0.46570000,0.47010000,284375501.00000000,134590023.72500000,201794
2022-10-30,0.47020000,0.47350000,0.45370000,0.45820000,182831402.00000000,84820357.73250000,133563
2022-10-31,0.45820000,0.46740000,0.44760000,0.46410000,291632134.00000000,133261256.42530000,198148
2022-11-01,0.46400000,0.46700000,0.45430000,0.46360000,272552886.00000000,125642112.08620000,180944
2022-11-02,0.46350000,0.46590000,0.44510000,0.44970000,305327596.00000000,139704185.40050000,221321
2022-11-03,0.44980000,0.45980000,0.44870000,0.45480000,221405589.00000000,100942726.23910000,151898
2022-11-04,0.45480000,0.50780000,0.45320000,0.50640000,561979429.00000000,274689740.90170000,415590
2022-11-05,0.50630000,0.51000000,0.48900000,0.49300000,199360700.00000000,99431885.50750000,190220
2022-11-06,0.49300000,0.49470000,0.46800000,0.47090000,163125807.00000000,79239163.69070000,136737
2022-11-07,0.47080000,0.48000000,0.45850000,0.46480000,325333918.00000000,153239698.29610000,215747
2022-11-08,0.46470000,0.46690000,0.33550000,0.40590000,978082649.00000000,413070512.78620000,685459
2022-11-09,0.40590000,0.41100000,0.31600000,0.33310000,908074197.00000000,334989216.02760000,655564
2022-11-10,0.33320000,0.40300000,0.33010000,0.39420000,815070852.00000000,301512853.21210000,571158
2022-11-11,0.39420000,0.39910000,0.36610000,0.38430000,477945830.00000000,182755584.28060000,371420
2022-11-12,0.38430000,0.38460000,0.35920000,0.36360000,254821436.00000000,93930662.57470000,185956
2022-11-13,0.36350000,0.36940000,0.33250000,0.34080000,334510449.00000000,116988962.61430000,245447
2022-11-14,0.34090000,0.37960000,0.32100000,0.37760000,693547037.00000000,241833210.05890000,474551
2022-11-15,0.37750000,0.39770000,0.36680000,0.38880000,541305225.00000000,207028793.29720000,397121
2022-11-16,0.38870000,0.39150000,0.36140000,0.37520000,363276410.00000000,136953796.30090000,260049
2022-11-17,0.37510000,0.38730000,0.36910000,0.38190000,413772413.00000000,156120059.84310000,263552
2022-11-18,0.38190000,0.38780000,0.37330000,0.38290000,292591109.00000000,111602519.54820000,172434
2022-11-19,0.38290000,0.38860000,0.37520000,0.38410000,145313373.00000000,55292721.17270000,97089
2022-11-20,0.38420000,0.39690000,0.35850000,0.36080000,308373842.00000000,116439995.07090000,194598
2022-11-21,0.36080000,0.36900000,0.34570000,0.36450000,591706474.00000000,210059781.72280000,289588
2022-11-22,0.36450000,0.37840000,0.35130000,0.37570000,464705247.00000000,169687796.31580000,237727
2022-11-23,0.37580000,0.38240000,0.36820000,0.38150000,354058802.00000000,133209854.52300000,204708
2022-11-24,0.38160000,0.40500000,0.37420000,0.40180000,454087891.00000000,177033036.22180000,249480
2022-11-25,0.40180000,0.41940000,0.38880000,0.40780000,428503257.00000000,173684378.22580000,297740
2022-11-26,0.40770000,0.41460000,0.39270000,0.39600000,184581391.00000000,74555148.83970000,126149
2022-11-27,0.39600000,0.40960000,0.39420000,0.39620000,199432182.00000000,80197421.66510000,125340
2022-11-28,0.39610000,0.39910000,0.37300000,0.38880000,434930297.00000000,166423172.45060000,240458
2022-11-29,0.38880000,0.40390000,0.38290000,0.39810000,355638077.00000000,139342590.95680000,195717
2022-11-30,0.39810000,0.41170000,0.39260000,0.40780000,329757224.00000000,132883248.97740000,191495
2022-12-01,0.40780000,0.40930000,0.39440000,0.39690000,251203503.00000000,100381351.19230000,141670
2022-12-02,0.39680000,0.39750000,0.38380000,0.39610000,257877078.00000000,100555120.31070000,137052
2022-12-03,0.39610000,0.39730000,0.38530000,0.38730000,152919238.00000000,59974445.92240000,87264
2022-12-04,0.38730000,0.39320000,0.38600000,0.38950000,134434499.00000000,52399718.84240000,80207
2022-12-05,0.38950000,0.39540000,0.38000000,0.38930000,338205071.00000000,132061033.31220000,169162
2022-12-06,0.38930000,0.39250000,0.38080000,0.39140000,302191639.00000000,116660558.71440000,139542
2022-12-07,0.39140000,0.39250000,0.37330000,0.38350000,307733325.00000000,117648523.90990000,145538
2022-12-08,0.38340000,0.39620000,0.38260000,0.39410000,276255107.00000000,107330684.74350000,130361
2022-12-09,0.39420000,0.39520000,0.38430000,0.38890000,259535105.00000000,101327794.25970000,114693
2022-12-10,0.38890000,0.38930000,0.38540000,0.38650000,99433210.00000000,38539886.55270000,48873
2022-12-11,0.38650000,0.38860000,0.37780000,0.38090000,96374128.00000000,37091781.15080000,54465
2022-12-12,0.38080000,0.38980000,0.37070000,0.38740000,348028456.00000000,131257104.28530000,154324
2022-12-13,0.38750000,0.39700000,0.37860000,0.39520000,440118070.00000000,170665867.17700000,183015
2022-12-14,0.39530000,0.39560000,0.37680000,0.38530000,329607186.00000000,128096972.29840000,159487
2022-12-15,0.38520000,0.38670000,0.37350000,0.37800000,226540166.00000000,86076180.48300000,110423
2022-12-16,0.37790000,0.37990000,0.34400000,0.35110000,376428572.00000000,136784621.92950000,191524
2022-12-17,0.35100000,0.35980000,0.34670000,0.35450000,208492422.00000000,73591621.36340000,101459
2022-12-18,0.35450000,0.35560000,0.34730000,0.34990000,115421793.00000000,40560825.17100000,57021
2022-12-19,0.34990000,0.35300000,0.33200000,0.33890000,365699862.00000000,124752930.46340000,157200
2022-12-20,0.33890000,0.35320000,0.33590000,0.34820000,312424782.00000000,107517453.01160000,139690
2022-12-21,0.34820000,0.35050000,0.33710000,0.34490000,287425951.00000000,98626729.85730000,122619
2022-12-22,0.34480000,0.35030000,0.34140000,0.34920000,255155313.00000000,88031727.67100000,107083
2022-12-23,0.34920000,0.35500000,0.34710000,0.35430000,221882542.00000000,77773302.92360000,93441
2022-12-24,0.35420000,0.35440000,0.35090000,0.35170000,62857912.00000000,22136772.34080000,37337
2022-12-25,0.35180000,0.35190000,0.34390000,0.34570000,100344595.00000000,34843179.26430000,50316
2022-12-26,0.34570000,0.37000000,0.34550000,0.36580000,337834881.00000000,121074083.18590000,138424
2022-12-27,0.36570000,0.37310000,0.35860000,0.36750000,385194770.00000000,141396481.04250000,181577
2022-12-28,0.36750000,0.36870000,0.35460000,0.35580000,337095747.00000000,121246074.98300000,164923
2022-12-29,0.35590000,0.35770000,0.33610000,0.34210000,347820025.00000000,120106923.53350000,159297
2022-12-30,0.34210000,0.34610000,0.33370000,0.34510000,270037618.00000000,91624064.77070000,123668
2022-12-31,0.34500000,0.34530000,0.33840000,0.33890000,138156698.00000000,47233960.19270000,60883
2023-01-01,0.33890000,0.34000000,0.33540000,0.33870000,102026821.00000000,34471638.57140000,48661
2023-01-02,0.33860000,0.35550000,0.30000000,0.34820000,647520487.00000000,217803999.74460000,285660
2023-01-03,0.34820000,0.35200000,0.33950000,0.34360000,346410334.00000000,119511328.67110000,154113
2023-01-04,0.34360000,0.36050000,0.33900000,0.34720000,372672796.00000000,129585304.72840000,147677
2023-01-05,0.34710000,0.34870000,0.33330000,0.33800000,265529668.00000000,90735849.13650000,106910
2023-01-06,0.33800000,0.34620000,0.33110000,0.34430000,278304929.00000000,93853937.03300000,124811
2023-01-07,0.34420000,0.34570000,0.34130000,0.34420000,103851424.00000000,35685499.46950000,54864
2023-01-08,0.34420000,0.34690000,0.33540000,0.34520000,185516324.00000000,63235820.00180000,87967
2023-01-09,0.34520000,0.35760000,0.34370000,0.34900000,527746615.00000000,185161444.28360000,207757
2023-01-10,0.34890000,0.35410000,0.34320000,0.35070000,338577860.00000000,118256165.19440000,126247
2023-01-11,0.35060000,0.37850000,0.34770000,0.37280000,626037461.00000000,228637315.37450000,264481
2023-01-12,0.37280000,0.38200000,0.36070000,0.37480000,505754231.00000000,188241999.72110000,229155
2023-01-13,0.37480000,0.38680000,0.36800000,0.38580000,405120914.00000000,152479844.05660000,180943
2023-01-14,0.38570000,0.40890000,0.37660000,0.39530000,582781070.00000000,230545836.18810000,298604
2023-01-15,0.39530000,0.39690000,0.37950000,0.38450000,294014260.00000000,113574492.66170000,149500
2023-01-16,0.38460000,0.40640000,0.37770000,0.38550000,542041099.00000000,211557382.18950000,244213
2023-01-17,0.38550000,0.39870000,0.37900000,0.38680000,378212343.00000000,146669509.54330000,175149
2023-01-18,0.38680000,0.39640000,0.36550000,0.37820000,615064764.00000000,236217050.68000000,297896
2023-01-19,0.37820000,0.39650000,0.37620000,0.39280000,416112670.00000000,161047075.76570000,194843
2023-01-20,0.39290000,0.41410000,0.38590000,0.41290000,366316527.00000000,145683006.81930000,191888
2023-01-21,0.41290000,0.41660000,0.39670000,0.40340000,346602583.00000000,141823531.58310000,198254
2023-01-22,0.40340000,0.41220000,0.39620000,0.40040000,250067543.00000000,101062837.47320000,140303
2023-01-23,0.40040000,0.43300000,0.39950000,0.42340000,723894773.00000000,304618525.30610000,337146
2023-01-24,0.42330000,0.43120000,0.40250000,0.40780000,411297898.00000000,172683239.93440000,223346
2023-01-25,0.40790000,0.42450000,0.39650000,0.41700000,375065459.00000000,153118088.97600000,188870
2023-01-26,0.41700000,0.41780000,0.40530000,0.40920000,290069659.00000000,119450988.29240000,151650
2023-01-27,0.40910000,0.41350000,0.39880000,0.41280000,274281738.00000000,111625093.02300000,133853
2023-01-28,0.41270000,0.41680000,0.40550000,0.40780000,148949278.00000000,61120997.81060000,83036
2023-01-29,0.40780000,0.41730000,0.40660000,0.41340000,166884667.00000000,68802706.76420000,95305
2023-01-30,0.41350000,0.42220000,0.38600000,0.39340000,433795926.00000000,174875593.06560000,205691
2023-01-31,0.39330000,0.41130000,0.38800000,0.40570000,346580963.00000000,138238341.77960000,166935
2023-02-01,0.40580000,0.41570000,0.39620000,0.41310000,379103907.00000000,153259801.56710000,186726
2023-02-02,0.41320000,0.41920000,0.40800000,0.40980000,322532370.00000000,133341656.21790000,165464
2023-02-03,0.40970000,0.41370000,0.40540000,0.41170000,274689680.00000000,112603154.48690000,133447
2023-02-04,0.41160000,0.42040000,0.40750000,0.41060000,178134111.00000000,73370958.01900000,95986
2023-02-05,0.41060000,0.41200000,0.39420000,0.39840000,237111362.00000000,95563098.08890000,134236
2023-02-06,0.39850000,0.40370000,0.39090000,0.39200000,315995053.00000000,125897156.28630000,145740
2023-02-07,0.39210000,0.40480000,0.39010000,0.40360000,356160688.00000000,141141108.60650000,145406
2023-02-08,0.40370000,0.40600000,0.39360000,0.39750000,263188839.00000000,105265066.87440000,104320
2023-02-09,0.39750000,0.40920000,0.37260000,0.38190000,526681339.00000000,206981490.60350000,255958
2023-02-10,0.38180000,0.38780000,0.37710000,0.38170000,279931749.00000000,107300522.30040000,129469
2023-02-11,0.38180000,0.38410000,0.37980000,0.38330000,123179600.00000000,47064308.76160000,59338
2023-02-12,0.38340000,0.38500000,0.37160000,0.37470000,135976322.00000000,51727784.25320000,70222
2023-02-13,0.37470000,0.37830000,0.36120000,0.37030000,382768169.00000000,141477064.78390000,158099
2023-02-14,0.37030000,0.38390000,0.36440000,0.38190000,372274074.00000000,138499878.27980000,160722
2023-02-15,0.38190000,0.40240000,0.37650000,0.40110000,370966882.00000000,143859246.60860000,150550
2023-02-16,0.40100000,0.40480000,0.38400000,0.38410000,450636395.00000000,179200203.66610000,193412
2023-02-17,0.38410000,0.40000000,0.38090000,0.39500000,358052399.00000000,139644124.63960000,149639
2023-02-18,0.39490000,0.39760000,0.39110000,0.39430000,145625421.00000000,57400872.44260000,73236
2023-02-19,0.39420000,0.39810000,0.38450000,0.38630000,237992952.00000000,93146713.93620000,120434
2023-02-20,0.38620000,0.40900000,0.37740000,0.39840000,557018367.00000000,220336014.73630000,224246
2023-02-21,0.39850000,0.40250000,0.38720000,0.39190000,448284088.00000000,176374645.49010000,170551
2023-02-22,0.39200000,0.39770000,0.38280000,0.39530000,389277544.00000000,151813602.90110000,161983
2023-02-23,0.39530000,0.39790000,0.38530000,0.38820000,348351954.00000000,136524364.78950000,151055
2023-02-24,0.38830000,0.39080000,0.37230000,0.37830000,356652233.00000000,136442442.72470000,157595
2023-02-25,0.37830000,0.37950000,0.36920000,0.37780000,179723963.00000000,67647646.42280000,84703
2023-02-26,0.37790000,0.38070000,0.37450000,0.37790000,130843027.00000000,49371646.17900000,69576
2023-02-27,0.37790000,0.38010000,0.37080000,0.37850000,421412885.00000000,158457633.89790000,145975
2023-02-28,0.37850000,0.38270000,0.37190000,0.37620000,371401256.00000000,140007695.98650000,149317
2023-03-01,0.37620000,0.38480000,0.37260000,0.38350000,317577485.00000000,120585971.92440000,134548
2023-03-02,0.38360000,0.38460000,0.37370000,0.37720000,281873061.00000000,106574977.81960000,107723
2023-03-03,0.37720000,0.38060000,0.35390000,0.37740000,490515388.00000000,179848857.53240000,214243
2023-03-04,0.37730000,0.38000000,0.36800000,0.37350000,164275250.00000000,61584809.55910000,85530
2023-03-05,0.37350000,0.37740000,0.36530000,0.36680000,163637644.00000000,60724189.19320000,80980
2023-03-06,0.36680000,0.37430000,0.35890000,0.36950000,428373378.00000000,156725004.03170000,158156
2023-03-07,0.36960000,0.38440000,0.36690000,0.38010000,562644274.00000000,210785141.38080000,230481
2023-03-08,0.38020000,0.40180000,0.37230000,0.38890000,682406723.00000000,265136639.34850000,325672
2023-03-09,0.38890000,0.39760000,0.36390000,0.37060000,655014119.00000000,252341948.97590000,304944
2023-03-10,0.37060000,0.37520000,0.35710000,0.37000000,541098785.00000000,198898835.54730000,264359
2023-03-11,0.36990000,0.37410000,0.35820000,0.36380000,342981412.00000000,125158363.74020000,196161
2023-03-12,0.36370000,0.37150000,0.34730000,0.37140000,389760071.00000000,140064897.66270000,206750
2023-03-13,0.37130000,0.38000000,0.35530000,0.37240000,556402600.00000000,204984639.52700000,295723
2023-03-14,0.37240000,0.38700000,0.36470000,0.37240000,544803822.00000000,203995643.07250000,283108
2023-03-15,0.37240000,0.37570000,0.35600000,0.35890000,385093409.00000000,140863011.94570000,198592
2023-03-16,0.35890000,0.36700000,0.35620000,0.36470000,259083315.00000000,93875787.50290000,132174
2023-03-17,0.36480000,0.38250000,0.36200000,0.37980000,405873760.00000000,151029086.06370000,199685
2023-03-18,0.37970000,0.38980000,0.36910000,0.37390000,360335327.00000000,136790748.25160000,194468
2023-03-19,0.37390000,0.40000000,0.37360000,0.38570000,476291604.00000000,185211360.24550000,275018
2023-03-20,0.38580000,0.39130000,0.37070000,0.37340000,443129416.00000000,168478007.06930000,217102
2023-03-21,0.37340000,0.49290000,0.37280000,0.46960000,1698380685.00000000,739147786.68060000,1036761
2023-03-22,0.46960000,0.47500000,0.40690000,0.42130000,1409641087.00000000,626614742.01980000,847208
2023-03-23,0.42130000,0.45570000,0.41160000,0.44380000,837629903.00000000,368094025.91150000,493112
2023-03-24,0.44370000,0.44400000,0.41410000,0.42590000,507977567.00000000,217558570.54520000,282648
2023-03-25,0.42600000,0.46500000,0.42230000,0.44290000,635312958.00000000,284432424.32630000,428283
2023-03-26,0.44290000,0.46320000,0.44030000,0.44790000,364479792.00000000,164516868.43300000,251330
2023-03-27,0.44790000,0.48880000,0.44250000,0.47900000,1003256531.00000000,468907973.96470000,566635
2023-03-28,0.47890000,0.53400000,0.46660000,0.51440000,1126346466.00000000,561768921.78600000,675666
2023-03-29,0.51450000,0.58500000,0.51450000,0.54250000,1291815558.00000000,710720110.87810000,862122
2023-03-30,0.54250000,0.55800000,0.52140000,0.53190000,827691286.00000000,444533562.24790000,535861
2023-03-31,0.53190000,0.56400000,0.52570000,0.53740000,532875635.00000000,285494944.49270000,362827
2023-04-01,0.53750000,0.53750000,0.49720000,0.50950000,516087832.00000000,265787844.02020000,373082
2023-04-02,0.50950000,0.52900000,0.50150000,0.51800000,391347744.00000000,202442762.82550000,304023
2023-04-03,0.51790000,0.52500000,0.48100000,0.49590000,522070023.00000000,264930891.52450000,375185
2023-04-04,0.49580000,0.50780000,0.48710000,0.50260000,360227447.00000000,179555332.69010000,233646
2023-04-05,0.50260000,0.52710000,0.49860000,0.50550000,411989031.00000000,210165518.32160000,265503
2023-04-06,0.50560000,0.50970000,0.49130000,0.50280000,315900045.00000000,158484620.78960000,226191
2023-04-07,0.50280000,0.51560000,0.49710000,0.51260000,318185786.00000000,161500221.09030000,236639
2023-04-08,0.51270000,0.51300000,0.50220000,0.50480000,136614694.00000000,69517878.44320000,131248
2023-04-09,0.50490000,0.50930000,0.49830000,0.50540000,116122379.00000000,58532234.57800000,99848
2023-04-10,0.50530000,0.51990000,0.50000000,0.51760000,264898196.00000000,134434521.21210000,154033
2023-04-11,0.51760000,0.52830000,0.51100000,0.51670000,358821527.00000000,186152904.52420000,200576
2023-04-12,0.51660000,0.51790000,0.49840000,0.50490000,339100343.00000000,171358646.26420000,186682
2023-04-13,0.50490000,0.51560000,0.50140000,0.51250000,273342378.00000000,139036177.39450000,142779
2023-04-14,0.51240000,0.54650000,0.51110000,0.52270000,462335443.00000000,243064939.27710000,307971
2023-04-15,0.52270000,0.52610000,0.51600000,0.51920000,152508925.00000000,79413896.01970000,105834
2023-04-16,0.51920000,0.52440000,0.51520000,0.52090000,157240759.00000000,81721324.83100000,100919
2023-04-17,0.52080000,0.52100000,0.50660000,0.51090000,299749754.00000000,153553932.09400000,151791
2023-04-18,0.51100000,0.53910000,0.50920000,0.53240000,358112470.00000000,186085470.33040000,179073
2023-04-19,0.53250000,0.53750000,0.47100000,0.49110000,620153279.00000000,311042377.47070000,378676
2023-04-20,0.49110000,0.49930000,0.46500000,0.47520000,454997513.00000000,219794190.88470000,238238
2023-04-21,0.47520000,0.47920000,0.44030000,0.44910000,425209825.00000000,196405832.46140000,230036
2023-04-22,0.44910000,0.47610000,0.44550000,0.47190000,242021955.00000000,111879421.84150000,150016
2023-04-23,0.47200000,0.47200000,0.45260000,0.46470000,222191297.00000000,103079830.57410000,130715
2023-04-24,0.46480000,0.48570000,0.44690000,0.46110000,408426760.00000000,189723462.66290000,227559
2023-04-25,0.46100000,0.47230000,0.45060000,0.46950000,377056298.00000000,173172942.79440000,167797
2023-04-26,0.46960000,0.48310000,0.43290000,0.46180000,551155391.00000000,256463436.64990000,280441
2023-04-27,0.46180000,0.46990000,0.45570000,0.46670000,345756985.00000000,159816336.84410000,166405
2023-04-28,0.46660000,0.48300000,0.46370000,0.47960000,384917512.00000000,181922278.91240000,203480
2023-04-29,0.47950000,0.48690000,0.47090000,0.47800000,175533507.00000000,84163263.92340000,122677
2023-04-30,0.47790000,0.48190000,0.46870000,0.47050000,143199211.00000000,68124656.70540000,91324
2023-05-01,0.47050000,0.47240000,0.45440000,0.46490000,338231418.00000000,156703971.89150000,167097
2023-05-02,0.46480000,0.46620000,0.45740000,0.46450000,330734355.00000000,152988821.87000000,164966
2023-05-03,0.46440000,0.46550000,0.44970000,0.46320000,341232638.00000000,156013152.93340000,162057
2023-05-04,0.46330000,0.46500000,0.45470000,0.46080000,218212542.00000000,100405157.94320000,103839
2023-05-05,0.46080000,0.47060000,0.45450000,0.46710000,292855620.00000000,135599010.59340000,160893
2023-05-06,0.46710000,0.46950000,0.45120000,0.45820000,168649976.00000000,77457021.98290000,119808
2023-05-07,0.45820000,0.46010000,0.44570000,0.44900000,119401215.00000000,54412904.30180000,93375
2023-05-08,0.44910000,0.45120000,0.41000000,0.42830000,483055933.00000000,208516112.01430000,248533
2023-05-09,0.42830000,0.43080000,0.42020000,0.42890000,331497882.00000000,140698488.13520000,145474
2023-05-10,0.42890000,0.43400000,0.41190000,0.43030000,334930240.00000000,142959031.41460000,178622
2023-05-11,0.43030000,0.43050000,0.41140000,0.42070000,288769811.00000000,121888401.60440000,132230
2023-05-12,0.42070000,0.44460000,0.41570000,0.43050000,408757650.00000000,174665763.12400000,243770
2023-05-13,0.43050000,0.43060000,0.42270000,0.42400000,102125283.00000000,43502508.72220000,64588
2023-05-14,0.42400000,0.43170000,0.42100000,0.42530000,97517794.00000000,41556708.16180000,60061
2023-05-15,0.42530000,0.43040000,0.42140000,0.42730000,263543031.00000000,112456043.08080000,124386
2023-05-16,0.42730000,0.44300000,0.41740000,0.44250000,357854908.00000000,152521020.85900000,160937
2023-05-17,0.44260000,0.46160000,0.43750000,0.44840000,511331200.00000000,229071343.79150000,303334
2023-05-18,0.44850000,0.47300000,0.44300000,0.45960000,420292099.00000000,192595312.62750000,286958
2023-05-19,0.45970000,0.47550000,0.45730000,0.46750000,327924286.00000000,152613054.25210000,222000
2023-05-20,0.46740000,0.47190000,0.46180000,0.46850000,133085427.00000000,62057504.81930000,103913
2023-05-21,0.46850000,0.47060000,0.45500000,0.45750000,152105849.00000000,70385641.08230000,103117
2023-05-22,0.45740000,0.46740000,0.44960000,0.46180000,289989578.00000000,133114497.63570000,155907
2023-05-23,0.46180000,0.46720000,0.45830000,0.46510000,270491006.00000000,125016933.04840000,125211
2023-05-24,0.46510000,0.46510000,0.44570000,0.45300000,334128026.00000000,151915102.11760000,156624
2023-05-25,0.45300000,0.45510000,0.44310000,0.45380000,190174437.00000000,85627895.25440000,102425
2023-05-26,0.45380000,0.46990000,0.45240000,0.46840000,284645154.00000000,132032922.15730000,145800
2023-05-27,0.46840000,0.47920000,0.46520000,0.47140000,178798933.00000000,84283690.66920000,123858
2023-05-28,0.47140000,0.48630000,0.46990000,0.48200000,166534206.00000000,79310781.48410000,109213
2023-05-29,0.48200000,0.49540000,0.47610000,0.49460000,328535756.00000000,158994730.90890000,193651
2023-05-30,0.49460000,0.52930000,0.48930000,0.52050000,662891231.00000000,337412103.77000000,428094
2023-05-31,0.52050000,0.52800000,0.50090000,0.51660000,440917044.00000000,226321932.84990000,297874
2023-06-01,0.51670000,0.51670000,0.50140000,0.50650000,320782418.00000000,162638528.15770000,197787
2023-06-02,0.50650000,0.52710000,0.50330000,0.52440000,293048961.00000000,151414189.60360000,168266
2023-06-03,0.52450000,0.53400000,0.51440000,0.51880000,172139129.00000000,89930000.89530000,119886
2023-06-04,0.51880000,0.54700000,0.51510000,0.53590000,250235168.00000000,133246493.09510000,159074
2023-06-05,0.53590000,0.54310000,0.48670000,0.50900000,616993814.00000000,319477652.49250000,430141
2023-06-06,0.50890000,0.53280000,0.49520000,0.53000000,458413458.00000000,234690913.82990000,307055
2023-06-07,0.53000000,0.53840000,0.50700000,0.51830000,467474175.00000000,244889718.12410000,326396
2023-06-08,0.51830000,0.52780000,0.51560000,0.52360000,262982251.00000000,137027019.71610000,177957
2023-06-09,0.52370000,0.54180000,0.52050000,0.53800000,352068623.00000000,187158472.46520000,236747
2023-06-10,0.53800000,0.53880000,0.47200000,0.50670000,609302319.00000000,304346642.22940000,492361
2023-06-11,0.50670000,0.52930000,0.50270000,0.52080000,221202480.00000000,113523633.24130000,164718
2023-06-12,0.52090000,0.52800000,0.50860000,0.52510000,356547544.00000000,184693488.55440000,234513
2023-06-13,0.52510000,0.56580000,0.50540000,0.51920000,771631184.00000000,411364100.77330000,559433
2023-06-14,0.51930000,0.52050000,0.46100000,0.48010000,544396397.00000000,270686306.37220000,340474
2023-06-15,0.48020000,0.48580000,0.46630000,0.48010000,337742736.00000000,161264378.62390000,202319
2023-06-16,0.48010000,0.48330000,0.45580000,0.47590000,376661662.00000000,177084797.88480000,223245
2023-06-17,0.47580000,0.48690000,0.46940000,0.47940000,189579671.00000000,90724364.30140000,114551
2023-06-18,0.47940000,0.49790000,0.47410000,0.48680000,225020544.00000000,109694269.25140000,162331
2023-06-19,0.48680000,0.49910000,0.48110000,0.49360000,322187608.00000000,158029204.57140000,171967
2023-06-20,0.49350000,0.49670000,0.47160000,0.49290000,378325906.00000000,183652110.86900000,194078
2023-06-21,0.49280000,0.50340000,0.48920000,0.49990000,408749828.00000000,202941709.10740000,223743
2023-06-22,0.49990000,0.52720000,0.48210000,0.49380000,442729597.00000000,223220058.13740000,282412
2023-06-23,0.49370000,0.50230000,0.48400000,0.49610000,345391930.00000000,170930777.44840000,202216
2023-06-24,0.49600000,0.49610000,0.47800000,0.48650000,193097516.00000000,94403166.46080000,119543
2023-06-25,0.48650000,0.49770000,0.48290000,0.49030000,191583170.00000000,93843422.80920000,110926
2023-06-26,0.49030000,0.49190000,0.47010000,0.47900000,305338027.00000000,147000463.67210000,163717
2023-06-27,0.47900000,0.48510000,0.47590000,0.48380000,291583944.00000000,140122274.28910000,132593
2023-06-28,0.48390000,0.48440000,0.44930000,0.46470000,325837765.00000000,153329584.79290000,164563
2023-06-29,0.46480000,0.47730000,0.46120000,0.47470000,211214558.00000000,99147276.31410000,102466
2023-06-30,0.47470000,0.48270000,0.44980000,0.47290000,393612239.00000000,185778507.62270000,219961
2023-07-01,0.47300000,0.47600000,0.46400000,0.47320000,232549409.00000000,109210900.26880000,114813
2023-07-02,0.47320000,0.49610000,0.46970000,0.48450000,337155089.00000000,163094434.96590000,204517
2023-07-03,0.48440000,0.49140000,0.47840000,0.48900000,357020349.00000000,172807675.49560000,177511
2023-07-04,0.48900000,0.49350000,0.48160000,0.48720000,299439491.00000000,146031583.73950000,139674
2023-07-05,0.48720000,0.49190000,0.46960000,0.47770000,292620010.00000000,140622559.53250000,148600
2023-07-06,0.47770000,0.48420000,0.46120000,0.46220000,304125111.00000000,143805418.80020000,146023
2023-07-07,0.46220000,0.47080000,0.45750000,0.46870000,230688947.00000000,107533605.76970000,98575
2023-07-08,0.46860000,0.47480000,0.46490000,0.47040000,116031881.00000000,54396568.34640000,67003
2023-07-09,0.47050000,0.47170000,0.46640000,0.46800000,80147955.00000000,37629361.63380000,49473
2023-07-10,0.46810000,0.48000000,0.46220000,0.47800000,334545737.00000000,157526649.34440000,128843
2023-07-11,0.47800000,0.47840000,0.47090000,0.47530000,225681776.00000000,107129231.83820000,91922
2023-07-12,0.47530000,0.47720000,0.46480000,0.47100000,220670755.00000000,104191095.76750000,92981
2023-07-13,0.47100000,0.93800000,0.46950000,0.81530000,2499971165.00000000,1758482749.75090000,2895839
2023-07-14,0.81510000,0.82530000,0.66860000,0.71790000,1525175518.00000000,1152019101.99450000,1488766
2023-07-15,0.71780000,0.73620000,0.69190000,0.71450000,703355719.00000000,504452504.48320000,570922
2023-07-16,0.71440000,0.79000000,0.70200000,0.74680000,946644269.00000000,709571949.06540000,702277
2023-07-17,0.74680000,0.76620000,0.71220000,0.73740000,608872143.00000000,450106863.47490000,558954
2023-07-18,0.73730000,0.78500000,0.73040000,0.77790000,598030609.00000000,450543299.02570000,509457
2023-07-19,0.77800000,0.85470000,0.76850000,0.81990000,913495953.00000000,735553987.59440000,802098
2023-07-20,0.81980000,0.84890000,0.77100000,0.79420000,643507521.00000000,521605123.00010000,611114
2023-07-21,0.79420000,0.79870000,0.76010000,0.77130000,411233974.00000000,320767845.98070000,365226
2023-07-22,0.77130000,0.77990000,0.72150000,0.73310000,324984749.00000000,246545025.68180000,276750
2023-07-23,0.73300000,0.75250000,0.71490000,0.73840000,293811431.00000000,216785787.32170000,238690
2023-07-24,0.73840000,0.74300000,0.68080000,0.70210000,513611905.00000000,363034637.19720000,396133
2023-07-25,0.70200000,0.71630000,0.67430000,0.70890000,393523223.00000000,274098541.90270000,298525
2023-07-26,0.70900000,0.73130000,0.69270000,0.71610000,369415295.00000000,261953542.43170000,285830
2023-07-27,0.71610000,0.73280000,0.70610000,0.71390000,312450860.00000000,223798115.80140000,234866
2023-07-28,0.71380000,0.71890000,0.70210000,0.71200000,200990844.00000000,143020949.84740000,151837
2023-07-29,0.71190000,0.71580000,0.70410000,0.71210000,105603908.00000000,75047405.35080000,89353
2023-07-30,0.71220000,0.73580000,0.68250000,0.70460000,267572438.00000000,190600448.51840000,210962
2023-07-31,0.70470000,0.72050000,0.68500000,0.69760000,378390957.00000000,266346676.58760000,269243
2023-08-01,0.69760000,0.70820000,0.67320000,0.70690000,366664318.00000000,253808721.41830000,249515
2023-08-02,0.70690000,0.70810000,0.67620000,0.68500000,257325957.00000000,177961279.05930000,174266
2023-08-03,0.68490000,0.68750000,0.65430000,0.66300000,353547025.00000000,236749567.64460000,226606
2023-08-04,0.66290000,0.66770000,0.62500000,0.63560000,350885648.00000000,228894407.11580000,230924
2023-08-05,0.63560000,0.63580000,0.61060000,0.62880000,290912373.00000000,181546677.36180000,179581
2023-08-06,0.62880000,0.63880000,0.62140000,0.62400000,201522971.00000000,127064254.18240000,121397
2023-08-07,0.62400000,0.62990000,0.59670000,0.62360000,446625792.00000000,275111720.69780000,240945
2023-08-08,0.62350000,0.64820000,0.61410000,0.64180000,377837388.00000000,237638533.32650000,232904
2023-08-09,0.64180000,0.66620000,0.63140000,0.64330000,440268396.00000000,285460658.87250000,314311
2023-08-10,0.64340000,0.64450000,0.62410000,0.63310000,294658012.00000000,186480960.76350000,185661
2023-08-11,0.63310000,0.64130000,0.62570000,0.63180000,225898829.00000000,142904471.57880000,120251
2023-08-12,0.63170000,0.63350000,0.62240000,0.62760000,87289374.00000000,54910098.78870000,65669
2023-08-13,0.62760000,0.63850000,0.62350000,0.62560000,137308778.00000000,86527939.45370000,83412
2023-08-14,0.62560000,0.63690000,0.62410000,0.63430000,260175236.00000000,163740850.55120000,127557
2023-08-15,0.63420000,0.63480000,0.58000000,0.61040000,388356202.00000000,238684860.17850000,218779
2023-08-16,0.61040000,0.61700000,0.57200000,0.58890000,581618879.00000000,346941847.50220000,279695
2023-08-17,0.58900000,0.59480000,0.42260000,0.50640000,847602528.00000000,457574867.99690000,561395
2023-08-18,0.50640000,0.52300000,0.48290000,0.50620000,724839898.00000000,364518617.23810000,408177
2023-08-19,0.50620000,0.52490000,0.50060000,0.51990000,298930279.00000000,153282783.43600000,150689
2023-08-20,0.52000000,0.55820000,0.51600000,0.53840000,452910011.00000000,243112521.78420000,239464
2023-08-21,0.53850000,0.53980000,0.50300000,0.52450000,528716245.00000000,276083692.10190000,252648
2023-08-22,0.52450000,0.52560000,0.50320000,0.52100000,422200069.00000000,217743145.71540000,188540
2023-08-23,0.52110000,0.53680000,0.51570000,0.53010000,286855957.00000000,150276948.65000000,147779
2023-08-24,0.53020000,0.53190000,0.51110000,0.51870000,252154333.00000000,131630382.93770000,119874
2023-08-25,0.51870000,0.53190000,0.50780000,0.52580000,326124248.00000000,168716071.91420000,153423
2023-08-26,0.52580000,0.52830000,0.51780000,0.52310000,110436094.00000000,57772395.74920000,63903
2023-08-27,0.52310000,0.53030000,0.51630000,0.52360000,132391247.00000000,69622811.35580000,70834
2023-08-28,0.52350000,0.52500000,0.51020000,0.52320000,266211960.00000000,138002651.49550000,113377
2023-08-29,0.52320000,0.54960000,0.51310000,0.53980000,458921685.00000000,243625243.10250000,217227
2023-08-30,0.53980000,0.54040000,0.52160000,0.52840000,279526116.00000000,148049982.34580000,117945
2023-08-31,0.52840000,0.52880000,0.49500000,0.51100000,359350681.00000000,185642613.42900000,164905
2023-09-01,0.51100000,0.51200000,0.48640000,0.49800000,390869888.00000000,196180468.74220000,155643
2023-09-02,0.49810000,0.50290000,0.49430000,0.49880000,173634913.00000000,86413967.25900000,79123
2023-09-03,0.49890000,0.51070000,0.49710000,0.50470000,148603214.00000000,74878959.35470000,75137
2023-09-04,0.50470000,0.51300000,0.49660000,0.50870000,293271541.00000000,148200901.25220000,120518
2023-09-05,0.50870000,0.50880000,0.49900000,0.50560000,260333041.00000000,131087885.26470000,101751
2023-09-06,0.50560000,0.50580000,0.49090000,0.50330000,255134232.00000000,127756291.79530000,102329
2023-09-07,0.50330000,0.50690000,0.49650000,0.50500000,209969723.00000000,105141976.28390000,91757
2023-09-08,0.50510000,0.50760000,0.49410000,0.50500000,223628172.00000000,112392001.64910000,95729
2023-09-09,0.50490000,0.50490000,0.50150000,0.50380000,69132813.00000000,34798028.53720000,38367
2023-09-10,0.50380000,0.50390000,0.49230000,0.49690000,144849888.00000000,72189553.53130000,73444
2023-09-11,0.49690000,0.49820000,0.45900000,0.47440000,484437445.00000000,231551329.53790000,199473
2023-09-12,0.47440000,0.48670000,0.47000000,0.48040000,356403388.00000000,170451184.13320000,157173
2023-09-13,0.48040000,0.48970000,0.47230000,0.48320000,274586793.00000000,131944337.05680000,120668
2023-09-14,0.48330000,0.49410000,0.47990000,0.48920000,232539752.00000000,112816288.38250000,104856
2023-09-15,0.48920000,0.50860000,0.48740000,0.50050000,305608308.00000000,151756322.94360000,148714
2023-09-16,0.50040000,0.50350000,0.49680000,0.49980000,132881408.00000000,66494200.14160000,69955
2023-09-17,0.49970000,0.50040000,0.48940000,0.49250000,142846615.00000000,70781411.84910000,77296
2023-09-18,0.49250000,0.50770000,0.48640000,0.50300000,298374742.00000000,148765121.66480000,141284
2023-09-19,0.50300000,0.51660000,0.50050000,0.51400000,295258283.00000000,150372427.51830000,133750
2023-09-20,0.51390000,0.52540000,0.50650000,0.52120000,288497937.00000000,149026404.18640000,158253
2023-09-21,0.52130000,0.52140000,0.50010000,0.50710000,277323578.00000000,141242377.49720000,136496
2023-09-22,0.50720000,0.51700000,0.50360000,0.51220000,233893377.00000000,119497921.15540000,110454
2023-09-23,0.51220000,0.51380000,0.50550000,0.50760000,101716334.00000000,51932821.01360000,58142
2023-09-24,0.50760000,0.51180000,0.49840000,0.50210000,112889323.00000000,57298613.70070000,62706
2023-09-25,0.50200000,0.50720000,0.49120000,0.50560000,303674393.00000000,151571274.45030000,136979
2023-09-26,0.50560000,0.50750000,0.49600000,0.50190000,271054261.00000000,136072298.72070000,114431
2023-09-27,0.50190000,0.50710000,0.49680000,0.49930000,237514582.00000000,119114611.04160000,96466
2023-09-28,0.49930000,0.51020000,0.49520000,0.50980000,247906960.00000000,124424022.74920000,112462
2023-09-29,0.50970000,0.54940000,0.50610000,0.52150000,604996777.00000000,318719390.90930000,293360
2023-09-30,0.52150000,0.52180000,0.51340000,0.51490000,144866051.00000000,74870559.53110000,90666
2023-10-01,0.51480000,0.52600000,0.51370000,0.52410000,167673504.00000000,87152009.18620000,93784
2023-10-02,0.52400000,0.52660000,0.50750000,0.51230000,319018957.00000000,165774736.40800000,154104
2023-10-03,0.51220000,0.54790000,0.50550000,0.53900000,398167814.00000000,206974439.72890000,201496
2023-10-04,0.53910000,0.54260000,0.51940000,0.53260000,422012491.00000000,224478611.10850000,252846
2023-10-05,0.53260000,0.53260000,0.51550000,0.52270000,234313709.00000000,122773047.45180000,124894
2023-10-06,0.52270000,0.52980000,0.51690000,0.52550000,219784262.00000000,114860940.68250000,108276
2023-10-07,0.52550000,0.52580000,0.51970000,0.52160000,63137112.00000000,32985340.12460000,42699
2023-10-08,0.52160000,0.52340000,0.51530000,0.51740000,82864720.00000000,43049947.73450000,47808
2023-10-09,0.51740000,0.52010000,0.48750000,0.50270000,322604658.00000000,162917539.69570000,168707
2023-10-10,0.50270000,0.50270000,0.49170000,0.49650000,228001743.00000000,113450223.34240000,105934
2023-10-11,0.49640000,0.49770000,0.47880000,0.48880000,241504648.00000000,117525638.58420000,120496
2023-10-12,0.48890000,0.48890000,0.47290000,0.48300000,259545095.00000000,124638564.28610000,119543
2023-10-13,0.48310000,0.49070000,0.47860000,0.48510000,257150898.00000000,124170633.87040000,111281
2023-10-14,0.48520000,0.48830000,0.48350000,0.48650000,93826664.00000000,45567697.42100000,48460
2023-10-15,0.48660000,0.49020000,0.48500000,0.48740000,101648635.00000000,49526308.33150000,52730
2023-10-16,0.48740000,0.51090000,0.48500000,0.49780000,405705160.00000000,200854473.22900000,175199
2023-10-17,0.49770000,0.49800000,0.48450000,0.49120000,268586946.00000000,131923465.68730000,120034
2023-10-18,0.49110000,0.49240000,0.48550000,0.48780000,202731261.00000000,99190110.24040000,93794
2023-10-19,0.48780000,0.52450000,0.47690000,0.51970000,445455672.00000000,221204640.81870000,235163
2023-10-20,0.51970000,0.53090000,0.50840000,0.51490000,412008957.00000000,213465377.02410000,270506
2023-10-21,0.51500000,0.53250000,0.51090000,0.52080000,179110644.00000000,93228244.93860000,124952
2023-10-22,0.52080000,0.52420000,0.51180000,0.52260000,165306102.00000000,85805435.81490000,110334
2023-10-23,0.52260000,0.55360000,0.51990000,0.54750000,522483834.00000000,278286849.10310000,316448
2023-10-24,0.54750000,0.58660000,0.53460000,0.55880000,798801237.00000000,445409828.17210000,522803
2023-10-25,0.55870000,0.56390000,0.54040000,0.55520000,369106629.00000000,204340817.50260000,231634
2023-10-26,0.55520000,0.56950000,0.54260000,0.55330000,397423009.00000000,220409474.94900000,239506
2023-10-27,0.55340000,0.55880000,0.53250000,0.54300000,312543838.00000000,171491048.37120000,179059
2023-10-28,0.54300000,0.55060000,0.54050000,0.54460000,110912293.00000000,60491790.55940000,75484
2023-10-29,0.54460000,0.56140000,0.54050000,0.55610000,160069611.00000000,88554355.81060000,111204
2023-10-30,0.55600000,0.58430000,0.54940000,0.57800000,436757242.00000000,248232480.43280000,249097
2023-10-31,0.57800000,0.62130000,0.56270000,0.59960000,621793128.00000000,368660558.78410000,405292
2023-11-01,0.59950000,0.61640000,0.58020000,0.60850000,468312081.00000000,281452760.38420000,300657
2023-11-02,0.60840000,0.62620000,0.58650000,0.60540000,438254076.00000000,266920463.19220000,306768
2023-11-03,0.60530000,0.61500000,0.59140000,0.61210000,329096876.00000000,198763348.24910000,241510
2023-11-04,0.61200000,0.61810000,0.60830000,0.61490000,142897570.00000000,87555326.76740000,117676
2023-11-05,0.61490000,0.66300000,0.61370000,0.66070000,418017252.00000000,267196689.06910000,360833
2023-11-06,0.66060000,0.73240000,0.65840000,0.71480000,703629362.00000000,492269742.46420000,663490
2023-11-07,0.71470000,0.71550000,0.65000000,0.68500000,618276758.00000000,422309909.78940000,568111
2023-11-08,0.68510000,0.69900000,0.67250000,0.68690000,344396095.00000000,236500123.99130000,280135
2023-11-09,0.68690000,0.70690000,0.63000000,0.66650000,777778139.00000000,526217501.62020000,651477
2023-11-10,0.66670000,0.67110000,0.63590000,0.65950000,464857348.00000000,305377391.82140000,364942
2023-11-11,0.65940000,0.69000000,0.64010000,0.66260000,380232188.00000000,253172843.06910000,341763
2023-11-12,0.66260000,0.67090000,0.64580000,0.66130000,216031217.00000000,143035347.16400000,190874
2023-11-13,0.66120000,0.75000000,0.63970000,0.67020000,749884441.00000000,508338082.69850000,879561
2023-11-14,0.67010000,0.67240000,0.59670000,0.62960000,597417769.00000000,385092136.04510000,540206
2023-11-15,0.62960000,0.65040000,0.62510000,0.64810000,339283800.00000000,215842881.77630000,262801
2023-11-16,0.64820000,0.65300000,0.60330000,0.61190000,440591531.00000000,278273459.12940000,322145
2023-11-17,0.61180000,0.62440000,0.58590000,0.61330000,368525340.00000000,224298132.84900000,260314
2023-11-18,0.61320000,0.61440000,0.58900000,0.61060000,192040293.00000000,116218315.98220000,128582
2023-11-19,0.61060000,0.62860000,0.60120000,0.62580000,240044861.00000000,147981860.31460000,151463
2023-11-20,0.62580000,0.62820000,0.60610000,0.61220000,298231745.00000000,184839298.73150000,199459
2023-11-21,0.61210000,0.61780000,0.57250000,0.57880000,468850910.00000000,282178604.42590000,330524
2023-11-22,0.57870000,0.61620000,0.57740000,0.61090000,346216216.00000000,206849999.41040000,211817
2023-11-23,0.61090000,0.62380000,0.60590000,0.62090000,305693192.00000000,187962573.16080000,215385
2023-11-24,0.62080000,0.62580000,0.61550000,0.62120000,303149239.00000000,188217852.89610000,191965
2023-11-25,0.62120000,0.62380000,0.61570000,0.62280000,121921267.00000000,75608640.35070000,87233
2023-11-26,0.62280000,0.63750000,0.60640000,0.61570000,266307412.00000000,165803435.54410000,197951
2023-11-27,0.61570000,0.61680000,0.59370000,0.60390000,309411406.00000000,187249018.37480000,209511
2023-11-28,0.60390000,0.61390000,0.59570000,0.61070000,286127938.00000000,173255085.92560000,168089
2023-11-29,0.61060000,0.61700000,0.60400000,0.60910000,235341461.00000000,143645522.78840000,135873
2023-11-30,0.60900000,0.60990000,0.59820000,0.60630000,232714430.00000000,140561709.32050000,134889
2023-12-01,0.60630000,0.61430000,0.60310000,0.61250000,248446111.00000000,151500975.46030000,146670
2023-12-02,0.61260000,0.62290000,0.61100000,0.62080000,144130252.00000000,88761091.04180000,105687
2023-12-03,0.62070000,0.63420000,0.61680000,0.62290000,240660124.00000000,150119342.55230000,172404
2023-12-04,0.62290000,0.64390000,0.58200000,0.62450000,492198799.00000000,306906152.55400000,375265
2023-12-05,0.62460000,0.63070000,0.60760000,0.62100000,369372743.00000000,227916914.96180000,251818
2023-12-06,0.62100000,0.64370000,0.61040000,0.64000000,498860756.00000000,312787290.22840000,350624
2023-12-07,0.64000000,0.65440000,0.62040000,0.64320000,454683854.00000000,290693308.70340000,326240
2023-12-08,0.64310000,0.67560000,0.63730000,0.67210000,497144485.00000000,325864380.63290000,331483
2023-12-09,0.67200000,0.70000000,0.65100000,0.65840000,522942153.00000000,355677766.91180000,432033
2023-12-10,0.65840000,0.67150000,0.64680000,0.66170000,251001949.00000000,165918653.99920000,222709
2023-12-11,0.66170000,0.66280000,0.60000000,0.61870000,601855237.00000000,374407040.27170000,442580
2023-12-12,0.61870000,0.62630000,0.60670000,0.61920000,372907112.00000000,231170040.10730000,229429
2023-12-13,0.61910000,0.63480000,0.59250000,0.62750000,383566539.00000000,234465552.88700000,246939
2023-12-14,0.62760000,0.63790000,0.60530000,0.63160000,340698850.00000000,213406134.19760000,221555
2023-12-15,0.63160000,0.64410000,0.61160000,0.61560000,356613976.00000000,224036403.92190000,214133
2023-12-16,0.61560000,0.62580000,0.61000000,0.62030000,160755138.00000000,99749269.65580000,104112
2023-12-17,0.62020000,0.62370000,0.60840000,0.61030000,176476817.00000000,108983642.71150000,123202
2023-12-18,0.61030000,0.61450000,0.57780000,0.61250000,477105096.00000000,285526632.31420000,273493
2023-12-19,0.61250000,0.61670000,0.59720000,0.60470000,309456484.00000000,188305009.58320000,166330
2023-12-20,0.60470000,0.62640000,0.60100000,0.61710000,380133323.00000000,233730636.44000000,207789
2023-12-21,0.61710000,0.62490000,0.61030000,0.62410000,294263304.00000000,181486794.98790000,163056
2023-12-22,0.62400000,0.63170000,0.61540000,0.62440000,386616422.00000000,240110049.24570000,220638
2023-12-23,0.62430000,0.62490000,0.61060000,0.61950000,170948891.00000000,105499262.15890000,109711
2023-12-24,0.61950000,0.62950000,0.60350000,0.61210000,305003397.00000000,188565171.46130000,202416
2023-12-25,0.61220000,0.64880000,0.60820000,0.64620000,501529244.00000000,317774651.65370000,326833
2023-12-26,0.64610000,0.64690000,0.60000000,0.62190000,427204990.00000000,266404566.67740000,302019
2023-12-27,0.62190000,0.64210000,0.61270000,0.63400000,363959180.00000000,228589962.93320000,239715
2023-12-28,0.63410000,0.65840000,0.62490000,0.63460000,468193003.00000000,299092512.05790000,355284
2023-12-29,0.63460000,0.63630000,0.61210000,0.62300000,347060742.00000000,217547687.87810000,243393
2023-12-30,0.62290000,0.62970000,0.61580000,0.62070000,168141907.00000000,104681939.62980000,122347
2023-12-31,0.62070000,0.62850000,0.60550000,0.61560000,160978768.00000000,99819076.46700000,119943
2024-01-01,0.61550000,0.63090000,0.60830000,0.62940000,165869400.00000000,102732273.89820000,117055
2024-01-02,0.62950000,0.64050000,0.62130000,0.62460000,371069494.00000000,233870765.05640000,225913
2024-01-03,0.62450000,0.63940000,0.50000000,0.58230000,1063513320.00000000,616476961.00120000,736079
2024-01-04,0.58230000,0.59380000,0.56920000,0.58680000,384638363.00000000,223518040.68220000,242875
2024-01-05,0.58680000,0.58850000,0.55300000,0.57570000,383229345.00000000,218834036.52780000,245647
2024-01-06,0.57580000,0.57580000,0.55680000,0.56790000,166749051.00000000,94643295.63850000,153251
2024-01-07,0.56800000,0.57300000,0.54540000,0.55150000,226717559.00000000,127831730.94330000,214162
2024-01-08,0.55150000,0.58210000,0.54420000,0.57760000,520587965.00000000,294676989.38880000,376161
2024-01-09,0.57760000,0.57930000,0.55310000,0.56690000,454568370.00000000,258327968.53040000,326240
2024-01-10,0.56700000,0.61500000,0.54890000,0.60080000,565711997.00000000,326124454.53350000,429011
2024-01-11,0.60080000,0.62400000,0.58560000,0.60190000,513518254.00000000,310159093.89610000,400838
2024-01-12,0.60190000,0.60350000,0.55150000,0.56990000,462016509.00000000,271305995.44370000,336564
2024-01-13,0.56990000,0.57750000,0.56300000,0.57470000,144723019.00000000,82918818.75510000,118002
2024-01-14,0.57460000,0.59320000,0.57170000,0.57630000,188471401.00000000,109243103.89680000,162384
2024-01-15,0.57630000,0.58950000,0.56870000,0.57570000,267118552.00000000,154706565.70470000,177076
2024-01-16,0.57570000,0.57970000,0.56590000,0.57570000,250036650.00000000,143801731.44930000,152058
2024-01-17,0.57580000,0.57630000,0.56110000,0.56850000,229435711.00000000,130910418.99940000,131484
2024-01-18,0.56850000,0.56900000,0.54300000,0.55200000,286860737.00000000,160206212.15240000,161110
2024-01-19,0.55200000,0.55370000,0.52160000,0.54430000,412467369.00000000,223694759.79860000,216243
2024-01-20,0.54430000,0.55510000,0.53900000,0.55340000,190027866.00000000,104041398.81090000,102320
2024-01-21,0.55340000,0.55520000,0.54510000,0.54640000,115018674.00000000,63480245.16940000,76745
2024-01-22,0.54640000,0.54970000,0.51690000,0.52750000,340622198.00000000,181521750.76700000,201355
2024-01-23,0.52750000,0.53180000,0.49620000,0.51830000,468522571.00000000,239931999.79210000,267650
2024-01-24,0.51830000,0.51940000,0.51100000,0.51810000,256315507.00000000,131991869.48870000,133816
2024-01-25,0.51820000,0.51820000,0.50370000,0.51380000,251423038.00000000,128611527.13580000,140119
2024-01-26,0.51390000,0.53680000,0.50840000,0.53230000,345499020.00000000,179941832.21460000,159917
2024-01-27,0.53220000,0.53490000,0.52620000,0.53030000,109437595.00000000,58062234.29680000,71686
2024-01-28,0.53040000,0.53550000,0.52110000,0.52410000,133344725.00000000,70557321.52390000,84061
2024-01-29,0.52420000,0.54000000,0.51930000,0.53520000,315810144.00000000,166936283.39480000,149835
2024-01-30,0.53510000,0.53930000,0.50710000,0.51070000,551143127.00000000,287974260.46780000,286534
2024-01-31,0.51060000,0.51440000,0.48530000,0.50330000,485421774.00000000,245358209.31090000,259626
2024-02-01,0.50330000,0.51070000,0.49000000,0.50580000,339711167.00000000,169136077.98740000,168991
2024-02-02,0.50570000,0.51420000,0.49870000,0.51050000,362229325.00000000,182866296.79090000,152511
2024-02-03,0.51060000,0.52700000,0.50600000,0.51860000,268503943.00000000,139267739.44200000,154948
2024-02-04,0.51870000,0.51920000,0.50030000,0.50320000,156461025.00000000,79994272.00650000,95974
2024-02-05,0.50310000,0.51430000,0.49690000,0.50690000,316744221.00000000,160199486.02720000,149666
2024-02-06,0.50690000,0.51120000,0.49810000,0.50500000,296361361.00000000,149476117.65860000,144258
2024-02-07,0.50500000,0.51550000,0.49930000,0.51380000,337065844.00000000,170065835.69460000,161884
2024-02-08,0.51380000,0.52000000,0.51010000,0.51470000,319558939.00000000,164331767.54660000,164228
2024-02-09,0.51460000,0.52820000,0.51400000,0.52620000,381663993.00000000,199001954.39440000,186874
2024-02-10,0.52620000,0.52820000,0.51860000,0.52390000,136051851.00000000,71203753.39820000,86130
2024-02-11,0.52390000,0.53600000,0.52160000,0.52610000,218992618.00000000,115829056.71340000,125536
2024-02-12,0.52620000,0.53800000,0.51430000,0.53150000,383946428.00000000,201577676.52180000,199481
2024-02-13,0.53150000,0.53380000,0.51400000,0.52470000,398803382.00000000,209569577.32080000,194280
2024-02-14,0.52460000,0.54180000,0.52030000,0.53780000,402071120.00000000,213698498.07640000,188685
2024-02-15,0.53780000,0.57690000,0.53700000,0.56220000,640584098.00000000,354054978.07840000,353387
2024-02-16,0.56220000,0.57910000,0.55230000,0.56430000,522111567.00000000,295713042.19940000,296142
2024-02-17,0.56430000,0.56550000,0.53920000,0.54960000,254033578.00000000,140263782.42440000,152381
2024-02-18,0.54960000,0.56250000,0.54710000,0.55710000,199644484.00000000,110984253.32610000,135531
2024-02-19,0.55700000,0.56790000,0.55380000,0.56260000,361659945.00000000,202602289.09490000,197222
2024-02-20,0.56260000,0.57510000,0.54300000,0.56220000,577494529.00000000,324956172.67690000,347428
2024-02-21,0.56220000,0.56290000,0.53260000,0.54910000,443537294.00000000,241554955.73110000,253472
2024-02-22,0.54900000,0.55170000,0.53660000,0.54100000,363824441.00000000,198108906.34200000,196071
2024-02-23,0.54100000,0.54370000,0.52510000,0.53420000,435074448.00000000,232931615.32450000,221534
2024-02-24,0.53420000,0.54810000,0.53130000,0.54500000,201672485.00000000,109408023.89350000,120313
2024-02-25,0.54490000,0.54890000,0.54200000,0.54250000,200338025.00000000,109195370.46840000,114078
2024-02-26,0.54240000,0.55280000,0.52880000,0.55060000,442051388.00000000,239159787.06540000,223551
2024-02-27,0.55060000,0.59760000,0.54760000,0.58610000,852720045.00000000,484204806.31530000,483468
2024-02-28,0.58620000,0.60590000,0.53000000,0.57500000,1038133713.00000000,600527436.52150000,674605
2024-02-29,0.57490000,0.62600000,0.56690000,0.58670000,1323123117.00000000,789799237.68540000,795539
2024-03-01,0.58680000,0.60340000,0.58290000,0.60130000,545783016.00000000,323258854.74150000,346164
2024-03-02,0.60130000,0.65010000,0.59930000,0.64420000,891150692.00000000,561098506.19940000,628347
2024-03-03,0.64420000,0.64460000,0.59000000,0.62710000,626556050.00000000,390250378.25740000,459635
2024-03-04,0.62710000,0.66600000,0.61500000,0.64770000,1053563753.00000000,680037933.80190000,745606
2024-03-05,0.64760000,0.66850000,0.53860000,0.59120000,1554937673.00000000,971210812.60120000,1151483
2024-03-06,0.59130000,0.62400000,0.57540000,0.61210000,832599729.00000000,501543922.86420000,589115
2024-03-07,0.61210000,0.63940000,0.60640000,0.62700000,789389082.00000000,491723629.87080000,508718
2024-03-08,0.62710000,0.63380000,0.60000000,0.62000000,648298999.00000000,403359268.72970000,446228
2024-03-09,0.62000000,0.63230000,0.61580000,0.61970000,399105613.00000000,248795359.00000000,268485
2024-03-10,0.61980000,0.62780000,0.59650000,0.60800000,431213931.00000000,265437261.59920000,287088
2024-03-11,0.60800000,0.74400000,0.58300000,0.72300000,2035920643.00000000,1397085361.72440000,1463819
2024-03-12,0.72300000,0.73320000,0.65850000,0.68800000,1164823272.00000000,809486248.40530000,924010
2024-03-13,0.68800000,0.70260000,0.66840000,0.68910000,629718012.00000000,433287999.43290000,451985
2024-03-14,0.68910000,0.70770000,0.63780000,0.66900000,866913230.00000000,586214978.96120000,668294
2024-03-15,0.66900000,0.67590000,0.59600000,0.63420000,1046569627.00000000,659887905.84840000,787687
2024-03-16,0.63410000,0.64790000,0.59150000,0.60310000,637944105.00000000,396629023.85960000,454113
2024-03-17,0.60300000,0.62490000,0.58690000,0.61910000,520417354.00000000,317996138.21030000,344847
2024-03-18,0.61910000,0.66860000,0.59460000,0.64530000,868146942.00000000,539213807.37000000,586138
2024-03-19,0.64530000,0.64890000,0.57120000,0.58450000,1036258366.00000000,622800830.97440000,785812
2024-03-20,0.58450000,0.61870000,0.56810000,0.61070000,802805428.00000000,474979753.17270000,533683
2024-03-21,0.61080000,0.65460000,0.59720000,0.64040000,799317843.00000000,499670072.38170000,548573
2024-03-22,0.64030000,0.64540000,0.59850000,0.61150000,580029104.00000000,359961089.18950000,414977
2024-03-23,0.61150000,0.63290000,0.60320000,0.61670000,278695151.00000000,173110244.52160000,207459
2024-03-24,0.61680000,0.63580000,0.61330000,0.63250000,304667124.00000000,191365610.38910000,225821
2024-03-25,0.63260000,0.66290000,0.62630000,0.64060000,598260361.00000000,383334099.93510000,379954
2024-03-26,0.64050000,0.65300000,0.62500000,0.63170000,483920076.00000000,309446906.75860000,302204
2024-03-27,0.63170000,0.63490000,0.60550000,0.61180000,576105586.00000000,357401973.35550000,333499
2024-03-28,0.61190000,0.63780000,0.60330000,0.62440000,500717330.00000000,311430816.43760000,290960
2024-03-29,0.62430000,0.64550000,0.60870000,0.63010000,536802072.00000000,336042616.72560000,329285
2024-03-30,0.63000000,0.63720000,0.61780000,0.62120000,275028227.00000000,172448766.20150000,187299
2024-03-31,0.62110000,0.63010000,0.62040000,0.62920000,181972969.00000000,113924710.71400000,124119
2024-04-01,0.62920000,0.63360000,0.59470000,0.61100000,546287523.00000000,333965195.55890000,313516
2024-04-02,0.61100000,0.61850000,0.57900000,0.58540000,648286441.00000000,384513388.80920000,368400
2024-04-03,0.58540000,0.59300000,0.56630000,0.57420000,493903933.00000000,287020380.97410000,267241
2024-04-04,0.57410000,0.61760000,0.56230000,0.59350000,701629386.00000000,413917599.60800000,392369
2024-04-05,0.59340000,0.59390000,0.56870000,0.58710000,421470900.00000000,245182996.94320000,231929
2024-04-06,0.58700000,0.59880000,0.58520000,0.59300000,165404890.00000000,97716359.60980000,104477
2024-04-07,0.59300000,0.60280000,0.58940000,0.59440000,210766117.00000000,125604904.47720000,128342
2024-04-08,0.59450000,0.62650000,0.58810000,0.61470000,512812491.00000000,312299000.76980000,300832
2024-04-09,0.61460000,0.64310000,0.60120000,0.61410000,648585747.00000000,402883593.02980000,410065
2024-04-10,0.61400000,0.62040000,0.59280000,0.61720000,449695736.00000000,273874315.88800000,312059
2024-04-11,0.61710000,0.62140000,0.60290000,0.60860000,316314812.00000000,194033425.04450000,215714
2024-04-12,0.60850000,0.61590000,0.50680000,0.54680000,903224330.00000000,509327542.68300000,595563
2024-04-13,0.54680000,0.54910000,0.41880000,0.47880000,1199425184.00000000,589051261.48600000,793061
2024-04-14,0.47880000,0.50730000,0.46370000,0.50330000,820741178.00000000,397952095.54410000,513428
2024-04-15,0.50340000,0.51890000,0.48110000,0.49770000,680790708.00000000,341529467.52710000,417628
2024-04-16,0.49770000,0.50210000,0.47540000,0.49650000,535103938.00000000,262546490.68490000,347421
2024-04-17,0.49650000,0.50810000,0.47150000,0.49510000,496078590.00000000,243899788.06040000,330326
2024-04-18,0.49510000,0.50570000,0.48560000,0.50250000,408855589.00000000,202498358.68960000,249459
2024-04-19,0.50260000,0.51080000,0.46650000,0.50300000,649243049.00000000,320230549.44560000,363319
2024-04-20,0.50300000,0.53000000,0.49810000,0.52880000,323152269.00000000,167172289.56780000,204386
2024-04-21,0.52880000,0.53670000,0.51830000,0.52460000,209381366.00000000,110387883.58480000,155833
2024-04-22,0.52460000,0.57150000,0.52210000,0.55600000,481213218.00000000,261174906.79990000,273001
2024-04-23,0.55600000,0.55760000,0.54150000,0.54450000,395536969.00000000,216977134.99040000,219355
2024-04-24,0.54450000,0.55190000,0.52120000,0.52750000,437750382.00000000,235729630.86250000,233320
2024-04-25,0.52760000,0.53270000,0.51370000,0.52540000,358100461.00000000,187496339.63200000,197973
2024-04-26,0.52540000,0.53610000,0.51430000,0.52610000,354085810.00000000,185956511.47840000,186864
2024-04-27,0.52610000,0.52650000,0.50800000,0.51790000,195569696.00000000,101032224.50980000,115655
2024-04-28,0.51780000,0.52530000,0.50850000,0.51030000,135893039.00000000,70458610.20890000,94278
2024-04-29,0.51040000,0.51750000,0.49860000,0.51510000,347828455.00000000,176581449.90240000,163488
2024-04-30,0.51500000,0.51980000,0.48750000,0.50060000,395591280.00000000,198721791.99930000,207128
2024-05-01,0.50060000,0.52140000,0.47820000,0.51750000,478521177.00000000,238496942.20370000,245638
2024-05-02,0.51750000,0.52450000,0.50670000,0.51800000,344602656.00000000,177688990.70010000,163360
2024-05-03,0.51800000,0.53670000,0.51450000,0.53170000,363626848.00000000,190081086.40270000,172451
2024-05-04,0.53170000,0.54100000,0.52720000,0.53020000,158694221.00000000,84581329.51590000,104262
2024-05-05,0.53020000,0.53340000,0.52400000,0.52960000,112344720.00000000,59417628.28420000,84937
2024-05-06,0.52950000,0.57030000,0.52470000,0.54020000,567274807.00000000,308959227.28580000,329404
2024-05-07,0.54010000,0.54430000,0.52170000,0.52450000,346192205.00000000,185972116.89210000,182921
2024-05-08,0.52440000,0.53000000,0.51530000,0.51710000,346832658.00000000,181169260.55100000,172317
2024-05-09,0.51700000,0.52380000,0.50870000,0.52090000,299812797.00000000,154978198.37290000,142986
2024-05-10,0.52090000,0.52090000,0.49700000,0.50220000,356081362.00000000,181324120.64510000,183584
2024-05-11,0.50220000,0.50790000,0.50050000,0.50590000,99554446.00000000,50215891.63990000,67159
2024-05-12,0.50590000,0.50880000,0.49570000,0.49930000,96995150.00000000,48846226.61800000,61866
2024-05-13,0.49930000,0.51210000,0.48660000,0.50530000,307847853.00000000,154227486.40180000,169093
2024-05-14,0.50520000,0.51320000,0.49720000,0.50020000,306746811.00000000,154803622.06440000,144779
2024-05-15,0.50020000,0.51960000,0.49670000,0.51880000,323956909.00000000,163996243.74660000,136661
2024-05-16,0.51880000,0.52280000,0.51230000,0.51570000,327561119.00000000,169549941.31060000,136787
2024-05-17,0.51580000,0.52920000,0.51350000,0.52340000,286496760.00000000,149222311.88640000,123562
2024-05-18,0.52350000,0.52560000,0.51860000,0.52130000,90176826.00000000,47112655.49790000,58571
2024-05-19,0.52130000,0.52360000,0.50630000,0.50960000,112974578.00000000,58212030.83500000,72307
2024-05-20,0.50960000,0.53800000,0.50640000,0.53770000,404880454.00000000,211108604.73210000,190770
2024-05-21,0.53770000,0.55710000,0.53190000,0.53700000,491396281.00000000,265966456.33890000,247339
2024-05-22,0.53700000,0.53830000,0.52240000,0.52680000,303183587.00000000,161365019.62310000,162091
2024-05-23,0.52680000,0.54880000,0.50270000,0.52890000,585134596.00000000,307894786.75690000,338090
2024-05-24,0.52880000,0.53750000,0.51680000,0.53600000,322992520.00000000,170784784.74350000,170176
2024-05-25,0.53590000,0.54260000,0.53180000,0.54160000,132376204.00000000,71152613.00060000,101486
2024-05-26,0.54160000,0.54200000,0.52550000,0.52830000,108799266.00000000,58125721.50820000,79119
2024-05-27,0.52830000,0.54090000,0.52360000,0.53400000,244982717.00000000,130266495.33840000,143561
2024-05-28,0.53390000,0.53550000,0.52110000,0.52870000,282469800.00000000,149284045.09860000,150940
2024-05-29,0.52860000,0.53340000,0.52000000,0.52380000,316791079.00000000,167216243.87680000,162150
2024-05-30,0.52380000,0.52830000,0.51270000,0.51860000,361762802.00000000,188381860.48830000,155622
2024-05-31,0.51850000,0.52590000,0.51190000,0.51760000,304398744.00000000,158091721.32510000,133418
2024-06-01,0.51760000,0.52190000,0.51740000,0.51870000,88294554.00000000,45883952.12420000,52691
2024-06-02,0.51870000,0.52090000,0.50800000,0.51350000,130902096.00000000,67445068.43350000,76015
2024-06-03,0.51350000,0.52320000,0.51180000,0.51990000,237659106.00000000,123452735.84030000,109799
2024-06-04,0.51990000,0.53030000,0.51820000,0.52570000,252531633.00000000,132153219.61120000,116750
2024-06-05,0.52570000,0.53260000,0.52400000,0.52580000,248045273.00000000,130755905.65840000,118458
2024-06-06,0.52590000,0.52810000,0.51640000,0.52150000,289657499.00000000,151937470.63630000,128914
2024-06-07,0.52140000,0.52800000,0.45080000,0.49910000,549543388.00000000,276798279.76190000,303223
2024-06-08,0.49910000,0.50080000,0.48970000,0.49260000,152121412.00000000,75330471.46630000,77501
2024-06-09,0.49270000,0.49920000,0.49090000,0.49860000,90936082.00000000,45014537.62290000,50688
2024-06-10,0.49870000,0.50600000,0.49330000,0.49690000,249759346.00000000,124411172.24960000,110268
2024-06-11,0.49690000,0.49700000,0.47070000,0.48020000,429410619.00000000,207619435.34270000,210041
2024-06-12,0.48030000,0.49820000,0.47420000,0.49160000,341106347.00000000,166014961.94760000,181418
2024-06-13,0.49170000,0.49170000,0.47560000,0.47690000,290198216.00000000,140783932.69430000,139476
2024-06-14,0.47680000,0.48140000,0.46010000,0.47460000,389318737.00000000,184650858.76770000,169231
2024-06-15,0.47460000,0.50530000,0.47400000,0.49080000,176444562.00000000,85997201.50140000,118080
2024-06-16,0.49080000,0.49970000,0.48780000,0.48910000,161562815.00000000,79404153.91250000,97290
2024-06-17,0.48910000,0.52130000,0.48380000,0.50470000,584945066.00000000,293745986.76180000,376091
2024-06-18,0.50480000,0.50960000,0.46900000,0.49100000,582727016.00000000,286321955.76810000,409042
2024-06-19,0.49090000,0.49960000,0.48680000,0.49330000,260612342.00000000,128534687.30200000,153010
2024-06-20,0.49330000,0.50230000,0.48830000,0.48880000,324974220.00000000,161043259.53810000,163315
2024-06-21,0.48880000,0.49590000,0.47970000,0.48890000,336098409.00000000,164176087.50950000,180052
2024-06-22,0.48900000,0.48970000,0.48410000,0.48660000,79168277.00000000,38545568.06620000,63226
2024-06-23,0.48670000,0.48920000,0.47420000,0.47970000,95099780.00000000,45970390.45460000,72716
2024-06-24,0.47980000,0.48250000,0.46200000,0.47400000,385123013.00000000,182515167.40530000,219340
2024-06-25,0.47410000,0.48020000,0.47310000,0.47570000,226045665.00000000,107619378.89300000,126044
2024-06-26,0.47580000,0.47830000,0.46520000,0.46980000,243409484.00000000,115124115.25140000,121215
2024-06-27,0.46970000,0.47710000,0.46570000,0.47530000,243549420.00000000,114661621.30300000,130763
2024-06-28,0.47530000,0.48110000,0.46920000,0.47160000,264186218.00000000,125897862.95210000,158014
2024-06-29,0.47160000,0.47680000,0.47160000,0.47270000,57959490.00000000,27507212.22200000,49856
2024-06-30,0.47270000,0.47840000,0.47010000,0.47610000,82862100.00000000,39267204.75870000,65622
2024-07-01,0.47610000,0.48490000,0.47540000,0.47700000,211844474.00000000,101568143.70080000,136698
2024-07-02,0.47710000,0.48890000,0.47600000,0.48530000,226194005.00000000,109165036.60180000,122349
2024-07-03,0.48530000,0.48750000,0.46110000,0.46720000,317610313.00000000,151782465.64940000,196205
2024-07-04,0.46720000,0.46970000,0.43130000,0.43290000,436420394.00000000,196369448.15190000,256474
2024-07-05,0.43300000,0.43350000,0.38230000,0.42510000,728055932.00000000,298566810.26630000,457000
2024-07-06,0.42520000,0.44970000,0.42350000,0.44880000,168945863.00000000,73695728.84820000,130521
2024-07-07,0.44890000,0.44950000,0.41820000,0.41950000,175785229.00000000,76237441.98270000,151223
2024-07-08,0.41960000,0.44380000,0.40320000,0.43160000,528743623.00000000,225009965.01450000,335742
2024-07-09,0.43160000,0.43980000,0.42700000,0.43560000,289512370.00000000,125534601.67120000,147051
2024-07-10,0.43570000,0.44260000,0.43100000,0.43880000,294639692.00000000,128814977.50470000,151264
2024-07-11,0.43880000,0.45730000,0.43630000,0.44910000,347547669.00000000,154866122.12170000,204921
2024-07-12,0.44910000,0.47800000,0.44450000,0.47450000,472984849.00000000,219137211.89110000,345708
2024-07-13,0.47450000,0.56610000,0.47370000,0.52570000,744327354.00000000,387770132.74230000,746285
2024-07-14,0.52570000,0.54000000,0.51360000,0.52050000,350964405.00000000,184831243.34290000,379986
2024-07-15,0.52050000,0.54040000,0.52030000,0.53720000,437376565.00000000,232124637.66930000,356488
2024-07-16,0.53720000,0.59450000,0.53090000,0.57930000,824632586.00000000,463817237.47930000,900990
2024-07-17,0.57920000,0.63780000,0.57830000,0.62600000,806805412.00000000,493351543.94640000,963332
2024-07-18,0.62600000,0.63690000,0.55750000,0.56970000,660623865.00000000,387629372.56070000,807466
2024-07-19,0.56970000,0.58670000,0.54000000,0.57330000,539155049.00000000,301703590.55420000,648402
2024-07-20,0.57330000,0.60470000,0.57070000,0.59370000,300097994.00000000,177039681.41220000,413159
2024-07-21,0.59380000,0.60800000,0.57210000,0.59840000,291988877.00000000,172384197.70490000,426022
2024-07-22,0.59850000,0.62290000,0.58550000,0.60800000,412923068.00000000,249627595.10450000,556906
2024-07-23,0.60800000,0.61700000,0.57970000,0.59750000,353756166.00000000,211868663.07190000,511032
2024-07-24,0.59760000,0.63270000,0.59150000,0.61790000,420617643.00000000,259346378.55340000,562664
2024-07-25,0.61790000,0.62900000,0.58440000,0.59960000,485187006.00000000,294688423.48570000,772378
2024-07-26,0.59960000,0.60930000,0.58600000,0.60340000,268729317.00000000,161078432.46060000,384185
2024-07-27,0.60330000,0.60910000,0.58330000,0.59560000,172975781.00000000,103444913.32140000,297345
2024-07-28,0.59560000,0.61610000,0.59100000,0.60120000,182173334.00000000,109970482.63080000,261276
2024-07-29,0.60120000,0.61240000,0.59210000,0.60190000,235245176.00000000,142366926.87370000,290706
2024-07-30,0.60190000,0.63790000,0.59530000,0.62770000,431409390.00000000,267991960.59940000,654852
2024-07-31,0.62780000,0.65860000,0.62170000,0.62300000,473184106.00000000,304622609.48300000,756642
2024-08-01,0.62300000,0.63030000,0.56800000,0.59640000,423266147.00000000,254368949.14100000,711144
2024-08-02,0.59650000,0.59700000,0.54640000,0.56070000,410967898.00000000,234033498.82030000,793252
2024-08-03,0.56060000,0.57770000,0.54060000,0.55580000,265483095.00000000,148824061.09320000,617511
2024-08-04,0.55580000,0.55900000,0.51360000,0.52280000,240108087.00000000,128308095.88370000,537001
2024-08-05,0.52290000,0.52570000,0.43190000,0.48890000,1250454532.00000000,585195701.42470000,2219931
2024-08-06,0.48890000,0.51880000,0.48770000,0.50620000,410337831.00000000,208637971.47390000,757849
2024-08-07,0.50620000,0.64340000,0.49220000,0.60020000,1000802326.00000000,570270974.58790000,2160438
2024-08-08,0.60030000,0.64240000,0.57850000,0.61660000,730482227.00000000,445857076.43810000,1482263
2024-08-09,0.61660000,0.62450000,0.56560000,0.58050000,456932445.00000000,270130308.95090000,835608
2024-08-10,0.58050000,0.60220000,0.57790000,0.58410000,213745629.00000000,126348509.74990000,450132
2024-08-11,0.58410000,0.59350000,0.54520000,0.55280000,251097812.00000000,143140570.72830000,496110
2024-08-12,0.55280000,0.57950000,0.55010000,0.56840000,355253164.00000000,201610450.85130000,555915
2024-08-13,0.56830000,0.58340000,0.56260000,0.57700000,252380249.00000000,144615862.23740000,476018
2024-08-14,0.57700000,0.58280000,0.56410000,0.56870000,253532158.00000000,145748123.06030000,418407
2024-08-15,0.56870000,0.57420000,0.55040000,0.56070000,267098570.00000000,150783279.11960000,403994
2024-08-16,0.56080000,0.57230000,0.55350000,0.56380000,234628410.00000000,132185236.45950000,345760
2024-08-17,0.56370000,0.57100000,0.56110000,0.56650000,68057519.00000000,38492076.69760000,120744
2024-08-18,0.56640000,0.58450000,0.56250000,0.56310000,119904362.00000000,68467510.82200000,177640
2024-08-19,0.56310000,0.60910000,0.56080000,0.59850000,387069502.00000000,226032960.10270000,540652
2024-08-20,0.59840000,0.61500000,0.58750000,0.59370000,276882583.00000000,166939440.74290000,459627
2024-08-21,0.59370000,0.60560000,0.58400000,0.59990000,274275573.00000000,163578491.68540000,468604
2024-08-22,0.60000000,0.60490000,0.59230000,0.59760000,207559419.00000000,124354601.02010000,317510
2024-08-23,0.59770000,0.61600000,0.59090000,0.61090000,297079009.00000000,178744582.07700000,410205
2024-08-24,0.61090000,0.63100000,0.60430000,0.61270000,242435317.00000000,149700821.98880000,479354
2024-08-25,0.61260000,0.61400000,0.59500000,0.60000000,163663049.00000000,98701742.45950000,379249
2024-08-26,0.60000000,0.60210000,0.57820000,0.58740000,236874640.00000000,140151881.07690000,461681
2024-08-27,0.58730000,0.60030000,0.55280000,0.56660000,331644513.00000000,193466113.17680000,604341
2024-08-28,0.56670000,0.58450000,0.55580000,0.56930000,312994647.00000000,178712747.22880000,701647
2024-08-29,0.56920000,0.57700000,0.55730000,0.56190000,209040650.00000000,119318759.90200000,376068
2024-08-30,0.56180000,0.56780000,0.54620000,0.56670000,258840588.00000000,144880198.22100000,508207
2024-08-31,0.56670000,0.57210000,0.56240000,0.56620000,67155202.00000000,38071491.68470000,204786
2024-09-01,0.56620000,0.56670000,0.54340000,0.54720000,121191438.00000000,67240139.78450000,427935
2024-09-02,0.54710000,0.56880000,0.54430000,0.56770000,174750033.00000000,96910244.92050000,403033
2024-09-03,0.56770000,0.57240000,0.55650000,0.55720000,179781483.00000000,101678841.17440000,396581
2024-09-04,0.55720000,0.56480000,0.53260000,0.55790000,272577067.00000000,150462306.76390000,553707
2024-09-05,0.55790000,0.55980000,0.53990000,0.54440000,213816210.00000000,117601582.29750000,412058
2024-09-06,0.54450000,0.54730000,0.50260000,0.52110000,382035412.00000000,202224802.54330000,892364
2024-09-07,0.52110000,0.53290000,0.51970000,0.52480000,82924642.00000000,43681401.22040000,225912
2024-09-08,0.52490000,0.53160000,0.52080000,0.52950000,67909459.00000000,35793549.14030000,217568
2024-09-09,0.52950000,0.54310000,0.52690000,0.53950000,168358952.00000000,89651583.94040000,350686
2024-09-10,0.53950000,0.54280000,0.53370000,0.54080000,135693250.00000000,72985900.30950000,266220
2024-09-11,0.54070000,0.54130000,0.52310000,0.53480000,187554599.00000000,99961274.49730000,398094
2024-09-12,0.53470000,0.58840000,0.53340000,0.56260000,380827353.00000000,212290449.45070000,756914
2024-09-13,0.56250000,0.57450000,0.55560000,0.57280000,270151559.00000000,153147135.20780000,458343
2024-09-14,0.57270000,0.59920000,0.57040000,0.59560000,231500545.00000000,135676017.58050000,548100
2024-09-15,0.59560000,0.59580000,0.56860000,0.57060000,126437096.00000000,73909574.97500000,426644
2024-09-16,0.57060000,0.59160000,0.55980000,0.58660000,247830927.00000000,142162473.12950000,541179
2024-09-17,0.58650000,0.59340000,0.57890000,0.58390000,173044465.00000000,101465255.32190000,457917
2024-09-18,0.58380000,0.58580000,0.56200000,0.58520000,204818640.00000000,117710333.44370000,587717
2024-09-19,0.58520000,0.59450000,0.58100000,0.58680000,222336927.00000000,130488341.66230000,527562
2024-09-20,0.58680000,0.59300000,0.57630000,0.58510000,217408757.00000000,127110507.08870000,520633
2024-09-21,0.58510000,0.61280000,0.58000000,0.59760000,144964801.00000000,86324780.77210000,423922
2024-09-22,0.59770000,0.60530000,0.57780000,0.58710000,120373196.00000000,71336242.27320000,494352
2024-09-23,0.58710000,0.59600000,0.57870000,0.58470000,161038706.00000000,94683080.29490000,477852
2024-09-24,0.58480000,0.59270000,0.58140000,0.59110000,169233403.00000000,99334500.65330000,388897
2024-09-25,0.59120000,0.59570000,0.58240000,0.58310000,179932001.00000000,105934017.56790000,340116
2024-09-26,0.58310000,0.59640000,0.57390000,0.59050000,226481301.00000000,133016574.09890000,413399
2024-09-27,0.59050000,0.59720000,0.58240000,0.58880000,222819497.00000000,131204198.17350000,375010
2024-09-28,0.58890000,0.62590000,0.58560000,0.61380000,442520365.00000000,270625181.98100000,779248
2024-09-29,0.61390000,0.66490000,0.60760000,0.64120000,442349596.00000000,282395798.51950000,893596
2024-09-30,0.64120000,0.65480000,0.60880000,0.61140000,396654376.00000000,251892928.39970000,841620
2024-10-01,0.61140000,0.63420000,0.57780000,0.59670000,579510147.00000000,354187629.91350000,1362100
2024-10-02,0.59680000,0.60690000,0.52670000,0.53830000,634074670.00000000,363439241.38820000,1107110
2024-10-03,0.53830000,0.54450000,0.50680000,0.52170000,562879573.00000000,295535389.46200000,1086503
2024-10-04,0.52180000,0.53900000,0.51000000,0.53400000,341840613.00000000,179594487.28640000,508323
2024-10-05,0.53400000,0.53520000,0.52600000,0.52940000,107009165.00000000,56840743.56210000,241773
2024-10-06,0.52940000,0.53720000,0.52790000,0.53360000,90314821.00000000,48080871.57170000,197789
2024-10-07,0.53360000,0.54590000,0.52860000,0.52860000,246483895.00000000,132839229.96980000,431933
2024-10-08,0.52870000,0.53580000,0.52090000,0.53100000,164201090.00000000,86941550.28430000,307960
2024-10-09,0.53100000,0.53460000,0.52100000,0.52450000,169687079.00000000,89966411.86730000,257640
2024-10-10,0.52450000,0.54500000,0.52280000,0.53050000,267008101.00000000,141944030.22630000,428818
2024-10-11,0.53050000,0.54190000,0.52960000,0.53880000,196729073.00000000,105654597.45710000,241480
2024-10-12,0.53870000,0.54320000,0.53530000,0.53930000,83887179.00000000,45255241.12670000,147315
2024-10-13,0.53930000,0.53950000,0.52520000,0.53210000,94059459.00000000,50039757.41250000,171230
2024-10-14,0.53210000,0.55240000,0.52820000,0.54830000,219397937.00000000,118828175.94960000,298059
2024-10-15,0.54840000,0.55560000,0.53150000,0.54170000,283568637.00000000,154044066.45280000,486305
2024-10-16,0.54170000,0.55380000,0.53750000,0.54820000,222285502.00000000,121260012.75300000,319898
2024-10-17,0.54810000,0.56660000,0.54190000,0.54410000,312103613.00000000,172709637.04810000,490897
2024-10-18,0.54410000,0.55320000,0.53970000,0.54650000,219767509.00000000,120070174.40390000,287989
2024-10-19,0.54650000,0.55000000,0.54060000,0.54400000,90144479.00000000,49148150.68610000,147718
2024-10-20,0.54400000,0.54900000,0.53660000,0.54820000,117461950.00000000,63742631.61730000,195652
2024-10-21,0.54820000,0.56080000,0.54090000,0.54490000,283328526.00000000,155854758.18340000,422914
2024-10-22,0.54490000,0.54980000,0.52910000,0.53390000,250206589.00000000,134413329.19100000,341139
2024-10-23,0.53380000,0.53410000,0.51170000,0.52580000,211146628.00000000,110819607.65450000,310636
2024-10-24,0.52590000,0.53380000,0.52410000,0.53200000,195840193.00000000,103669635.74710000,229487
2024-10-25,0.53200000,0.53220000,0.48600000,0.50220000,350905027.00000000,180198092.54990000,454046
2024-10-26,0.50220000,0.51540000,0.49890000,0.51340000,121828009.00000000,62068050.74430000,209741
2024-10-27,0.51350000,0.51800000,0.51080000,0.51680000,65734998.00000000,33824741.51390000,112112
2024-10-28,0.51680000,0.52170000,0.51130000,0.51950000,159504690.00000000,82504218.53240000,244481
2024-10-29,0.51950000,0.53050000,0.51850000,0.52840000,220863830.00000000,116080622.92750000,255258
2024-10-30,0.52850000,0.52850000,0.51940000,0.52290000,177555669.00000000,92996879.94000000,229039
2024-10-31,0.52290000,0.52380000,0.50310000,0.50950000,195063825.00000000,100337235.67030000,259527
2024-11-01,0.50960000,0.52440000,0.50250000,0.51310000,277144347.00000000,143027276.62290000,422687
2024-11-02,0.51300000,0.51600000,0.50630000,0.51030000,68679320.00000000,35113233.80820000,155367
2024-11-03,0.51030000,0.51110000,0.49170000,0.50300000,176012483.00000000,87962652.71130000,356420
2024-11-04,0.50300000,0.51470000,0.49570000,0.50350000,211259474.00000000,107079103.25730000,326314
2024-11-05,0.50350000,0.51910000,0.50190000,0.51400000,190711816.00000000,97415686.75770000,279180
2024-11-06,0.51400000,0.54690000,0.51400000,0.54180000,452294069.00000000,241408146.25700000,706591
2024-11-07,0.54180000,0.57850000,0.53770000,0.55560000,348528218.00000000,193108808.99420000,626850
2024-11-08,0.55560000,0.56000000,0.54130000,0.55370000,261155203.00000000,143790365.55430000,444985
2024-11-09,0.55370000,0.56200000,0.54360000,0.55930000,230978970.00000000,127417352.07940000,369722
2024-11-10,0.55920000,0.61870000,0.55550000,0.58840000,712821995.00000000,420968960.39540000,1475074
2024-11-11,0.58850000,0.63300000,0.57030000,0.62070000,661084405.00000000,395399037.37290000,1395645
2024-11-12,0.62080000,0.73980000,0.59680000,0.70400000,1776854012.00000000,1176494232.75750000,4449252
2024-11-13,0.70420000,0.74800000,0.64000000,0.68980000,1208545721.00000000,832627297.36540000,3274642
2024-11-14,0.68970000,0.84730000,0.68220000,0.77360000,1349353792.00000000,1007947938.22560000,3651388
2024-11-15,0.77360000,0.92790000,0.77040000,0.89220000,1413430891.00000000,1204261039.46990000,4020631
2024-11-16,0.89210000,1.26980000,0.87780000,1.12090000,2373030780.00000000,2568822464.70480000,8052630
2024-11-17,1.12080000,1.16030000,1.00260000,1.05430000,1245814358.00000000,1332901319.89970000,3643640
2024-11-18,1.05450000,1.18650000,1.05430000,1.11370000,941344489.00000000,1064978324.57100000,3537780
2024-11-19,1.11380000,1.14800000,1.06880000,1.10030000,562678894.00000000,619965971.00970000,1750208
2024-11-20,1.10040000,1.15100000,1.05560000,1.10410000,609804658.00000000,673862209.43990000,1806245
2024-11-21,1.10420000,1.26430000,1.07740000,1.24700000,1050788977.00000000,1211740794.96220000,2873812
2024-11-22,1.24710000,1.50000000,1.24700000,1.47260000,1597772473.98000000,2243532362.04823700,4892084
2024-11-23,1.47260000,1.63000000,1.40330000,1.46850000,1243933645.71000000,1907103196.37452300,4062387
2024-11-24,1.46860000,1.51300000,1.27750000,1.43310000,960628070.00000000,1339319912.66980000,2943646
2024-11-25,1.43340000,1.53930000,1.35500000,1.41420000,912385354.00000000,1323332053.11640000,2715327
2024-11-26,1.41420000,1.45880000,1.28330000,1.39840000,777417208.00000000,1068658916.86560000,2955609
2024-11-27,1.39840000,1.52170000,1.35240000,1.46960000,594887636.00000000,858258348.04750000,2119326
2024-11-28,1.46960000,1.54650000,1.42920000,1.54210000,440541778.00000000,649688261.17020000,1989520
2024-11-29,1.54200000,1.81490000,1.52330000,1.80060000,1055874162.77000000,1761609239.79364500,3970605
2024-11-30,1.80050000,1.95750000,1.76350000,1.95130000,1118556534.97000000,2096903381.53392900,4673220
2024-12-01,1.95140000,2.35000000,1.84750000,2.29370000,1171510986.43000000,2385698260.92974700,5114663
2024-12-02,2.29370000,2.87230000,2.20110000,2.72450000,2543716698.49000000,6398460707.91402400,8939668
2024-12-03,2.72440000,2.90920000,2.25000000,2.51020000,1955605237.21000000,5069619948.33682200,7807844
2024-12-04,2.51030000,2.68000000,2.28000000,2.35740000,1127878148.00000000,2806170530.86020000,4989874
2024-12-05,2.35740000,2.49420000,2.17430000,2.24460000,1095218093.00000000,2553726598.69460000,4313201
2024-12-06,2.24450000,2.46370000,2.22520000,2.42570000,671195786.00000000,1570287414.95200000,2889656
2024-12-07,2.42570000,2.61960000,2.38400000,2.60990000,541326545.00000000,1345487946.97210000,3407654
2024-12-08,2.60990000,2.64690000,2.48430000,2.60130000,456273582.00000000,1172409461.29090000,3445425
2024-12-09,2.60130000,2.60760000,2.00120000,2.21240000,991793616.00000000,2321117255.85320000,5011024
2024-12-10,2.21240000,2.42000000,1.90000000,2.37090000,1376683984.00000000,2974339782.93160000,6632184
2024-12-11,2.37080000,2.47030000,2.23030000,2.39410000,696138801.00000000,1644764788.99600000,3510035
2024-12-12,2.39420000,2.48400000,2.30800000,2.33840000,528351934.00000000,1271981639.98240000,2632745
2024-12-13,2.33850000,2.47880000,2.28400000,2.42170000,468083967.00000000,1118328085.78420000,2297713
2024-12-14,2.42180000,2.53190000,2.35480000,2.40050000,347447120.00000000,846025555.08110000,1949933
2024-12-15,2.40060000,2.47300000,2.36770000,2.44690000,275970977.00000000,666829508.99570000,1570186
2024-12-16,2.44700000,2.58720000,2.33330000,2.48410000,603893921.00000000,1484486729.09950000,3250580
2024-12-17,2.48420000,2.72810000,2.44010000,2.56730000,745688394.00000000,1939849488.18790000,4605205
2024-12-18,2.56720000,2.59210000,2.24780000,2.31030000,759860891.00000000,1865326386.82970000,3541428
2024-12-19,2.31020000,2.43170000,2.15950000,2.23900000,811210695.00000000,1861735899.81070000,3366704
2024-12-20,2.23910000,2.35500000,1.96010000,2.27930000,1110347016.00000000,2413652844.38760000,4550864
2024-12-21,2.27930000,2.38580000,2.19150000,2.23800000,451599864.00000000,1028141511.92170000,1913665
2024-12-22,2.23790000,2.29380000,2.16040000,2.20310000,310318499.00000000,691300978.40800000,1268046
2024-12-23,2.20320000,2.27890000,2.13080000,2.26170000,388820902.00000000,853238655.71110000,1350894
2024-12-24,2.26160000,2.35070000,2.21380000,2.32380000,249021066.00000000,569493372.07050000,784459
2024-12-25,2.32380000,2.33250000,2.26150000,2.29730000,162014998.00000000,371772271.30740000,620228
2024-12-26,2.29730000,2.31640000,2.12770000,2.15590000,266397920.00000000,584690463.48990000,1162580
2024-12-27,2.15590000,2.23790000,2.11490000,2.14660000,254236575.00000000,552171658.25440000,989067
2024-12-28,2.14670000,2.20760000,2.13430000,2.18430000,106144470.00000000,230698893.14370000,490662
2024-12-29,2.18430000,2.19760000,2.07110000,2.09420000,129587392.00000000,277622074.00760000,551740
2024-12-30,2.09410000,2.15260000,1.99540000,2.05870000,326304793.00000000,674750374.33100000,1395822
2024-12-31,2.05870000,2.14910000,2.01260000,2.08360000,202867597.00000000,421967928.65180000,979432
2025-01-01,2.08360000,2.35450000,2.08110000,2.33280000,340770274.00000000,760832060.31510000,1403523
2025-01-02,2.33290000,2.45220000,2.32970000,2.40240000,361196381.00000000,865949775.71570000,1580048
2025-01-03,2.40240000,2.47980000,2.39660000,2.45470000,233672728.00000000,569422075.28110000,1277666
2025-01-04,2.45460000,2.50900000,2.39990000,2.42010000,179793926.00000000,440309558.18770000,1037882
2025-01-05,2.42010000,2.42850000,2.32730000,2.39940000,155537860.00000000,370016358.60360000,1004398
2025-01-06,2.39930000,2.45840000,2.36740000,2.42000000,194293277.00000000,468861826.35660000,1362403
2025-01-07,2.42000000,2.46830000,2.25720000,2.27120000,342477338.00000000,806352782.10440000,2103134
2025-01-08,2.27120000,2.39860000,2.20010000,2.37310000,401036029.00000000,926470982.83330000,2658449
2025-01-09,2.37300000,2.39560000,2.23510000,2.27220000,294585086.00000000,679791974.64200000,2023830
2025-01-10,2.27220000,2.36990000,2.24650000,2.34140000,248018278.00000000,570867396.72300000,1750697
2025-01-11,2.34140000,2.60360000,2.32490000,2.57640000,349172496.00000000,860275796.78520000,2062973
2025-01-12,2.57640000,2.58350000,2.47000000,2.50460000,222912333.00000000,561787996.98030000,1690594
2025-01-13,2.50450000,2.56340000,2.32970000,2.52320000,515356746.00000000,1264512280.70450000,3173708
2025-01-14,2.52320000,2.70000000,2.51260000,2.66730000,397227342.00000000,1032281639.44980000,2369127
2025-01-15,2.66730000,3.20000000,2.64920000,3.14290000,1062630122.23000000,3077399206.08027900,6520615
2025-01-16,3.14300000,3.40000000,2.92280000,3.24510000,1110371222.20000000,3552620342.31167900,7670634
2025-01-17,3.24500000,3.35440000,3.17580000,3.29220000,529933494.00000000,1732354391.43550000,3804175
2025-01-18,3.29230000,3.29960000,3.05800000,3.26970000,458088944.00000000,1458009309.07170000,3479613
2025-01-19,3.26970000,3.29290000,2.82770000,2.95870000,663328805.00000000,2059430331.75260000,5302553
2025-01-20,2.95860000,3.36950000,2.90900000,3.10530000,838761258.00000000,2662458999.87040000,6049584
2025-01-21,3.10530000,3.24600000,3.01240000,3.17380000,376423502.00000000,1176436619.52960000,3502167
2025-01-22,3.17390000,3.28540000,3.12370000,3.18030000,291761274.00000000,933005266.37690000,2877227
2025-01-23,3.18020000,3.18680000,3.03740000,3.11940000,305314846.00000000,951855494.08340000,3149510
2025-01-24,3.11940000,3.20310000,3.05500000,3.10090000,232626964.00000000,731330547.61690000,2520376
2025-01-25,3.10080000,3.14460000,3.07840000,3.10800000,99489857.00000000,310069024.49430000,1251074
2025-01-26,3.10790000,3.14430000,3.01150000,3.02230000,128937813.00000000,399929472.82790000,1260024
2025-01-27,3.02220000,3.05870000,2.65590000,3.05520000,660056174.00000000,1900074942.15150000,5675648
2025-01-28,3.05520000,3.21400000,3.00620000,3.05720000,369470786.00000000,1152177187.43890000,3656027
2025-01-29,3.05720000,3.13630000,2.96730000,3.06830000,254756655.00000000,781733902.29280000,2883316
2025-01-30,3.06830000,3.15440000,3.04660000,3.12760000,173143314.00000000,539405335.05650000,1397662
2025-01-31,3.12760000,3.13330000,3.00300000,3.03610000,162235322.00000000,498266349.82990000,1501610
2025-02-01,3.03610000,3.07270000,2.82810000,2.87780000,173601404.00000000,514185531.78840000,1758090
2025-02-02,2.87790000,2.95590000,2.46030000,2.58000000,684089012.00000000,1833042745.56230000,6446056
2025-02-03,2.58010000,2.78140000,1.77110000,2.70010000,1866758972.00000000,4362783819.68070000,11491884
2025-02-04,2.70000000,2.78740000,2.42090000,2.52740000,621552965.00000000,1611405680.33000000,4335952
2025-02-05,2.52750000,2.56920000,2.33840000,2.38100000,338815093.00000000,835666325.00930000,2444787
2025-02-06,2.38100000,2.46990000,2.27720000,2.32500000,322896937.00000000,765674914.45370000,2493240
2025-02-07,2.32510000,2.54200000,2.26550000,2.39680000,447487945.00000000,1081213105.86380000,3109058
2025-02-08,2.39690000,2.43720000,2.35060000,2.41900000,154717204.00000000,371554857.02730000,1258770
2025-02-09,2.41900000,2.50790000,2.31130000,2.39280000,204205603.00000000,493229868.40240000,1407359
2025-02-10,2.39280000,2.47330000,2.32350000,2.42370000,207257933.00000000,498991376.07990000,1753923
2025-02-11,2.42380000,2.52900000,2.37080000,2.41310000,248182176.00000000,610136390.05080000,2008342
2025-02-12,2.41300000,2.49620000,2.33230000,2.47340000,227957636.00000000,549253249.79230000,1892950
2025-02-13,2.47340000,2.60610000,2.41540000,2.55990000,212478703.00000000,527319051.38150000,1847589
2025-02-14,2.56000000,2.83560000,2.53000000,2.73840000,407541122.00000000,1099747748.52970000,3930531
2025-02-15,2.73840000,2.83350000,2.71300000,2.76190000,184181907.00000000,512007575.23760000,1962398
2025-02-16,2.76190000,2.80540000,2.68790000,2.72830000,132387997.00000000,364119985.91860000,1355421
2025-02-17,2.72830000,2.76480000,2.60750000,2.65990000,212813356.00000000,569177522.79380000,1923364
2025-02-18,2.65990000,2.66990000,2.46930000,2.56280000,227170019.00000000,582472946.24620000,2271670
2025-02-19,2.56290000,2.74700000,2.51210000,2.73780000,208222691.00000000,545032758.81830000,1780798
2025-02-20,2.73780000,2.74900000,2.66710000,2.68770000,161213675.00000000,435621246.15410000,1348665
2025-02-21,2.68780000,2.71600000,2.50760000,2.57210000,257754207.00000000,674793413.92330000,2010767
2025-02-22,2.57220000,2.60990000,2.55050000,2.57400000,92516652.00000000,238844803.00070000,650453
2025-02-23,2.57400000,2.60160000,2.52010000,2.57630000,91398009.00000000,234022514.10270000,703256
2025-02-24,2.57630000,2.60900000,2.23360000,2.27830000,351034781.00000000,849040644.80150000,2517960
2025-02-25,2.27840000,2.36630000,2.06370000,2.32220000,762421577.00000000,1687911041.62060000,5941964
2025-02-26,2.32220000,2.33140000,2.15070000,2.19820000,364125565.00000000,817894826.17180000,2839319
2025-02-27,2.19830000,2.25770000,2.14530000,2.19850000,229741926.00000000,505961815.84160000,1932381
2025-02-28,2.19850000,2.20170000,1.95100000,2.14530000,463166339.00000000,957869589.58010000,3661569
2025-03-01,2.14540000,2.21990000,2.12140000,2.19160000,145588191.00000000,316213252.19320000,1047670
2025-03-02,2.19170000,2.99900000,2.17350000,2.93960000,806955619.00000000,2163390347.28700000,6201418
2025-03-03,2.93950000,2.96760000,2.29760000,2.38730000,770790136.00000000,2001737322.15510000,6149375
2025-03-04,2.38730000,2.53880000,2.21230000,2.45430000,569915093.00000000,1355169063.31580000,3775756
2025-03-05,2.45420000,2.54090000,2.40800000,2.49980000,254905967.00000000,631175246.69630000,2083086
2025-03-06,2.49980000,2.64610000,2.47070000,2.60010000,293494998.00000000,755127708.36940000,2190118
2025-03-07,2.60000000,2.62170000,2.34350000,2.38550000,454234094.00000000,1121586094.76920000,3363999
2025-03-08,2.38550000,2.41060000,2.30130000,2.32610000,119040944.00000000,279496752.33620000,1033070
2025-03-09,2.32620000,2.35100000,2.08300000,2.13870000,276711052.00000000,608123226.93480000,2541564
2025-03-10,2.13880000,2.26130000,1.99250000,2.02160000,391223631.00000000,829514635.40730000,3921329
2025-03-11,2.02160000,2.21380000,1.90000000,2.17110000,382420244.00000000,797538821.37470000,2315358
2025-03-12,2.17100000,2.27690000,2.13330000,2.23960000,277560410.00000000,612133003.82310000,2382381
2025-03-13,2.23950000,2.34700000,2.21370000,2.25270000,243896593.00000000,553752724.55310000,2269070
2025-03-14,2.25260000,2.38930000,2.23710000,2.35640000,197286469.00000000,457779727.58920000,1778622
2025-03-15,2.35640000,2.47510000,2.35250000,2.39110000,150056936.00000000,362455350.41340000,1419615
2025-03-16,2.39110000,2.41090000,2.26770000,2.29380000,151974757.00000000,353905686.88930000,1606169
2025-03-17,2.29380000,2.37880000,2.29150000,2.33820000,133923496.00000000,313586432.73610000,1233682
2025-03-18,2.33810000,2.33990000,2.22250000,2.28510000,164719299.00000000,373795463.52770000,1333105
2025-03-19,2.28510000,2.59000000,2.26530000,2.54690000,462181815.00000000,1145549057.28260000,3045455
2025-03-20,2.54690000,2.56380000,2.38900000,2.43610000,225573092.00000000,556990257.87590000,1910760
2025-03-21,2.43600000,2.46690000,2.35640000,2.38090000,143033066.00000000,343554538.98870000,1159813
2025-03-22,2.38090000,2.41700000,2.35940000,2.37110000,69083565.00000000,164935168.82370000,599867
2025-03-23,2.37120000,2.44090000,2.36500000,2.43930000,82171646.00000000,197375933.91930000,675980
2025-03-24,2.43920000,2.50440000,2.41340000,2.45010000,140591390.00000000,345465247.80680000,985956
2025-03-25,2.45010000,2.47830000,2.40710000,2.44920000,107306341.00000000,262047435.34010000,825224
2025-03-26,2.44910000,2.47940000,2.32800000,2.34940000,140813082.00000000,340471844.08160000,1028787
2025-03-27,2.34940000,2.39000000,2.30210000,2.34100000,121906802.00000000,286517138.31760000,940315
2025-03-28,2.34110000,2.34330000,2.15350000,2.20730000,211389681.00000000,470524788.21780000,1469290
2025-03-29,2.20720000,2.22670000,2.06070000,2.13510000,188344703.00000000,399565637.95470000,1392395
2025-03-30,2.13520000,2.21420000,2.10770000,2.13690000,143436566.00000000,309556823.12360000,1092491
2025-03-31,2.13710000,2.14150000,2.02380000,2.08990000,225359911.00000000,470475027.35720000,1771277
2025-04-01,2.08990000,2.19990000,2.06500000,2.13870000,206149959.00000000,440370529.10450000,1753639
2025-04-02,2.13870000,2.23300000,1.98410000,2.02370000,312902782.00000000,661278600.21950000,2654613
2025-04-03,2.02370000,2.08200000,1.96000000,2.06480000,283049149.00000000,574582911.20220000,2175279
2025-04-04,2.06480000,2.16260000,2.01600000,2.13020000,249538859.00000000,522053640.97470000,2126524
2025-04-05,2.13030000,2.17640000,2.11390000,2.14420000,79039409.00000000,168933379.26120000,766397
2025-04-06,2.14430000,2.15920000,1.86250000,1.92180000,247306320.00000000,494395445.25490000,2063575
2025-04-07,1.92180000,2.01090000,1.61340000,1.89870000,862282234.00000000,1564910506.52030000,4217262
2025-04-08,1.89860000,1.97500000,1.77700000,1.79630000,331058344.00000000,622942580.46040000,1019353
2025-04-09,1.79650000,2.08970000,1.72180000,2.05290000,517714914.00000000,983263446.18440000,1520284
2025-04-10,2.05290000,2.05720000,1.92230000,1.96580000,224691548.00000000,446583819.84560000,1921673
2025-04-11,1.96570000,2.06470000,1.94750000,2.02250000,175131511.00000000,352455438.39110000,1539032
2025-04-12,2.02250000,2.18620000,2.00330000,2.15980000,161856777.00000000,341792852.50430000,1416548
2025-04-13,2.15970000,2.24750000,2.08010000,2.11960000,194098687.00000000,419017456.62490000,1899834
2025-04-14,2.11960000,2.18040000,2.10380000,2.12750000,138573013.00000000,296792059.49060000,1537405
2025-04-15,2.12760000,2.18530000,2.08370000,2.08420000,131282814.00000000,280926951.97430000,1345686
2025-04-16,2.08430000,2.13000000,2.03550000,2.08340000,152704680.00000000,318042232.23030000,1494581
2025-04-17,2.08340000,2.11460000,2.05240000,2.06730000,103280383.30000000,215185592.53274000,1074532
2025-04-18,2.06730000,2.08960000,2.04340000,2.06190000,72730873.50000000,150530241.72514000,707800
2025-04-19,2.06190000,2.09750000,2.05860000,2.08770000,50163133.60000000,104485797.93701000,462679
2025-04-20,2.08770000,2.09450000,2.03880000,2.07870000,77348551.30000000,159807702.05961000,537648
2025-04-21,2.07860000,2.14090000,2.05940000,2.08550000,132502689.70000000,279135954.92696000,1088615
2025-04-22,2.08550000,2.25040000,2.06380000,2.21390000,215792646.30000000,463874787.33304000,1475208
2025-04-23,2.21380000,2.30100000,2.19020000,2.21840000,220415571.40000000,494085337.30413000,1778836
2025-04-24,2.21830000,2.23540000,2.11660000,2.20490000,184941421.40000000,403912284.76951000,1361032
2025-04-25,2.20490000,2.21930000,2.16340000,2.18120000,134014526.90000000,294138569.17227000,1090840
2025-04-26,2.18120000,2.24830000,2.17960000,2.19120000,89667472.40000000,197714019.96509000,822845
2025-04-27,2.19120000,2.29480000,2.15810000,2.25200000,176901254.60000000,394172934.52954000,1343214
2025-04-28,2.25210000,2.36300000,2.21840000,2.29490000,188782972.60000000,432932125.11437000,1550265
2025-04-29,2.29500000,2.31470000,2.22170000,2.23800000,109021832.70000000,248308443.54734000,919783
2025-04-30,2.23790000,2.25880000,2.12350000,2.19080000,169161178.80000000,371180616.59514000,1290014
2025-05-01,2.19070000,2.25670000,2.18680000,2.21230000,96594610.50000000,214862147.68855000,804561
2025-05-02,2.21220000,2.24110000,2.19200000,2.20930000,84810475.20000000,187929913.43163000,750177
2025-05-03,2.20930000,2.22000000,2.17600000,2.18720000,48541368.00000000,106715010.83749000,465311
2025-05-04,2.18720000,2.21880000,2.15100000,2.15600000,58758870.60000000,128384945.07249000,583831
2025-05-05,2.15610000,2.20000000,2.10670000,2.13060000,129350396.30000000,278055926.60453000,937063
2025-05-06,2.13060000,2.15950000,2.07770000,2.15500000,110021214.00000000,232503539.08214000,955869
2025-05-07,2.15500000,2.17160000,2.10390000,2.12650000,91759518.60000000,195823475.65040000,821197
2025-05-08,2.12640000,2.32970000,2.11760000,2.32720000,220454318.80000000,492146244.28859000,1689529
2025-05-09,2.32720000,2.42910000,2.28450000,2.34390000,270485423.50000000,637201286.41537000,2359378
2025-05-10,2.34380000,2.47700000,2.33590000,2.47110000,173584546.10000000,417538802.27194000,1700852
2025-05-11,2.47110000,2.48440000,2.32830000,2.36700000,162582479.50000000,387738035.17048000,1661326
2025-05-12,2.36710000,2.65490000,2.35150000,2.54390000,507950822.40000000,1275311866.31161000,4112142
2025-05-13,2.54400000,2.60530000,2.42150000,2.58290000,230851038.90000000,582508619.40381000,2518415
2025-05-14,2.58280000,2.65160000,2.51940000,2.55030000,213599727.40000000,551933214.06950000,1978980
2025-05-15,2.55040000,2.57190000,2.35250000,2.38560000,209320078.30000000,515143174.14976000,2309242
2025-05-16,2.38560000,2.43990000,2.34710000,2.37980000,136943221.20000000,329039410.53355000,1688096
2025-05-17,2.37970000,2.38920000,2.29840000,2.35310000,105734565.80000000,247839876.54358000,1442950
2025-05-18,2.35310000,2.44970000,2.33200000,2.42800000,110034544.50000000,263270059.37711000,1470998
2025-05-19,2.42800000,2.44100000,2.28270000,2.38030000,162880946.40000000,381979266.64326000,1791052
2025-05-20,2.38030000,2.40900000,2.31410000,2.35650000,136293676.80000000,321341594.69735000,1331382
2025-05-21,2.35650000,2.42880000,2.33080000,2.39520000,175070666.70000000,415539143.43446000,1711630
2025-05-22,2.39530000,2.45550000,2.38810000,2.43110000,145040194.50000000,350758657.64766000,1313608
2025-05-23,2.43110000,2.47990000,2.28380000,2.29660000,197335455.40000000,471539404.39892000,1876119
2025-05-24,2.29650000,2.36000000,2.28590000,2.33030000,50781088.20000000,118575581.84926000,679757
2025-05-25,2.33040000,2.34500000,2.26600000,2.34170000,81478273.40000000,187626186.24011000,937049
2025-05-26,2.34160000,2.35930000,2.29580000,2.31030000,75168770.00000000,175231902.21930000,752100
2025-05-27,2.31030000,2.35430000,2.26710000,2.31680000,94046517.50000000,217701881.39648000,969135
2025-05-28,2.31670000,2.32320000,2.22650000,2.27420000,99791200.40000000,227259719.06362000,954628
2025-05-29,2.27420000,2.31250000,2.23800000,2.24420000,99100514.70000000,226227584.71746000,993571
2025-05-30,2.24410000,2.25230000,2.12970000,2.13980000,192557829.60000000,421027264.31235000,1855873
2025-05-31,2.13970000,2.20650000,2.07940000,2.17380000,109349888.00000000,234327423.61236000,1299553
2025-06-01,2.17390000,2.18790000,2.12310000,2.17920000,62964847.70000000,135732307.10343000,741422
2025-06-02,2.17920000,2.20450000,2.13570000,2.19650000,96478578.80000000,208841688.85840000,907638
2025-06-03,2.19650000,2.28210000,2.18380000,2.24460000,110034231.10000000,245370237.05632000,1052351
2025-06-04,2.24450000,2.26580000,2.19510000,2.20090000,82924089.70000000,185497995.05840000,865515
2025-06-05,2.20090000,2.22650000,2.05910000,2.09360000,152227799.70000000,325805169.63140000,1426769
2025-06-06,2.09360000,2.19030000,2.08120000,2.15980000,92539769.10000000,198545872.82096000,768690
2025-06-07,2.15980000,2.19120000,2.14750000,2.17690000,40526697.00000000,88267737.87746000,349819
2025-06-08,2.17680000,2.29880000,2.16610000,2.26700000,115809963.60000000,260488969.11327000,963085
2025-06-09,2.26690000,2.32930000,2.22230000,2.32110000,128620231.20000000,292145217.57631000,915460
2025-06-10,2.32100000,2.32760000,2.26010000,2.30740000,119887307.80000000,275076155.03374000,1058738
2025-06-11,2.30740000,2.33790000,2.25240000,2.27040000,118779485.50000000,273751359.99510000,1076884
2025-06-12,2.27040000,2.27330000,2.17060000,2.18990000,98220197.30000000,219058539.73300000,927643
2025-06-13,2.19000000,2.19180000,2.08280000,2.14720000,171924272.90000000,365832602.13346000,1735858
2025-06-14,2.14730000,2.18010000,2.10930000,2.13940000,67644610.70000000,145441133.20270000,623505
2025-06-15,2.13930000,2.17590000,2.13750000,2.16550000,46595619.50000000,100552015.23866000,444613
2025-06-16,2.16550000,2.33700000,2.15120000,2.23800000,180775839.00000000,409153397.01986000,1502009
2025-06-17,2.23790000,2.25720000,2.14170000,2.15900000,145998030.00000000,321488422.84618000,1410075
2025-06-18,2.15910000,2.18080000,2.11810000,2.17050000,95962168.00000000,206443945.70966000,908990
2025-06-19,2.17040000,2.18550000,2.14410000,2.16480000,56149358.10000000,121396684.86737000,470006
2025-06-20,2.16470000,2.17970000,2.08520000,2.11940000,97632569.90000000,208777086.67049000,800124
2025-06-21,2.11950000,2.14500000,2.00000000,2.06320000,88671293.20000000,184162670.13492000,814900
2025-06-22,2.06320000,2.08980000,1.90830000,2.01720000,206511372.50000000,410005733.15721000,1827699
2025-06-23,2.01730000,2.17060000,1.96150000,2.15840000,175076963.60000000,358869371.56328000,1687266
2025-06-24,2.15840000,2.21650000,2.13160000,2.18980000,131247333.70000000,286252275.51631000,1196016
2025-06-25,2.18970000,2.22960000,2.16960000,2.18590000,91578502.00000000,200687070.28870000,845817
2025-06-26,2.18580000,2.21270000,2.09560000,2.10540000,120378866.10000000,258879805.93921000,871990
2025-06-27,2.10530000,2.15560000,2.06710000,2.14190000,120577000.30000000,253354119.55423000,917776
2025-06-28,2.14200000,2.20790000,2.13360000,2.18540000,70042779.00000000,153000277.86009000,648620
2025-06-29,2.18550000,2.21980000,2.17540000,2.20610000,46097897.50000000,101168900.61689000,381555
2025-06-30,2.20620000,2.32710000,2.16500000,2.23620000,151525906.20000000,339174016.72813000,1132152
2025-07-01,2.23620000,2.25370000,2.14750000,2.17200000,123558690.10000000,271747201.44651000,928402
2025-07-02,2.17190000,2.29170000,2.15700000,2.23360000,149340795.40000000,332390384.71747000,957678
2025-07-03,2.23350000,2.31350000,2.22430000,2.25690000,148388595.00000000,337550211.45131000,999966
2025-07-04,2.25690000,2.26780000,2.19600000,2.22050000,72289199.10000000,161034633.34504000,633933
2025-07-05,2.22050000,2.23390000,2.20140000,2.21780000,34058390.30000000,75534635.00788000,316359
2025-07-06,2.21770000,2.29000000,2.20860000,2.27090000,92108127.50000000,208524256.08502000,655450
2025-07-07,2.27090000,2.35370000,2.25520000,2.27080000,176317450.70000000,406522543.28426000,1279755
2025-07-08,2.27070000,2.32230000,2.24850000,2.31080000,106456008.60000000,243274438.91839000,749423
2025-07-09,2.31090000,2.42880000,2.29750000,2.40380000,181518399.80000000,430696105.43214000,1370003
2025-07-10,2.40380000,2.56780000,2.39310000,2.54710000,209526484.80000000,518124516.29744000,1654052
2025-07-11,2.54710000,2.97500000,2.51190000,2.73220000,615361834.00000000,1686420297.77456000,5339519
2025-07-12,2.73230000,2.84790000,2.66290000,2.73950000,341517152.00000000,942433146.00476000,3386704
2025-07-13,2.73950000,2.89490000,2.72320000,2.83610000,260642506.50000000,734315044.62449000,2591368
2025-07-14,2.83610000,3.03500000,2.82070000,2.95820000,442537809.20000000,1306107613.19463000,4061682
2025-07-15,2.95820000,2.95820000,2.80380000,2.91900000,303965280.70000000,876135273.94815000,2699613
2025-07-16,2.91890000,3.10000000,2.87740000,3.03800000,272284618.20000000,816215592.96580000,2372362
2025-07-17,3.03800000,3.54950000,2.98730000,3.48140000,648338845.19000000,2128757999.40859400,5760090
2025-07-18,3.48130000,3.66070000,3.34390000,3.41350000,608722890.71000000,2134357921.93942300,5894679
2025-07-19,3.41360000,3.48550000,3.35470000,3.42440000,204901034.50000000,703152321.01510000,2257294
2025-07-20,3.42430000,3.55790000,3.38560000,3.45400000,281874484.30000000,980886591.64219000,2819676
2025-07-21,3.45410000,3.64950000,3.40760000,3.54950000,259730581.60000000,921984407.31231000,2865227
2025-07-22,3.54940000,3.57870000,3.42180000,3.55040000,248664612.70000000,870975104.85711000,2927063
2025-07-23,3.55040000,3.55190000,3.02000000,3.18380000,444396661.30000000,1457586129.76382000,4231942
2025-07-24,3.18390000,3.26510000,2.95550000,3.14530000,366456463.40000000,1153018184.36765000,4245765
2025-07-25,3.14540000,3.16180000,2.99810000,3.14230000,234280821.90000000,722764506.54180000,3288636
2025-07-26,3.14220000,3.21810000,3.10880000,3.16620000,96831223.50000000,307355739.68970000,1102993
2025-07-27,3.16620000,3.25150000,3.15640000,3.23890000,130449208.10000000,417730767.23353000,1528843
2025-07-28,3.23900000,3.33080000,3.10730000,3.12350000,221823612.30000000,712789221.37273000,2823885
2025-07-29,3.12350000,3.18560000,3.05330000,3.12800000,157430969.90000000,492226662.10514000,2006160
2025-07-30,3.12810000,3.16210000,3.00100000,3.09660000,173643335.40000000,537359368.14812000,2227388
2025-07-31,3.09670000,3.17840000,3.01080000,3.02240000,135512300.30000000,420102533.68383000,1581034
2025-08-01,3.02230000,3.05900000,2.89200000,2.96130000,260984696.40000000,776844279.75715000,3664661
2025-08-02,2.96140000,3.02060000,2.73870000,2.76950000,180733656.70000000,517122396.59234000,2506902
2025-08-03,2.76950000,2.96250000,2.72800000,2.94800000,149417377.80000000,428642540.28723000,1758547
2025-08-04,2.94810000,3.08990000,2.93120000,3.07160000,164651624.40000000,497892197.09911000,1621867
2025-08-05,3.07150000,3.10720000,2.91640000,2.96230000,144253297.70000000,434220001.48929000,1799157
2025-08-06,2.96220000,3.01870000,2.90140000,2.99080000,114399575.60000000,338336033.16284000,1363029
2025-08-07,2.99080000,3.33380000,2.96410000,3.31970000,212195633.10000000,664683073.06994000,2027481
2025-08-08,3.31960000,3.38250000,3.20510000,3.28590000,273926156.00000000,906088512.11288000,3039957
2025-08-09,3.28580000,3.34750000,3.20830000,3.22590000,130645790.70000000,429960482.32511000,1589680
2025-08-10,3.22590000,3.27950000,3.15210000,3.18700000,123144721.10000000,394427876.11695000,1445572
2025-08-11,3.18690000,3.33420000,3.11760000,3.12950000,223589776.80000000,720817949.89397000,2258876
2025-08-12,3.12950000,3.30670000,3.10410000,3.26760000,154532178.90000000,495632945.53978000,1728491
2025-08-13,3.26750000,3.33500000,3.20260000,3.27440000,193301023.70000000,631098137.98234000,1957727
2025-08-14,3.27440000,3.35120000,2.99150000,3.07920000,301672247.60000000,957150840.92371000,2810331
2025-08-15,3.07920000,3.14270000,3.00240000,3.07790000,134927479.50000000,416173245.39755000,1853023
2025-08-16,3.07780000,3.15600000,3.07150000,3.10550000,64524770.20000000,200967314.48386000,844261
2025-08-17,3.10560000,3.14720000,3.07730000,3.08770000,66692097.50000000,207693595.90509000,747253
2025-08-18,3.08770000,3.09690000,2.94040000,3.06160000,163460914.20000000,491582713.45880000,1925263
2025-08-19,3.06160000,3.08080000,2.84880000,2.86080000,149185188.70000000,441814217.90826000,2055525
2025-08-20,2.86080000,2.98960000,2.81840000,2.95120000,152651462.50000000,443141083.59139000,1792685
2025-08-21,2.95120000,2.95880000,2.84240000,2.85190000,91372655.60000000,265375827.20168000,1321601
2025-08-22,2.85180000,3.10560000,2.78260000,3.07440000,255042164.60000000,756680141.67969000,2718103
2025-08-23,3.07450000,3.07560000,2.96970000,3.04850000,103250847.40000000,312851396.24560000,1168308
2025-08-24,3.04860000,3.12800000,2.98700000,3.02580000,157353334.00000000,478627892.76714000,1684391
2025-08-25,3.02590000,3.05350000,2.82230000,2.85840000,176144258.40000000,516651925.35531000,1998442
2025-08-26,2.85840000,3.08170000,2.84590000,3.01230000,160522587.80000000,473684122.44720000,1701625
2025-08-27,3.01230000,3.04540000,2.96210000,2.96880000,124270806.90000000,373244514.95220000,1345761
2025-08-28,2.96880000,3.02630000,2.94320000,2.96650000,110595938.30000000,330930941.91631000,984232
2025-08-29,2.96650000,2.97680000,2.77340000,2.81950000,169431466.90000000,484925782.40824000,1619990
2025-08-30,2.81950000,2.83490000,2.76040000,2.81810000,68213469.60000000,191313300.47443000,699826
2025-08-31,2.81800000,2.86930000,2.77070000,2.77570000,56440031.30000000,159218563.44986000,559485
2025-09-01,2.77570000,2.83900000,2.69750000,2.75890000,179805399.60000000,496207294.84045000,1568606
2025-09-02,2.75890000,2.86410000,2.74840000,2.86200000,134689040.50000000,378125448.29701000,1237702
2025-09-03,2.86200000,2.88670000,2.81100000,2.84430000,96774293.10000000,275705151.28905000,810420
2025-09-04,2.84420000,2.86290000,2.78420000,2.79460000,94539630.50000000,267173303.80852000,811148
2025-09-05,2.79470000,2.88490000,2.77800000,2.81470000,120949495.70000000,342895699.44597000,1056961
2025-09-06,2.81460000,2.82890000,2.79270000,2.80980000,31389546.60000000,88181784.77706000,340600
2025-09-07,2.80980000,2.92850000,2.80920000,2.87700000,82776839.10000000,237845923.06924000,714674
2025-09-08,2.87700000,2.99640000,2.86270000,2.96970000,121406178.20000000,357100825.89235000,1202626
2025-09-09,2.96980000,3.03650000,2.93370000,2.94740000,116913430.20000000,348474616.90628000,1178234
2025-09-10,2.94740000,3.02400000,2.93570000,2.98340000,85328678.00000000,254595352.64087000,863874
2025-09-11,2.98340000,3.04900000,2.95070000,3.03980000,115124443.90000000,346200965.61326000,1018005
2025-09-12,3.03980000,3.13760000,3.01800000,3.10540000,130413008.10000000,399729991.30432000,1285121
2025-09-13,3.10540000,3.18580000,3.08900000,3.11930000,112791516.90000000,353633295.94383000,1365939
2025-09-14,3.11930000,3.12670000,3.00990000,3.02790000,86444642.80000000,264813571.07064000,998055
2025-09-15,3.02800000,3.06690000,2.95320000,2.99690000,121536076.00000000,365716669.60396000,1496878
2025-09-16,2.99690000,3.05860000,2.96420000,3.03760000,76953763.00000000,232295040.69566000,839098
2025-09-17,3.03760000,3.10790000,2.98140000,3.08410000,132508658.40000000,402038606.26675000,1349828
2025-09-18,3.08410000,3.13970000,3.05580000,3.07350000,121098940.70000000,375568570.86294000,1143272
2025-09-19,3.07350000,3.09410000,2.97840000,2.99010000,92714638.60000000,280653897.19982000,926765
2025-09-20,2.99000000,3.00910000,2.96520000,2.97500000,62723730.00000000,187146184.36280000,574187
2025-09-21,2.97500000,3.01350000,2.95230000,2.97010000,45668741.10000000,136202072.65893000,558016
2025-09-22,2.97010000,2.97550000,2.69750000,2.85260000,228747192.90000000,649499096.84506000,2206540
2025-09-23,2.85250000,2.89640000,2.79910000,2.82470000,100392302.30000000,286849193.23602000,1159601
2025-09-24,2.82470000,2.99550000,2.78830000,2.92570000,125417232.60000000,363496485.78589000,1367017
2025-09-25,2.92570000,2.94460000,2.72440000,2.74350000,196421176.90000000,553085511.60956000,1971164
2025-09-26,2.74350000,2.80900000,2.69840000,2.78350000,162801304.70000000,448119979.14279000,1703056
2025-09-27,2.78360000,2.82870000,2.76190000,2.80470000,44703806.20000000,124610959.09304000,581944
2025-09-28,2.80470000,2.86750000,2.76610000,2.86740000,65853510.00000000,185001358.95664000,748534
2025-09-29,2.86750000,2.92890000,2.84540000,2.88010000,116473375.30000000,335494346.18332000,1257275
2025-09-30,2.88010000,2.90770000,2.81320000,2.84680000,100392419.70000000,286480582.91276000,1133168
2025-10-01,2.84680000,2.96160000,2.81410000,2.94850000,136262408.80000000,396809364.15718000,1262169
2025-10-02,2.94850000,3.09980000,2.94030000,3.03890000,147074551.60000000,442317543.96961000,1585511
2025-10-03,3.03880000,3.09480000,3.00410000,3.04010000,125739506.70000000,382280908.83134000,1429215
2025-10-04,3.04020000,3.05220000,2.93900000,2.96850000,69429980.80000000,207321266.10311000,844016
2025-10-05,2.96850000,3.07160000,2.94680000,2.96970000,105898711.40000000,318245690.32152000,1212008
2025-10-06,2.96970000,3.05060000,2.95510000,2.98830000,117186503.00000000,352104152.38073000,1227468
2025-10-07,2.98830000,3.00120000,2.84890000,2.85200000,151704976.60000000,443920050.41119000,1413360
2025-10-08,2.85210000,2.92480000,2.83030000,2.87970000,86103907.00000000,247518098.06655000,1139180
2025-10-09,2.87970000,2.88010000,2.77140000,2.80210000,110236912.90000000,310379763.91407000,1340461
2025-10-10,2.80210000,2.83720000,1.25430000,2.37040000,592833224.70000000,1416016000.51225000,4493544
2025-10-11,2.37040000,2.50610000,2.30000000,2.38190000,377516588.00000000,909770588.80687000,4338405
2025-10-12,2.38190000,2.58410000,2.31210000,2.52820000,248265523.10000000,607237964.21932000,3072544
2025-10-13,2.52830000,2.64600000,2.51250000,2.60520000,215844073.70000000,558246044.00344000,2535110
2025-10-14,2.60520000,2.62080000,2.38880000,2.50330000,236417459.60000000,587762059.79276000,2440380
2025-10-15,2.50330000,2.54750000,2.37540000,2.41090000,147593411.20000000,363905099.10240000,1641249
2025-10-16,2.41100000,2.46650000,2.28330000,2.32800000,196447886.30000000,467212723.60674000,2350217
2025-10-17,2.32800000,2.40000000,2.19010000,2.29360000,233638133.00000000,533049692.58880000,2897858
2025-10-18,2.29360000,2.39150000,2.28940000,2.35960000,70031265.20000000,164699862.11120000,901192
2025-10-19,2.35960000,2.41950000,2.31770000,2.39080000,86051004.00000000,204746942.77784000,1047632
2025-10-20,2.39070000,2.55290000,2.35470000,2.49480000,132020692.30000000,325043707.31512000,1472709
2025-10-21,2.49480000,2.53230000,2.40110000,2.42220000,142161412.20000000,349446603.89660000,1680158
2025-10-22,2.42210000,2.43750000,2.32550000,2.36470000,131694103.30000000,314639214.69154000,1616003
2025-10-23,2.36470000,2.42590000,2.36170000,2.39470000,84337201.10000000,202214305.62803000,864950
2025-10-24,2.39480000,2.51600000,2.38630000,2.51030000,112051925.00000000,276766703.76931000,1167079
2025-10-25,2.51030000,2.65420000,2.50210000,2.59590000,95829560.40000000,246949699.35457000,1225540
2025-10-26,2.59580000,2.66240000,2.59200000,2.64610000,83681116.70000000,220148409.43580000,1130464
2025-10-27,2.64600000,2.69750000,2.60130000,2.63400000,113960332.00000000,301816650.99461000,1569789
2025-10-28,2.63400000,2.68870000,2.56750000,2.60340000,123712287.20000000,325741633.67731000,1554608
2025-10-29,2.60340000,2.66400000,2.53700000,2.55020000,127783090.40000000,333619686.12610000,1601141
2025-10-30,2.55020000,2.59440000,2.37690000,2.43930000,151633152.90000000,377157606.29160000,2097584
2025-10-31,2.43930000,2.55460000,2.43110000,2.50970000,115609330.70000000,289080627.19977000,1256244
2025-11-01,2.50960000,2.52330000,2.47600000,2.50530000,41551912.80000000,103930956.29276000,521257
2025-11-02,2.50530000,2.55490000,2.47800000,2.52670000,51555957.60000000,129684074.86327000,680133
2025-11-03,2.52670000,2.53220000,2.26310000,2.30960000,174525470.10000000,414201479.14369000,2091619
2025-11-04,2.30950000,2.36550000,2.06650000,2.20530000,346558907.50000000,771446660.12197000,3960857
2025-11-05,2.20530000,2.37660000,2.10150000,2.34320000,207833006.90000000,468286637.04496000,2433793
2025-11-06,2.34320000,2.41600000,2.17960000,2.21300000,172724312.70000000,393700992.04894000,2061551
2025-11-07,2.21300000,2.37290000,2.15360000,2.31540000,178003937.30000000,401217238.32770000,2278878
2025-11-08,2.31550000,2.33810000,2.24240000,2.28630000,83656256.10000000,192268872.34323000,1208890
2025-11-09,2.28640000,2.39500000,2.23920000,2.36620000,86012398.00000000,198278601.16981000,1239612
2025-11-10,2.36620000,2.58080000,2.34620000,2.52600000,197478395.30000000,494186025.29096000,2425650
2025-11-11,2.52600000,2.57000000,2.37870000,2.39150000,126538891.70000000,311862415.17771000,1790221
2025-11-12,2.39150000,2.44910000,2.31660000,2.38790000,141159795.60000000,337101476.81378000,1599780
2025-11-13,2.38780000,2.52640000,2.27570000,2.32250000,268264404.50000000,648161281.52071000,2933097
2025-11-14,2.32250000,2.34160000,2.22560000,2.24430000,220377818.60000000,503933839.45625000,2637209
2025-11-15,2.24430000,2.30340000,2.21110000,2.23720000,84473254.20000000,191008990.86777000,1187884
2025-11-16,2.23720000,2.28000000,2.15580000,2.21490000,126254506.20000000,279635280.28231000,1659217
2025-11-17,2.21480000,2.30770000,2.11460000,2.16370000,213925840.30000000,472212439.49585000,2229241
2025-11-18,2.16370000,2.24130000,2.10640000,2.21720000,188026720.70000000,409807060.60082000,1978808
2025-11-19,2.21710000,2.21960000,2.02440000,2.10980000,237660615.70000000,499124445.18076000,1950500
2025-11-20,2.10970000,2.14980000,1.97430000,1.99990000,295232267.90000000,606713707.73017000,2105827
2025-11-21,1.99980000,2.03080000,1.82090000,1.95090000,349052191.60000000,674481994.06328000,3374370
2025-11-22,1.95090000,1.96710000,1.88900000,1.95090000,92507655.60000000,178554276.05228000,1094434
2025-11-23,1.95080000,2.08460000,1.94970000,2.04910000,136024600.00000000,277919540.70653000,1343209
2025-11-24,2.04910000,2.28680000,2.02380000,2.22760000,209507520.10000000,449036243.07978000,2049558
2025-11-25,2.22760000,2.26520000,2.14820000,2.20240000,154916931.30000000,341969966.38068000,1457035
2025-11-26,2.20230000,2.25470000,2.14470000,2.22330000,110237202.30000000,241957772.47178000,1060172
2025-11-27,2.22320000,2.23470000,2.17270000,2.19990000,82691220.60000000,182415330.68697000,697665
2025-11-28,2.20000000,2.27520000,2.15650000,2.17950000,140892868.90000000,311037589.06468000,1180500
2025-11-29,2.17950000,2.22310000,2.16660000,2.20090000,57026784.10000000,125384177.30394000,596346
2025-11-30,2.20100000,2.21500000,2.15240000,2.15500000,52482888.90000000,114977582.57313000,484242
2025-12-01,2.15490000,2.16090000,1.98350000,2.02970000,173919553.10000000,355365694.67381000,1739470
2025-12-02,2.02970000,2.18310000,1.99500000,2.15320000,132464308.90000000,278033250.95284000,1361804
2025-12-03,2.15310000,2.21900000,2.14140000,2.19760000,111507874.40000000,243427331.82546000,1174499
2025-12-04,2.19760000,2.21460000,2.06910000,2.09600000,101092517.60000000,216617251.44724000,1060667
2025-12-05,2.09600000,2.11300000,2.01250000,2.03440000,95338082.90000000,196417783.93917000,1051956
2025-12-06,2.03440000,2.05040000,2.01540000,2.03090000,43569024.80000000,88516862.03960000,452030
2025-12-07,2.03100000,2.11090000,1.98940000,2.04420000,83786859.80000000,171442641.89825000,999527
2025-12-08,2.04420000,2.12390000,2.03190000,2.07240000,88049790.90000000,183591495.30190000,951747
2025-12-09,2.07230000,2.17800000,2.04190000,2.10620000,113859655.00000000,240316667.84854000,1228042
2025-12-10,2.10610000,2.11080000,2.03460000,2.04180000,125132700.40000000,259342035.77229000,1233167
2025-12-11,2.04180000,2.05700000,1.97670000,2.03400000,125057005.00000000,251500084.80395000,1105100
2025-12-12,2.03400000,2.04780000,1.96920000,2.00740000,77987124.70000000,156851459.70608000,836283
2025-12-13,2.00750000,2.04820000,2.00680000,2.02270000,44193267.10000000,89650356.06012000,394991
2025-12-14,2.02260000,2.03060000,1.95270000,1.97840000,45148587.90000000,90071177.05550000,490084
2025-12-15,1.97840000,2.01430000,1.86950000,1.89810000,115746358.60000000,224006702.35929000,1181500
2025-12-16,1.89810000,1.94910000,1.85200000,1.92970000,101283394.80000000,193014736.53332000,1113011
2025-12-17,1.92970000,1.98740000,1.84740000,1.86270000,111714892.80000000,213339007.05976000,1273357
2025-12-18,1.86270000,1.93410000,1.80000000,1.80760000,126981039.00000000,236200241.80635000,1359171
2025-12-19,1.80760000,1.92130000,1.77110000,1.90920000,144601510.30000000,268667251.35816000,1295277
2025-12-20,1.90920000,1.95880000,1.89360000,1.93350000,53235023.50000000,102570019.69904000,462154
2025-12-21,1.93350000,1.94980000,1.89480000,1.92230000,53029272.90000000,101764349.86736000,508164
2025-12-22,1.92240000,1.94930000,1.89170000,1.90430000,88731614.20000000,170541148.42268000,833845
2025-12-23,1.90440000,1.91000000,1.86300000,1.87340000,77815693.80000000,146784418.82902000,667978
2025-12-24,1.87340000,1.87830000,1.83720000,1.86280000,59895979.80000000,111432748.24416000,562567
2025-12-25,1.86270000,1.88920000,1.82910000,1.83260000,46144808.40000000,86049091.66366000,445516
2025-12-26,1.83250000,1.88330000,1.82460000,1.84370000,76825530.80000000,142650101.48219000,812307
2025-12-27,1.84370000,1.87880000,1.84170000,1.87350000,31244471.30000000,57872471.63674000,254408
2025-12-28,1.87340000,1.87960000,1.85390000,1.86540000,26597238.30000000,49683128.09448000,272306
2025-12-29,1.86550000,1.91800000,1.84500000,1.85080000,70265708.50000000,132149106.78247000,713307
2025-12-30,1.85080000,1.88640000,1.84390000,1.87760000,48337735.60000000,90287787.52763000,418695
2025-12-31,1.87760000,1.88390000,1.81230000,1.84230000,58334893.80000000,108118689.11380000,440483
2026-01-01,1.84240000,1.88110000,1.82610000,1.87990000,41082589.10000000,76213964.84820000,299761
2026-01-02,1.87990000,2.03150000,1.86890000,2.00690000,127347907.20000000,247734472.67035000,1017519
2026-01-03,2.00680000,2.05610000,1.98440000,2.01820000,74386522.10000000,150077641.84672000,656247
2026-01-04,2.01820000,2.12040000,2.01630000,2.09090000,113757086.30000000,235923401.78094000,980782
2026-01-05,2.09080000,2.36950000,2.08770000,2.34780000,210318025.30000000,467707997.15885000,1982421
2026-01-06,2.34790000,2.41720000,2.20460000,2.30420000,270372108.10000000,629154170.10637000,2585653
2026-01-07,2.30420000,2.32050000,2.15170000,2.16570000,115603277.70000000,257626886.61840000,1456273
2026-01-08,2.16580000,2.19250000,2.06490000,2.12320000,156536080.50000000,331908879.48803000,1614939
2026-01-09,2.12320000,2.16220000,2.07270000,2.09580000,117777092.00000000,248795674.65699000,1257235
2026-01-10,2.09580000,2.11060000,2.08060000,2.09070000,31589981.30000000,66159954.84280000,342381
2026-01-11,2.09070000,2.11000000,2.04500000,2.07450000,50545578.20000000,105268581.16162000,497144
2026-01-12,2.07450000,2.10860000,2.03500000,2.05400000,110140038.30000000,227894784.65359000,1077404
2026-01-13,2.05410000,2.18500000,2.04740000,2.16550000,113374006.30000000,238793131.74914000,1132317
2026-01-14,2.16560000,2.19240000,2.11160000,2.13940000,135001603.50000000,290541648.35856000,1229087
2026-01-15,2.13930000,2.14340000,2.05320000,2.07890000,89639683.70000000,187945040.68501000,904219
2026-01-16,2.07890000,2.08660000,2.02630000,2.06780000,60894619.50000000,125412355.52278000,627484
2026-01-17,2.06780000,2.08340000,2.05360000,2.06310000,31138454.90000000,64394685.22584000,315864
2026-01-18,2.06320000,2.06790000,1.98610000,1.99140000,46506697.70000000,94798743.69225000,474109
2026-01-19,1.99140000,2.02990000,1.84700000,1.98600000,159349900.70000000,312427981.03306000,1183988
2026-01-20,1.98610000,1.99090000,1.87000000,1.89000000,127376122.00000000,245625447.78919000,1219786
2026-01-21,1.89000000,1.99070000,1.87120000,1.94760000,147842135.50000000,284111499.09742000,1442942
2026-01-22,1.94750000,1.96790000,1.90160000,1.92360000,61627444.90000000,119394059.07270000,660686
2026-01-23,1.92370000,1.96560000,1.88730000,1.91960000,76076706.90000000,146213015.14371000,774360
2026-01-24,1.91970000,1.92760000,1.91000000,1.91430000,27159999.90000000,52127828.62802000,221237
2026-01-25,1.91430000,1.91680000,1.81110000,1.83560000,91533110.30000000,169883447.84291000,818265
2026-01-26,1.83560000,1.94600000,1.83310000,1.90410000,104481153.60000000,198359232.49118000,973413
2026-01-27,1.90420000,1.92950000,1.87410000,1.91580000,64619827.10000000,122893037.08238000,684052
2026-01-28,1.91570000,1.94270000,1.89440000,1.91110000,67425858.50000000,129267981.88222000,726865
2026-01-29,1.91120000,1.91340000,1.77800000,1.80760000,149409911.00000000,273416046.53278000,1163676
2026-01-30,1.80770000,1.81310000,1.71070000,1.73520000,229720306.70000000,403078897.82779000,1962404
2026-01-31,1.73530000,1.75470000,1.50280000,1.64720000,332369467.90000000,538786646.36154000,2380722
2026-02-01,1.64720000,1.68050000,1.55260000,1.59080000,182387658.00000000,296003317.28224000,1719231
2026-02-02,1.59080000,1.65710000,1.53070000,1.61980000,218107304.70000000,348750978.95153000,2139400
2026-02-03,1.61990000,1.63390000,1.52740000,1.57910000,190553042.40000000,303156002.31118000,1612184
2026-02-04,1.57900000,1.61220000,1.49480000,1.51200000,194386702.90000000,302037891.96737000,1749945
2026-02-05,1.51200000,1.51540000,1.13710000,1.21460000,744109671.00000000,961884169.58011000,5683396
2026-02-06,1.21450000,1.54420000,1.11720000,1.46980000,708122800.80000000,961321499.91777000,5710571
2026-02-07,1.46970000,1.48790000,1.38580000,1.42310000,274310340.30000000,391963977.31875000,2315753
2026-02-08,1.42310000,1.47030000,1.40990000,1.43080000,126012618.40000000,181400964.06214000,1292240
2026-02-09,1.43080000,1.46420000,1.37280000,1.43700000,168546281.80000000,240567482.71765000,1495561
2026-02-10,1.43700000,1.45320000,1.39160000,1.39990000,113399373.70000000,160934265.97524000,939856
2026-02-11,1.39980000,1.42050000,1.34210000,1.36970000,172696263.70000000,237549816.71376000,1382467
2026-02-12,1.36970000,1.40820000,1.34610000,1.36350000,116856264.10000000,160718927.05486000,1005243
2026-02-13,1.36350000,1.42850000,1.34850000,1.40710000,125027739.40000000,173410370.67896000,982787
2026-02-14,1.40700000,1.51380000,1.40510000,1.50940000,113140538.40000000,165770321.82151000,851648
2026-02-15,1.50940000,1.67140000,1.44500000,1.47530000,299306472.40000000,463522957.61473000,2457642
2026-02-16,1.47530000,1.51710000,1.44850000,1.48760000,145403123.00000000,215548748.40283000,1276762
2026-02-17,1.48760000,1.49500000,1.42680000,1.47430000,98838390.00000000,145124075.30722000,923941
2026-02-18,1.47420000,1.49430000,1.41020000,1.42190000,85831853.90000000,125128541.32370000,786592
2026-02-19,1.42200000,1.43810000,1.38200000,1.40680000,108259677.10000000,152529210.26218000,885502
2026-02-20,1.40680000,1.43890000,1.37750000,1.42920000,123709704.40000000,175299418.00269000,1033248
2026-02-21,1.42920000,1.46420000,1.41980000,1.43040000,53997920.30000000,77755307.09025000,454239
2026-02-22,1.43030000,1.43380000,1.38000000,1.39320000,61166336.00000000,85879449.58334000,455685
2026-02-23,1.39320000,1.42480000,1.33010000,1.35180000,188895700.40000000,258694950.26527000,1477289
2026-02-24,1.35190000,1.36760000,1.31240000,1.34820000,139239571.80000000,186757096.36945000,1184905
2026-02-25,1.34830000,1.49350000,1.34040000,1.43390000,245088505.20000000,348960369.29078000,1713510
2026-02-26,1.43380000,1.46910000,1.38270000,1.40270000,160829141.80000000,228794325.21921000,1216393
2026-02-27,1.40270000,1.42620000,1.33860000,1.35620000,165108168.60000000,226953194.07107000,1010806
2026-02-28,1.35620000,1.39310000,1.27000000,1.37620000,229989679.70000000,304579284.42876000,1360492
2026-03-01,1.37610000,1.43330000,1.33690000,1.35240000,177941326.90000000,246775158.12428000,1320595
2026-03-02,1.35250000,1.42300000,1.33410000,1.39000000,166802077.80000000,230093238.07670000,1147060
2026-03-03,1.39010000,1.39530000,1.33660000,1.36070000,135602897.40000000,184727686.85329000,1007411
2026-03-04,1.36070000,1.47320000,1.34520000,1.43090000,238025779.20000000,337526838.95515000,1270039
2026-03-05,1.43090000,1.45250000,1.39600000,1.40370000,118168992.20000000,168070295.64470000,966417
2026-03-06,1.40380000,1.41480000,1.34600000,1.36330000,113847978.90000000,156762791.68060000,884241
2026-03-07,1.36320000,1.37490000,1.34680000,1.35670000,47776637.30000000,65047821.55857000,313956
2026-03-08,1.35680000,1.37120000,1.32180000,1.34000000,79825643.70000000,107681979.34124000,585270
2026-03-09,1.34010000,1.38410000,1.33300000,1.36310000,130100801.20000000,176631609.93950000,1032665
2026-03-10,1.36310000,1.44270000,1.36050000,1.38630000,176313906.60000000,247030406.63450000,1200724
2026-03-11,1.38640000,1.41120000,1.37060000,1.38470000,111034871.00000000,154308858.85668000,797517
2026-03-12,1.38470000,1.39360000,1.36500000,1.38460000,89689607.30000000,123639723.83376000,612048
2026-03-13,1.38460000,1.45280000,1.38310000,1.39890000,203074725.50000000,287964607.26107000,1088824
2026-03-14,1.39880000,1.40840000,1.38340000,1.40630000,58211106.50000000,81207160.82588000,282488
2026-03-15,1.40630000,1.46490000,1.40210000,1.44870000,97404399.70000000,138928399.17402000,574897
2026-03-16,1.44880000,1.55220000,1.43570000,1.54300000,218579163.60000000,326441886.31630000,1383003
2026-03-17,1.54290000,1.60700000,1.49410000,1.51820000,232844730.10000000,357473896.14661000,1680614
2026-03-18,1.51820000,1.54140000,1.43590000,1.46470000,139537685.60000000,206568145.51280000,1028965
2026-03-19,1.46480000,1.48170000,1.42190000,1.44750000,118907352.60000000,172535664.72070000,980129
2026-03-20,1.44750000,1.46650000,1.42480000,1.44520000,87955683.60000000,127186196.00855000,699336
2026-03-21,1.44520000,1.45300000,1.40030000,1.40860000,57147510.90000000,82051700.57759000,335146
2026-03-22,1.40870000,1.42630000,1.37120000,1.38480000,77182206.40000000,107926968.88544000,712228
2026-03-23,1.38490000,1.46610000,1.36180000,1.43230000,170065259.30000000,241026917.01040000,1438671
2026-03-24,1.43230000,1.43500000,1.38350000,1.41600000,103380500.30000000,145747579.47872000,673812
2026-03-25,1.41600000,1.43790000,1.40190000,1.41450000,97040812.70000000,137712528.18660000,535641
2026-03-26,1.41450000,1.41650000,1.33600000,1.36090000,130842025.40000000,179357164.90353000,632117
2026-03-27,1.36080000,1.37260000,1.31840000,1.32570000,119257397.00000000,160042011.49069000,593277
2026-03-28,1.32560000,1.35820000,1.31910000,1.33330000,53717126.30000000,71963543.71712000,293074
2026-03-29,1.33330000,1.34330000,1.29540000,1.32780000,61339018.60000000,81235909.40779000,412127
2026-03-30,1.32790000,1.36690000,1.31660000,1.32420000,100202620.00000000,134708860.12218000,655782
2026-03-31,1.32420000,1.35030000,1.30380000,1.34110000,101318413.80000000,134339781.10057000,677324
2026-04-01,1.34100000,1.36830000,1.33140000,1.34780000,86898811.00000000,117396721.33357000,504793
2026-04-02,1.34770000,1.35690000,1.28020000,1.32000000,132871559.70000000,173867551.12521000,701799
2026-04-03,1.32000000,1.33560000,1.30330000,1.31840000,64784053.30000000,85394557.07847000,350966
2026-04-04,1.31830000,1.32260000,1.30670000,1.31530000,29975010.90000000,39401337.81849000,171364
2026-04-05,1.31540000,1.33200000,1.27870000,1.32630000,74314266.80000000,96722902.21271000,369116
2026-04-06,1.32640000,1.35770000,1.31220000,1.32120000,104345790.70000000,139933245.70375000,582783
2026-04-07,1.32110000,1.39620000,1.29490000,1.37870000,130702995.40000000,174155937.96025000,758728
2026-04-08,1.37860000,1.38980000,1.33890000,1.34280000,124855733.30000000,170943407.16364000,665297
2026-04-09,1.34280000,1.36960000,1.32180000,1.34380000,112265614.10000000,150403078.58352000,552805
2026-04-10,1.34380000,1.36600000,1.33480000,1.35590000,79785996.70000000,107494166.28678000,395652
2026-04-11,1.35590000,1.37520000,1.33940000,1.35460000,57095356.30000000,77319141.01944000,301231
2026-04-12,1.35470000,1.35590000,1.31930000,1.32470000,70245771.10000000,93501469.37078000,368425
2026-04-13,1.32460000,1.38390000,1.31930000,1.37560000,105450701.20000000,141726101.52109000,526222
2026-04-14,1.37570000,1.39550000,1.35210000,1.36170000,103042599.50000000,141266984.85634000,530040
2026-04-15,1.36170000,1.40860000,1.35030000,1.39220000,109493954.40000000,150547736.54314000,518292
2026-04-16,1.39220000,1.46640000,1.38650000,1.45300000,155427242.10000000,220870592.21472000,1029873
2026-04-17,1.45300000,1.51000000,1.42250000,1.47570000,155866337.10000000,228767880.59186000,1067860
2026-04-18,1.47570000,1.48230000,1.42350000,1.43230000,82670483.00000000,119546444.18719000,621913
2026-04-19,1.43240000,1.44700000,1.39090000,1.39420000,90413939.90000000,128547268.86372000,716932
2026-04-20,1.39430000,1.43690000,1.39330000,1.42430000,99575811.50000000,141269397.85089000,658856
2026-04-21,1.42440000,1.45000000,1.41160000,1.43340000,85278180.60000000,121986052.30914000,567920
2026-04-22,1.43350000,1.46260000,1.42680000,1.42940000,83429181.40000000,120841798.14579000,513323
2026-04-23,1.42930000,1.44100000,1.40900000,1.43860000,92183977.40000000,131414155.33569000,546775
2026-04-24,1.43860000,1.45030000,1.42390000,1.43340000,66229128.50000000,95105991.07739000,418281
2026-04-25,1.43330000,1.43770000,1.41870000,1.42380000,26346558.60000000,37626803.97471000,162830
2026-04-26,1.42380000,1.43660000,1.41800000,1.43070000,30024367.70000000,42837079.14942000,230769
2026-04-27,1.43080000,1.44660000,1.38360000,1.40070000,73155298.10000000,103187233.14259000,464442
2026-04-28,1.40080000,1.40090000,1.36770000,1.38050000,53234245.40000000,73657574.96158000,320064
2026-04-29,1.38060000,1.40670000,1.34580000,1.36910000,74194879.80000000,102032839.77557000,474018
2026-04-30,1.36920000,1.38470000,1.35910000,1.36790000,51110389.10000000,70046335.72061000,365359
2026-05-01,1.36800000,1.39990000,1.36490000,1.38580000,60188179.00000000,83190350.48346000,318307
2026-05-02,1.38580000,1.40030000,1.38120000,1.39370000,33030264.10000000,45906488.18720000,196148
2026-05-03,1.39360000,1.40420000,1.38140000,1.38800000,29246836.80000000,40704486.57748000,202324
2026-05-04,1.38790000,1.42090000,1.38290000,1.39180000,83200664.70000000,116677475.69810000,630159
2026-05-05,1.39190000,1.42220000,1.39040000,1.41260000,67575818.20000000,95247530.43709000,396613
2026-05-06,1.41260000,1.45730000,1.40730000,1.42490000,97195264.90000000,139092108.68515000,608640
2026-05-07,1.42490000,1.42580000,1.38020000,1.38690000,82830386.50000000,116191193.14600000,481543
2026-05-08,1.38690000,1.42700000,1.37780000,1.41820000,66521203.40000000,93047737.86844000,366289
2026-05-09,1.41820000,1.43500000,1.41130000,1.42050000,57792561.30000000,82290245.74632000,259660
2026-05-10,1.42050000,1.50820000,1.41190000,1.47340000,156095312.20000000,228192058.53491000,935415
2026-05-11,1.47350000,1.48860000,1.43990000,1.47760000,118423276.50000000,173183036.55107000,690868
2026-05-12,1.47770000,1.48480000,1.41830000,1.43700000,105554013.50000000,152917084.75215000,606755
2026-05-13,1.43700000,1.46930000,1.41120000,1.42730000,125717367.10000000,180862545.61828000,614824
2026-05-14,1.42720000,1.54960000,1.42080000,1.48520000,203278911.90000000,301645366.06319000,1067851
2026-05-15,1.48510000,1.50020000,1.42750000,1.43400000,123551206.10000000,180205731.61692000,790625
2026-05-16,1.43400000,1.43960000,1.39400000,1.41360000,71543277.90000000,101247992.19282000,436296
2026-05-17,1.41360000,1.42910000,1.37150000,1.40160000,67975586.20000000,95800657.06201000,440935
2026-05-18,1.40170000,1.40270000,1.36380000,1.39000000,103297251.80000000,143205324.09611000,754312
2026-05-19,1.39010000,1.39770000,1.35310000,1.36160000,98592923.50000000,135243538.01752000,490844
2026-05-20,1.36160000,1.38070000,1.34770000,1.36720000,68909414.70000000,94207115.44787000,441630
2026-05-21,1.36720000,1.38620000,1.35120000,1.37390000,77920747.50000000,106947144.55662000,462981
2026-05-22,1.37390000,1.37600000,1.33000000,1.33450000,91847302.20000000,124540929.44406000,528380
2026-05-23,1.33460000,1.37620000,1.30190000,1.35830000,102960290.50000000,137286609.51775000,475661
2026-05-24,1.35840000,1.37100000,1.33260000,1.35100000,52635116.00000000,71399332.45425000,302213
2026-05-25,1.35100000,1.36570000,1.34350000,1.35030000,57643566.80000000,78197829.61387000,290748
2026-05-26,1.35030000,1.36560000,1.32730000,1.32920000,67352957.90000000,90439418.05153000,433078
2026-05-27,1.32930000,1.34370000,1.30330000,1.30760000,77744369.10000000,103158012.26367000,502662
2026-05-28,1.30760000,1.33850000,1.26770000,1.31560000,115036822.20000000,149427450.21787000,792711
2026-05-29,1.31560000,1.33390000,1.29470000,1.33000000,100195741.90000000,131831739.44788000,539932
2026-05-30,1.33000000,1.36610000,1.32810000,1.34080000,80897913.10000000,109021117.25326000,445261
2026-05-31,1.34090000,1.34840000,1.32100000,1.33300000,44076500.30000000,58866931.93920000,302843
2026-06-01,1.33300000,1.34120000,1.27940000,1.29720000,90898336.80000000,118478720.19612000,669452
2026-06-02,1.29720000,1.29720000,1.19480000,1.21170000,162334649.50000000,201575660.83279000,1089257
2026-06-03,1.21180000,1.24910000,1.18680000,1.20120000,124143921.80000000,151607467.77834000,969593
2026-06-04,1.20120000,1.21200000,1.14070000,1.16880000,186091380.30000000,218138958.51062000,1649842
2026-06-05,1.16870000,1.17510000,1.06920000,1.09780000,281769579.70000000,314025795.80748000,2460423
2026-06-06,1.09780000,1.11440000,1.05010000,1.09340000,141359719.10000000,153694280.00506000,1222201
2026-06-07,1.09350000,1.17190000,1.08860000,1.15560000,112387617.10000000,127503708.16034000,859882
2026-06-08,1.15560000,1.18660000,1.13190000,1.16830000,114644792.20000000,133094134.81622000,778674
2026-06-09,1.16830000,1.17690000,1.11870000,1.13750000,106946733.30000000,123014548.88578000,849064
2026-06-10,1.13760000,1.14120000,1.08840000,1.09700000,116679644.60000000,129947389.77941000,1006939
2026-06-11,1.09710000,1.15000000,1.09650000,1.14280000,94224282.20000000,105695778.63498000,755083
2026-06-12,1.14270000,1.15770000,1.12610000,1.13250000,72582913.90000000,82667644.26597000,635449
2026-06-13,1.13250000,1.16100000,1.12990000,1.15070000,45010007.20000000,51585358.54483000,300818
2026-06-14,1.15070000,1.18780000,1.12680000,1.18610000,56418987.60000000,65142433.79448000,450135
2026-06-15,1.18600000,1.29350000,1.17780000,1.23820000,195846016.20000000,242644757.28049000,1337348
2026-06-16,1.23820000,1.25600000,1.20530000,1.21730000,94329209.70000000,115884662.08178000,759684
2026-06-17,1.21740000,1.22830000,1.17150000,1.18680000,107522115.30000000,129202512.54919000,851153
2026-06-18,1.18680000,1.19230000,1.13290000,1.14650000,114178315.80000000,132334440.17690000,681734
2026-06-19,1.14660000,1.15300000,1.11870000,1.13590000,72664415.90000000,82400582.24159000,508134
2026-06-20,1.13580000,1.15600000,1.13420000,1.14990000,45285668.00000000,51884643.08675000,318381
2026-06-21,1.15000000,1.15350000,1.12250000,1.12480000,47594054.30000000,54253318.58302000,305660
2026-06-22,1.12490000,1.16390000,1.12160000,1.12950000,83321492.30000000,94935135.54182000,559318
2026-06-23,1.12960000,1.13390000,1.09200000,1.11030000,75592026.80000000,83843475.12925000,556869
2026-06-24,1.11020000,1.11390000,1.04620000,1.07360000,118369372.10000000,127554237.35123000,785109
2026-06-25,1.07360000,1.08990000,1.01220000,1.04350000,136197699.90000000,142847481.36452000,957997
2026-06-26,1.04360000,1.05580000,1.00920000,1.04900000,145156580.40000000,150311239.18840000,963953
2026-06-27,1.04900000,1.07770000,1.04410000,1.04750000,61102716.40000000,64795610.85185000,396476
2026-06-28,1.04740000,1.05910000,1.03330000,1.04850000,45543835.70000000,47725370.94182000,379263
2026-06-29,1.04850000,1.07680000,1.03220000,1.05900000,94759415.60000000,99798218.50959000,762527
2026-06-30,1.05890000,1.05950000,1.02740000,1.04010000,66352785.90000000,69109574.36645000,452008
2026-07-01,1.04010000,1.07380000,1.02200000,1.05300000,87968675.10000000,92299861.65795000,588819
2026-07-02,1.05310000,1.11250000,1.04510000,1.08810000,89896309.70000000,97245655.83007000,617820
2026-07-03,1.08820000,1.14530000,1.08280000,1.13480000,84107375.20000000,93842823.06575000,582539
2026-07-04,1.13480000,1.18430000,1.13150000,1.15740000,90722088.60000000,104870425.52364000,722008
2026-07-05,1.15730000,1.16960000,1.12480000,1.15720000,56056103.30000000,64031224.15318000,428513
2026-07-06,1.15720000,1.16500000,1.10950000,1.14500000,83730434.50000000,95489689.89542000,713373
2026-07-07,1.14500000,1.15140000,1.10650000,1.11200000,69215370.80000000,77943721.38227000,522584
2026-07-08,1.11200000,1.11650000,1.06940000,1.09080000,88541750.40000000,96333430.69138000,586622
2026-07-09,1.09070000,1.10290000,1.08260000,1.09320000,45402565.50000000,49657545.27641000,395701
2026-07-10,1.09330000,1.11830000,1.08910000,1.10460000,58026052.60000000,64199377.05300000,375841
2026-07-11,1.10470000,1.11930000,1.09610000,1.09670000,32707323.40000000,36288359.21752000,216971
2026-07-12,1.09670000,1.10430000,1.08110000,1.08580000,38378492.00000000,41996141.24658000,250222
2026-07-13,1.08590000,1.10300000,1.05350000,1.06750000,71241845.20000000,76460932.61078000,493153
2026-07-14,1.06750000,1.12100000,1.06100000,1.11170000,78324911.60000000,85600074.57823000,439319
2026-07-15,1.11180000,1.13020000,1.09900000,1.11330000,65479084.60000000,72989937.94129000,413620
2026-07-16,1.11320000,1.11820000,1.08530000,1.08710000,62947788.30000000,69575292.99862000,362789
2026-07-17,1.08700000,1.09580000,1.06980000,1.08900000,55351143.20000000,60033749.90466000,372518
2026-07-18,1.08910000,1.09840000,1.08360000,1.09290000,21933915.80000000,23913121.26684000,148154
2026-07-19,1.09290000,1.10180000,1.08930000,1.09780000,26850193.90000000,29423662.24582000,197564
2026-07-20,1.09780000,1.12070000,1.08310000,1.11240000,64548819.20000000,71266686.27766000,482024
2026-07-21,1.11240000,1.16460000,1.11110000,1.14360000,84431888.00000000,96364277.98484000,486316
2026-07-22,1.14370000,1.15740000,1.12880000,1.14210000,51081401.20000000,58299627.78218000,368828
2026-07-23,1.14220000,1.14520000,1.10060000,1.10770000,52277156.00000000,58475224.26876000,316024
2026-07-24,1.10780000,1.12150000,1.08500000,1.09190000,50549358.50000000,55550176.53585000,256119
2026-07-25,1.09190000,1.10800000,1.08550000,1.09770000,27577562.70000000,30181739.17424000,136884
2026-07-26,1.09770000,1.11670000,1.09550000,1.11310000,24337249.50000000,26852900.13646000,145889
2026-07-27,1.11310000,1.11530000,1.06280000,1.06610000,60210383.40000000,65808277.65890000,394772
2026-07-28,1.06610000,1.07060000,1.04500000,1.06900000,58363510.50000000,61724839.95165000,359668
2026-07-29,1.06910000,1.09370000,1.06220000,1.07370000,83920516.80000000,90489222.28026000,541642
2026-07-30,1.07370000,1.09500000,1.06850000,1.08290000,51165635.30000000,55411521.17456000,279433
2026-07-31,1.08300000,1.09000000,1.05710000,1.06190000,54148686.20000000,57938767.07380000,277357
2026-08-01,1.06190000,1.06740000,1.04730000,1.06040000,24921615.20000000,26421355.64248000,129506
2026-08-02,1.06050000,1.09330000,1.06050000,1.08690000,33543155.80000000,36230905.41793000,194447
2026-08-03,1.08690000,1.08780000,1.06280000,1.07580000,46861893.80000000,50338397.29263000,241455
2026-08-04,1.07580000,1.08280000,1.07000000,1.07390000,39742782.00000000,42769691.81351000,224847
2026-08-05,1.07380000,1.07700000,1.05500000,1.06230000,53319989.70000000,56846627.45232000,226775
2026-08-06,1.06230000,1.06380000,1.03000000,1.03510000,78580562.10000000,82176574.72285000,345501
2026-08-07,1.03500000,1.04320000,1.01280000,1.02100000,82001986.50000000,84246123.88329000,336082
2026-08-08,1.02100000,1.04880000,1.02020000,1.03970000,34252713.60000000,35572621.98997000,145683
2026-08-09,1.03960000,1.04780000,1.02790000,1.02990000,29784482.50000000,30927367.07928000,143416
2026-08-10,1.02990000,1.04100000,1.00510000,1.01230000,62037149.50000000,63609395.08722000,311940
2026-08-11,1.01230000,1.02670000,0.99150000,1.02290000,79885514.10000000,80574268.52304000,346626
2026-08-12,1.02280000,1.02620000,1.00090000,1.00550000,56123719.20000000,57055030.82502000,232550
2026-08-13,1.00550000,1.01540000,0.99820000,1.00940000,43941247.80000000,44277833.85674000,202868
2026-08-14,1.00950000,1.01420000,0.98620000,0.99960000,65926755.60000000,66024915.15774000,226183
2026-08-15,0.99960000,1.00790000,0.99820000,1.00280000,20869812.00000000,20933493.07689000,90922
2026-08-16,1.00280000,1.00370000,0.99020000,0.99360000,25251370.40000000,25229171.27960000,103774
2026-08-17,0.99350000,1.00860000,0.98820000,1.00300000,48237468.40000000,48299541.20788000,188848
2026-08-18,1.00310000,1.00670000,0.98880000,1.00190000,45240986.00000000,45153957.98325000,175243
2026-08-19,1.00190000,1.13630000,0.99590000,1.10600000,185016840.80000000,197535790.13358000,827861
2026-08-20,1.10590000,1.34410000,1.08790000,1.26810000,380551716.50000000,467203259.24142000,2757182
2026-08-21,1.26810000,1.47560000,1.25880000,1.45440000,442213598.20000000,607495221.04308000,3808927
2026-08-22,1.45430000,1.69990000,1.37800000,1.46190000,588303506.50000000,894036667.63745000,5072730
2026-08-23,1.46190000,1.55070000,1.43420000,1.52040000,254552867.90000000,380263545.99998000,2020319
2026-08-24,1.52050000,1.53040000,1.45320000,1.48170000,264048831.80000000,392626091.32354000,1982442
2026-08-25,1.48180000,1.55050000,1.40430000,1.43430000,226477793.10000000,335758996.24194000,1784974
2026-08-26,1.43440000,1.45130000,1.35740000,1.42290000,169795610.90000000,238596035.42056000,1648472
2026-08-27,1.42280000,1.47400000,1.39260000,1.45340000,156992810.90000000,225992209.82320000,1358571
2026-08-28,1.45340000,1.47260000,1.36330000,1.38380000,155916655.10000000,220045085.75402000,1354988
2026-08-29,1.38380000,1.40320000,1.37680000,1.39640000,50379183.10000000,69989254.52486000,378897
2026-08-30,1.39640000,1.43350000,1.33520000,1.35750000,94998018.60000000,132348286.04095000,723654
2026-08-31,1.35750000,1.39630000,1.33940000,1.37980000,95752194.80000000,131011314.36541000,844493
2026-09-01,1.37980000,1.39670000,1.33820000,1.35180000,109763882.10000000,150200044.72291000,805433
2026-09-02,1.35190000,1.35780000,1.30980000,1.35110000,116514686.20000000,155892066.48282000,834593
2026-09-03,1.35120000,1.48350000,1.34010000,1.45120000,212797346.20000000,301760325.00787000,1503687
2026-09-04,1.45120000,1.46250000,1.38360000,1.39850000,160973856.40000000,229341561.65545000,1046555
2026-09-05,1.39860000,1.42790000,1.39400000,1.41240000,74120247.90000000,104518242.56093000,429200
2026-09-06,1.41230000,1.43270000,1.39800000,1.42350000,70773681.00000000,100308137.27558000,475044
2026-09-07,1.42350000,1.43160000,1.37810000,1.39670000,116535374.90000000,163450565.03973000,590287
2026-09-08,1.39670000,1.45070000,1.38120000,1.41710000,132190454.20000000,186534081.43220000,786999
2026-09-09,1.41720000,1.44580000,1.37810000,1.39500000,141500464.30000000,200764927.87042000,865220
2026-09-10,1.39510000,1.39660000,1.32940000,1.33460000,142474380.40000000,195001279.20579000,788662
2026-09-11,1.33460000,1.43360000,1.31500000,1.35640000,174186704.70000000,237429382.48696000,1199132
2026-09-12,1.35630000,1.37470000,1.35440000,1.36630000,48545666.00000000,66334227.83589000,247968
2026-09-13,1.36640000,1.37010000,1.33250000,1.34120000,59578868.70000000,80458041.69208000,379703
2026-09-14,1.34130000,1.49610000,1.33500000,1.42310000,235361034.40000000,333816520.65354000,1495567
2026-09-15,1.42310000,1.45980000,1.26510000,1.28330000,309146698.60000000,420875433.90852000,1718373
2026-09-16,1.28330000,1.31840000,1.24680000,1.29950000,194955386.00000000,250415754.37002000,985735
2026-09-17,1.29960000,1.32010000,1.28770000,1.29640000,121018993.20000000,157438476.98574000,554170
2026-09-18,1.29640000,1.41470000,1.29190000,1.39630000,211763654.40000000,287928025.21112000,1001233
2026-09-19,1.39640000,1.45380000,1.39320000,1.41040000,182937392.80000000,260565668.26070000,1459263
2026-09-20,1.41040000,1.41740000,1.36800000,1.41050000,125938592.20000000,175281913.49909000,838382
2026-09-21,1.41040000,1.57430000,1.40350000,1.53630000,333945115.70000000,496654233.70288000,1697682
2026-09-22,1.53630000,1.60940000,1.49340000,1.57270000,308360745.10000000,477823347.13132000,1736358
2026-09-23,1.57270000,1.65810000,1.47910000,1.50100000,318463015.20000000,499673407.45481000,1780375
2026-09-24,1.50100000,1.54810000,1.45170000,1.53480000,196872523.30000000,296261421.47513000,1384761
2026-09-25,1.53470000,1.63000000,1.51910000,1.56850000,341972511.00000000,538764479.31241000,2254440
2026-09-26,1.56840000,1.58100000,1.50150000,1.52740000,117424932.10000000,181135648.39195000,837631
2026-09-27,1.52740000,1.54640000,1.50350000,1.51670000,113825290.90000000,173509013.61734000,742428
2026-09-28,1.51670000,1.53680000,1.47030000,1.49680000,188993405.00000000,283162448.44635000,1088620
2026-09-29,1.49680000,1.56170000,1.46630000,1.49060000,189015627.10000000,285945986.80544000,974221
2026-09-30,1.49070000,1.54430000,1.48520000,1.49000000,150610177.90000000,227000051.15465000,801727
2026-10-01,1.49000000,1.51030000,1.47440000,1.49390000,113889044.60000000,169889610.42734000,612123
2026-10-02,1.49400000,1.55500000,1.44580000,1.48470000,206521441.00000000,311030027.74261000,869231
2026-10-03,1.48480000,1.49600000,1.47950000,1.48640000,47050178.20000000,69979683.25064000,174593
2026-10-04,1.48630000,1.52680000,1.48560000,1.52060000,58231246.60000000,87591204.07582000,247108
2026-10-05,1.52050000,1.53100000,1.48600000,1.50770000,99180152.30000000,149790145.02408000,464256
2026-10-06,1.50760000,1.52400000,1.49070000,1.49710000,77802819.10000000,117180420.72288000,351693
2026-10-07,1.49700000,1.49960000,1.40670000,1.42150000,164812561.70000000,238718904.80596000,649379
2026-10-08,1.42140000,1.42950000,1.31890000,1.38050000,182966023.70000000,252445071.75706000,832941
2026-10-09,1.38050000,1.40740000,1.37410000,1.39580000,86503776.70000000,120388354.69291000,416065
